ISO-10303-21;
HEADER;
FILE_DESCRIPTION (( 'STEP AP214' ),
    '1' );
FILE_NAME ('nikon_mrh08230_20x0.45_air_objective.STEP',
    '2026-06-12T17:58:18',
    ( '' ),
    ( '' ),
    'SwSTEP 2.0',
    'SolidWorks 2025',
    '' );
FILE_SCHEMA (( 'AUTOMOTIVE_DESIGN' ));
ENDSEC;

DATA;
#1 = VERTEX_POINT ( 'NONE', #5309 ) ;
#2 = CARTESIAN_POINT ( 'NONE',  ( 13.21148134476836944, 1.095000000000012630, -10.69844664784739408 ) ) ;
#3 = ORIENTED_EDGE ( 'NONE', *, *, #9862, .F. ) ;
#4 = DIRECTION ( 'NONE',  ( 0.000000000000000000, 0.000000000000000000, 1.000000000000000000 ) ) ;
#5 = ORIENTED_EDGE ( 'NONE', *, *, #1356, .T. ) ;
#6 = DIRECTION ( 'NONE',  ( -3.583126979299020263E-32, 1.000000000000000000, 3.111048790438776325E-16 ) ) ;
#7 = CIRCLE ( 'NONE', #8001, 17.00000000000000000 ) ;
#8 = AXIS2_PLACEMENT_3D ( 'NONE', #809, #7876, #7923 ) ;
#9 = CARTESIAN_POINT ( 'NONE',  ( -1.540743955509788682E-30, 1.095000000000012630, 0.000000000000000000 ) ) ;
#10 = DIRECTION ( 'NONE',  ( -3.583126979299020263E-32, 1.000000000000000000, 3.111048790438776325E-16 ) ) ;
#11 = AXIS2_PLACEMENT_3D ( 'NONE', #8405, #1176, #521 ) ;
#12 = DIRECTION ( 'NONE',  ( -3.583126979299020263E-32, 1.000000000000000000, 3.111048790438776325E-16 ) ) ;
#13 = CIRCLE ( 'NONE', #6146, 0.2500000000000002220 ) ;
#14 = EDGE_CURVE ( 'NONE', #1058, #6192, #2734, .T. ) ;
#15 = DIRECTION ( 'NONE',  ( -3.583126979299020263E-32, 1.000000000000000000, 3.111048790438776325E-16 ) ) ;
#16 = AXIS2_PLACEMENT_3D ( 'NONE', #9363, #301, #10286 ) ;
#17 = AXIS2_PLACEMENT_3D ( 'NONE', #9711, #3430, #2604 ) ;
#18 = CARTESIAN_POINT ( 'NONE',  ( 3.778646842853394805, -3.904999999999991811, 16.57473462945920772 ) ) ;
#19 = ORIENTED_EDGE ( 'NONE', *, *, #671, .F. ) ;
#20 = ORIENTED_EDGE ( 'NONE', *, *, #5049, .T. ) ;
#21 = ADVANCED_FACE ( 'NONE', ( #126 ), #3724, .F. ) ;
#22 = ORIENTED_EDGE ( 'NONE', *, *, #1174, .T. ) ;
#23 = ORIENTED_EDGE ( 'NONE', *, *, #9898, .F. ) ;
#24 = EDGE_CURVE ( 'NONE', #3827, #4395, #5438, .T. ) ;
#25 = CIRCLE ( 'NONE', #8757, 0.2500000000000002220 ) ;
#26 = DIRECTION ( 'NONE',  ( 3.583126979299015884E-32, -1.000000000000000000, -3.111048790438772381E-16 ) ) ;
#27 = EDGE_LOOP ( 'NONE', ( #8737, #81, #9049, #5280 ) ) ;
#28 = CARTESIAN_POINT ( 'NONE',  ( 15.53027277992426214, 94.12768161796608979, 6.664522932288502233 ) ) ;
#29 = CARTESIAN_POINT ( 'NONE',  ( -16.16796077701761192, -3.904999999999963833, -5.253288904374070256 ) ) ;
#30 = VECTOR ( 'NONE', #3764, 1000.000000000000000 ) ;
#31 = DIRECTION ( 'NONE',  ( -3.583126979299020263E-32, 1.000000000000000000, 3.111048790438776325E-16 ) ) ;
#32 = AXIS2_PLACEMENT_3D ( 'NONE', #6880, #9563, #3333 ) ;
#33 = AXIS2_PLACEMENT_3D ( 'NONE', #10743, #6385, #1900 ) ;
#34 = AXIS2_PLACEMENT_3D ( 'NONE', #9358, #6675, #1314 ) ;
#35 = CIRCLE ( 'NONE', #1512, 17.00000000000000355 ) ;
#36 = CARTESIAN_POINT ( 'NONE',  ( 13.75328890437417684, 1.095000000000040385, 9.992349288971920984 ) ) ;
#37 = ORIENTED_EDGE ( 'NONE', *, *, #5105, .F. ) ;
#38 = VERTEX_POINT ( 'NONE', #930 ) ;
#39 = VERTEX_POINT ( 'NONE', #4495 ) ;
#40 = AXIS2_PLACEMENT_3D ( 'NONE', #8738, #8905, #2628 ) ;
#41 = CARTESIAN_POINT ( 'NONE',  ( -1.332267629550188440E-15, -27.40500000000001535, 12.00000000000000533 ) ) ;
#42 = DIRECTION ( 'NONE',  ( -1.613839565122628308E-31, -1.000000000000000000, -3.111048790438776325E-16 ) ) ;
#43 = AXIS2_PLACEMENT_3D ( 'NONE', #1989, #9967, #7304 ) ;
#44 = CIRCLE ( 'NONE', #8038, 17.00000000000000000 ) ;
#45 = CYLINDRICAL_SURFACE ( 'NONE', #2207, 0.2500000000000002220 ) ;
#46 = ADVANCED_FACE ( 'NONE', ( #1926 ), #7220, .F. ) ;
#47 = DIRECTION ( 'NONE',  ( -1.110223024625156540E-16, -2.775557561562890365E-16, 1.000000000000000000 ) ) ;
#48 = AXIS2_PLACEMENT_3D ( 'NONE', #2897, #3771, #109 ) ;
#49 = AXIS2_PLACEMENT_3D ( 'NONE', #8119, #140, #3681 ) ;
#50 = DIRECTION ( 'NONE',  ( -1.110223024625156540E-16, -5.782411586589350736E-16, 1.000000000000000000 ) ) ;
#51 = CIRCLE ( 'NONE', #3753, 17.00000000000000000 ) ;
#52 = CARTESIAN_POINT ( 'NONE',  ( 16.99999999999997868, 1.094999999999984874, -1.873501354054951662E-13 ) ) ;
#53 = ORIENTED_EDGE ( 'NONE', *, *, #124, .T. ) ;
#54 = ORIENTED_EDGE ( 'NONE', *, *, #8627, .T. ) ;
#55 = ORIENTED_EDGE ( 'NONE', *, *, #4139, .F. ) ;
#56 = ORIENTED_EDGE ( 'NONE', *, *, #240, .T. ) ;
#57 = DIRECTION ( 'NONE',  ( 0.000000000000000000, 0.000000000000000000, 1.000000000000000000 ) ) ;
#58 = DIRECTION ( 'NONE',  ( 0.000000000000000000, 0.000000000000000000, -1.000000000000000000 ) ) ;
#59 = DIRECTION ( 'NONE',  ( -3.583126979299020263E-32, 1.000000000000000000, 3.111048790438776325E-16 ) ) ;
#60 = ORIENTED_EDGE ( 'NONE', *, *, #10455, .T. ) ;
#61 = PLANE ( 'NONE',  #8346 ) ;
#62 = AXIS2_PLACEMENT_3D ( 'NONE', #7979, #1799, #6237 ) ;
#63 = CIRCLE ( 'NONE', #1337, 0.2500000000000002220 ) ;
#64 = EDGE_CURVE ( 'NONE', #5866, #7686, #5005, .T. ) ;
#65 = EDGE_CURVE ( 'NONE', #10810, #2860, #5542, .T. ) ;
#66 = DIRECTION ( 'NONE',  ( -3.583126979299020263E-32, 1.000000000000000000, 3.111048790438776325E-16 ) ) ;
#67 = LINE ( 'NONE', #8268, #5225 ) ;
#68 = ORIENTED_EDGE ( 'NONE', *, *, #182, .F. ) ;
#69 = ORIENTED_EDGE ( 'NONE', *, *, #4975, .F. ) ;
#70 = CYLINDRICAL_SURFACE ( 'NONE', #8608, 0.2500000000000006661 ) ;
#71 = ORIENTED_EDGE ( 'NONE', *, *, #2663, .F. ) ;
#72 = EDGE_CURVE ( 'NONE', #5048, #7980, #9262, .T. ) ;
#73 = DIRECTION ( 'NONE',  ( -3.583126979299020263E-32, 1.000000000000000000, 3.111048790438776325E-16 ) ) ;
#74 = CARTESIAN_POINT ( 'NONE',  ( 13.21148134476858438, -3.904999999999963833, 10.69844664784713117 ) ) ;
#75 = ADVANCED_FACE ( 'NONE', ( #250 ), #7341, .T. ) ;
#76 = DIRECTION ( 'NONE',  ( 2.658680605993137748E-32, -1.000000000000000000, -3.111048790438772381E-16 ) ) ;
#77 = LINE ( 'NONE', #9029, #7489 ) ;
#78 = FACE_OUTER_BOUND ( 'NONE', #6029, .T. ) ;
#79 = ORIENTED_EDGE ( 'NONE', *, *, #4961, .F. ) ;
#80 = ORIENTED_EDGE ( 'NONE', *, *, #9441, .F. ) ;
#81 = ORIENTED_EDGE ( 'NONE', *, *, #2030, .T. ) ;
#82 = DIRECTION ( 'NONE',  ( -3.583126979299020263E-32, 1.000000000000000000, 3.111048790438776325E-16 ) ) ;
#83 = ORIENTED_EDGE ( 'NONE', *, *, #6362, .T. ) ;
#84 = EDGE_CURVE ( 'NONE', #1839, #3089, #11141, .T. ) ;
#85 = FACE_OUTER_BOUND ( 'NONE', #666, .T. ) ;
#86 = CARTESIAN_POINT ( 'NONE',  ( -16.48366646006524050, -3.904999999999963833, 4.157973067892596575 ) ) ;
#87 = DIRECTION ( 'NONE',  ( -3.812444007147968697E-32, -1.000000000000000000, -3.111048790438776325E-16 ) ) ;
#88 = DIRECTION ( 'NONE',  ( 0.000000000000000000, 0.000000000000000000, 1.000000000000000000 ) ) ;
#89 = EDGE_CURVE ( 'NONE', #9971, #5188, #3140, .T. ) ;
#90 = LINE ( 'NONE', #9100, #1883 ) ;
#91 = ORIENTED_EDGE ( 'NONE', *, *, #8801, .T. ) ;
#92 = VERTEX_POINT ( 'NONE', #8330 ) ;
#93 = ORIENTED_EDGE ( 'NONE', *, *, #1087, .F. ) ;
#94 = FACE_OUTER_BOUND ( 'NONE', #9634, .T. ) ;
#95 = CARTESIAN_POINT ( 'NONE',  ( 10.89157104706445089, -3.904999999999936300, -13.05272692301295123 ) ) ;
#96 = DIRECTION ( 'NONE',  ( 2.823503026745565068E-31, -1.000000000000000000, -3.111048790438776325E-16 ) ) ;
#97 = LINE ( 'NONE', #3641, #177 ) ;
#98 = EDGE_LOOP ( 'NONE', ( #1741, #4842, #4571, #1056 ) ) ;
#99 = CARTESIAN_POINT ( 'NONE',  ( 10.69844664784733546, 94.12768161796620348, 13.21148134476844760 ) ) ;
#100 = EDGE_CURVE ( 'NONE', #7793, #4108, #2202, .T. ) ;
#101 = DIRECTION ( 'NONE',  ( 3.583126979299020263E-32, -1.000000000000000000, -3.111048790438776325E-16 ) ) ;
#102 = AXIS2_PLACEMENT_3D ( 'NONE', #7869, #10700, #11361 ) ;
#103 = DIRECTION ( 'NONE',  ( 2.330464960982432251E-31, -1.000000000000000000, -3.111048790438776325E-16 ) ) ;
#104 = ORIENTED_EDGE ( 'NONE', *, *, #8417, .F. ) ;
#105 = VERTEX_POINT ( 'NONE', #10120 ) ;
#106 = VERTEX_POINT ( 'NONE', #5711 ) ;
#107 = ORIENTED_EDGE ( 'NONE', *, *, #1559, .T. ) ;
#108 = CARTESIAN_POINT ( 'NONE',  ( 5.149069853498827201E-17, -25.40499999999998337, 4.499999999999992895 ) ) ;
#109 = DIRECTION ( 'NONE',  ( 0.000000000000000000, 0.000000000000000000, -1.000000000000000000 ) ) ;
#110 = DIRECTION ( 'NONE',  ( 0.000000000000000000, 0.000000000000000000, -1.000000000000000000 ) ) ;
#111 = CYLINDRICAL_SURFACE ( 'NONE', #4670, 0.2500000000000002220 ) ;
#112 = VERTEX_POINT ( 'NONE', #4949 ) ;
#113 = DIRECTION ( 'NONE',  ( -3.583126979299020263E-32, 1.000000000000000000, 3.111048790438776325E-16 ) ) ;
#114 = AXIS2_PLACEMENT_3D ( 'NONE', #10686, #8881, #890 ) ;
#115 = CARTESIAN_POINT ( 'NONE',  ( 9.992349288971865917, 1.095000000000068141, -13.75328890437423013 ) ) ;
#116 = DIRECTION ( 'NONE',  ( -1.110223024625156540E-16, -4.081702296416015997E-16, 1.000000000000000000 ) ) ;
#117 = ADVANCED_FACE ( 'NONE', ( #2146 ), #11125, .F. ) ;
#118 = ORIENTED_EDGE ( 'NONE', *, *, #6115, .T. ) ;
#119 = CIRCLE ( 'NONE', #6993, 0.2500000000000002220 ) ;
#120 = DIRECTION ( 'NONE',  ( -1.110223024625156540E-16, -3.061276722312011998E-16, 1.000000000000000000 ) ) ;
#121 = CARTESIAN_POINT ( 'NONE',  ( 0.000000000000000000, -24.40500000000000824, -6.938893903907228378E-15 ) ) ;
#122 = EDGE_LOOP ( 'NONE', ( #10405, #10902, #5645, #6943 ) ) ;
#123 = DIRECTION ( 'NONE',  ( 0.000000000000000000, 0.000000000000000000, -1.000000000000000000 ) ) ;
#124 = EDGE_CURVE ( 'NONE', #526, #1111, #11020, .T. ) ;
#125 = CARTESIAN_POINT ( 'NONE',  ( 9.258863595255563794, 94.12768161796620348, 14.25739965507216667 ) ) ;
#126 = FACE_OUTER_BOUND ( 'NONE', #9228, .T. ) ;
#127 = CARTESIAN_POINT ( 'NONE',  ( -1.540743955509788682E-30, 1.095000000000012630, 0.000000000000000000 ) ) ;
#128 = AXIS2_PLACEMENT_3D ( 'NONE', #706, #3455, #6082 ) ;
#129 = CARTESIAN_POINT ( 'NONE',  ( -1.540743955509788682E-30, -3.904999999999991811, 6.938893903907228378E-15 ) ) ;
#130 = EDGE_CURVE ( 'NONE', #6938, #1228, #5930, .T. ) ;
#131 = DIRECTION ( 'NONE',  ( -1.110223024625156540E-16, -4.081702296416015997E-16, 1.000000000000000000 ) ) ;
#132 = ORIENTED_EDGE ( 'NONE', *, *, #8525, .T. ) ;
#133 = ORIENTED_EDGE ( 'NONE', *, *, #5337, .F. ) ;
#134 = CARTESIAN_POINT ( 'NONE',  ( 0.000000000000000000, -23.40500000000000824, 0.000000000000000000 ) ) ;
#135 = VERTEX_POINT ( 'NONE', #3835 ) ;
#136 = EDGE_CURVE ( 'NONE', #305, #8532, #892, .T. ) ;
#137 = EDGE_CURVE ( 'NONE', #9491, #3989, #8909, .T. ) ;
#138 = CARTESIAN_POINT ( 'NONE',  ( 13.36737861225420509, -3.904999999999963833, 10.50300857072148553 ) ) ;
#139 = CYLINDRICAL_SURFACE ( 'NONE', #3709, 0.2500000000000002220 ) ;
#140 = DIRECTION ( 'NONE',  ( -6.277634335963632232E-32, -1.000000000000000000, -3.111048790438776325E-16 ) ) ;
#141 = EDGE_CURVE ( 'NONE', #2873, #8585, #10195, .T. ) ;
#142 = AXIS2_PLACEMENT_3D ( 'NONE', #10691, #9757, #10633 ) ;
#143 = LINE ( 'NONE', #1890, #6319 ) ;
#144 = EDGE_LOOP ( 'NONE', ( #2994, #6808, #3999, #1578 ) ) ;
#145 = ORIENTED_EDGE ( 'NONE', *, *, #11036, .F. ) ;
#146 = ORIENTED_EDGE ( 'NONE', *, *, #333, .F. ) ;
#147 = DIRECTION ( 'NONE',  ( -1.110223024625156540E-16, -2.981555974335134728E-16, 1.000000000000000000 ) ) ;
#148 = DIRECTION ( 'NONE',  ( -1.110223024625156540E-16, -3.061276722312011998E-16, 1.000000000000000000 ) ) ;
#149 = LINE ( 'NONE', #1016, #5004 ) ;
#150 = CARTESIAN_POINT ( 'NONE',  ( -15.25896758828890398, -3.904999999999936300, -7.494258344862974930 ) ) ;
#151 = VERTEX_POINT ( 'NONE', #5835 ) ;
#152 = CYLINDRICAL_SURFACE ( 'NONE', #8399, 0.2500000000000002220 ) ;
#153 = ADVANCED_FACE ( 'NONE', ( #8499 ), #510, .F. ) ;
#154 = AXIS2_PLACEMENT_3D ( 'NONE', #6795, #10277, #7434 ) ;
#155 = CARTESIAN_POINT ( 'NONE',  ( 14.25739965507209739, -3.904999999999991811, -9.258863595255615309 ) ) ;
#156 = CARTESIAN_POINT ( 'NONE',  ( 4.640922924986000453, 1.095000000000012630, 16.35426043587235512 ) ) ;
#157 = ORIENTED_EDGE ( 'NONE', *, *, #7319, .F. ) ;
#158 = VERTEX_POINT ( 'NONE', #2969 ) ;
#159 = ORIENTED_EDGE ( 'NONE', *, *, #825, .F. ) ;
#160 = VERTEX_POINT ( 'NONE', #2864 ) ;
#161 = CARTESIAN_POINT ( 'NONE',  ( -5.858207580457992947, 1.095000000000068141, -15.95874067538740526 ) ) ;
#162 = DIRECTION ( 'NONE',  ( -2.106877630885760906E-31, -1.000000000000000000, -3.111048790438776325E-16 ) ) ;
#163 = DIRECTION ( 'NONE',  ( -1.110223024625156540E-16, -3.061276722312012491E-16, 1.000000000000000000 ) ) ;
#164 = EDGE_CURVE ( 'NONE', #10436, #9751, #7613, .T. ) ;
#165 = EDGE_LOOP ( 'NONE', ( #8956, #6996, #2522, #3098 ) ) ;
#166 = FACE_OUTER_BOUND ( 'NONE', #398, .T. ) ;
#167 = VECTOR ( 'NONE', #7982, 1000.000000000000000 ) ;
#168 = AXIS2_PLACEMENT_3D ( 'NONE', #2884, #6431, #1997 ) ;
#169 = DIRECTION ( 'NONE',  ( -1.110223024625156540E-16, -2.560261641066388300E-16, 1.000000000000000000 ) ) ;
#170 = CIRCLE ( 'NONE', #5575, 17.00000000000000355 ) ;
#171 = DIRECTION ( 'NONE',  ( -3.583126979299020263E-32, 1.000000000000000000, 3.111048790438776325E-16 ) ) ;
#172 = DIRECTION ( 'NONE',  ( 0.000000000000000000, 0.000000000000000000, -1.000000000000000000 ) ) ;
#173 = CARTESIAN_POINT ( 'NONE',  ( -13.75328890437404894, -3.904999999999963833, 9.742349288972107502 ) ) ;
#174 = CIRCLE ( 'NONE', #6873, 0.2500000000000002220 ) ;
#175 = DIRECTION ( 'NONE',  ( 0.000000000000000000, 0.000000000000000000, -1.000000000000000000 ) ) ;
#176 = ORIENTED_EDGE ( 'NONE', *, *, #2282, .F. ) ;
#177 = VECTOR ( 'NONE', #5396, 1000.000000000000000 ) ;
#178 = DIRECTION ( 'NONE',  ( 0.000000000000000000, 0.000000000000000000, -1.000000000000000000 ) ) ;
#179 = CARTESIAN_POINT ( 'NONE',  ( -6.324985174856058379, -3.904999999999936300, -15.77956154453763205 ) ) ;
#180 = CARTESIAN_POINT ( 'NONE',  ( 16.42073904691418562, 94.12768161796614663, 4.399923766742724673 ) ) ;
#181 = AXIS2_PLACEMENT_3D ( 'NONE', #7343, #2866, #2031 ) ;
#182 = EDGE_CURVE ( 'NONE', #6287, #11443, #7050, .T. ) ;
#183 = CARTESIAN_POINT ( 'NONE',  ( 14.25739965507227858, 1.095000000000040385, 9.258863595255331091 ) ) ;
#184 = CARTESIAN_POINT ( 'NONE',  ( 16.62850921247471447, 1.095000000000040385, 3.534498743901735907 ) ) ;
#185 = FACE_OUTER_BOUND ( 'NONE', #6252, .T. ) ;
#186 = VERTEX_POINT ( 'NONE', #5367 ) ;
#187 = AXIS2_PLACEMENT_3D ( 'NONE', #36, #7239, #8073 ) ;
#188 = EDGE_LOOP ( 'NONE', ( #6637, #11379, #3608, #5129 ) ) ;
#189 = ORIENTED_EDGE ( 'NONE', *, *, #10321, .T. ) ;
#190 = DIRECTION ( 'NONE',  ( -1.110223024625156540E-16, -4.081702296416015997E-16, 1.000000000000000000 ) ) ;
#191 = CIRCLE ( 'NONE', #8, 0.2500000000000006661 ) ;
#192 = VERTEX_POINT ( 'NONE', #9783 ) ;
#193 = AXIS2_PLACEMENT_3D ( 'NONE', #7778, #6907, #9578 ) ;
#194 = CYLINDRICAL_SURFACE ( 'NONE', #10393, 6.000000000000006217 ) ;
#195 = FACE_OUTER_BOUND ( 'NONE', #1012, .T. ) ;
#196 = CARTESIAN_POINT ( 'NONE',  ( 12.46481782867087063, 94.12768161796608979, 11.55977147257026338 ) ) ;
#197 = EDGE_CURVE ( 'NONE', #4982, #6334, #9095, .T. ) ;
#198 = CIRCLE ( 'NONE', #6697, 12.00000000000000533 ) ;
#199 = AXIS2_PLACEMENT_3D ( 'NONE', #10538, #642, #2568 ) ;
#200 = EDGE_CURVE ( 'NONE', #1228, #1798, #9839, .T. ) ;
#201 = CIRCLE ( 'NONE', #1119, 0.2500000000000002220 ) ;
#202 = CARTESIAN_POINT ( 'NONE',  ( -1.540743955509788682E-30, 1.095000000000012630, 0.000000000000000000 ) ) ;
#203 = VERTEX_POINT ( 'NONE', #10389 ) ;
#204 = ORIENTED_EDGE ( 'NONE', *, *, #3050, .T. ) ;
#205 = ORIENTED_EDGE ( 'NONE', *, *, #5938, .F. ) ;
#206 = CIRCLE ( 'NONE', #16, 0.2500000000000004441 ) ;
#207 = FACE_OUTER_BOUND ( 'NONE', #4504, .T. ) ;
#208 = DIRECTION ( 'NONE',  ( 0.000000000000000000, 0.000000000000000000, -1.000000000000000000 ) ) ;
#209 = CIRCLE ( 'NONE', #10421, 12.00000000000000533 ) ;
#210 = DIRECTION ( 'NONE',  ( -3.583126979299020263E-32, 1.000000000000000000, 3.111048790438776325E-16 ) ) ;
#211 = EDGE_CURVE ( 'NONE', #3572, #9401, #7953, .T. ) ;
#212 = EDGE_CURVE ( 'NONE', #8648, #1781, #2395, .T. ) ;
#213 = CYLINDRICAL_SURFACE ( 'NONE', #719, 17.00000000000000355 ) ;
#214 = VERTEX_POINT ( 'NONE', #7014 ) ;
#215 = AXIS2_PLACEMENT_3D ( 'NONE', #8982, #8486, #5664 ) ;
#216 = DIRECTION ( 'NONE',  ( 3.583126979299020263E-32, -1.000000000000000000, -3.111048790438776325E-16 ) ) ;
#217 = AXIS2_PLACEMENT_3D ( 'NONE', #8770, #2315, #4134 ) ;
#218 = EDGE_CURVE ( 'NONE', #7229, #7416, #347, .T. ) ;
#219 = CYLINDRICAL_SURFACE ( 'NONE', #11194, 0.2500000000000002220 ) ;
#220 = AXIS2_PLACEMENT_3D ( 'NONE', #1027, #4588, #8202 ) ;
#221 = DIRECTION ( 'NONE',  ( -1.110223024625156540E-16, -3.061276722312012491E-16, 1.000000000000000000 ) ) ;
#222 = AXIS2_PLACEMENT_3D ( 'NONE', #3078, #8494, #10228 ) ;
#223 = CARTESIAN_POINT ( 'NONE',  ( -1.415534356397075772E-15, 25.07901419350385908, 12.75000000000000355 ) ) ;
#224 = AXIS2_PLACEMENT_3D ( 'NONE', #3643, #216, #9005 ) ;
#225 = EDGE_LOOP ( 'NONE', ( #7703, #2411, #7929, #4857 ) ) ;
#226 = AXIS2_PLACEMENT_3D ( 'NONE', #3306, #2548, #1557 ) ;
#227 = VERTEX_POINT ( 'NONE', #1601 ) ;
#228 = VECTOR ( 'NONE', #8917, 1000.000000000000000 ) ;
#229 = ORIENTED_EDGE ( 'NONE', *, *, #10802, .F. ) ;
#230 = DIRECTION ( 'NONE',  ( -3.583126979299020263E-32, 1.000000000000000000, 3.111048790438776325E-16 ) ) ;
#231 = CYLINDRICAL_SURFACE ( 'NONE', #10256, 17.00000000000000355 ) ;
#232 = DIRECTION ( 'NONE',  ( -3.583126979299020263E-32, 1.000000000000000000, 3.111048790438776325E-16 ) ) ;
#233 = ORIENTED_EDGE ( 'NONE', *, *, #8374, .F. ) ;
#234 = DIRECTION ( 'NONE',  ( 1.110223024625156540E-16, 0.000000000000000000, -1.000000000000000000 ) ) ;
#235 = VECTOR ( 'NONE', #667, 1000.000000000000000 ) ;
#236 = DIRECTION ( 'NONE',  ( 3.583126979299020263E-32, -1.000000000000000000, -3.111048790438776325E-16 ) ) ;
#237 = AXIS2_PLACEMENT_3D ( 'NONE', #7943, #5104, #10452 ) ;
#238 = CIRCLE ( 'NONE', #10071, 17.00000000000000355 ) ;
#239 = CARTESIAN_POINT ( 'NONE',  ( 11.37522030810068507, 94.12768161796608979, 12.63346203311563976 ) ) ;
#240 = EDGE_CURVE ( 'NONE', #2804, #5572, #3147, .T. ) ;
#241 = AXIS2_PLACEMENT_3D ( 'NONE', #1370, #8434, #4044 ) ;
#242 = LINE ( 'NONE', #3777, #6885 ) ;
#243 = ORIENTED_EDGE ( 'NONE', *, *, #7817, .F. ) ;
#244 = DIRECTION ( 'NONE',  ( 0.000000000000000000, 0.000000000000000000, 1.000000000000000000 ) ) ;
#245 = CIRCLE ( 'NONE', #5632, 17.00000000000000355 ) ;
#246 = VERTEX_POINT ( 'NONE', #1722 ) ;
#247 = AXIS2_PLACEMENT_3D ( 'NONE', #9065, #66, #6232 ) ;
#248 = CARTESIAN_POINT ( 'NONE',  ( 3.339130532470426975E-15, -22.90500000000000469, -14.05114218134572646 ) ) ;
#249 = FACE_OUTER_BOUND ( 'NONE', #1561, .T. ) ;
#250 = FACE_OUTER_BOUND ( 'NONE', #4757, .T. ) ;
#251 = CARTESIAN_POINT ( 'NONE',  ( -16.90687222126064171, -3.904999999999991811, -1.776983875550065761 ) ) ;
#252 = EDGE_CURVE ( 'NONE', #6249, #10574, #4445, .T. ) ;
#253 = AXIS2_PLACEMENT_3D ( 'NONE', #4052, #3200, #2306 ) ;
#254 = CARTESIAN_POINT ( 'NONE',  ( -16.08896035120139700, 1.095000000000012630, 5.490478559968085648 ) ) ;
#255 = ORIENTED_EDGE ( 'NONE', *, *, #3401, .T. ) ;
#256 = CARTESIAN_POINT ( 'NONE',  ( -0.2499932416907686972, -3.904999999999991811, 16.99816176470588758 ) ) ;
#257 = DIRECTION ( 'NONE',  ( -3.583126979299020263E-32, 1.000000000000000000, 3.111048790438776325E-16 ) ) ;
#258 = ORIENTED_EDGE ( 'NONE', *, *, #8680, .F. ) ;
#259 = ORIENTED_EDGE ( 'NONE', *, *, #2747, .T. ) ;
#260 = CARTESIAN_POINT ( 'NONE',  ( 14.25739965507227858, 94.12768161796608979, 9.008863595255364842 ) ) ;
#261 = DIRECTION ( 'NONE',  ( -1.110223024625156540E-16, -3.061276722312011998E-16, 1.000000000000000000 ) ) ;
#262 = DIRECTION ( 'NONE',  ( -1.613839565122628308E-31, -1.000000000000000000, -3.111048790438776325E-16 ) ) ;
#263 = CARTESIAN_POINT ( 'NONE',  ( -9.467524394549791111, 1.095000000000068141, -14.11970190331950015 ) ) ;
#264 = ORIENTED_EDGE ( 'NONE', *, *, #1888, .F. ) ;
#265 = ORIENTED_EDGE ( 'NONE', *, *, #7774, .F. ) ;
#266 = ORIENTED_EDGE ( 'NONE', *, *, #130, .T. ) ;
#267 = CARTESIAN_POINT ( 'NONE',  ( 11.37522030810068507, 94.12768161796608979, 12.38346203311563976 ) ) ;
#268 = LINE ( 'NONE', #3804, #2149 ) ;
#269 = CARTESIAN_POINT ( 'NONE',  ( 14.84583652671800813, 94.12768161796608979, 8.282580384274304208 ) ) ;
#270 = VERTEX_POINT ( 'NONE', #8832 ) ;
#271 = CARTESIAN_POINT ( 'NONE',  ( -9.258863595255371948, 94.12768161796620348, 14.25739965507229812 ) ) ;
#272 = DIRECTION ( 'NONE',  ( -1.110223024625156540E-16, -5.782411586589350736E-16, 1.000000000000000000 ) ) ;
#273 = EDGE_CURVE ( 'NONE', #9778, #6611, #840, .T. ) ;
#274 = EDGE_CURVE ( 'NONE', #10198, #9834, #5010, .T. ) ;
#275 = LINE ( 'NONE', #9979, #30 ) ;
#276 = ORIENTED_EDGE ( 'NONE', *, *, #416, .T. ) ;
#277 = EDGE_CURVE ( 'NONE', #3541, #1731, #4071, .T. ) ;
#278 = ORIENTED_EDGE ( 'NONE', *, *, #5623, .F. ) ;
#279 = ORIENTED_EDGE ( 'NONE', *, *, #5337, .T. ) ;
#280 = LINE ( 'NONE', #9012, #8214 ) ;
#281 = CARTESIAN_POINT ( 'NONE',  ( -15.95874067538741592, -3.904999999999991811, 5.858207580457963637 ) ) ;
#282 = DIRECTION ( 'NONE',  ( -1.110223024625156540E-16, -3.061276722312011998E-16, 1.000000000000000000 ) ) ;
#283 = FACE_OUTER_BOUND ( 'NONE', #3655, .T. ) ;
#284 = AXIS2_PLACEMENT_3D ( 'NONE', #2010, #2949, #9122 ) ;
#285 = CARTESIAN_POINT ( 'NONE',  ( 8.715581380431686398, -3.904999999999991811, 14.59584328502717909 ) ) ;
#286 = EDGE_CURVE ( 'NONE', #9750, #6396, #2769, .T. ) ;
#287 = DIRECTION ( 'NONE',  ( -2.579848842740145962E-32, -1.000000000000000000, -3.111048790438772381E-16 ) ) ;
#288 = ORIENTED_EDGE ( 'NONE', *, *, #2162, .F. ) ;
#289 = FACE_OUTER_BOUND ( 'NONE', #2468, .T. ) ;
#290 = DIRECTION ( 'NONE',  ( 4.815722143706851756E-32, -1.000000000000000000, -3.111048790438776325E-16 ) ) ;
#291 = VERTEX_POINT ( 'NONE', #150 ) ;
#292 = CARTESIAN_POINT ( 'NONE',  ( -1.540743955509788682E-30, -3.904999999999991811, 6.938893903907228378E-15 ) ) ;
#293 = CARTESIAN_POINT ( 'NONE',  ( -14.72243186433540707, 1.094999999999984874, 8.500000000000076383 ) ) ;
#294 = AXIS2_PLACEMENT_3D ( 'NONE', #2883, #4575, #9974 ) ;
#295 = CARTESIAN_POINT ( 'NONE',  ( -12.02081528017123269, 94.12768161796608979, 12.02081528017141032 ) ) ;
#296 = CARTESIAN_POINT ( 'NONE',  ( -0.8897112561300445366, 94.12768161796620348, -16.97670209082772530 ) ) ;
#297 = DIRECTION ( 'NONE',  ( 0.000000000000000000, 0.000000000000000000, 1.000000000000000000 ) ) ;
#298 = CARTESIAN_POINT ( 'NONE',  ( 16.67868766460503593, 94.12768161796614663, -3.289586263734566085 ) ) ;
#299 = ORIENTED_EDGE ( 'NONE', *, *, #2133, .T. ) ;
#300 = ORIENTED_EDGE ( 'NONE', *, *, #8867, .F. ) ;
#301 = DIRECTION ( 'NONE',  ( -3.583126979299020263E-32, 1.000000000000000000, 3.111048790438776325E-16 ) ) ;
#302 = ORIENTED_EDGE ( 'NONE', *, *, #252, .F. ) ;
#303 = EDGE_CURVE ( 'NONE', #431, #7864, #1836, .T. ) ;
#304 = DIRECTION ( 'NONE',  ( -3.583126979299020263E-32, 1.000000000000000000, 3.111048790438776325E-16 ) ) ;
#305 = VERTEX_POINT ( 'NONE', #6484 ) ;
#306 = CARTESIAN_POINT ( 'NONE',  ( -1.540743955509788682E-30, 1.095000000000012630, 0.000000000000000000 ) ) ;
#307 = AXIS2_PLACEMENT_3D ( 'NONE', #7694, #3138, #8625 ) ;
#308 = CARTESIAN_POINT ( 'NONE',  ( 16.16796077701753731, -3.904999999999963833, -5.253288904374271873 ) ) ;
#309 = ORIENTED_EDGE ( 'NONE', *, *, #6400, .T. ) ;
#310 = ORIENTED_EDGE ( 'NONE', *, *, #10719, .T. ) ;
#311 = DIRECTION ( 'NONE',  ( 8.513507636930345689E-32, -1.000000000000000000, -3.111048790438776325E-16 ) ) ;
#312 = DIRECTION ( 'NONE',  ( 3.583126979299020263E-32, -1.000000000000000000, -3.111048790438776325E-16 ) ) ;
#313 = LINE ( 'NONE', #3858, #6867 ) ;
#314 = DIRECTION ( 'NONE',  ( -1.120801499359495711E-31, -1.000000000000000000, -3.111048790438776325E-16 ) ) ;
#315 = VERTEX_POINT ( 'NONE', #9048 ) ;
#316 = DIRECTION ( 'NONE',  ( -1.110223024625156540E-16, -3.061276722312011998E-16, 1.000000000000000000 ) ) ;
#317 = ADVANCED_FACE ( 'NONE', ( #1017 ), #10028, .T. ) ;
#318 = DIRECTION ( 'NONE',  ( -3.583126979299020263E-32, 1.000000000000000000, 3.111048790438776325E-16 ) ) ;
#319 = VECTOR ( 'NONE', #5863, 1000.000000000000000 ) ;
#320 = CARTESIAN_POINT ( 'NONE',  ( 16.62850921247464342, 94.12768161796614663, -3.534498743902068973 ) ) ;
#321 = DIRECTION ( 'NONE',  ( 0.000000000000000000, 0.000000000000000000, 1.000000000000000000 ) ) ;
#322 = ORIENTED_EDGE ( 'NONE', *, *, #8962, .T. ) ;
#323 = ORIENTED_EDGE ( 'NONE', *, *, #1764, .T. ) ;
#324 = ORIENTED_EDGE ( 'NONE', *, *, #3798, .F. ) ;
#325 = DIRECTION ( 'NONE',  ( -3.583126979299020263E-32, 1.000000000000000000, 3.111048790438776325E-16 ) ) ;
#326 = DIRECTION ( 'NONE',  ( -3.583126979299020263E-32, 1.000000000000000000, 3.111048790438776325E-16 ) ) ;
#327 = CYLINDRICAL_SURFACE ( 'NONE', #284, 17.00000000000000355 ) ;
#328 = DIRECTION ( 'NONE',  ( -1.110223024625156540E-16, -4.081702296416015997E-16, 1.000000000000000000 ) ) ;
#329 = ADVANCED_FACE ( 'NONE', ( #9175 ), #5515, .F. ) ;
#330 = CARTESIAN_POINT ( 'NONE',  ( -6.914522932288608814, 1.095000000000068141, -15.53027277992420707 ) ) ;
#331 = CARTESIAN_POINT ( 'NONE',  ( -15.14711091120220665, -3.904999999999991811, 7.717838495572365787 ) ) ;
#332 = ORIENTED_EDGE ( 'NONE', *, *, #7254, .F. ) ;
#333 = EDGE_CURVE ( 'NONE', #2457, #2805, #97, .T. ) ;
#334 = VERTEX_POINT ( 'NONE', #2832 ) ;
#335 = CARTESIAN_POINT ( 'NONE',  ( -15.53027277992417154, 94.12768161796608979, 6.914522932288710955 ) ) ;
#336 = CIRCLE ( 'NONE', #6852, 17.00000000000000355 ) ;
#337 = VERTEX_POINT ( 'NONE', #8300 ) ;
#338 = CARTESIAN_POINT ( 'NONE',  ( -1.776983875550109060, 94.12768161796620348, -16.90687222126060973 ) ) ;
#339 = CARTESIAN_POINT ( 'NONE',  ( -1.540743955509788682E-30, -3.904999999999991811, 6.938893903907228378E-15 ) ) ;
#340 = EDGE_CURVE ( 'NONE', #1024, #2153, #7250, .T. ) ;
#341 = EDGE_CURVE ( 'NONE', #7294, #1480, #7421, .T. ) ;
#342 = EDGE_CURVE ( 'NONE', #3362, #526, #8543, .T. ) ;
#343 = CIRCLE ( 'NONE', #1832, 17.00000000000000355 ) ;
#344 = DIRECTION ( 'NONE',  ( 0.000000000000000000, 0.000000000000000000, 1.000000000000000000 ) ) ;
#345 = CARTESIAN_POINT ( 'NONE',  ( -14.84583652671789800, 1.095000000000012630, 8.282580384274485397 ) ) ;
#346 = CIRCLE ( 'NONE', #1271, 0.2500000000000006661 ) ;
#347 = CIRCLE ( 'NONE', #10583, 0.2500000000000002220 ) ;
#348 = ORIENTED_EDGE ( 'NONE', *, *, #8459, .T. ) ;
#349 = VERTEX_POINT ( 'NONE', #9808 ) ;
#350 = VERTEX_POINT ( 'NONE', #8942 ) ;
#351 = VECTOR ( 'NONE', #9317, 1000.000000000000000 ) ;
#352 = DIRECTION ( 'NONE',  ( -1.110223024625156540E-16, -3.061276722312011998E-16, 1.000000000000000000 ) ) ;
#353 = ORIENTED_EDGE ( 'NONE', *, *, #6649, .T. ) ;
#354 = EDGE_CURVE ( 'NONE', #3047, #8773, #10771, .T. ) ;
#355 = AXIS2_PLACEMENT_3D ( 'NONE', #3981, #8421, #5801 ) ;
#356 = DIRECTION ( 'NONE',  ( -1.110223024625156540E-16, -2.721134864277344655E-16, 1.000000000000000000 ) ) ;
#357 = AXIS2_PLACEMENT_3D ( 'NONE', #5323, #879, #10550 ) ;
#358 = AXIS2_PLACEMENT_3D ( 'NONE', #1938, #8006, #10735 ) ;
#359 = AXIS2_PLACEMENT_3D ( 'NONE', #9557, #1571, #5136 ) ;
#360 = ADVANCED_FACE ( 'NONE', ( #1946 ), #213, .T. ) ;
#361 = EDGE_LOOP ( 'NONE', ( #1410, #6909, #9032, #1105 ) ) ;
#362 = CARTESIAN_POINT ( 'NONE',  ( 16.96178273941306358, 1.095000000000040385, 1.139265684969283043 ) ) ;
#363 = ORIENTED_EDGE ( 'NONE', *, *, #2663, .T. ) ;
#364 = ORIENTED_EDGE ( 'NONE', *, *, #7184, .T. ) ;
#365 = AXIS2_PLACEMENT_3D ( 'NONE', #1220, #1623, #640 ) ;
#366 = DIRECTION ( 'NONE',  ( -1.110223024625156540E-16, -3.061276722312012491E-16, 1.000000000000000000 ) ) ;
#367 = CARTESIAN_POINT ( 'NONE',  ( -13.21148134476851332, -3.904999999999991811, -10.69844664784721289 ) ) ;
#368 = CARTESIAN_POINT ( 'NONE',  ( -16.62850921247467184, 1.095000000000040385, 3.534498743901985485 ) ) ;
#369 = CYLINDRICAL_SURFACE ( 'NONE', #3518, 17.00000000000000355 ) ;
#370 = AXIS2_PLACEMENT_3D ( 'NONE', #7482, #10972, #3099 ) ;
#371 = ORIENTED_EDGE ( 'NONE', *, *, #9918, .T. ) ;
#372 = DIRECTION ( 'NONE',  ( 1.344388829456168151E-31, -1.000000000000000000, -3.111048790438780269E-16 ) ) ;
#373 = LINE ( 'NONE', #2172, #4607 ) ;
#374 = VECTOR ( 'NONE', #2671, 1000.000000000000000 ) ;
#375 = AXIS2_PLACEMENT_3D ( 'NONE', #52, #3593, #11104 ) ;
#376 = CARTESIAN_POINT ( 'NONE',  ( -2.659385905683814055, -3.904999999999991811, 16.79070179011734609 ) ) ;
#377 = EDGE_LOOP ( 'NONE', ( #9773, #7134, #10086, #8923 ) ) ;
#378 = ORIENTED_EDGE ( 'NONE', *, *, #4358, .F. ) ;
#379 = ORIENTED_EDGE ( 'NONE', *, *, #10281, .T. ) ;
#380 = CARTESIAN_POINT ( 'NONE',  ( -1.540743955509788682E-30, 1.095000000000012630, 0.000000000000000000 ) ) ;
#381 = CARTESIAN_POINT ( 'NONE',  ( -16.24346467152395590, 94.12768161796603295, -5.014963156888839535 ) ) ;
#382 = DIRECTION ( 'NONE',  ( 5.432019725910758471E-32, -1.000000000000000000, -3.111048790438772381E-16 ) ) ;
#383 = EDGE_CURVE ( 'NONE', #625, #214, #7236, .T. ) ;
#384 = DIRECTION ( 'NONE',  ( -1.110223024625156540E-16, -3.061276722312012491E-16, 1.000000000000000000 ) ) ;
#385 = AXIS2_PLACEMENT_3D ( 'NONE', #9817, #1844, #7324 ) ;
#386 = CIRCLE ( 'NONE', #10468, 0.2500000000000002220 ) ;
#387 = CIRCLE ( 'NONE', #10618, 0.2500000000000002220 ) ;
#388 = CARTESIAN_POINT ( 'NONE',  ( 16.16796077701764389, 1.095000000000012630, 5.003288904373945023 ) ) ;
#389 = AXIS2_PLACEMENT_3D ( 'NONE', #5724, #11140, #8574 ) ;
#390 = DIRECTION ( 'NONE',  ( -3.583126979299020263E-32, 1.000000000000000000, 3.111048790438776325E-16 ) ) ;
#391 = ORIENTED_EDGE ( 'NONE', *, *, #10795, .F. ) ;
#392 = ORIENTED_EDGE ( 'NONE', *, *, #9768, .T. ) ;
#393 = VECTOR ( 'NONE', #10402, 1000.000000000000000 ) ;
#394 = CARTESIAN_POINT ( 'NONE',  ( -16.79070179011731767, -3.904999999999963833, 2.409385905683993023 ) ) ;
#395 = DIRECTION ( 'NONE',  ( -1.110223024625156540E-16, -3.061276722312011998E-16, 1.000000000000000000 ) ) ;
#396 = DIRECTION ( 'NONE',  ( 0.000000000000000000, 0.000000000000000000, -1.000000000000000000 ) ) ;
#397 = DIRECTION ( 'NONE',  ( -3.583126979299020263E-32, 1.000000000000000000, 3.111048790438776325E-16 ) ) ;
#398 = EDGE_LOOP ( 'NONE', ( #2944, #11454, #3184, #10440 ) ) ;
#399 = EDGE_CURVE ( 'NONE', #5100, #10131, #7659, .T. ) ;
#400 = CYLINDRICAL_SURFACE ( 'NONE', #715, 12.74999999999999822 ) ;
#401 = CARTESIAN_POINT ( 'NONE',  ( 9.467524394549890587, 1.095000000000012630, 14.11970190331944508 ) ) ;
#402 = AXIS2_PLACEMENT_3D ( 'NONE', #1038, #5537, #2859 ) ;
#403 = AXIS2_PLACEMENT_3D ( 'NONE', #5038, #2412, #3058 ) ;
#404 = VECTOR ( 'NONE', #6812, 1000.000000000000000 ) ;
#405 = CARTESIAN_POINT ( 'NONE',  ( -6.914522932288506674, 94.12768161796614663, 15.53027277992428878 ) ) ;
#406 = ADVANCED_FACE ( 'NONE', ( #1471 ), #369, .T. ) ;
#407 = AXIS2_PLACEMENT_3D ( 'NONE', #7374, #326, #5414 ) ;
#408 = CARTESIAN_POINT ( 'NONE',  ( -1.540743955509788682E-30, 1.095000000000012630, 0.000000000000000000 ) ) ;
#409 = DIRECTION ( 'NONE',  ( -1.110223024625156540E-16, -3.061276722312012491E-16, 1.000000000000000000 ) ) ;
#410 = AXIS2_PLACEMENT_3D ( 'NONE', #4565, #4685, #5453 ) ;
#411 = EDGE_CURVE ( 'NONE', #4723, #2457, #6676, .T. ) ;
#412 = AXIS2_PLACEMENT_3D ( 'NONE', #2509, #808, #857 ) ;
#413 = EDGE_CURVE ( 'NONE', #151, #2805, #8174, .T. ) ;
#414 = VERTEX_POINT ( 'NONE', #5859 ) ;
#415 = ORIENTED_EDGE ( 'NONE', *, *, #8459, .F. ) ;
#416 = EDGE_CURVE ( 'NONE', #3089, #3419, #433, .T. ) ;
#417 = EDGE_LOOP ( 'NONE', ( #10382, #2175, #3087, #3773 ) ) ;
#418 = ORIENTED_EDGE ( 'NONE', *, *, #7808, .T. ) ;
#419 = DIRECTION ( 'NONE',  ( -1.110223024625156540E-16, -4.081702296416015997E-16, 1.000000000000000000 ) ) ;
#420 = ORIENTED_EDGE ( 'NONE', *, *, #4498, .T. ) ;
#421 = CARTESIAN_POINT ( 'NONE',  ( 15.14711091120231323, -3.904999999999991811, 7.717838495572157065 ) ) ;
#422 = AXIS2_PLACEMENT_3D ( 'NONE', #9489, #7921, #11429 ) ;
#423 = CARTESIAN_POINT ( 'NONE',  ( -12.63346203311563265, 94.12768161796608979, 11.37522030810068863 ) ) ;
#424 = EDGE_CURVE ( 'NONE', #6462, #4220, #9657, .T. ) ;
#425 = VERTEX_POINT ( 'NONE', #1293 ) ;
#426 = DIRECTION ( 'NONE',  ( 0.000000000000000000, 0.000000000000000000, 1.000000000000000000 ) ) ;
#427 = VERTEX_POINT ( 'NONE', #10980 ) ;
#428 = ORIENTED_EDGE ( 'NONE', *, *, #7681, .F. ) ;
#429 = CARTESIAN_POINT ( 'NONE',  ( 4.399923766742630526, 94.12768161796620348, -16.42073904691418562 ) ) ;
#430 = CARTESIAN_POINT ( 'NONE',  ( 16.98795001012935657, 1.095000000000040385, 0.6399644156868458111 ) ) ;
#431 = VERTEX_POINT ( 'NONE', #2999 ) ;
#432 = DIRECTION ( 'NONE',  ( 0.000000000000000000, 0.000000000000000000, 1.000000000000000000 ) ) ;
#433 = LINE ( 'NONE', #8522, #5942 ) ;
#434 = ORIENTED_EDGE ( 'NONE', *, *, #7350, .F. ) ;
#435 = CARTESIAN_POINT ( 'NONE',  ( 0.000000000000000000, -25.40499999999998337, -6.938893903907228378E-15 ) ) ;
#436 = DIRECTION ( 'NONE',  ( 1.344388829456167276E-31, -1.000000000000000000, -3.111048790438776325E-16 ) ) ;
#437 = DIRECTION ( 'NONE',  ( -3.583126979299020263E-32, 1.000000000000000000, 3.111048790438776325E-16 ) ) ;
#438 = VERTEX_POINT ( 'NONE', #6551 ) ;
#439 = ORIENTED_EDGE ( 'NONE', *, *, #4750, .F. ) ;
#440 = ORIENTED_EDGE ( 'NONE', *, *, #3059, .F. ) ;
#441 = FACE_OUTER_BOUND ( 'NONE', #3316, .T. ) ;
#442 = DIRECTION ( 'NONE',  ( -1.110223024625156540E-16, -3.061276722312012491E-16, 1.000000000000000000 ) ) ;
#443 = DIRECTION ( 'NONE',  ( -7.850462293418883229E-17, 0.7071067811865467956, 0.7071067811865482389 ) ) ;
#444 = CARTESIAN_POINT ( 'NONE',  ( -1.540743955509788682E-30, -3.904999999999991811, 6.938893903907228378E-15 ) ) ;
#445 = ADVANCED_FACE ( 'NONE', ( #4972 ), #11226, .F. ) ;
#446 = DIRECTION ( 'NONE',  ( 1.590907862337733465E-31, -1.000000000000000000, -3.111048790438776325E-16 ) ) ;
#447 = CARTESIAN_POINT ( 'NONE',  ( -14.84583652671800280, -3.904999999999936300, -8.282580384274282892 ) ) ;
#448 = ORIENTED_EDGE ( 'NONE', *, *, #2763, .F. ) ;
#449 = DIRECTION ( 'NONE',  ( -1.110223024625156540E-16, -4.081702296416015997E-16, 1.000000000000000000 ) ) ;
#450 = DIRECTION ( 'NONE',  ( 0.000000000000000000, 0.000000000000000000, -1.000000000000000000 ) ) ;
#451 = CARTESIAN_POINT ( 'NONE',  ( 10.19351758238273931, -3.904999999999991811, 13.60485940014281780 ) ) ;
#452 = ORIENTED_EDGE ( 'NONE', *, *, #5297, .F. ) ;
#453 = DIRECTION ( 'NONE',  ( -3.583126979299020263E-32, 1.000000000000000000, 3.111048790438776325E-16 ) ) ;
#454 = ADVANCED_FACE ( 'NONE', ( #5734 ), #10094, .T. ) ;
#455 = DIRECTION ( 'NONE',  ( -3.583126979299020263E-32, 1.000000000000000000, 3.111048790438776325E-16 ) ) ;
#456 = FACE_OUTER_BOUND ( 'NONE', #3768, .T. ) ;
#457 = VERTEX_POINT ( 'NONE', #2119 ) ;
#458 = ORIENTED_EDGE ( 'NONE', *, *, #4549, .T. ) ;
#459 = CIRCLE ( 'NONE', #5133, 0.2500000000000002220 ) ;
#460 = LINE ( 'NONE', #11132, #4657 ) ;
#461 = ORIENTED_EDGE ( 'NONE', *, *, #141, .T. ) ;
#462 = VERTEX_POINT ( 'NONE', #5682 ) ;
#463 = EDGE_CURVE ( 'NONE', #2073, #10241, #2167, .T. ) ;
#464 = DIRECTION ( 'NONE',  ( -1.110223024625156540E-16, -4.081702296416015997E-16, 1.000000000000000000 ) ) ;
#465 = VERTEX_POINT ( 'NONE', #10197 ) ;
#466 = DIRECTION ( 'NONE',  ( -3.583126979299020263E-32, 1.000000000000000000, 3.111048790438776325E-16 ) ) ;
#467 = EDGE_CURVE ( 'NONE', #9760, #6895, #2954, .T. ) ;
#468 = CIRCLE ( 'NONE', #10897, 0.2500000000000002220 ) ;
#469 = DIRECTION ( 'NONE',  ( -3.583126979299020263E-32, 1.000000000000000000, 3.111048790438776325E-16 ) ) ;
#470 = ORIENTED_EDGE ( 'NONE', *, *, #2541, .F. ) ;
#471 = CYLINDRICAL_SURFACE ( 'NONE', #5222, 0.2500000000000002220 ) ;
#472 = VERTEX_POINT ( 'NONE', #7540 ) ;
#473 = ADVANCED_FACE ( 'NONE', ( #2228 ), #538, .F. ) ;
#474 = ORIENTED_EDGE ( 'NONE', *, *, #5712, .T. ) ;
#475 = AXIS2_PLACEMENT_3D ( 'NONE', #2059, #5631, #9171 ) ;
#476 = CARTESIAN_POINT ( 'NONE',  ( 13.05272692301297255, 94.12768161796608979, 10.89157104706445978 ) ) ;
#477 = CARTESIAN_POINT ( 'NONE',  ( -14.59584328502729100, 1.095000000000012630, -8.715581380431435932 ) ) ;
#478 = VERTEX_POINT ( 'NONE', #1359 ) ;
#479 = DIRECTION ( 'NONE',  ( -1.110223024625156540E-16, -3.061276722312012491E-16, 1.000000000000000000 ) ) ;
#480 = DIRECTION ( 'NONE',  ( -3.583126979299020263E-32, 1.000000000000000000, 3.111048790438776325E-16 ) ) ;
#481 = VERTEX_POINT ( 'NONE', #9391 ) ;
#482 = CYLINDRICAL_SURFACE ( 'NONE', #403, 0.2500000000000002220 ) ;
#483 = EDGE_CURVE ( 'NONE', #3167, #472, #10203, .T. ) ;
#484 = AXIS2_PLACEMENT_3D ( 'NONE', #10061, #26, #7515 ) ;
#485 = CARTESIAN_POINT ( 'NONE',  ( -1.540743955509788682E-30, -3.904999999999991811, 6.938893903907228378E-15 ) ) ;
#486 = LINE ( 'NONE', #3113, #10815 ) ;
#487 = ORIENTED_EDGE ( 'NONE', *, *, #6070, .T. ) ;
#488 = ORIENTED_EDGE ( 'NONE', *, *, #3513, .T. ) ;
#489 = VERTEX_POINT ( 'NONE', #5912 ) ;
#490 = DIRECTION ( 'NONE',  ( -3.583126979299020263E-32, 1.000000000000000000, 3.111048790438776325E-16 ) ) ;
#491 = CARTESIAN_POINT ( 'NONE',  ( -7.494258344863014898, -3.904999999999936300, -15.25896758828888800 ) ) ;
#492 = DIRECTION ( 'NONE',  ( -1.110223024625156540E-16, -3.061276722312011998E-16, 1.000000000000000000 ) ) ;
#493 = FACE_OUTER_BOUND ( 'NONE', #2142, .T. ) ;
#494 = CARTESIAN_POINT ( 'NONE',  ( -7.939749563561762535, 94.12768161796614663, 15.03197847483563798 ) ) ;
#495 = ADVANCED_FACE ( 'NONE', ( #9448 ), #3173, .T. ) ;
#496 = DIRECTION ( 'NONE',  ( -2.579848842740145962E-32, -1.000000000000000000, -3.111048790438772381E-16 ) ) ;
#497 = CYLINDRICAL_SURFACE ( 'NONE', #7074, 0.2500000000000002220 ) ;
#498 = ORIENTED_EDGE ( 'NONE', *, *, #11040, .F. ) ;
#499 = VERTEX_POINT ( 'NONE', #657 ) ;
#500 = EDGE_CURVE ( 'NONE', #1419, #1058, #5020, .T. ) ;
#501 = CIRCLE ( 'NONE', #9826, 17.00000000000000355 ) ;
#502 = CARTESIAN_POINT ( 'NONE',  ( -1.540743955509788682E-30, 39.99999999999997868, 1.387778780781445676E-14 ) ) ;
#503 = DIRECTION ( 'NONE',  ( -3.583126979299020263E-32, 1.000000000000000000, 3.111048790438776325E-16 ) ) ;
#504 = CYLINDRICAL_SURFACE ( 'NONE', #10431, 0.2500000000000002220 ) ;
#505 = DIRECTION ( 'NONE',  ( 3.583126979299020263E-32, -1.000000000000000000, -3.111048790438776325E-16 ) ) ;
#506 = ORIENTED_EDGE ( 'NONE', *, *, #11403, .F. ) ;
#507 = LINE ( 'NONE', #684, #10004 ) ;
#508 = FACE_OUTER_BOUND ( 'NONE', #2724, .T. ) ;
#509 = VECTOR ( 'NONE', #3364, 1000.000000000000000 ) ;
#510 = CYLINDRICAL_SURFACE ( 'NONE', #7803, 0.2500000000000002220 ) ;
#511 = DIRECTION ( 'NONE',  ( 1.097869796574600868E-31, -1.000000000000000000, -3.111048790438776325E-16 ) ) ;
#512 = AXIS2_PLACEMENT_3D ( 'NONE', #5098, #6, #8643 ) ;
#513 = CARTESIAN_POINT ( 'NONE',  ( -1.540743955509788682E-30, -3.904999999999991811, 6.938893903907228378E-15 ) ) ;
#514 = ORIENTED_EDGE ( 'NONE', *, *, #9080, .T. ) ;
#515 = ORIENTED_EDGE ( 'NONE', *, *, #8384, .F. ) ;
#516 = DIRECTION ( 'NONE',  ( -1.613839565122629184E-31, -1.000000000000000000, -3.111048790438772381E-16 ) ) ;
#517 = VERTEX_POINT ( 'NONE', #6953 ) ;
#518 = CIRCLE ( 'NONE', #11334, 0.2500000000000006661 ) ;
#519 = ORIENTED_EDGE ( 'NONE', *, *, #4799, .F. ) ;
#520 = EDGE_CURVE ( 'NONE', #7538, #465, #4214, .T. ) ;
#521 = DIRECTION ( 'NONE',  ( 1.110223024625156540E-16, 3.111048790438772381E-16, -1.000000000000000000 ) ) ;
#522 = VERTEX_POINT ( 'NONE', #3352 ) ;
#523 = DIRECTION ( 'NONE',  ( 2.330464960982432251E-31, -1.000000000000000000, -3.111048790438776325E-16 ) ) ;
#524 = CIRCLE ( 'NONE', #7600, 0.2500000000000002220 ) ;
#525 = DIRECTION ( 'NONE',  ( 4.815722143706851756E-32, -1.000000000000000000, -3.111048790438776325E-16 ) ) ;
#526 = VERTEX_POINT ( 'NONE', #5156 ) ;
#527 = CYLINDRICAL_SURFACE ( 'NONE', #5022, 17.00000000000000355 ) ;
#528 = VECTOR ( 'NONE', #8220, 1000.000000000000000 ) ;
#529 = VERTEX_POINT ( 'NONE', #11447 ) ;
#530 = ORIENTED_EDGE ( 'NONE', *, *, #7167, .F. ) ;
#531 = FACE_OUTER_BOUND ( 'NONE', #10022, .T. ) ;
#532 = DIRECTION ( 'NONE',  ( -1.110223024625156540E-16, -3.061276722312012491E-16, 1.000000000000000000 ) ) ;
#533 = AXIS2_PLACEMENT_3D ( 'NONE', #777, #8760, #6952 ) ;
#534 = ORIENTED_EDGE ( 'NONE', *, *, #11387, .F. ) ;
#535 = EDGE_CURVE ( 'NONE', #11383, #9090, #8870, .T. ) ;
#536 = AXIS2_PLACEMENT_3D ( 'NONE', #931, #4496, #2736 ) ;
#537 = DIRECTION ( 'NONE',  ( -1.110223024625156540E-16, -3.061276722312011998E-16, 1.000000000000000000 ) ) ;
#538 = CYLINDRICAL_SURFACE ( 'NONE', #7997, 0.2500000000000002220 ) ;
#539 = EDGE_LOOP ( 'NONE', ( #5672, #1263, #461, #5457 ) ) ;
#540 = DIRECTION ( 'NONE',  ( 1.837426895219299873E-31, -1.000000000000000000, -3.111048790438776325E-16 ) ) ;
#541 = AXIS2_PLACEMENT_3D ( 'NONE', #2271, #1270, #10240 ) ;
#542 = EDGE_CURVE ( 'NONE', #2975, #5937, #6141, .T. ) ;
#543 = CARTESIAN_POINT ( 'NONE',  ( -13.05272692301297077, 1.095000000000040385, 10.89157104706444557 ) ) ;
#544 = CARTESIAN_POINT ( 'NONE',  ( -9.258863595255469647, 1.095000000000068141, -14.25739965507219509 ) ) ;
#545 = CARTESIAN_POINT ( 'NONE',  ( -7.717838495572205026, 1.095000000000012630, 15.14711091120229902 ) ) ;
#546 = ORIENTED_EDGE ( 'NONE', *, *, #7905, .F. ) ;
#547 = EDGE_CURVE ( 'NONE', #9882, #7045, #11496, .T. ) ;
#548 = ORIENTED_EDGE ( 'NONE', *, *, #1131, .T. ) ;
#549 = ADVANCED_FACE ( 'NONE', ( #8761 ), #4387, .T. ) ;
#550 = ORIENTED_EDGE ( 'NONE', *, *, #3142, .T. ) ;
#551 = CYLINDRICAL_SURFACE ( 'NONE', #7275, 0.2500000000000002220 ) ;
#552 = CIRCLE ( 'NONE', #6502, 17.00000000000000000 ) ;
#553 = DIRECTION ( 'NONE',  ( -1.613839565122628308E-31, -1.000000000000000000, -3.111048790438776325E-16 ) ) ;
#554 = LINE ( 'NONE', #6669, #5683 ) ;
#555 = AXIS2_PLACEMENT_3D ( 'NONE', #11129, #6764, #4836 ) ;
#556 = CARTESIAN_POINT ( 'NONE',  ( -3.534498743901803408, -3.904999999999991811, 16.62850921247471092 ) ) ;
#557 = VECTOR ( 'NONE', #5502, 1000.000000000000000 ) ;
#558 = DIRECTION ( 'NONE',  ( 0.000000000000000000, 0.000000000000000000, 1.000000000000000000 ) ) ;
#559 = CIRCLE ( 'NONE', #10976, 0.2500000000000002220 ) ;
#560 = DIRECTION ( 'NONE',  ( -1.110223024625156540E-16, -4.081702296416015997E-16, 1.000000000000000000 ) ) ;
#561 = AXIS2_PLACEMENT_3D ( 'NONE', #2919, #6751, #1106 ) ;
#562 = AXIS2_PLACEMENT_3D ( 'NONE', #9360, #4993, #11244 ) ;
#563 = DIRECTION ( 'NONE',  ( 1.110223024625156540E-16, 4.336808689942021680E-16, -1.000000000000000000 ) ) ;
#564 = DIRECTION ( 'NONE',  ( 1.097869796574599992E-31, -1.000000000000000000, -3.111048790438772381E-16 ) ) ;
#565 = ORIENTED_EDGE ( 'NONE', *, *, #3452, .F. ) ;
#566 = AXIS2_PLACEMENT_3D ( 'NONE', #9075, #1098, #7219 ) ;
#567 = ORIENTED_EDGE ( 'NONE', *, *, #5549, .T. ) ;
#568 = AXIS2_PLACEMENT_3D ( 'NONE', #6805, #2369, #10340 ) ;
#569 = DIRECTION ( 'NONE',  ( -6.277634335963632232E-32, -1.000000000000000000, -3.111048790438776325E-16 ) ) ;
#570 = DIRECTION ( 'NONE',  ( -3.583126979299020263E-32, 1.000000000000000000, 3.111048790438776325E-16 ) ) ;
#571 = DIRECTION ( 'NONE',  ( 3.583126979299020263E-32, -1.000000000000000000, -3.111048790438776325E-16 ) ) ;
#572 = DIRECTION ( 'NONE',  ( 0.000000000000000000, 0.000000000000000000, 1.000000000000000000 ) ) ;
#573 = VERTEX_POINT ( 'NONE', #11332 ) ;
#574 = CARTESIAN_POINT ( 'NONE',  ( 0.000000000000000000, -22.40499999999997982, -6.938893903907228378E-15 ) ) ;
#575 = CYLINDRICAL_SURFACE ( 'NONE', #9420, 17.00000000000000355 ) ;
#576 = VECTOR ( 'NONE', #10100, 1000.000000000000000 ) ;
#577 = CIRCLE ( 'NONE', #8984, 17.00000000000000355 ) ;
#578 = VECTOR ( 'NONE', #4579, 1000.000000000000000 ) ;
#579 = AXIS2_PLACEMENT_3D ( 'NONE', #6101, #5873, #5487 ) ;
#580 = CARTESIAN_POINT ( 'NONE',  ( -1.540743955509788682E-30, 1.095000000000012630, 0.000000000000000000 ) ) ;
#581 = CARTESIAN_POINT ( 'NONE',  ( -1.540743955509788682E-30, 1.095000000000012630, 0.000000000000000000 ) ) ;
#582 = ORIENTED_EDGE ( 'NONE', *, *, #542, .T. ) ;
#583 = VERTEX_POINT ( 'NONE', #3458 ) ;
#584 = CIRCLE ( 'NONE', #3741, 0.2500000000000002220 ) ;
#585 = ORIENTED_EDGE ( 'NONE', *, *, #5624, .F. ) ;
#586 = VECTOR ( 'NONE', #8994, 1000.000000000000000 ) ;
#587 = ORIENTED_EDGE ( 'NONE', *, *, #7381, .T. ) ;
#588 = DIRECTION ( 'NONE',  ( 3.583126979299020263E-32, -1.000000000000000000, -3.111048790438776325E-16 ) ) ;
#589 = VERTEX_POINT ( 'NONE', #7003 ) ;
#590 = AXIS2_PLACEMENT_3D ( 'NONE', #10995, #9287, #10158 ) ;
#591 = CARTESIAN_POINT ( 'NONE',  ( -14.59584328502723949, 94.12768161796608979, 8.715581380431588698 ) ) ;
#592 = EDGE_CURVE ( 'NONE', #10260, #8362, #10448, .T. ) ;
#593 = LINE ( 'NONE', #9380, #10064 ) ;
#594 = AXIS2_PLACEMENT_3D ( 'NONE', #2452, #6935, #4366 ) ;
#595 = EDGE_CURVE ( 'NONE', #6349, #6940, #4827, .T. ) ;
#596 = ORIENTED_EDGE ( 'NONE', *, *, #6307, .F. ) ;
#597 = DIRECTION ( 'NONE',  ( -3.583126979299020263E-32, 1.000000000000000000, 3.111048790438776325E-16 ) ) ;
#598 = VERTEX_POINT ( 'NONE', #7062 ) ;
#599 = ORIENTED_EDGE ( 'NONE', *, *, #6813, .T. ) ;
#600 = DIRECTION ( 'NONE',  ( 0.000000000000000000, 0.000000000000000000, 1.000000000000000000 ) ) ;
#601 = CARTESIAN_POINT ( 'NONE',  ( 2.906013752374416725, 1.095000000000012630, 16.74977862752253444 ) ) ;
#602 = AXIS2_PLACEMENT_3D ( 'NONE', #4890, #1259, #2311 ) ;
#603 = ORIENTED_EDGE ( 'NONE', *, *, #9615, .T. ) ;
#604 = CIRCLE ( 'NONE', #1717, 17.00000000000000000 ) ;
#605 = DIRECTION ( 'NONE',  ( -3.583126979299020263E-32, 1.000000000000000000, 3.111048790438776325E-16 ) ) ;
#606 = DIRECTION ( 'NONE',  ( -1.110223024625156540E-16, -4.081702296416015997E-16, 1.000000000000000000 ) ) ;
#607 = VERTEX_POINT ( 'NONE', #9573 ) ;
#608 = DIRECTION ( 'NONE',  ( -1.110223024625156540E-16, -3.061276722312012491E-16, 1.000000000000000000 ) ) ;
#609 = ADVANCED_FACE ( 'NONE', ( #10614 ), #1587, .F. ) ;
#610 = DIRECTION ( 'NONE',  ( -1.110223024625156540E-16, -3.061276722312011998E-16, 1.000000000000000000 ) ) ;
#611 = CARTESIAN_POINT ( 'NONE',  ( 8.715581380431277836, 1.095000000000068141, -14.59584328502740114 ) ) ;
#612 = ORIENTED_EDGE ( 'NONE', *, *, #4118, .T. ) ;
#613 = ORIENTED_EDGE ( 'NONE', *, *, #6554, .F. ) ;
#614 = ORIENTED_EDGE ( 'NONE', *, *, #11465, .T. ) ;
#615 = DIRECTION ( 'NONE',  ( 0.000000000000000000, 0.000000000000000000, 1.000000000000000000 ) ) ;
#616 = CYLINDRICAL_SURFACE ( 'NONE', #2571, 17.00000000000000355 ) ;
#617 = DIRECTION ( 'NONE',  ( 3.583126979299020263E-32, -1.000000000000000000, -3.111048790438776325E-16 ) ) ;
#618 = EDGE_CURVE ( 'NONE', #940, #8707, #2648, .T. ) ;
#619 = CARTESIAN_POINT ( 'NONE',  ( -9.467524394550062894, -3.904999999999936300, -14.11970190331932784 ) ) ;
#620 = DIRECTION ( 'NONE',  ( -3.583126979299020263E-32, 1.000000000000000000, 3.111048790438776325E-16 ) ) ;
#621 = CYLINDRICAL_SURFACE ( 'NONE', #1509, 0.2500000000000002220 ) ;
#622 = EDGE_CURVE ( 'NONE', #4263, #135, #7810, .T. ) ;
#623 = CARTESIAN_POINT ( 'NONE',  ( -8.499999999999905853, -3.904999999999991811, 14.72243186433552076 ) ) ;
#624 = CARTESIAN_POINT ( 'NONE',  ( -1.776983875550001812, 1.095000000000012630, 16.90687222126065947 ) ) ;
#625 = VERTEX_POINT ( 'NONE', #9520 ) ;
#626 = VERTEX_POINT ( 'NONE', #11398 ) ;
#627 = DIRECTION ( 'NONE',  ( -3.583126979299020263E-32, 1.000000000000000000, 3.111048790438776325E-16 ) ) ;
#628 = CARTESIAN_POINT ( 'NONE',  ( 1.540743955509788682E-30, -24.90500000000001180, -1.387778780781445676E-14 ) ) ;
#629 = CARTESIAN_POINT ( 'NONE',  ( 5.253288904374220358, 94.12768161796614663, 16.16796077701759060 ) ) ;
#630 = DIRECTION ( 'NONE',  ( 0.000000000000000000, 0.000000000000000000, -1.000000000000000000 ) ) ;
#631 = EDGE_CURVE ( 'NONE', #8759, #1024, #1852, .T. ) ;
#632 = EDGE_LOOP ( 'NONE', ( #7886, #1981, #11107, #392 ) ) ;
#633 = LINE ( 'NONE', #11123, #2016 ) ;
#634 = CARTESIAN_POINT ( 'NONE',  ( -16.90687222126062750, 94.12768161796614663, 1.776983875550211422 ) ) ;
#635 = EDGE_CURVE ( 'NONE', #38, #5292, #5948, .T. ) ;
#636 = FACE_OUTER_BOUND ( 'NONE', #5729, .T. ) ;
#637 = CARTESIAN_POINT ( 'NONE',  ( 2.801843788527009232E-15, -27.40500000000000824, -11.99999999999999467 ) ) ;
#638 = VERTEX_POINT ( 'NONE', #7716 ) ;
#639 = ORIENTED_EDGE ( 'NONE', *, *, #9453, .F. ) ;
#640 = DIRECTION ( 'NONE',  ( 0.000000000000000000, 0.000000000000000000, -1.000000000000000000 ) ) ;
#641 = EDGE_LOOP ( 'NONE', ( #9763, #8462, #10945, #5251 ) ) ;
#642 = DIRECTION ( 'NONE',  ( -3.583126979299020263E-32, 1.000000000000000000, 3.111048790438776325E-16 ) ) ;
#643 = ORIENTED_EDGE ( 'NONE', *, *, #8400, .T. ) ;
#644 = CARTESIAN_POINT ( 'NONE',  ( -1.540743955509788682E-30, 1.095000000000012630, 0.000000000000000000 ) ) ;
#645 = EDGE_CURVE ( 'NONE', #2219, #8804, #9280, .T. ) ;
#646 = DIRECTION ( 'NONE',  ( -3.583126979299020263E-32, 1.000000000000000000, 3.111048790438776325E-16 ) ) ;
#647 = VECTOR ( 'NONE', #443, 1000.000000000000114 ) ;
#648 = ORIENTED_EDGE ( 'NONE', *, *, #2048, .T. ) ;
#649 = CARTESIAN_POINT ( 'NONE',  ( -5.253288904374003643, 94.12768161796614663, 15.91796077701765988 ) ) ;
#650 = VERTEX_POINT ( 'NONE', #2410 ) ;
#651 = ORIENTED_EDGE ( 'NONE', *, *, #3438, .F. ) ;
#652 = EDGE_CURVE ( 'NONE', #6621, #5488, #5589, .T. ) ;
#653 = DIRECTION ( 'NONE',  ( -1.110223024625156540E-16, -3.061276722312012491E-16, 1.000000000000000000 ) ) ;
#654 = FACE_OUTER_BOUND ( 'NONE', #4675, .T. ) ;
#655 = ORIENTED_EDGE ( 'NONE', *, *, #4492, .T. ) ;
#656 = CARTESIAN_POINT ( 'NONE',  ( -16.79070179011733899, 94.12768161796614663, -2.659385905683840701 ) ) ;
#657 = CARTESIAN_POINT ( 'NONE',  ( -16.82799374557762206, -3.904999999999963833, 2.412182932283589487 ) ) ;
#658 = AXIS2_PLACEMENT_3D ( 'NONE', #8367, #617, #4045 ) ;
#659 = ORIENTED_EDGE ( 'NONE', *, *, #1725, .F. ) ;
#660 = DIRECTION ( 'NONE',  ( -1.120801499359495711E-31, -1.000000000000000000, -3.111048790438776325E-16 ) ) ;
#661 = CARTESIAN_POINT ( 'NONE',  ( 16.79070179011734965, 1.095000000000040385, 2.659385905683764317 ) ) ;
#662 = AXIS2_PLACEMENT_3D ( 'NONE', #6719, #6780, #11094 ) ;
#663 = CARTESIAN_POINT ( 'NONE',  ( -13.89874408142000384, 94.12768161796608979, 9.789020020369395780 ) ) ;
#664 = VERTEX_POINT ( 'NONE', #9160 ) ;
#665 = ORIENTED_EDGE ( 'NONE', *, *, #100, .T. ) ;
#666 = EDGE_LOOP ( 'NONE', ( #9484, #4127, #9522, #4892 ) ) ;
#667 = DIRECTION ( 'NONE',  ( -1.613839565122628308E-31, -1.000000000000000000, -3.111048790438776325E-16 ) ) ;
#668 = DIRECTION ( 'NONE',  ( 0.000000000000000000, 0.000000000000000000, 1.000000000000000000 ) ) ;
#669 = DIRECTION ( 'NONE',  ( 0.000000000000000000, 0.000000000000000000, 1.000000000000000000 ) ) ;
#670 = LINE ( 'NONE', #3590, #1632 ) ;
#671 = EDGE_CURVE ( 'NONE', #9015, #10637, #916, .T. ) ;
#672 = CARTESIAN_POINT ( 'NONE',  ( 9.048200446567541633, -3.904999999999991811, 14.39201405914874954 ) ) ;
#673 = VECTOR ( 'NONE', #5601, 1000.000000000000000 ) ;
#674 = CARTESIAN_POINT ( 'NONE',  ( 13.89874408141994166, 94.12768161796608979, -9.789020020369417097 ) ) ;
#675 = DIRECTION ( 'NONE',  ( 0.000000000000000000, 0.000000000000000000, 1.000000000000000000 ) ) ;
#676 = ORIENTED_EDGE ( 'NONE', *, *, #7396, .F. ) ;
#677 = EDGE_LOOP ( 'NONE', ( #10135, #1472 ) ) ;
#678 = DIRECTION ( 'NONE',  ( -2.106877630885760906E-31, -1.000000000000000000, -3.111048790438772381E-16 ) ) ;
#679 = DIRECTION ( 'NONE',  ( -3.583126979299020263E-32, 1.000000000000000000, 3.111048790438776325E-16 ) ) ;
#680 = CARTESIAN_POINT ( 'NONE',  ( -1.540743955509788682E-30, -3.904999999999991811, 6.938893903907228378E-15 ) ) ;
#681 = VERTEX_POINT ( 'NONE', #4443 ) ;
#682 = ORIENTED_EDGE ( 'NONE', *, *, #2560, .T. ) ;
#683 = EDGE_CURVE ( 'NONE', #8321, #650, #1476, .T. ) ;
#684 = CARTESIAN_POINT ( 'NONE',  ( 16.93117546539302865, 94.12768161796614663, 1.528167975084107510 ) ) ;
#685 = FACE_OUTER_BOUND ( 'NONE', #6681, .T. ) ;
#686 = ADVANCED_FACE ( 'NONE', ( #5621 ), #139, .F. ) ;
#687 = CARTESIAN_POINT ( 'NONE',  ( -1.540743955509788682E-30, -3.904999999999991811, 6.938893903907228378E-15 ) ) ;
#688 = AXIS2_PLACEMENT_3D ( 'NONE', #4641, #1135, #8019 ) ;
#689 = DIRECTION ( 'NONE',  ( -3.583126979299020263E-32, 1.000000000000000000, 3.111048790438776325E-16 ) ) ;
#690 = VERTEX_POINT ( 'NONE', #7303 ) ;
#691 = CARTESIAN_POINT ( 'NONE',  ( -2.025415480195250861, -3.904999999999991811, -16.87891264663057100 ) ) ;
#692 = EDGE_CURVE ( 'NONE', #5554, #305, #9093, .T. ) ;
#693 = ORIENTED_EDGE ( 'NONE', *, *, #2018, .T. ) ;
#694 = EDGE_CURVE ( 'NONE', #2804, #5524, #8993, .T. ) ;
#695 = ADVANCED_FACE ( 'NONE', ( #4513, #1114 ), #7999, .T. ) ;
#696 = LINE ( 'NONE', #7928, #5234 ) ;
#697 = ORIENTED_EDGE ( 'NONE', *, *, #9206, .F. ) ;
#698 = CARTESIAN_POINT ( 'NONE',  ( 16.99816176470586626, 1.095000000000012630, -0.2499932416906297528 ) ) ;
#699 = AXIS2_PLACEMENT_3D ( 'NONE', #2933, #1067, #4453 ) ;
#700 = CYLINDRICAL_SURFACE ( 'NONE', #5436, 17.00000000000000355 ) ;
#701 = ORIENTED_EDGE ( 'NONE', *, *, #3527, .F. ) ;
#702 = DIRECTION ( 'NONE',  ( -3.583126979299020263E-32, 1.000000000000000000, 3.111048790438776325E-16 ) ) ;
#703 = ORIENTED_EDGE ( 'NONE', *, *, #8736, .F. ) ;
#704 = EDGE_CURVE ( 'NONE', #11313, #9220, #7243, .T. ) ;
#705 = VERTEX_POINT ( 'NONE', #2043 ) ;
#706 = CARTESIAN_POINT ( 'NONE',  ( -1.540743955509788682E-30, 39.99999999999997868, 1.387778780781445676E-14 ) ) ;
#707 = AXIS2_PLACEMENT_3D ( 'NONE', #4859, #3102, #6651 ) ;
#708 = VERTEX_POINT ( 'NONE', #6373 ) ;
#709 = FACE_OUTER_BOUND ( 'NONE', #5018, .T. ) ;
#710 = CARTESIAN_POINT ( 'NONE',  ( -3.534498743901803408, 94.12768161796614663, 16.37850921247473934 ) ) ;
#711 = ORIENTED_EDGE ( 'NONE', *, *, #8751, .T. ) ;
#712 = AXIS2_PLACEMENT_3D ( 'NONE', #8266, #5530, #9126 ) ;
#713 = DIRECTION ( 'NONE',  ( -3.583126979299020263E-32, 1.000000000000000000, 3.111048790438776325E-16 ) ) ;
#714 = ADVANCED_FACE ( 'NONE', ( #946 ), #5558, .T. ) ;
#715 = AXIS2_PLACEMENT_3D ( 'NONE', #2143, #3832, #9196 ) ;
#716 = LINE ( 'NONE', #8652, #7815 ) ;
#717 = ORIENTED_EDGE ( 'NONE', *, *, #8632, .T. ) ;
#718 = EDGE_LOOP ( 'NONE', ( #10021, #6463, #4198, #1814 ) ) ;
#719 = AXIS2_PLACEMENT_3D ( 'NONE', #3755, #7314, #4161 ) ;
#720 = VERTEX_POINT ( 'NONE', #2876 ) ;
#721 = CYLINDRICAL_SURFACE ( 'NONE', #8965, 0.2500000000000004441 ) ;
#722 = DIRECTION ( 'NONE',  ( -1.120801499359495711E-31, -1.000000000000000000, -3.111048790438776325E-16 ) ) ;
#723 = CYLINDRICAL_SURFACE ( 'NONE', #8475, 17.00000000000000355 ) ;
#724 = DIRECTION ( 'NONE',  ( 0.000000000000000000, 0.000000000000000000, -1.000000000000000000 ) ) ;
#725 = AXIS2_PLACEMENT_3D ( 'NONE', #5916, #3565, #4501 ) ;
#726 = DIRECTION ( 'NONE',  ( 0.000000000000000000, 0.000000000000000000, 1.000000000000000000 ) ) ;
#727 = CIRCLE ( 'NONE', #8916, 17.00000000000000000 ) ;
#728 = EDGE_CURVE ( 'NONE', #4463, #7963, #6686, .T. ) ;
#729 = AXIS2_PLACEMENT_3D ( 'NONE', #1936, #1988, #9964 ) ;
#730 = DIRECTION ( 'NONE',  ( 1.837426895219298778E-31, -1.000000000000000000, -3.111048790438772381E-16 ) ) ;
#731 = CIRCLE ( 'NONE', #1313, 0.2500000000000002220 ) ;
#732 = VECTOR ( 'NONE', #6983, 1000.000000000000000 ) ;
#733 = DIRECTION ( 'NONE',  ( -1.110223024625156540E-16, -4.081702296416015997E-16, 1.000000000000000000 ) ) ;
#734 = ORIENTED_EDGE ( 'NONE', *, *, #5650, .F. ) ;
#735 = ORIENTED_EDGE ( 'NONE', *, *, #2346, .F. ) ;
#736 = ADVANCED_FACE ( 'NONE', ( #10678 ), #3629, .T. ) ;
#737 = DIRECTION ( 'NONE',  ( -1.110223024625156540E-16, -4.081702296416015997E-16, 1.000000000000000000 ) ) ;
#738 = CARTESIAN_POINT ( 'NONE',  ( -16.48366646006523695, 94.12768161796603295, -4.157973067892541508 ) ) ;
#739 = LINE ( 'NONE', #6977, #10251 ) ;
#740 = CYLINDRICAL_SURFACE ( 'NONE', #10125, 0.2500000000000002220 ) ;
#741 = CIRCLE ( 'NONE', #9111, 0.2500000000000006661 ) ;
#742 = CIRCLE ( 'NONE', #193, 0.2500000000000002220 ) ;
#743 = DIRECTION ( 'NONE',  ( 2.330464960982431813E-31, -1.000000000000000000, -3.111048790438772381E-16 ) ) ;
#744 = VECTOR ( 'NONE', #6592, 1000.000000000000000 ) ;
#745 = AXIS2_PLACEMENT_3D ( 'NONE', #2307, #11114, #1430 ) ;
#746 = CARTESIAN_POINT ( 'NONE',  ( -1.540743955509788682E-30, 39.99999999999997868, 1.387778780781445676E-14 ) ) ;
#747 = CARTESIAN_POINT ( 'NONE',  ( 6.685395064248038643, 1.095000000000068141, -15.63027488033807977 ) ) ;
#748 = ADVANCED_FACE ( 'NONE', ( #10907 ), #10729, .F. ) ;
#749 = ORIENTED_EDGE ( 'NONE', *, *, #8932, .F. ) ;
#751 = AXIS2_PLACEMENT_3D ( 'NONE', #11053, #7429, #10204 ) ;
#750 = CYLINDRICAL_SURFACE ( 'NONE', #10081, 0.2500000000000002220 ) ;
#752 = ORIENTED_EDGE ( 'NONE', *, *, #1030, .T. ) ;
#753 = CIRCLE ( 'NONE', #7270, 17.00000000000000000 ) ;
#754 = EDGE_CURVE ( 'NONE', #6453, #2810, #6470, .T. ) ;
#755 = CIRCLE ( 'NONE', #3558, 0.2500000000000002220 ) ;
#756 = CARTESIAN_POINT ( 'NONE',  ( 10.89157104706446866, 1.095000000000012630, 13.05272692301295123 ) ) ;
#757 = ORIENTED_EDGE ( 'NONE', *, *, #3092, .T. ) ;
#758 = DIRECTION ( 'NONE',  ( 0.000000000000000000, 0.000000000000000000, -1.000000000000000000 ) ) ;
#759 = AXIS2_PLACEMENT_3D ( 'NONE', #1733, #10575, #57 ) ;
#760 = AXIS2_PLACEMENT_3D ( 'NONE', #9922, #9970, #4447 ) ;
#761 = EDGE_CURVE ( 'NONE', #11032, #5618, #10969, .T. ) ;
#762 = DIRECTION ( 'NONE',  ( 0.000000000000000000, 0.000000000000000000, -1.000000000000000000 ) ) ;
#763 = EDGE_CURVE ( 'NONE', #7963, #10024, #10778, .T. ) ;
#764 = AXIS2_PLACEMENT_3D ( 'NONE', #2020, #290, #10943 ) ;
#765 = CIRCLE ( 'NONE', #9881, 0.2500000000000002220 ) ;
#766 = VECTOR ( 'NONE', #6800, 1000.000000000000227 ) ;
#767 = EDGE_CURVE ( 'NONE', #5270, #9949, #9662, .T. ) ;
#768 = AXIS2_PLACEMENT_3D ( 'NONE', #1455, #6589, #2394 ) ;
#769 = ADVANCED_FACE ( 'NONE', ( #195 ), #3739, .T. ) ;
#770 = ORIENTED_EDGE ( 'NONE', *, *, #631, .F. ) ;
#771 = VERTEX_POINT ( 'NONE', #7721 ) ;
#772 = CARTESIAN_POINT ( 'NONE',  ( -1.540743955509788682E-30, 39.99999999999997868, 1.387778780781445676E-14 ) ) ;
#773 = ORIENTED_EDGE ( 'NONE', *, *, #333, .T. ) ;
#774 = CIRCLE ( 'NONE', #7288, 0.2500000000000002220 ) ;
#775 = DIRECTION ( 'NONE',  ( 0.000000000000000000, 0.000000000000000000, -1.000000000000000000 ) ) ;
#776 = ORIENTED_EDGE ( 'NONE', *, *, #6841, .F. ) ;
#777 = CARTESIAN_POINT ( 'NONE',  ( -14.25739965507215246, 1.095000000000040385, 9.258863595255531820 ) ) ;
#778 = CARTESIAN_POINT ( 'NONE',  ( -1.540743955509788682E-30, 39.99999999999997868, 1.387778780781445676E-14 ) ) ;
#779 = AXIS2_PLACEMENT_3D ( 'NONE', #4365, #4307, #2616 ) ;
#780 = AXIS2_PLACEMENT_3D ( 'NONE', #6142, #713, #7063 ) ;
#781 = CYLINDRICAL_SURFACE ( 'NONE', #3566, 17.00000000000000355 ) ;
#782 = CIRCLE ( 'NONE', #1150, 0.2500000000000006661 ) ;
#783 = EDGE_CURVE ( 'NONE', #2074, #10863, #1102, .T. ) ;
#784 = EDGE_CURVE ( 'NONE', #478, #5550, #9103, .T. ) ;
#785 = AXIS2_PLACEMENT_3D ( 'NONE', #1423, #8482, #2302 ) ;
#786 = CARTESIAN_POINT ( 'NONE',  ( 16.16796077701764389, -3.904999999999991811, 5.003288904373959234 ) ) ;
#787 = ORIENTED_EDGE ( 'NONE', *, *, #303, .T. ) ;
#788 = ORIENTED_EDGE ( 'NONE', *, *, #5821, .T. ) ;
#789 = CIRCLE ( 'NONE', #412, 17.00000000000000355 ) ;
#790 = ORIENTED_EDGE ( 'NONE', *, *, #9024, .F. ) ;
#791 = DIRECTION ( 'NONE',  ( 0.000000000000000000, 0.000000000000000000, -1.000000000000000000 ) ) ;
#792 = DIRECTION ( 'NONE',  ( 2.330464960982432251E-31, -1.000000000000000000, -3.111048790438776325E-16 ) ) ;
#793 = CYLINDRICAL_SURFACE ( 'NONE', #9397, 12.00000000000000533 ) ;
#794 = DIRECTION ( 'NONE',  ( 1.837426895219299873E-31, -1.000000000000000000, -3.111048790438776325E-16 ) ) ;
#795 = DIRECTION ( 'NONE',  ( -3.583126979299020263E-32, 1.000000000000000000, 3.111048790438776325E-16 ) ) ;
#796 = LINE ( 'NONE', #11294, #10652 ) ;
#797 = CYLINDRICAL_SURFACE ( 'NONE', #10232, 17.00000000000000355 ) ;
#798 = ORIENTED_EDGE ( 'NONE', *, *, #10653, .T. ) ;
#799 = VERTEX_POINT ( 'NONE', #8653 ) ;
#800 = ORIENTED_EDGE ( 'NONE', *, *, #10670, .F. ) ;
#801 = DIRECTION ( 'NONE',  ( 0.000000000000000000, 0.000000000000000000, -1.000000000000000000 ) ) ;
#802 = CYLINDRICAL_SURFACE ( 'NONE', #9325, 0.2500000000000002220 ) ;
#803 = DIRECTION ( 'NONE',  ( -1.110223024625156540E-16, -3.061276722312012491E-16, 1.000000000000000000 ) ) ;
#804 = CARTESIAN_POINT ( 'NONE',  ( 14.84583652671807208, -3.904999999999991811, 8.282580384274186969 ) ) ;
#805 = EDGE_CURVE ( 'NONE', #1096, #8468, #742, .T. ) ;
#806 = ORIENTED_EDGE ( 'NONE', *, *, #2501, .T. ) ;
#807 = DIRECTION ( 'NONE',  ( -3.583126979299020263E-32, 1.000000000000000000, 3.111048790438776325E-16 ) ) ;
#808 = DIRECTION ( 'NONE',  ( -3.583126979299020263E-32, 1.000000000000000000, 3.111048790438776325E-16 ) ) ;
#809 = CARTESIAN_POINT ( 'NONE',  ( 16.62850921247471447, -3.904999999999963833, 3.534498743901749673 ) ) ;
#810 = EDGE_LOOP ( 'NONE', ( #1705, #6766, #5661, #5538 ) ) ;
#811 = EDGE_CURVE ( 'NONE', #5128, #6946, #4279, .T. ) ;
#812 = FACE_OUTER_BOUND ( 'NONE', #10702, .T. ) ;
#813 = ORIENTED_EDGE ( 'NONE', *, *, #5795, .T. ) ;
#814 = DIRECTION ( 'NONE',  ( -8.742824664779295218E-32, -1.000000000000000000, -3.111048790438776325E-16 ) ) ;
#815 = ORIENTED_EDGE ( 'NONE', *, *, #7463, .F. ) ;
#816 = CARTESIAN_POINT ( 'NONE',  ( 16.79070179011729280, 94.12768161796614663, -2.659385905684069407 ) ) ;
#817 = EDGE_CURVE ( 'NONE', #8182, #9229, #10789, .T. ) ;
#818 = CARTESIAN_POINT ( 'NONE',  ( 15.87086725045246816, 94.12768161796614663, 6.092255142269991985 ) ) ;
#819 = ORIENTED_EDGE ( 'NONE', *, *, #2926, .T. ) ;
#820 = ORIENTED_EDGE ( 'NONE', *, *, #467, .T. ) ;
#821 = CARTESIAN_POINT ( 'NONE',  ( -16.67868766460508922, -3.904999999999963833, 3.289586263734371574 ) ) ;
#822 = ORIENTED_EDGE ( 'NONE', *, *, #2577, .T. ) ;
#823 = ORIENTED_EDGE ( 'NONE', *, *, #9051, .T. ) ;
#824 = CARTESIAN_POINT ( 'NONE',  ( -1.540743955509788682E-30, 39.99999999999997868, 1.387778780781445676E-14 ) ) ;
#825 = EDGE_CURVE ( 'NONE', #10596, #350, #1365, .T. ) ;
#826 = DIRECTION ( 'NONE',  ( -3.583126979299020263E-32, 1.000000000000000000, 3.111048790438776325E-16 ) ) ;
#827 = DIRECTION ( 'NONE',  ( 1.837426895219298997E-31, -1.000000000000000000, -3.111048790438772381E-16 ) ) ;
#828 = EDGE_CURVE ( 'NONE', #1357, #5552, #4927, .T. ) ;
#829 = DIRECTION ( 'NONE',  ( 2.823503026745565068E-31, -1.000000000000000000, -3.111048790438776325E-16 ) ) ;
#830 = ORIENTED_EDGE ( 'NONE', *, *, #4505, .T. ) ;
#831 = ORIENTED_EDGE ( 'NONE', *, *, #4650, .F. ) ;
#832 = ORIENTED_EDGE ( 'NONE', *, *, #6762, .F. ) ;
#833 = ADVANCED_FACE ( 'NONE', ( #7599 ), #3240, .F. ) ;
#834 = CIRCLE ( 'NONE', #7354, 0.2500000000000002220 ) ;
#835 = CARTESIAN_POINT ( 'NONE',  ( 14.84583652671784115, 94.12768161796608979, -8.282580384274547569 ) ) ;
#836 = CARTESIAN_POINT ( 'NONE',  ( -13.75328890437411111, -3.904999999999991811, -9.992349288972016907 ) ) ;
#837 = DIRECTION ( 'NONE',  ( 5.432019725910758471E-32, -1.000000000000000000, -3.111048790438772381E-16 ) ) ;
#838 = EDGE_CURVE ( 'NONE', #5877, #11078, #5217, .T. ) ;
#839 = EDGE_CURVE ( 'NONE', #1084, #9501, #7255, .T. ) ;
#840 = LINE ( 'NONE', #10629, #8728 ) ;
#841 = CARTESIAN_POINT ( 'NONE',  ( 6.914522932288711843, -3.904999999999991811, 15.53027277992416444 ) ) ;
#842 = CIRCLE ( 'NONE', #1772, 0.2500000000000002220 ) ;
#843 = DIRECTION ( 'NONE',  ( 0.000000000000000000, 0.000000000000000000, -1.000000000000000000 ) ) ;
#844 = DIRECTION ( 'NONE',  ( -1.120801499359495711E-31, -1.000000000000000000, -3.111048790438776325E-16 ) ) ;
#845 = ORIENTED_EDGE ( 'NONE', *, *, #728, .F. ) ;
#846 = ORIENTED_EDGE ( 'NONE', *, *, #10363, .T. ) ;
#847 = ORIENTED_EDGE ( 'NONE', *, *, #6359, .F. ) ;
#848 = ORIENTED_EDGE ( 'NONE', *, *, #9735, .T. ) ;
#849 = DIRECTION ( 'NONE',  ( 1.837426895219299873E-31, -1.000000000000000000, -3.111048790438776325E-16 ) ) ;
#850 = CARTESIAN_POINT ( 'NONE',  ( -16.82799374557763983, -3.904999999999991811, -2.412182932283478465 ) ) ;
#851 = DIRECTION ( 'NONE',  ( 7.280912472522505984E-32, -1.000000000000000000, -3.111048790438772381E-16 ) ) ;
#852 = CARTESIAN_POINT ( 'NONE',  ( -1.540743955509788682E-30, -3.904999999999991811, 6.938893903907228378E-15 ) ) ;
#853 = ORIENTED_EDGE ( 'NONE', *, *, #8726, .T. ) ;
#854 = DIRECTION ( 'NONE',  ( -3.583126979299020263E-32, 1.000000000000000000, 3.111048790438776325E-16 ) ) ;
#855 = AXIS2_PLACEMENT_3D ( 'NONE', #1233, #5798, #1291 ) ;
#856 = EDGE_CURVE ( 'NONE', #8706, #2513, #11201, .T. ) ;
#857 = DIRECTION ( 'NONE',  ( -1.110223024625156540E-16, -3.061276722312011998E-16, 1.000000000000000000 ) ) ;
#858 = EDGE_CURVE ( 'NONE', #5860, #708, #4903, .T. ) ;
#859 = CIRCLE ( 'NONE', #11293, 0.2500000000000002220 ) ;
#860 = LINE ( 'NONE', #10533, #7436 ) ;
#861 = EDGE_LOOP ( 'NONE', ( #5314, #10958, #7707, #9740 ) ) ;
#862 = CARTESIAN_POINT ( 'NONE',  ( -14.25739965507215246, -3.904999999999963833, 9.258863595255524714 ) ) ;
#863 = ORIENTED_EDGE ( 'NONE', *, *, #274, .F. ) ;
#864 = DIRECTION ( 'NONE',  ( -1.110223024625156540E-16, -3.061276722312011998E-16, 1.000000000000000000 ) ) ;
#865 = CARTESIAN_POINT ( 'NONE',  ( 0.8897112561301585565, 94.12768161796614663, 16.97670209082777859 ) ) ;
#866 = DIRECTION ( 'NONE',  ( -1.110223024625156540E-16, -4.081702296416015997E-16, 1.000000000000000000 ) ) ;
#867 = AXIS2_PLACEMENT_3D ( 'NONE', #10926, #3112, #6660 ) ;
#868 = DIRECTION ( 'NONE',  ( -3.583126979299020263E-32, 1.000000000000000000, 3.111048790438776325E-16 ) ) ;
#869 = CYLINDRICAL_SURFACE ( 'NONE', #5758, 0.2500000000000002220 ) ;
#870 = ORIENTED_EDGE ( 'NONE', *, *, #200, .T. ) ;
#871 = VERTEX_POINT ( 'NONE', #8452 ) ;
#872 = ORIENTED_EDGE ( 'NONE', *, *, #6659, .F. ) ;
#873 =( NAMED_UNIT ( * ) PLANE_ANGLE_UNIT ( ) SI_UNIT ( $, .RADIAN. ) );
#874 = EDGE_CURVE ( 'NONE', #3236, #6203, #460, .T. ) ;
#875 = ORIENTED_EDGE ( 'NONE', *, *, #2117, .T. ) ;
#876 = CARTESIAN_POINT ( 'NONE',  ( -1.540743955509788682E-30, 1.095000000000012630, 0.000000000000000000 ) ) ;
#877 = ORIENTED_EDGE ( 'NONE', *, *, #3034, .F. ) ;
#878 = DIRECTION ( 'NONE',  ( -3.583126979299020263E-32, 1.000000000000000000, 3.111048790438776325E-16 ) ) ;
#879 = DIRECTION ( 'NONE',  ( -3.583126979299020263E-32, 1.000000000000000000, 3.111048790438776325E-16 ) ) ;
#880 = AXIS2_PLACEMENT_3D ( 'NONE', #1943, #9925, #147 ) ;
#881 = DIRECTION ( 'NONE',  ( -1.110223024625156540E-16, -4.081702296416015997E-16, 1.000000000000000000 ) ) ;
#882 = CIRCLE ( 'NONE', #5364, 17.00000000000000355 ) ;
#883 = DIRECTION ( 'NONE',  ( -1.110223024625156540E-16, -3.069126149805117475E-16, 1.000000000000000000 ) ) ;
#884 = AXIS2_PLACEMENT_3D ( 'NONE', #5306, #73, #3346 ) ;
#885 = VERTEX_POINT ( 'NONE', #6699 ) ;
#886 = ORIENTED_EDGE ( 'NONE', *, *, #8072, .T. ) ;
#887 = EDGE_CURVE ( 'NONE', #6571, #4901, #4074, .T. ) ;
#888 = EDGE_LOOP ( 'NONE', ( #8695, #8600 ) ) ;
#889 = DIRECTION ( 'NONE',  ( -1.110223024625156540E-16, -3.252606517456511823E-16, 1.000000000000000000 ) ) ;
#890 = DIRECTION ( 'NONE',  ( 0.000000000000000000, 0.000000000000000000, 1.000000000000000000 ) ) ;
#891 = AXIS2_PLACEMENT_3D ( 'NONE', #8207, #10881, #234 ) ;
#892 = CIRCLE ( 'NONE', #7411, 0.2500000000000002220 ) ;
#893 = DIRECTION ( 'NONE',  ( -1.110223024625156540E-16, -4.081702296416015997E-16, 1.000000000000000000 ) ) ;
#894 = DIRECTION ( 'NONE',  ( 3.583126979299020263E-32, -1.000000000000000000, -3.111048790438776325E-16 ) ) ;
#895 = EDGE_CURVE ( 'NONE', #4084, #6990, #10986, .T. ) ;
#896 = DIRECTION ( 'NONE',  ( 0.000000000000000000, 0.000000000000000000, -1.000000000000000000 ) ) ;
#897 = AXIS2_PLACEMENT_3D ( 'NONE', #5489, #3783, #7338 ) ;
#898 = AXIS2_PLACEMENT_3D ( 'NONE', #8128, #4746, #8299 ) ;
#899 = DIRECTION ( 'NONE',  ( 0.000000000000000000, 0.000000000000000000, 1.000000000000000000 ) ) ;
#900 = VECTOR ( 'NONE', #9541, 1000.000000000000000 ) ;
#901 = ADVANCED_FACE ( 'NONE', ( #1446 ), #7700, .F. ) ;
#902 = ADVANCED_FACE ( 'NONE', ( #2103 ), #9204, .F. ) ;
#903 = LINE ( 'NONE', #4529, #2060 ) ;
#904 = ORIENTED_EDGE ( 'NONE', *, *, #2118, .F. ) ;
#905 = ORIENTED_EDGE ( 'NONE', *, *, #817, .T. ) ;
#906 = ORIENTED_EDGE ( 'NONE', *, *, #2049, .T. ) ;
#907 = ADVANCED_FACE ( 'NONE', ( #1681 ), #6121, .F. ) ;
#908 = ORIENTED_EDGE ( 'NONE', *, *, #10202, .F. ) ;
#909 = CYLINDRICAL_SURFACE ( 'NONE', #8017, 0.2500000000000002220 ) ;
#910 = CARTESIAN_POINT ( 'NONE',  ( 3.735791718036014413E-15, -10.60499999999999865, -16.00000000000000711 ) ) ;
#911 = DIRECTION ( 'NONE',  ( 2.330464960982431813E-31, -1.000000000000000000, -3.111048790438772381E-16 ) ) ;
#912 = CIRCLE ( 'NONE', #1848, 0.2500000000000002220 ) ;
#913 = ORIENTED_EDGE ( 'NONE', *, *, #4813, .T. ) ;
#914 = CARTESIAN_POINT ( 'NONE',  ( -1.540743955509788682E-30, 1.095000000000012630, 0.000000000000000000 ) ) ;
#915 = AXIS2_PLACEMENT_3D ( 'NONE', #2166, #8586, #11096 ) ;
#916 = CIRCLE ( 'NONE', #729, 0.2500000000000002220 ) ;
#917 = VECTOR ( 'NONE', #6016, 1000.000000000000000 ) ;
#918 = DIRECTION ( 'NONE',  ( 0.000000000000000000, 0.000000000000000000, -1.000000000000000000 ) ) ;
#919 = CARTESIAN_POINT ( 'NONE',  ( -1.528167975084131047, 94.12768161796614663, 16.93117546539307128 ) ) ;
#920 = AXIS2_PLACEMENT_3D ( 'NONE', #8270, #10114, #4943 ) ;
#921 = ORIENTED_EDGE ( 'NONE', *, *, #11309, .F. ) ;
#922 = DIRECTION ( 'NONE',  ( 0.000000000000000000, 0.000000000000000000, -1.000000000000000000 ) ) ;
#923 = ORIENTED_EDGE ( 'NONE', *, *, #10084, .T. ) ;
#924 = CARTESIAN_POINT ( 'NONE',  ( -15.53027277992417154, -3.904999999999991811, 6.664522932288676316 ) ) ;
#925 = EDGE_LOOP ( 'NONE', ( #8045, #3963, #7174, #6750 ) ) ;
#926 = CARTESIAN_POINT ( 'NONE',  ( -16.74977862752248470, -3.904999999999963833, 2.906013752374696058 ) ) ;
#927 = VECTOR ( 'NONE', #6369, 1000.000000000000000 ) ;
#928 = EDGE_CURVE ( 'NONE', #6938, #9283, #4370, .T. ) ;
#929 = DIRECTION ( 'NONE',  ( 1.837426895219299873E-31, -1.000000000000000000, -3.111048790438776325E-16 ) ) ;
#930 = CARTESIAN_POINT ( 'NONE',  ( 1.562572295893935450E-15, 23.29500000000001236, -13.79155730658014711 ) ) ;
#931 = CARTESIAN_POINT ( 'NONE',  ( -1.540743955509788682E-30, 1.095000000000012630, 0.000000000000000000 ) ) ;
#932 = VECTOR ( 'NONE', #6061, 1000.000000000000000 ) ;
#933 = DIRECTION ( 'NONE',  ( 6.664614890318599270E-32, -1.000000000000000000, -3.111048790438776325E-16 ) ) ;
#934 = AXIS2_PLACEMENT_3D ( 'NONE', #2442, #7795, #801 ) ;
#935 = DIRECTION ( 'NONE',  ( -1.110223024625156540E-16, -3.061276722312012491E-16, 1.000000000000000000 ) ) ;
#936 = ORIENTED_EDGE ( 'NONE', *, *, #9943, .T. ) ;
#937 = ORIENTED_EDGE ( 'NONE', *, *, #5894, .F. ) ;
#938 = ORIENTED_EDGE ( 'NONE', *, *, #1964, .T. ) ;
#939 = AXIS2_PLACEMENT_3D ( 'NONE', #8541, #7611, #11173 ) ;
#940 = VERTEX_POINT ( 'NONE', #2627 ) ;
#941 = AXIS2_PLACEMENT_3D ( 'NONE', #5760, #7446, #1380 ) ;
#942 = DIRECTION ( 'NONE',  ( -8.742824664779303976E-32, -1.000000000000000000, -3.111048790438772381E-16 ) ) ;
#943 = EDGE_LOOP ( 'NONE', ( #5068, #10736, #906, #3647 ) ) ;
#944 = EDGE_CURVE ( 'NONE', #2880, #1769, #1490, .T. ) ;
#945 = DIRECTION ( 'NONE',  ( 3.583126979299020263E-32, -1.000000000000000000, -3.111048790438776325E-16 ) ) ;
#946 = FACE_OUTER_BOUND ( 'NONE', #5779, .T. ) ;
#947 = AXIS2_PLACEMENT_3D ( 'NONE', #5413, #4761, #9120 ) ;
#948 = CIRCLE ( 'NONE', #6905, 0.2500000000000002220 ) ;
#949 = CARTESIAN_POINT ( 'NONE',  ( 9.789020020369020969, -3.904999999999936300, -13.89874408142024365 ) ) ;
#950 = CIRCLE ( 'NONE', #10051, 0.2500000000000002220 ) ;
#951 = AXIS2_PLACEMENT_3D ( 'NONE', #6568, #5700, #8371 ) ;
#952 = CIRCLE ( 'NONE', #7475, 17.00000000000000000 ) ;
#953 = LINE ( 'NONE', #8241, #2416 ) ;
#954 = VERTEX_POINT ( 'NONE', #691 ) ;
#955 = ORIENTED_EDGE ( 'NONE', *, *, #9452, .F. ) ;
#956 = ORIENTED_EDGE ( 'NONE', *, *, #10482, .F. ) ;
#957 = AXIS2_PLACEMENT_3D ( 'NONE', #10403, #2312, #9303 ) ;
#958 = CARTESIAN_POINT ( 'NONE',  ( -16.97670209082773951, 94.12768161796614663, 0.6397112561301527833 ) ) ;
#959 = DIRECTION ( 'NONE',  ( 0.000000000000000000, 0.000000000000000000, -1.000000000000000000 ) ) ;
#960 = VECTOR ( 'NONE', #8357, 1000.000000000000000 ) ;
#961 = AXIS2_PLACEMENT_3D ( 'NONE', #2572, #868, #4430 ) ;
#962 = DIRECTION ( 'NONE',  ( 0.000000000000000000, 0.000000000000000000, -1.000000000000000000 ) ) ;
#963 = DIRECTION ( 'NONE',  ( -3.583126979299020263E-32, 1.000000000000000000, 3.111048790438776325E-16 ) ) ;
#964 = ORIENTED_EDGE ( 'NONE', *, *, #7029, .F. ) ;
#965 = FACE_OUTER_BOUND ( 'NONE', #5027, .T. ) ;
#966 = AXIS2_PLACEMENT_3D ( 'NONE', #8312, #6277, #6336 ) ;
#967 = EDGE_CURVE ( 'NONE', #9815, #5188, #7977, .T. ) ;
#968 = AXIS2_PLACEMENT_3D ( 'NONE', #1524, #6129, #6824 ) ;
#969 = CARTESIAN_POINT ( 'NONE',  ( -1.540743955509788682E-30, 1.095000000000012630, 0.000000000000000000 ) ) ;
#970 = CIRCLE ( 'NONE', #7293, 0.2500000000000006661 ) ;
#971 = DIRECTION ( 'NONE',  ( -2.106877630885760906E-31, -1.000000000000000000, -3.111048790438772381E-16 ) ) ;
#972 = EDGE_LOOP ( 'NONE', ( #5619, #8123 ) ) ;
#973 = ORIENTED_EDGE ( 'NONE', *, *, #6590, .T. ) ;
#974 = VERTEX_POINT ( 'NONE', #2383 ) ;
#975 = EDGE_CURVE ( 'NONE', #5289, #7949, #4835, .T. ) ;
#976 = EDGE_LOOP ( 'NONE', ( #1688, #2112, #60, #4079 ) ) ;
#977 = DIRECTION ( 'NONE',  ( -3.583126979299020263E-32, 1.000000000000000000, 3.111048790438776325E-16 ) ) ;
#978 = CYLINDRICAL_SURFACE ( 'NONE', #1331, 17.00000000000000355 ) ;
#979 = DIRECTION ( 'NONE',  ( -3.583126979299020263E-32, 1.000000000000000000, 3.111048790438776325E-16 ) ) ;
#980 = DIRECTION ( 'NONE',  ( -3.583126979299020263E-32, 1.000000000000000000, 3.111048790438776325E-16 ) ) ;
#981 = EDGE_LOOP ( 'NONE', ( #9477, #5191, #3104, #4344 ) ) ;
#982 = DIRECTION ( 'NONE',  ( 4.815722143706842998E-32, -1.000000000000000000, -3.111048790438772381E-16 ) ) ;
#983 = SHAPE_DEFINITION_REPRESENTATION ( #3668, #5260 ) ;
#984 = CIRCLE ( 'NONE', #6555, 0.2500000000000002220 ) ;
#985 = CIRCLE ( 'NONE', #4142, 17.00000000000000000 ) ;
#986 = ADVANCED_FACE ( 'NONE', ( #1516 ), #4197, .T. ) ;
#987 = FACE_OUTER_BOUND ( 'NONE', #2333, .T. ) ;
#988 = DIRECTION ( 'NONE',  ( 1.097869796574599992E-31, -1.000000000000000000, -3.111048790438772381E-16 ) ) ;
#989 = EDGE_CURVE ( 'NONE', #1393, #6496, #3325, .T. ) ;
#990 = ORIENTED_EDGE ( 'NONE', *, *, #5980, .T. ) ;
#991 = CARTESIAN_POINT ( 'NONE',  ( 13.05272692301291038, -3.904999999999963833, 10.89157104706451484 ) ) ;
#992 = DIRECTION ( 'NONE',  ( -3.583126979299020263E-32, 1.000000000000000000, 3.111048790438776325E-16 ) ) ;
#993 = ORIENTED_EDGE ( 'NONE', *, *, #1948, .T. ) ;
#994 = CARTESIAN_POINT ( 'NONE',  ( -15.87086725045239177, -3.904999999999991811, 6.092255142270179391 ) ) ;
#995 = DIRECTION ( 'NONE',  ( -6.277634335963640990E-32, -1.000000000000000000, -3.111048790438772381E-16 ) ) ;
#996 = EDGE_CURVE ( 'NONE', #9153, #8283, #11363, .T. ) ;
#997 = ORIENTED_EDGE ( 'NONE', *, *, #5616, .F. ) ;
#998 = DIRECTION ( 'NONE',  ( 3.583126979299020263E-32, -1.000000000000000000, -3.111048790438776325E-16 ) ) ;
#999 = DIRECTION ( 'NONE',  ( 2.823503026745565068E-31, -1.000000000000000000, -3.111048790438776325E-16 ) ) ;
#1000 = EDGE_LOOP ( 'NONE', ( #3597, #4301, #6224, #8423 ) ) ;
#1001 = VERTEX_POINT ( 'NONE', #3778 ) ;
#1002 = DIRECTION ( 'NONE',  ( -3.583126979299020263E-32, 1.000000000000000000, 3.111048790438776325E-16 ) ) ;
#1003 = VERTEX_POINT ( 'NONE', #5597 ) ;
#1004 = ORIENTED_EDGE ( 'NONE', *, *, #14, .T. ) ;
#1005 = DIRECTION ( 'NONE',  ( -3.583126979299020263E-32, 1.000000000000000000, 3.111048790438776325E-16 ) ) ;
#1006 = CARTESIAN_POINT ( 'NONE',  ( -1.540743955509788682E-30, -3.904999999999991811, 6.938893903907228378E-15 ) ) ;
#1007 = EDGE_CURVE ( 'NONE', #2536, #2885, #3551, .T. ) ;
#1008 = CARTESIAN_POINT ( 'NONE',  ( 13.36737861225392088, 1.095000000000012630, -10.50300857072182481 ) ) ;
#1009 = EDGE_CURVE ( 'NONE', #7481, #7551, #3168, .T. ) ;
#1010 = DIRECTION ( 'NONE',  ( 1.837426895219298778E-31, -1.000000000000000000, -3.111048790438772381E-16 ) ) ;
#1011 = VERTEX_POINT ( 'NONE', #7214 ) ;
#1012 = EDGE_LOOP ( 'NONE', ( #10152, #1199, #4525, #3266 ) ) ;
#1013 = EDGE_LOOP ( 'NONE', ( #3243, #6485, #3308, #5285 ) ) ;
#1014 = FACE_OUTER_BOUND ( 'NONE', #5320, .T. ) ;
#1015 = CARTESIAN_POINT ( 'NONE',  ( 3.534498743902024565, 94.12768161796614663, 16.62850921247469671 ) ) ;
#1016 = CARTESIAN_POINT ( 'NONE',  ( -10.89157104706454327, 94.12768161796608979, -13.05272692301283399 ) ) ;
#1017 = FACE_OUTER_BOUND ( 'NONE', #6238, .T. ) ;
#1018 = ORIENTED_EDGE ( 'NONE', *, *, #6759, .T. ) ;
#1019 = CARTESIAN_POINT ( 'NONE',  ( -3.289586263734196159, -3.904999999999991811, 16.67868766460513896 ) ) ;
#1020 = DIRECTION ( 'NONE',  ( -3.583126979299020263E-32, 1.000000000000000000, 3.111048790438776325E-16 ) ) ;
#1021 = AXIS2_PLACEMENT_3D ( 'NONE', #7435, #3818, #10933 ) ;
#1022 = CARTESIAN_POINT ( 'NONE',  ( -1.540743955509788682E-30, -3.904999999999991811, 6.938893903907228378E-15 ) ) ;
#1023 = ORIENTED_EDGE ( 'NONE', *, *, #5040, .T. ) ;
#1024 = VERTEX_POINT ( 'NONE', #2858 ) ;
#1025 = ORIENTED_EDGE ( 'NONE', *, *, #9917, .F. ) ;
#1026 = EDGE_LOOP ( 'NONE', ( #788, #3882, #5693, #4905 ) ) ;
#1027 = CARTESIAN_POINT ( 'NONE',  ( -12.02081528017123269, 1.095000000000040385, 12.02081528017137657 ) ) ;
#1028 = CARTESIAN_POINT ( 'NONE',  ( -16.93117546539303930, -3.904999999999991811, -1.528167975084086860 ) ) ;
#1029 = CYLINDRICAL_SURFACE ( 'NONE', #5307, 17.00000000000000355 ) ;
#1030 = EDGE_CURVE ( 'NONE', #10603, #11492, #8044, .T. ) ;
#1031 = VERTEX_POINT ( 'NONE', #5535 ) ;
#1032 = CARTESIAN_POINT ( 'NONE',  ( 16.42073904691418562, -3.904999999999963833, 4.399923766742697140 ) ) ;
#1033 = AXIS2_PLACEMENT_3D ( 'NONE', #836, #4397, #9754 ) ;
#1034 = CARTESIAN_POINT ( 'NONE',  ( -5.858207580458094199, 1.095000000000012630, 15.95874067538737684 ) ) ;
#1035 = CARTESIAN_POINT ( 'NONE',  ( 1.859386335985680612E-16, 1.095000000000012630, 16.25000000000001776 ) ) ;
#1036 = VERTEX_POINT ( 'NONE', #9902 ) ;
#1037 = AXIS2_PLACEMENT_3D ( 'NONE', #367, #5909, #7537 ) ;
#1038 = CARTESIAN_POINT ( 'NONE',  ( 8.500000000000113687, -3.904999999999991811, 14.72243186433538931 ) ) ;
#1039 = ORIENTED_EDGE ( 'NONE', *, *, #1948, .F. ) ;
#1040 = ADVANCED_FACE ( 'NONE', ( #8148 ), #2019, .F. ) ;
#1041 = CARTESIAN_POINT ( 'NONE',  ( -16.74977862752249536, 94.12768161796614663, 2.906013752374620118 ) ) ;
#1042 = DIRECTION ( 'NONE',  ( -3.583126979299020263E-32, 1.000000000000000000, 3.111048790438776325E-16 ) ) ;
#1043 = VERTEX_POINT ( 'NONE', #7104 ) ;
#1044 = EDGE_CURVE ( 'NONE', #3989, #6621, #559, .T. ) ;
#1045 = CIRCLE ( 'NONE', #7185, 12.50000000000000533 ) ;
#1046 = DIRECTION ( 'NONE',  ( -3.583126979299020263E-32, 1.000000000000000000, 3.111048790438776325E-16 ) ) ;
#1047 = CARTESIAN_POINT ( 'NONE',  ( 3.164015295687488479E-15, -22.90500000000000469, -13.55114218134571757 ) ) ;
#1048 = ADVANCED_FACE ( 'NONE', ( #7277 ), #1969, .F. ) ;
#1049 = EDGE_CURVE ( 'NONE', #3152, #2917, #2729, .T. ) ;
#1050 = EDGE_CURVE ( 'NONE', #8413, #8684, #7630, .T. ) ;
#1051 = ORIENTED_EDGE ( 'NONE', *, *, #2598, .F. ) ;
#1052 = EDGE_LOOP ( 'NONE', ( #7498, #4356, #11218, #5161 ) ) ;
#1053 = ORIENTED_EDGE ( 'NONE', *, *, #8054, .F. ) ;
#1054 = LINE ( 'NONE', #4437, #927 ) ;
#1055 = CARTESIAN_POINT ( 'NONE',  ( -14.84583652671784648, 1.095000000000068141, -8.282580384274568885 ) ) ;
#1056 = ORIENTED_EDGE ( 'NONE', *, *, #11526, .T. ) ;
#1057 = EDGE_CURVE ( 'NONE', #8413, #9350, #8926, .T. ) ;
#1058 = VERTEX_POINT ( 'NONE', #1857 ) ;
#1059 = CARTESIAN_POINT ( 'NONE',  ( 9.992349288972148358, 94.12768161796620348, 13.75328890437405782 ) ) ;
#1060 = DIRECTION ( 'NONE',  ( -3.583126979299020263E-32, 1.000000000000000000, 3.111048790438776325E-16 ) ) ;
#1061 = DIRECTION ( 'NONE',  ( -3.583126979299020263E-32, 1.000000000000000000, 3.111048790438776325E-16 ) ) ;
#1062 = AXIS2_PLACEMENT_3D ( 'NONE', #2665, #6219, #899 ) ;
#1063 = CARTESIAN_POINT ( 'NONE',  ( 15.42691205650421082, 94.12768161796608979, -7.142155445023883331 ) ) ;
#1064 = VERTEX_POINT ( 'NONE', #991 ) ;
#1065 = ORIENTED_EDGE ( 'NONE', *, *, #767, .T. ) ;
#1066 = ORIENTED_EDGE ( 'NONE', *, *, #2712, .T. ) ;
#1067 = DIRECTION ( 'NONE',  ( -3.583126979299020263E-32, 1.000000000000000000, 3.111048790438776325E-16 ) ) ;
#1068 = CARTESIAN_POINT ( 'NONE',  ( -1.540743955509788682E-30, -3.904999999999991811, 6.938893903907228378E-15 ) ) ;
#1069 = CARTESIAN_POINT ( 'NONE',  ( 9.992349288972148358, 94.12768161796620348, 13.75328890437405782 ) ) ;
#1070 = CARTESIAN_POINT ( 'NONE',  ( -16.98795001012936012, 94.12768161796614663, 0.6399644156869013223 ) ) ;
#1071 = ORIENTED_EDGE ( 'NONE', *, *, #7996, .T. ) ;
#1072 = DIRECTION ( 'NONE',  ( -8.742824664779303976E-32, -1.000000000000000000, -3.111048790438772381E-16 ) ) ;
#1073 = EDGE_CURVE ( 'NONE', #10574, #705, #3540, .T. ) ;
#1074 = AXIS2_PLACEMENT_3D ( 'NONE', #10463, #10511, #668 ) ;
#1075 = FACE_OUTER_BOUND ( 'NONE', #5046, .T. ) ;
#1076 = DIRECTION ( 'NONE',  ( -3.583126979299020263E-32, 1.000000000000000000, 3.111048790438776325E-16 ) ) ;
#1077 = AXIS2_PLACEMENT_3D ( 'NONE', #5059, #3068, #9357 ) ;
#1078 = ORIENTED_EDGE ( 'NONE', *, *, #4554, .F. ) ;
#1079 = ORIENTED_EDGE ( 'NONE', *, *, #6269, .T. ) ;
#1080 = ORIENTED_EDGE ( 'NONE', *, *, #9331, .T. ) ;
#1081 = CARTESIAN_POINT ( 'NONE',  ( -6.685395064247941832, 94.12768161796614663, 15.63027488033816326 ) ) ;
#1082 = CARTESIAN_POINT ( 'NONE',  ( 8.500000000000113687, 1.095000000000012630, 14.47243186433538220 ) ) ;
#1083 = CARTESIAN_POINT ( 'NONE',  ( -1.776356839400253226E-15, 39.99999999999997158, 16.00000000000002487 ) ) ;
#1084 = VERTEX_POINT ( 'NONE', #3662 ) ;
#1085 = CARTESIAN_POINT ( 'NONE',  ( 3.534498743902024565, 94.12768161796614663, 16.37850921247469671 ) ) ;
#1086 = CIRCLE ( 'NONE', #2579, 0.2500000000000002220 ) ;
#1087 = EDGE_CURVE ( 'NONE', #92, #8877, #8324, .T. ) ;
#1088 = EDGE_CURVE ( 'NONE', #10558, #954, #9301, .T. ) ;
#1089 = CYLINDRICAL_SURFACE ( 'NONE', #6557, 0.2500000000000002220 ) ;
#1090 = CIRCLE ( 'NONE', #1646, 0.2500000000000002220 ) ;
#1091 = DIRECTION ( 'NONE',  ( 0.000000000000000000, 0.000000000000000000, 1.000000000000000000 ) ) ;
#1092 = DIRECTION ( 'NONE',  ( -1.120801499359495711E-31, -1.000000000000000000, -3.111048790438776325E-16 ) ) ;
#1093 = CARTESIAN_POINT ( 'NONE',  ( 6.914522932288711843, -3.904999999999991811, 15.28027277992416444 ) ) ;
#1094 = FACE_OUTER_BOUND ( 'NONE', #1052, .T. ) ;
#1095 = AXIS2_PLACEMENT_3D ( 'NONE', #2290, #3457, #11495 ) ;
#1096 = VERTEX_POINT ( 'NONE', #1258 ) ;
#1097 = DIRECTION ( 'NONE',  ( 2.330464960982432251E-31, -1.000000000000000000, -3.111048790438776325E-16 ) ) ;
#1098 = DIRECTION ( 'NONE',  ( -3.583126979299020263E-32, 1.000000000000000000, 3.111048790438776325E-16 ) ) ;
#1099 = CARTESIAN_POINT ( 'NONE',  ( -0.8897112561299327371, 94.12768161796614663, 16.72670209082777859 ) ) ;
#1100 = VECTOR ( 'NONE', #1167, 1000.000000000000000 ) ;
#1101 = DIRECTION ( 'NONE',  ( 0.000000000000000000, 0.000000000000000000, -1.000000000000000000 ) ) ;
#1102 = CIRCLE ( 'NONE', #2600, 0.2500000000000002220 ) ;
#1103 = CARTESIAN_POINT ( 'NONE',  ( -13.21148134476843872, -3.904999999999963833, 10.69844664784730348 ) ) ;
#1104 = ORIENTED_EDGE ( 'NONE', *, *, #4087, .T. ) ;
#1105 = ORIENTED_EDGE ( 'NONE', *, *, #11431, .T. ) ;
#1106 = DIRECTION ( 'NONE',  ( 0.000000000000000000, 0.000000000000000000, -1.000000000000000000 ) ) ;
#1107 = AXIS2_PLACEMENT_3D ( 'NONE', #1443, #10348, #409 ) ;
#1108 = EDGE_CURVE ( 'NONE', #6546, #7890, #13, .T. ) ;
#1109 = VERTEX_POINT ( 'NONE', #11011 ) ;
#1110 = AXIS2_PLACEMENT_3D ( 'NONE', #4736, #10304, #419 ) ;
#1111 = VERTEX_POINT ( 'NONE', #4822 ) ;
#1112 = VECTOR ( 'NONE', #516, 1000.000000000000000 ) ;
#1113 = DIRECTION ( 'NONE',  ( -1.613839565122628308E-31, -1.000000000000000000, -3.111048790438776325E-16 ) ) ;
#1114 = FACE_BOUND ( 'NONE', #677, .T. ) ;
#1115 = CARTESIAN_POINT ( 'NONE',  ( -1.540743955509788682E-30, -3.904999999999991811, 6.938893903907228378E-15 ) ) ;
#1116 = ADVANCED_FACE ( 'NONE', ( #10942 ), #2192, .F. ) ;
#1117 = PRESENTATION_LAYER_ASSIGNMENT (  '', '', ( #3180 ) ) ;
#1118 = VECTOR ( 'NONE', #1489, 1000.000000000000000 ) ;
#1119 = AXIS2_PLACEMENT_3D ( 'NONE', #11299, #7737, #10525 ) ;
#1120 = DIRECTION ( 'NONE',  ( 3.583126979299011504E-32, -1.000000000000000000, -3.111048790438772381E-16 ) ) ;
#1121 = ORIENTED_EDGE ( 'NONE', *, *, #11074, .F. ) ;
#1122 = ORIENTED_EDGE ( 'NONE', *, *, #10643, .T. ) ;
#1123 = VERTEX_POINT ( 'NONE', #394 ) ;
#1124 = VECTOR ( 'NONE', #5613, 1000.000000000000000 ) ;
#1125 = FACE_OUTER_BOUND ( 'NONE', #10139, .T. ) ;
#1126 = FACE_OUTER_BOUND ( 'NONE', #4739, .T. ) ;
#1127 = CARTESIAN_POINT ( 'NONE',  ( -11.18820910463672469, -3.904999999999963833, 12.79937408746709160 ) ) ;
#1128 = ORIENTED_EDGE ( 'NONE', *, *, #6649, .F. ) ;
#1129 = AXIS2_PLACEMENT_3D ( 'NONE', #2711, #6918, #11508 ) ;
#1130 = CARTESIAN_POINT ( 'NONE',  ( 16.16796077701753731, 94.12768161796603295, -5.253288904374244339 ) ) ;
#1131 = EDGE_CURVE ( 'NONE', #11324, #5565, #2960, .T. ) ;
#1132 = AXIS2_PLACEMENT_3D ( 'NONE', #11378, #2767, #1133 ) ;
#1133 = DIRECTION ( 'NONE',  ( 0.000000000000000000, 0.000000000000000000, 1.000000000000000000 ) ) ;
#1134 = AXIS2_PLACEMENT_3D ( 'NONE', #7373, #7202, #2895 ) ;
#1135 = DIRECTION ( 'NONE',  ( 3.583126979299020263E-32, -1.000000000000000000, -3.111048790438776325E-16 ) ) ;
#1136 = AXIS2_PLACEMENT_3D ( 'NONE', #4486, #1858, #8978 ) ;
#1137 = FACE_OUTER_BOUND ( 'NONE', #4276, .T. ) ;
#1138 = VECTOR ( 'NONE', #8526, 1000.000000000000000 ) ;
#1139 = VERTEX_POINT ( 'NONE', #3206 ) ;
#1140 = ORIENTED_EDGE ( 'NONE', *, *, #1674, .T. ) ;
#1141 = AXIS2_PLACEMENT_3D ( 'NONE', #10430, #2465, #4377 ) ;
#1142 = ORIENTED_EDGE ( 'NONE', *, *, #3492, .T. ) ;
#1143 = LINE ( 'NONE', #6440, #5043 ) ;
#1144 = CARTESIAN_POINT ( 'NONE',  ( 0.8897112561301585565, 1.095000000000012630, 16.97670209082775017 ) ) ;
#1145 = DIRECTION ( 'NONE',  ( 3.583126979299020263E-32, -1.000000000000000000, -3.111048790438776325E-16 ) ) ;
#1146 = ORIENTED_EDGE ( 'NONE', *, *, #2652, .T. ) ;
#1147 = CARTESIAN_POINT ( 'NONE',  ( 16.57473462945917575, -3.904999999999991811, -3.778646842853457422 ) ) ;
#1148 = EDGE_CURVE ( 'NONE', #771, #1349, #7510, .T. ) ;
#1149 = VECTOR ( 'NONE', #660, 1000.000000000000000 ) ;
#1150 = AXIS2_PLACEMENT_3D ( 'NONE', #3035, #3961, #2204 ) ;
#1151 = DIRECTION ( 'NONE',  ( 1.837426895219298997E-31, -1.000000000000000000, -3.111048790438772381E-16 ) ) ;
#1152 = CARTESIAN_POINT ( 'NONE',  ( -1.332267629550190018E-15, -28.40500000000001535, 11.99999999999999822 ) ) ;
#1153 = EDGE_CURVE ( 'NONE', #11080, #4973, #8747, .T. ) ;
#1154 = ORIENTED_EDGE ( 'NONE', *, *, #975, .F. ) ;
#1155 = DIRECTION ( 'NONE',  ( -3.583126979299020263E-32, 1.000000000000000000, 3.111048790438776325E-16 ) ) ;
#1156 = CARTESIAN_POINT ( 'NONE',  ( 13.21148134476858438, 94.12768161796608979, 10.44844664784715782 ) ) ;
#1157 = AXIS2_PLACEMENT_3D ( 'NONE', #7476, #6642, #6772 ) ;
#1158 = DIRECTION ( 'NONE',  ( -3.583126979299020263E-32, 1.000000000000000000, 3.111048790438776325E-16 ) ) ;
#1159 = ORIENTED_EDGE ( 'NONE', *, *, #1470, .T. ) ;
#1160 = CIRCLE ( 'NONE', #4705, 17.00000000000000355 ) ;
#1161 = CYLINDRICAL_SURFACE ( 'NONE', #1453, 0.2500000000000002220 ) ;
#1162 = LINE ( 'NONE', #4725, #5339 ) ;
#1163 = DIRECTION ( 'NONE',  ( -6.277634335963632232E-32, -1.000000000000000000, -3.111048790438776325E-16 ) ) ;
#1164 = DIRECTION ( 'NONE',  ( 2.042383023789239517E-32, -1.000000000000000000, -3.111048790438780269E-16 ) ) ;
#1165 = FACE_OUTER_BOUND ( 'NONE', #2892, .T. ) ;
#1166 = CIRCLE ( 'NONE', #7692, 17.00000000000000000 ) ;
#1167 = DIRECTION ( 'NONE',  ( 1.097869796574599992E-31, -1.000000000000000000, -3.111048790438772381E-16 ) ) ;
#1168 = ORIENTED_EDGE ( 'NONE', *, *, #6703, .F. ) ;
#1169 = ORIENTED_EDGE ( 'NONE', *, *, #520, .T. ) ;
#1170 = CARTESIAN_POINT ( 'NONE',  ( 5.253288904374220358, 1.095000000000012630, 16.16796077701757639 ) ) ;
#1171 = CYLINDRICAL_SURFACE ( 'NONE', #5423, 0.2500000000000002220 ) ;
#1172 = ORIENTED_EDGE ( 'NONE', *, *, #9966, .T. ) ;
#1173 = VERTEX_POINT ( 'NONE', #5659 ) ;
#1174 = EDGE_CURVE ( 'NONE', #2634, #8694, #2419, .T. ) ;
#1175 = ORIENTED_EDGE ( 'NONE', *, *, #6402, .F. ) ;
#1176 = DIRECTION ( 'NONE',  ( 3.583126979299015884E-32, -1.000000000000000000, -3.111048790438772381E-16 ) ) ;
#1177 = ORIENTED_EDGE ( 'NONE', *, *, #9474, .T. ) ;
#1178 = LINE ( 'NONE', #4738, #6194 ) ;
#1179 = ORIENTED_EDGE ( 'NONE', *, *, #9068, .T. ) ;
#1180 = DIRECTION ( 'NONE',  ( -3.583126979299020263E-32, 1.000000000000000000, 3.111048790438776325E-16 ) ) ;
#1181 = VERTEX_POINT ( 'NONE', #10287 ) ;
#1182 = ORIENTED_EDGE ( 'NONE', *, *, #9453, .T. ) ;
#1183 = EDGE_CURVE ( 'NONE', #2506, #7481, #4844, .T. ) ;
#1184 = CARTESIAN_POINT ( 'NONE',  ( 2.659385905684037432, -3.904999999999991811, 16.54070179011731767 ) ) ;
#1185 = CARTESIAN_POINT ( 'NONE',  ( -9.258863595255371948, -3.904999999999991811, 14.25739965507227147 ) ) ;
#1186 = DIRECTION ( 'NONE',  ( 0.000000000000000000, 0.000000000000000000, -1.000000000000000000 ) ) ;
#1187 = CARTESIAN_POINT ( 'NONE',  ( -9.992349288971961840, 94.12768161796620348, 13.75328890437419638 ) ) ;
#1188 = ORIENTED_EDGE ( 'NONE', *, *, #9123, .T. ) ;
#1189 = DIRECTION ( 'NONE',  ( -1.110223024625156540E-16, -4.081702296416015997E-16, 1.000000000000000000 ) ) ;
#1190 = CARTESIAN_POINT ( 'NONE',  ( 11.37522030810068507, -3.904999999999963833, 12.63346203311560600 ) ) ;
#1191 = EDGE_CURVE ( 'NONE', #8009, #11515, #8492, .T. ) ;
#1192 = DIRECTION ( 'NONE',  ( 0.000000000000000000, 0.000000000000000000, 1.000000000000000000 ) ) ;
#1193 = ADVANCED_FACE ( 'NONE', ( #1321 ), #4001, .T. ) ;
#1194 = LINE ( 'NONE', #5741, #7461 ) ;
#1195 = ORIENTED_EDGE ( 'NONE', *, *, #10620, .F. ) ;
#1196 = ADVANCED_FACE ( 'NONE', ( #289 ), #3829, .F. ) ;
#1197 = EDGE_LOOP ( 'NONE', ( #11065, #9982, #1532, #1596 ) ) ;
#1198 = EDGE_CURVE ( 'NONE', #2860, #5023, #1868, .T. ) ;
#1199 = ORIENTED_EDGE ( 'NONE', *, *, #4033, .F. ) ;
#1200 = CYLINDRICAL_SURFACE ( 'NONE', #947, 0.2500000000000002220 ) ;
#1201 = EDGE_CURVE ( 'NONE', #39, #5235, #6928, .T. ) ;
#1202 = DIRECTION ( 'NONE',  ( 1.837426895219299873E-31, -1.000000000000000000, -3.111048790438776325E-16 ) ) ;
#1203 = CARTESIAN_POINT ( 'NONE',  ( 15.63027488033805135, 1.095000000000012630, 6.685395064248110586 ) ) ;
#1204 = CARTESIAN_POINT ( 'NONE',  ( 15.42691205650435116, 1.095000000000012630, 7.142155445023605331 ) ) ;
#1205 = VECTOR ( 'NONE', #3653, 1000.000000000000000 ) ;
#1206 = FACE_OUTER_BOUND ( 'NONE', #1350, .T. ) ;
#1207 = CARTESIAN_POINT ( 'NONE',  ( 8.881784197001229644E-16, 28.40499999999999048, -7.999999999999979572 ) ) ;
#1208 = DIRECTION ( 'NONE',  ( 1.837426895219298778E-31, -1.000000000000000000, -3.111048790438772381E-16 ) ) ;
#1209 = EDGE_CURVE ( 'NONE', #8362, #11216, #5417, .T. ) ;
#1210 = CARTESIAN_POINT ( 'NONE',  ( -1.540743955509788682E-30, 39.99999999999997868, 1.387778780781445676E-14 ) ) ;
#1211 = ORIENTED_EDGE ( 'NONE', *, *, #8932, .T. ) ;
#1212 = FACE_OUTER_BOUND ( 'NONE', #11088, .T. ) ;
#1213 = CYLINDRICAL_SURFACE ( 'NONE', #9414, 17.00000000000000355 ) ;
#1214 = EDGE_CURVE ( 'NONE', #2740, #8310, #5071, .T. ) ;
#1215 = CARTESIAN_POINT ( 'NONE',  ( 11.55977147257018345, 94.12768161796608979, -12.46481782867088484 ) ) ;
#1216 = VECTOR ( 'NONE', #3920, 1000.000000000000000 ) ;
#1217 = DIRECTION ( 'NONE',  ( -1.110223024625156540E-16, -4.081702296416015997E-16, 1.000000000000000000 ) ) ;
#1218 = EDGE_LOOP ( 'NONE', ( #10461, #10117, #7143, #9104 ) ) ;
#1219 = EDGE_LOOP ( 'NONE', ( #3429, #9512, #4865, #6105 ) ) ;
#1220 = CARTESIAN_POINT ( 'NONE',  ( 16.79070179011734965, 94.12768161796614663, 2.659385905683806062 ) ) ;
#1221 = ORIENTED_EDGE ( 'NONE', *, *, #8110, .F. ) ;
#1222 = ORIENTED_EDGE ( 'NONE', *, *, #3615, .F. ) ;
#1223 = CARTESIAN_POINT ( 'NONE',  ( -1.540743955509788682E-30, -3.904999999999991811, 6.938893903907228378E-15 ) ) ;
#1224 = ORIENTED_EDGE ( 'NONE', *, *, #11097, .F. ) ;
#1225 = AXIS2_PLACEMENT_3D ( 'NONE', #5269, #2525, #9516 ) ;
#1226 = CARTESIAN_POINT ( 'NONE',  ( -1.540743955509788682E-30, 28.40499999999998693, 1.387778780781445676E-14 ) ) ;
#1227 = EDGE_CURVE ( 'NONE', #4615, #6066, #201, .T. ) ;
#1228 = VERTEX_POINT ( 'NONE', #2553 ) ;
#1229 = CARTESIAN_POINT ( 'NONE',  ( 9.258863595255563794, 1.095000000000012630, 14.25739965507213292 ) ) ;
#1230 = EDGE_LOOP ( 'NONE', ( #258, #3853, #8504, #7333 ) ) ;
#1231 = VERTEX_POINT ( 'NONE', #8793 ) ;
#1232 = DIRECTION ( 'NONE',  ( -3.583126979299020263E-32, 1.000000000000000000, 3.111048790438776325E-16 ) ) ;
#1233 = CARTESIAN_POINT ( 'NONE',  ( -12.02081528017131795, -3.904999999999991811, -12.02081528017129308 ) ) ;
#1234 = DIRECTION ( 'NONE',  ( -3.583126979299020263E-32, 1.000000000000000000, 3.111048790438776325E-16 ) ) ;
#1235 = DIRECTION ( 'NONE',  ( 0.000000000000000000, 0.000000000000000000, 1.000000000000000000 ) ) ;
#1236 = EDGE_LOOP ( 'NONE', ( #10899, #8141, #2806, #7672 ) ) ;
#1237 = DIRECTION ( 'NONE',  ( -3.583126979299020263E-32, 1.000000000000000000, 3.111048790438776325E-16 ) ) ;
#1238 = LINE ( 'NONE', #10924, #4493 ) ;
#1239 = VECTOR ( 'NONE', #9811, 1000.000000000000000 ) ;
#1240 = CARTESIAN_POINT ( 'NONE',  ( -7.142155445023643523, 1.095000000000012630, 15.42691205650434405 ) ) ;
#1241 = ADVANCED_FACE ( 'NONE', ( #11468 ), #6172, .F. ) ;
#1242 = CYLINDRICAL_SURFACE ( 'NONE', #3710, 0.2500000000000004996 ) ;
#1243 = ORIENTED_EDGE ( 'NONE', *, *, #11039, .T. ) ;
#1244 = ORIENTED_EDGE ( 'NONE', *, *, #1201, .F. ) ;
#1245 = ORIENTED_EDGE ( 'NONE', *, *, #5471, .T. ) ;
#1246 = CARTESIAN_POINT ( 'NONE',  ( 4.157973067892642760, -3.904999999999991811, 16.48366646006523695 ) ) ;
#1247 = CARTESIAN_POINT ( 'NONE',  ( 15.63027488033818102, -3.904999999999991811, 6.685395064247812158 ) ) ;
#1248 = CARTESIAN_POINT ( 'NONE',  ( 11.37522030810068507, 1.095000000000040385, 12.38346203311560600 ) ) ;
#1249 = EDGE_CURVE ( 'NONE', #573, #9427, #3480, .T. ) ;
#1250 = CARTESIAN_POINT ( 'NONE',  ( 15.03197847483556870, -3.904999999999991811, 7.939749563561818491 ) ) ;
#1251 = CIRCLE ( 'NONE', #2375, 17.00000000000000355 ) ;
#1252 = ADVANCED_FACE ( 'NONE', ( #2610 ), #9717, .T. ) ;
#1253 = EDGE_CURVE ( 'NONE', #6635, #10534, #4100, .T. ) ;
#1254 = DIRECTION ( 'NONE',  ( 3.583126979299020263E-32, -1.000000000000000000, -3.111048790438776325E-16 ) ) ;
#1255 = EDGE_CURVE ( 'NONE', #3419, #1360, #7079, .T. ) ;
#1256 = DIRECTION ( 'NONE',  ( 0.000000000000000000, 0.000000000000000000, -1.000000000000000000 ) ) ;
#1257 = ORIENTED_EDGE ( 'NONE', *, *, #10466, .F. ) ;
#1258 = CARTESIAN_POINT ( 'NONE',  ( -13.36737861225392976, 1.095000000000012630, -10.50300857072181060 ) ) ;
#1259 = DIRECTION ( 'NONE',  ( -3.583126979299020263E-32, 1.000000000000000000, 3.111048790438776325E-16 ) ) ;
#1260 = DIRECTION ( 'NONE',  ( 0.000000000000000000, 0.000000000000000000, -1.000000000000000000 ) ) ;
#1261 = CONICAL_SURFACE ( 'NONE', #10566, 16.00000000000000711, 0.1221730476396036685 ) ;
#1262 = LINE ( 'NONE', #6405, #8027 ) ;
#1263 = ORIENTED_EDGE ( 'NONE', *, *, #3262, .T. ) ;
#1264 = DIRECTION ( 'NONE',  ( -1.110223024625156540E-16, -4.081702296416015997E-16, 1.000000000000000000 ) ) ;
#1265 = CARTESIAN_POINT ( 'NONE',  ( 7.717838495572404867, -3.904999999999991811, 15.14711091120220310 ) ) ;
#1266 = CIRCLE ( 'NONE', #7593, 0.2500000000000006661 ) ;
#1267 = EDGE_CURVE ( 'NONE', #6715, #8669, #2798, .T. ) ;
#1268 = AXIS2_PLACEMENT_3D ( 'NONE', #914, #854, #7094 ) ;
#1269 = DIRECTION ( 'NONE',  ( 1.590907862337733465E-31, -1.000000000000000000, -3.111048790438776325E-16 ) ) ;
#1270 = DIRECTION ( 'NONE',  ( -3.583126979299020263E-32, 1.000000000000000000, 3.111048790438776325E-16 ) ) ;
#1271 = AXIS2_PLACEMENT_3D ( 'NONE', #368, #1411, #432 ) ;
#1272 = AXIS2_PLACEMENT_3D ( 'NONE', #3960, #1330, #2266 ) ;
#1273 = ORIENTED_EDGE ( 'NONE', *, *, #6303, .F. ) ;
#1274 = ORIENTED_EDGE ( 'NONE', *, *, #2212, .F. ) ;
#1275 = ORIENTED_EDGE ( 'NONE', *, *, #7450, .T. ) ;
#1276 = AXIS2_PLACEMENT_3D ( 'NONE', #4674, #9031, #7398 ) ;
#1277 = DIRECTION ( 'NONE',  ( 0.000000000000000000, 0.000000000000000000, -1.000000000000000000 ) ) ;
#1278 = CYLINDRICAL_SURFACE ( 'NONE', #4292, 17.00000000000000355 ) ;
#1279 = ORIENTED_EDGE ( 'NONE', *, *, #1457, .F. ) ;
#1280 = CARTESIAN_POINT ( 'NONE',  ( 4.399923766742972475, 1.095000000000012630, 16.42073904691412167 ) ) ;
#1281 = AXIS2_PLACEMENT_3D ( 'NONE', #2698, #6305, #6420 ) ;
#1282 = DIRECTION ( 'NONE',  ( -1.110223024625156540E-16, -3.061276722312012491E-16, 1.000000000000000000 ) ) ;
#1283 = CIRCLE ( 'NONE', #358, 0.2500000000000002220 ) ;
#1284 = ORIENTED_EDGE ( 'NONE', *, *, #7290, .T. ) ;
#1285 = LINE ( 'NONE', #10187, #6143 ) ;
#1286 = ORIENTED_EDGE ( 'NONE', *, *, #4562, .T. ) ;
#1287 = VERTEX_POINT ( 'NONE', #7740 ) ;
#1288 = ADVANCED_FACE ( 'NONE', ( #2313 ), #3314, .T. ) ;
#1289 = AXIS2_PLACEMENT_3D ( 'NONE', #11260, #6526, #10074 ) ;
#1290 = DIRECTION ( 'NONE',  ( -1.110223024625156540E-16, -4.081702296416015997E-16, 1.000000000000000000 ) ) ;
#1291 = DIRECTION ( 'NONE',  ( 0.000000000000000000, 0.000000000000000000, -1.000000000000000000 ) ) ;
#1292 = DIRECTION ( 'NONE',  ( 0.000000000000000000, 0.000000000000000000, -1.000000000000000000 ) ) ;
#1293 = CARTESIAN_POINT ( 'NONE',  ( -15.63027488033805135, 1.095000000000012630, 6.685395064248117691 ) ) ;
#1294 = ORIENTED_EDGE ( 'NONE', *, *, #6375, .F. ) ;
#1295 = DIRECTION ( 'NONE',  ( 0.000000000000000000, 0.000000000000000000, -1.000000000000000000 ) ) ;
#1296 = CIRCLE ( 'NONE', #6702, 0.2500000000000002220 ) ;
#1297 = AXIS2_PLACEMENT_3D ( 'NONE', #852, #980, #2613 ) ;
#1298 = LINE ( 'NONE', #1363, #319 ) ;
#1299 = AXIS2_PLACEMENT_3D ( 'NONE', #9156, #627, #9086 ) ;
#1300 = AXIS2_PLACEMENT_3D ( 'NONE', #2071, #7667, #1301 ) ;
#1301 = DIRECTION ( 'NONE',  ( 0.000000000000000000, 0.000000000000000000, -1.000000000000000000 ) ) ;
#1302 = ORIENTED_EDGE ( 'NONE', *, *, #8677, .F. ) ;
#1303 = VERTEX_POINT ( 'NONE', #6007 ) ;
#1304 = ORIENTED_EDGE ( 'NONE', *, *, #9605, .T. ) ;
#1305 = LINE ( 'NONE', #4877, #10056 ) ;
#1306 = CARTESIAN_POINT ( 'NONE',  ( 5.253288904373889956, 94.12768161796620348, -16.16796077701764389 ) ) ;
#1307 = CARTESIAN_POINT ( 'NONE',  ( -8.499999999999905853, 94.12768161796620348, 14.72243186433554918 ) ) ;
#1308 = VECTOR ( 'NONE', #10487, 1000.000000000000000 ) ;
#1309 = CIRCLE ( 'NONE', #7841, 0.2500000000000006661 ) ;
#1310 = DIRECTION ( 'NONE',  ( -1.110223024625156540E-16, -4.081702296416015997E-16, 1.000000000000000000 ) ) ;
#1311 = EDGE_CURVE ( 'NONE', #4015, #7124, #8673, .T. ) ;
#1312 = CIRCLE ( 'NONE', #6521, 17.00000000000000355 ) ;
#1313 = AXIS2_PLACEMENT_3D ( 'NONE', #7548, #4802, #3986 ) ;
#1314 = DIRECTION ( 'NONE',  ( -1.110223024625156540E-16, -4.081702296416015997E-16, 1.000000000000000000 ) ) ;
#1315 = AXIS2_PLACEMENT_3D ( 'NONE', #3488, #7879, #6122 ) ;
#1316 = CIRCLE ( 'NONE', #9701, 0.2500000000000002220 ) ;
#1317 = DIRECTION ( 'NONE',  ( 0.000000000000000000, 0.000000000000000000, -1.000000000000000000 ) ) ;
#1318 = EDGE_CURVE ( 'NONE', #4929, #7993, #5829, .T. ) ;
#1319 = CYLINDRICAL_SURFACE ( 'NONE', #3722, 17.00000000000000355 ) ;
#1320 = AXIS2_PLACEMENT_3D ( 'NONE', #6005, #9550, #9598 ) ;
#1321 = FACE_OUTER_BOUND ( 'NONE', #5775, .T. ) ;
#1322 = CARTESIAN_POINT ( 'NONE',  ( -13.75328890437411111, 1.095000000000012630, -9.992349288972009802 ) ) ;
#1323 = CARTESIAN_POINT ( 'NONE',  ( 11.84274353507914590, 1.095000000000012630, -12.19628736797968926 ) ) ;
#1324 = EDGE_LOOP ( 'NONE', ( #6591, #8887, #2823, #1947 ) ) ;
#1325 = EDGE_CURVE ( 'NONE', #478, #4359, #6931, .T. ) ;
#1326 = DIRECTION ( 'NONE',  ( -1.110223024625156540E-16, -4.336808689942014778E-16, 1.000000000000000000 ) ) ;
#1327 = VECTOR ( 'NONE', #3256, 1000.000000000000000 ) ;
#1328 = AXIS2_PLACEMENT_3D ( 'NONE', #5914, #5861, #9451 ) ;
#1329 = AXIS2_PLACEMENT_3D ( 'NONE', #8985, #9841, #6460 ) ;
#1330 = DIRECTION ( 'NONE',  ( 3.583126979299020263E-32, -1.000000000000000000, -3.111048790438776325E-16 ) ) ;
#1331 = AXIS2_PLACEMENT_3D ( 'NONE', #1910, #3652, #7325 ) ;
#1332 = EDGE_CURVE ( 'NONE', #2569, #9244, #1614, .T. ) ;
#1333 = EDGE_CURVE ( 'NONE', #6525, #11313, #11121, .T. ) ;
#1334 = DIRECTION ( 'NONE',  ( -3.583126979299020263E-32, 1.000000000000000000, 3.111048790438776325E-16 ) ) ;
#1335 = LINE ( 'NONE', #9251, #5769 ) ;
#1336 = CIRCLE ( 'NONE', #4703, 0.2500000000000002220 ) ;
#1337 = AXIS2_PLACEMENT_3D ( 'NONE', #1793, #8899, #918 ) ;
#1338 = ADVANCED_FACE ( 'NONE', ( #9891 ), #5296, .T. ) ;
#1339 = EDGE_LOOP ( 'NONE', ( #7310, #3100, #4956, #3404 ) ) ;
#1340 = ORIENTED_EDGE ( 'NONE', *, *, #8633, .F. ) ;
#1341 = ORIENTED_EDGE ( 'NONE', *, *, #2824, .F. ) ;
#1342 = VERTEX_POINT ( 'NONE', #1912 ) ;
#1343 = EDGE_CURVE ( 'NONE', #5669, #9912, #7151, .T. ) ;
#1344 = DIRECTION ( 'NONE',  ( 1.734234232687264264E-32, -1.000000000000000000, -3.111048790438772381E-16 ) ) ;
#1345 = VERTEX_POINT ( 'NONE', #5476 ) ;
#1346 = CARTESIAN_POINT ( 'NONE',  ( 7.494258344862914534, 94.12768161796620348, -15.25896758828890931 ) ) ;
#1347 = CIRCLE ( 'NONE', #1695, 17.00000000000000355 ) ;
#1348 = CARTESIAN_POINT ( 'NONE',  ( -1.540743955509788682E-30, 1.095000000000012630, 0.000000000000000000 ) ) ;
#1349 = VERTEX_POINT ( 'NONE', #10528 ) ;
#1350 = EDGE_LOOP ( 'NONE', ( #1172, #10381, #9713, #10905 ) ) ;
#1351 = CARTESIAN_POINT ( 'NONE',  ( -1.540743955509788682E-30, -3.904999999999991811, 6.938893903907228378E-15 ) ) ;
#1352 = VERTEX_POINT ( 'NONE', #10701 ) ;
#1353 = VERTEX_POINT ( 'NONE', #11471 ) ;
#1354 = CARTESIAN_POINT ( 'NONE',  ( -15.63027488033801049, 1.095000000000068141, -6.685395064248194075 ) ) ;
#1355 = CARTESIAN_POINT ( 'NONE',  ( -1.540743955509788682E-30, -3.904999999999991811, 6.938893903907228378E-15 ) ) ;
#1356 = EDGE_CURVE ( 'NONE', #10721, #1003, #5781, .T. ) ;
#1357 = VERTEX_POINT ( 'NONE', #3436 ) ;
#1358 = DIRECTION ( 'NONE',  ( 3.583126979299020263E-32, -1.000000000000000000, -3.111048790438776325E-16 ) ) ;
#1359 = CARTESIAN_POINT ( 'NONE',  ( -7.717838495572205026, 1.095000000000012630, 14.89711091120229902 ) ) ;
#1360 = VERTEX_POINT ( 'NONE', #804 ) ;
#1361 = CARTESIAN_POINT ( 'NONE',  ( -1.415534356397075772E-15, 39.99999999999997158, 12.75000000000001066 ) ) ;
#1362 = ADVANCED_FACE ( 'NONE', ( #6111 ), #7092, .T. ) ;
#1363 = CARTESIAN_POINT ( 'NONE',  ( 1.528167975084012253, 94.12768161796620348, -16.93117546539301088 ) ) ;
#1364 = CARTESIAN_POINT ( 'NONE',  ( -6.092255142270007084, 1.095000000000012630, 15.62086725045246816 ) ) ;
#1365 = LINE ( 'NONE', #1418, #6509 ) ;
#1366 = VERTEX_POINT ( 'NONE', #7969 ) ;
#1367 = ORIENTED_EDGE ( 'NONE', *, *, #9236, .F. ) ;
#1368 = ORIENTED_EDGE ( 'NONE', *, *, #6797, .T. ) ;
#1369 = CARTESIAN_POINT ( 'NONE',  ( -16.57473462945927878, 1.095000000000040385, 3.778646842853033760 ) ) ;
#1370 = CARTESIAN_POINT ( 'NONE',  ( -1.540743955509788682E-30, 1.095000000000012630, 0.000000000000000000 ) ) ;
#1371 = LINE ( 'NONE', #5748, #10692 ) ;
#1372 = DIRECTION ( 'NONE',  ( -3.583126979299020263E-32, 1.000000000000000000, 3.111048790438776325E-16 ) ) ;
#1373 = CYLINDRICAL_SURFACE ( 'NONE', #9497, 17.00000000000000355 ) ;
#1374 = CARTESIAN_POINT ( 'NONE',  ( -1.540743955509788682E-30, 39.99999999999997868, 1.387778780781445676E-14 ) ) ;
#1375 = DIRECTION ( 'NONE',  ( 0.000000000000000000, 0.000000000000000000, 1.000000000000000000 ) ) ;
#1376 = CARTESIAN_POINT ( 'NONE',  ( 2.659385905684037432, 1.095000000000012630, 16.79070179011731767 ) ) ;
#1377 = ORIENTED_EDGE ( 'NONE', *, *, #3879, .T. ) ;
#1378 = EDGE_CURVE ( 'NONE', #6396, #4208, #25, .T. ) ;
#1379 = FACE_OUTER_BOUND ( 'NONE', #5764, .T. ) ;
#1380 = DIRECTION ( 'NONE',  ( 0.000000000000000000, 0.000000000000000000, -1.000000000000000000 ) ) ;
#1381 = CARTESIAN_POINT ( 'NONE',  ( 10.69844664784707078, -3.904999999999936300, -13.21148134476863412 ) ) ;
#1382 = DIRECTION ( 'NONE',  ( -3.583126979299020263E-32, 1.000000000000000000, 3.111048790438776325E-16 ) ) ;
#1383 = ORIENTED_EDGE ( 'NONE', *, *, #5839, .T. ) ;
#1384 = DIRECTION ( 'NONE',  ( 3.583126979299020263E-32, -1.000000000000000000, -3.111048790438776325E-16 ) ) ;
#1385 = CARTESIAN_POINT ( 'NONE',  ( -15.53027277992417154, -3.904999999999991811, 6.914522932288676316 ) ) ;
#1386 = DIRECTION ( 'NONE',  ( 0.000000000000000000, 0.000000000000000000, 1.000000000000000000 ) ) ;
#1387 = CYLINDRICAL_SURFACE ( 'NONE', #11402, 17.00000000000000355 ) ;
#1388 = CARTESIAN_POINT ( 'NONE',  ( 0.000000000000000000, -25.40499999999998337, -6.938893903907228378E-15 ) ) ;
#1389 = ADVANCED_FACE ( 'NONE', ( #8961 ), #4306, .F. ) ;
#1390 = ORIENTED_EDGE ( 'NONE', *, *, #5749, .T. ) ;
#1391 = ORIENTED_EDGE ( 'NONE', *, *, #1318, .F. ) ;
#1392 = CIRCLE ( 'NONE', #102, 0.2500000000000002220 ) ;
#1393 = VERTEX_POINT ( 'NONE', #6979 ) ;
#1394 = ORIENTED_EDGE ( 'NONE', *, *, #3041, .T. ) ;
#1395 = EDGE_CURVE ( 'NONE', #160, #4530, #10224, .T. ) ;
#1396 = DIRECTION ( 'NONE',  ( 2.823503026745565068E-31, -1.000000000000000000, -3.111048790438776325E-16 ) ) ;
#1397 = ORIENTED_EDGE ( 'NONE', *, *, #7895, .T. ) ;
#1398 = FACE_OUTER_BOUND ( 'NONE', #9432, .T. ) ;
#1399 = CIRCLE ( 'NONE', #11277, 0.2500000000000002220 ) ;
#1400 = CYLINDRICAL_SURFACE ( 'NONE', #7856, 0.2500000000000002220 ) ;
#1401 = ADVANCED_FACE ( 'NONE', ( #8090 ), #111, .F. ) ;
#1402 = EDGE_CURVE ( 'NONE', #10399, #1780, #8569, .T. ) ;
#1403 = EDGE_CURVE ( 'NONE', #3010, #9491, #6518, .T. ) ;
#1404 = ORIENTED_EDGE ( 'NONE', *, *, #6974, .T. ) ;
#1405 = FACE_OUTER_BOUND ( 'NONE', #4584, .T. ) ;
#1406 = EDGE_LOOP ( 'NONE', ( #734, #3685, #9884, #9102 ) ) ;
#1407 = ORIENTED_EDGE ( 'NONE', *, *, #5943, .F. ) ;
#1408 = CARTESIAN_POINT ( 'NONE',  ( -1.540743955509788682E-30, 1.095000000000012630, 0.000000000000000000 ) ) ;
#1409 = DIRECTION ( 'NONE',  ( -3.583126979299020263E-32, 1.000000000000000000, 3.111048790438776325E-16 ) ) ;
#1410 = ORIENTED_EDGE ( 'NONE', *, *, #692, .F. ) ;
#1411 = DIRECTION ( 'NONE',  ( -3.583126979299020263E-32, 1.000000000000000000, 3.111048790438776325E-16 ) ) ;
#1412 = DIRECTION ( 'NONE',  ( -3.583126979299020263E-32, 1.000000000000000000, 3.111048790438776325E-16 ) ) ;
#1413 = ORIENTED_EDGE ( 'NONE', *, *, #2173, .F. ) ;
#1414 = DIRECTION ( 'NONE',  ( 3.583126979299020263E-32, -1.000000000000000000, -3.111048790438776325E-16 ) ) ;
#1415 = CIRCLE ( 'NONE', #4770, 17.00000000000000000 ) ;
#1416 = CYLINDRICAL_SURFACE ( 'NONE', #5944, 17.00000000000000355 ) ;
#1417 = CARTESIAN_POINT ( 'NONE',  ( -1.540743955509788682E-30, -3.904999999999991811, 6.938893903907228378E-15 ) ) ;
#1418 = CARTESIAN_POINT ( 'NONE',  ( 16.24346467152398077, 94.12768161796614663, 5.014963156888797791 ) ) ;
#1419 = VERTEX_POINT ( 'NONE', #5842 ) ;
#1420 = ORIENTED_EDGE ( 'NONE', *, *, #4606, .T. ) ;
#1421 = ORIENTED_EDGE ( 'NONE', *, *, #6126, .T. ) ;
#1422 = DIRECTION ( 'NONE',  ( 0.000000000000000000, 0.000000000000000000, -1.000000000000000000 ) ) ;
#1423 = CARTESIAN_POINT ( 'NONE',  ( -1.540743955509788682E-30, 39.99999999999997868, 1.387778780781445676E-14 ) ) ;
#1424 = DIRECTION ( 'NONE',  ( -3.583126979299020263E-32, 1.000000000000000000, 3.111048790438776325E-16 ) ) ;
#1425 = EDGE_CURVE ( 'NONE', #7242, #10138, #8016, .T. ) ;
#1426 = FACE_OUTER_BOUND ( 'NONE', #2643, .T. ) ;
#1427 = DIRECTION ( 'NONE',  ( -1.110223024625156540E-16, -2.891205793294677340E-16, 1.000000000000000000 ) ) ;
#1428 = AXIS2_PLACEMENT_3D ( 'NONE', #5403, #8950, #7196 ) ;
#1429 = CARTESIAN_POINT ( 'NONE',  ( -1.540743955509788682E-30, 28.40499999999998693, 1.387778780781445676E-14 ) ) ;
#1430 = DIRECTION ( 'NONE',  ( 0.000000000000000000, 0.000000000000000000, -1.000000000000000000 ) ) ;
#1431 = CYLINDRICAL_SURFACE ( 'NONE', #3727, 0.2500000000000002220 ) ;
#1432 = DIRECTION ( 'NONE',  ( -3.583126979299020263E-32, 1.000000000000000000, 3.111048790438776325E-16 ) ) ;
#1433 = CARTESIAN_POINT ( 'NONE',  ( -10.89157104706445089, 1.095000000000012630, 13.05272692301295123 ) ) ;
#1434 = DIRECTION ( 'NONE',  ( 9.746102801338177729E-32, -1.000000000000000000, -3.111048790438776325E-16 ) ) ;
#1435 = VERTEX_POINT ( 'NONE', #1574 ) ;
#1436 = EDGE_CURVE ( 'NONE', #5444, #1011, #9499, .T. ) ;
#1437 = DIRECTION ( 'NONE',  ( 4.815722143706851756E-32, -1.000000000000000000, -3.111048790438776325E-16 ) ) ;
#1438 = VECTOR ( 'NONE', #3638, 1000.000000000000000 ) ;
#1439 = AXIS2_PLACEMENT_3D ( 'NONE', #6932, #10045, #4714 ) ;
#1440 = ADVANCED_FACE ( 'NONE', ( #1094 ), #2195, .F. ) ;
#1441 = DIRECTION ( 'NONE',  ( -1.110223024625156540E-16, -4.081702296416015997E-16, 1.000000000000000000 ) ) ;
#1442 = CIRCLE ( 'NONE', #2940, 17.00000000000000000 ) ;
#1443 = CARTESIAN_POINT ( 'NONE',  ( -1.540743955509788682E-30, 1.095000000000012630, 0.000000000000000000 ) ) ;
#1444 = ORIENTED_EDGE ( 'NONE', *, *, #8663, .T. ) ;
#1445 = VERTEX_POINT ( 'NONE', #3780 ) ;
#1446 = FACE_OUTER_BOUND ( 'NONE', #4708, .T. ) ;
#1447 = ORIENTED_EDGE ( 'NONE', *, *, #4831, .T. ) ;
#1448 = VECTOR ( 'NONE', #7269, 1000.000000000000000 ) ;
#1449 = ORIENTED_EDGE ( 'NONE', *, *, #5543, .F. ) ;
#1450 = VECTOR ( 'NONE', #3667, 1000.000000000000000 ) ;
#1451 = DIRECTION ( 'NONE',  ( 3.583126979299020263E-32, -1.000000000000000000, -3.111048790438776325E-16 ) ) ;
#1452 = ORIENTED_EDGE ( 'NONE', *, *, #4894, .F. ) ;
#1453 = AXIS2_PLACEMENT_3D ( 'NONE', #2793, #8385, #9999 ) ;
#1454 = DIRECTION ( 'NONE',  ( 3.583126979299020263E-32, -1.000000000000000000, -3.111048790438776325E-16 ) ) ;
#1455 = CARTESIAN_POINT ( 'NONE',  ( -6.092255142270110113, 94.12768161796620348, -15.87086725045239533 ) ) ;
#1456 = AXIS2_PLACEMENT_3D ( 'NONE', #6156, #2543, #3523 ) ;
#1457 = EDGE_CURVE ( 'NONE', #291, #2219, #7445, .T. ) ;
#1458 = ORIENTED_EDGE ( 'NONE', *, *, #1183, .T. ) ;
#1459 = VERTEX_POINT ( 'NONE', #3070 ) ;
#1460 = DIRECTION ( 'NONE',  ( -3.583126979299020263E-32, 1.000000000000000000, 3.111048790438776325E-16 ) ) ;
#1461 = CIRCLE ( 'NONE', #8546, 0.2500000000000002220 ) ;
#1462 = ORIENTED_EDGE ( 'NONE', *, *, #3017, .T. ) ;
#1463 = ORIENTED_EDGE ( 'NONE', *, *, #6314, .F. ) ;
#1464 = CARTESIAN_POINT ( 'NONE',  ( -1.540743955509788682E-30, -3.904999999999991811, 6.938893903907228378E-15 ) ) ;
#1465 = CARTESIAN_POINT ( 'NONE',  ( 16.93117546539299312, 94.12768161796614663, -1.528167975084385066 ) ) ;
#1466 = AXIS2_PLACEMENT_3D ( 'NONE', #6469, #10015, #2042 ) ;
#1467 = ORIENTED_EDGE ( 'NONE', *, *, #10840, .T. ) ;
#1468 = VECTOR ( 'NONE', #11099, 1000.000000000000000 ) ;
#1469 = CARTESIAN_POINT ( 'NONE',  ( 0.8897112561301585565, -3.904999999999991811, 16.97670209082773596 ) ) ;
#1470 = EDGE_CURVE ( 'NONE', #10558, #6353, #3907, .T. ) ;
#1471 = FACE_OUTER_BOUND ( 'NONE', #2937, .T. ) ;
#1472 = ORIENTED_EDGE ( 'NONE', *, *, #9986, .F. ) ;
#1473 = LINE ( 'NONE', #3109, #960 ) ;
#1474 = VECTOR ( 'NONE', #1740, 1000.000000000000000 ) ;
#1475 = CARTESIAN_POINT ( 'NONE',  ( 0.2499932416904397381, 1.095000000000012630, 16.99816176470588758 ) ) ;
#1476 = CIRCLE ( 'NONE', #2029, 17.00000000000000355 ) ;
#1477 = CARTESIAN_POINT ( 'NONE',  ( 13.21148134476858438, 94.12768161796608979, 10.69844664784715782 ) ) ;
#1478 = ORIENTED_EDGE ( 'NONE', *, *, #4164, .F. ) ;
#1479 = ORIENTED_EDGE ( 'NONE', *, *, #8236, .F. ) ;
#1480 = VERTEX_POINT ( 'NONE', #3019 ) ;
#1481 = DIRECTION ( 'NONE',  ( -1.613839565122628308E-31, -1.000000000000000000, -3.111048790438776325E-16 ) ) ;
#1482 = AXIS2_PLACEMENT_3D ( 'NONE', #2053, #7582, #4964 ) ;
#1483 = DIRECTION ( 'NONE',  ( -3.583126979299020263E-32, 1.000000000000000000, 3.111048790438776325E-16 ) ) ;
#1484 = CARTESIAN_POINT ( 'NONE',  ( 6.092255142270220247, -3.904999999999991811, 15.87086725045237046 ) ) ;
#1485 = CIRCLE ( 'NONE', #5603, 0.2500000000000002220 ) ;
#1486 = CARTESIAN_POINT ( 'NONE',  ( -1.540743955509788682E-30, 28.30499999999999616, 6.938893903907228378E-15 ) ) ;
#1487 = ADVANCED_FACE ( 'NONE', ( #8437 ), #3995, .T. ) ;
#1488 = AXIS2_PLACEMENT_3D ( 'NONE', #5721, #5782, #2327 ) ;
#1489 = DIRECTION ( 'NONE',  ( 1.734234232687273023E-32, -1.000000000000000000, -3.111048790438776325E-16 ) ) ;
#1490 = CIRCLE ( 'NONE', #2041, 0.2500000000000006661 ) ;
#1491 = DIRECTION ( 'NONE',  ( -3.583126979299020263E-32, 1.000000000000000000, 3.111048790438776325E-16 ) ) ;
#1492 = VECTOR ( 'NONE', #569, 1000.000000000000000 ) ;
#1493 = AXIS2_PLACEMENT_3D ( 'NONE', #2254, #390, #7615 ) ;
#1494 = CARTESIAN_POINT ( 'NONE',  ( 3.778646842853286447, 94.12768161796614663, 16.57473462945925036 ) ) ;
#1495 = CARTESIAN_POINT ( 'NONE',  ( 11.84274353507898958, 94.12768161796608979, -12.19628736797980650 ) ) ;
#1496 = ORIENTED_EDGE ( 'NONE', *, *, #8745, .F. ) ;
#1497 = VERTEX_POINT ( 'NONE', #4050 ) ;
#1498 = AXIS2_PLACEMENT_3D ( 'NONE', #1190, #8303, #6636 ) ;
#1499 = CARTESIAN_POINT ( 'NONE',  ( -1.540743955509788682E-30, 1.095000000000012630, 0.000000000000000000 ) ) ;
#1500 = CARTESIAN_POINT ( 'NONE',  ( -13.05272692301282511, 94.12768161796608979, 10.89157104706463208 ) ) ;
#1501 = CARTESIAN_POINT ( 'NONE',  ( -14.25739965507215246, -3.904999999999963833, 9.008863595255524714 ) ) ;
#1502 = ORIENTED_EDGE ( 'NONE', *, *, #11322, .T. ) ;
#1503 = EDGE_CURVE ( 'NONE', #6200, #5655, #7558, .T. ) ;
#1504 = LINE ( 'NONE', #11070, #2390 ) ;
#1505 = CARTESIAN_POINT ( 'NONE',  ( -1.540743955509788682E-30, 39.99999999999997868, 1.387778780781445676E-14 ) ) ;
#1506 = CIRCLE ( 'NONE', #759, 0.2500000000000002220 ) ;
#1507 = VECTOR ( 'NONE', #8256, 1000.000000000000227 ) ;
#1508 = CIRCLE ( 'NONE', #7466, 0.2500000000000002220 ) ;
#1509 = AXIS2_PLACEMENT_3D ( 'NONE', #1604, #1554, #7789 ) ;
#1510 = CARTESIAN_POINT ( 'NONE',  ( -11.55977147257035220, -3.904999999999963833, 12.46481782867077470 ) ) ;
#1511 = ADVANCED_FACE ( 'NONE', ( #3946, #2084 ), #9292, .T. ) ;
#1512 = AXIS2_PLACEMENT_3D ( 'NONE', #7090, #3481, #1734 ) ;
#1513 = CARTESIAN_POINT ( 'NONE',  ( 9.992349288971865917, -3.904999999999936300, -13.75328890437422302 ) ) ;
#1514 = ORIENTED_EDGE ( 'NONE', *, *, #9097, .T. ) ;
#1515 = VERTEX_POINT ( 'NONE', #3196 ) ;
#1516 = FACE_OUTER_BOUND ( 'NONE', #7657, .T. ) ;
#1517 = CIRCLE ( 'NONE', #3007, 0.2500000000000002220 ) ;
#1518 = VERTEX_POINT ( 'NONE', #5652 ) ;
#1519 = VECTOR ( 'NONE', #6472, 1000.000000000000000 ) ;
#1520 = ORIENTED_EDGE ( 'NONE', *, *, #9966, .F. ) ;
#1521 = CIRCLE ( 'NONE', #9525, 0.2500000000000002220 ) ;
#1522 = CYLINDRICAL_SURFACE ( 'NONE', #9679, 0.2500000000000002220 ) ;
#1523 = ORIENTED_EDGE ( 'NONE', *, *, #4243, .F. ) ;
#1524 = CARTESIAN_POINT ( 'NONE',  ( -1.540743955509788682E-30, 39.99999999999997868, 1.387778780781445676E-14 ) ) ;
#1525 = CIRCLE ( 'NONE', #4136, 0.2500000000000002220 ) ;
#1526 = CARTESIAN_POINT ( 'NONE',  ( -1.540743955509788682E-30, 1.095000000000012630, 0.000000000000000000 ) ) ;
#1527 = VECTOR ( 'NONE', #2319, 1000.000000000000000 ) ;
#1528 = ORIENTED_EDGE ( 'NONE', *, *, #10644, .T. ) ;
#1529 = DIRECTION ( 'NONE',  ( -1.110223024625156540E-16, -3.061276722312012491E-16, 1.000000000000000000 ) ) ;
#1530 = ORIENTED_EDGE ( 'NONE', *, *, #856, .T. ) ;
#1531 = ADVANCED_FACE ( 'NONE', ( #3125 ), #10215, .T. ) ;
#1532 = ORIENTED_EDGE ( 'NONE', *, *, #5276, .T. ) ;
#1533 = CYLINDRICAL_SURFACE ( 'NONE', #512, 17.00000000000000355 ) ;
#1534 = FACE_OUTER_BOUND ( 'NONE', #2958, .T. ) ;
#1535 = AXIS2_PLACEMENT_3D ( 'NONE', #7620, #4944, #395 ) ;
#1536 = ORIENTED_EDGE ( 'NONE', *, *, #6882, .T. ) ;
#1537 = VECTOR ( 'NONE', #7507, 1000.000000000000000 ) ;
#1538 = LINE ( 'NONE', #1586, #9471 ) ;
#1539 = DIRECTION ( 'NONE',  ( 3.583126979299020263E-32, -1.000000000000000000, -3.111048790438776325E-16 ) ) ;
#1540 = VERTEX_POINT ( 'NONE', #7506 ) ;
#1541 = LINE ( 'NONE', #1644, #1149 ) ;
#1542 = DIRECTION ( 'NONE',  ( -1.110223024625156540E-16, -3.061276722312012491E-16, 1.000000000000000000 ) ) ;
#1543 = EDGE_CURVE ( 'NONE', #2945, #1435, #4113, .T. ) ;
#1544 = CARTESIAN_POINT ( 'NONE',  ( 15.42691205650430852, -3.904999999999991811, 7.142155445023709248 ) ) ;
#1545 = VERTEX_POINT ( 'NONE', #3427 ) ;
#1546 = ORIENTED_EDGE ( 'NONE', *, *, #6070, .F. ) ;
#1547 = EDGE_LOOP ( 'NONE', ( #1635, #7009, #7010, #5496 ) ) ;
#1548 = CYLINDRICAL_SURFACE ( 'NONE', #11394, 17.00000000000000355 ) ;
#1549 = DIRECTION ( 'NONE',  ( 0.000000000000000000, 0.000000000000000000, -1.000000000000000000 ) ) ;
#1550 = DIRECTION ( 'NONE',  ( -1.110223024625156540E-16, -5.782411586589354681E-16, 1.000000000000000000 ) ) ;
#1551 = CARTESIAN_POINT ( 'NONE',  ( -9.789020020369212816, -3.904999999999936300, -13.89874408142011752 ) ) ;
#1552 = ADVANCED_FACE ( 'NONE', ( #10516 ), #621, .F. ) ;
#1553 = FACE_OUTER_BOUND ( 'NONE', #8667, .T. ) ;
#1554 = DIRECTION ( 'NONE',  ( 1.837426895219298997E-31, -1.000000000000000000, -3.111048790438772381E-16 ) ) ;
#1555 = ADVANCED_FACE ( 'NONE', ( #2363 ), #5170, .T. ) ;
#1556 = EDGE_CURVE ( 'NONE', #8032, #7241, #7470, .T. ) ;
#1557 = DIRECTION ( 'NONE',  ( -1.110223024625156540E-16, -4.081702296416015997E-16, 1.000000000000000000 ) ) ;
#1558 = EDGE_CURVE ( 'NONE', #9531, #1084, #5617, .T. ) ;
#1559 = EDGE_CURVE ( 'NONE', #8464, #92, #6712, .T. ) ;
#1560 = CARTESIAN_POINT ( 'NONE',  ( 2.976959025309944573E-15, 25.07901419350386618, -12.74999999999997868 ) ) ;
#1561 = EDGE_LOOP ( 'NONE', ( #4284, #5643, #6988, #11056 ) ) ;
#1562 = ORIENTED_EDGE ( 'NONE', *, *, #2974, .T. ) ;
#1563 = CARTESIAN_POINT ( 'NONE',  ( 12.19628736797986690, -3.904999999999963833, 11.84274353507898425 ) ) ;
#1564 = CARTESIAN_POINT ( 'NONE',  ( -15.14711091120225284, -3.904999999999936300, -7.717838495572268087 ) ) ;
#1565 = DIRECTION ( 'NONE',  ( -6.277634335963640990E-32, -1.000000000000000000, -3.111048790438772381E-16 ) ) ;
#1566 = ORIENTED_EDGE ( 'NONE', *, *, #3944, .F. ) ;
#1567 = DIRECTION ( 'NONE',  ( -3.583126979299020263E-32, 1.000000000000000000, 3.111048790438776325E-16 ) ) ;
#1568 = DIRECTION ( 'NONE',  ( 0.000000000000000000, 0.000000000000000000, -1.000000000000000000 ) ) ;
#1569 = CARTESIAN_POINT ( 'NONE',  ( -16.93117546539301443, 1.095000000000040385, 1.528167975084308905 ) ) ;
#1570 = EDGE_CURVE ( 'NONE', #10198, #11311, #4853, .T. ) ;
#1571 = DIRECTION ( 'NONE',  ( -1.347253678332314469E-32, -1.000000000000000000, -3.111048790438772381E-16 ) ) ;
#1572 = VERTEX_POINT ( 'NONE', #4372 ) ;
#1573 = DIRECTION ( 'NONE',  ( 0.000000000000000000, 0.000000000000000000, 1.000000000000000000 ) ) ;
#1574 = CARTESIAN_POINT ( 'NONE',  ( 2.025415480194916462, 1.095000000000012630, -16.87891264663060298 ) ) ;
#1575 = ORIENTED_EDGE ( 'NONE', *, *, #6015, .F. ) ;
#1576 = EDGE_CURVE ( 'NONE', #8032, #7691, #9729, .T. ) ;
#1577 = DIRECTION ( 'NONE',  ( -1.613839565122629184E-31, -1.000000000000000000, -3.111048790438772381E-16 ) ) ;
#1578 = ORIENTED_EDGE ( 'NONE', *, *, #6198, .T. ) ;
#1579 = CARTESIAN_POINT ( 'NONE',  ( -1.887379141862763358E-15, 1.095000000000012630, 16.99999999999999289 ) ) ;
#1580 = LINE ( 'NONE', #1806, #2075 ) ;
#1581 = CARTESIAN_POINT ( 'NONE',  ( 1.804112415015880561E-15, 1.095000000000019513, -16.25000000000001776 ) ) ;
#1582 = ORIENTED_EDGE ( 'NONE', *, *, #5047, .T. ) ;
#1583 = ORIENTED_EDGE ( 'NONE', *, *, #2561, .F. ) ;
#1584 = CARTESIAN_POINT ( 'NONE',  ( -1.776356839400252831E-15, -10.60500000000000931, 16.00000000000000711 ) ) ;
#1585 = ORIENTED_EDGE ( 'NONE', *, *, #7544, .F. ) ;
#1586 = CARTESIAN_POINT ( 'NONE',  ( 16.97670209082774662, 94.12768161796614663, 0.6397112561299098665 ) ) ;
#1587 = CYLINDRICAL_SURFACE ( 'NONE', #10023, 0.2500000000000006661 ) ;
#1588 = AXIS2_PLACEMENT_3D ( 'NONE', #11458, #3423, #9638 ) ;
#1589 = VERTEX_POINT ( 'NONE', #9904 ) ;
#1590 = DIRECTION ( 'NONE',  ( 3.583126979299020263E-32, -1.000000000000000000, -3.111048790438776325E-16 ) ) ;
#1591 = EDGE_CURVE ( 'NONE', #5669, #4014, #9872, .T. ) ;
#1592 = CIRCLE ( 'NONE', #7931, 17.00000000000000355 ) ;
#1593 = DIRECTION ( 'NONE',  ( -3.583126979299020263E-32, 1.000000000000000000, 3.111048790438776325E-16 ) ) ;
#1594 = ORIENTED_EDGE ( 'NONE', *, *, #8867, .T. ) ;
#1595 = EDGE_LOOP ( 'NONE', ( #4128, #2580, #1822, #6416 ) ) ;
#1596 = ORIENTED_EDGE ( 'NONE', *, *, #1044, .T. ) ;
#1597 = DIRECTION ( 'NONE',  ( -1.110223024625156540E-16, -4.081702296416015997E-16, 1.000000000000000000 ) ) ;
#1598 = CARTESIAN_POINT ( 'NONE',  ( -1.540743955509788682E-30, 39.99999999999997868, 1.387778780781445676E-14 ) ) ;
#1599 = DIRECTION ( 'NONE',  ( 0.000000000000000000, 0.000000000000000000, 1.000000000000000000 ) ) ;
#1600 = FACE_OUTER_BOUND ( 'NONE', #2931, .T. ) ;
#1601 = CARTESIAN_POINT ( 'NONE',  ( 5.253288904374220358, 1.095000000000012630, 15.91796077701757639 ) ) ;
#1602 = DIRECTION ( 'NONE',  ( -3.583126979299020263E-32, 1.000000000000000000, 3.111048790438776325E-16 ) ) ;
#1603 = AXIS2_PLACEMENT_3D ( 'NONE', #1385, #8676, #1568 ) ;
#1604 = CARTESIAN_POINT ( 'NONE',  ( 13.21148134476858438, 94.12768161796608979, 10.69844664784715782 ) ) ;
#1605 = EDGE_CURVE ( 'NONE', #7124, #7176, #755, .T. ) ;
#1606 = CARTESIAN_POINT ( 'NONE',  ( -1.540743955509788682E-30, -3.904999999999991811, 6.938893903907228378E-15 ) ) ;
#1607 = DIRECTION ( 'NONE',  ( -3.583126979299020263E-32, 1.000000000000000000, 3.111048790438776325E-16 ) ) ;
#1608 = ORIENTED_EDGE ( 'NONE', *, *, #7029, .T. ) ;
#1609 = ADVANCED_FACE ( 'NONE', ( #8382 ), #8151, .T. ) ;
#1610 = ORIENTED_EDGE ( 'NONE', *, *, #7884, .T. ) ;
#1611 = CARTESIAN_POINT ( 'NONE',  ( -1.540743955509788682E-30, -3.904999999999991811, 6.938893903907228378E-15 ) ) ;
#1612 = CARTESIAN_POINT ( 'NONE',  ( -14.72243186433546036, 1.095000000000012630, -8.499999999999966249 ) ) ;
#1613 = DIRECTION ( 'NONE',  ( -1.110223024625156540E-16, -3.061276722312011998E-16, 1.000000000000000000 ) ) ;
#1614 = LINE ( 'NONE', #5178, #10798 ) ;
#1615 = FACE_OUTER_BOUND ( 'NONE', #2607, .T. ) ;
#1616 = CARTESIAN_POINT ( 'NONE',  ( 0.000000000000000000, 0.000000000000000000, 0.000000000000000000 ) ) ;
#1617 = ADVANCED_FACE ( 'NONE', ( #3887 ), #7387, .F. ) ;
#1618 = EDGE_CURVE ( 'NONE', #11209, #10012, #1309, .T. ) ;
#1619 = DIRECTION ( 'NONE',  ( 0.000000000000000000, 0.000000000000000000, 1.000000000000000000 ) ) ;
#1620 = AXIS2_PLACEMENT_3D ( 'NONE', #6435, #10816, #9931 ) ;
#1621 = DIRECTION ( 'NONE',  ( -1.146585139244742688E-33, -1.000000000000000000, -3.111048790438776325E-16 ) ) ;
#1622 = ORIENTED_EDGE ( 'NONE', *, *, #11074, .T. ) ;
#1623 = DIRECTION ( 'NONE',  ( 2.330464960982432251E-31, -1.000000000000000000, -3.111048790438776325E-16 ) ) ;
#1624 = DIRECTION ( 'NONE',  ( -3.583126979299020263E-32, 1.000000000000000000, 3.111048790438776325E-16 ) ) ;
#1625 = ORIENTED_EDGE ( 'NONE', *, *, #6813, .F. ) ;
#1626 = FACE_OUTER_BOUND ( 'NONE', #7580, .T. ) ;
#1627 = EDGE_CURVE ( 'NONE', #10229, #11396, #6169, .T. ) ;
#1628 = VERTEX_POINT ( 'NONE', #7280 ) ;
#1629 = DIRECTION ( 'NONE',  ( -3.583126979299020263E-32, 1.000000000000000000, 3.111048790438776325E-16 ) ) ;
#1630 = VECTOR ( 'NONE', #792, 1000.000000000000000 ) ;
#1631 = CYLINDRICAL_SURFACE ( 'NONE', #4311, 12.00000000000000711 ) ;
#1632 = VECTOR ( 'NONE', #794, 1000.000000000000000 ) ;
#1633 = EDGE_CURVE ( 'NONE', #5050, #720, #1262, .T. ) ;
#1634 = ORIENTED_EDGE ( 'NONE', *, *, #1209, .F. ) ;
#1635 = ORIENTED_EDGE ( 'NONE', *, *, #4698, .F. ) ;
#1636 = DIRECTION ( 'NONE',  ( 0.000000000000000000, 0.000000000000000000, -1.000000000000000000 ) ) ;
#1637 = ORIENTED_EDGE ( 'NONE', *, *, #9640, .T. ) ;
#1638 = DIRECTION ( 'NONE',  ( -3.583126979299020263E-32, 1.000000000000000000, 3.111048790438776325E-16 ) ) ;
#1639 = VECTOR ( 'NONE', #2224, 1000.000000000000000 ) ;
#1640 = ORIENTED_EDGE ( 'NONE', *, *, #1131, .F. ) ;
#1641 = CARTESIAN_POINT ( 'NONE',  ( -2.659385905683814055, 1.095000000000012630, 16.54070179011735675 ) ) ;
#1642 = DIRECTION ( 'NONE',  ( 0.000000000000000000, 0.000000000000000000, -1.000000000000000000 ) ) ;
#1643 = VECTOR ( 'NONE', #837, 1000.000000000000000 ) ;
#1644 = CARTESIAN_POINT ( 'NONE',  ( -15.03197847483555094, 94.12768161796608979, -7.939749563561783852 ) ) ;
#1645 = VECTOR ( 'NONE', #8912, 1000.000000000000000 ) ;
#1646 = AXIS2_PLACEMENT_3D ( 'NONE', #11251, #5075, #10169 ) ;
#1647 = ADVANCED_FACE ( 'NONE', ( #5500 ), #11491, .F. ) ;
#1648 = CARTESIAN_POINT ( 'NONE',  ( -11.18820910463680285, -3.904999999999936300, -12.79937408746701522 ) ) ;
#1649 = AXIS2_PLACEMENT_3D ( 'NONE', #4618, #1005, #1987 ) ;
#1650 = ORIENTED_EDGE ( 'NONE', *, *, #4247, .T. ) ;
#1651 = ORIENTED_EDGE ( 'NONE', *, *, #10719, .F. ) ;
#1652 = AXIS2_PLACEMENT_3D ( 'NONE', #4034, #8587, #6600 ) ;
#1653 = VERTEX_POINT ( 'NONE', #4251 ) ;
#1654 = FACE_OUTER_BOUND ( 'NONE', #3216, .T. ) ;
#1655 = DIRECTION ( 'NONE',  ( -1.110223024625156540E-16, -4.081702296416015997E-16, 1.000000000000000000 ) ) ;
#1656 = CARTESIAN_POINT ( 'NONE',  ( -1.540743955509788682E-30, 39.99999999999997868, 1.387778780781445676E-14 ) ) ;
#1657 = CARTESIAN_POINT ( 'NONE',  ( 15.14711091120215514, -3.904999999999936300, -7.717838495572462598 ) ) ;
#1658 = AXIS2_PLACEMENT_3D ( 'NONE', #5609, #10898, #7462 ) ;
#1659 = DIRECTION ( 'NONE',  ( 2.330464960982431813E-31, -1.000000000000000000, -3.111048790438772381E-16 ) ) ;
#1660 = AXIS2_PLACEMENT_3D ( 'NONE', #10373, #11276, #3290 ) ;
#1661 = DIRECTION ( 'NONE',  ( 0.000000000000000000, 0.000000000000000000, 1.000000000000000000 ) ) ;
#1662 = VERTEX_POINT ( 'NONE', #7813 ) ;
#1663 = CIRCLE ( 'NONE', #5429, 14.05114218134572468 ) ;
#1664 = CARTESIAN_POINT ( 'NONE',  ( 1.578082043558060255E-16, 23.29500000000000526, 13.79155730658018797 ) ) ;
#1665 = ORIENTED_EDGE ( 'NONE', *, *, #3973, .F. ) ;
#1666 = ORIENTED_EDGE ( 'NONE', *, *, #7534, .F. ) ;
#1667 = CARTESIAN_POINT ( 'NONE',  ( -12.46481782867071075, 94.12768161796608979, 11.55977147257043747 ) ) ;
#1668 = CYLINDRICAL_SURFACE ( 'NONE', #1320, 12.74999999999999822 ) ;
#1669 = DIRECTION ( 'NONE',  ( -3.583126979299020263E-32, 1.000000000000000000, 3.111048790438776325E-16 ) ) ;
#1670 = VECTOR ( 'NONE', #1577, 1000.000000000000000 ) ;
#1671 = EDGE_CURVE ( 'NONE', #5794, #3555, #9313, .T. ) ;
#1672 = CARTESIAN_POINT ( 'NONE',  ( -1.540743955509788682E-30, -3.904999999999991811, 6.938893903907228378E-15 ) ) ;
#1673 = AXIS2_PLACEMENT_3D ( 'NONE', #2017, #8375, #6679 ) ;
#1674 = EDGE_CURVE ( 'NONE', #2932, #10611, #2811, .T. ) ;
#1675 = CYLINDRICAL_SURFACE ( 'NONE', #3030, 17.00000000000000355 ) ;
#1676 = AXIS2_PLACEMENT_3D ( 'NONE', #7688, #6859, #4235 ) ;
#1677 = DIRECTION ( 'NONE',  ( 1.590907862337733465E-31, -1.000000000000000000, -3.111048790438776325E-16 ) ) ;
#1678 = EDGE_CURVE ( 'NONE', #1287, #9750, #8253, .T. ) ;
#1679 = CIRCLE ( 'NONE', #8208, 17.00000000000000355 ) ;
#1680 = ORIENTED_EDGE ( 'NONE', *, *, #7319, .T. ) ;
#1681 = FACE_OUTER_BOUND ( 'NONE', #1013, .T. ) ;
#1683 = CIRCLE ( 'NONE', #10616, 17.00000000000000000 ) ;
#1682 = CARTESIAN_POINT ( 'NONE',  ( 13.89874408142000739, -3.904999999999991811, -9.789020020369354924 ) ) ;
#1684 = ORIENTED_EDGE ( 'NONE', *, *, #7527, .F. ) ;
#1685 = EDGE_CURVE ( 'NONE', #1497, #11216, #1238, .T. ) ;
#1686 = AXIS2_PLACEMENT_3D ( 'NONE', #4604, #8103, #5308 ) ;
#1687 = CARTESIAN_POINT ( 'NONE',  ( -6.092255142270110113, 1.095000000000068141, -15.87086725045242375 ) ) ;
#1688 = ORIENTED_EDGE ( 'NONE', *, *, #65, .F. ) ;
#1689 = EDGE_CURVE ( 'NONE', #8464, #8585, #3760, .T. ) ;
#1690 = DIRECTION ( 'NONE',  ( -2.579848842740145962E-32, -1.000000000000000000, -3.111048790438772381E-16 ) ) ;
#1691 = CIRCLE ( 'NONE', #8948, 0.2500000000000002220 ) ;
#1692 = DIRECTION ( 'NONE',  ( 1.837426895219299873E-31, -1.000000000000000000, -3.111048790438776325E-16 ) ) ;
#1693 = ADVANCED_FACE ( 'NONE', ( #2123 ), #9179, .T. ) ;
#1694 = CIRCLE ( 'NONE', #5246, 17.00000000000000000 ) ;
#1695 = AXIS2_PLACEMENT_3D ( 'NONE', #1606, #10517, #5171 ) ;
#1696 = AXIS2_PLACEMENT_3D ( 'NONE', #9245, #8729, #5182 ) ;
#1697 = EDGE_CURVE ( 'NONE', #3446, #3766, #7273, .T. ) ;
#1698 = EDGE_CURVE ( 'NONE', #1821, #8925, #7649, .T. ) ;
#1699 = ORIENTED_EDGE ( 'NONE', *, *, #9238, .F. ) ;
#1700 = ORIENTED_EDGE ( 'NONE', *, *, #4690, .F. ) ;
#1701 = CARTESIAN_POINT ( 'NONE',  ( -9.258863595255371948, 1.095000000000012630, 14.25739965507226437 ) ) ;
#1702 = ORIENTED_EDGE ( 'NONE', *, *, #6314, .T. ) ;
#1703 = DIRECTION ( 'NONE',  ( -8.742824664779303976E-32, -1.000000000000000000, -3.111048790438772381E-16 ) ) ;
#1704 = ORIENTED_EDGE ( 'NONE', *, *, #10668, .T. ) ;
#1705 = ORIENTED_EDGE ( 'NONE', *, *, #3050, .F. ) ;
#1706 = CYLINDRICAL_SURFACE ( 'NONE', #3886, 0.2500000000000006661 ) ;
#1707 = CARTESIAN_POINT ( 'NONE',  ( -16.90687222126064171, 94.12768161796614663, -1.776983875550024239 ) ) ;
#1708 = CIRCLE ( 'NONE', #8230, 0.2500000000000002220 ) ;
#1709 = CARTESIAN_POINT ( 'NONE',  ( 10.69844664784733546, 1.095000000000012630, 13.21148134476841918 ) ) ;
#1710 = VECTOR ( 'NONE', #4728, 1000.000000000000000 ) ;
#1711 = CIRCLE ( 'NONE', #590, 0.2500000000000006661 ) ;
#1712 = CARTESIAN_POINT ( 'NONE',  ( 1.400921894263504024E-15, 28.30499999999999972, -5.999999999999993783 ) ) ;
#1713 = ADVANCED_FACE ( 'NONE', ( #8192 ), #219, .F. ) ;
#1714 = AXIS2_PLACEMENT_3D ( 'NONE', #4514, #8071, #88 ) ;
#1715 = ORIENTED_EDGE ( 'NONE', *, *, #24, .T. ) ;
#1716 = ORIENTED_EDGE ( 'NONE', *, *, #8417, .T. ) ;
#1717 = AXIS2_PLACEMENT_3D ( 'NONE', #5592, #4716, #3659 ) ;
#1718 = ORIENTED_EDGE ( 'NONE', *, *, #6540, .T. ) ;
#1719 = FACE_OUTER_BOUND ( 'NONE', #2485, .T. ) ;
#1720 = DIRECTION ( 'NONE',  ( -3.583126979299020263E-32, 1.000000000000000000, 3.111048790438776325E-16 ) ) ;
#1721 = DIRECTION ( 'NONE',  ( 0.000000000000000000, 0.000000000000000000, -1.000000000000000000 ) ) ;
#1722 = CARTESIAN_POINT ( 'NONE',  ( -16.87891264663057100, -3.904999999999991811, -2.025415480195212670 ) ) ;
#1723 = ORIENTED_EDGE ( 'NONE', *, *, #4541, .F. ) ;
#1724 = CARTESIAN_POINT ( 'NONE',  ( -11.18820910463688278, 94.12768161796608979, -12.79937408746689798 ) ) ;
#1725 = EDGE_CURVE ( 'NONE', #9949, #1923, #5237, .T. ) ;
#1726 = VECTOR ( 'NONE', #5287, 1000.000000000000000 ) ;
#1727 = LINE ( 'NONE', #8834, #766 ) ;
#1728 = CARTESIAN_POINT ( 'NONE',  ( 5.253288904374220358, 1.095000000000012630, 16.16796077701757639 ) ) ;
#1729 = ORIENTED_EDGE ( 'NONE', *, *, #1685, .F. ) ;
#1730 = ORIENTED_EDGE ( 'NONE', *, *, #2414, .F. ) ;
#1731 = VERTEX_POINT ( 'NONE', #6576 ) ;
#1732 = ORIENTED_EDGE ( 'NONE', *, *, #7238, .T. ) ;
#1733 = CARTESIAN_POINT ( 'NONE',  ( 13.75328890437398499, 1.095000000000012630, -9.992349288972205201 ) ) ;
#1734 = DIRECTION ( 'NONE',  ( -1.110223024625156540E-16, -3.061276722312011998E-16, 1.000000000000000000 ) ) ;
#1735 = CARTESIAN_POINT ( 'NONE',  ( -1.540743955509788682E-30, -3.904999999999991811, 6.938893903907228378E-15 ) ) ;
#1736 = ORIENTED_EDGE ( 'NONE', *, *, #5355, .F. ) ;
#1737 = DIRECTION ( 'NONE',  ( 2.330464960982432251E-31, -1.000000000000000000, -3.111048790438776325E-16 ) ) ;
#1738 = EDGE_CURVE ( 'NONE', #9531, #871, #11072, .T. ) ;
#1739 = CARTESIAN_POINT ( 'NONE',  ( -1.540743955509788682E-30, 1.095000000000012630, 0.000000000000000000 ) ) ;
#1740 = DIRECTION ( 'NONE',  ( -3.583126979299020263E-32, 1.000000000000000000, 3.111048790438776325E-16 ) ) ;
#1741 = ORIENTED_EDGE ( 'NONE', *, *, #6102, .F. ) ;
#1742 = CARTESIAN_POINT ( 'NONE',  ( 16.79070179011734965, 1.095000000000040385, 2.659385905683764317 ) ) ;
#1743 = CARTESIAN_POINT ( 'NONE',  ( -4.399923766742745102, -3.904999999999991811, 16.42073904691417852 ) ) ;
#1744 = CARTESIAN_POINT ( 'NONE',  ( -16.97670209082773951, 1.095000000000040385, 0.8897112561301184774 ) ) ;
#1745 = ORIENTED_EDGE ( 'NONE', *, *, #3967, .T. ) ;
#1746 = FACE_OUTER_BOUND ( 'NONE', #1236, .T. ) ;
#1747 = LINE ( 'NONE', #1925, #5788 ) ;
#1748 = DIRECTION ( 'NONE',  ( 1.110223024625156540E-16, 0.000000000000000000, -1.000000000000000000 ) ) ;
#1749 = DIRECTION ( 'NONE',  ( 3.583126979299020263E-32, -1.000000000000000000, -3.111048790438776325E-16 ) ) ;
#1750 = EDGE_CURVE ( 'NONE', #2703, #4693, #10619, .T. ) ;
#1751 = CARTESIAN_POINT ( 'NONE',  ( -5.490478559968014594, 1.095000000000068141, -16.08896035120142542 ) ) ;
#1752 = ORIENTED_EDGE ( 'NONE', *, *, #4332, .T. ) ;
#1753 = ORIENTED_EDGE ( 'NONE', *, *, #3861, .T. ) ;
#1754 = VERTEX_POINT ( 'NONE', #1055 ) ;
#1755 = CYLINDRICAL_SURFACE ( 'NONE', #10804, 0.2500000000000006661 ) ;
#1756 = ADVANCED_FACE ( 'NONE', ( #2871 ), #1171, .F. ) ;
#1757 = ORIENTED_EDGE ( 'NONE', *, *, #1009, .T. ) ;
#1758 = CARTESIAN_POINT ( 'NONE',  ( 9.789020020369314068, -3.904999999999991811, 13.89874408142005535 ) ) ;
#1759 = DIRECTION ( 'NONE',  ( 3.583126979299020263E-32, -1.000000000000000000, -3.111048790438776325E-16 ) ) ;
#1760 = VERTEX_POINT ( 'NONE', #1876 ) ;
#1761 = CARTESIAN_POINT ( 'NONE',  ( 16.42073904691418562, 94.12768161796614663, 4.399923766742724673 ) ) ;
#1762 = DIRECTION ( 'NONE',  ( 0.000000000000000000, 0.000000000000000000, 1.000000000000000000 ) ) ;
#1763 = DIRECTION ( 'NONE',  ( -3.583126979299020263E-32, 1.000000000000000000, 3.111048790438776325E-16 ) ) ;
#1764 = EDGE_CURVE ( 'NONE', #5618, #3114, #8766, .T. ) ;
#1765 = EDGE_CURVE ( 'NONE', #625, #4420, #9859, .T. ) ;
#1766 = VECTOR ( 'NONE', #7027, 1000.000000000000000 ) ;
#1767 = EDGE_CURVE ( 'NONE', #1096, #6008, #7007, .T. ) ;
#1768 = DIRECTION ( 'NONE',  ( -1.120801499359496587E-31, -1.000000000000000000, -3.111048790438772381E-16 ) ) ;
#1769 = VERTEX_POINT ( 'NONE', #2534 ) ;
#1770 = VERTEX_POINT ( 'NONE', #6090 ) ;
#1771 = ORIENTED_EDGE ( 'NONE', *, *, #1191, .F. ) ;
#1772 = AXIS2_PLACEMENT_3D ( 'NONE', #2540, #6215, #6914 ) ;
#1773 = DIRECTION ( 'NONE',  ( 1.837426895219299873E-31, -1.000000000000000000, -3.111048790438776325E-16 ) ) ;
#1774 = CARTESIAN_POINT ( 'NONE',  ( 13.05272692301268478, -3.904999999999991811, -10.89157104706476531 ) ) ;
#1775 = CARTESIAN_POINT ( 'NONE',  ( 9.258863595255563794, -3.904999999999991811, 14.25739965507214002 ) ) ;
#1776 = DIRECTION ( 'NONE',  ( -1.120801499359495711E-31, -1.000000000000000000, -3.111048790438776325E-16 ) ) ;
#1777 = AXIS2_PLACEMENT_3D ( 'NONE', #2759, #6481, #5568 ) ;
#1778 = DIRECTION ( 'NONE',  ( 1.837426895219298778E-31, -1.000000000000000000, -3.111048790438772381E-16 ) ) ;
#1779 = DIRECTION ( 'NONE',  ( 0.000000000000000000, 0.000000000000000000, -1.000000000000000000 ) ) ;
#1780 = VERTEX_POINT ( 'NONE', #9631 ) ;
#1781 = VERTEX_POINT ( 'NONE', #5216 ) ;
#1782 = ORIENTED_EDGE ( 'NONE', *, *, #2747, .F. ) ;
#1783 = EDGE_LOOP ( 'NONE', ( #6586, #10269, #4591, #11302 ) ) ;
#1784 = DIRECTION ( 'NONE',  ( 3.583126979299020263E-32, -1.000000000000000000, -3.111048790438776325E-16 ) ) ;
#1785 = CARTESIAN_POINT ( 'NONE',  ( 10.19351758238236805, 94.12768161796608979, -13.60485940014303985 ) ) ;
#1786 = LINE ( 'NONE', #5241, #3261 ) ;
#1787 = CARTESIAN_POINT ( 'NONE',  ( -9.789020020369211039, 94.12768161796620348, 13.89874408142015305 ) ) ;
#1788 = ORIENTED_EDGE ( 'NONE', *, *, #6387, .T. ) ;
#1789 = CARTESIAN_POINT ( 'NONE',  ( 3.289586263734082916, -3.904999999999936300, -16.67868766460515317 ) ) ;
#1790 = DIRECTION ( 'NONE',  ( 1.000000000000000000, 0.000000000000000000, 0.000000000000000000 ) ) ;
#1791 = AXIS2_PLACEMENT_3D ( 'NONE', #3784, #10119, #3081 ) ;
#1792 = CARTESIAN_POINT ( 'NONE',  ( 14.84583652671791221, 1.095000000000012630, 8.282580384274464080 ) ) ;
#1793 = CARTESIAN_POINT ( 'NONE',  ( 14.72243186433534667, -3.904999999999991811, -8.500000000000166978 ) ) ;
#1794 = DIRECTION ( 'NONE',  ( -8.742824664779295218E-32, -1.000000000000000000, -3.111048790438776325E-16 ) ) ;
#1795 = EDGE_CURVE ( 'NONE', #2658, #6715, #1879, .T. ) ;
#1796 = ORIENTED_EDGE ( 'NONE', *, *, #8403, .F. ) ;
#1797 = DIRECTION ( 'NONE',  ( 3.583126979299020263E-32, -1.000000000000000000, -3.111048790438776325E-16 ) ) ;
#1798 = VERTEX_POINT ( 'NONE', #256 ) ;
#1799 = DIRECTION ( 'NONE',  ( -3.583126979299020263E-32, 1.000000000000000000, 3.111048790438776325E-16 ) ) ;
#1800 = CARTESIAN_POINT ( 'NONE',  ( 1.139265684969570813, 94.12768161796614663, 16.96178273941308845 ) ) ;
#1801 = ORIENTED_EDGE ( 'NONE', *, *, #7959, .T. ) ;
#1802 = CARTESIAN_POINT ( 'NONE',  ( 10.89157104706436741, 94.12768161796608979, -13.05272692301299386 ) ) ;
#1803 = CARTESIAN_POINT ( 'NONE',  ( -1.540743955509788682E-30, 1.095000000000012630, 0.000000000000000000 ) ) ;
#1804 = ORIENTED_EDGE ( 'NONE', *, *, #7884, .F. ) ;
#1805 = AXIS2_PLACEMENT_3D ( 'NONE', #3179, #10271, #4165 ) ;
#1806 = CARTESIAN_POINT ( 'NONE',  ( 2.906013752374295933, 94.12768161796620348, -16.74977862752252378 ) ) ;
#1807 = CARTESIAN_POINT ( 'NONE',  ( -16.79070179011731767, 94.12768161796614663, 2.409385905684027218 ) ) ;
#1808 = ORIENTED_EDGE ( 'NONE', *, *, #7870, .F. ) ;
#1809 = FACE_OUTER_BOUND ( 'NONE', #2993, .T. ) ;
#1810 = ORIENTED_EDGE ( 'NONE', *, *, #2377, .F. ) ;
#1811 = LINE ( 'NONE', #9741, #8563 ) ;
#1812 = ORIENTED_EDGE ( 'NONE', *, *, #2824, .T. ) ;
#1813 = CARTESIAN_POINT ( 'NONE',  ( -1.540743955509788682E-30, 39.99999999999997868, 1.387778780781445676E-14 ) ) ;
#1814 = ORIENTED_EDGE ( 'NONE', *, *, #6323, .T. ) ;
#1815 = CYLINDRICAL_SURFACE ( 'NONE', #1649, 13.55114218134571757 ) ;
#1816 = CARTESIAN_POINT ( 'NONE',  ( 4.996003610813208376E-16, -25.40499999999998337, -4.500000000000010658 ) ) ;
#1817 = CARTESIAN_POINT ( 'NONE',  ( -12.63346203311563265, 1.095000000000040385, 11.12522030810065488 ) ) ;
#1818 = ADVANCED_FACE ( 'NONE', ( #1809 ), #3454, .F. ) ;
#1819 = DIRECTION ( 'NONE',  ( -1.110223024625156540E-16, -3.061276722312012491E-16, 1.000000000000000000 ) ) ;
#1820 = VECTOR ( 'NONE', #7113, 1000.000000000000000 ) ;
#1821 = VERTEX_POINT ( 'NONE', #6032 ) ;
#1822 = ORIENTED_EDGE ( 'NONE', *, *, #7682, .T. ) ;
#1823 = EDGE_CURVE ( 'NONE', #105, #5083, #10497, .T. ) ;
#1824 = VERTEX_POINT ( 'NONE', #1758 ) ;
#1825 = LINE ( 'NONE', #958, #1438 ) ;
#1826 = CARTESIAN_POINT ( 'NONE',  ( -1.540743955509788682E-30, 39.99999999999997868, 1.387778780781445676E-14 ) ) ;
#1827 = AXIS2_PLACEMENT_3D ( 'NONE', #10999, #3016, #6567 ) ;
#1828 = CARTESIAN_POINT ( 'NONE',  ( -3.534498743901803408, 94.12768161796614663, 16.62850921247473934 ) ) ;
#1829 = DIRECTION ( 'NONE',  ( 0.000000000000000000, 0.000000000000000000, -1.000000000000000000 ) ) ;
#1830 = CIRCLE ( 'NONE', #2563, 0.2500000000000002220 ) ;
#1831 = CYLINDRICAL_SURFACE ( 'NONE', #9129, 0.2500000000000002220 ) ;
#1832 = AXIS2_PLACEMENT_3D ( 'NONE', #8964, #6112, #10646 ) ;
#1833 = EDGE_CURVE ( 'NONE', #5722, #1459, #9703, .T. ) ;
#1834 = AXIS2_PLACEMENT_3D ( 'NONE', #1069, #4523, #5463 ) ;
#1835 = CARTESIAN_POINT ( 'NONE',  ( -12.19628736797954893, 1.095000000000012630, -11.84274353507928268 ) ) ;
#1836 = CIRCLE ( 'NONE', #8353, 0.2500000000000002220 ) ;
#1837 = EDGE_CURVE ( 'NONE', #8654, #626, #2640, .T. ) ;
#1838 = CARTESIAN_POINT ( 'NONE',  ( 6.914522932288711843, 94.12768161796614663, 15.53027277992419286 ) ) ;
#1839 = VERTEX_POINT ( 'NONE', #1792 ) ;
#1840 = ORIENTED_EDGE ( 'NONE', *, *, #784, .T. ) ;
#1841 = ORIENTED_EDGE ( 'NONE', *, *, #6630, .F. ) ;
#1842 = EDGE_CURVE ( 'NONE', #1731, #7735, #10704, .T. ) ;
#1843 = VERTEX_POINT ( 'NONE', #7612 ) ;
#1844 = DIRECTION ( 'NONE',  ( -3.583126979299020263E-32, 1.000000000000000000, 3.111048790438776325E-16 ) ) ;
#1845 = DIRECTION ( 'NONE',  ( 0.000000000000000000, 0.000000000000000000, 1.000000000000000000 ) ) ;
#1846 = LINE ( 'NONE', #6110, #9026 ) ;
#1847 = CARTESIAN_POINT ( 'NONE',  ( 16.97670209082772885, 1.095000000000012630, -0.8897112561302433775 ) ) ;
#1848 = AXIS2_PLACEMENT_3D ( 'NONE', #5666, #1979, #8159 ) ;
#1849 = ORIENTED_EDGE ( 'NONE', *, *, #8461, .T. ) ;
#1850 = CARTESIAN_POINT ( 'NONE',  ( 16.99816176470586626, 94.12768161796614663, 0.2499932416905187305 ) ) ;
#1851 = CIRCLE ( 'NONE', #5763, 17.00000000000000355 ) ;
#1852 = CIRCLE ( 'NONE', #10394, 0.2500000000000004441 ) ;
#1853 = VECTOR ( 'NONE', #5328, 1000.000000000000000 ) ;
#1854 = CARTESIAN_POINT ( 'NONE',  ( -1.476723430354289301E-15, -23.40500000000001180, 13.30114218134571580 ) ) ;
#1855 = DIRECTION ( 'NONE',  ( 1.110223024625156540E-16, 0.000000000000000000, -1.000000000000000000 ) ) ;
#1856 = VERTEX_POINT ( 'NONE', #4715 ) ;
#1857 = CARTESIAN_POINT ( 'NONE',  ( -6.324985174855855874, 1.095000000000012630, 15.77956154453772442 ) ) ;
#1858 = DIRECTION ( 'NONE',  ( -3.583126979299020263E-32, 1.000000000000000000, 3.111048790438776325E-16 ) ) ;
#1859 = DIRECTION ( 'NONE',  ( -3.583126979299020263E-32, 1.000000000000000000, 3.111048790438776325E-16 ) ) ;
#1860 = ORIENTED_EDGE ( 'NONE', *, *, #10171, .F. ) ;
#1861 = DIRECTION ( 'NONE',  ( 0.000000000000000000, 0.000000000000000000, -1.000000000000000000 ) ) ;
#1862 = AXIS2_PLACEMENT_3D ( 'NONE', #6078, #11325, #1636 ) ;
#1863 = AXIS2_PLACEMENT_3D ( 'NONE', #6505, #7380, #4656 ) ;
#1864 = DIRECTION ( 'NONE',  ( -3.583126979299020263E-32, 1.000000000000000000, 3.111048790438776325E-16 ) ) ;
#1865 = ORIENTED_EDGE ( 'NONE', *, *, #5938, .T. ) ;
#1866 = AXIS2_PLACEMENT_3D ( 'NONE', #7473, #11031, #3042 ) ;
#1867 = ADVANCED_FACE ( 'NONE', ( #7108 ), #6710, .F. ) ;
#1868 = CIRCLE ( 'NONE', #2234, 0.2500000000000002220 ) ;
#1869 = DIRECTION ( 'NONE',  ( -1.110223024625156540E-16, -3.061276722312011998E-16, 1.000000000000000000 ) ) ;
#1870 = CIRCLE ( 'NONE', #8937, 17.00000000000000000 ) ;
#1871 = VECTOR ( 'NONE', #844, 1000.000000000000000 ) ;
#1872 = CARTESIAN_POINT ( 'NONE',  ( 7.939749563561967705, 94.12768161796614663, 15.03197847483551897 ) ) ;
#1873 = VERTEX_POINT ( 'NONE', #5849 ) ;
#1874 = ORIENTED_EDGE ( 'NONE', *, *, #252, .T. ) ;
#1875 = CARTESIAN_POINT ( 'NONE',  ( 7.494258344863107268, 1.095000000000068141, -15.25896758828884714 ) ) ;
#1876 = CARTESIAN_POINT ( 'NONE',  ( 3.778646842853077281, 1.095000000000012630, 16.57473462945927878 ) ) ;
#1877 = AXIS2_PLACEMENT_3D ( 'NONE', #4148, #588, #5088 ) ;
#1878 = ORIENTED_EDGE ( 'NONE', *, *, #5707, .T. ) ;
#1879 = CIRCLE ( 'NONE', #217, 0.2500000000000002220 ) ;
#1880 = DIRECTION ( 'NONE',  ( 0.000000000000000000, 0.000000000000000000, 1.000000000000000000 ) ) ;
#1881 = CARTESIAN_POINT ( 'NONE',  ( -1.540743955509788682E-30, -3.904999999999991811, 6.938893903907228378E-15 ) ) ;
#1882 = CIRCLE ( 'NONE', #9503, 0.2500000000000002220 ) ;
#1883 = VECTOR ( 'NONE', #10621, 1000.000000000000000 ) ;
#1884 = CARTESIAN_POINT ( 'NONE',  ( 12.02081528017115097, -3.904999999999991811, -12.02081528017145295 ) ) ;
#1885 = CIRCLE ( 'NONE', #11033, 17.00000000000000000 ) ;
#1886 = CIRCLE ( 'NONE', #4491, 0.2500000000000002220 ) ;
#1887 = CIRCLE ( 'NONE', #3386, 0.2500000000000002220 ) ;
#1888 = EDGE_CURVE ( 'NONE', #5141, #10534, #5065, .T. ) ;
#1889 = CIRCLE ( 'NONE', #7859, 17.00000000000000355 ) ;
#1890 = CARTESIAN_POINT ( 'NONE',  ( 0.2499932416906558708, 94.12768161796614663, 16.99816176470590179 ) ) ;
#1891 = DIRECTION ( 'NONE',  ( 9.373046881511974515E-18, -0.5735764363510466035, 0.8191520442889914655 ) ) ;
#1892 = ORIENTED_EDGE ( 'NONE', *, *, #3890, .F. ) ;
#1893 = ORIENTED_EDGE ( 'NONE', *, *, #5194, .T. ) ;
#1894 = VERTEX_POINT ( 'NONE', #6643 ) ;
#1895 = AXIS2_PLACEMENT_3D ( 'NONE', #10591, #4547, #11433 ) ;
#1896 = CARTESIAN_POINT ( 'NONE',  ( -15.87086725045243263, 94.12768161796603295, -6.092255142270026624 ) ) ;
#1897 = DIRECTION ( 'NONE',  ( -3.583126979299020263E-32, 1.000000000000000000, 3.111048790438776325E-16 ) ) ;
#1898 = AXIS2_PLACEMENT_3D ( 'NONE', #4163, #10146, #4036 ) ;
#1899 = DIRECTION ( 'NONE',  ( -1.110223024625156540E-16, -4.081702296416015997E-16, 1.000000000000000000 ) ) ;
#1900 = DIRECTION ( 'NONE',  ( 0.000000000000000000, 0.000000000000000000, -1.000000000000000000 ) ) ;
#1901 = CIRCLE ( 'NONE', #2654, 0.2500000000000002220 ) ;
#1902 = LINE ( 'NONE', #2768, #4786 ) ;
#1903 = CIRCLE ( 'NONE', #8609, 17.00000000000000355 ) ;
#1904 = CARTESIAN_POINT ( 'NONE',  ( 15.63027488033799983, 1.095000000000068141, -6.685395064248221608 ) ) ;
#1905 = VERTEX_POINT ( 'NONE', #5900 ) ;
#1906 = ORIENTED_EDGE ( 'NONE', *, *, #6630, .T. ) ;
#1907 = VERTEX_POINT ( 'NONE', #5021 ) ;
#1908 = EDGE_LOOP ( 'NONE', ( #7144, #10274, #9769, #10275 ) ) ;
#1909 = CARTESIAN_POINT ( 'NONE',  ( -16.42073904691413233, 1.095000000000012630, 4.399923766742933395 ) ) ;
#1910 = CARTESIAN_POINT ( 'NONE',  ( -1.540743955509788682E-30, 39.99999999999997868, 1.387778780781445676E-14 ) ) ;
#1911 = DIRECTION ( 'NONE',  ( -3.583126979299020263E-32, 1.000000000000000000, 3.111048790438776325E-16 ) ) ;
#1912 = CARTESIAN_POINT ( 'NONE',  ( -16.93117546539300378, 1.095000000000012630, -1.528167975084399055 ) ) ;
#1913 = EDGE_CURVE ( 'NONE', #3444, #7122, #593, .T. ) ;
#1914 = EDGE_LOOP ( 'NONE', ( #7714, #6664, #8904, #83 ) ) ;
#1915 = DIRECTION ( 'NONE',  ( -3.583126979299020263E-32, 1.000000000000000000, 3.111048790438776325E-16 ) ) ;
#1916 = AXIS2_PLACEMENT_3D ( 'NONE', #8373, #446, #3021 ) ;
#1917 = ADVANCED_FACE ( 'NONE', ( #4204 ), #1400, .F. ) ;
#1918 = EDGE_CURVE ( 'NONE', #7199, #2341, #4962, .T. ) ;
#1919 = CARTESIAN_POINT ( 'NONE',  ( -5.490478559968217986, 94.12768161796620348, -16.08896035120132950 ) ) ;
#1920 = CARTESIAN_POINT ( 'NONE',  ( -1.540743955509788682E-30, 39.99999999999997868, 1.387778780781445676E-14 ) ) ;
#1921 = EDGE_LOOP ( 'NONE', ( #2893, #823, #2159, #11227 ) ) ;
#1922 = DIRECTION ( 'NONE',  ( 0.000000000000000000, 0.000000000000000000, 1.000000000000000000 ) ) ;
#1923 = VERTEX_POINT ( 'NONE', #3097 ) ;
#1924 = LINE ( 'NONE', #10947, #528 ) ;
#1925 = CARTESIAN_POINT ( 'NONE',  ( -7.494258344863013122, 94.12768161796614663, 15.25896758828892885 ) ) ;
#1926 = FACE_OUTER_BOUND ( 'NONE', #2022, .T. ) ;
#1927 = DIRECTION ( 'NONE',  ( 1.837426895219298997E-31, -1.000000000000000000, -3.111048790438772381E-16 ) ) ;
#1928 = DIRECTION ( 'NONE',  ( 0.000000000000000000, 0.000000000000000000, -1.000000000000000000 ) ) ;
#1929 = ORIENTED_EDGE ( 'NONE', *, *, #10860, .F. ) ;
#1930 = VERTEX_POINT ( 'NONE', #4850 ) ;
#1931 = ORIENTED_EDGE ( 'NONE', *, *, #10802, .T. ) ;
#1932 = FACE_OUTER_BOUND ( 'NONE', #2922, .T. ) ;
#1933 = ORIENTED_EDGE ( 'NONE', *, *, #595, .F. ) ;
#1934 = EDGE_CURVE ( 'NONE', #9274, #5488, #9436, .T. ) ;
#1935 = LINE ( 'NONE', #28, #2021 ) ;
#1936 = CARTESIAN_POINT ( 'NONE',  ( 11.37522030810068507, 1.095000000000040385, 12.63346203311560600 ) ) ;
#1937 = CARTESIAN_POINT ( 'NONE',  ( -14.25739965507215246, 94.12768161796608979, 9.258863595255558465 ) ) ;
#1938 = CARTESIAN_POINT ( 'NONE',  ( -5.253288904374111112, -3.904999999999936300, -16.16796077701760126 ) ) ;
#1939 = ORIENTED_EDGE ( 'NONE', *, *, #2109, .F. ) ;
#1940 = ORIENTED_EDGE ( 'NONE', *, *, #4247, .F. ) ;
#1941 = EDGE_CURVE ( 'NONE', #10458, #7225, #2458, .T. ) ;
#1942 = ORIENTED_EDGE ( 'NONE', *, *, #1765, .T. ) ;
#1943 = CARTESIAN_POINT ( 'NONE',  ( -1.540743955509788682E-30, -3.904999999999991811, 6.938893903907228378E-15 ) ) ;
#1944 = DIRECTION ( 'NONE',  ( 0.000000000000000000, 0.000000000000000000, -1.000000000000000000 ) ) ;
#1945 = FACE_OUTER_BOUND ( 'NONE', #5815, .T. ) ;
#1946 = FACE_OUTER_BOUND ( 'NONE', #11341, .T. ) ;
#1947 = ORIENTED_EDGE ( 'NONE', *, *, #399, .F. ) ;
#1948 = EDGE_CURVE ( 'NONE', #3148, #1780, #44, .T. ) ;
#1949 = DIRECTION ( 'NONE',  ( 2.330464960982432251E-31, -1.000000000000000000, -3.111048790438776325E-16 ) ) ;
#1950 = CARTESIAN_POINT ( 'NONE',  ( 10.89157104706462853, 94.12768161796608979, 13.05272692301284110 ) ) ;
#1951 = CARTESIAN_POINT ( 'NONE',  ( -16.87891264663059232, 1.095000000000040385, 2.025415480195004392 ) ) ;
#1952 = CIRCLE ( 'NONE', #3996, 0.2500000000000002220 ) ;
#1953 = DIRECTION ( 'NONE',  ( -1.110223024625156540E-16, -3.061276722312011998E-16, 1.000000000000000000 ) ) ;
#1954 = EDGE_LOOP ( 'NONE', ( #11343, #9923, #8617, #8589 ) ) ;
#1955 = VERTEX_POINT ( 'NONE', #4021 ) ;
#1956 = ORIENTED_EDGE ( 'NONE', *, *, #1671, .F. ) ;
#1957 = DIRECTION ( 'NONE',  ( -3.583126979299020263E-32, 1.000000000000000000, 3.111048790438776325E-16 ) ) ;
#1958 = LINE ( 'NONE', #4711, #5447 ) ;
#1959 = CARTESIAN_POINT ( 'NONE',  ( -2.025415480194927564, 1.095000000000012630, -16.87891264663059943 ) ) ;
#1960 = ORIENTED_EDGE ( 'NONE', *, *, #11051, .T. ) ;
#1961 = CARTESIAN_POINT ( 'NONE',  ( -1.540743955509788682E-30, -3.904999999999991811, 6.938893903907228378E-15 ) ) ;
#1962 = EDGE_CURVE ( 'NONE', #1760, #7949, #3201, .T. ) ;
#1963 = CIRCLE ( 'NONE', #9956, 17.00000000000000355 ) ;
#1964 = EDGE_CURVE ( 'NONE', #2011, #499, #11086, .T. ) ;
#1965 = CARTESIAN_POINT ( 'NONE',  ( -15.63027488033810108, -3.904999999999991811, 6.685395064248013774 ) ) ;
#1966 = CYLINDRICAL_SURFACE ( 'NONE', #9115, 17.00000000000000355 ) ;
#1967 = EDGE_LOOP ( 'NONE', ( #5329, #1716, #7189, #1610 ) ) ;
#1968 = AXIS2_PLACEMENT_3D ( 'NONE', #4918, #6548, #2340 ) ;
#1969 = CYLINDRICAL_SURFACE ( 'NONE', #9291, 0.2500000000000004441 ) ;
#1970 = ORIENTED_EDGE ( 'NONE', *, *, #7178, .T. ) ;
#1971 = DIRECTION ( 'NONE',  ( -1.110223024625156540E-16, -3.061276722312011998E-16, 1.000000000000000000 ) ) ;
#1972 = ORIENTED_EDGE ( 'NONE', *, *, #10447, .T. ) ;
#1973 = ADVANCED_FACE ( 'NONE', ( #7648 ), #2217, .T. ) ;
#1974 = DIRECTION ( 'NONE',  ( 1.734234232687273023E-32, -1.000000000000000000, -3.111048790438776325E-16 ) ) ;
#1975 = CARTESIAN_POINT ( 'NONE',  ( -1.540743955509788682E-30, 1.095000000000012630, 0.000000000000000000 ) ) ;
#1976 = ORIENTED_EDGE ( 'NONE', *, *, #72, .F. ) ;
#1977 = CIRCLE ( 'NONE', #10532, 7.999999999999991118 ) ;
#1978 = DIRECTION ( 'NONE',  ( -1.110223024625156540E-16, -3.061276722312011998E-16, 1.000000000000000000 ) ) ;
#1979 = DIRECTION ( 'NONE',  ( 3.583126979299020263E-32, -1.000000000000000000, -3.111048790438776325E-16 ) ) ;
#1980 = ORIENTED_EDGE ( 'NONE', *, *, #11246, .F. ) ;
#1981 = ORIENTED_EDGE ( 'NONE', *, *, #728, .T. ) ;
#1982 = DIRECTION ( 'NONE',  ( 0.000000000000000000, 0.000000000000000000, -1.000000000000000000 ) ) ;
#1983 = LINE ( 'NONE', #7618, #1492 ) ;
#1984 = ORIENTED_EDGE ( 'NONE', *, *, #8902, .F. ) ;
#1985 = EDGE_CURVE ( 'NONE', #9192, #7023, #1887, .T. ) ;
#1986 = ORIENTED_EDGE ( 'NONE', *, *, #1697, .F. ) ;
#1987 = DIRECTION ( 'NONE',  ( -1.110223024625156540E-16, -5.120523282132776599E-16, 1.000000000000000000 ) ) ;
#1988 = DIRECTION ( 'NONE',  ( -3.583126979299020263E-32, 1.000000000000000000, 3.111048790438776325E-16 ) ) ;
#1989 = CARTESIAN_POINT ( 'NONE',  ( -11.37522030810059981, 1.095000000000012630, -12.63346203311568949 ) ) ;
#1990 = ADVANCED_FACE ( 'NONE', ( #11213 ), #4910, .T. ) ;
#1991 = DIRECTION ( 'NONE',  ( 3.583126979299015884E-32, -1.000000000000000000, -3.111048790438772381E-16 ) ) ;
#1992 = ORIENTED_EDGE ( 'NONE', *, *, #5400, .F. ) ;
#1993 = ORIENTED_EDGE ( 'NONE', *, *, #4911, .T. ) ;
#1994 = ORIENTED_EDGE ( 'NONE', *, *, #1750, .F. ) ;
#1995 = CARTESIAN_POINT ( 'NONE',  ( -12.02081528017131795, 94.12768161796608979, -12.02081528017125223 ) ) ;
#1996 = DIRECTION ( 'NONE',  ( 1.110223024625156540E-16, 2.416513404996969861E-16, -1.000000000000000000 ) ) ;
#1997 = DIRECTION ( 'NONE',  ( 0.000000000000000000, 0.000000000000000000, 1.000000000000000000 ) ) ;
#1998 = VERTEX_POINT ( 'NONE', #3225 ) ;
#1999 = FACE_OUTER_BOUND ( 'NONE', #11263, .T. ) ;
#2000 = ADVANCED_FACE ( 'NONE', ( #6773 ), #5958, .F. ) ;
#2001 = AXIS2_PLACEMENT_3D ( 'NONE', #5730, #3052, #1290 ) ;
#2002 = DIRECTION ( 'NONE',  ( -2.106877630885760906E-31, -1.000000000000000000, -3.111048790438776325E-16 ) ) ;
#2003 = CARTESIAN_POINT ( 'NONE',  ( -15.87086725045239177, 94.12768161796614663, 6.092255142270214030 ) ) ;
#2004 = CONICAL_SURFACE ( 'NONE', #8711, 12.50000000000000533, 0.7853981633974466137 ) ;
#2005 = ORIENTED_EDGE ( 'NONE', *, *, #7077, .F. ) ;
#2006 = ORIENTED_EDGE ( 'NONE', *, *, #4416, .F. ) ;
#2007 = ORIENTED_EDGE ( 'NONE', *, *, #9555, .T. ) ;
#2008 = DIRECTION ( 'NONE',  ( 3.583126979299020263E-32, -1.000000000000000000, -3.111048790438776325E-16 ) ) ;
#2009 = DIRECTION ( 'NONE',  ( -3.583126979299020263E-32, 1.000000000000000000, 3.111048790438776325E-16 ) ) ;
#2010 = CARTESIAN_POINT ( 'NONE',  ( -1.540743955509788682E-30, 39.99999999999997868, 1.387778780781445676E-14 ) ) ;
#2011 = VERTEX_POINT ( 'NONE', #9505 ) ;
#2012 = DIRECTION ( 'NONE',  ( 0.000000000000000000, 0.000000000000000000, 1.000000000000000000 ) ) ;
#2013 = DIRECTION ( 'NONE',  ( 0.000000000000000000, 0.000000000000000000, -1.000000000000000000 ) ) ;
#2014 = AXIS2_PLACEMENT_3D ( 'NONE', #9272, #11225, #3922 ) ;
#2015 = DIRECTION ( 'NONE',  ( -3.583126979299020263E-32, 1.000000000000000000, 3.111048790438776325E-16 ) ) ;
#2016 = VECTOR ( 'NONE', #3137, 1000.000000000000000 ) ;
#2017 = CARTESIAN_POINT ( 'NONE',  ( -16.16796077701757639, 94.12768161796614663, 5.253288904374215917 ) ) ;
#2018 = EDGE_CURVE ( 'NONE', #7912, #106, #9885, .T. ) ;
#2019 = CYLINDRICAL_SURFACE ( 'NONE', #7821, 0.2500000000000002220 ) ;
#2020 = CARTESIAN_POINT ( 'NONE',  ( 0.8897112561298141653, 94.12768161796620348, -16.97670209082772885 ) ) ;
#2021 = VECTOR ( 'NONE', #3576, 1000.000000000000000 ) ;
#2022 = EDGE_LOOP ( 'NONE', ( #3075, #3850, #1771, #10694 ) ) ;
#2023 = VECTOR ( 'NONE', #314, 1000.000000000000000 ) ;
#2024 = DIRECTION ( 'NONE',  ( -1.110223024625156540E-16, -2.981555974335134728E-16, 1.000000000000000000 ) ) ;
#2025 = DIRECTION ( 'NONE',  ( -3.583126979299020263E-32, 1.000000000000000000, 3.111048790438776325E-16 ) ) ;
#2026 = CARTESIAN_POINT ( 'NONE',  ( 12.79937408746681093, 1.095000000000012630, -11.18820910463703200 ) ) ;
#2027 = AXIS2_PLACEMENT_3D ( 'NONE', #5716, #11308, #10173 ) ;
#2028 = CARTESIAN_POINT ( 'NONE',  ( 16.87891264663053548, -3.904999999999991811, -2.025415480195427609 ) ) ;
#2029 = AXIS2_PLACEMENT_3D ( 'NONE', #1881, #7180, #261 ) ;
#2030 = EDGE_CURVE ( 'NONE', #4413, #2073, #10248, .T. ) ;
#2031 = DIRECTION ( 'NONE',  ( -1.110223024625156540E-16, -3.061276722312011998E-16, 1.000000000000000000 ) ) ;
#2032 = ORIENTED_EDGE ( 'NONE', *, *, #2188, .T. ) ;
#2033 = CIRCLE ( 'NONE', #10029, 0.2500000000000002220 ) ;
#2034 = ORIENTED_EDGE ( 'NONE', *, *, #9277, .F. ) ;
#2035 = ORIENTED_EDGE ( 'NONE', *, *, #2162, .T. ) ;
#2036 = DIRECTION ( 'NONE',  ( -6.277634335963640990E-32, -1.000000000000000000, -3.111048790438772381E-16 ) ) ;
#2037 = AXIS2_PLACEMENT_3D ( 'NONE', #513, #7631, #2320 ) ;
#2038 = EDGE_LOOP ( 'NONE', ( #4185, #5579, #2231, #11267 ) ) ;
#2039 = CIRCLE ( 'NONE', #10032, 0.2500000000000006661 ) ;
#2040 = EDGE_CURVE ( 'NONE', #227, #6249, #7822, .T. ) ;
#2041 = AXIS2_PLACEMENT_3D ( 'NONE', #1742, #5303, #4421 ) ;
#2042 = DIRECTION ( 'NONE',  ( -1.110223024625156540E-16, -4.081702296416015997E-16, 1.000000000000000000 ) ) ;
#2043 = CARTESIAN_POINT ( 'NONE',  ( 5.858207580458004493, -3.904999999999991811, 15.95874067538740526 ) ) ;
#2044 = DIRECTION ( 'NONE',  ( 0.000000000000000000, 0.000000000000000000, -1.000000000000000000 ) ) ;
#2045 = EDGE_CURVE ( 'NONE', #1770, #489, #3937, .T. ) ;
#2046 = CIRCLE ( 'NONE', #1299, 0.2500000000000002220 ) ;
#2047 = VECTOR ( 'NONE', #564, 1000.000000000000000 ) ;
#2048 = EDGE_CURVE ( 'NONE', #6611, #3151, #1521, .T. ) ;
#2049 = EDGE_CURVE ( 'NONE', #10367, #10764, #11389, .T. ) ;
#2050 = ADVANCED_FACE ( 'NONE', ( #9616 ), #11485, .F. ) ;
#2051 = AXIS2_PLACEMENT_3D ( 'NONE', #2430, #5995, #4988 ) ;
#2052 = AXIS2_PLACEMENT_3D ( 'NONE', #9652, #3601, #8845 ) ;
#2053 = CARTESIAN_POINT ( 'NONE',  ( -1.540743955509788682E-30, -3.904999999999991811, 6.938893903907228378E-15 ) ) ;
#2054 = EDGE_LOOP ( 'NONE', ( #6069, #4876, #9252, #8152 ) ) ;
#2055 = EDGE_LOOP ( 'NONE', ( #6418, #11333, #7321, #146 ) ) ;
#2056 = ORIENTED_EDGE ( 'NONE', *, *, #4904, .T. ) ;
#2057 = AXIS2_PLACEMENT_3D ( 'NONE', #9059, #5525, #9983 ) ;
#2058 = DIRECTION ( 'NONE',  ( -3.583126979299020263E-32, 1.000000000000000000, 3.111048790438776325E-16 ) ) ;
#2059 = CARTESIAN_POINT ( 'NONE',  ( -1.540743955509788682E-30, 39.99999999999997868, 1.387778780781445676E-14 ) ) ;
#2060 = VECTOR ( 'NONE', #103, 1000.000000000000000 ) ;
#2061 = FACE_OUTER_BOUND ( 'NONE', #9663, .T. ) ;
#2062 = DIRECTION ( 'NONE',  ( -1.110223024625156540E-16, -4.081702296416015997E-16, 1.000000000000000000 ) ) ;
#2063 = AXIS2_PLACEMENT_3D ( 'NONE', #862, #9664, #7926 ) ;
#2064 = ORIENTED_EDGE ( 'NONE', *, *, #11009, .F. ) ;
#2065 = VECTOR ( 'NONE', #7194, 1000.000000000000114 ) ;
#2066 = CARTESIAN_POINT ( 'NONE',  ( -1.540743955509788682E-30, 39.99999999999997868, 1.387778780781445676E-14 ) ) ;
#2067 = VECTOR ( 'NONE', #1481, 1000.000000000000000 ) ;
#2068 = ADVANCED_FACE ( 'NONE', ( #7759 ), #1631, .T. ) ;
#2069 = CARTESIAN_POINT ( 'NONE',  ( -8.715581380431576264, -3.904999999999936300, -14.59584328502721462 ) ) ;
#2070 = AXIS2_PLACEMENT_3D ( 'NONE', #11012, #6572, #10115 ) ;
#2071 = CARTESIAN_POINT ( 'NONE',  ( -3.534498743901803408, -3.904999999999991811, 16.62850921247471092 ) ) ;
#2072 = AXIS2_PLACEMENT_3D ( 'NONE', #435, #1414, #11101 ) ;
#2073 = VERTEX_POINT ( 'NONE', #5369 ) ;
#2074 = VERTEX_POINT ( 'NONE', #9734 ) ;
#2075 = VECTOR ( 'NONE', #933, 1000.000000000000000 ) ;
#2076 = VERTEX_POINT ( 'NONE', #7885 ) ;
#2077 = CARTESIAN_POINT ( 'NONE',  ( -8.715581380431480341, -3.904999999999991811, 14.59584328502730521 ) ) ;
#2078 = DIRECTION ( 'NONE',  ( -3.583126979299020263E-32, 1.000000000000000000, 3.111048790438776325E-16 ) ) ;
#2079 = DIRECTION ( 'NONE',  ( 2.658680605993137748E-32, -1.000000000000000000, -3.111048790438772381E-16 ) ) ;
#2080 = EDGE_CURVE ( 'NONE', #4035, #5149, #5998, .T. ) ;
#2081 = DIRECTION ( 'NONE',  ( 3.583126979299020263E-32, -1.000000000000000000, -3.111048790438776325E-16 ) ) ;
#2082 = CIRCLE ( 'NONE', #5069, 0.2500000000000002220 ) ;
#2083 = CIRCLE ( 'NONE', #2091, 17.00000000000000000 ) ;
#2084 = FACE_BOUND ( 'NONE', #3969, .T. ) ;
#2085 = AXIS2_PLACEMENT_3D ( 'NONE', #5494, #10068, #7289 ) ;
#2086 = CARTESIAN_POINT ( 'NONE',  ( -1.540743955509788682E-30, -3.904999999999991811, 6.938893903907228378E-15 ) ) ;
#2087 = CYLINDRICAL_SURFACE ( 'NONE', #4665, 0.2500000000000002220 ) ;
#2088 = EDGE_LOOP ( 'NONE', ( #2847, #11364, #8137, #853 ) ) ;
#2089 = DIRECTION ( 'NONE',  ( 3.583126979299020263E-32, -1.000000000000000000, -3.111048790438776325E-16 ) ) ;
#2090 = CARTESIAN_POINT ( 'NONE',  ( 15.14711091120231323, -3.904999999999991811, 7.717838495572157065 ) ) ;
#2091 = AXIS2_PLACEMENT_3D ( 'NONE', #3396, #2391, #11318 ) ;
#2092 = ORIENTED_EDGE ( 'NONE', *, *, #8190, .F. ) ;
#2093 = AXIS2_PLACEMENT_3D ( 'NONE', #4594, #7271, #9944 ) ;
#2094 = CARTESIAN_POINT ( 'NONE',  ( 16.90687222126060973, 94.12768161796614663, -1.776983875550253167 ) ) ;
#2095 = DIRECTION ( 'NONE',  ( 1.344388829456168151E-31, -1.000000000000000000, -3.111048790438779776E-16 ) ) ;
#2096 = CARTESIAN_POINT ( 'NONE',  ( 16.24346467152392037, -3.904999999999963833, -5.014963156888985196 ) ) ;
#2097 = DIRECTION ( 'NONE',  ( 3.583126979299020263E-32, -1.000000000000000000, -3.111048790438776325E-16 ) ) ;
#2098 = ADVANCED_FACE ( 'NONE', ( #5311 ), #3335, .F. ) ;
#2099 = DIRECTION ( 'NONE',  ( -3.583126979299020263E-32, 1.000000000000000000, 3.111048790438776325E-16 ) ) ;
#2100 = DIRECTION ( 'NONE',  ( -3.583126979299020263E-32, 1.000000000000000000, 3.111048790438776325E-16 ) ) ;
#2101 = ORIENTED_EDGE ( 'NONE', *, *, #8972, .T. ) ;
#2102 = ORIENTED_EDGE ( 'NONE', *, *, #2173, .T. ) ;
#2103 = FACE_OUTER_BOUND ( 'NONE', #4760, .T. ) ;
#2104 = ORIENTED_EDGE ( 'NONE', *, *, #8914, .T. ) ;
#2105 = DIRECTION ( 'NONE',  ( -1.110223024625156540E-16, -3.061276722312011998E-16, 1.000000000000000000 ) ) ;
#2106 = ORIENTED_EDGE ( 'NONE', *, *, #8236, .T. ) ;
#2107 = CARTESIAN_POINT ( 'NONE',  ( -8.282580384274504937, 1.095000000000012630, 14.84583652671789977 ) ) ;
#2108 = ADVANCED_FACE ( 'NONE', ( #6945 ), #6025, .T. ) ;
#2109 = EDGE_CURVE ( 'NONE', #8327, #4393, #8780, .T. ) ;
#2110 = ORIENTED_EDGE ( 'NONE', *, *, #4961, .T. ) ;
#2111 = FACE_OUTER_BOUND ( 'NONE', #943, .T. ) ;
#2112 = ORIENTED_EDGE ( 'NONE', *, *, #7794, .T. ) ;
#2113 = ORIENTED_EDGE ( 'NONE', *, *, #9498, .F. ) ;
#2114 = DIRECTION ( 'NONE',  ( -3.583126979299020263E-32, 1.000000000000000000, 3.111048790438776325E-16 ) ) ;
#2115 = CARTESIAN_POINT ( 'NONE',  ( -1.540743955509788682E-30, 1.095000000000012630, 0.000000000000000000 ) ) ;
#2116 = DIRECTION ( 'NONE',  ( -1.110223024625156540E-16, -3.061276722312012491E-16, 1.000000000000000000 ) ) ;
#2117 = EDGE_CURVE ( 'NONE', #11396, #9056, #7987, .T. ) ;
#2118 = EDGE_CURVE ( 'NONE', #2885, #4146, #4123, .T. ) ;
#2119 = CARTESIAN_POINT ( 'NONE',  ( -10.19351758238255456, -3.904999999999991811, 13.60485940014294393 ) ) ;
#2120 = ORIENTED_EDGE ( 'NONE', *, *, #7517, .F. ) ;
#2121 = DIRECTION ( 'NONE',  ( 0.000000000000000000, 0.000000000000000000, -1.000000000000000000 ) ) ;
#2122 = ADVANCED_FACE ( 'NONE', ( #7932 ), #8591, .T. ) ;
#2123 = FACE_OUTER_BOUND ( 'NONE', #2209, .T. ) ;
#2124 = DIRECTION ( 'NONE',  ( 0.000000000000000000, 0.000000000000000000, -1.000000000000000000 ) ) ;
#2125 = DIRECTION ( 'NONE',  ( -3.583126979299020263E-32, 1.000000000000000000, 3.111048790438776325E-16 ) ) ;
#2126 = ORIENTED_EDGE ( 'NONE', *, *, #2786, .T. ) ;
#2127 = VERTEX_POINT ( 'NONE', #3497 ) ;
#2128 = VERTEX_POINT ( 'NONE', #9785 ) ;
#2129 = CARTESIAN_POINT ( 'NONE',  ( 12.19628736797953827, 94.12768161796608979, -11.84274353507926847 ) ) ;
#2130 = CYLINDRICAL_SURFACE ( 'NONE', #3319, 17.00000000000000355 ) ;
#2131 = CARTESIAN_POINT ( 'NONE',  ( -15.77956154453768356, 1.095000000000068141, -6.324985174855905612 ) ) ;
#2132 = CARTESIAN_POINT ( 'NONE',  ( 2.412182932283405190, 94.12768161796620348, -16.82799374557761496 ) ) ;
#2133 = EDGE_CURVE ( 'NONE', #1181, #7370, #1580, .T. ) ;
#2134 = CIRCLE ( 'NONE', #10510, 17.00000000000000000 ) ;
#2135 = DIRECTION ( 'NONE',  ( -3.583126979299020263E-32, 1.000000000000000000, 3.111048790438776325E-16 ) ) ;
#2136 = DIRECTION ( 'NONE',  ( -1.110223024625156540E-16, -3.061276722312012491E-16, 1.000000000000000000 ) ) ;
#2137 = ORIENTED_EDGE ( 'NONE', *, *, #989, .T. ) ;
#2138 = CARTESIAN_POINT ( 'NONE',  ( -1.540743955509788682E-30, 39.99999999999997868, 1.387778780781445676E-14 ) ) ;
#2139 = CARTESIAN_POINT ( 'NONE',  ( 14.11970190331946284, 1.095000000000040385, 9.467524394549835520 ) ) ;
#2140 = LINE ( 'NONE', #7386, #2637 ) ;
#2141 = DIRECTION ( 'NONE',  ( -1.110223024625156540E-16, -3.061276722312012491E-16, 1.000000000000000000 ) ) ;
#2142 = EDGE_LOOP ( 'NONE', ( #8431, #2691, #10425, #11303 ) ) ;
#2143 = CARTESIAN_POINT ( 'NONE',  ( -1.540743955509788682E-30, 39.99999999999997868, 1.387778780781445676E-14 ) ) ;
#2144 = CARTESIAN_POINT ( 'NONE',  ( 16.57473462945927523, 1.095000000000040385, 3.778646842852999121 ) ) ;
#2145 = CIRCLE ( 'NONE', #114, 0.2500000000000002220 ) ;
#2146 = FACE_OUTER_BOUND ( 'NONE', #2054, .T. ) ;
#2147 = CARTESIAN_POINT ( 'NONE',  ( -1.540743955509788682E-30, -3.904999999999991811, 6.938893903907228378E-15 ) ) ;
#2148 = ADVANCED_FACE ( 'NONE', ( #5145 ), #700, .T. ) ;
#2149 = VECTOR ( 'NONE', #5513, 1000.000000000000000 ) ;
#2150 = DIRECTION ( 'NONE',  ( 1.837426895219299873E-31, -1.000000000000000000, -3.111048790438776325E-16 ) ) ;
#2151 = EDGE_LOOP ( 'NONE', ( #4612, #3611, #3149, #1368 ) ) ;
#2152 = ORIENTED_EDGE ( 'NONE', *, *, #7479, .F. ) ;
#2153 = VERTEX_POINT ( 'NONE', #6130 ) ;
#2154 = DIRECTION ( 'NONE',  ( -3.583126979299020263E-32, 1.000000000000000000, 3.111048790438776325E-16 ) ) ;
#2155 = EDGE_LOOP ( 'NONE', ( #4088, #2681, #6877, #6340 ) ) ;
#2156 = CIRCLE ( 'NONE', #7938, 17.00000000000000355 ) ;
#2157 = FACE_OUTER_BOUND ( 'NONE', #7200, .T. ) ;
#2158 = DIRECTION ( 'NONE',  ( -3.583126979299020263E-32, 1.000000000000000000, 3.111048790438776325E-16 ) ) ;
#2159 = ORIENTED_EDGE ( 'NONE', *, *, #7682, .F. ) ;
#2160 = CYLINDRICAL_SURFACE ( 'NONE', #6884, 17.00000000000000355 ) ;
#2161 = ORIENTED_EDGE ( 'NONE', *, *, #3844, .T. ) ;
#2162 = EDGE_CURVE ( 'NONE', #11488, #3964, #10777, .T. ) ;
#2163 = ORIENTED_EDGE ( 'NONE', *, *, #761, .T. ) ;
#2164 = DIRECTION ( 'NONE',  ( -1.110223024625156540E-16, -3.061276722312011998E-16, 1.000000000000000000 ) ) ;
#2165 = DIRECTION ( 'NONE',  ( -3.583126979299020263E-32, 1.000000000000000000, 3.111048790438776325E-16 ) ) ;
#2166 = CARTESIAN_POINT ( 'NONE',  ( -11.37522030810059981, 94.12768161796608979, -12.63346203311564686 ) ) ;
#2167 = LINE ( 'NONE', #3107, #1468 ) ;
#2168 = VERTEX_POINT ( 'NONE', #2028 ) ;
#2169 = CARTESIAN_POINT ( 'NONE',  ( -9.258863595255371948, -3.904999999999991811, 14.00739965507227147 ) ) ;
#2170 = ADVANCED_FACE ( 'NONE', ( #10005 ), #6411, .T. ) ;
#2171 = CARTESIAN_POINT ( 'NONE',  ( -5.253288904374111112, 1.095000000000068141, -16.16796077701760481 ) ) ;
#2172 = CARTESIAN_POINT ( 'NONE',  ( -1.615501308432434855E-15, -22.40499999999998337, 14.55114218134571757 ) ) ;
#2173 = EDGE_CURVE ( 'NONE', #4167, #8179, #9909, .T. ) ;
#2174 = CARTESIAN_POINT ( 'NONE',  ( -1.540743955509788682E-30, 39.99999999999997868, 1.387778780781445676E-14 ) ) ;
#2175 = ORIENTED_EDGE ( 'NONE', *, *, #645, .T. ) ;
#2176 = ORIENTED_EDGE ( 'NONE', *, *, #8520, .F. ) ;
#2177 = ORIENTED_EDGE ( 'NONE', *, *, #10548, .T. ) ;
#2178 = CARTESIAN_POINT ( 'NONE',  ( -8.499999999999905853, 94.12768161796620348, 14.72243186433554918 ) ) ;
#2179 = CARTESIAN_POINT ( 'NONE',  ( -1.540743955509788682E-30, -3.904999999999991811, 6.938893903907228378E-15 ) ) ;
#2180 = CARTESIAN_POINT ( 'NONE',  ( 6.914522932288407198, 1.095000000000068141, -15.53027277992430299 ) ) ;
#2181 = CARTESIAN_POINT ( 'NONE',  ( 12.63346203311555271, 1.095000000000012630, -11.37522030810074547 ) ) ;
#2182 = EDGE_CURVE ( 'NONE', #517, #4731, #7111, .T. ) ;
#2183 = EDGE_CURVE ( 'NONE', #771, #11396, #970, .T. ) ;
#2184 = CIRCLE ( 'NONE', #1074, 0.2500000000000002220 ) ;
#2185 = DIRECTION ( 'NONE',  ( -1.110223024625156540E-16, -3.111048790438772381E-16, 1.000000000000000000 ) ) ;
#2186 = EDGE_CURVE ( 'NONE', #1540, #10864, #8410, .T. ) ;
#2187 = CARTESIAN_POINT ( 'NONE',  ( -12.63346203311563265, -3.904999999999963833, 11.37522030810065488 ) ) ;
#2188 = EDGE_CURVE ( 'NONE', #8629, #2127, #77, .T. ) ;
#2189 = CARTESIAN_POINT ( 'NONE',  ( -1.540743955509788682E-30, 1.095000000000012630, 0.000000000000000000 ) ) ;
#2190 = ORIENTED_EDGE ( 'NONE', *, *, #8292, .T. ) ;
#2191 = ORIENTED_EDGE ( 'NONE', *, *, #500, .T. ) ;
#2192 = CYLINDRICAL_SURFACE ( 'NONE', #920, 0.2500000000000002220 ) ;
#2193 = DIRECTION ( 'NONE',  ( 0.000000000000000000, 0.000000000000000000, 1.000000000000000000 ) ) ;
#2194 = DIRECTION ( 'NONE',  ( -1.110223024625156540E-16, -3.061276722312011998E-16, 1.000000000000000000 ) ) ;
#2195 = CYLINDRICAL_SURFACE ( 'NONE', #2431, 0.2500000000000002220 ) ;
#2196 = VECTOR ( 'NONE', #3231, 1000.000000000000000 ) ;
#2197 = CARTESIAN_POINT ( 'NONE',  ( -12.02081528017123269, -3.904999999999963833, 12.02081528017136947 ) ) ;
#2198 = ORIENTED_EDGE ( 'NONE', *, *, #7562, .F. ) ;
#2199 = CARTESIAN_POINT ( 'NONE',  ( 3.534498743902024565, -3.904999999999991811, 16.62850921247465408 ) ) ;
#2200 = DIRECTION ( 'NONE',  ( -3.583126979299020263E-32, 1.000000000000000000, 3.111048790438776325E-16 ) ) ;
#2201 = AXIS2_PLACEMENT_3D ( 'NONE', #2359, #4046, #6798 ) ;
#2202 = LINE ( 'NONE', #7455, #3869 ) ;
#2203 = AXIS2_PLACEMENT_3D ( 'NONE', #6809, #8497, #4895 ) ;
#2204 = DIRECTION ( 'NONE',  ( 0.000000000000000000, 0.000000000000000000, -1.000000000000000000 ) ) ;
#2205 = ADVANCED_FACE ( 'NONE', ( #1165 ), #6519, .F. ) ;
#2206 = LINE ( 'NONE', #5774, #351 ) ;
#2207 = AXIS2_PLACEMENT_3D ( 'NONE', #8661, #7137, #7786 ) ;
#2208 = ORIENTED_EDGE ( 'NONE', *, *, #11435, .F. ) ;
#2209 = EDGE_LOOP ( 'NONE', ( #6149, #9762, #2963, #2104 ) ) ;
#2210 = EDGE_LOOP ( 'NONE', ( #2056, #846, #3794, #55 ) ) ;
#2211 = AXIS2_PLACEMENT_3D ( 'NONE', #4101, #5981, #7171 ) ;
#2212 = EDGE_CURVE ( 'NONE', #7406, #5278, #10460, .T. ) ;
#2213 = CARTESIAN_POINT ( 'NONE',  ( 16.97670209082772885, 94.12768161796614663, -0.8897112561302017442 ) ) ;
#2214 = EDGE_LOOP ( 'NONE', ( #5412, #10299, #5265, #7622 ) ) ;
#2215 = DIRECTION ( 'NONE',  ( 0.000000000000000000, 0.000000000000000000, -1.000000000000000000 ) ) ;
#2216 = VECTOR ( 'NONE', #2814, 1000.000000000000000 ) ;
#2217 = CYLINDRICAL_SURFACE ( 'NONE', #11019, 17.00000000000000355 ) ;
#2218 = AXIS2_PLACEMENT_3D ( 'NONE', #10456, #829, #11450 ) ;
#2219 = VERTEX_POINT ( 'NONE', #4499 ) ;
#2220 = DIRECTION ( 'NONE',  ( -1.110223024625156540E-16, -2.891205793294677340E-16, 1.000000000000000000 ) ) ;
#2221 = ORIENTED_EDGE ( 'NONE', *, *, #7057, .T. ) ;
#2222 = ORIENTED_EDGE ( 'NONE', *, *, #7545, .F. ) ;
#2223 = AXIS2_PLACEMENT_3D ( 'NONE', #4546, #8097, #120 ) ;
#2224 = DIRECTION ( 'NONE',  ( 8.513507636930345689E-32, -1.000000000000000000, -3.111048790438776325E-16 ) ) ;
#2225 = FACE_OUTER_BOUND ( 'NONE', #5011, .T. ) ;
#2226 = ORIENTED_EDGE ( 'NONE', *, *, #7919, .T. ) ;
#2227 = DIRECTION ( 'NONE',  ( 0.000000000000000000, 0.000000000000000000, -1.000000000000000000 ) ) ;
#2228 = FACE_OUTER_BOUND ( 'NONE', #539, .T. ) ;
#2229 = AXIS2_PLACEMENT_3D ( 'NONE', #1351, #5791, #3048 ) ;
#2230 = AXIS2_PLACEMENT_3D ( 'NONE', #8212, #171, #4768 ) ;
#2231 = ORIENTED_EDGE ( 'NONE', *, *, #11435, .T. ) ;
#2232 = CARTESIAN_POINT ( 'NONE',  ( -10.89157104706437806, 1.095000000000068141, -13.05272692301301340 ) ) ;
#2233 = ADVANCED_FACE ( 'NONE', ( #5545 ), #8107, .F. ) ;
#2234 = AXIS2_PLACEMENT_3D ( 'NONE', #8722, #4361, #6976 ) ;
#2235 = DIRECTION ( 'NONE',  ( -3.583126979299020263E-32, 1.000000000000000000, 3.111048790438776325E-16 ) ) ;
#2236 = AXIS2_PLACEMENT_3D ( 'NONE', #10570, #7863, #8836 ) ;
#2237 = DIRECTION ( 'NONE',  ( -8.742824664779303976E-32, -1.000000000000000000, -3.111048790438772381E-16 ) ) ;
#2238 = ORIENTED_EDGE ( 'NONE', *, *, #130, .F. ) ;
#2239 = ORIENTED_EDGE ( 'NONE', *, *, #5771, .F. ) ;
#2240 = ORIENTED_EDGE ( 'NONE', *, *, #8255, .F. ) ;
#2241 = DIRECTION ( 'NONE',  ( 3.583126979299020263E-32, -1.000000000000000000, -3.111048790438776325E-16 ) ) ;
#2242 = DIRECTION ( 'NONE',  ( 0.000000000000000000, 0.000000000000000000, -1.000000000000000000 ) ) ;
#2243 = DIRECTION ( 'NONE',  ( 0.000000000000000000, 0.000000000000000000, 1.000000000000000000 ) ) ;
#2244 = AXIS2_PLACEMENT_3D ( 'NONE', #125, #7340, #9780 ) ;
#2245 = AXIS2_PLACEMENT_3D ( 'NONE', #6299, #4266, #9087 ) ;
#2246 = DIRECTION ( 'NONE',  ( 0.000000000000000000, 0.000000000000000000, -1.000000000000000000 ) ) ;
#2247 = AXIS2_PLACEMENT_3D ( 'NONE', #5868, #2241, #10156 ) ;
#2248 = EDGE_CURVE ( 'NONE', #246, #6092, #9330, .T. ) ;
#2249 = AXIS2_PLACEMENT_3D ( 'NONE', #10767, #8216, #1260 ) ;
#2250 = AXIS2_PLACEMENT_3D ( 'NONE', #7253, #9871, #10811 ) ;
#2251 = AXIS2_PLACEMENT_3D ( 'NONE', #7861, #3473, #843 ) ;
#2252 = CARTESIAN_POINT ( 'NONE',  ( -4.157973067892514862, 94.12768161796614663, 16.48366646006527958 ) ) ;
#2253 = AXIS2_PLACEMENT_3D ( 'NONE', #2676, #236, #2013 ) ;
#2254 = CARTESIAN_POINT ( 'NONE',  ( -1.540743955509788682E-30, 1.095000000000012630, 0.000000000000000000 ) ) ;
#2255 = ORIENTED_EDGE ( 'NONE', *, *, #5712, .F. ) ;
#2256 = ORIENTED_EDGE ( 'NONE', *, *, #2045, .F. ) ;
#2257 = DIRECTION ( 'NONE',  ( 0.000000000000000000, 0.000000000000000000, -1.000000000000000000 ) ) ;
#2258 = CARTESIAN_POINT ( 'NONE',  ( 15.87086725045246816, -3.904999999999991811, 6.092255142269964452 ) ) ;
#2259 = DIRECTION ( 'NONE',  ( -1.110223024625156540E-16, -3.061276722312012491E-16, 1.000000000000000000 ) ) ;
#2260 = CYLINDRICAL_SURFACE ( 'NONE', #11399, 0.2500000000000002220 ) ;
#2261 = EDGE_LOOP ( 'NONE', ( #7188, #10822, #6438, #4508 ) ) ;
#2262 = CARTESIAN_POINT ( 'NONE',  ( -16.79070179011731767, 1.095000000000040385, 2.409385905684000129 ) ) ;
#2263 = CARTESIAN_POINT ( 'NONE',  ( -1.540743955509788682E-30, -3.904999999999991811, 6.938893903907228378E-15 ) ) ;
#2264 = AXIS2_PLACEMENT_3D ( 'NONE', #6692, #455, #11021 ) ;
#2265 = EDGE_CURVE ( 'NONE', #6192, #664, #8050, .T. ) ;
#2266 = DIRECTION ( 'NONE',  ( 0.000000000000000000, 0.000000000000000000, -1.000000000000000000 ) ) ;
#2267 = EDGE_CURVE ( 'NONE', #6571, #3555, #4321, .T. ) ;
#2268 = EDGE_CURVE ( 'NONE', #1435, #5893, #4556, .T. ) ;
#2269 = CIRCLE ( 'NONE', #8040, 0.2500000000000002220 ) ;
#2270 = FACE_OUTER_BOUND ( 'NONE', #4983, .T. ) ;
#2271 = CARTESIAN_POINT ( 'NONE',  ( -12.63346203311563265, 1.095000000000040385, 11.37522030810065488 ) ) ;
#2272 = AXIS2_PLACEMENT_3D ( 'NONE', #9660, #7746, #11306 ) ;
#2273 = ORIENTED_EDGE ( 'NONE', *, *, #6387, .F. ) ;
#2274 = ORIENTED_EDGE ( 'NONE', *, *, #6258, .F. ) ;
#2275 = CARTESIAN_POINT ( 'NONE',  ( -15.03197847483550298, 94.12768161796608979, 7.939749563561957046 ) ) ;
#2276 = ORIENTED_EDGE ( 'NONE', *, *, #5411, .T. ) ;
#2277 = DIRECTION ( 'NONE',  ( 0.000000000000000000, 0.000000000000000000, 1.000000000000000000 ) ) ;
#2278 = ORIENTED_EDGE ( 'NONE', *, *, #124, .F. ) ;
#2279 = DIRECTION ( 'NONE',  ( 0.000000000000000000, 0.000000000000000000, 1.000000000000000000 ) ) ;
#2280 = VECTOR ( 'NONE', #6921, 1000.000000000000000 ) ;
#2281 = DIRECTION ( 'NONE',  ( 2.330464960982432251E-31, -1.000000000000000000, -3.111048790438776325E-16 ) ) ;
#2282 = EDGE_CURVE ( 'NONE', #1139, #3623, #238, .T. ) ;
#2283 = EDGE_LOOP ( 'NONE', ( #1179, #7086, #9088, #4707 ) ) ;
#2284 = DIRECTION ( 'NONE',  ( -1.110223024625156540E-16, -4.081702296416015997E-16, 1.000000000000000000 ) ) ;
#2285 = ORIENTED_EDGE ( 'NONE', *, *, #9200, .T. ) ;
#2286 = ORIENTED_EDGE ( 'NONE', *, *, #8317, .F. ) ;
#2287 = DIRECTION ( 'NONE',  ( -1.110223024625156540E-16, -4.081702296416015997E-16, 1.000000000000000000 ) ) ;
#2288 = CARTESIAN_POINT ( 'NONE',  ( 2.976959025309946545E-15, 39.99999999999998579, -12.74999999999998401 ) ) ;
#2289 = ORIENTED_EDGE ( 'NONE', *, *, #3310, .T. ) ;
#2290 = CARTESIAN_POINT ( 'NONE',  ( 6.092255142270220247, 94.12768161796614663, 15.87086725045239888 ) ) ;
#2291 = DIRECTION ( 'NONE',  ( -3.583126979299020263E-32, 1.000000000000000000, 3.111048790438776325E-16 ) ) ;
#2292 = ORIENTED_EDGE ( 'NONE', *, *, #9918, .F. ) ;
#2293 = DIRECTION ( 'NONE',  ( -1.110223024625156540E-16, -3.061276722312011998E-16, 1.000000000000000000 ) ) ;
#2294 = DIRECTION ( 'NONE',  ( -3.583126979299020263E-32, 1.000000000000000000, 3.111048790438776325E-16 ) ) ;
#2295 = ADVANCED_FACE ( 'NONE', ( #2799 ), #6361, .T. ) ;
#2296 = CARTESIAN_POINT ( 'NONE',  ( 16.99999999999997868, 94.12768161796614663, -1.526556658859590243E-13 ) ) ;
#2297 = CARTESIAN_POINT ( 'NONE',  ( 9.992349288972148358, 1.095000000000012630, 13.75328890437402229 ) ) ;
#2298 = ORIENTED_EDGE ( 'NONE', *, *, #1073, .T. ) ;
#2299 = ORIENTED_EDGE ( 'NONE', *, *, #9256, .F. ) ;
#2300 = ORIENTED_EDGE ( 'NONE', *, *, #1558, .F. ) ;
#2301 = CARTESIAN_POINT ( 'NONE',  ( 6.914522932288711843, 94.12768161796614663, 15.53027277992419286 ) ) ;
#2302 = DIRECTION ( 'NONE',  ( -1.110223024625156540E-16, -4.081702296416015997E-16, 1.000000000000000000 ) ) ;
#2303 = FACE_OUTER_BOUND ( 'NONE', #9205, .T. ) ;
#2304 = DIRECTION ( 'NONE',  ( 0.000000000000000000, 0.000000000000000000, -1.000000000000000000 ) ) ;
#2305 = CARTESIAN_POINT ( 'NONE',  ( -3.534498743901803408, -3.904999999999991811, 16.37850921247471092 ) ) ;
#2306 = DIRECTION ( 'NONE',  ( -1.110223024625156540E-16, -4.081702296416015997E-16, 1.000000000000000000 ) ) ;
#2307 = CARTESIAN_POINT ( 'NONE',  ( 12.63346203311578719, 94.12768161796608979, 11.37522030810051632 ) ) ;
#2308 = ORIENTED_EDGE ( 'NONE', *, *, #2517, .F. ) ;
#2309 = CARTESIAN_POINT ( 'NONE',  ( -7.717838495572205026, 94.12768161796614663, 15.14711091120234165 ) ) ;
#2310 = DIRECTION ( 'NONE',  ( 3.583126979299020263E-32, -1.000000000000000000, -3.111048790438776325E-16 ) ) ;
#2311 = DIRECTION ( 'NONE',  ( -1.110223024625156540E-16, -4.081702296416015997E-16, 1.000000000000000000 ) ) ;
#2312 = DIRECTION ( 'NONE',  ( -3.583126979299020263E-32, 1.000000000000000000, 3.111048790438776325E-16 ) ) ;
#2313 = FACE_OUTER_BOUND ( 'NONE', #9135, .T. ) ;
#2314 = ORIENTED_EDGE ( 'NONE', *, *, #11178, .T. ) ;
#2315 = DIRECTION ( 'NONE',  ( 3.583126979299020263E-32, -1.000000000000000000, -3.111048790438776325E-16 ) ) ;
#2316 = CARTESIAN_POINT ( 'NONE',  ( -16.16796077701757639, 1.095000000000012630, 5.003288904374181278 ) ) ;
#2317 = CARTESIAN_POINT ( 'NONE',  ( 16.48366646006526182, 94.12768161796614663, 4.157973067892499763 ) ) ;
#2318 = AXIS2_PLACEMENT_3D ( 'NONE', #9890, #7375, #2850 ) ;
#2319 = DIRECTION ( 'NONE',  ( 2.330464960982432251E-31, -1.000000000000000000, -3.111048790438776325E-16 ) ) ;
#2320 = DIRECTION ( 'NONE',  ( -1.110223024625156540E-16, -3.061276722312011998E-16, 1.000000000000000000 ) ) ;
#2321 = EDGE_CURVE ( 'NONE', #7261, #6389, #5814, .T. ) ;
#2322 = EDGE_CURVE ( 'NONE', #6297, #7529, #6549, .T. ) ;
#2323 = ORIENTED_EDGE ( 'NONE', *, *, #9479, .T. ) ;
#2324 = ORIENTED_EDGE ( 'NONE', *, *, #5749, .F. ) ;
#2325 = CARTESIAN_POINT ( 'NONE',  ( -11.55977147257026516, 94.12768161796608979, 12.46481782867088484 ) ) ;
#2326 = ORIENTED_EDGE ( 'NONE', *, *, #7676, .T. ) ;
#2327 = DIRECTION ( 'NONE',  ( -1.110223024625156540E-16, -3.061276722312012491E-16, 1.000000000000000000 ) ) ;
#2328 = ORIENTED_EDGE ( 'NONE', *, *, #10744, .T. ) ;
#2329 = LINE ( 'NONE', #591, #4883 ) ;
#2330 = CIRCLE ( 'NONE', #5312, 0.2500000000000002220 ) ;
#2331 = DIRECTION ( 'NONE',  ( -1.110223024625156540E-16, -3.061276722312012491E-16, 1.000000000000000000 ) ) ;
#2332 = EDGE_CURVE ( 'NONE', #3594, #2576, #2830, .T. ) ;
#2333 = EDGE_LOOP ( 'NONE', ( #11516, #5510, #3807, #9934 ) ) ;
#2334 = EDGE_LOOP ( 'NONE', ( #8456, #1275, #10856, #10353 ) ) ;
#2335 = CARTESIAN_POINT ( 'NONE',  ( -6.914522932288506674, -3.904999999999991811, 15.28027277992426924 ) ) ;
#2336 = ORIENTED_EDGE ( 'NONE', *, *, #11051, .F. ) ;
#2337 = ORIENTED_EDGE ( 'NONE', *, *, #1605, .T. ) ;
#2338 = AXIS2_PLACEMENT_3D ( 'NONE', #8078, #9926, #2934 ) ;
#2339 = DIRECTION ( 'NONE',  ( 0.000000000000000000, 0.000000000000000000, -1.000000000000000000 ) ) ;
#2340 = DIRECTION ( 'NONE',  ( 0.000000000000000000, 0.000000000000000000, 1.000000000000000000 ) ) ;
#2341 = VERTEX_POINT ( 'NONE', #8558 ) ;
#2342 = CARTESIAN_POINT ( 'NONE',  ( 15.87086725045246816, -3.904999999999991811, 5.842255142269964452 ) ) ;
#2343 = CARTESIAN_POINT ( 'NONE',  ( -1.540743955509788682E-30, 39.99999999999997868, 1.387778780781445676E-14 ) ) ;
#2344 = ORIENTED_EDGE ( 'NONE', *, *, #8496, .T. ) ;
#2345 = CARTESIAN_POINT ( 'NONE',  ( 14.11970190331940955, -3.904999999999963833, 9.467524394549933220 ) ) ;
#2346 = EDGE_CURVE ( 'NONE', #4940, #8706, #2466, .T. ) ;
#2347 = AXIS2_PLACEMENT_3D ( 'NONE', #1813, #6515, #2967 ) ;
#2348 = LINE ( 'NONE', #1807, #3153 ) ;
#2349 = ADVANCED_FACE ( 'NONE', ( #2270 ), #3144, .F. ) ;
#2350 = UNCERTAINTY_MEASURE_WITH_UNIT (LENGTH_MEASURE( 1.000000000000000082E-05 ), #8498, 'distance_accuracy_value', 'NONE');
#2351 = CARTESIAN_POINT ( 'NONE',  ( 6.914522932288711843, 1.095000000000012630, 15.53027277992415733 ) ) ;
#2352 = CARTESIAN_POINT ( 'NONE',  ( -1.776983875550001812, 94.12768161796614663, 16.90687222126068789 ) ) ;
#2353 = ORIENTED_EDGE ( 'NONE', *, *, #10817, .F. ) ;
#2354 = ORIENTED_EDGE ( 'NONE', *, *, #218, .T. ) ;
#2355 = ORIENTED_EDGE ( 'NONE', *, *, #5977, .F. ) ;
#2356 = CARTESIAN_POINT ( 'NONE',  ( -13.75328890437404894, 1.095000000000040385, 9.742349288972114607 ) ) ;
#2357 = LINE ( 'NONE', #3872, #8150 ) ;
#2358 = CARTESIAN_POINT ( 'NONE',  ( 9.467524394550162370, -3.904999999999991811, 14.11970190331927810 ) ) ;
#2359 = CARTESIAN_POINT ( 'NONE',  ( 3.534498743901694162, 94.12768161796620348, -16.62850921247470382 ) ) ;
#2360 = FACE_OUTER_BOUND ( 'NONE', #9058, .T. ) ;
#2361 = ADVANCED_FACE ( 'NONE', ( #8447 ), #9371, .T. ) ;
#2362 = AXIS2_PLACEMENT_3D ( 'NONE', #6246, #3618, #610 ) ;
#2363 = FACE_OUTER_BOUND ( 'NONE', #9385, .T. ) ;
#2364 = CARTESIAN_POINT ( 'NONE',  ( -1.540743955509788682E-30, 1.095000000000012630, 0.000000000000000000 ) ) ;
#2365 = CARTESIAN_POINT ( 'NONE',  ( -16.90687222126062750, -3.904999999999963833, 1.526983875550176561 ) ) ;
#2366 = ORIENTED_EDGE ( 'NONE', *, *, #5353, .F. ) ;
#2367 = ORIENTED_EDGE ( 'NONE', *, *, #5126, .F. ) ;
#2368 = CYLINDRICAL_SURFACE ( 'NONE', #10231, 0.2500000000000006661 ) ;
#2369 = DIRECTION ( 'NONE',  ( -3.583126979299020263E-32, 1.000000000000000000, 3.111048790438776325E-16 ) ) ;
#2370 = DIRECTION ( 'NONE',  ( 3.583126979299020263E-32, -1.000000000000000000, -3.111048790438776325E-16 ) ) ;
#2371 = DIRECTION ( 'NONE',  ( -1.110223024625156540E-16, -3.061276722312011998E-16, 1.000000000000000000 ) ) ;
#2372 = EDGE_LOOP ( 'NONE', ( #8854, #8414, #322, #8450 ) ) ;
#2373 = LINE ( 'NONE', #8624, #7974 ) ;
#2374 = DIRECTION ( 'NONE',  ( 2.330464960982432251E-31, -1.000000000000000000, -3.111048790438776325E-16 ) ) ;
#2375 = AXIS2_PLACEMENT_3D ( 'NONE', #2179, #3188, #6739 ) ;
#2376 = AXIS2_PLACEMENT_3D ( 'NONE', #4592, #6444, #9016 ) ;
#2377 = EDGE_CURVE ( 'NONE', #7530, #8685, #10295, .T. ) ;
#2378 = DIRECTION ( 'NONE',  ( -3.583126979299020263E-32, 1.000000000000000000, 3.111048790438776325E-16 ) ) ;
#2379 = AXIS2_PLACEMENT_3D ( 'NONE', #10714, #6288, #864 ) ;
#2380 = DIRECTION ( 'NONE',  ( 3.583126979299020263E-32, -1.000000000000000000, -3.111048790438776325E-16 ) ) ;
#2381 = ORIENTED_EDGE ( 'NONE', *, *, #9659, .T. ) ;
#2382 = ORIENTED_EDGE ( 'NONE', *, *, #8663, .F. ) ;
#2383 = CARTESIAN_POINT ( 'NONE',  ( 15.95874067538748875, -3.904999999999991811, 5.858207580457748698 ) ) ;
#2384 = EDGE_LOOP ( 'NONE', ( #10257, #7934, #10319, #6019 ) ) ;
#2385 = CONICAL_SURFACE ( 'NONE', #8897, 12.00000000000000533, 0.7853981633974482790 ) ;
#2386 = DIRECTION ( 'NONE',  ( -3.812444007147977456E-32, -1.000000000000000000, -3.111048790438772381E-16 ) ) ;
#2387 = ORIENTED_EDGE ( 'NONE', *, *, #7826, .F. ) ;
#2388 = CARTESIAN_POINT ( 'NONE',  ( 1.887379141862766119E-15, 1.094999999999984874, -16.99999999999998934 ) ) ;
#2389 = ORIENTED_EDGE ( 'NONE', *, *, #1073, .F. ) ;
#2390 = VECTOR ( 'NONE', #3080, 1000.000000000000000 ) ;
#2391 = DIRECTION ( 'NONE',  ( -3.583126979299020263E-32, 1.000000000000000000, 3.111048790438776325E-16 ) ) ;
#2392 = EDGE_CURVE ( 'NONE', #160, #7652, #51, .T. ) ;
#2393 = CIRCLE ( 'NONE', #4632, 17.00000000000000355 ) ;
#2394 = DIRECTION ( 'NONE',  ( 0.000000000000000000, 0.000000000000000000, -1.000000000000000000 ) ) ;
#2395 = CIRCLE ( 'NONE', #1456, 0.2500000000000002220 ) ;
#2396 = ORIENTED_EDGE ( 'NONE', *, *, #9748, .T. ) ;
#2397 = VERTEX_POINT ( 'NONE', #10238 ) ;
#2398 = DIRECTION ( 'NONE',  ( 0.000000000000000000, 0.000000000000000000, 1.000000000000000000 ) ) ;
#2399 = VECTOR ( 'NONE', #999, 1000.000000000000000 ) ;
#2400 = ORIENTED_EDGE ( 'NONE', *, *, #3322, .T. ) ;
#2401 = ADVANCED_FACE ( 'NONE', ( #4068 ), #1387, .T. ) ;
#2402 = ORIENTED_EDGE ( 'NONE', *, *, #7178, .F. ) ;
#2403 = AXIS2_PLACEMENT_3D ( 'NONE', #10289, #851, #10578 ) ;
#2404 = CARTESIAN_POINT ( 'NONE',  ( -14.25739965507221108, -3.904999999999991811, -9.258863595255434120 ) ) ;
#2405 = CARTESIAN_POINT ( 'NONE',  ( -8.500000000000008882, -3.904999999999936300, -14.72243186433543727 ) ) ;
#2406 = AXIS2_PLACEMENT_3D ( 'NONE', #1761, #7770, #3509 ) ;
#2407 = EDGE_LOOP ( 'NONE', ( #7068, #4780, #7268, #7400 ) ) ;
#2408 = AXIS2_PLACEMENT_3D ( 'NONE', #8647, #826, #5210 ) ;
#2409 = FACE_OUTER_BOUND ( 'NONE', #1026, .T. ) ;
#2410 = CARTESIAN_POINT ( 'NONE',  ( 5.490478559968102523, -3.904999999999936300, -16.08896035120139700 ) ) ;
#2411 = ORIENTED_EDGE ( 'NONE', *, *, #6851, .T. ) ;
#2412 = DIRECTION ( 'NONE',  ( -1.613839565122629184E-31, -1.000000000000000000, -3.111048790438772381E-16 ) ) ;
#2413 = EDGE_CURVE ( 'NONE', #414, #9427, #8980, .T. ) ;
#2414 = EDGE_CURVE ( 'NONE', #7199, #337, #5633, .T. ) ;
#2415 = ADVANCED_FACE ( 'NONE', ( #10121 ), #4834, .T. ) ;
#2416 = VECTOR ( 'NONE', #7067, 1000.000000000000000 ) ;
#2417 = CIRCLE ( 'NONE', #555, 17.00000000000000355 ) ;
#2418 = LINE ( 'NONE', #10666, #6487 ) ;
#2419 = CIRCLE ( 'NONE', #9300, 0.2500000000000002220 ) ;
#2420 = DIRECTION ( 'NONE',  ( 3.583126979299020263E-32, -1.000000000000000000, -3.111048790438776325E-16 ) ) ;
#2421 = ORIENTED_EDGE ( 'NONE', *, *, #3115, .F. ) ;
#2422 = ORIENTED_EDGE ( 'NONE', *, *, #9422, .F. ) ;
#2423 = VERTEX_POINT ( 'NONE', #11256 ) ;
#2424 = CARTESIAN_POINT ( 'NONE',  ( 16.97670209082774662, 94.12768161796614663, 0.8897112561299103106 ) ) ;
#2425 = AXIS2_PLACEMENT_3D ( 'NONE', #10494, #11490, #5374 ) ;
#2426 = DIRECTION ( 'NONE',  ( 2.330464960982432251E-31, -1.000000000000000000, -3.111048790438776325E-16 ) ) ;
#2427 = CARTESIAN_POINT ( 'NONE',  ( 1.401691237896902327E-16, -24.40500000000001180, 11.99999999999998757 ) ) ;
#2428 = CARTESIAN_POINT ( 'NONE',  ( 16.90687222126064526, 1.095000000000040385, 1.776983875549940972 ) ) ;
#2429 = CIRCLE ( 'NONE', #9297, 17.00000000000000355 ) ;
#2430 = CARTESIAN_POINT ( 'NONE',  ( 15.53027277992412891, 1.095000000000068141, -6.914522932288780233 ) ) ;
#2431 = AXIS2_PLACEMENT_3D ( 'NONE', #4661, #11068, #8217 ) ;
#2432 = EDGE_CURVE ( 'NONE', #6990, #2780, #5715, .T. ) ;
#2433 = VECTOR ( 'NONE', #678, 1000.000000000000000 ) ;
#2434 = CIRCLE ( 'NONE', #4849, 0.2500000000000002220 ) ;
#2435 = CARTESIAN_POINT ( 'NONE',  ( 15.03197847483561311, 94.12768161796608979, 7.939749563561749213 ) ) ;
#2436 = EDGE_CURVE ( 'NONE', #5790, #8182, #3213, .T. ) ;
#2437 = CARTESIAN_POINT ( 'NONE',  ( -15.42691205650425523, 94.12768161796608979, 7.142155445023848692 ) ) ;
#2438 = ORIENTED_EDGE ( 'NONE', *, *, #7817, .T. ) ;
#2439 = AXIS2_PLACEMENT_3D ( 'NONE', #9198, #620, #8662 ) ;
#2440 = VERTEX_POINT ( 'NONE', #10346 ) ;
#2441 = EDGE_CURVE ( 'NONE', #9834, #9153, #5945, .T. ) ;
#2442 = CARTESIAN_POINT ( 'NONE',  ( 15.87086725045234736, 94.12768161796603295, -6.092255142270248669 ) ) ;
#2443 = DIRECTION ( 'NONE',  ( -1.120801499359495711E-31, -1.000000000000000000, -3.111048790438776325E-16 ) ) ;
#2444 = CARTESIAN_POINT ( 'NONE',  ( -13.36737861225413404, -3.904999999999991811, -10.50300857072156191 ) ) ;
#2445 = LINE ( 'NONE', #5762, #3564 ) ;
#2446 = ORIENTED_EDGE ( 'NONE', *, *, #4686, .T. ) ;
#2447 = CARTESIAN_POINT ( 'NONE',  ( -16.62850921247467184, 1.095000000000040385, 3.534498743901985485 ) ) ;
#2448 = CARTESIAN_POINT ( 'NONE',  ( -12.19628736797969992, -3.904999999999963833, 11.84274353507914412 ) ) ;
#2449 = AXIS2_PLACEMENT_3D ( 'NONE', #9403, #4984, #4931 ) ;
#2450 = VECTOR ( 'NONE', #2484, 1000.000000000000000 ) ;
#2451 = VECTOR ( 'NONE', #5072, 1000.000000000000000 ) ;
#2452 = CARTESIAN_POINT ( 'NONE',  ( -1.540743955509788682E-30, -3.904999999999991811, 6.938893903907228378E-15 ) ) ;
#2453 = AXIS2_PLACEMENT_3D ( 'NONE', #9464, #5051, #3871 ) ;
#2454 = CARTESIAN_POINT ( 'NONE',  ( -9.048200446567619792, 1.095000000000012630, 14.39201405914869447 ) ) ;
#2455 = ORIENTED_EDGE ( 'NONE', *, *, #2265, .T. ) ;
#2456 = CARTESIAN_POINT ( 'NONE',  ( -16.99999999999998579, 94.12768161796614663, 9.020562075079396891E-14 ) ) ;
#2457 = VERTEX_POINT ( 'NONE', #8392 ) ;
#2458 = CIRCLE ( 'NONE', #6915, 17.00000000000000000 ) ;
#2459 = EDGE_CURVE ( 'NONE', #4804, #9751, #6922, .T. ) ;
#2460 = DIRECTION ( 'NONE',  ( 0.000000000000000000, 0.000000000000000000, -1.000000000000000000 ) ) ;
#2461 = ORIENTED_EDGE ( 'NONE', *, *, #3810, .T. ) ;
#2462 = VECTOR ( 'NONE', #3121, 1000.000000000000000 ) ;
#2463 = CARTESIAN_POINT ( 'NONE',  ( 12.63346203311578719, -3.904999999999963833, 11.37522030810048790 ) ) ;
#2464 = VECTOR ( 'NONE', #523, 1000.000000000000000 ) ;
#2465 = DIRECTION ( 'NONE',  ( -2.106877630885760906E-31, -1.000000000000000000, -3.111048790438776325E-16 ) ) ;
#2466 = CIRCLE ( 'NONE', #3393, 17.00000000000000000 ) ;
#2467 = EDGE_LOOP ( 'NONE', ( #6139, #5896, #6864, #8996 ) ) ;
#2468 = EDGE_LOOP ( 'NONE', ( #4837, #2276, #10521, #4031 ) ) ;
#2469 = CYLINDRICAL_SURFACE ( 'NONE', #10593, 17.00000000000000355 ) ;
#2470 = ORIENTED_EDGE ( 'NONE', *, *, #8403, .T. ) ;
#2471 = EDGE_LOOP ( 'NONE', ( #913, #10845, #9267, #8111 ) ) ;
#2472 = DIRECTION ( 'NONE',  ( -6.277634335963632232E-32, -1.000000000000000000, -3.111048790438776325E-16 ) ) ;
#2473 = DIRECTION ( 'NONE',  ( -6.277634335963640990E-32, -1.000000000000000000, -3.111048790438772381E-16 ) ) ;
#2474 = AXIS2_PLACEMENT_3D ( 'NONE', #6286, #1624, #9832 ) ;
#2475 = EDGE_CURVE ( 'NONE', #10012, #1955, #782, .T. ) ;
#2476 = ORIENTED_EDGE ( 'NONE', *, *, #3810, .F. ) ;
#2477 = AXIS2_PLACEMENT_3D ( 'NONE', #115, #2015, #4479 ) ;
#2478 = EDGE_CURVE ( 'NONE', #8581, #10010, #7518, .T. ) ;
#2479 = CARTESIAN_POINT ( 'NONE',  ( -3.778646842853175869, -3.904999999999991811, 16.57473462945926457 ) ) ;
#2480 = CARTESIAN_POINT ( 'NONE',  ( -1.387778780781447845E-15, 39.99999999999997158, 12.50000000000001954 ) ) ;
#2481 = VERTEX_POINT ( 'NONE', #10172 ) ;
#2482 = CARTESIAN_POINT ( 'NONE',  ( -2.659385905683814055, 1.095000000000012630, 16.79070179011736030 ) ) ;
#2483 = EDGE_CURVE ( 'NONE', #427, #4359, #2651, .T. ) ;
#2484 = DIRECTION ( 'NONE',  ( -3.812444007147968697E-32, -1.000000000000000000, -3.111048790438776325E-16 ) ) ;
#2485 = EDGE_LOOP ( 'NONE', ( #9375, #10657, #3118, #8771 ) ) ;
#2486 = ORIENTED_EDGE ( 'NONE', *, *, #10846, .F. ) ;
#2487 = EDGE_CURVE ( 'NONE', #4731, #2771, #9532, .T. ) ;
#2488 = ORIENTED_EDGE ( 'NONE', *, *, #4650, .T. ) ;
#2489 = CARTESIAN_POINT ( 'NONE',  ( -1.540743955509788682E-30, 39.99999999999997868, 1.387778780781445676E-14 ) ) ;
#2490 = EDGE_CURVE ( 'NONE', #10571, #9781, #11025, .T. ) ;
#2491 = DIRECTION ( 'NONE',  ( -1.110223024625156540E-16, -4.081702296416015997E-16, 1.000000000000000000 ) ) ;
#2492 = CARTESIAN_POINT ( 'NONE',  ( -1.540743955509788682E-30, 39.99999999999997868, 1.387778780781445676E-14 ) ) ;
#2493 = EDGE_CURVE ( 'NONE', #7686, #6611, #1160, .T. ) ;
#2494 = EDGE_CURVE ( 'NONE', #4806, #3845, #4417, .T. ) ;
#2495 = DIRECTION ( 'NONE',  ( 3.583126979299020263E-32, -1.000000000000000000, -3.111048790438776325E-16 ) ) ;
#2496 = DIRECTION ( 'NONE',  ( -3.583126979299020263E-32, 1.000000000000000000, 3.111048790438776325E-16 ) ) ;
#2497 = LINE ( 'NONE', #2435, #8223 ) ;
#2498 = CARTESIAN_POINT ( 'NONE',  ( -16.96178273941305648, -3.904999999999991811, -1.139265684969525960 ) ) ;
#2499 = ORIENTED_EDGE ( 'NONE', *, *, #6951, .T. ) ;
#2500 = ORIENTED_EDGE ( 'NONE', *, *, #7254, .T. ) ;
#2501 = EDGE_CURVE ( 'NONE', #5718, #4167, #6937, .T. ) ;
#2502 = DIRECTION ( 'NONE',  ( -1.110223024625156540E-16, -4.081702296416015997E-16, 1.000000000000000000 ) ) ;
#2503 = DIRECTION ( 'NONE',  ( 1.590907862337733465E-31, -1.000000000000000000, -3.111048790438776325E-16 ) ) ;
#2504 = DIRECTION ( 'NONE',  ( -3.583126979299020263E-32, 1.000000000000000000, 3.111048790438776325E-16 ) ) ;
#2505 = CARTESIAN_POINT ( 'NONE',  ( -7.717838495572205026, 94.12768161796614663, 14.89711091120234165 ) ) ;
#2506 = VERTEX_POINT ( 'NONE', #6183 ) ;
#2507 = CARTESIAN_POINT ( 'NONE',  ( -1.332267629550187454E-15, -23.40499999999995495, 12.00000000000001776 ) ) ;
#2508 = DIRECTION ( 'NONE',  ( 0.000000000000000000, 0.000000000000000000, -1.000000000000000000 ) ) ;
#2509 = CARTESIAN_POINT ( 'NONE',  ( -1.540743955509788682E-30, -3.904999999999991811, 6.938893903907228378E-15 ) ) ;
#2510 = DIRECTION ( 'NONE',  ( 9.746102801338177729E-32, -1.000000000000000000, -3.111048790438776325E-16 ) ) ;
#2511 = EDGE_LOOP ( 'NONE', ( #6706, #9680, #7008, #648 ) ) ;
#2512 = DIRECTION ( 'NONE',  ( -6.277634335963632232E-32, -1.000000000000000000, -3.111048790438776325E-16 ) ) ;
#2513 = VERTEX_POINT ( 'NONE', #1510 ) ;
#2514 = LINE ( 'NONE', #5017, #10983 ) ;
#2515 = ORIENTED_EDGE ( 'NONE', *, *, #3040, .F. ) ;
#2516 = DIRECTION ( 'NONE',  ( 0.000000000000000000, 0.000000000000000000, -1.000000000000000000 ) ) ;
#2517 = EDGE_CURVE ( 'NONE', #1043, #4629, #6196, .T. ) ;
#2518 = DIRECTION ( 'NONE',  ( 9.746102801338168971E-32, -1.000000000000000000, -3.111048790438772381E-16 ) ) ;
#2519 = AXIS2_PLACEMENT_3D ( 'NONE', #11110, #7503, #10330 ) ;
#2520 = ORIENTED_EDGE ( 'NONE', *, *, #3781, .F. ) ;
#2521 = EDGE_LOOP ( 'NONE', ( #6972, #7592, #7384, #10697 ) ) ;
#2522 = ORIENTED_EDGE ( 'NONE', *, *, #7195, .F. ) ;
#2523 = DIRECTION ( 'NONE',  ( -1.110223024625156540E-16, -3.061276722312012491E-16, 1.000000000000000000 ) ) ;
#2524 = ORIENTED_EDGE ( 'NONE', *, *, #8496, .F. ) ;
#2525 = DIRECTION ( 'NONE',  ( -3.583126979299020263E-32, 1.000000000000000000, 3.111048790438776325E-16 ) ) ;
#2526 = ORIENTED_EDGE ( 'NONE', *, *, #8613, .F. ) ;
#2527 = DIRECTION ( 'NONE',  ( 3.583126979299020263E-32, -1.000000000000000000, -3.111048790438776325E-16 ) ) ;
#2528 = CARTESIAN_POINT ( 'NONE',  ( -16.97670209082773951, 1.095000000000040385, 0.8897112561301184774 ) ) ;
#2529 = CIRCLE ( 'NONE', #294, 0.2500000000000002220 ) ;
#2530 = DIRECTION ( 'NONE',  ( 0.000000000000000000, 0.000000000000000000, -1.000000000000000000 ) ) ;
#2531 = ADVANCED_FACE ( 'NONE', ( #636 ), #8681, .F. ) ;
#2532 = AXIS2_PLACEMENT_3D ( 'NONE', #2115, #5680, #532 ) ;
#2533 = CARTESIAN_POINT ( 'NONE',  ( 15.95874067538744256, 94.12768161796614663, 5.858207580457873043 ) ) ;
#2534 = CARTESIAN_POINT ( 'NONE',  ( 16.74977862752252733, 1.095000000000040385, 2.906013752374356329 ) ) ;
#2535 = EDGE_LOOP ( 'NONE', ( #8259, #596, #10491, #10786 ) ) ;
#2536 = VERTEX_POINT ( 'NONE', #1569 ) ;
#2537 = ORIENTED_EDGE ( 'NONE', *, *, #14, .F. ) ;
#2538 = DIRECTION ( 'NONE',  ( 3.583126979299020263E-32, -1.000000000000000000, -3.111048790438776325E-16 ) ) ;
#2539 = LINE ( 'NONE', #2593, #4979 ) ;
#2540 = CARTESIAN_POINT ( 'NONE',  ( 15.87086725045234736, 1.095000000000068141, -6.092255142270283308 ) ) ;
#2541 = EDGE_CURVE ( 'NONE', #4149, #9912, #6018, .T. ) ;
#2542 = CYLINDRICAL_SURFACE ( 'NONE', #8524, 0.2500000000000002220 ) ;
#2543 = DIRECTION ( 'NONE',  ( -3.583126979299020263E-32, 1.000000000000000000, 3.111048790438776325E-16 ) ) ;
#2544 = ADVANCED_FACE ( 'NONE', ( #4192 ), #3439, .F. ) ;
#2545 = DIRECTION ( 'NONE',  ( -8.742824664779295218E-32, -1.000000000000000000, -3.111048790438776325E-16 ) ) ;
#2546 = DIRECTION ( 'NONE',  ( 0.000000000000000000, 0.000000000000000000, 1.000000000000000000 ) ) ;
#2547 = EDGE_CURVE ( 'NONE', #6889, #9090, #5459, .T. ) ;
#2548 = DIRECTION ( 'NONE',  ( -3.583126979299020263E-32, 1.000000000000000000, 3.111048790438776325E-16 ) ) ;
#2549 = DIRECTION ( 'NONE',  ( 1.344388829456166400E-31, -1.000000000000000000, -3.111048790438772381E-16 ) ) ;
#2550 = ORIENTED_EDGE ( 'NONE', *, *, #754, .T. ) ;
#2551 = ORIENTED_EDGE ( 'NONE', *, *, #3191, .F. ) ;
#2552 = CARTESIAN_POINT ( 'NONE',  ( -15.53027277992421240, 94.12768161796608979, -6.914522932288530654 ) ) ;
#2553 = CARTESIAN_POINT ( 'NONE',  ( -0.2499932416906595622, 1.095000000000012630, 16.99816176470587337 ) ) ;
#2554 = CARTESIAN_POINT ( 'NONE',  ( -1.540743955509788682E-30, 1.095000000000012630, 0.000000000000000000 ) ) ;
#2555 = CYLINDRICAL_SURFACE ( 'NONE', #4937, 17.00000000000000355 ) ;
#2556 = CARTESIAN_POINT ( 'NONE',  ( 12.63346203311578719, 94.12768161796608979, 11.37522030810051632 ) ) ;
#2557 = EDGE_CURVE ( 'NONE', #3090, #6072, #789, .T. ) ;
#2558 = CARTESIAN_POINT ( 'NONE',  ( 15.53027277992426214, 94.12768161796608979, 6.914522932288502233 ) ) ;
#2559 = EDGE_CURVE ( 'NONE', #6946, #3175, #11529, .T. ) ;
#2560 = EDGE_CURVE ( 'NONE', #8287, #5877, #985, .T. ) ;
#2561 = EDGE_CURVE ( 'NONE', #3406, #2667, #11224, .T. ) ;
#2562 = DIRECTION ( 'NONE',  ( -3.583126979299020263E-32, 1.000000000000000000, 3.111048790438776325E-16 ) ) ;
#2563 = AXIS2_PLACEMENT_3D ( 'NONE', #155, #101, #8132 ) ;
#2564 = LINE ( 'NONE', #11477, #5953 ) ;
#2565 = ORIENTED_EDGE ( 'NONE', *, *, #9794, .F. ) ;
#2566 = FACE_OUTER_BOUND ( 'NONE', #10695, .T. ) ;
#2567 = ORIENTED_EDGE ( 'NONE', *, *, #8856, .T. ) ;
#2568 = DIRECTION ( 'NONE',  ( 0.000000000000000000, 0.000000000000000000, 1.000000000000000000 ) ) ;
#2569 = VERTEX_POINT ( 'NONE', #10531 ) ;
#2570 = FACE_OUTER_BOUND ( 'NONE', #8061, .T. ) ;
#2571 = AXIS2_PLACEMENT_3D ( 'NONE', #4171, #7726, #1655 ) ;
#2572 = CARTESIAN_POINT ( 'NONE',  ( -1.540743955509788682E-30, 39.99999999999997868, 1.387778780781445676E-14 ) ) ;
#2573 = CIRCLE ( 'NONE', #4250, 17.00000000000000000 ) ;
#2574 = ORIENTED_EDGE ( 'NONE', *, *, #3973, .T. ) ;
#2575 = CARTESIAN_POINT ( 'NONE',  ( -1.540743955509788682E-30, 1.095000000000012630, 0.000000000000000000 ) ) ;
#2576 = VERTEX_POINT ( 'NONE', #10587 ) ;
#2577 = EDGE_CURVE ( 'NONE', #2945, #1181, #7305, .T. ) ;
#2578 = DIRECTION ( 'NONE',  ( 2.330464960982432251E-31, -1.000000000000000000, -3.111048790438776325E-16 ) ) ;
#2579 = AXIS2_PLACEMENT_3D ( 'NONE', #11328, #4425, #2339 ) ;
#2580 = ORIENTED_EDGE ( 'NONE', *, *, #2392, .F. ) ;
#2581 = DIRECTION ( 'NONE',  ( -1.110223024625156540E-16, -4.081702296416015997E-16, 1.000000000000000000 ) ) ;
#2582 = DIRECTION ( 'NONE',  ( 1.344388829456168151E-31, -1.000000000000000000, -3.111048790438779776E-16 ) ) ;
#2583 = CIRCLE ( 'NONE', #168, 0.2500000000000002220 ) ;
#2584 = CARTESIAN_POINT ( 'NONE',  ( 13.60485940014296347, -3.904999999999963833, 10.19351758238252259 ) ) ;
#2585 = CIRCLE ( 'NONE', #2203, 13.79155730658017376 ) ;
#2586 = CIRCLE ( 'NONE', #3883, 17.00000000000000355 ) ;
#2587 = DIRECTION ( 'NONE',  ( -1.110223024625156540E-16, -4.081702296416015997E-16, 1.000000000000000000 ) ) ;
#2588 = AXIS2_PLACEMENT_3D ( 'NONE', #1059, #2697, #4682 ) ;
#2589 = ORIENTED_EDGE ( 'NONE', *, *, #10300, .F. ) ;
#2590 = ORIENTED_EDGE ( 'NONE', *, *, #5898, .F. ) ;
#2591 = AXIS2_PLACEMENT_3D ( 'NONE', #183, #6459, #6410 ) ;
#2592 = ORIENTED_EDGE ( 'NONE', *, *, #4498, .F. ) ;
#2593 = CARTESIAN_POINT ( 'NONE',  ( 12.02081528017140144, 94.12768161796608979, 11.77081528017123802 ) ) ;
#2594 = LINE ( 'NONE', #4289, #8291 ) ;
#2595 = CARTESIAN_POINT ( 'NONE',  ( 1.528167975084356200, 94.12768161796614663, 16.93117546539304286 ) ) ;
#2596 = CARTESIAN_POINT ( 'NONE',  ( 0.000000000000000000, -25.40499999999998337, -6.938893903907228378E-15 ) ) ;
#2597 = VECTOR ( 'NONE', #10379, 1000.000000000000000 ) ;
#2598 = EDGE_CURVE ( 'NONE', #9781, #5906, #5082, .T. ) ;
#2599 = FACE_OUTER_BOUND ( 'NONE', #11131, .T. ) ;
#2600 = AXIS2_PLACEMENT_3D ( 'NONE', #2297, #7847, #6732 ) ;
#2601 = LINE ( 'NONE', #5231, #4151 ) ;
#2602 = VECTOR ( 'NONE', #8293, 1000.000000000000114 ) ;
#2603 = AXIS2_PLACEMENT_3D ( 'NONE', #581, #3264, #6814 ) ;
#2604 = DIRECTION ( 'NONE',  ( 0.000000000000000000, 0.000000000000000000, 1.000000000000000000 ) ) ;
#2605 = ORIENTED_EDGE ( 'NONE', *, *, #5355, .T. ) ;
#2606 = ORIENTED_EDGE ( 'NONE', *, *, #7207, .F. ) ;
#2607 = EDGE_LOOP ( 'NONE', ( #6545, #1583 ) ) ;
#2608 = ORIENTED_EDGE ( 'NONE', *, *, #5184, .T. ) ;
#2609 = FACE_OUTER_BOUND ( 'NONE', #2334, .T. ) ;
#2610 = FACE_OUTER_BOUND ( 'NONE', #7296, .T. ) ;
#2611 = DIRECTION ( 'NONE',  ( 0.000000000000000000, 0.000000000000000000, -1.000000000000000000 ) ) ;
#2612 = DIRECTION ( 'NONE',  ( -3.583126979299020263E-32, 1.000000000000000000, 3.111048790438776325E-16 ) ) ;
#2613 = DIRECTION ( 'NONE',  ( -1.110223024625156540E-16, -3.061276722312011998E-16, 1.000000000000000000 ) ) ;
#2614 = AXIS2_PLACEMENT_3D ( 'NONE', #4253, #11436, #7818 ) ;
#2615 = ORIENTED_EDGE ( 'NONE', *, *, #1403, .F. ) ;
#2616 = DIRECTION ( 'NONE',  ( -1.110223024625156540E-16, -2.891205793294677833E-16, 1.000000000000000000 ) ) ;
#2617 = ADVANCED_FACE ( 'NONE', ( #3387 ), #1675, .T. ) ;
#2618 = CIRCLE ( 'NONE', #11191, 0.2500000000000002220 ) ;
#2619 = CIRCLE ( 'NONE', #10601, 0.2500000000000002220 ) ;
#2620 = CIRCLE ( 'NONE', #5039, 0.2500000000000006661 ) ;
#2621 = ADVANCED_FACE ( 'NONE', ( #5248 ), #9827, .F. ) ;
#2622 = DIRECTION ( 'NONE',  ( 0.000000000000000000, 0.000000000000000000, -1.000000000000000000 ) ) ;
#2623 = AXIS2_PLACEMENT_3D ( 'NONE', #6175, #4412, #9767 ) ;
#2624 = CARTESIAN_POINT ( 'NONE',  ( 14.59584328502712403, -3.904999999999991811, -8.715581380431734360 ) ) ;
#2625 = AXIS2_PLACEMENT_3D ( 'NONE', #9888, #10752, #3651 ) ;
#2626 = ORIENTED_EDGE ( 'NONE', *, *, #211, .F. ) ;
#2627 = CARTESIAN_POINT ( 'NONE',  ( -3.534498743901803408, 1.095000000000012630, 16.37850921247471092 ) ) ;
#2628 = DIRECTION ( 'NONE',  ( 0.000000000000000000, 0.000000000000000000, 1.000000000000000000 ) ) ;
#2629 = EDGE_CURVE ( 'NONE', #6525, #7465, #11035, .T. ) ;
#2630 = ORIENTED_EDGE ( 'NONE', *, *, #1088, .T. ) ;
#2631 = EDGE_CURVE ( 'NONE', #4693, #6056, #10648, .T. ) ;
#2632 = AXIS2_PLACEMENT_3D ( 'NONE', #3305, #1491, #5062 ) ;
#2633 = CARTESIAN_POINT ( 'NONE',  ( -8.499999999999905853, -3.904999999999991811, 14.72243186433552076 ) ) ;
#2634 = VERTEX_POINT ( 'NONE', #6283 ) ;
#2635 = CIRCLE ( 'NONE', #10428, 17.00000000000000000 ) ;
#2636 = CARTESIAN_POINT ( 'NONE',  ( -1.540743955509788682E-30, 39.99999999999997868, 1.387778780781445676E-14 ) ) ;
#2637 = VECTOR ( 'NONE', #9021, 1000.000000000000000 ) ;
#2638 = DIRECTION ( 'NONE',  ( -3.583126979299020263E-32, 1.000000000000000000, 3.111048790438776325E-16 ) ) ;
#2639 = CIRCLE ( 'NONE', #6181, 0.2500000000000002220 ) ;
#2640 = CIRCLE ( 'NONE', #2253, 0.2500000000000002220 ) ;
#2641 = EDGE_LOOP ( 'NONE', ( #3186, #4012, #10748, #259 ) ) ;
#2642 =( LENGTH_UNIT ( ) NAMED_UNIT ( * ) SI_UNIT ( .MILLI., .METRE. ) );
#2643 = EDGE_LOOP ( 'NONE', ( #4741, #9954, #6995, #5830 ) ) ;
#2644 = CIRCLE ( 'NONE', #4117, 0.2500000000000002220 ) ;
#2645 = CARTESIAN_POINT ( 'NONE',  ( -5.253288904374003643, -3.904999999999991811, 16.16796077701763323 ) ) ;
#2646 = ORIENTED_EDGE ( 'NONE', *, *, #635, .F. ) ;
#2647 = CARTESIAN_POINT ( 'NONE',  ( -3.534498743901911322, -3.904999999999936300, -16.62850921247469671 ) ) ;
#2648 = LINE ( 'NONE', #710, #8181 ) ;
#2649 = CIRCLE ( 'NONE', #8047, 0.2500000000000002220 ) ;
#2650 = DIRECTION ( 'NONE',  ( -3.583126979299020263E-32, 1.000000000000000000, 3.111048790438776325E-16 ) ) ;
#2651 = CIRCLE ( 'NONE', #9152, 0.2500000000000002220 ) ;
#2652 = EDGE_CURVE ( 'NONE', #1653, #1769, #9163, .T. ) ;
#2653 = DIRECTION ( 'NONE',  ( 1.110223024625156540E-16, 3.111048790438772381E-16, -1.000000000000000000 ) ) ;
#2654 = AXIS2_PLACEMENT_3D ( 'NONE', #10792, #7235, #8408 ) ;
#2655 = EDGE_LOOP ( 'NONE', ( #4335, #276, #6818, #9157 ) ) ;
#2656 = ORIENTED_EDGE ( 'NONE', *, *, #3602, .T. ) ;
#2657 = CIRCLE ( 'NONE', #2477, 0.2500000000000002220 ) ;
#2658 = VERTEX_POINT ( 'NONE', #2726 ) ;
#2659 = CARTESIAN_POINT ( 'NONE',  ( 10.50300857072176974, 1.095000000000012630, 13.36737861225396884 ) ) ;
#2660 = CARTESIAN_POINT ( 'NONE',  ( -13.21148134476843872, 1.095000000000040385, 10.69844664784731059 ) ) ;
#2661 = DIRECTION ( 'NONE',  ( 0.000000000000000000, 0.000000000000000000, -1.000000000000000000 ) ) ;
#2662 = CARTESIAN_POINT ( 'NONE',  ( -7.494258344863212074, 1.095000000000012630, 15.25896758828881161 ) ) ;
#2663 = EDGE_CURVE ( 'NONE', #5278, #3964, #63, .T. ) ;
#2664 = AXIS2_PLACEMENT_3D ( 'NONE', #10110, #11062, #5701 ) ;
#2665 = CARTESIAN_POINT ( 'NONE',  ( 8.500000000000113687, 1.095000000000012630, 14.72243186433538220 ) ) ;
#2666 = DIRECTION ( 'NONE',  ( 0.000000000000000000, 0.000000000000000000, 1.000000000000000000 ) ) ;
#2667 = VERTEX_POINT ( 'NONE', #1854 ) ;
#2668 = ORIENTED_EDGE ( 'NONE', *, *, #3787, .T. ) ;
#2669 = EDGE_LOOP ( 'NONE', ( #2446, #3977, #3185, #2113 ) ) ;
#2670 = EDGE_LOOP ( 'NONE', ( #229, #118, #7566, #5137 ) ) ;
#2671 = DIRECTION ( 'NONE',  ( -6.277634335963632232E-32, -1.000000000000000000, -3.111048790438776325E-16 ) ) ;
#2672 = DIRECTION ( 'NONE',  ( 3.583126979299020263E-32, -1.000000000000000000, -3.111048790438776325E-16 ) ) ;
#2673 = DIRECTION ( 'NONE',  ( 0.000000000000000000, 0.000000000000000000, 1.000000000000000000 ) ) ;
#2674 = ORIENTED_EDGE ( 'NONE', *, *, #9876, .F. ) ;
#2675 = DIRECTION ( 'NONE',  ( -3.583126979299020263E-32, 1.000000000000000000, 3.111048790438776325E-16 ) ) ;
#2676 = CARTESIAN_POINT ( 'NONE',  ( 9.258863595255563794, -3.904999999999991811, 14.25739965507214002 ) ) ;
#2677 = DIRECTION ( 'NONE',  ( 1.837426895219298778E-31, -1.000000000000000000, -3.111048790438776325E-16 ) ) ;
#2678 = LINE ( 'NONE', #10483, #10970 ) ;
#2679 = EDGE_CURVE ( 'NONE', #10637, #92, #3763, .T. ) ;
#2680 = ORIENTED_EDGE ( 'NONE', *, *, #11424, .F. ) ;
#2681 = ORIENTED_EDGE ( 'NONE', *, *, #4758, .T. ) ;
#2682 = CYLINDRICAL_SURFACE ( 'NONE', #1895, 17.00000000000000355 ) ;
#2683 = ORIENTED_EDGE ( 'NONE', *, *, #4164, .T. ) ;
#2684 = DIRECTION ( 'NONE',  ( 0.000000000000000000, 0.000000000000000000, -1.000000000000000000 ) ) ;
#2685 = ADVANCED_FACE ( 'NONE', ( #10706 ), #1089, .F. ) ;
#2686 = DIRECTION ( 'NONE',  ( 0.000000000000000000, 0.000000000000000000, -1.000000000000000000 ) ) ;
#2687 = ORIENTED_EDGE ( 'NONE', *, *, #10183, .F. ) ;
#2688 = DIRECTION ( 'NONE',  ( 0.000000000000000000, 0.000000000000000000, -1.000000000000000000 ) ) ;
#2689 = EDGE_CURVE ( 'NONE', #3572, #6330, #2657, .T. ) ;
#2690 = LINE ( 'NONE', #9737, #2597 ) ;
#2691 = ORIENTED_EDGE ( 'NONE', *, *, #4784, .T. ) ;
#2692 = ORIENTED_EDGE ( 'NONE', *, *, #4912, .T. ) ;
#2693 = ORIENTED_EDGE ( 'NONE', *, *, #3844, .F. ) ;
#2694 = DIRECTION ( 'NONE',  ( 0.000000000000000000, 0.000000000000000000, 1.000000000000000000 ) ) ;
#2695 = ORIENTED_EDGE ( 'NONE', *, *, #4147, .F. ) ;
#2696 = CARTESIAN_POINT ( 'NONE',  ( 0.6399644156869122025, 1.095000000000012630, 16.98795001012937789 ) ) ;
#2697 = DIRECTION ( 'NONE',  ( 1.590907862337732589E-31, -1.000000000000000000, -3.111048790438772381E-16 ) ) ;
#2698 = CARTESIAN_POINT ( 'NONE',  ( -1.540743955509788682E-30, 39.99999999999997868, 1.387778780781445676E-14 ) ) ;
#2699 = DIRECTION ( 'NONE',  ( 0.000000000000000000, 0.000000000000000000, -1.000000000000000000 ) ) ;
#2700 = AXIS2_PLACEMENT_3D ( 'NONE', #3873, #1145, #110 ) ;
#2701 = EDGE_CURVE ( 'NONE', #186, #425, #604, .T. ) ;
#2702 = CARTESIAN_POINT ( 'NONE',  ( -1.540743955509788682E-30, 39.99999999999997868, 1.387778780781445676E-14 ) ) ;
#2703 = VERTEX_POINT ( 'NONE', #5480 ) ;
#2704 = ORIENTED_EDGE ( 'NONE', *, *, #8052, .F. ) ;
#2705 = EDGE_LOOP ( 'NONE', ( #1729, #4635, #9958, #2868 ) ) ;
#2706 = AXIS2_PLACEMENT_3D ( 'NONE', #7902, #7853, #8777 ) ;
#2707 = DIRECTION ( 'NONE',  ( 0.000000000000000000, 0.000000000000000000, -1.000000000000000000 ) ) ;
#2708 = CYLINDRICAL_SURFACE ( 'NONE', #10323, 0.2500000000000002220 ) ;
#2709 = CYLINDRICAL_SURFACE ( 'NONE', #898, 13.55114218134571757 ) ;
#2710 = CARTESIAN_POINT ( 'NONE',  ( 9.258863595255272472, 1.095000000000068141, -14.25739965507232654 ) ) ;
#2711 = CARTESIAN_POINT ( 'NONE',  ( -1.540743955509788682E-30, 39.99999999999997868, 1.387778780781445676E-14 ) ) ;
#2712 = EDGE_CURVE ( 'NONE', #7225, #6546, #6446, .T. ) ;
#2713 = LINE ( 'NONE', #6270, #1239 ) ;
#2714 = FACE_OUTER_BOUND ( 'NONE', #5580, .T. ) ;
#2715 = ORIENTED_EDGE ( 'NONE', *, *, #1356, .F. ) ;
#2716 = EDGE_LOOP ( 'NONE', ( #2918, #1420, #5674, #3024 ) ) ;
#2717 = ORIENTED_EDGE ( 'NONE', *, *, #7855, .F. ) ;
#2718 = VERTEX_POINT ( 'NONE', #285 ) ;
#2719 = DIRECTION ( 'NONE',  ( -3.583126979299020263E-32, 1.000000000000000000, 3.111048790438776325E-16 ) ) ;
#2720 = FACE_OUTER_BOUND ( 'NONE', #122, .T. ) ;
#2721 = CARTESIAN_POINT ( 'NONE',  ( -1.540743955509788682E-30, -3.904999999999991811, 6.938893903907228378E-15 ) ) ;
#2722 = CARTESIAN_POINT ( 'NONE',  ( -10.69844664784715604, 94.12768161796620348, 13.21148134476860747 ) ) ;
#2723 = ADVANCED_FACE ( 'NONE', ( #4655 ), #2855, .T. ) ;
#2724 = EDGE_LOOP ( 'NONE', ( #4040, #10961, #2176, #5418 ) ) ;
#2725 = DIRECTION ( 'NONE',  ( -1.110223024625156540E-16, -5.551115123125780730E-16, 1.000000000000000000 ) ) ;
#2726 = CARTESIAN_POINT ( 'NONE',  ( 1.528167975084249397, -3.904999999999991811, 16.93117546539304286 ) ) ;
#2727 = CARTESIAN_POINT ( 'NONE',  ( -16.97670209082773951, 94.12768161796614663, 0.8897112561301532274 ) ) ;
#2728 = EDGE_LOOP ( 'NONE', ( #10522, #3550, #9155, #6816 ) ) ;
#2729 = LINE ( 'NONE', #4658, #8193 ) ;
#2730 = CARTESIAN_POINT ( 'NONE',  ( 14.72243186433552076, 94.12768161796608979, 8.499999999999896971 ) ) ;
#2731 = ORIENTED_EDGE ( 'NONE', *, *, #340, .T. ) ;
#2732 = DIRECTION ( 'NONE',  ( -3.583126979299020263E-32, 1.000000000000000000, 3.111048790438776325E-16 ) ) ;
#2733 = CARTESIAN_POINT ( 'NONE',  ( 12.63346203311578719, 1.095000000000040385, 11.37522030810047369 ) ) ;
#2734 = LINE ( 'NONE', #6291, #1645 ) ;
#2735 = EDGE_CURVE ( 'NONE', #3517, #5493, #4885, .T. ) ;
#2736 = DIRECTION ( 'NONE',  ( -1.110223024625156540E-16, -3.061276722312012491E-16, 1.000000000000000000 ) ) ;
#2737 = VECTOR ( 'NONE', #1778, 1000.000000000000000 ) ;
#2738 = DIRECTION ( 'NONE',  ( -3.583126979299020263E-32, 1.000000000000000000, 3.111048790438776325E-16 ) ) ;
#2739 = DIRECTION ( 'NONE',  ( 0.000000000000000000, 0.000000000000000000, 1.000000000000000000 ) ) ;
#2740 = VERTEX_POINT ( 'NONE', #10760 ) ;
#2741 = ORIENTED_EDGE ( 'NONE', *, *, #1457, .T. ) ;
#2742 = ORIENTED_EDGE ( 'NONE', *, *, #6474, .T. ) ;
#2743 = CARTESIAN_POINT ( 'NONE',  ( 14.11970190331922481, -3.904999999999991811, -9.467524394550203226 ) ) ;
#2744 = ORIENTED_EDGE ( 'NONE', *, *, #11022, .F. ) ;
#2745 = ORIENTED_EDGE ( 'NONE', *, *, #8559, .T. ) ;
#2746 = DIRECTION ( 'NONE',  ( -1.120801499359495711E-31, -1.000000000000000000, -3.111048790438776325E-16 ) ) ;
#2747 = EDGE_CURVE ( 'NONE', #5083, #1930, #10083, .T. ) ;
#2748 = DIRECTION ( 'NONE',  ( -1.110223024625156540E-16, -3.111048790438772381E-16, 1.000000000000000000 ) ) ;
#2749 = CIRCLE ( 'NONE', #8884, 0.2500000000000002220 ) ;
#2750 = DIRECTION ( 'NONE',  ( -1.110223024625156540E-16, -4.081702296416015997E-16, 1.000000000000000000 ) ) ;
#2751 = ADVANCED_FACE ( 'NONE', ( #987 ), #4543, .F. ) ;
#2752 = EDGE_CURVE ( 'NONE', #3446, #5470, #9897, .T. ) ;
#2753 = LINE ( 'NONE', #9858, #5776 ) ;
#2754 = CIRCLE ( 'NONE', #7037, 0.2500000000000002220 ) ;
#2755 = VERTEX_POINT ( 'NONE', #1034 ) ;
#2756 = ORIENTED_EDGE ( 'NONE', *, *, #5033, .T. ) ;
#2757 = ORIENTED_EDGE ( 'NONE', *, *, #1918, .T. ) ;
#2758 = DIRECTION ( 'NONE',  ( 0.000000000000000000, 0.000000000000000000, 1.000000000000000000 ) ) ;
#2759 = CARTESIAN_POINT ( 'NONE',  ( -1.540743955509788682E-30, -3.904999999999991811, 6.938893903907228378E-15 ) ) ;
#2760 = AXIS2_PLACEMENT_3D ( 'NONE', #3193, #6849, #1310 ) ;
#2761 = AXIS2_PLACEMENT_3D ( 'NONE', #3614, #3786, #8055 ) ;
#2762 = CYLINDRICAL_SURFACE ( 'NONE', #3690, 0.2500000000000002220 ) ;
#2763 = EDGE_CURVE ( 'NONE', #4146, #7781, #7120, .T. ) ;
#2764 = DIRECTION ( 'NONE',  ( -3.583126979299020263E-32, 1.000000000000000000, 3.111048790438776325E-16 ) ) ;
#2765 = DIRECTION ( 'NONE',  ( 1.590907862337732589E-31, -1.000000000000000000, -3.111048790438772381E-16 ) ) ;
#2766 = CIRCLE ( 'NONE', #9265, 17.00000000000000000 ) ;
#2767 = DIRECTION ( 'NONE',  ( -3.583126979299020263E-32, 1.000000000000000000, 3.111048790438776325E-16 ) ) ;
#2768 = CARTESIAN_POINT ( 'NONE',  ( 6.685395064247841468, 94.12768161796620348, -15.63027488033814194 ) ) ;
#2769 = CIRCLE ( 'NONE', #5383, 17.00000000000000355 ) ;
#2770 = DIRECTION ( 'NONE',  ( -3.583126979299020263E-32, 1.000000000000000000, 3.111048790438776325E-16 ) ) ;
#2771 = VERTEX_POINT ( 'NONE', #1965 ) ;
#2772 = ORIENTED_EDGE ( 'NONE', *, *, #10202, .T. ) ;
#2773 = VERTEX_POINT ( 'NONE', #5532 ) ;
#2774 = VERTEX_POINT ( 'NONE', #388 ) ;
#2775 = DIRECTION ( 'NONE',  ( 0.000000000000000000, 0.000000000000000000, 1.000000000000000000 ) ) ;
#2776 = LINE ( 'NONE', #6393, #4510 ) ;
#2777 = LINE ( 'NONE', #1083, #8102 ) ;
#2778 = CARTESIAN_POINT ( 'NONE',  ( 16.42073904691409325, 1.095000000000040385, -4.399923766743044418 ) ) ;
#2779 = VECTOR ( 'NONE', #11280, 1000.000000000000000 ) ;
#2780 = VERTEX_POINT ( 'NONE', #7683 ) ;
#2781 = CARTESIAN_POINT ( 'NONE',  ( 16.79070179011734965, -3.904999999999963833, 2.659385905683771423 ) ) ;
#2782 = EDGE_CURVE ( 'NONE', #5906, #246, #1903, .T. ) ;
#2783 = VECTOR ( 'NONE', #9630, 1000.000000000000000 ) ;
#2784 = VECTOR ( 'NONE', #8041, 1000.000000000000000 ) ;
#2785 = DIRECTION ( 'NONE',  ( 2.330464960982432251E-31, -1.000000000000000000, -3.111048790438776325E-16 ) ) ;
#2786 = EDGE_CURVE ( 'NONE', #11044, #9184, #9295, .T. ) ;
#2787 = DIRECTION ( 'NONE',  ( 6.664614890318590511E-32, -1.000000000000000000, -3.111048790438772381E-16 ) ) ;
#2788 = AXIS2_PLACEMENT_3D ( 'NONE', #10887, #1155, #4720 ) ;
#2789 = ORIENTED_EDGE ( 'NONE', *, *, #2809, .F. ) ;
#2790 = DIRECTION ( 'NONE',  ( -3.583126979299020263E-32, 1.000000000000000000, 3.111048790438776325E-16 ) ) ;
#2791 = CARTESIAN_POINT ( 'NONE',  ( -16.62850921247467184, -3.904999999999963833, 3.284498743901978379 ) ) ;
#2792 = EDGE_LOOP ( 'NONE', ( #11286, #787, #69, #7431 ) ) ;
#2793 = CARTESIAN_POINT ( 'NONE',  ( 1.776983875550225633, 94.12768161796614663, 16.90687222126065947 ) ) ;
#2794 = CIRCLE ( 'NONE', #11166, 17.00000000000000000 ) ;
#2795 = AXIS2_PLACEMENT_3D ( 'NONE', #1376, #10221, #7560 ) ;
#2796 = DIRECTION ( 'NONE',  ( -3.583126979299020263E-32, 1.000000000000000000, 3.111048790438776325E-16 ) ) ;
#2797 = ORIENTED_EDGE ( 'NONE', *, *, #1050, .T. ) ;
#2798 = CIRCLE ( 'NONE', #3725, 0.2500000000000002220 ) ;
#2799 = FACE_OUTER_BOUND ( 'NONE', #9240, .T. ) ;
#2800 = EDGE_CURVE ( 'NONE', #9665, #6946, #7874, .T. ) ;
#2801 = AXIS2_PLACEMENT_3D ( 'NONE', #1170, #3130, #6682 ) ;
#2802 = AXIS2_PLACEMENT_3D ( 'NONE', #3646, #7197, #9116 ) ;
#2803 = CARTESIAN_POINT ( 'NONE',  ( -13.89874408141994344, 1.095000000000012630, -9.789020020369438413 ) ) ;
#2804 = VERTEX_POINT ( 'NONE', #7614 ) ;
#2805 = VERTEX_POINT ( 'NONE', #6504 ) ;
#2806 = ORIENTED_EDGE ( 'NONE', *, *, #11172, .T. ) ;
#2807 = CARTESIAN_POINT ( 'NONE',  ( 3.534498743902024565, 1.095000000000012630, 16.62850921247466829 ) ) ;
#2808 = AXIS2_PLACEMENT_3D ( 'NONE', #865, #9837, #2686 ) ;
#2809 = EDGE_CURVE ( 'NONE', #8648, #3114, #3072, .T. ) ;
#2810 = VERTEX_POINT ( 'NONE', #4992 ) ;
#2811 = CIRCLE ( 'NONE', #9508, 17.00000000000000000 ) ;
#2812 = ORIENTED_EDGE ( 'NONE', *, *, #9691, .T. ) ;
#2813 = CARTESIAN_POINT ( 'NONE',  ( -6.092255142270007084, 94.12768161796614663, 15.62086725045248237 ) ) ;
#2814 = DIRECTION ( 'NONE',  ( 1.590907862337732589E-31, -1.000000000000000000, -3.111048790438772381E-16 ) ) ;
#2815 = VECTOR ( 'NONE', #3702, 1000.000000000000000 ) ;
#2816 = CIRCLE ( 'NONE', #9286, 17.00000000000000000 ) ;
#2817 = CARTESIAN_POINT ( 'NONE',  ( -13.60485940014295458, 1.095000000000012630, -10.19351758238251549 ) ) ;
#2818 = AXIS2_PLACEMENT_3D ( 'NONE', #3610, #8853, #10535 ) ;
#2819 = VECTOR ( 'NONE', #10096, 1000.000000000000000 ) ;
#2820 = AXIS2_PLACEMENT_3D ( 'NONE', #10641, #7026, #8843 ) ;
#2821 = DIRECTION ( 'NONE',  ( 0.000000000000000000, 0.000000000000000000, 1.000000000000000000 ) ) ;
#2822 = ORIENTED_EDGE ( 'NONE', *, *, #7457, .F. ) ;
#2823 = ORIENTED_EDGE ( 'NONE', *, *, #9823, .T. ) ;
#2824 = EDGE_CURVE ( 'NONE', #4320, #4420, #11419, .T. ) ;
#2825 = ORIENTED_EDGE ( 'NONE', *, *, #9518, .F. ) ;
#2826 = CIRCLE ( 'NONE', #4317, 0.2500000000000002220 ) ;
#2827 = CARTESIAN_POINT ( 'NONE',  ( -1.540743955509788682E-30, -3.904999999999991811, 6.938893903907228378E-15 ) ) ;
#2828 = DIRECTION ( 'NONE',  ( 8.513507636930336930E-32, -1.000000000000000000, -3.111048790438772381E-16 ) ) ;
#2829 = AXIS2_PLACEMENT_3D ( 'NONE', #11228, #5736, #11279 ) ;
#2830 = CIRCLE ( 'NONE', #5078, 17.00000000000000000 ) ;
#2831 = CARTESIAN_POINT ( 'NONE',  ( 1.776983875550225633, 1.095000000000012630, 16.90687222126063105 ) ) ;
#2832 = CARTESIAN_POINT ( 'NONE',  ( 3.534498743902024565, 1.095000000000012630, 16.37850921247466829 ) ) ;
#2833 = EDGE_LOOP ( 'NONE', ( #8623, #10941, #10194, #3418 ) ) ;
#2834 = ADVANCED_FACE ( 'NONE', ( #10161 ), #4893, .T. ) ;
#2835 = CARTESIAN_POINT ( 'NONE',  ( 16.98795001012937078, -3.904999999999963833, 0.6399644156865267330 ) ) ;
#2836 = VECTOR ( 'NONE', #7915, 1000.000000000000000 ) ;
#2837 = CIRCLE ( 'NONE', #9151, 0.2500000000000002220 ) ;
#2838 = DIRECTION ( 'NONE',  ( -3.583126979299020263E-32, 1.000000000000000000, 3.111048790438776325E-16 ) ) ;
#2839 = VECTOR ( 'NONE', #3711, 1000.000000000000000 ) ;
#2840 = EDGE_CURVE ( 'NONE', #10164, #7227, #9237, .T. ) ;
#2841 = EDGE_CURVE ( 'NONE', #6856, #4264, #5823, .T. ) ;
#2842 = DIRECTION ( 'NONE',  ( 0.000000000000000000, 0.000000000000000000, -1.000000000000000000 ) ) ;
#2843 = ORIENTED_EDGE ( 'NONE', *, *, #4784, .F. ) ;
#2844 = EDGE_CURVE ( 'NONE', #1111, #10880, #3743, .T. ) ;
#2845 = ORIENTED_EDGE ( 'NONE', *, *, #9539, .T. ) ;
#2846 = ADVANCED_FACE ( 'NONE', ( #1206 ), #5757, .F. ) ;
#2847 = ORIENTED_EDGE ( 'NONE', *, *, #2840, .T. ) ;
#2848 = LINE ( 'NONE', #1081, #8393 ) ;
#2849 = DIRECTION ( 'NONE',  ( 0.000000000000000000, 0.000000000000000000, 1.000000000000000000 ) ) ;
#2850 = DIRECTION ( 'NONE',  ( -1.110223024625156540E-16, -3.061276722312012491E-16, 1.000000000000000000 ) ) ;
#2851 = ORIENTED_EDGE ( 'NONE', *, *, #7479, .T. ) ;
#2852 = CARTESIAN_POINT ( 'NONE',  ( 12.79937408746689798, 1.095000000000040385, 11.18820910463693608 ) ) ;
#2853 = AXIS2_PLACEMENT_3D ( 'NONE', #2187, #1254, #3127 ) ;
#2854 = EDGE_CURVE ( 'NONE', #2127, #10343, #9348, .T. ) ;
#2855 = CYLINDRICAL_SURFACE ( 'NONE', #10469, 17.00000000000000355 ) ;
#2856 = ADVANCED_FACE ( 'NONE', ( #10053 ), #5653, .F. ) ;
#2857 = DIRECTION ( 'NONE',  ( -3.583126979299020263E-32, 1.000000000000000000, 3.111048790438776325E-16 ) ) ;
#2858 = CARTESIAN_POINT ( 'NONE',  ( -16.98795001012936012, 1.095000000000040385, 0.6399644156868735667 ) ) ;
#2859 = DIRECTION ( 'NONE',  ( 0.000000000000000000, 0.000000000000000000, -1.000000000000000000 ) ) ;
#2860 = VERTEX_POINT ( 'NONE', #3997 ) ;
#2861 = CYLINDRICAL_SURFACE ( 'NONE', #3143, 0.2500000000000006661 ) ;
#2862 = CYLINDRICAL_SURFACE ( 'NONE', #566, 17.00000000000000355 ) ;
#2863 = ORIENTED_EDGE ( 'NONE', *, *, #10129, .T. ) ;
#2864 = CARTESIAN_POINT ( 'NONE',  ( 16.96178273941305292, 1.095000000000012630, -1.139265684969435810 ) ) ;
#2865 = DIRECTION ( 'NONE',  ( 2.330464960982432251E-31, -1.000000000000000000, -3.111048790438776325E-16 ) ) ;
#2866 = DIRECTION ( 'NONE',  ( -3.583126979299020263E-32, 1.000000000000000000, 3.111048790438776325E-16 ) ) ;
#2867 = ORIENTED_EDGE ( 'NONE', *, *, #5821, .F. ) ;
#2868 = ORIENTED_EDGE ( 'NONE', *, *, #11418, .F. ) ;
#2869 = ORIENTED_EDGE ( 'NONE', *, *, #6787, .F. ) ;
#2870 = DIRECTION ( 'NONE',  ( -3.583126979299020263E-32, 1.000000000000000000, 3.111048790438776325E-16 ) ) ;
#2871 = FACE_OUTER_BOUND ( 'NONE', #10782, .T. ) ;
#2872 = ORIENTED_EDGE ( 'NONE', *, *, #1325, .F. ) ;
#2873 = VERTEX_POINT ( 'NONE', #7559 ) ;
#2874 = EDGE_CURVE ( 'NONE', #11357, #11494, #6756, .T. ) ;
#2875 = CARTESIAN_POINT ( 'NONE',  ( -2.412182932283628123, 94.12768161796620348, -16.82799374557758654 ) ) ;
#2876 = CARTESIAN_POINT ( 'NONE',  ( 3.735791718036013624E-15, -3.904999999999986926, -15.99999999999999289 ) ) ;
#2877 = CYLINDRICAL_SURFACE ( 'NONE', #10063, 17.00000000000000355 ) ;
#2878 = FACE_OUTER_BOUND ( 'NONE', #3296, .T. ) ;
#2879 = VERTEX_POINT ( 'NONE', #4938 ) ;
#2880 = VERTEX_POINT ( 'NONE', #9190 ) ;
#2881 = ORIENTED_EDGE ( 'NONE', *, *, #9022, .F. ) ;
#2882 = DIRECTION ( 'NONE',  ( 1.837426895219298778E-31, -1.000000000000000000, -3.111048790438772381E-16 ) ) ;
#2883 = CARTESIAN_POINT ( 'NONE',  ( -13.75328890437404894, 1.095000000000040385, 9.992349288972114607 ) ) ;
#2884 = CARTESIAN_POINT ( 'NONE',  ( -0.8897112561299327371, 1.095000000000012630, 16.97670209082776438 ) ) ;
#2885 = VERTEX_POINT ( 'NONE', #5875 ) ;
#2886 = FACE_OUTER_BOUND ( 'NONE', #4759, .T. ) ;
#2887 = ADVANCED_FACE ( 'NONE', ( #3878 ), #8488, .T. ) ;
#2888 = CARTESIAN_POINT ( 'NONE',  ( -16.16796077701761192, 94.12768161796603295, -5.253288904374028512 ) ) ;
#2889 = CARTESIAN_POINT ( 'NONE',  ( -7.939749563561672829, 1.095000000000068141, -15.03197847483564509 ) ) ;
#2890 = CIRCLE ( 'NONE', #9758, 17.00000000000000000 ) ;
#2891 = DIRECTION ( 'NONE',  ( -1.110223024625156540E-16, -2.891205793294677340E-16, 1.000000000000000000 ) ) ;
#2892 = EDGE_LOOP ( 'NONE', ( #8523, #2908, #1562, #3584 ) ) ;
#2893 = ORIENTED_EDGE ( 'NONE', *, *, #4328, .T. ) ;
#2894 = ORIENTED_EDGE ( 'NONE', *, *, #9823, .F. ) ;
#2895 = DIRECTION ( 'NONE',  ( -1.110223024625156540E-16, -2.608382727326503945E-16, 1.000000000000000000 ) ) ;
#2896 = ADVANCED_FACE ( 'NONE', ( #9410 ), #8779, .T. ) ;
#2897 = CARTESIAN_POINT ( 'NONE',  ( -16.42073904691416431, -3.904999999999963833, -4.399923766742815268 ) ) ;
#2898 = DIRECTION ( 'NONE',  ( 0.000000000000000000, 0.000000000000000000, -1.000000000000000000 ) ) ;
#2899 = ORIENTED_EDGE ( 'NONE', *, *, #7167, .T. ) ;
#2900 = DIRECTION ( 'NONE',  ( -3.583126979299020263E-32, 1.000000000000000000, 3.111048790438776325E-16 ) ) ;
#2901 = ADVANCED_FACE ( 'NONE', ( #4122 ), #5997, .F. ) ;
#2902 = CIRCLE ( 'NONE', #4388, 17.00000000000000000 ) ;
#2903 = DIRECTION ( 'NONE',  ( 0.000000000000000000, 0.000000000000000000, -1.000000000000000000 ) ) ;
#2904 = CARTESIAN_POINT ( 'NONE',  ( -13.21148134476843872, -3.904999999999963833, 10.44844664784730348 ) ) ;
#2905 = EDGE_CURVE ( 'NONE', #1353, #9949, #8716, .T. ) ;
#2906 = AXIS2_PLACEMENT_3D ( 'NONE', #9388, #1409, #8517 ) ;
#2907 = CARTESIAN_POINT ( 'NONE',  ( -10.69844664784715604, 1.095000000000012630, 13.21148134476856484 ) ) ;
#2908 = ORIENTED_EDGE ( 'NONE', *, *, #839, .T. ) ;
#2909 = DIRECTION ( 'NONE',  ( -1.613839565122628308E-31, -1.000000000000000000, -3.111048790438776325E-16 ) ) ;
#2910 = DIRECTION ( 'NONE',  ( -1.110223024625156540E-16, -3.061276722312012491E-16, 1.000000000000000000 ) ) ;
#2911 = CARTESIAN_POINT ( 'NONE',  ( -1.540743955509788682E-30, 39.99999999999997868, 1.387778780781445676E-14 ) ) ;
#2912 = ADVANCED_FACE ( 'NONE', ( #9544 ), #4402, .T. ) ;
#2913 = EDGE_CURVE ( 'NONE', #885, #2860, #10848, .T. ) ;
#2914 = VECTOR ( 'NONE', #8818, 1000.000000000000000 ) ;
#2915 = CARTESIAN_POINT ( 'NONE',  ( 15.14711091120231323, 94.12768161796608979, 7.717838495572185487 ) ) ;
#2916 = DIRECTION ( 'NONE',  ( 0.000000000000000000, 0.000000000000000000, -1.000000000000000000 ) ) ;
#2917 = VERTEX_POINT ( 'NONE', #5064 ) ;
#2918 = ORIENTED_EDGE ( 'NONE', *, *, #4102, .F. ) ;
#2919 = CARTESIAN_POINT ( 'NONE',  ( -15.14711091120220665, -3.904999999999991811, 7.717838495572365787 ) ) ;
#2920 = ORIENTED_EDGE ( 'NONE', *, *, #10281, .F. ) ;
#2921 = AXIS2_PLACEMENT_3D ( 'NONE', #7801, #5834, #5131 ) ;
#2922 = EDGE_LOOP ( 'NONE', ( #11434, #5012, #8235, #8361 ) ) ;
#2923 = CARTESIAN_POINT ( 'NONE',  ( 16.99999999999997868, -3.904999999999991811, -1.804112415015879378E-13 ) ) ;
#2924 = CIRCLE ( 'NONE', #4037, 0.2500000000000002220 ) ;
#2925 = DIRECTION ( 'NONE',  ( 3.583126979299020263E-32, -1.000000000000000000, -3.111048790438776325E-16 ) ) ;
#2926 = EDGE_CURVE ( 'NONE', #8413, #10821, #10470, .T. ) ;
#2927 = CARTESIAN_POINT ( 'NONE',  ( 5.149069853498827201E-17, -25.40499999999998337, 4.499999999999997335 ) ) ;
#2928 = EDGE_CURVE ( 'NONE', #8877, #3010, #6379, .T. ) ;
#2929 = CARTESIAN_POINT ( 'NONE',  ( 5.149069853498824119E-17, -28.40499999999998693, 4.499999999999985789 ) ) ;
#2930 = EDGE_LOOP ( 'NONE', ( #4605, #863, #612, #1704 ) ) ;
#2931 = EDGE_LOOP ( 'NONE', ( #990, #2461, #2626, #8336 ) ) ;
#2932 = VERTEX_POINT ( 'NONE', #9593 ) ;
#2933 = CARTESIAN_POINT ( 'NONE',  ( -3.534498743901803408, 1.095000000000012630, 16.62850921247471092 ) ) ;
#2934 = DIRECTION ( 'NONE',  ( -1.110223024625156540E-16, -3.252606517456511823E-16, 1.000000000000000000 ) ) ;
#2935 = FACE_OUTER_BOUND ( 'NONE', #3331, .T. ) ;
#2936 = DIRECTION ( 'NONE',  ( -1.110223024625156540E-16, -3.061276722312011998E-16, 1.000000000000000000 ) ) ;
#2937 = EDGE_LOOP ( 'NONE', ( #1294, #1933, #7924, #4678 ) ) ;
#2938 = DIRECTION ( 'NONE',  ( 2.330464960982432251E-31, -1.000000000000000000, -3.111048790438776325E-16 ) ) ;
#2939 = DIRECTION ( 'NONE',  ( 1.590907862337732589E-31, -1.000000000000000000, -3.111048790438772381E-16 ) ) ;
#2940 = AXIS2_PLACEMENT_3D ( 'NONE', #9731, #2732, #653 ) ;
#2941 = CYLINDRICAL_SURFACE ( 'NONE', #7209, 17.00000000000000355 ) ;
#2942 = DIRECTION ( 'NONE',  ( 1.097869796574599992E-31, -1.000000000000000000, -3.111048790438772381E-16 ) ) ;
#2943 = AXIS2_PLACEMENT_3D ( 'NONE', #7609, #3994, #2304 ) ;
#2944 = ORIENTED_EDGE ( 'NONE', *, *, #3951, .F. ) ;
#2945 = VERTEX_POINT ( 'NONE', #11420 ) ;
#2946 = ORIENTED_EDGE ( 'NONE', *, *, #11525, .F. ) ;
#2947 = CARTESIAN_POINT ( 'NONE',  ( -8.499999999999905853, 1.095000000000012630, 14.72243186433550655 ) ) ;
#2948 = FACE_OUTER_BOUND ( 'NONE', #8719, .T. ) ;
#2949 = DIRECTION ( 'NONE',  ( -3.583126979299020263E-32, 1.000000000000000000, 3.111048790438776325E-16 ) ) ;
#2950 = EDGE_CURVE ( 'NONE', #7229, #529, #1166, .T. ) ;
#2951 = CARTESIAN_POINT ( 'NONE',  ( -4.640922924985979137, 94.12768161796614663, 16.35426043587236933 ) ) ;
#2952 = AXIS2_PLACEMENT_3D ( 'NONE', #10772, #9246, #1264 ) ;
#2953 = AXIS2_PLACEMENT_3D ( 'NONE', #7362, #210, #1899 ) ;
#2954 = CIRCLE ( 'NONE', #9462, 0.2500000000000002220 ) ;
#2955 = DIRECTION ( 'NONE',  ( 5.016390682794327027E-33, -1.000000000000000000, -3.111048790438772381E-16 ) ) ;
#2956 = AXIS2_PLACEMENT_3D ( 'NONE', #8860, #5042, #935 ) ;
#2957 = CARTESIAN_POINT ( 'NONE',  ( -1.528167975084239183, 1.095000000000012630, -16.93117546539301799 ) ) ;
#2958 = EDGE_LOOP ( 'NONE', ( #3532, #4272, #3585, #11029 ) ) ;
#2959 = ORIENTED_EDGE ( 'NONE', *, *, #5692, .F. ) ;
#2960 = LINE ( 'NONE', #5826, #7439 ) ;
#2961 = CYLINDRICAL_SURFACE ( 'NONE', #2249, 0.2500000000000002220 ) ;
#2962 = AXIS2_PLACEMENT_3D ( 'NONE', #8698, #5101, #7891 ) ;
#2963 = ORIENTED_EDGE ( 'NONE', *, *, #4257, .T. ) ;
#2964 = EDGE_CURVE ( 'NONE', #4629, #1003, #10395, .T. ) ;
#2965 = VECTOR ( 'NONE', #6897, 1000.000000000000000 ) ;
#2966 = FACE_OUTER_BOUND ( 'NONE', #3432, .T. ) ;
#2967 = DIRECTION ( 'NONE',  ( -1.110223024625156540E-16, -4.081702296416015997E-16, 1.000000000000000000 ) ) ;
#2968 = DIRECTION ( 'NONE',  ( -1.110223024625156540E-16, -4.081702296416015997E-16, 1.000000000000000000 ) ) ;
#2969 = CARTESIAN_POINT ( 'NONE',  ( -14.59584328502735140, 1.094999999999984874, 8.715581380431366654 ) ) ;
#2970 = EDGE_CURVE ( 'NONE', #3375, #3533, #1347, .T. ) ;
#2971 = DIRECTION ( 'NONE',  ( -1.110223024625156540E-16, -3.061276722312011998E-16, 1.000000000000000000 ) ) ;
#2972 = AXIS2_PLACEMENT_3D ( 'NONE', #5380, #1060, #3796 ) ;
#2973 = DIRECTION ( 'NONE',  ( -2.106877630885760906E-31, -1.000000000000000000, -3.111048790438776325E-16 ) ) ;
#2974 = EDGE_CURVE ( 'NONE', #9501, #7509, #2497, .T. ) ;
#2975 = VERTEX_POINT ( 'NONE', #8786 ) ;
#2976 = CIRCLE ( 'NONE', #10793, 17.00000000000000355 ) ;
#2977 = EDGE_LOOP ( 'NONE', ( #10325, #3603, #1960, #8356 ) ) ;
#2978 = VECTOR ( 'NONE', #11462, 1000.000000000000114 ) ;
#2979 = ORIENTED_EDGE ( 'NONE', *, *, #1153, .T. ) ;
#2980 = EDGE_CURVE ( 'NONE', #5094, #5841, #8427, .T. ) ;
#2981 = ORIENTED_EDGE ( 'NONE', *, *, #3682, .T. ) ;
#2982 = CIRCLE ( 'NONE', #3369, 17.00000000000000355 ) ;
#2983 = FACE_BOUND ( 'NONE', #10536, .T. ) ;
#2984 = ORIENTED_EDGE ( 'NONE', *, *, #136, .F. ) ;
#2985 = CYLINDRICAL_SURFACE ( 'NONE', #3578, 0.2500000000000002220 ) ;
#2986 = AXIS2_PLACEMENT_3D ( 'NONE', #7054, #7125, #7175 ) ;
#2987 = CIRCLE ( 'NONE', #6522, 17.00000000000000355 ) ;
#2988 = VECTOR ( 'NONE', #6457, 1000.000000000000000 ) ;
#2989 = AXIS2_PLACEMENT_3D ( 'NONE', #6987, #3269, #5014 ) ;
#2990 = EDGE_LOOP ( 'NONE', ( #3023, #2863, #2102, #2285 ) ) ;
#2991 = ORIENTED_EDGE ( 'NONE', *, *, #3248, .T. ) ;
#2992 = DIRECTION ( 'NONE',  ( -3.583126979299020263E-32, 1.000000000000000000, 3.111048790438776325E-16 ) ) ;
#2993 = EDGE_LOOP ( 'NONE', ( #4783, #3749, #3392, #3674 ) ) ;
#2994 = ORIENTED_EDGE ( 'NONE', *, *, #1201, .T. ) ;
#2995 = CIRCLE ( 'NONE', #3195, 0.2500000000000002220 ) ;
#2996 = CARTESIAN_POINT ( 'NONE',  ( -12.46481782867079069, 1.095000000000012630, -11.55977147257031312 ) ) ;
#2997 = DIRECTION ( 'NONE',  ( -1.110223024625156540E-16, -3.061276722312011998E-16, 1.000000000000000000 ) ) ;
#2998 = CARTESIAN_POINT ( 'NONE',  ( -15.95874067538745322, -3.904999999999963833, -5.858207580457852615 ) ) ;
#2999 = CARTESIAN_POINT ( 'NONE',  ( -15.77956154453764803, -3.904999999999963833, -6.324985174856023740 ) ) ;
#3000 = CIRCLE ( 'NONE', #1535, 17.00000000000000355 ) ;
#3001 = ORIENTED_EDGE ( 'NONE', *, *, #1698, .F. ) ;
#3002 = CIRCLE ( 'NONE', #5990, 17.00000000000000355 ) ;
#3003 = CARTESIAN_POINT ( 'NONE',  ( -1.540743955509788682E-30, -3.904999999999991811, 6.938893903907228378E-15 ) ) ;
#3004 = EDGE_CURVE ( 'NONE', #1905, #1435, #5651, .T. ) ;
#3005 = VECTOR ( 'NONE', #10577, 1000.000000000000000 ) ;
#3006 = DIRECTION ( 'NONE',  ( 0.000000000000000000, 0.000000000000000000, -1.000000000000000000 ) ) ;
#3007 = AXIS2_PLACEMENT_3D ( 'NONE', #8621, #7512, #630 ) ;
#3008 = DIRECTION ( 'NONE',  ( -3.583126979299020263E-32, 1.000000000000000000, 3.111048790438776325E-16 ) ) ;
#3009 = ORIENTED_EDGE ( 'NONE', *, *, #2844, .F. ) ;
#3010 = VERTEX_POINT ( 'NONE', #5929 ) ;
#3011 = AXIS2_PLACEMENT_3D ( 'NONE', #11386, #10599, #6075 ) ;
#3012 = ORIENTED_EDGE ( 'NONE', *, *, #8317, .T. ) ;
#3013 = DIRECTION ( 'NONE',  ( -3.583126979299020263E-32, 1.000000000000000000, 3.111048790438776325E-16 ) ) ;
#3014 = CARTESIAN_POINT ( 'NONE',  ( 5.253288904374220358, -3.904999999999991811, 15.91796077701756396 ) ) ;
#3015 = DIRECTION ( 'NONE',  ( -3.583126979299020263E-32, 1.000000000000000000, 3.111048790438776325E-16 ) ) ;
#3016 = DIRECTION ( 'NONE',  ( -3.583126979299020263E-32, 1.000000000000000000, 3.111048790438776325E-16 ) ) ;
#3017 = EDGE_CURVE ( 'NONE', #1760, #3476, #3428, .T. ) ;
#3018 = AXIS2_PLACEMENT_3D ( 'NONE', #11211, #466, #5673 ) ;
#3019 = CARTESIAN_POINT ( 'NONE',  ( 12.63346203311578719, 1.095000000000040385, 11.12522030810047369 ) ) ;
#3020 = AXIS2_PLACEMENT_3D ( 'NONE', #5007, #2378, #344 ) ;
#3021 = DIRECTION ( 'NONE',  ( 0.000000000000000000, 0.000000000000000000, -1.000000000000000000 ) ) ;
#3022 = CARTESIAN_POINT ( 'NONE',  ( -0.6399644156866889366, -3.904999999999991811, -16.98795001012938144 ) ) ;
#3023 = ORIENTED_EDGE ( 'NONE', *, *, #3162, .F. ) ;
#3024 = ORIENTED_EDGE ( 'NONE', *, *, #10649, .T. ) ;
#3025 = CARTESIAN_POINT ( 'NONE',  ( -0.2499932416906557875, 128.2662312819925035, -16.99816176470583429 ) ) ;
#3026 = CARTESIAN_POINT ( 'NONE',  ( -10.50300857072167915, 1.095000000000068141, -13.36737861225403812 ) ) ;
#3027 = CIRCLE ( 'NONE', #2474, 14.35724273152941244 ) ;
#3028 = DIRECTION ( 'NONE',  ( -3.583126979299020263E-32, 1.000000000000000000, 3.111048790438776325E-16 ) ) ;
#3029 = EDGE_LOOP ( 'NONE', ( #3129, #10439, #3490, #4735 ) ) ;
#3030 = AXIS2_PLACEMENT_3D ( 'NONE', #746, #4313, #7875 ) ;
#3031 = FACE_OUTER_BOUND ( 'NONE', #3275, .T. ) ;
#3032 = DIRECTION ( 'NONE',  ( -3.583126979299020263E-32, 1.000000000000000000, 3.111048790438776325E-16 ) ) ;
#3033 = DIRECTION ( 'NONE',  ( -6.277634335963632232E-32, -1.000000000000000000, -3.111048790438776325E-16 ) ) ;
#3034 = EDGE_CURVE ( 'NONE', #10458, #6222, #6969, .T. ) ;
#3035 = CARTESIAN_POINT ( 'NONE',  ( -16.62850921247467184, -3.904999999999963833, 3.534498743901978823 ) ) ;
#3036 = DIRECTION ( 'NONE',  ( 0.000000000000000000, 0.000000000000000000, 1.000000000000000000 ) ) ;
#3037 = ORIENTED_EDGE ( 'NONE', *, *, #5052, .T. ) ;
#3038 = ORIENTED_EDGE ( 'NONE', *, *, #4699, .F. ) ;
#3039 = ORIENTED_EDGE ( 'NONE', *, *, #4328, .F. ) ;
#3040 = EDGE_CURVE ( 'NONE', #5790, #1545, #3775, .T. ) ;
#3041 = EDGE_CURVE ( 'NONE', #1781, #5618, #2601, .T. ) ;
#3042 = DIRECTION ( 'NONE',  ( -1.110223024625156540E-16, -4.081702296416015997E-16, 1.000000000000000000 ) ) ;
#3043 = ORIENTED_EDGE ( 'NONE', *, *, #9640, .F. ) ;
#3044 = FACE_OUTER_BOUND ( 'NONE', #9791, .T. ) ;
#3045 = EDGE_CURVE ( 'NONE', #472, #1445, #796, .T. ) ;
#3046 = CARTESIAN_POINT ( 'NONE',  ( -1.540743955509788682E-30, 39.99999999999997868, 1.387778780781445676E-14 ) ) ;
#3047 = VERTEX_POINT ( 'NONE', #11461 ) ;
#3048 = DIRECTION ( 'NONE',  ( -1.110223024625156540E-16, -3.061276722312011998E-16, 1.000000000000000000 ) ) ;
#3049 = ORIENTED_EDGE ( 'NONE', *, *, #5889, .F. ) ;
#3050 = EDGE_CURVE ( 'NONE', #9378, #4035, #1727, .T. ) ;
#3051 = ORIENTED_EDGE ( 'NONE', *, *, #6244, .F. ) ;
#3052 = DIRECTION ( 'NONE',  ( -3.583126979299020263E-32, 1.000000000000000000, 3.111048790438776325E-16 ) ) ;
#3053 = DIRECTION ( 'NONE',  ( -1.110223024625156540E-16, -3.061276722312011998E-16, 1.000000000000000000 ) ) ;
#3054 = DIRECTION ( 'NONE',  ( -3.583126979299020263E-32, 1.000000000000000000, 3.111048790438776325E-16 ) ) ;
#3055 = EDGE_CURVE ( 'NONE', #2740, #2975, #9910, .T. ) ;
#3056 = DIRECTION ( 'NONE',  ( -3.583126979299020263E-32, 1.000000000000000000, 3.111048790438776325E-16 ) ) ;
#3057 = ORIENTED_EDGE ( 'NONE', *, *, #4777, .F. ) ;
#3058 = DIRECTION ( 'NONE',  ( 0.000000000000000000, 0.000000000000000000, -1.000000000000000000 ) ) ;
#3059 = EDGE_CURVE ( 'NONE', #7199, #10297, #4229, .T. ) ;
#3060 = DIRECTION ( 'NONE',  ( -7.850462293418815436E-17, 0.7071067811865530128, 0.7071067811865421326 ) ) ;
#3061 = DIRECTION ( 'NONE',  ( 0.000000000000000000, 0.000000000000000000, 1.000000000000000000 ) ) ;
#3062 = ORIENTED_EDGE ( 'NONE', *, *, #10595, .F. ) ;
#3063 = EDGE_LOOP ( 'NONE', ( #6650, #6735, #1634, #6425 ) ) ;
#3064 = ORIENTED_EDGE ( 'NONE', *, *, #7471, .F. ) ;
#3065 = LINE ( 'NONE', #2129, #4684 ) ;
#3066 = CARTESIAN_POINT ( 'NONE',  ( 5.014963156888594398, -3.904999999999936300, -16.24346467152405538 ) ) ;
#3067 = CARTESIAN_POINT ( 'NONE',  ( 14.11970190331946284, 94.12768161796608979, 9.467524394549869271 ) ) ;
#3068 = DIRECTION ( 'NONE',  ( -3.583126979299020263E-32, 1.000000000000000000, 3.111048790438776325E-16 ) ) ;
#3069 = ADVANCED_FACE ( 'NONE', ( #7141 ), #10746, .F. ) ;
#3070 = CARTESIAN_POINT ( 'NONE',  ( 16.74977862752245628, -3.904999999999991811, -2.906013752374800418 ) ) ;
#3071 = CIRCLE ( 'NONE', #2700, 0.2500000000000002220 ) ;
#3072 = LINE ( 'NONE', #2252, #1537 ) ;
#3073 = CARTESIAN_POINT ( 'NONE',  ( -12.79937408746703831, -3.904999999999991811, -11.18820910463677620 ) ) ;
#3074 = ORIENTED_EDGE ( 'NONE', *, *, #7627, .T. ) ;
#3075 = ORIENTED_EDGE ( 'NONE', *, *, #8454, .T. ) ;
#3076 = ADVANCED_FACE ( 'NONE', ( #1075 ), #10545, .T. ) ;
#3077 = DIRECTION ( 'NONE',  ( 0.000000000000000000, 0.000000000000000000, -1.000000000000000000 ) ) ;
#3078 = CARTESIAN_POINT ( 'NONE',  ( -13.75328890437404894, 1.095000000000040385, 9.992349288972114607 ) ) ;
#3079 = VERTEX_POINT ( 'NONE', #1951 ) ;
#3080 = DIRECTION ( 'NONE',  ( 1.590907862337732589E-31, -1.000000000000000000, -3.111048790438772381E-16 ) ) ;
#3081 = DIRECTION ( 'NONE',  ( 0.000000000000000000, 0.000000000000000000, -1.000000000000000000 ) ) ;
#3082 = CIRCLE ( 'NONE', #10133, 17.00000000000000355 ) ;
#3083 = DIRECTION ( 'NONE',  ( 1.097869796574599992E-31, -1.000000000000000000, -3.111048790438772381E-16 ) ) ;
#3084 = CIRCLE ( 'NONE', #10908, 17.00000000000000000 ) ;
#3085 = CARTESIAN_POINT ( 'NONE',  ( -14.84583652671794773, 94.12768161796608979, -8.282580384274332630 ) ) ;
#3086 = ORIENTED_EDGE ( 'NONE', *, *, #6145, .F. ) ;
#3087 = ORIENTED_EDGE ( 'NONE', *, *, #10548, .F. ) ;
#3088 = DIRECTION ( 'NONE',  ( 6.664614890318590511E-32, -1.000000000000000000, -3.111048790438772381E-16 ) ) ;
#3089 = VERTEX_POINT ( 'NONE', #5340 ) ;
#3090 = VERTEX_POINT ( 'NONE', #9054 ) ;
#3091 = ORIENTED_EDGE ( 'NONE', *, *, #5144, .F. ) ;
#3092 = EDGE_CURVE ( 'NONE', #8585, #8877, #8873, .T. ) ;
#3093 = CYLINDRICAL_SURFACE ( 'NONE', #1110, 17.00000000000000355 ) ;
#3094 = ORIENTED_EDGE ( 'NONE', *, *, #7794, .F. ) ;
#3095 = CIRCLE ( 'NONE', #9607, 0.2500000000000002220 ) ;
#3096 = DIRECTION ( 'NONE',  ( -3.583126979299020263E-32, 1.000000000000000000, 3.111048790438776325E-16 ) ) ;
#3097 = CARTESIAN_POINT ( 'NONE',  ( 13.60485940014275918, -3.904999999999991811, -10.19351758238278016 ) ) ;
#3098 = ORIENTED_EDGE ( 'NONE', *, *, #1030, .F. ) ;
#3099 = DIRECTION ( 'NONE',  ( 0.000000000000000000, 0.000000000000000000, -1.000000000000000000 ) ) ;
#3100 = ORIENTED_EDGE ( 'NONE', *, *, #3055, .F. ) ;
#3101 = EDGE_LOOP ( 'NONE', ( #2106, #9517, #7307, #1023 ) ) ;
#3102 = DIRECTION ( 'NONE',  ( 3.583126979299020263E-32, -1.000000000000000000, -3.111048790438776325E-16 ) ) ;
#3103 = CARTESIAN_POINT ( 'NONE',  ( -1.504479005969917031E-15, -23.15500000000001180, 13.55114218134571757 ) ) ;
#3104 = ORIENTED_EDGE ( 'NONE', *, *, #10507, .T. ) ;
#3105 = EDGE_CURVE ( 'NONE', #5677, #4086, #11336, .T. ) ;
#3106 = CARTESIAN_POINT ( 'NONE',  ( 3.289586263734402216, 1.095000000000068141, -16.67868766460508212 ) ) ;
#3107 = CARTESIAN_POINT ( 'NONE',  ( -15.25896758828880628, 94.12768161796608979, 7.494258344863211185 ) ) ;
#3108 = EDGE_LOOP ( 'NONE', ( #5458, #1039, #6035, #3888 ) ) ;
#3109 = CARTESIAN_POINT ( 'NONE',  ( -7.494258344863109933, 94.12768161796620348, -15.25896758828881161 ) ) ;
#3110 = EDGE_CURVE ( 'NONE', #6287, #291, #6325, .T. ) ;
#3111 = AXIS2_PLACEMENT_3D ( 'NONE', #4582, #3762, #9113 ) ;
#3112 = DIRECTION ( 'NONE',  ( -3.583126979299020263E-32, 1.000000000000000000, 3.111048790438776325E-16 ) ) ;
#3113 = CARTESIAN_POINT ( 'NONE',  ( -15.42691205650429964, 94.12768161796608979, -7.142155445023668392 ) ) ;
#3114 = VERTEX_POINT ( 'NONE', #8081 ) ;
#3115 = EDGE_CURVE ( 'NONE', #7227, #5270, #1830, .T. ) ;
#3116 = VERTEX_POINT ( 'NONE', #8194 ) ;
#3117 = EDGE_CURVE ( 'NONE', #2718, #8654, #501, .T. ) ;
#3118 = ORIENTED_EDGE ( 'NONE', *, *, #4778, .T. ) ;
#3119 = DIRECTION ( 'NONE',  ( -3.812444007147977456E-32, -1.000000000000000000, -3.111048790438772381E-16 ) ) ;
#3120 = EDGE_CURVE ( 'NONE', #3917, #10864, #1902, .T. ) ;
#3121 = DIRECTION ( 'NONE',  ( 2.330464960982432251E-31, -1.000000000000000000, -3.111048790438776325E-16 ) ) ;
#3122 = CARTESIAN_POINT ( 'NONE',  ( -1.540743955509788682E-30, -3.904999999999991811, 6.938893903907228378E-15 ) ) ;
#3123 = DIRECTION ( 'NONE',  ( 0.000000000000000000, 0.000000000000000000, 1.000000000000000000 ) ) ;
#3124 = AXIS2_PLACEMENT_3D ( 'NONE', #5923, #1483, #9354 ) ;
#3125 = FACE_OUTER_BOUND ( 'NONE', #5777, .T. ) ;
#3126 = CIRCLE ( 'NONE', #6123, 0.2500000000000002220 ) ;
#3127 = DIRECTION ( 'NONE',  ( 0.000000000000000000, 0.000000000000000000, -1.000000000000000000 ) ) ;
#3128 = DIRECTION ( 'NONE',  ( 3.583126979299020263E-32, -1.000000000000000000, -3.111048790438776325E-16 ) ) ;
#3129 = ORIENTED_EDGE ( 'NONE', *, *, #6400, .F. ) ;
#3130 = DIRECTION ( 'NONE',  ( -3.583126979299020263E-32, 1.000000000000000000, 3.111048790438776325E-16 ) ) ;
#3131 = DIRECTION ( 'NONE',  ( 1.837426895219298778E-31, -1.000000000000000000, -3.111048790438772381E-16 ) ) ;
#3132 = CYLINDRICAL_SURFACE ( 'NONE', #9506, 0.2500000000000002220 ) ;
#3133 = DIRECTION ( 'NONE',  ( -1.110223024625156540E-16, -3.061276722312011998E-16, 1.000000000000000000 ) ) ;
#3134 = EDGE_CURVE ( 'NONE', #1084, #7349, #9978, .T. ) ;
#3135 = AXIS2_PLACEMENT_3D ( 'NONE', #4090, #9216, #7655 ) ;
#3136 = EDGE_LOOP ( 'NONE', ( #7103, #5162, #1984, #1444 ) ) ;
#3137 = DIRECTION ( 'NONE',  ( -1.613839565122628308E-31, -1.000000000000000000, -3.111048790438776325E-16 ) ) ;
#3138 = DIRECTION ( 'NONE',  ( 2.330464960982432251E-31, -1.000000000000000000, -3.111048790438776325E-16 ) ) ;
#3139 = AXIS2_PLACEMENT_3D ( 'NONE', #9540, #3522, #9704 ) ;
#3140 = CIRCLE ( 'NONE', #10569, 0.2500000000000002220 ) ;
#3141 = DIRECTION ( 'NONE',  ( 0.000000000000000000, 0.000000000000000000, -1.000000000000000000 ) ) ;
#3142 = EDGE_CURVE ( 'NONE', #954, #8076, #4808, .T. ) ;
#3143 = AXIS2_PLACEMENT_3D ( 'NONE', #2094, #1097, #9139 ) ;
#3144 = CYLINDRICAL_SURFACE ( 'NONE', #10634, 0.2500000000000002220 ) ;
#3145 = CARTESIAN_POINT ( 'NONE',  ( 13.75328890437417684, -3.904999999999963833, 9.742349288971926313 ) ) ;
#3146 = CIRCLE ( 'NONE', #3348, 0.2500000000000002220 ) ;
#3147 = CIRCLE ( 'NONE', #6868, 4.500000000000003553 ) ;
#3148 = VERTEX_POINT ( 'NONE', #3528 ) ;
#3149 = ORIENTED_EDGE ( 'NONE', *, *, #547, .T. ) ;
#3150 = DIRECTION ( 'NONE',  ( -3.812444007147977456E-32, -1.000000000000000000, -3.111048790438772381E-16 ) ) ;
#3151 = VERTEX_POINT ( 'NONE', #10870 ) ;
#3152 = VERTEX_POINT ( 'NONE', #2889 ) ;
#3153 = VECTOR ( 'NONE', #8594, 1000.000000000000000 ) ;
#3154 = FACE_OUTER_BOUND ( 'NONE', #8998, .T. ) ;
#3155 = EDGE_LOOP ( 'NONE', ( #10486, #10645, #5202, #10973 ) ) ;
#3156 = CARTESIAN_POINT ( 'NONE',  ( 15.53027277992426214, 94.12768161796608979, 6.914522932288502233 ) ) ;
#3157 = EDGE_CURVE ( 'NONE', #1545, #481, #4414, .T. ) ;
#3158 = AXIS2_PLACEMENT_3D ( 'NONE', #1006, #4564, #8117 ) ;
#3159 = DIRECTION ( 'NONE',  ( 0.000000000000000000, 0.000000000000000000, -1.000000000000000000 ) ) ;
#3160 = AXIS2_PLACEMENT_3D ( 'NONE', #202, #6376, #883 ) ;
#3161 = CIRCLE ( 'NONE', #2037, 17.00000000000000355 ) ;
#3162 = EDGE_CURVE ( 'NONE', #5460, #10367, #7082, .T. ) ;
#3163 = ORIENTED_EDGE ( 'NONE', *, *, #9422, .T. ) ;
#3164 = DIRECTION ( 'NONE',  ( -1.120801499359495711E-31, -1.000000000000000000, -3.111048790438776325E-16 ) ) ;
#3165 = AXIS2_PLACEMENT_3D ( 'NONE', #7302, #6304, #9852 ) ;
#3166 = EDGE_LOOP ( 'NONE', ( #6959, #6133, #6803, #2381 ) ) ;
#3167 = VERTEX_POINT ( 'NONE', #1835 ) ;
#3168 = CIRCLE ( 'NONE', #8370, 17.00000000000000355 ) ;
#3169 = CARTESIAN_POINT ( 'NONE',  ( 12.02081528017140144, -3.904999999999963833, 11.77081528017120959 ) ) ;
#3170 = DIRECTION ( 'NONE',  ( -3.583126979299020263E-32, 1.000000000000000000, 3.111048790438776325E-16 ) ) ;
#3171 = VERTEX_POINT ( 'NONE', #8885 ) ;
#3172 = CARTESIAN_POINT ( 'NONE',  ( 9.048200446567623345, 1.095000000000012630, 14.39201405914868026 ) ) ;
#3173 = CYLINDRICAL_SURFACE ( 'NONE', #9842, 17.00000000000000355 ) ;
#3174 = CIRCLE ( 'NONE', #11175, 0.2500000000000002220 ) ;
#3175 = VERTEX_POINT ( 'NONE', #5577 ) ;
#3176 = CARTESIAN_POINT ( 'NONE',  ( 16.08896035120135437, 1.095000000000040385, -5.490478559968189565 ) ) ;
#3177 = CIRCLE ( 'NONE', #4099, 0.2500000000000002220 ) ;
#3178 = VECTOR ( 'NONE', #7914, 1000.000000000000000 ) ;
#3179 = CARTESIAN_POINT ( 'NONE',  ( -1.540743955509788682E-30, 39.99999999999997868, 1.387778780781445676E-14 ) ) ;
#3180 = STYLED_ITEM ( 'NONE', ( #7992 ), #5245 ) ;
#3181 = CIRCLE ( 'NONE', #4475, 17.00000000000000355 ) ;
#3182 = DIRECTION ( 'NONE',  ( -3.583126979299020263E-32, 1.000000000000000000, 3.111048790438776325E-16 ) ) ;
#3183 = DIRECTION ( 'NONE',  ( 2.330464960982432251E-31, -1.000000000000000000, -3.111048790438776325E-16 ) ) ;
#3184 = ORIENTED_EDGE ( 'NONE', *, *, #10620, .T. ) ;
#3185 = ORIENTED_EDGE ( 'NONE', *, *, #3212, .T. ) ;
#3186 = ORIENTED_EDGE ( 'NONE', *, *, #10113, .F. ) ;
#3187 = DIRECTION ( 'NONE',  ( -3.583126979299020263E-32, 1.000000000000000000, 3.111048790438776325E-16 ) ) ;
#3188 = DIRECTION ( 'NONE',  ( -3.583126979299020263E-32, 1.000000000000000000, 3.111048790438776325E-16 ) ) ;
#3189 = DIRECTION ( 'NONE',  ( 0.000000000000000000, 0.000000000000000000, -1.000000000000000000 ) ) ;
#3190 = AXIS2_PLACEMENT_3D ( 'NONE', #8225, #6357, #6191 ) ;
#3191 = EDGE_CURVE ( 'NONE', #8976, #6200, #9623, .T. ) ;
#3192 = AXIS2_PLACEMENT_3D ( 'NONE', #1210, #1158, #4600 ) ;
#3193 = CARTESIAN_POINT ( 'NONE',  ( -1.540743955509788682E-30, 39.99999999999997868, 1.387778780781445676E-14 ) ) ;
#3194 = DIRECTION ( 'NONE',  ( 0.000000000000000000, 0.000000000000000000, 1.000000000000000000 ) ) ;
#3195 = AXIS2_PLACEMENT_3D ( 'NONE', #2947, #2719, #4710 ) ;
#3196 = CARTESIAN_POINT ( 'NONE',  ( -12.46481782867064503, -3.904999999999963833, 11.55977147257048543 ) ) ;
#3197 = EDGE_CURVE ( 'NONE', #4723, #151, #2713, .T. ) ;
#3198 = CIRCLE ( 'NONE', #2070, 12.00000000000000533 ) ;
#3199 = AXIS2_PLACEMENT_3D ( 'NONE', #623, #3250, #3373 ) ;
#3200 = DIRECTION ( 'NONE',  ( -3.583126979299020263E-32, 1.000000000000000000, 3.111048790438776325E-16 ) ) ;
#3201 = CIRCLE ( 'NONE', #6539, 17.00000000000000000 ) ;
#3202 = DIRECTION ( 'NONE',  ( 3.583126979299020263E-32, -1.000000000000000000, -3.111048790438776325E-16 ) ) ;
#3203 = ORIENTED_EDGE ( 'NONE', *, *, #424, .F. ) ;
#3204 = CIRCLE ( 'NONE', #11010, 0.2500000000000002220 ) ;
#3205 = CARTESIAN_POINT ( 'NONE',  ( -1.540743955509788682E-30, -3.904999999999991811, 6.938893903907228378E-15 ) ) ;
#3206 = CARTESIAN_POINT ( 'NONE',  ( -16.98795001012937433, -3.904999999999991811, -0.6399644156866446387 ) ) ;
#3207 = FACE_OUTER_BOUND ( 'NONE', #5629, .T. ) ;
#3208 = CARTESIAN_POINT ( 'NONE',  ( 16.48366646006520853, 1.095000000000040385, 4.157973067892672958 ) ) ;
#3209 = ORIENTED_EDGE ( 'NONE', *, *, #3337, .F. ) ;
#3210 = CARTESIAN_POINT ( 'NONE',  ( -6.092255142270007084, 94.12768161796614663, 15.87086725045248237 ) ) ;
#3211 = DIRECTION ( 'NONE',  ( 0.000000000000000000, 0.000000000000000000, 1.000000000000000000 ) ) ;
#3212 = EDGE_CURVE ( 'NONE', #6720, #1907, #9241, .T. ) ;
#3213 = LINE ( 'NONE', #3263, #404 ) ;
#3214 = CARTESIAN_POINT ( 'NONE',  ( 14.25739965507227858, -3.904999999999963833, 9.258863595255336421 ) ) ;
#3215 = AXIS2_PLACEMENT_3D ( 'NONE', #1226, #5723, #9259 ) ;
#3216 = EDGE_LOOP ( 'NONE', ( #6657, #9813, #11466, #8125 ) ) ;
#3217 = ORIENTED_EDGE ( 'NONE', *, *, #9666, .T. ) ;
#3218 = DIRECTION ( 'NONE',  ( -3.583126979299020263E-32, 1.000000000000000000, 3.111048790438776325E-16 ) ) ;
#3219 = ORIENTED_EDGE ( 'NONE', *, *, #7904, .F. ) ;
#3220 = PLANE ( 'NONE',  #11 ) ;
#3221 = ORIENTED_EDGE ( 'NONE', *, *, #9225, .F. ) ;
#3222 = CARTESIAN_POINT ( 'NONE',  ( -1.540743955509788682E-30, 25.07901419350386263, 6.938893903907228378E-15 ) ) ;
#3223 = EDGE_CURVE ( 'NONE', #9255, #10966, #8343, .T. ) ;
#3224 = AXIS2_PLACEMENT_3D ( 'NONE', #4767, #4817, #1317 ) ;
#3225 = CARTESIAN_POINT ( 'NONE',  ( 16.67868766460506080, -3.904999999999991811, -3.289586263734475935 ) ) ;
#3226 = ORIENTED_EDGE ( 'NONE', *, *, #9004, .F. ) ;
#3227 = DIRECTION ( 'NONE',  ( -3.583126979299020263E-32, 1.000000000000000000, 3.111048790438776325E-16 ) ) ;
#3228 = ORIENTED_EDGE ( 'NONE', *, *, #9498, .T. ) ;
#3229 = EDGE_LOOP ( 'NONE', ( #7525, #3802, #8562, #655 ) ) ;
#3230 = EDGE_CURVE ( 'NONE', #8963, #5655, #6854, .T. ) ;
#3231 = DIRECTION ( 'NONE',  ( 1.590907862337732589E-31, -1.000000000000000000, -3.111048790438776325E-16 ) ) ;
#3232 = CARTESIAN_POINT ( 'NONE',  ( -4.640922924986086606, -3.904999999999991811, 16.35426043587232670 ) ) ;
#3233 = ORIENTED_EDGE ( 'NONE', *, *, #11499, .T. ) ;
#3234 = LINE ( 'NONE', #6782, #9082 ) ;
#3235 = DIRECTION ( 'NONE',  ( 1.590907862337732589E-31, -1.000000000000000000, -3.111048790438772381E-16 ) ) ;
#3236 = VERTEX_POINT ( 'NONE', #1240 ) ;
#3237 = CARTESIAN_POINT ( 'NONE',  ( 14.11970190331928166, 94.12768161796608979, -9.467524394550084210 ) ) ;
#3238 = DIRECTION ( 'NONE',  ( -1.110223024625156540E-16, -3.061276722312012491E-16, 1.000000000000000000 ) ) ;
#3239 = DIRECTION ( 'NONE',  ( -1.110223024625156540E-16, -3.061276722312011998E-16, 1.000000000000000000 ) ) ;
#3240 = CYLINDRICAL_SURFACE ( 'NONE', #9851, 0.2500000000000002220 ) ;
#3241 = ORIENTED_EDGE ( 'NONE', *, *, #2478, .F. ) ;
#3242 = ORIENTED_EDGE ( 'NONE', *, *, #10067, .F. ) ;
#3243 = ORIENTED_EDGE ( 'NONE', *, *, #5229, .T. ) ;
#3244 = CARTESIAN_POINT ( 'NONE',  ( -16.90687222126064171, 1.095000000000012630, -1.776983875550058878 ) ) ;
#3245 = CARTESIAN_POINT ( 'NONE',  ( -15.25896758828876010, 1.095000000000068141, -7.494258344863260035 ) ) ;
#3246 = DIRECTION ( 'NONE',  ( 0.000000000000000000, 0.000000000000000000, 1.000000000000000000 ) ) ;
#3247 = CARTESIAN_POINT ( 'NONE',  ( -1.540743955509788682E-30, 39.99999999999997868, 1.387778780781445676E-14 ) ) ;
#3248 = EDGE_CURVE ( 'NONE', #1905, #5599, #1298, .T. ) ;
#3249 = FACE_OUTER_BOUND ( 'NONE', #3402, .T. ) ;
#3250 = DIRECTION ( 'NONE',  ( 3.583126979299020263E-32, -1.000000000000000000, -3.111048790438776325E-16 ) ) ;
#3251 = DIRECTION ( 'NONE',  ( 0.000000000000000000, 0.000000000000000000, -1.000000000000000000 ) ) ;
#3252 = ORIENTED_EDGE ( 'NONE', *, *, #1057, .F. ) ;
#3253 = DIRECTION ( 'NONE',  ( -1.110223024625156540E-16, -3.061276722312012491E-16, 1.000000000000000000 ) ) ;
#3254 = DIRECTION ( 'NONE',  ( -1.110223024625156540E-16, -4.081702296416015997E-16, 1.000000000000000000 ) ) ;
#3255 = DIRECTION ( 'NONE',  ( 0.000000000000000000, 0.000000000000000000, 1.000000000000000000 ) ) ;
#3256 = DIRECTION ( 'NONE',  ( -3.812444007147968697E-32, -1.000000000000000000, -3.111048790438776325E-16 ) ) ;
#3257 = ORIENTED_EDGE ( 'NONE', *, *, #7018, .F. ) ;
#3258 = EDGE_CURVE ( 'NONE', #9579, #5866, #7546, .T. ) ;
#3259 = DIRECTION ( 'NONE',  ( 3.583126979299020263E-32, -1.000000000000000000, -3.111048790438776325E-16 ) ) ;
#3260 = CYLINDRICAL_SURFACE ( 'NONE', #8304, 0.2500000000000002220 ) ;
#3261 = VECTOR ( 'NONE', #911, 1000.000000000000000 ) ;
#3262 = EDGE_CURVE ( 'NONE', #9496, #2873, #5739, .T. ) ;
#3263 = CARTESIAN_POINT ( 'NONE',  ( 13.36737861225413226, 94.12768161796608979, 10.50300857072158855 ) ) ;
#3264 = DIRECTION ( 'NONE',  ( -3.583126979299020263E-32, 1.000000000000000000, 3.111048790438776325E-16 ) ) ;
#3265 = ORIENTED_EDGE ( 'NONE', *, *, #7035, .F. ) ;
#3266 = ORIENTED_EDGE ( 'NONE', *, *, #10237, .T. ) ;
#3267 = CIRCLE ( 'NONE', #5689, 0.2500000000000002220 ) ;
#3268 = VERTEX_POINT ( 'NONE', #2069 ) ;
#3269 = DIRECTION ( 'NONE',  ( 3.583126979299020263E-32, -1.000000000000000000, -3.111048790438776325E-16 ) ) ;
#3270 = EDGE_CURVE ( 'NONE', #8295, #7465, #5544, .T. ) ;
#3271 = ORIENTED_EDGE ( 'NONE', *, *, #411, .T. ) ;
#3272 = ADVANCED_FACE ( 'NONE', ( #6491 ), #2941, .T. ) ;
#3273 = EDGE_CURVE ( 'NONE', #4084, #10112, #373, .T. ) ;
#3274 = DIRECTION ( 'NONE',  ( 0.000000000000000000, 0.000000000000000000, 1.000000000000000000 ) ) ;
#3275 = EDGE_LOOP ( 'NONE', ( #8889, #7965, #3074, #6127 ) ) ;
#3276 = FACE_OUTER_BOUND ( 'NONE', #10351, .T. ) ;
#3277 = CIRCLE ( 'NONE', #5519, 17.00000000000000355 ) ;
#3278 = DIRECTION ( 'NONE',  ( -6.277634335963632232E-32, -1.000000000000000000, -3.111048790438776325E-16 ) ) ;
#3279 = ORIENTED_EDGE ( 'NONE', *, *, #1108, .F. ) ;
#3280 = ORIENTED_EDGE ( 'NONE', *, *, #8425, .T. ) ;
#3281 = DIRECTION ( 'NONE',  ( -3.583126979299020263E-32, 1.000000000000000000, 3.111048790438776325E-16 ) ) ;
#3282 = VERTEX_POINT ( 'NONE', #10034 ) ;
#3283 = ORIENTED_EDGE ( 'NONE', *, *, #6285, .F. ) ;
#3284 = CIRCLE ( 'NONE', #9223, 17.00000000000000000 ) ;
#3285 = CARTESIAN_POINT ( 'NONE',  ( -1.540743955509788682E-30, -3.904999999999991811, 6.938893903907228378E-15 ) ) ;
#3286 = DIRECTION ( 'NONE',  ( 2.330464960982431813E-31, -1.000000000000000000, -3.111048790438772381E-16 ) ) ;
#3287 = ADVANCED_FACE ( 'NONE', ( #4925 ), #8305, .F. ) ;
#3288 = ORIENTED_EDGE ( 'NONE', *, *, #3197, .F. ) ;
#3289 = FACE_OUTER_BOUND ( 'NONE', #9742, .T. ) ;
#3290 = DIRECTION ( 'NONE',  ( 0.000000000000000000, 0.000000000000000000, -1.000000000000000000 ) ) ;
#3291 = ORIENTED_EDGE ( 'NONE', *, *, #10885, .F. ) ;
#3292 = CYLINDRICAL_SURFACE ( 'NONE', #8785, 17.00000000000000355 ) ;
#3293 = ADVANCED_FACE ( 'NONE', ( #4801 ), #6730, .T. ) ;
#3294 = CARTESIAN_POINT ( 'NONE',  ( -1.540743955509788682E-30, -3.904999999999991811, 6.938893903907228378E-15 ) ) ;
#3295 = DIRECTION ( 'NONE',  ( -1.110223024625156540E-16, -3.061276722312011998E-16, 1.000000000000000000 ) ) ;
#3296 = EDGE_LOOP ( 'NONE', ( #5966, #9003 ) ) ;
#3297 = ORIENTED_EDGE ( 'NONE', *, *, #8199, .T. ) ;
#3298 = ORIENTED_EDGE ( 'NONE', *, *, #5091, .T. ) ;
#3299 = CARTESIAN_POINT ( 'NONE',  ( -1.540743955509788682E-30, 39.99999999999997868, 1.387778780781445676E-14 ) ) ;
#3300 = CARTESIAN_POINT ( 'NONE',  ( -8.282580384274323748, -3.904999999999936300, -14.84583652671798326 ) ) ;
#3301 = FACE_OUTER_BOUND ( 'NONE', #7132, .T. ) ;
#3302 = CYLINDRICAL_SURFACE ( 'NONE', #2760, 17.00000000000000355 ) ;
#3303 = DIRECTION ( 'NONE',  ( 0.000000000000000000, 0.000000000000000000, -1.000000000000000000 ) ) ;
#3304 = VECTOR ( 'NONE', #2002, 1000.000000000000000 ) ;
#3305 = CARTESIAN_POINT ( 'NONE',  ( -1.540743955509788682E-30, 1.095000000000012630, 0.000000000000000000 ) ) ;
#3306 = CARTESIAN_POINT ( 'NONE',  ( -1.540743955509788682E-30, 39.99999999999997868, 1.387778780781445676E-14 ) ) ;
#3307 = CARTESIAN_POINT ( 'NONE',  ( 14.72243186433552076, 1.094999999999984874, 8.499999999999861444 ) ) ;
#3308 = ORIENTED_EDGE ( 'NONE', *, *, #7823, .F. ) ;
#3309 = ORIENTED_EDGE ( 'NONE', *, *, #1576, .T. ) ;
#3310 = EDGE_CURVE ( 'NONE', #2128, #4929, #10165, .T. ) ;
#3311 = CARTESIAN_POINT ( 'NONE',  ( 3.534498743901694162, -3.904999999999936300, -16.62850921247474290 ) ) ;
#3312 = DIRECTION ( 'NONE',  ( 0.000000000000000000, 0.000000000000000000, -1.000000000000000000 ) ) ;
#3313 = DIRECTION ( 'NONE',  ( -1.613839565122629184E-31, -1.000000000000000000, -3.111048790438772381E-16 ) ) ;
#3314 = CYLINDRICAL_SURFACE ( 'NONE', #7267, 17.00000000000000355 ) ;
#3315 = ORIENTED_EDGE ( 'NONE', *, *, #3759, .F. ) ;
#3316 = EDGE_LOOP ( 'NONE', ( #3241, #3297, #6150, #4195 ) ) ;
#3317 = DIRECTION ( 'NONE',  ( 0.000000000000000000, 0.000000000000000000, -1.000000000000000000 ) ) ;
#3318 =( NAMED_UNIT ( * ) PLANE_ANGLE_UNIT ( ) SI_UNIT ( $, .RADIAN. ) );
#3319 = AXIS2_PLACEMENT_3D ( 'NONE', #6563, #10105, #7553 ) ;
#3320 = DIRECTION ( 'NONE',  ( -3.583126979299020263E-32, 1.000000000000000000, 3.111048790438776325E-16 ) ) ;
#3321 = LINE ( 'NONE', #3486, #11355 ) ;
#3322 = EDGE_CURVE ( 'NONE', #6211, #1540, #5169, .T. ) ;
#3323 = ORIENTED_EDGE ( 'NONE', *, *, #767, .F. ) ;
#3324 = ORIENTED_EDGE ( 'NONE', *, *, #3440, .T. ) ;
#3325 = LINE ( 'NONE', #10420, #10214 ) ;
#3326 = VECTOR ( 'NONE', #8538, 1000.000000000000000 ) ;
#3327 = ORIENTED_EDGE ( 'NONE', *, *, #6117, .F. ) ;
#3328 = VECTOR ( 'NONE', #7597, 1000.000000000000000 ) ;
#3329 = EDGE_CURVE ( 'NONE', #9401, #7735, #7944, .T. ) ;
#3330 = CARTESIAN_POINT ( 'NONE',  ( 12.02081528017140144, 94.12768161796608979, 12.02081528017123802 ) ) ;
#3331 = EDGE_LOOP ( 'NONE', ( #279, #5410, #6510, #5015 ) ) ;
#3332 = CIRCLE ( 'NONE', #5196, 0.2500000000000002220 ) ;
#3333 = DIRECTION ( 'NONE',  ( -1.110223024625156540E-16, -3.061276722312012491E-16, 1.000000000000000000 ) ) ;
#3334 = AXIS2_PLACEMENT_3D ( 'NONE', #1657, #7013, #1721 ) ;
#3335 = CYLINDRICAL_SURFACE ( 'NONE', #1141, 0.2500000000000002220 ) ;
#3336 = AXIS2_PLACEMENT_3D ( 'NONE', #4524, #10919, #2062 ) ;
#3337 = EDGE_CURVE ( 'NONE', #10010, #203, #2924, .T. ) ;
#3338 = EDGE_CURVE ( 'NONE', #2805, #151, #9424, .T. ) ;
#3339 = EDGE_CURVE ( 'NONE', #1043, #7899, #3809, .T. ) ;
#3340 = EDGE_CURVE ( 'NONE', #5141, #11145, #5907, .T. ) ;
#3341 = ORIENTED_EDGE ( 'NONE', *, *, #4754, .T. ) ;
#3342 = DIRECTION ( 'NONE',  ( -1.110223024625156540E-16, -3.061276722312012491E-16, 1.000000000000000000 ) ) ;
#3343 = CIRCLE ( 'NONE', #7426, 17.00000000000000000 ) ;
#3344 = ORIENTED_EDGE ( 'NONE', *, *, #8861, .F. ) ;
#3345 = ORIENTED_EDGE ( 'NONE', *, *, #5033, .F. ) ;
#3346 = DIRECTION ( 'NONE',  ( -1.110223024625156540E-16, -5.782411586589354681E-16, 1.000000000000000000 ) ) ;
#3347 = LINE ( 'NONE', #3506, #4765 ) ;
#3348 = AXIS2_PLACEMENT_3D ( 'NONE', #7941, #878, #7715 ) ;
#3349 = ORIENTED_EDGE ( 'NONE', *, *, #694, .F. ) ;
#3350 = VECTOR ( 'NONE', #87, 1000.000000000000000 ) ;
#3351 = CYLINDRICAL_SURFACE ( 'NONE', #4271, 17.00000000000000355 ) ;
#3352 = CARTESIAN_POINT ( 'NONE',  ( -10.50300857072159211, -3.904999999999936300, -13.36737861225410740 ) ) ;
#3353 = ORIENTED_EDGE ( 'NONE', *, *, #9586, .F. ) ;
#3354 = DIRECTION ( 'NONE',  ( 5.432019725910758471E-32, -1.000000000000000000, -3.111048790438772381E-16 ) ) ;
#3355 = AXIS2_PLACEMENT_3D ( 'NONE', #4219, #8596, #10380 ) ;
#3356 = AXIS2_PLACEMENT_3D ( 'NONE', #4070, #4011, #9372 ) ;
#3357 = ADVANCED_FACE ( 'NONE', ( #10201 ), #11158, .T. ) ;
#3358 = AXIS2_PLACEMENT_3D ( 'NONE', #9458, #8704, #8530 ) ;
#3359 = LINE ( 'NONE', #2533, #9874 ) ;
#3360 = ORIENTED_EDGE ( 'NONE', *, *, #6102, .T. ) ;
#3361 = ORIENTED_EDGE ( 'NONE', *, *, #2950, .T. ) ;
#3362 = VERTEX_POINT ( 'NONE', #543 ) ;
#3363 = DIRECTION ( 'NONE',  ( 2.823503026745565068E-31, -1.000000000000000000, -3.111048790438776325E-16 ) ) ;
#3364 = DIRECTION ( 'NONE',  ( 1.837426895219299873E-31, -1.000000000000000000, -3.111048790438776325E-16 ) ) ;
#3365 = CARTESIAN_POINT ( 'NONE',  ( 9.048200446567237876, -3.904999999999936300, -14.39201405914892362 ) ) ;
#3366 = PRODUCT_DEFINITION ( 'UNKNOWN', '', #4023, #7843 ) ;
#3367 = CARTESIAN_POINT ( 'NONE',  ( 16.87891264663054258, 94.12768161796614663, -2.025415480195289053 ) ) ;
#3368 = DIRECTION ( 'NONE',  ( -3.583126979299020263E-32, 1.000000000000000000, 3.111048790438776325E-16 ) ) ;
#3369 = AXIS2_PLACEMENT_3D ( 'NONE', #1223, #8338, #352 ) ;
#3370 = CYLINDRICAL_SURFACE ( 'NONE', #5614, 17.00000000000000355 ) ;
#3371 = CONICAL_SURFACE ( 'NONE', #9114, 13.55114218134571757, 0.7853981633974482790 ) ;
#3372 = CIRCLE ( 'NONE', #4673, 0.2500000000000002220 ) ;
#3373 = DIRECTION ( 'NONE',  ( 0.000000000000000000, 0.000000000000000000, -1.000000000000000000 ) ) ;
#3374 = CYLINDRICAL_SURFACE ( 'NONE', #9308, 17.00000000000000355 ) ;
#3375 = VERTEX_POINT ( 'NONE', #8059 ) ;
#3376 = CIRCLE ( 'NONE', #4300, 17.00000000000000000 ) ;
#3377 = ORIENTED_EDGE ( 'NONE', *, *, #5993, .T. ) ;
#3378 = FACE_OUTER_BOUND ( 'NONE', #10246, .T. ) ;
#3379 = DIRECTION ( 'NONE',  ( -1.110223024625156540E-16, -3.061276722312011998E-16, 1.000000000000000000 ) ) ;
#3380 = DIRECTION ( 'NONE',  ( -3.583126979299020263E-32, 1.000000000000000000, 3.111048790438776325E-16 ) ) ;
#3381 = CARTESIAN_POINT ( 'NONE',  ( 16.96178273941306358, 94.12768161796614663, 1.139265684969324788 ) ) ;
#3382 = EDGE_CURVE ( 'NONE', #4220, #7993, #8323, .T. ) ;
#3383 = CARTESIAN_POINT ( 'NONE',  ( -7.494258344863109933, 1.095000000000068141, -15.25896758828884003 ) ) ;
#3384 = CIRCLE ( 'NONE', #10396, 17.00000000000000355 ) ;
#3385 = AXIS2_PLACEMENT_3D ( 'NONE', #4183, #11186, #11300 ) ;
#3386 = AXIS2_PLACEMENT_3D ( 'NONE', #7579, #2158, #10254 ) ;
#3387 = FACE_OUTER_BOUND ( 'NONE', #6891, .T. ) ;
#3388 = LINE ( 'NONE', #6184, #1474 ) ;
#3389 = ORIENTED_EDGE ( 'NONE', *, *, #4189, .F. ) ;
#3390 = DIRECTION ( 'NONE',  ( -1.120801499359495711E-31, -1.000000000000000000, -3.111048790438776325E-16 ) ) ;
#3391 = AXIS2_PLACEMENT_3D ( 'NONE', #6900, #3512, #2530 ) ;
#3392 = ORIENTED_EDGE ( 'NONE', *, *, #8255, .T. ) ;
#3393 = AXIS2_PLACEMENT_3D ( 'NONE', #6579, #5837, #4776 ) ;
#3394 = CARTESIAN_POINT ( 'NONE',  ( -12.79937408746696370, 94.12768161796608979, -11.18820910463680995 ) ) ;
#3395 = ORIENTED_EDGE ( 'NONE', *, *, #3671, .F. ) ;
#3396 = CARTESIAN_POINT ( 'NONE',  ( -1.540743955509788682E-30, 1.095000000000012630, 0.000000000000000000 ) ) ;
#3397 = EDGE_CURVE ( 'NONE', #1352, #2880, #3847, .T. ) ;
#3398 = AXIS2_PLACEMENT_3D ( 'NONE', #1115, #9921, #7409 ) ;
#3399 = DIRECTION ( 'NONE',  ( -1.110223024625156540E-16, -3.069126149805117475E-16, 1.000000000000000000 ) ) ;
#3400 = AXIS2_PLACEMENT_3D ( 'NONE', #687, #8848, #8802 ) ;
#3401 = EDGE_CURVE ( 'NONE', #1352, #4285, #10775, .T. ) ;
#3402 = EDGE_LOOP ( 'NONE', ( #5219, #6414, #2337, #872 ) ) ;
#3403 = DIRECTION ( 'NONE',  ( 3.583126979299020263E-32, -1.000000000000000000, -3.111048790438776325E-16 ) ) ;
#3404 = ORIENTED_EDGE ( 'NONE', *, *, #5539, .T. ) ;
#3405 = DIRECTION ( 'NONE',  ( -1.353021510443458916E-17, 0.9925461516413218721, 0.1218693434051485308 ) ) ;
#3406 = VERTEX_POINT ( 'NONE', #7121 ) ;
#3407 = VECTOR ( 'NONE', #6103, 1000.000000000000000 ) ;
#3408 = FACE_OUTER_BOUND ( 'NONE', #10660, .T. ) ;
#3409 = ADVANCED_FACE ( 'NONE', ( #78 ), #3498, .T. ) ;
#3410 = CARTESIAN_POINT ( 'NONE',  ( -16.57473462945925036, 94.12768161796614663, -3.778646842853089716 ) ) ;
#3411 = ORIENTED_EDGE ( 'NONE', *, *, #8633, .T. ) ;
#3412 = CARTESIAN_POINT ( 'NONE',  ( -12.46481782867086530, 1.095000000000040385, 11.55977147257025095 ) ) ;
#3413 = EDGE_CURVE ( 'NONE', #192, #10571, #2690, .T. ) ;
#3414 = EDGE_CURVE ( 'NONE', #2074, #4613, #2418, .T. ) ;
#3415 = DIRECTION ( 'NONE',  ( -3.583126979299020263E-32, 1.000000000000000000, 3.111048790438776325E-16 ) ) ;
#3416 = DIRECTION ( 'NONE',  ( -3.583126979299020263E-32, 1.000000000000000000, 3.111048790438776325E-16 ) ) ;
#3417 = ORIENTED_EDGE ( 'NONE', *, *, #8042, .T. ) ;
#3418 = ORIENTED_EDGE ( 'NONE', *, *, #2517, .T. ) ;
#3419 = VERTEX_POINT ( 'NONE', #7719 ) ;
#3421 = EDGE_CURVE ( 'NONE', #9449, #5841, #7933, .T. ) ;
#3420 = DIRECTION ( 'NONE',  ( 3.583126979299020263E-32, -1.000000000000000000, -3.111048790438776325E-16 ) ) ;
#3422 = CARTESIAN_POINT ( 'NONE',  ( -1.540743955509788682E-30, -10.60500000000000398, 0.000000000000000000 ) ) ;
#3423 = DIRECTION ( 'NONE',  ( -3.583126979299020263E-32, 1.000000000000000000, 3.111048790438776325E-16 ) ) ;
#3424 = DIRECTION ( 'NONE',  ( 0.000000000000000000, 0.000000000000000000, -1.000000000000000000 ) ) ;
#3425 = ADVANCED_FACE ( 'NONE', ( #7051 ), #869, .F. ) ;
#3426 = CARTESIAN_POINT ( 'NONE',  ( -15.87086725045239177, 1.095000000000012630, 6.092255142270179391 ) ) ;
#3427 = CARTESIAN_POINT ( 'NONE',  ( 13.21148134476858438, 1.095000000000040385, 10.44844664784712940 ) ) ;
#3428 = LINE ( 'NONE', #1494, #2280 ) ;
#3429 = ORIENTED_EDGE ( 'NONE', *, *, #5093, .T. ) ;
#3430 = DIRECTION ( 'NONE',  ( -3.583126979299020263E-32, 1.000000000000000000, 3.111048790438776325E-16 ) ) ;
#3431 = ORIENTED_EDGE ( 'NONE', *, *, #5740, .T. ) ;
#3432 = EDGE_LOOP ( 'NONE', ( #3411, #10059, #10890, #5357 ) ) ;
#3433 = LINE ( 'NONE', #1667, #374 ) ;
#3434 = DIRECTION ( 'NONE',  ( 0.000000000000000000, 0.000000000000000000, 1.000000000000000000 ) ) ;
#3435 = CARTESIAN_POINT ( 'NONE',  ( 16.90687222126064526, 1.095000000000040385, 1.526983875549940750 ) ) ;
#3436 = CARTESIAN_POINT ( 'NONE',  ( -8.715581380431380865, 1.095000000000012630, 14.59584328502733896 ) ) ;
#3437 = CYLINDRICAL_SURFACE ( 'NONE', #6465, 4.500000000000003553 ) ;
#3438 = EDGE_CURVE ( 'NONE', #7123, #1123, #2348, .T. ) ;
#3439 = CYLINDRICAL_SURFACE ( 'NONE', #8420, 0.2500000000000002220 ) ;
#3440 = EDGE_CURVE ( 'NONE', #6026, #7242, #4818, .T. ) ;
#3441 = CARTESIAN_POINT ( 'NONE',  ( 3.164015295687490451E-15, -23.15500000000000469, -13.55114218134571757 ) ) ;
#3442 = ORIENTED_EDGE ( 'NONE', *, *, #2541, .T. ) ;
#3443 = DIRECTION ( 'NONE',  ( 0.000000000000000000, 0.000000000000000000, -1.000000000000000000 ) ) ;
#3444 = VERTEX_POINT ( 'NONE', #6840 ) ;
#3445 = DIRECTION ( 'NONE',  ( 8.513507636930345689E-32, -1.000000000000000000, -3.111048790438776325E-16 ) ) ;
#3446 = VERTEX_POINT ( 'NONE', #1751 ) ;
#3447 = DIRECTION ( 'NONE',  ( 0.000000000000000000, 0.000000000000000000, -1.000000000000000000 ) ) ;
#3448 = DIRECTION ( 'NONE',  ( -3.583126979299020263E-32, 1.000000000000000000, 3.111048790438776325E-16 ) ) ;
#3449 = VECTOR ( 'NONE', #11470, 1000.000000000000000 ) ;
#3450 = EDGE_LOOP ( 'NONE', ( #1221, #5330, #1528, #6312 ) ) ;
#3451 = DIRECTION ( 'NONE',  ( -3.583126979299020263E-32, 1.000000000000000000, 3.111048790438776325E-16 ) ) ;
#3452 = EDGE_CURVE ( 'NONE', #7030, #6273, #9658, .T. ) ;
#3453 = EDGE_LOOP ( 'NONE', ( #4694, #9935, #1071, #3746 ) ) ;
#3454 = CYLINDRICAL_SURFACE ( 'NONE', #8402, 0.2500000000000002220 ) ;
#3455 = DIRECTION ( 'NONE',  ( -3.583126979299020263E-32, 1.000000000000000000, 3.111048790438776325E-16 ) ) ;
#3456 = ORIENTED_EDGE ( 'NONE', *, *, #5435, .T. ) ;
#3457 = DIRECTION ( 'NONE',  ( 1.097869796574599992E-31, -1.000000000000000000, -3.111048790438772381E-16 ) ) ;
#3458 = CARTESIAN_POINT ( 'NONE',  ( -12.46481782867071963, -3.904999999999991811, -11.55977147257040372 ) ) ;
#3459 = CIRCLE ( 'NONE', #6607, 0.2500000000000004441 ) ;
#3460 = DIRECTION ( 'NONE',  ( 0.000000000000000000, 0.000000000000000000, -1.000000000000000000 ) ) ;
#3461 = AXIS2_PLACEMENT_3D ( 'NONE', #8184, #7419, #959 ) ;
#3462 = CARTESIAN_POINT ( 'NONE',  ( 2.659385905684037432, 1.095000000000012630, 16.79070179011731767 ) ) ;
#3463 = EDGE_LOOP ( 'NONE', ( #1496, #6494, #11422, #6958 ) ) ;
#3464 = ORIENTED_EDGE ( 'NONE', *, *, #5713, .T. ) ;
#3465 = EDGE_CURVE ( 'NONE', #5841, #427, #10019, .T. ) ;
#3466 = EDGE_LOOP ( 'NONE', ( #4345, #4821, #1715, #4107 ) ) ;
#3467 = DIRECTION ( 'NONE',  ( -3.583126979299020263E-32, 1.000000000000000000, 3.111048790438776325E-16 ) ) ;
#3468 = LINE ( 'NONE', #7012, #4196 ) ;
#3469 = DIRECTION ( 'NONE',  ( -1.120801499359495711E-31, -1.000000000000000000, -3.111048790438776325E-16 ) ) ;
#3470 = EDGE_CURVE ( 'NONE', #4013, #1024, #4446, .T. ) ;
#3471 = DIRECTION ( 'NONE',  ( 0.000000000000000000, 0.000000000000000000, -1.000000000000000000 ) ) ;
#3472 = AXIS2_PLACEMENT_3D ( 'NONE', #2263, #4948, #10293 ) ;
#3473 = DIRECTION ( 'NONE',  ( 1.097869796574599992E-31, -1.000000000000000000, -3.111048790438772381E-16 ) ) ;
#3474 = EDGE_CURVE ( 'NONE', #589, #414, #10963, .T. ) ;
#3475 = CARTESIAN_POINT ( 'NONE',  ( 6.092255142270220247, 1.095000000000012630, 15.62086725045238467 ) ) ;
#3476 = VERTEX_POINT ( 'NONE', #18 ) ;
#3477 = ORIENTED_EDGE ( 'NONE', *, *, #856, .F. ) ;
#3478 = EDGE_CURVE ( 'NONE', #1839, #9501, #3705, .T. ) ;
#3479 = CARTESIAN_POINT ( 'NONE',  ( -1.540743955509788682E-30, -3.904999999999991811, 6.938893903907228378E-15 ) ) ;
#3480 = LINE ( 'NONE', #10576, #10609 ) ;
#3481 = DIRECTION ( 'NONE',  ( -3.583126979299020263E-32, 1.000000000000000000, 3.111048790438776325E-16 ) ) ;
#3482 = CARTESIAN_POINT ( 'NONE',  ( -1.332267629550190215E-15, 39.99999999999997158, 12.00000000000002132 ) ) ;
#3483 = EDGE_LOOP ( 'NONE', ( #5708, #266, #870, #4212 ) ) ;
#3484 = DIRECTION ( 'NONE',  ( -3.583126979299020263E-32, 1.000000000000000000, 3.111048790438776325E-16 ) ) ;
#3485 = CARTESIAN_POINT ( 'NONE',  ( -0.8897112561300445366, -3.904999999999991811, -16.97670209082776083 ) ) ;
#3486 = CARTESIAN_POINT ( 'NONE',  ( -13.89874408142006601, 94.12768161796608979, -9.789020020369223474 ) ) ;
#3487 = ORIENTED_EDGE ( 'NONE', *, *, #4542, .T. ) ;
#3488 = CARTESIAN_POINT ( 'NONE',  ( -1.540743955509788682E-30, 1.095000000000012630, 0.000000000000000000 ) ) ;
#3489 = AXIS2_PLACEMENT_3D ( 'NONE', #9803, #2058, #2758 ) ;
#3490 = ORIENTED_EDGE ( 'NONE', *, *, #4906, .T. ) ;
#3491 = VECTOR ( 'NONE', #1737, 1000.000000000000000 ) ;
#3492 = EDGE_CURVE ( 'NONE', #7551, #5362, #6308, .T. ) ;
#3493 = DIRECTION ( 'NONE',  ( -1.613839565122628308E-31, -1.000000000000000000, -3.111048790438776325E-16 ) ) ;
#3494 = ORIENTED_EDGE ( 'NONE', *, *, #1009, .F. ) ;
#3495 = DIRECTION ( 'NONE',  ( -2.106877630885760906E-31, -1.000000000000000000, -3.111048790438772381E-16 ) ) ;
#3496 = VECTOR ( 'NONE', #5908, 1000.000000000000000 ) ;
#3497 = CARTESIAN_POINT ( 'NONE',  ( 3.289586263734416427, -3.904999999999991811, 16.67868766460508212 ) ) ;
#3498 = CYLINDRICAL_SURFACE ( 'NONE', #9468, 17.00000000000000355 ) ;
#3499 = AXIS2_PLACEMENT_3D ( 'NONE', #556, #4114, #2246 ) ;
#3500 = ORIENTED_EDGE ( 'NONE', *, *, #3898, .F. ) ;
#3501 = ORIENTED_EDGE ( 'NONE', *, *, #761, .F. ) ;
#3502 = ORIENTED_EDGE ( 'NONE', *, *, #10518, .F. ) ;
#3503 = FACE_OUTER_BOUND ( 'NONE', #1783, .T. ) ;
#3504 = DIRECTION ( 'NONE',  ( 1.837426895219298778E-31, -1.000000000000000000, -3.111048790438772381E-16 ) ) ;
#3505 = ORIENTED_EDGE ( 'NONE', *, *, #212, .F. ) ;
#3506 = CARTESIAN_POINT ( 'NONE',  ( 15.42691205650435116, 94.12768161796608979, 7.142155445023639970 ) ) ;
#3507 = VERTEX_POINT ( 'NONE', #1475 ) ;
#3508 = ADVANCED_FACE ( 'NONE', ( #6294 ), #1416, .T. ) ;
#3509 = DIRECTION ( 'NONE',  ( 0.000000000000000000, 0.000000000000000000, -1.000000000000000000 ) ) ;
#3510 = CARTESIAN_POINT ( 'NONE',  ( -1.540743955509788682E-30, 1.095000000000012630, 0.000000000000000000 ) ) ;
#3511 = AXIS2_PLACEMENT_3D ( 'NONE', #3805, #9047, #9001 ) ;
#3512 = DIRECTION ( 'NONE',  ( -1.146585139244742688E-33, -1.000000000000000000, -3.111048790438776325E-16 ) ) ;
#3513 = EDGE_CURVE ( 'NONE', #1342, #6092, #9081, .T. ) ;
#3514 = DIRECTION ( 'NONE',  ( 0.000000000000000000, 0.000000000000000000, -1.000000000000000000 ) ) ;
#3515 = AXIS2_PLACEMENT_3D ( 'NONE', #2923, #945, #4563 ) ;
#3516 = ORIENTED_EDGE ( 'NONE', *, *, #7145, .F. ) ;
#3517 = VERTEX_POINT ( 'NONE', #1047 ) ;
#3518 = AXIS2_PLACEMENT_3D ( 'NONE', #2343, #3056, #606 ) ;
#3519 = ORIENTED_EDGE ( 'NONE', *, *, #858, .F. ) ;
#3520 = DIRECTION ( 'NONE',  ( -6.277634335963632232E-32, -1.000000000000000000, -3.111048790438776325E-16 ) ) ;
#3521 = CARTESIAN_POINT ( 'NONE',  ( -9.992349288971961840, 94.12768161796620348, 13.50328890437419638 ) ) ;
#3522 = DIRECTION ( 'NONE',  ( -3.583126979299020263E-32, 1.000000000000000000, 3.111048790438776325E-16 ) ) ;
#3523 = DIRECTION ( 'NONE',  ( 0.000000000000000000, 0.000000000000000000, 1.000000000000000000 ) ) ;
#3524 = AXIS2_PLACEMENT_3D ( 'NONE', #4779, #3672, #2916 ) ;
#3525 = EDGE_LOOP ( 'NONE', ( #2869, #9213, #819, #9386 ) ) ;
#3526 = CARTESIAN_POINT ( 'NONE',  ( 0.8897112561298141653, -3.904999999999991811, -16.97670209082776793 ) ) ;
#3527 = EDGE_CURVE ( 'NONE', #4264, #7484, #7237, .T. ) ;
#3528 = CARTESIAN_POINT ( 'NONE',  ( 16.57473462945924325, 1.095000000000012630, -3.778646842853151888 ) ) ;
#3529 = VECTOR ( 'NONE', #5203, 1000.000000000000000 ) ;
#3530 = CARTESIAN_POINT ( 'NONE',  ( -1.540743955509788682E-30, -3.904999999999991811, 6.938893903907228378E-15 ) ) ;
#3531 = ORIENTED_EDGE ( 'NONE', *, *, #10763, .T. ) ;
#3532 = ORIENTED_EDGE ( 'NONE', *, *, #6488, .T. ) ;
#3533 = VERTEX_POINT ( 'NONE', #6461 ) ;
#3534 = ADVANCED_FACE ( 'NONE', ( #9957 ), #10779, .F. ) ;
#3535 = DIRECTION ( 'NONE',  ( -1.110223024625156540E-16, -3.061276722312011998E-16, 1.000000000000000000 ) ) ;
#3536 = CARTESIAN_POINT ( 'NONE',  ( -0.6399644156866860500, 94.12768161796614663, 16.98795001012940631 ) ) ;
#3537 = DIRECTION ( 'NONE',  ( -1.110223024625156540E-16, -3.061276722312012491E-16, 1.000000000000000000 ) ) ;
#3538 = DIRECTION ( 'NONE',  ( 3.583126979299020263E-32, -1.000000000000000000, -3.111048790438776325E-16 ) ) ;
#3539 = AXIS2_PLACEMENT_3D ( 'NONE', #10965, #5846, #5895 ) ;
#3540 = CIRCLE ( 'NONE', #2223, 17.00000000000000355 ) ;
#3541 = VERTEX_POINT ( 'NONE', #3897 ) ;
#3542 = DIRECTION ( 'NONE',  ( 1.110223024625156540E-16, 3.111048790438772381E-16, -1.000000000000000000 ) ) ;
#3543 = EDGE_CURVE ( 'NONE', #8807, #3090, #912, .T. ) ;
#3544 = CIRCLE ( 'NONE', #4095, 0.2500000000000002220 ) ;
#3545 = CIRCLE ( 'NONE', #17, 0.2500000000000002220 ) ;
#3546 = AXIS2_PLACEMENT_3D ( 'NONE', #4426, #7286, #5491 ) ;
#3547 = CARTESIAN_POINT ( 'NONE',  ( 2.659385905683703921, 1.095000000000068141, -16.79070179011736386 ) ) ;
#3548 = AXIS2_PLACEMENT_3D ( 'NONE', #7383, #9193, #6058 ) ;
#3549 = FACE_OUTER_BOUND ( 'NONE', #5615, .T. ) ;
#3550 = ORIENTED_EDGE ( 'NONE', *, *, #11197, .T. ) ;
#3551 = LINE ( 'NONE', #6235, #6324 ) ;
#3552 = ORIENTED_EDGE ( 'NONE', *, *, #5591, .F. ) ;
#3554 = CIRCLE ( 'NONE', #8940, 0.2500000000000002220 ) ;
#3553 = CARTESIAN_POINT ( 'NONE',  ( -16.62850921247469316, 94.12768161796614663, -3.534498743901826057 ) ) ;
#3555 = VERTEX_POINT ( 'NONE', #345 ) ;
#3556 = CARTESIAN_POINT ( 'NONE',  ( 8.715581380431585146, 94.12768161796620348, 14.59584328502724837 ) ) ;
#3557 = AXIS2_PLACEMENT_3D ( 'NONE', #816, #10489, #7930 ) ;
#3558 = AXIS2_PLACEMENT_3D ( 'NONE', #2197, #8218, #4825 ) ;
#3559 = CARTESIAN_POINT ( 'NONE',  ( 6.914522932288711843, 1.095000000000012630, 15.28027277992415733 ) ) ;
#3560 = EDGE_CURVE ( 'NONE', #3362, #7793, #7804, .T. ) ;
#3561 = VERTEX_POINT ( 'NONE', #8229 ) ;
#3562 = AXIS2_PLACEMENT_3D ( 'NONE', #9535, #4170, #7725 ) ;
#3563 = CARTESIAN_POINT ( 'NONE',  ( 16.57473462945927523, 94.12768161796614663, 3.778646842853040866 ) ) ;
#3564 = VECTOR ( 'NONE', #7739, 1000.000000000000000 ) ;
#3565 = DIRECTION ( 'NONE',  ( 3.583126979299020263E-32, -1.000000000000000000, -3.111048790438776325E-16 ) ) ;
#3566 = AXIS2_PLACEMENT_3D ( 'NONE', #7130, #1763, #881 ) ;
#3567 = AXIS2_PLACEMENT_3D ( 'NONE', #4326, #6883, #6243 ) ;
#3568 = VERTEX_POINT ( 'NONE', #2803 ) ;
#3569 = EDGE_LOOP ( 'NONE', ( #4364, #2674, #4913, #10862 ) ) ;
#3570 = ORIENTED_EDGE ( 'NONE', *, *, #1343, .F. ) ;
#3571 = DIRECTION ( 'NONE',  ( -1.110223024625156540E-16, -2.891205793294677833E-16, 1.000000000000000000 ) ) ;
#3572 = VERTEX_POINT ( 'NONE', #10006 ) ;
#3573 = CARTESIAN_POINT ( 'NONE',  ( -1.540743955509788682E-30, 28.40499999999998693, 1.387778780781445676E-14 ) ) ;
#3574 = VERTEX_POINT ( 'NONE', #9843 ) ;
#3575 = EDGE_CURVE ( 'NONE', #10131, #2810, #10200, .T. ) ;
#3576 = DIRECTION ( 'NONE',  ( 2.330464960982431813E-31, -1.000000000000000000, -3.111048790438772381E-16 ) ) ;
#3577 = DIRECTION ( 'NONE',  ( 3.583126979299020263E-32, -1.000000000000000000, -3.111048790438776325E-16 ) ) ;
#3578 = AXIS2_PLACEMENT_3D ( 'NONE', #1937, #262, #2044 ) ;
#3579 = FACE_OUTER_BOUND ( 'NONE', #3840, .T. ) ;
#3580 = VECTOR ( 'NONE', #7342, 1000.000000000000000 ) ;
#3581 = EDGE_CURVE ( 'NONE', #1769, #3171, #9201, .T. ) ;
#3582 = DIRECTION ( 'NONE',  ( -1.110223024625156540E-16, -5.782411586589353694E-16, 1.000000000000000000 ) ) ;
#3583 = AXIS2_PLACEMENT_3D ( 'NONE', #1744, #7106, #4 ) ;
#3584 = ORIENTED_EDGE ( 'NONE', *, *, #9518, .T. ) ;
#3585 = ORIENTED_EDGE ( 'NONE', *, *, #6966, .F. ) ;
#3586 = AXIS2_PLACEMENT_3D ( 'NONE', #6747, #11004, #3948 ) ;
#3587 = ORIENTED_EDGE ( 'NONE', *, *, #6088, .T. ) ;
#3588 = CYLINDRICAL_SURFACE ( 'NONE', #10551, 0.2500000000000002220 ) ;
#3589 = DIRECTION ( 'NONE',  ( -3.583126979299020263E-32, 1.000000000000000000, 3.111048790438776325E-16 ) ) ;
#3590 = CARTESIAN_POINT ( 'NONE',  ( 15.87086725045246816, 94.12768161796614663, 5.842255142269991985 ) ) ;
#3591 = LINE ( 'NONE', #7139, #4310 ) ;
#3592 = CARTESIAN_POINT ( 'NONE',  ( -16.42073904691413233, 94.12768161796614663, 4.149923766742960929 ) ) ;
#3593 = DIRECTION ( 'NONE',  ( -3.583126979299020263E-32, 1.000000000000000000, 3.111048790438776325E-16 ) ) ;
#3594 = VERTEX_POINT ( 'NONE', #254 ) ;
#3595 = ORIENTED_EDGE ( 'NONE', *, *, #8454, .F. ) ;
#3596 = ORIENTED_EDGE ( 'NONE', *, *, #5528, .T. ) ;
#3597 = ORIENTED_EDGE ( 'NONE', *, *, #5310, .T. ) ;
#3598 = DIRECTION ( 'NONE',  ( 1.837426895219299873E-31, -1.000000000000000000, -3.111048790438776325E-16 ) ) ;
#3599 = CARTESIAN_POINT ( 'NONE',  ( -0.8897112561300445366, 1.095000000000012630, -16.97670209082775017 ) ) ;
#3600 = DIRECTION ( 'NONE',  ( -3.583126979299020263E-32, 1.000000000000000000, 3.111048790438776325E-16 ) ) ;
#3601 = DIRECTION ( 'NONE',  ( -3.583126979299020263E-32, 1.000000000000000000, 3.111048790438776325E-16 ) ) ;
#3602 = EDGE_CURVE ( 'NONE', #3116, #3800, #1461, .T. ) ;
#3603 = ORIENTED_EDGE ( 'NONE', *, *, #975, .T. ) ;
#3604 = CARTESIAN_POINT ( 'NONE',  ( -1.776356839400252831E-15, -10.60500000000000931, 16.00000000000000711 ) ) ;
#3605 = DIRECTION ( 'NONE',  ( 1.590907862337733465E-31, -1.000000000000000000, -3.111048790438776325E-16 ) ) ;
#3606 = DIRECTION ( 'NONE',  ( 0.000000000000000000, 0.000000000000000000, -1.000000000000000000 ) ) ;
#3607 = EDGE_CURVE ( 'NONE', #4108, #3801, #10013, .T. ) ;
#3608 = ORIENTED_EDGE ( 'NONE', *, *, #11392, .T. ) ;
#3609 = ORIENTED_EDGE ( 'NONE', *, *, #197, .F. ) ;
#3610 = CARTESIAN_POINT ( 'NONE',  ( -1.776983875550109060, -3.904999999999991811, -16.90687222126064881 ) ) ;
#3611 = ORIENTED_EDGE ( 'NONE', *, *, #4624, .F. ) ;
#3612 = CARTESIAN_POINT ( 'NONE',  ( 12.79937408746681093, 94.12768161796608979, -11.18820910463699114 ) ) ;
#3613 = DIRECTION ( 'NONE',  ( 3.583126979299020263E-32, -1.000000000000000000, -3.111048790438776325E-16 ) ) ;
#3614 = CARTESIAN_POINT ( 'NONE',  ( -11.37522030810051632, -3.904999999999963833, 12.63346203311575877 ) ) ;
#3615 = EDGE_CURVE ( 'NONE', #6056, #1445, #8177, .T. ) ;
#3616 = CARTESIAN_POINT ( 'NONE',  ( -1.540743955509788682E-30, -3.904999999999991811, 6.938893903907228378E-15 ) ) ;
#3617 = ADVANCED_FACE ( 'NONE', ( #185 ), #5441, .T. ) ;
#3618 = DIRECTION ( 'NONE',  ( -3.583126979299020263E-32, 1.000000000000000000, 3.111048790438776325E-16 ) ) ;
#3619 = EDGE_CURVE ( 'NONE', #3687, #7056, #7223, .T. ) ;
#3620 = EDGE_CURVE ( 'NONE', #3574, #8401, #3343, .T. ) ;
#3621 = VERTEX_POINT ( 'NONE', #10955 ) ;
#3622 = ORIENTED_EDGE ( 'NONE', *, *, #4218, .T. ) ;
#3623 = VERTEX_POINT ( 'NONE', #8987 ) ;
#3624 = DIRECTION ( 'NONE',  ( -1.613839565122628308E-31, -1.000000000000000000, -3.111048790438776325E-16 ) ) ;
#3625 = ORIENTED_EDGE ( 'NONE', *, *, #2392, .T. ) ;
#3626 = ORIENTED_EDGE ( 'NONE', *, *, #3737, .T. ) ;
#3627 = ORIENTED_EDGE ( 'NONE', *, *, #1227, .F. ) ;
#3628 = CARTESIAN_POINT ( 'NONE',  ( -1.540743955509788682E-30, 1.095000000000012630, 0.000000000000000000 ) ) ;
#3629 = CYLINDRICAL_SURFACE ( 'NONE', #1281, 17.00000000000000355 ) ;
#3630 = DIRECTION ( 'NONE',  ( 3.583126979299020263E-32, -1.000000000000000000, -3.111048790438776325E-16 ) ) ;
#3631 = AXIS2_PLACEMENT_3D ( 'NONE', #8537, #1424, #2243 ) ;
#3632 = CARTESIAN_POINT ( 'NONE',  ( 3.778646842852957821, 1.095000000000068141, -16.57473462945928944 ) ) ;
#3633 = EDGE_CURVE ( 'NONE', #4024, #1998, #3728, .T. ) ;
#3634 = ORIENTED_EDGE ( 'NONE', *, *, #3575, .F. ) ;
#3635 = ORIENTED_EDGE ( 'NONE', *, *, #2183, .T. ) ;
#3636 = ORIENTED_EDGE ( 'NONE', *, *, #9564, .T. ) ;
#3637 = AXIS2_PLACEMENT_3D ( 'NONE', #4111, #4172, #8483 ) ;
#3638 = DIRECTION ( 'NONE',  ( -1.120801499359495711E-31, -1.000000000000000000, -3.111048790438776325E-16 ) ) ;
#3639 = CARTESIAN_POINT ( 'NONE',  ( -1.540743955509788682E-30, -3.904999999999991811, 6.938893903907228378E-15 ) ) ;
#3640 = CYLINDRICAL_SURFACE ( 'NONE', #2953, 17.00000000000000355 ) ;
#3641 = CARTESIAN_POINT ( 'NONE',  ( -6.661338147750961922E-16, 28.30499999999999261, 6.000000000000013323 ) ) ;
#3642 = ADVANCED_FACE ( 'NONE', ( #7291 ), #10069, .T. ) ;
#3643 = CARTESIAN_POINT ( 'NONE',  ( -16.79070179011731767, -3.904999999999963833, 2.659385905683993467 ) ) ;
#3644 = ADVANCED_FACE ( 'NONE', ( #456 ), #8501, .F. ) ;
#3645 = CARTESIAN_POINT ( 'NONE',  ( -1.540743955509788682E-30, -3.904999999999991811, 6.938893903907228378E-15 ) ) ;
#3646 = CARTESIAN_POINT ( 'NONE',  ( -1.540743955509788682E-30, 39.99999999999997868, 1.387778780781445676E-14 ) ) ;
#3647 = ORIENTED_EDGE ( 'NONE', *, *, #4473, .F. ) ;
#3648 = ORIENTED_EDGE ( 'NONE', *, *, #3413, .T. ) ;
#3649 = ORIENTED_EDGE ( 'NONE', *, *, #3041, .F. ) ;
#3650 = ORIENTED_EDGE ( 'NONE', *, *, #4541, .T. ) ;
#3651 = DIRECTION ( 'NONE',  ( 0.000000000000000000, 0.000000000000000000, 1.000000000000000000 ) ) ;
#3652 = DIRECTION ( 'NONE',  ( -3.583126979299020263E-32, 1.000000000000000000, 3.111048790438776325E-16 ) ) ;
#3653 = DIRECTION ( 'NONE',  ( -1.120801499359495711E-31, -1.000000000000000000, -3.111048790438776325E-16 ) ) ;
#3654 = DIRECTION ( 'NONE',  ( 2.330464960982431813E-31, -1.000000000000000000, -3.111048790438772381E-16 ) ) ;
#3655 = EDGE_LOOP ( 'NONE', ( #6820, #309, #9118, #10825 ) ) ;
#3656 = DIRECTION ( 'NONE',  ( 0.000000000000000000, 0.000000000000000000, 1.000000000000000000 ) ) ;
#3657 = VECTOR ( 'NONE', #2095, 1000.000000000000000 ) ;
#3658 = EDGE_CURVE ( 'NONE', #9034, #9202, #8913, .T. ) ;
#3659 = DIRECTION ( 'NONE',  ( -1.110223024625156540E-16, -3.061276722312012491E-16, 1.000000000000000000 ) ) ;
#3660 = CARTESIAN_POINT ( 'NONE',  ( -1.540743955509788682E-30, -3.904999999999991811, 6.938893903907228378E-15 ) ) ;
#3661 = ORIENTED_EDGE ( 'NONE', *, *, #2493, .T. ) ;
#3662 = CARTESIAN_POINT ( 'NONE',  ( 15.14711091120231323, 1.095000000000012630, 7.467838495572149959 ) ) ;
#3663 = DIRECTION ( 'NONE',  ( 3.583126979299020263E-32, -1.000000000000000000, -3.111048790438776325E-16 ) ) ;
#3664 = ORIENTED_EDGE ( 'NONE', *, *, #2413, .T. ) ;
#3665 = LINE ( 'NONE', #3612, #4245 ) ;
#3666 = DIRECTION ( 'NONE',  ( -1.110223024625156540E-16, -3.061276722312011998E-16, 1.000000000000000000 ) ) ;
#3667 = DIRECTION ( 'NONE',  ( -8.742824664779303976E-32, -1.000000000000000000, -3.111048790438772381E-16 ) ) ;
#3668 = PRODUCT_DEFINITION_SHAPE ( 'NONE', 'NONE',  #3366 ) ;
#3669 = AXIS2_PLACEMENT_3D ( 'NONE', #10099, #11052, #10987 ) ;
#3670 = DIRECTION ( 'NONE',  ( -3.583126979299020263E-32, 1.000000000000000000, 3.111048790438776325E-16 ) ) ;
#3671 = EDGE_CURVE ( 'NONE', #8532, #1303, #11157, .T. ) ;
#3672 = DIRECTION ( 'NONE',  ( -1.120801499359495711E-31, -1.000000000000000000, -3.111048790438776325E-16 ) ) ;
#3673 = ORIENTED_EDGE ( 'NONE', *, *, #4540, .T. ) ;
#3674 = ORIENTED_EDGE ( 'NONE', *, *, #1332, .F. ) ;
#3675 = ORIENTED_EDGE ( 'NONE', *, *, #11499, .F. ) ;
#3676 = CARTESIAN_POINT ( 'NONE',  ( 16.42073904691418562, 1.095000000000012630, 4.399923766742690034 ) ) ;
#3677 = ADVANCED_FACE ( 'NONE', ( #11076 ), #5008, .T. ) ;
#3678 = ORIENTED_EDGE ( 'NONE', *, *, #10824, .F. ) ;
#3679 = LINE ( 'NONE', #2813, #557 ) ;
#3680 = DIRECTION ( 'NONE',  ( 0.000000000000000000, 0.000000000000000000, -1.000000000000000000 ) ) ;
#3681 = DIRECTION ( 'NONE',  ( 0.000000000000000000, 0.000000000000000000, -1.000000000000000000 ) ) ;
#3682 = EDGE_CURVE ( 'NONE', #1754, #4208, #11198, .T. ) ;
#3683 = VECTOR ( 'NONE', #8093, 1000.000000000000000 ) ;
#3684 = CARTESIAN_POINT ( 'NONE',  ( -1.528167975084347319, 1.095000000000012630, 16.93117546539302865 ) ) ;
#3685 = ORIENTED_EDGE ( 'NONE', *, *, #8511, .F. ) ;
#3686 = VERTEX_POINT ( 'NONE', #4952 ) ;
#3687 = VERTEX_POINT ( 'NONE', #6580 ) ;
#3688 = DIRECTION ( 'NONE',  ( -1.120801499359495711E-31, -1.000000000000000000, -3.111048790438776325E-16 ) ) ;
#3689 = DIRECTION ( 'NONE',  ( 7.280912472522505984E-32, -1.000000000000000000, -3.111048790438772381E-16 ) ) ;
#3690 = AXIS2_PLACEMENT_3D ( 'NONE', #9172, #10808, #1186 ) ;
#3691 = DIRECTION ( 'NONE',  ( -8.742824664779295218E-32, -1.000000000000000000, -3.111048790438776325E-16 ) ) ;
#3692 = ORIENTED_EDGE ( 'NONE', *, *, #10507, .F. ) ;
#3693 = FACE_OUTER_BOUND ( 'NONE', #5103, .T. ) ;
#3694 = EDGE_CURVE ( 'NONE', #9558, #6700, #2206, .T. ) ;
#3695 = CIRCLE ( 'NONE', #8725, 0.2500000000000002220 ) ;
#3696 = CIRCLE ( 'NONE', #6674, 17.00000000000000355 ) ;
#3697 = DIRECTION ( 'NONE',  ( -3.583126979299020263E-32, 1.000000000000000000, 3.111048790438776325E-16 ) ) ;
#3698 = CARTESIAN_POINT ( 'NONE',  ( -7.717838495572205026, -3.904999999999991811, 14.89711091120230613 ) ) ;
#3699 = EDGE_LOOP ( 'NONE', ( #1391, #11136, #11077, #4955 ) ) ;
#3700 = ORIENTED_EDGE ( 'NONE', *, *, #825, .T. ) ;
#3701 = VERTEX_POINT ( 'NONE', #6631 ) ;
#3702 = DIRECTION ( 'NONE',  ( 1.837426895219299873E-31, -1.000000000000000000, -3.111048790438776325E-16 ) ) ;
#3703 = DIRECTION ( 'NONE',  ( -1.146585139244742688E-33, -1.000000000000000000, -3.111048790438776325E-16 ) ) ;
#3704 = CARTESIAN_POINT ( 'NONE',  ( -1.139265684969344772, 94.12768161796614663, 16.96178273941310266 ) ) ;
#3705 = CIRCLE ( 'NONE', #6136, 17.00000000000000000 ) ;
#3706 = ORIENTED_EDGE ( 'NONE', *, *, #9622, .F. ) ;
#3707 = DIRECTION ( 'NONE',  ( 3.583126979299020263E-32, -1.000000000000000000, -3.111048790438776325E-16 ) ) ;
#3708 = CIRCLE ( 'NONE', #355, 0.2500000000000002220 ) ;
#3709 = AXIS2_PLACEMENT_3D ( 'NONE', #8928, #7129, #10791 ) ;
#3710 = AXIS2_PLACEMENT_3D ( 'NONE', #2296, #9181, #7598 ) ;
#3711 = DIRECTION ( 'NONE',  ( -2.579848842740137204E-32, -1.000000000000000000, -3.111048790438776325E-16 ) ) ;
#3712 = DIRECTION ( 'NONE',  ( 3.583126979299011504E-32, -1.000000000000000000, -3.111048790438772381E-16 ) ) ;
#3713 = EDGE_CURVE ( 'NONE', #9209, #9304, #5585, .T. ) ;
#3714 = EDGE_CURVE ( 'NONE', #9882, #4268, #7055, .T. ) ;
#3715 = AXIS2_PLACEMENT_3D ( 'NONE', #6752, #503, #9364 ) ;
#3716 = VERTEX_POINT ( 'NONE', #7571 ) ;
#3717 = DIRECTION ( 'NONE',  ( -3.583126979299020263E-32, 1.000000000000000000, 3.111048790438776325E-16 ) ) ;
#3718 = CARTESIAN_POINT ( 'NONE',  ( -16.62850921247467184, -3.904999999999963833, 3.534498743901978823 ) ) ;
#3719 = ORIENTED_EDGE ( 'NONE', *, *, #10361, .T. ) ;
#3720 = CARTESIAN_POINT ( 'NONE',  ( -1.859623566247136811E-15, 1.095000000000012630, 16.74999999999999289 ) ) ;
#3721 = CIRCLE ( 'NONE', #9855, 0.2500000000000002220 ) ;
#3722 = AXIS2_PLACEMENT_3D ( 'NONE', #6801, #10335, #10284 ) ;
#3723 = FACE_OUTER_BOUND ( 'NONE', #4323, .T. ) ;
#3724 = CYLINDRICAL_SURFACE ( 'NONE', #8717, 0.2500000000000002220 ) ;
#3725 = AXIS2_PLACEMENT_3D ( 'NONE', #9483, #4060, #8622 ) ;
#3726 = DIRECTION ( 'NONE',  ( -1.110223024625156540E-16, -4.081702296416015997E-16, 1.000000000000000000 ) ) ;
#3727 = AXIS2_PLACEMENT_3D ( 'NONE', #9480, #8549, #5553 ) ;
#3728 = LINE ( 'NONE', #298, #2399 ) ;
#3729 = ORIENTED_EDGE ( 'NONE', *, *, #2735, .T. ) ;
#3730 = ORIENTED_EDGE ( 'NONE', *, *, #3770, .T. ) ;
#3731 = EDGE_LOOP ( 'NONE', ( #9546, #9849, #11163, #2438 ) ) ;
#3732 = AXIS2_PLACEMENT_3D ( 'NONE', #74, #3613, #5437 ) ;
#3733 = ORIENTED_EDGE ( 'NONE', *, *, #8610, .F. ) ;
#3734 = VECTOR ( 'NONE', #1891, 1000.000000000000000 ) ;
#3735 = DIRECTION ( 'NONE',  ( 3.583126979299020263E-32, -1.000000000000000000, -3.111048790438776325E-16 ) ) ;
#3736 = ORIENTED_EDGE ( 'NONE', *, *, #4262, .F. ) ;
#3737 = EDGE_CURVE ( 'NONE', #5373, #3701, #1335, .T. ) ;
#3738 = DIRECTION ( 'NONE',  ( -1.110223024625156540E-16, -5.782411586589350736E-16, 1.000000000000000000 ) ) ;
#3739 = CYLINDRICAL_SURFACE ( 'NONE', #7623, 17.00000000000000355 ) ;
#3740 = DIRECTION ( 'NONE',  ( 1.110223024625156540E-16, 0.000000000000000000, -1.000000000000000000 ) ) ;
#3741 = AXIS2_PLACEMENT_3D ( 'NONE', #3830, #6404, #244 ) ;
#3742 = AXIS2_PLACEMENT_3D ( 'NONE', #9977, #6321, #9050 ) ;
#3743 = CIRCLE ( 'NONE', #2853, 0.2500000000000002220 ) ;
#3744 = AXIS2_PLACEMENT_3D ( 'NONE', #5294, #4362, #58 ) ;
#3745 = CARTESIAN_POINT ( 'NONE',  ( -0.8897112561299327371, 1.095000000000012630, 16.97670209082776438 ) ) ;
#3746 = ORIENTED_EDGE ( 'NONE', *, *, #2557, .T. ) ;
#3747 = ORIENTED_EDGE ( 'NONE', *, *, #5670, .F. ) ;
#3748 = EDGE_CURVE ( 'NONE', #7864, #4463, #2417, .T. ) ;
#3749 = ORIENTED_EDGE ( 'NONE', *, *, #8680, .T. ) ;
#3750 = DIRECTION ( 'NONE',  ( -1.110223024625156540E-16, -4.081702296416015997E-16, 1.000000000000000000 ) ) ;
#3751 = DIRECTION ( 'NONE',  ( 0.000000000000000000, 0.000000000000000000, -1.000000000000000000 ) ) ;
#3752 = AXIS2_PLACEMENT_3D ( 'NONE', #10679, #1590, #5325 ) ;
#3753 = AXIS2_PLACEMENT_3D ( 'NONE', #580, #4138, #4898 ) ;
#3754 = CARTESIAN_POINT ( 'NONE',  ( 13.36737861225392088, 94.12768161796608979, -10.50300857072179106 ) ) ;
#3755 = CARTESIAN_POINT ( 'NONE',  ( -1.540743955509788682E-30, 39.99999999999997868, 1.387778780781445676E-14 ) ) ;
#3756 = VERTEX_POINT ( 'NONE', #637 ) ;
#3757 = DIRECTION ( 'NONE',  ( 0.000000000000000000, 0.000000000000000000, -1.000000000000000000 ) ) ;
#3758 = CIRCLE ( 'NONE', #9899, 17.00000000000000000 ) ;
#3759 = EDGE_CURVE ( 'NONE', #6439, #7242, #7747, .T. ) ;
#3760 = LINE ( 'NONE', #1950, #11005 ) ;
#3761 = AXIS2_PLACEMENT_3D ( 'NONE', #4080, #3970, #4150 ) ;
#3762 = DIRECTION ( 'NONE',  ( -3.583126979299020263E-32, 1.000000000000000000, 3.111048790438776325E-16 ) ) ;
#3763 = CIRCLE ( 'NONE', #6745, 0.2500000000000002220 ) ;
#3764 = DIRECTION ( 'NONE',  ( -2.106877630885760906E-31, -1.000000000000000000, -3.111048790438776325E-16 ) ) ;
#3765 = ORIENTED_EDGE ( 'NONE', *, *, #7919, .F. ) ;
#3766 = VERTEX_POINT ( 'NONE', #11257 ) ;
#3767 = EDGE_CURVE ( 'NONE', #1998, #7261, #7626, .T. ) ;
#3768 = EDGE_LOOP ( 'NONE', ( #2500, #1788, #8955, #159 ) ) ;
#3769 = CARTESIAN_POINT ( 'NONE',  ( -13.36737861225406299, -3.904999999999963833, 10.50300857072165783 ) ) ;
#3770 = EDGE_CURVE ( 'NONE', #270, #4963, #3161, .T. ) ;
#3771 = DIRECTION ( 'NONE',  ( 3.583126979299020263E-32, -1.000000000000000000, -3.111048790438776325E-16 ) ) ;
#3772 = CARTESIAN_POINT ( 'NONE',  ( 16.97670209082774662, -3.904999999999963833, 0.8897112561298825550 ) ) ;
#3773 = ORIENTED_EDGE ( 'NONE', *, *, #7871, .T. ) ;
#3774 = FACE_OUTER_BOUND ( 'NONE', #6680, .T. ) ;
#3775 = CIRCLE ( 'NONE', #9169, 0.2500000000000002220 ) ;
#3776 = CARTESIAN_POINT ( 'NONE',  ( -1.540743955509788682E-30, 1.095000000000012630, 0.000000000000000000 ) ) ;
#3777 = CARTESIAN_POINT ( 'NONE',  ( 6.092255142270220247, 94.12768161796614663, 15.62086725045239888 ) ) ;
#3778 = CARTESIAN_POINT ( 'NONE',  ( -5.490478559968219763, -3.904999999999991811, 16.08896035120136503 ) ) ;
#3779 = CARTESIAN_POINT ( 'NONE',  ( -1.540743955509788682E-30, -3.904999999999991811, 6.938893903907228378E-15 ) ) ;
#3780 = CARTESIAN_POINT ( 'NONE',  ( -11.84274353507908195, -3.904999999999991811, -12.19628736797975854 ) ) ;
#3781 = EDGE_CURVE ( 'NONE', #6200, #9361, #8922, .T. ) ;
#3782 = ORIENTED_EDGE ( 'NONE', *, *, #5375, .F. ) ;
#3783 = DIRECTION ( 'NONE',  ( -3.583126979299020263E-32, 1.000000000000000000, 3.111048790438776325E-16 ) ) ;
#3784 = CARTESIAN_POINT ( 'NONE',  ( -15.53027277992417154, -3.904999999999991811, 6.914522932288676316 ) ) ;
#3785 = CYLINDRICAL_SURFACE ( 'NONE', #2244, 0.2500000000000002220 ) ;
#3786 = DIRECTION ( 'NONE',  ( 3.583126979299020263E-32, -1.000000000000000000, -3.111048790438776325E-16 ) ) ;
#3787 = EDGE_CURVE ( 'NONE', #105, #3766, #9846, .T. ) ;
#3788 = DIRECTION ( 'NONE',  ( 0.000000000000000000, 0.000000000000000000, -1.000000000000000000 ) ) ;
#3789 = DIRECTION ( 'NONE',  ( 0.000000000000000000, 0.000000000000000000, -1.000000000000000000 ) ) ;
#3790 = ORIENTED_EDGE ( 'NONE', *, *, #1764, .F. ) ;
#3791 = ORIENTED_EDGE ( 'NONE', *, *, #2478, .T. ) ;
#3792 = CARTESIAN_POINT ( 'NONE',  ( 15.25896758828875477, 1.095000000000068141, -7.494258344863280463 ) ) ;
#3793 = VERTEX_POINT ( 'NONE', #3145 ) ;
#3794 = ORIENTED_EDGE ( 'NONE', *, *, #7568, .T. ) ;
#3795 = DIRECTION ( 'NONE',  ( 1.837426895219299873E-31, -1.000000000000000000, -3.111048790438776325E-16 ) ) ;
#3796 = DIRECTION ( 'NONE',  ( -1.110223024625156540E-16, -3.061276722312011998E-16, 1.000000000000000000 ) ) ;
#3797 = CARTESIAN_POINT ( 'NONE',  ( -1.859623566247136811E-15, -3.904999999999991811, 16.74999999999999289 ) ) ;
#3798 = EDGE_CURVE ( 'NONE', #5345, #7832, #5213, .T. ) ;
#3799 = CARTESIAN_POINT ( 'NONE',  ( 12.46481782867077825, 1.095000000000012630, -11.55977147257032733 ) ) ;
#3800 = VERTEX_POINT ( 'NONE', #3962 ) ;
#3801 = VERTEX_POINT ( 'NONE', #5946 ) ;
#3802 = ORIENTED_EDGE ( 'NONE', *, *, #5740, .F. ) ;
#3803 = CYLINDRICAL_SURFACE ( 'NONE', #10745, 0.2500000000000002220 ) ;
#3804 = CARTESIAN_POINT ( 'NONE',  ( 16.57473462945919351, 94.12768161796614663, -3.778646842853318422 ) ) ;
#3805 = CARTESIAN_POINT ( 'NONE',  ( -1.540743955509788682E-30, -3.904999999999991811, 6.938893903907228378E-15 ) ) ;
#3806 = CIRCLE ( 'NONE', #4747, 17.00000000000000355 ) ;
#3807 = ORIENTED_EDGE ( 'NONE', *, *, #7681, .T. ) ;
#3808 = CARTESIAN_POINT ( 'NONE',  ( 8.282580384274522700, 94.12768161796620348, 14.84583652671790688 ) ) ;
#3809 = LINE ( 'NONE', #8426, #7765 ) ;
#3810 = EDGE_CURVE ( 'NONE', #349, #9401, #8187, .T. ) ;
#3811 = VECTOR ( 'NONE', #42, 1000.000000000000000 ) ;
#3812 = DIRECTION ( 'NONE',  ( -1.613839565122628308E-31, -1.000000000000000000, -3.111048790438776325E-16 ) ) ;
#3813 = ORIENTED_EDGE ( 'NONE', *, *, #4596, .F. ) ;
#3814 = ORIENTED_EDGE ( 'NONE', *, *, #9068, .F. ) ;
#3815 = ORIENTED_EDGE ( 'NONE', *, *, #4200, .T. ) ;
#3816 = DIRECTION ( 'NONE',  ( 0.000000000000000000, 0.000000000000000000, 1.000000000000000000 ) ) ;
#3817 = DIRECTION ( 'NONE',  ( 0.000000000000000000, 0.000000000000000000, 1.000000000000000000 ) ) ;
#3818 = DIRECTION ( 'NONE',  ( -3.583126979299020263E-32, 1.000000000000000000, 3.111048790438776325E-16 ) ) ;
#3819 = EDGE_CURVE ( 'NONE', #5100, #2074, #11169, .T. ) ;
#3820 = CYLINDRICAL_SURFACE ( 'NONE', #712, 0.2500000000000002220 ) ;
#3821 = AXIS2_PLACEMENT_3D ( 'NONE', #4454, #3589, #7136 ) ;
#3822 = DIRECTION ( 'NONE',  ( -3.583126979299020263E-32, 1.000000000000000000, 3.111048790438776325E-16 ) ) ;
#3823 = EDGE_CURVE ( 'NONE', #9056, #1349, #191, .T. ) ;
#3824 = CARTESIAN_POINT ( 'NONE',  ( -1.540743955509788682E-30, 39.99999999999997868, 1.387778780781445676E-14 ) ) ;
#3825 = EDGE_CURVE ( 'NONE', #1518, #5298, #10651, .T. ) ;
#3826 = CARTESIAN_POINT ( 'NONE',  ( -5.490478559968111405, 94.12768161796614663, 16.08896035120142187 ) ) ;
#3827 = VERTEX_POINT ( 'NONE', #2454 ) ;
#3828 = CIRCLE ( 'NONE', #1777, 17.00000000000000355 ) ;
#3829 = CYLINDRICAL_SURFACE ( 'NONE', #3548, 0.2500000000000002220 ) ;
#3830 = CARTESIAN_POINT ( 'NONE',  ( -15.53027277992417154, 1.095000000000012630, 6.914522932288676316 ) ) ;
#3831 = VERTEX_POINT ( 'NONE', #9772 ) ;
#3832 = DIRECTION ( 'NONE',  ( -3.583126979299020263E-32, 1.000000000000000000, 3.111048790438776325E-16 ) ) ;
#3833 = DIRECTION ( 'NONE',  ( -3.583126979299020263E-32, 1.000000000000000000, 3.111048790438776325E-16 ) ) ;
#3834 = DIRECTION ( 'NONE',  ( 3.583126979299020263E-32, -1.000000000000000000, -3.111048790438776325E-16 ) ) ;
#3835 = CARTESIAN_POINT ( 'NONE',  ( -9.048200446567529198, 1.095000000000068141, -14.39201405914873533 ) ) ;
#3836 = CIRCLE ( 'NONE', #1225, 17.00000000000000355 ) ;
#3837 = DIRECTION ( 'NONE',  ( 3.583126979299020263E-32, -1.000000000000000000, -3.111048790438776325E-16 ) ) ;
#3838 = DIRECTION ( 'NONE',  ( -3.583126979299020263E-32, 1.000000000000000000, 3.111048790438776325E-16 ) ) ;
#3839 = VERTEX_POINT ( 'NONE', #11372 ) ;
#3840 = EDGE_LOOP ( 'NONE', ( #7724, #10604, #8334, #2499 ) ) ;
#3841 = ORIENTED_EDGE ( 'NONE', *, *, #2080, .T. ) ;
#3842 = DIRECTION ( 'NONE',  ( 0.000000000000000000, 0.000000000000000000, -1.000000000000000000 ) ) ;
#3843 = ORIENTED_EDGE ( 'NONE', *, *, #5555, .T. ) ;
#3844 = EDGE_CURVE ( 'NONE', #5920, #3756, #3388, .T. ) ;
#3845 = VERTEX_POINT ( 'NONE', #6065 ) ;
#3846 = FACE_OUTER_BOUND ( 'NONE', #1921, .T. ) ;
#3847 = CIRCLE ( 'NONE', #6281, 0.2500000000000006661 ) ;
#3848 = ORIENTED_EDGE ( 'NONE', *, *, #7164, .F. ) ;
#3849 = CARTESIAN_POINT ( 'NONE',  ( 1.751098120529311112E-16, 22.72931457505075414, 14.35724273152940711 ) ) ;
#3850 = ORIENTED_EDGE ( 'NONE', *, *, #9470, .T. ) ;
#3851 = CARTESIAN_POINT ( 'NONE',  ( 13.36737861225399016, -3.904999999999991811, -10.50300857072173422 ) ) ;
#3852 = EDGE_LOOP ( 'NONE', ( #9509, #2772, #11278, #5139 ) ) ;
#3853 = ORIENTED_EDGE ( 'NONE', *, *, #8736, .T. ) ;
#3854 = ADVANCED_FACE ( 'NONE', ( #7806 ), #5301, .F. ) ;
#3855 = DIRECTION ( 'NONE',  ( -3.583126979299020263E-32, 1.000000000000000000, 3.111048790438776325E-16 ) ) ;
#3856 = CYLINDRICAL_SURFACE ( 'NONE', #6074, 17.00000000000000355 ) ;
#3857 = VECTOR ( 'NONE', #3520, 1000.000000000000000 ) ;
#3858 = CARTESIAN_POINT ( 'NONE',  ( -16.67868766460506436, 94.12768161796614663, 3.289586263734510574 ) ) ;
#3859 = CARTESIAN_POINT ( 'NONE',  ( 12.63346203311578719, 1.095000000000040385, 11.37522030810047369 ) ) ;
#3860 = ORIENTED_EDGE ( 'NONE', *, *, #6251, .T. ) ;
#3861 = EDGE_CURVE ( 'NONE', #3568, #2397, #3321, .T. ) ;
#3862 = FACE_OUTER_BOUND ( 'NONE', #2038, .T. ) ;
#3863 = CIRCLE ( 'NONE', #10370, 0.2500000000000002220 ) ;
#3864 = CARTESIAN_POINT ( 'NONE',  ( -1.540743955509788682E-30, 39.99999999999997868, 1.387778780781445676E-14 ) ) ;
#3865 = CARTESIAN_POINT ( 'NONE',  ( 6.092255142270220247, 1.095000000000012630, 15.87086725045238467 ) ) ;
#3866 = CIRCLE ( 'NONE', #7033, 0.2500000000000002220 ) ;
#3867 = ORIENTED_EDGE ( 'NONE', *, *, #928, .T. ) ;
#3868 = EDGE_LOOP ( 'NONE', ( #299, #1594, #5743, #822 ) ) ;
#3869 = VECTOR ( 'NONE', #8388, 1000.000000000000000 ) ;
#3870 = ORIENTED_EDGE ( 'NONE', *, *, #1559, .F. ) ;
#3871 = DIRECTION ( 'NONE',  ( 0.000000000000000000, 0.000000000000000000, -1.000000000000000000 ) ) ;
#3872 = CARTESIAN_POINT ( 'NONE',  ( 3.778646842852957821, 94.12768161796620348, -16.57473462945926457 ) ) ;
#3873 = CARTESIAN_POINT ( 'NONE',  ( -12.63346203311563265, -3.904999999999963833, 11.37522030810065488 ) ) ;
#3874 = DIRECTION ( 'NONE',  ( -3.583126979299020263E-32, 1.000000000000000000, 3.111048790438776325E-16 ) ) ;
#3875 = AXIS2_PLACEMENT_3D ( 'NONE', #11189, #3259, #3317 ) ;
#3876 = AXIS2_PLACEMENT_3D ( 'NONE', #11047, #1358, #1292 ) ;
#3877 = AXIS2_PLACEMENT_3D ( 'NONE', #127, #12, #10662 ) ;
#3878 = FACE_OUTER_BOUND ( 'NONE', #10327, .T. ) ;
#3879 = EDGE_CURVE ( 'NONE', #10207, #650, #4481, .T. ) ;
#3880 = EDGE_CURVE ( 'NONE', #10260, #1497, #6320, .T. ) ;
#3881 = CARTESIAN_POINT ( 'NONE',  ( 9.467524394550066447, 94.12768161796620348, 14.11970190331934916 ) ) ;
#3882 = ORIENTED_EDGE ( 'NONE', *, *, #2598, .T. ) ;
#3883 = AXIS2_PLACEMENT_3D ( 'NONE', #7621, #11120, #3133 ) ;
#3884 = DIRECTION ( 'NONE',  ( 0.000000000000000000, 0.000000000000000000, -1.000000000000000000 ) ) ;
#3885 = DIRECTION ( 'NONE',  ( 0.000000000000000000, 0.000000000000000000, -1.000000000000000000 ) ) ;
#3886 = AXIS2_PLACEMENT_3D ( 'NONE', #656, #10549, #10500 ) ;
#3887 = FACE_OUTER_BOUND ( 'NONE', #4645, .T. ) ;
#3888 = ORIENTED_EDGE ( 'NONE', *, *, #2321, .T. ) ;
#3889 = AXIS2_PLACEMENT_3D ( 'NONE', #8821, #6207, #9746 ) ;
#3890 = EDGE_CURVE ( 'NONE', #6910, #5362, #2678, .T. ) ;
#3891 = DIRECTION ( 'NONE',  ( 0.000000000000000000, 0.000000000000000000, -1.000000000000000000 ) ) ;
#3892 = DIRECTION ( 'NONE',  ( -1.110223024625156540E-16, -3.061276722312011998E-16, 1.000000000000000000 ) ) ;
#3893 = CIRCLE ( 'NONE', #10781, 17.00000000000000000 ) ;
#3894 = EDGE_CURVE ( 'NONE', #9760, #1036, #860, .T. ) ;
#3895 = DIRECTION ( 'NONE',  ( -1.110223024625156540E-16, -3.061276722312012491E-16, 1.000000000000000000 ) ) ;
#3896 = VECTOR ( 'NONE', #7040, 1000.000000000000000 ) ;
#3897 = CARTESIAN_POINT ( 'NONE',  ( 9.048200446567513211, 1.095000000000068141, -14.39201405914874954 ) ) ;
#3898 = EDGE_CURVE ( 'NONE', #3541, #10721, #2564, .T. ) ;
#3899 = ORIENTED_EDGE ( 'NONE', *, *, #3223, .F. ) ;
#3900 = CIRCLE ( 'NONE', #1482, 17.00000000000000355 ) ;
#3901 = ORIENTED_EDGE ( 'NONE', *, *, #4509, .F. ) ;
#3902 = CARTESIAN_POINT ( 'NONE',  ( 15.14711091120231323, 1.095000000000012630, 7.717838495572150848 ) ) ;
#3903 = EDGE_CURVE ( 'NONE', #9402, #7990, #4418, .T. ) ;
#3904 = VERTEX_POINT ( 'NONE', #8733 ) ;
#3905 = ADVANCED_FACE ( 'NONE', ( #3549 ), #7975, .F. ) ;
#3906 = CIRCLE ( 'NONE', #6507, 17.00000000000000000 ) ;
#3907 = CIRCLE ( 'NONE', #10415, 17.00000000000000000 ) ;
#3908 = CYLINDRICAL_SURFACE ( 'NONE', #1866, 17.00000000000000355 ) ;
#3909 = ORIENTED_EDGE ( 'NONE', *, *, #6258, .T. ) ;
#3910 = DIRECTION ( 'NONE',  ( 4.815722143706842998E-32, -1.000000000000000000, -3.111048790438772381E-16 ) ) ;
#3911 = AXIS2_PLACEMENT_3D ( 'NONE', #1728, #7021, #675 ) ;
#3912 = VECTOR ( 'NONE', #9907, 1000.000000000000000 ) ;
#3913 = AXIS2_PLACEMENT_3D ( 'NONE', #1743, #11376, #4569 ) ;
#3914 = EDGE_LOOP ( 'NONE', ( #1479, #4700, #2630, #550 ) ) ;
#3915 = DIRECTION ( 'NONE',  ( -3.583126979299020263E-32, 1.000000000000000000, 3.111048790438776325E-16 ) ) ;
#3916 = ORIENTED_EDGE ( 'NONE', *, *, #3474, .T. ) ;
#3917 = VERTEX_POINT ( 'NONE', #747 ) ;
#3918 = CIRCLE ( 'NONE', #7460, 17.00000000000000000 ) ;
#3919 = FACE_OUTER_BOUND ( 'NONE', #8772, .T. ) ;
#3920 = DIRECTION ( 'NONE',  ( 8.513507636930336930E-32, -1.000000000000000000, -3.111048790438772381E-16 ) ) ;
#3921 = AXIS2_PLACEMENT_3D ( 'NONE', #9457, #2420, #11338 ) ;
#3922 = DIRECTION ( 'NONE',  ( -1.110223024625156540E-16, -3.061276722312011998E-16, 1.000000000000000000 ) ) ;
#3923 = CARTESIAN_POINT ( 'NONE',  ( 10.19351758238264516, 94.12768161796620348, 13.60485940014289419 ) ) ;
#3924 = AXIS2_PLACEMENT_3D ( 'NONE', #10288, #6624, #2259 ) ;
#3925 = ORIENTED_EDGE ( 'NONE', *, *, #3767, .T. ) ;
#3926 = CIRCLE ( 'NONE', #33, 0.2500000000000002220 ) ;
#3927 = DIRECTION ( 'NONE',  ( 0.000000000000000000, 0.000000000000000000, -1.000000000000000000 ) ) ;
#3928 = VECTOR ( 'NONE', #2865, 1000.000000000000000 ) ;
#3929 = ADVANCED_FACE ( 'NONE', ( #6233 ), #11530, .F. ) ;
#3930 = AXIS2_PLACEMENT_3D ( 'NONE', #7433, #3187, #10994 ) ;
#3931 = DIRECTION ( 'NONE',  ( -1.110223024625156540E-16, -3.061276722312011998E-16, 1.000000000000000000 ) ) ;
#3932 = VECTOR ( 'NONE', #1434, 1000.000000000000000 ) ;
#3933 = CARTESIAN_POINT ( 'NONE',  ( -9.258863595255371948, 94.12768161796620348, 14.00739965507229812 ) ) ;
#3934 = CIRCLE ( 'NONE', #6920, 17.00000000000000355 ) ;
#3935 = ORIENTED_EDGE ( 'NONE', *, *, #1402, .F. ) ;
#3936 = ORIENTED_EDGE ( 'NONE', *, *, #10046, .F. ) ;
#3937 = CIRCLE ( 'NONE', #3011, 17.00000000000000355 ) ;
#3938 = ORIENTED_EDGE ( 'NONE', *, *, #500, .F. ) ;
#3939 = DIRECTION ( 'NONE',  ( -1.110223024625156540E-16, -3.061276722312012491E-16, 1.000000000000000000 ) ) ;
#3940 = CARTESIAN_POINT ( 'NONE',  ( 14.59584328502730877, -3.905000000000019789, 8.715581380431443037 ) ) ;
#3941 = DIRECTION ( 'NONE',  ( -3.583126979299020263E-32, 1.000000000000000000, 3.111048790438776325E-16 ) ) ;
#3942 = CARTESIAN_POINT ( 'NONE',  ( 0.000000000000000000, -26.90500000000001180, -1.387778780781445676E-14 ) ) ;
#3943 = CIRCLE ( 'NONE', #154, 0.2500000000000002220 ) ;
#3944 = EDGE_CURVE ( 'NONE', #2440, #4662, #6691, .T. ) ;
#3945 = AXIS2_PLACEMENT_3D ( 'NONE', #306, #9796, #6374 ) ;
#3946 = FACE_OUTER_BOUND ( 'NONE', #9035, .T. ) ;
#3947 = VECTOR ( 'NONE', #9248, 1000.000000000000000 ) ;
#3948 = DIRECTION ( 'NONE',  ( -1.110223024625156540E-16, -3.061276722312012491E-16, 1.000000000000000000 ) ) ;
#3949 = CARTESIAN_POINT ( 'NONE',  ( -16.97670209082773951, -3.904999999999963833, 0.6397112561301112610 ) ) ;
#3950 = ORIENTED_EDGE ( 'NONE', *, *, #2629, .T. ) ;
#3951 = EDGE_CURVE ( 'NONE', #3406, #4973, #10588, .T. ) ;
#3952 = DIRECTION ( 'NONE',  ( 0.000000000000000000, 0.000000000000000000, -1.000000000000000000 ) ) ;
#3953 = CARTESIAN_POINT ( 'NONE',  ( 0.000000000000000000, -22.40499999999997982, -6.938893903907228378E-15 ) ) ;
#3954 = CYLINDRICAL_SURFACE ( 'NONE', #10243, 0.2500000000000002220 ) ;
#3955 = AXIS2_PLACEMENT_3D ( 'NONE', #5090, #6991, #5197 ) ;
#3956 = ORIENTED_EDGE ( 'NONE', *, *, #4912, .F. ) ;
#3957 = AXIS2_PLACEMENT_3D ( 'NONE', #7155, #8973, #8211 ) ;
#3958 = FACE_OUTER_BOUND ( 'NONE', #5342, .T. ) ;
#3959 = CARTESIAN_POINT ( 'NONE',  ( -7.142155445023548488, 1.095000000000068141, -15.42691205650438491 ) ) ;
#3960 = CARTESIAN_POINT ( 'NONE',  ( 10.69844664784733546, -3.904999999999991811, 13.21148134476841918 ) ) ;
#3961 = DIRECTION ( 'NONE',  ( 3.583126979299020263E-32, -1.000000000000000000, -3.111048790438776325E-16 ) ) ;
#3962 = CARTESIAN_POINT ( 'NONE',  ( 16.48366646006529379, -3.904999999999963833, 4.157973067892367425 ) ) ;
#3963 = ORIENTED_EDGE ( 'NONE', *, *, #11146, .F. ) ;
#3964 = VERTEX_POINT ( 'NONE', #2624 ) ;
#3965 = ORIENTED_EDGE ( 'NONE', *, *, #9870, .F. ) ;
#3966 = ORIENTED_EDGE ( 'NONE', *, *, #9586, .T. ) ;
#3967 = EDGE_CURVE ( 'NONE', #4787, #7484, #7102, .T. ) ;
#3968 = DIRECTION ( 'NONE',  ( -3.583126979299020263E-32, 1.000000000000000000, 3.111048790438776325E-16 ) ) ;
#3969 = EDGE_LOOP ( 'NONE', ( #3057, #10417 ) ) ;
#3970 = DIRECTION ( 'NONE',  ( 3.583126979299020263E-32, -1.000000000000000000, -3.111048790438776325E-16 ) ) ;
#3971 = DIRECTION ( 'NONE',  ( 1.344388829456166400E-31, -1.000000000000000000, -3.111048790438772381E-16 ) ) ;
#3972 = ADVANCED_FACE ( 'NONE', ( #10707 ), #4544, .F. ) ;
#3973 = EDGE_CURVE ( 'NONE', #5128, #2481, #67, .T. ) ;
#3974 = ORIENTED_EDGE ( 'NONE', *, *, #6703, .T. ) ;
#3975 = CARTESIAN_POINT ( 'NONE',  ( -2.659385905683926410, 1.095000000000068141, -16.79070179011734254 ) ) ;
#3976 = ORIENTED_EDGE ( 'NONE', *, *, #5506, .T. ) ;
#3977 = ORIENTED_EDGE ( 'NONE', *, *, #5832, .T. ) ;
#3978 = CARTESIAN_POINT ( 'NONE',  ( -1.540743955509788682E-30, 1.095000000000012630, 0.000000000000000000 ) ) ;
#3979 = CARTESIAN_POINT ( 'NONE',  ( 15.87086725045246816, 94.12768161796614663, 6.092255142269991985 ) ) ;
#3980 = ORIENTED_EDGE ( 'NONE', *, *, #3560, .F. ) ;
#3981 = CARTESIAN_POINT ( 'NONE',  ( -12.63346203311563265, 1.095000000000040385, 11.37522030810065488 ) ) ;
#3982 = DIRECTION ( 'NONE',  ( -3.583126979299020263E-32, 1.000000000000000000, 3.111048790438776325E-16 ) ) ;
#3983 = ORIENTED_EDGE ( 'NONE', *, *, #3465, .T. ) ;
#3984 = DIRECTION ( 'NONE',  ( 3.583126979299020263E-32, -1.000000000000000000, -3.111048790438776325E-16 ) ) ;
#3985 = DIRECTION ( 'NONE',  ( -3.583126979299020263E-32, 1.000000000000000000, 3.111048790438776325E-16 ) ) ;
#3986 = DIRECTION ( 'NONE',  ( 0.000000000000000000, 0.000000000000000000, -1.000000000000000000 ) ) ;
#3987 = ORIENTED_EDGE ( 'NONE', *, *, #2701, .T. ) ;
#3988 = EDGE_LOOP ( 'NONE', ( #4062, #3487, #1004, #2455 ) ) ;
#3989 = VERTEX_POINT ( 'NONE', #9132 ) ;
#3990 = DIRECTION ( 'NONE',  ( 3.583126979299020263E-32, -1.000000000000000000, -3.111048790438776325E-16 ) ) ;
#3991 = CARTESIAN_POINT ( 'NONE',  ( -15.53027277992417154, 1.095000000000012630, 6.664522932288676316 ) ) ;
#3992 = CYLINDRICAL_SURFACE ( 'NONE', #7541, 0.2500000000000002220 ) ;
#3993 = EDGE_CURVE ( 'NONE', #7023, #1001, #5481, .T. ) ;
#3994 = DIRECTION ( 'NONE',  ( 1.097869796574599992E-31, -1.000000000000000000, -3.111048790438772381E-16 ) ) ;
#3995 = CYLINDRICAL_SURFACE ( 'NONE', #34, 17.00000000000000355 ) ;
#3996 = AXIS2_PLACEMENT_3D ( 'NONE', #7091, #6278, #2673 ) ;
#3997 = CARTESIAN_POINT ( 'NONE',  ( -0.8897112561299327371, -3.904999999999991811, 16.72670209082775017 ) ) ;
#3998 = CARTESIAN_POINT ( 'NONE',  ( -1.540743955509788682E-30, 1.095000000000012630, 0.000000000000000000 ) ) ;
#3999 = ORIENTED_EDGE ( 'NONE', *, *, #1678, .F. ) ;
#4000 = VERTEX_POINT ( 'NONE', #1152 ) ;
#4001 = CYLINDRICAL_SURFACE ( 'NONE', #11371, 17.00000000000000355 ) ;
#4002 = CARTESIAN_POINT ( 'NONE',  ( -16.16796077701761192, 1.095000000000040385, -5.253288904374063151 ) ) ;
#4003 = LINE ( 'NONE', #11301, #3932 ) ;
#4004 = DIRECTION ( 'NONE',  ( 2.823503026745565068E-31, -1.000000000000000000, -3.111048790438776325E-16 ) ) ;
#4005 = ORIENTED_EDGE ( 'NONE', *, *, #4698, .T. ) ;
#4006 = ADVANCED_FACE ( 'NONE', ( #7212 ), #5593, .F. ) ;
#4007 = DIRECTION ( 'NONE',  ( -3.583126979299020263E-32, 1.000000000000000000, 3.111048790438776325E-16 ) ) ;
#4008 = VECTOR ( 'NONE', #2828, 1000.000000000000000 ) ;
#4009 = ADVANCED_FACE ( 'NONE', ( #9066 ), #10940, .F. ) ;
#4010 = DIRECTION ( 'NONE',  ( -1.110223024625156540E-16, -3.061276722312012491E-16, 1.000000000000000000 ) ) ;
#4011 = DIRECTION ( 'NONE',  ( 3.583126979299020263E-32, -1.000000000000000000, -3.111048790438776325E-16 ) ) ;
#4012 = ORIENTED_EDGE ( 'NONE', *, *, #3787, .F. ) ;
#4013 = VERTEX_POINT ( 'NONE', #4718 ) ;
#4014 = VERTEX_POINT ( 'NONE', #2957 ) ;
#4015 = VERTEX_POINT ( 'NONE', #9945 ) ;
#4016 = CARTESIAN_POINT ( 'NONE',  ( 5.858207580457674091, -3.904999999999936300, -15.95874067538752250 ) ) ;
#4017 = ORIENTED_EDGE ( 'NONE', *, *, #7645, .F. ) ;
#4018 = CIRCLE ( 'NONE', #5152, 0.2500000000000002220 ) ;
#4019 = CARTESIAN_POINT ( 'NONE',  ( 15.03197847483561311, 1.095000000000012630, 7.939749563561713686 ) ) ;
#4020 = EDGE_CURVE ( 'NONE', #214, #4320, #8095, .T. ) ;
#4021 = CARTESIAN_POINT ( 'NONE',  ( -16.57473462945921128, -3.904999999999963833, 3.778646842853353061 ) ) ;
#4022 = ADVANCED_FACE ( 'NONE', ( #6284 ), #1966, .T. ) ;
#4023 = PRODUCT_DEFINITION_FORMATION_WITH_SPECIFIED_SOURCE ( 'ANY', '', #7203, .NOT_KNOWN. ) ;
#4024 = VERTEX_POINT ( 'NONE', #9191 ) ;
#4025 = ORIENTED_EDGE ( 'NONE', *, *, #2436, .T. ) ;
#4026 = CARTESIAN_POINT ( 'NONE',  ( -11.84274353507923294, 1.095000000000040385, 12.19628736797961288 ) ) ;
#4027 = ORIENTED_EDGE ( 'NONE', *, *, #1823, .F. ) ;
#4028 = ORIENTED_EDGE ( 'NONE', *, *, #4936, .F. ) ;
#4029 = CYLINDRICAL_SURFACE ( 'NONE', #9824, 0.2500000000000002220 ) ;
#4030 = CARTESIAN_POINT ( 'NONE',  ( -1.540743955509788682E-30, 1.095000000000012630, 0.000000000000000000 ) ) ;
#4031 = ORIENTED_EDGE ( 'NONE', *, *, #5543, .T. ) ;
#4032 = CARTESIAN_POINT ( 'NONE',  ( -16.62850921247469316, 1.095000000000012630, -3.534498743901860696 ) ) ;
#4033 = EDGE_CURVE ( 'NONE', #3167, #6626, #8002, .T. ) ;
#4034 = CARTESIAN_POINT ( 'NONE',  ( -1.540743955509788682E-30, 28.30499999999999616, 6.938893903907228378E-15 ) ) ;
#4035 = VERTEX_POINT ( 'NONE', #1035 ) ;
#4036 = DIRECTION ( 'NONE',  ( -1.110223024625156540E-16, -3.061276722312012491E-16, 1.000000000000000000 ) ) ;
#4037 = AXIS2_PLACEMENT_3D ( 'NONE', #6556, #10150, #9279 ) ;
#4038 = DIRECTION ( 'NONE',  ( -3.583126979299020263E-32, 1.000000000000000000, 3.111048790438776325E-16 ) ) ;
#4039 = CARTESIAN_POINT ( 'NONE',  ( 12.02081528017140144, 94.12768161796608979, 12.02081528017123802 ) ) ;
#4040 = ORIENTED_EDGE ( 'NONE', *, *, #9381, .T. ) ;
#4041 = ORIENTED_EDGE ( 'NONE', *, *, #3607, .F. ) ;
#4042 = EDGE_LOOP ( 'NONE', ( #5800, #6802, #5891, #3983 ) ) ;
#4043 = FACE_OUTER_BOUND ( 'NONE', #5448, .T. ) ;
#4044 = DIRECTION ( 'NONE',  ( -1.110223024625156540E-16, -3.061276722312012491E-16, 1.000000000000000000 ) ) ;
#4045 = DIRECTION ( 'NONE',  ( 0.000000000000000000, 0.000000000000000000, -1.000000000000000000 ) ) ;
#4046 = DIRECTION ( 'NONE',  ( 7.280912472522514743E-32, -1.000000000000000000, -3.111048790438776325E-16 ) ) ;
#4047 = ADVANCED_FACE ( 'NONE', ( #4595 ), #2087, .F. ) ;
#4048 = CARTESIAN_POINT ( 'NONE',  ( 3.289586263734520788, 1.095000000000012630, 16.67868766460507146 ) ) ;
#4049 = AXIS2_PLACEMENT_3D ( 'NONE', #3422, #10805, #889 ) ;
#4050 = CARTESIAN_POINT ( 'NONE',  ( 2.918587279715637788E-15, -26.90500000000000824, -12.50000000000001954 ) ) ;
#4051 = CIRCLE ( 'NONE', #4991, 0.2500000000000002220 ) ;
#4052 = CARTESIAN_POINT ( 'NONE',  ( -1.540743955509788682E-30, 39.99999999999997868, 1.387778780781445676E-14 ) ) ;
#4053 = ADVANCED_FACE ( 'NONE', ( #7156 ), #7274, .T. ) ;
#4054 = CARTESIAN_POINT ( 'NONE',  ( -3.534498743901803408, 94.12768161796614663, 16.62850921247473934 ) ) ;
#4055 = ORIENTED_EDGE ( 'NONE', *, *, #212, .T. ) ;
#4056 = ORIENTED_EDGE ( 'NONE', *, *, #5943, .T. ) ;
#4057 = CARTESIAN_POINT ( 'NONE',  ( 16.35426043587231959, -3.904999999999991811, 4.640922924986037756 ) ) ;
#4058 = CARTESIAN_POINT ( 'NONE',  ( -3.778646842852962706, 1.095000000000068141, -16.57473462945929654 ) ) ;
#4059 = DIRECTION ( 'NONE',  ( -3.583126979299020263E-32, 1.000000000000000000, 3.111048790438776325E-16 ) ) ;
#4060 = DIRECTION ( 'NONE',  ( 3.583126979299020263E-32, -1.000000000000000000, -3.111048790438776325E-16 ) ) ;
#4061 = AXIS2_PLACEMENT_3D ( 'NONE', #10443, #6239, #600 ) ;
#4062 = ORIENTED_EDGE ( 'NONE', *, *, #8213, .F. ) ;
#4063 = DIRECTION ( 'NONE',  ( -1.110223024625156540E-16, -2.384312453768321331E-16, 1.000000000000000000 ) ) ;
#4064 = DIRECTION ( 'NONE',  ( 0.000000000000000000, 0.000000000000000000, 1.000000000000000000 ) ) ;
#4065 = CIRCLE ( 'NONE', #2014, 17.00000000000000355 ) ;
#4066 = AXIS2_PLACEMENT_3D ( 'NONE', #9028, #4667, #8226 ) ;
#4067 = AXIS2_PLACEMENT_3D ( 'NONE', #9305, #10344, #1326 ) ;
#4068 = FACE_OUTER_BOUND ( 'NONE', #7549, .T. ) ;
#4069 = EDGE_CURVE ( 'NONE', #1231, #9034, #4841, .T. ) ;
#4070 = CARTESIAN_POINT ( 'NONE',  ( 16.62850921247464342, -3.904999999999991811, -3.534498743902089846 ) ) ;
#4071 = CIRCLE ( 'NONE', #10383, 0.2500000000000002220 ) ;
#4072 = ORIENTED_EDGE ( 'NONE', *, *, #4384, .F. ) ;
#4073 = ORIENTED_EDGE ( 'NONE', *, *, #6052, .F. ) ;
#4074 = LINE ( 'NONE', #2275, #1112 ) ;
#4075 = ORIENTED_EDGE ( 'NONE', *, *, #8611, .T. ) ;
#4076 = EDGE_LOOP ( 'NONE', ( #487, #9892, #3163, #7760 ) ) ;
#4077 = AXIS2_PLACEMENT_3D ( 'NONE', #3294, #4431, #9527 ) ;
#4078 = CARTESIAN_POINT ( 'NONE',  ( 0.000000000000000000, -26.90500000000001180, -1.387778780781445676E-14 ) ) ;
#4079 = ORIENTED_EDGE ( 'NONE', *, *, #2913, .T. ) ;
#4080 = CARTESIAN_POINT ( 'NONE',  ( 1.887379141862766119E-15, -3.905000000000019789, -17.00000000000000000 ) ) ;
#4081 = AXIS2_PLACEMENT_3D ( 'NONE', #7234, #4683, #9920 ) ;
#4082 = CARTESIAN_POINT ( 'NONE',  ( -16.82799374557760430, 94.12768161796614663, 2.412182932283735148 ) ) ;
#4083 = ORIENTED_EDGE ( 'NONE', *, *, #6199, .F. ) ;
#4084 = VERTEX_POINT ( 'NONE', #5533 ) ;
#4085 = FACE_OUTER_BOUND ( 'NONE', #2641, .T. ) ;
#4086 = VERTEX_POINT ( 'NONE', #6347 ) ;
#4087 = EDGE_CURVE ( 'NONE', #9255, #10207, #11176, .T. ) ;
#4088 = ORIENTED_EDGE ( 'NONE', *, *, #10731, .F. ) ;
#4089 = VECTOR ( 'NONE', #3390, 1000.000000000000000 ) ;
#4090 = CARTESIAN_POINT ( 'NONE',  ( -9.992349288971961840, -3.904999999999991811, 13.75328890437415374 ) ) ;
#4091 = CARTESIAN_POINT ( 'NONE',  ( -1.540743955509788682E-30, -3.904999999999991811, 6.938893903907228378E-15 ) ) ;
#4092 = ORIENTED_EDGE ( 'NONE', *, *, #2133, .F. ) ;
#4093 = LINE ( 'NONE', #8354, #8906 ) ;
#4094 = DIRECTION ( 'NONE',  ( 3.583126979299020263E-32, -1.000000000000000000, -3.111048790438776325E-16 ) ) ;
#4095 = AXIS2_PLACEMENT_3D ( 'NONE', #2807, #8815, #2694 ) ;
#4096 = AXIS2_PLACEMENT_3D ( 'NONE', #2189, #4126, #6570 ) ;
#4097 = ORIENTED_EDGE ( 'NONE', *, *, #763, .F. ) ;
#4098 = DIRECTION ( 'NONE',  ( -3.583126979299020263E-32, 1.000000000000000000, 3.111048790438776325E-16 ) ) ;
#4099 = AXIS2_PLACEMENT_3D ( 'NONE', #10002, #11241, #3194 ) ;
#4100 = CIRCLE ( 'NONE', #568, 17.00000000000000000 ) ;
#4101 = CARTESIAN_POINT ( 'NONE',  ( -1.540743955509788682E-30, -3.904999999999991811, 6.938893903907228378E-15 ) ) ;
#4102 = EDGE_CURVE ( 'NONE', #4268, #4221, #242, .T. ) ;
#4103 = CIRCLE ( 'NONE', #385, 17.00000000000000355 ) ;
#4104 = AXIS2_PLACEMENT_3D ( 'NONE', #4643, #8197, #7142 ) ;
#4105 = DIRECTION ( 'NONE',  ( -1.120801499359495711E-31, -1.000000000000000000, -3.111048790438776325E-16 ) ) ;
#4106 = ORIENTED_EDGE ( 'NONE', *, *, #8614, .F. ) ;
#4107 = ORIENTED_EDGE ( 'NONE', *, *, #4340, .T. ) ;
#4108 = VERTEX_POINT ( 'NONE', #2904 ) ;
#4109 = LINE ( 'NONE', #7673, #9133 ) ;
#4110 = CARTESIAN_POINT ( 'NONE',  ( -9.992349288971961840, -3.904999999999991811, 13.75328890437415374 ) ) ;
#4111 = CARTESIAN_POINT ( 'NONE',  ( -1.540743955509788682E-30, 23.29500000000000881, 1.387778780781445676E-14 ) ) ;
#4112 = CIRCLE ( 'NONE', #7468, 0.2500000000000002220 ) ;
#4113 = CIRCLE ( 'NONE', #951, 17.00000000000000000 ) ;
#4114 = DIRECTION ( 'NONE',  ( 3.583126979299020263E-32, -1.000000000000000000, -3.111048790438776325E-16 ) ) ;
#4115 = ADVANCED_FACE ( 'NONE', ( #6447 ), #9992, .F. ) ;
#4116 = FACE_OUTER_BOUND ( 'NONE', #10505, .T. ) ;
#4117 = AXIS2_PLACEMENT_3D ( 'NONE', #8774, #2538, #791 ) ;
#4118 = EDGE_CURVE ( 'NONE', #10198, #9962, #9476, .T. ) ;
#4119 = CONICAL_SURFACE ( 'NONE', #10832, 12.00000000000000533, 0.7853981633974482790 ) ;
#4120 = VECTOR ( 'NONE', #3354, 1000.000000000000000 ) ;
#4121 = ADVANCED_FACE ( 'NONE', ( #5931 ), #5876, .F. ) ;
#4122 = FACE_OUTER_BOUND ( 'NONE', #2210, .T. ) ;
#4123 = CIRCLE ( 'NONE', #8970, 0.2500000000000004441 ) ;
#4124 = ADVANCED_FACE ( 'NONE', ( #4819 ), #9411, .T. ) ;
#4125 = EDGE_CURVE ( 'NONE', #2481, #7056, #6503, .T. ) ;
#4126 = DIRECTION ( 'NONE',  ( -3.583126979299020263E-32, 1.000000000000000000, 3.111048790438776325E-16 ) ) ;
#4127 = ORIENTED_EDGE ( 'NONE', *, *, #11321, .F. ) ;
#4128 = ORIENTED_EDGE ( 'NONE', *, *, #11112, .F. ) ;
#4129 = CIRCLE ( 'NONE', #3562, 0.2500000000000002220 ) ;
#4130 = CARTESIAN_POINT ( 'NONE',  ( -10.19351758238263805, -3.904999999999936300, -13.60485940014287465 ) ) ;
#4131 = DIRECTION ( 'NONE',  ( -3.583126979299020263E-32, 1.000000000000000000, 3.111048790438776325E-16 ) ) ;
#4132 = DIRECTION ( 'NONE',  ( 0.000000000000000000, 0.000000000000000000, -1.000000000000000000 ) ) ;
#4133 = ORIENTED_EDGE ( 'NONE', *, *, #10518, .T. ) ;
#4134 = DIRECTION ( 'NONE',  ( 0.000000000000000000, 0.000000000000000000, -1.000000000000000000 ) ) ;
#4135 = CYLINDRICAL_SURFACE ( 'NONE', #7610, 0.2500000000000002220 ) ;
#4136 = AXIS2_PLACEMENT_3D ( 'NONE', #1579, #1629, #6024 ) ;
#4137 = AXIS2_PLACEMENT_3D ( 'NONE', #10718, #2738, #1869 ) ;
#4138 = DIRECTION ( 'NONE',  ( -3.583126979299020263E-32, 1.000000000000000000, 3.111048790438776325E-16 ) ) ;
#4139 = EDGE_CURVE ( 'NONE', #11327, #10654, #10162, .T. ) ;
#4140 = DIRECTION ( 'NONE',  ( 1.110223024625156540E-16, 3.111048790438772381E-16, -1.000000000000000000 ) ) ;
#4141 = CIRCLE ( 'NONE', #4517, 0.2500000000000002220 ) ;
#4142 = AXIS2_PLACEMENT_3D ( 'NONE', #7036, #8626, #10414 ) ;
#4143 = ORIENTED_EDGE ( 'NONE', *, *, #2490, .F. ) ;
#4144 = ORIENTED_EDGE ( 'NONE', *, *, #6012, .T. ) ;
#4145 = ORIENTED_EDGE ( 'NONE', *, *, #635, .T. ) ;
#4146 = VERTEX_POINT ( 'NONE', #2365 ) ;
#4147 = EDGE_CURVE ( 'NONE', #11105, #8629, #7824, .T. ) ;
#4148 = CARTESIAN_POINT ( 'NONE',  ( 5.253288904373889956, -3.904999999999936300, -16.16796077701768297 ) ) ;
#4149 = VERTEX_POINT ( 'NONE', #3022 ) ;
#4150 = DIRECTION ( 'NONE',  ( 1.110223024625156540E-16, 0.000000000000000000, -1.000000000000000000 ) ) ;
#4151 = VECTOR ( 'NONE', #10334, 1000.000000000000000 ) ;
#4152 = CARTESIAN_POINT ( 'NONE',  ( 12.19628736797978341, 94.12768161796608979, 11.84274353507908017 ) ) ;
#4153 = VERTEX_POINT ( 'NONE', #6748 ) ;
#4154 = CARTESIAN_POINT ( 'NONE',  ( -1.540743955509788682E-30, 1.095000000000012630, 0.000000000000000000 ) ) ;
#4155 = ORIENTED_EDGE ( 'NONE', *, *, #11449, .T. ) ;
#4156 = ORIENTED_EDGE ( 'NONE', *, *, #8744, .T. ) ;
#4157 = CARTESIAN_POINT ( 'NONE',  ( -1.540743955509788682E-30, -10.60500000000000398, 0.000000000000000000 ) ) ;
#4158 = DIRECTION ( 'NONE',  ( -3.583126979299020263E-32, 1.000000000000000000, 3.111048790438776325E-16 ) ) ;
#4159 = VERTEX_POINT ( 'NONE', #3949 ) ;
#4160 = CARTESIAN_POINT ( 'NONE',  ( -16.98795001012936012, 1.095000000000012630, -0.6399644156869638278 ) ) ;
#4161 = DIRECTION ( 'NONE',  ( -1.110223024625156540E-16, -4.081702296416015997E-16, 1.000000000000000000 ) ) ;
#4162 = VERTEX_POINT ( 'NONE', #3073 ) ;
#4163 = CARTESIAN_POINT ( 'NONE',  ( -1.540743955509788682E-30, 1.095000000000012630, 0.000000000000000000 ) ) ;
#4164 = EDGE_CURVE ( 'NONE', #9633, #4530, #7258, .T. ) ;
#4165 = DIRECTION ( 'NONE',  ( -1.110223024625156540E-16, -4.081702296416015997E-16, 1.000000000000000000 ) ) ;
#4166 = LINE ( 'NONE', #6040, #4861 ) ;
#4167 = VERTEX_POINT ( 'NONE', #9239 ) ;
#4168 = ORIENTED_EDGE ( 'NONE', *, *, #2487, .F. ) ;
#4169 = VERTEX_POINT ( 'NONE', #7443 ) ;
#4170 = DIRECTION ( 'NONE',  ( 3.583126979299020263E-32, -1.000000000000000000, -3.111048790438776325E-16 ) ) ;
#4171 = CARTESIAN_POINT ( 'NONE',  ( -1.540743955509788682E-30, 39.99999999999997868, 1.387778780781445676E-14 ) ) ;
#4172 = DIRECTION ( 'NONE',  ( 3.583126979299020263E-32, -1.000000000000000000, -3.111048790438776325E-16 ) ) ;
#4173 = DIRECTION ( 'NONE',  ( -3.583126979299020263E-32, 1.000000000000000000, 3.111048790438776325E-16 ) ) ;
#4174 = DIRECTION ( 'NONE',  ( -3.583126979299020263E-32, 1.000000000000000000, 3.111048790438776325E-16 ) ) ;
#4175 = DIRECTION ( 'NONE',  ( -3.583126979299020263E-32, 1.000000000000000000, 3.111048790438776325E-16 ) ) ;
#4176 = EDGE_CURVE ( 'NONE', #1352, #4086, #7684, .T. ) ;
#4177 = DIRECTION ( 'NONE',  ( 1.344388829456167276E-31, -1.000000000000000000, -3.111048790438776325E-16 ) ) ;
#4178 = FACE_OUTER_BOUND ( 'NONE', #10711, .T. ) ;
#4179 = ORIENTED_EDGE ( 'NONE', *, *, #6955, .T. ) ;
#4180 = EDGE_CURVE ( 'NONE', #10080, #5877, #7637, .T. ) ;
#4181 = ORIENTED_EDGE ( 'NONE', *, *, #3993, .T. ) ;
#4182 = CARTESIAN_POINT ( 'NONE',  ( -1.540743955509788682E-30, -3.904999999999991811, 6.938893903907228378E-15 ) ) ;
#4183 = CARTESIAN_POINT ( 'NONE',  ( 9.992349288972148358, -3.904999999999991811, 13.75328890437402229 ) ) ;
#4184 = CARTESIAN_POINT ( 'NONE',  ( 14.39201405914864296, 1.095000000000012630, -9.048200446567678412 ) ) ;
#4185 = ORIENTED_EDGE ( 'NONE', *, *, #4526, .F. ) ;
#4186 = CARTESIAN_POINT ( 'NONE',  ( 16.98795001012936012, -3.904999999999991811, -0.6399644156868735667 ) ) ;
#4187 = LINE ( 'NONE', #2317, #5714 ) ;
#4188 = ADVANCED_FACE ( 'NONE', ( #5824 ), #1319, .T. ) ;
#4189 = EDGE_CURVE ( 'NONE', #940, #9402, #2619, .T. ) ;
#4190 = CIRCLE ( 'NONE', #9583, 17.00000000000000000 ) ;
#4191 = EDGE_CURVE ( 'NONE', #10241, #7345, #10036, .T. ) ;
#4192 = FACE_OUTER_BOUND ( 'NONE', #144, .T. ) ;
#4193 = DIRECTION ( 'NONE',  ( -3.583126979299020263E-32, 1.000000000000000000, 3.111048790438776325E-16 ) ) ;
#4194 = VERTEX_POINT ( 'NONE', #4887 ) ;
#4195 = ORIENTED_EDGE ( 'NONE', *, *, #8812, .T. ) ;
#4196 = VECTOR ( 'NONE', #4225, 1000.000000000000000 ) ;
#4197 = CYLINDRICAL_SURFACE ( 'NONE', #10598, 17.00000000000000355 ) ;
#4198 = ORIENTED_EDGE ( 'NONE', *, *, #11528, .T. ) ;
#4199 = CARTESIAN_POINT ( 'NONE',  ( -15.14711091120220665, 94.12768161796608979, 7.467838495572406643 ) ) ;
#4200 = EDGE_CURVE ( 'NONE', #5790, #10459, #8565, .T. ) ;
#4201 = ORIENTED_EDGE ( 'NONE', *, *, #3017, .F. ) ;
#4202 = DIRECTION ( 'NONE',  ( -3.583126979299020263E-32, 1.000000000000000000, 3.111048790438776325E-16 ) ) ;
#4203 = CIRCLE ( 'NONE', #2532, 17.00000000000000000 ) ;
#4204 = FACE_OUTER_BOUND ( 'NONE', #6529, .T. ) ;
#4205 = ORIENTED_EDGE ( 'NONE', *, *, #7095, .F. ) ;
#4206 = ORIENTED_EDGE ( 'NONE', *, *, #3045, .T. ) ;
#4207 = CARTESIAN_POINT ( 'NONE',  ( -1.540743955509788682E-30, -3.904999999999991811, 6.938893903907228378E-15 ) ) ;
#4208 = VERTEX_POINT ( 'NONE', #447 ) ;
#4209 = ORIENTED_EDGE ( 'NONE', *, *, #3993, .F. ) ;
#4210 = CYLINDRICAL_SURFACE ( 'NONE', #884, 12.00000000000000533 ) ;
#4211 = DIRECTION ( 'NONE',  ( 0.000000000000000000, 0.000000000000000000, -1.000000000000000000 ) ) ;
#4212 = ORIENTED_EDGE ( 'NONE', *, *, #9277, .T. ) ;
#4213 = CYLINDRICAL_SURFACE ( 'NONE', #7807, 17.00000000000000355 ) ;
#4214 = LINE ( 'NONE', #7893, #7428 ) ;
#4215 = EDGE_LOOP ( 'NONE', ( #9044, #2717, #1404, #614 ) ) ;
#4216 = LINE ( 'NONE', #7773, #4120 ) ;
#4217 =( GEOMETRIC_REPRESENTATION_CONTEXT ( 3 ) GLOBAL_UNCERTAINTY_ASSIGNED_CONTEXT ( ( #2350 ) ) GLOBAL_UNIT_ASSIGNED_CONTEXT ( ( #8498, #3318, #6688 ) ) REPRESENTATION_CONTEXT ( 'NONE', 'WORKASPACE' ) );
#4218 = EDGE_CURVE ( 'NONE', #8814, #478, #1485, .T. ) ;
#4219 = CARTESIAN_POINT ( 'NONE',  ( -13.21148134476843872, -3.904999999999963833, 10.69844664784730348 ) ) ;
#4220 = VERTEX_POINT ( 'NONE', #11180 ) ;
#4221 = VERTEX_POINT ( 'NONE', #11063 ) ;
#4222 = ORIENTED_EDGE ( 'NONE', *, *, #4897, .T. ) ;
#4223 = LINE ( 'NONE', #10385, #235 ) ;
#4224 = CARTESIAN_POINT ( 'NONE',  ( -9.467524394549970523, 94.12768161796608979, -14.11970190331934205 ) ) ;
#4225 = DIRECTION ( 'NONE',  ( 2.330464960982432251E-31, -1.000000000000000000, -3.111048790438776325E-16 ) ) ;
#4226 = DIRECTION ( 'NONE',  ( -1.110223024625156540E-16, -3.061276722312011998E-16, 1.000000000000000000 ) ) ;
#4227 = CARTESIAN_POINT ( 'NONE',  ( -1.540743955509788682E-30, 1.095000000000012630, 0.000000000000000000 ) ) ;
#4228 = CARTESIAN_POINT ( 'NONE',  ( -13.21148134476843872, 94.12768161796608979, 10.69844664784734611 ) ) ;
#4229 = CIRCLE ( 'NONE', #6832, 17.00000000000000000 ) ;
#4230 = CARTESIAN_POINT ( 'NONE',  ( 13.05272692301275406, 94.12768161796608979, -10.89157104706465340 ) ) ;
#4231 = CARTESIAN_POINT ( 'NONE',  ( -1.776983875550001812, -3.904999999999991811, 16.65687222126065947 ) ) ;
#4232 = ORIENTED_EDGE ( 'NONE', *, *, #11178, .F. ) ;
#4233 = ORIENTED_EDGE ( 'NONE', *, *, #7247, .T. ) ;
#4234 = CYLINDRICAL_SURFACE ( 'NONE', #9127, 0.2500000000000004441 ) ;
#4235 = DIRECTION ( 'NONE',  ( 0.000000000000000000, 0.000000000000000000, -1.000000000000000000 ) ) ;
#4236 = FACE_OUTER_BOUND ( 'NONE', #377, .T. ) ;
#4237 = LINE ( 'NONE', #9819, #6240 ) ;
#4238 = ADVANCED_FACE ( 'NONE', ( #6620 ), #497, .F. ) ;
#4239 = ORIENTED_EDGE ( 'NONE', *, *, #6564, .F. ) ;
#4240 = CARTESIAN_POINT ( 'NONE',  ( 14.39201405914870335, -3.904999999999991811, -9.048200446567580713 ) ) ;
#4241 = CYLINDRICAL_SURFACE ( 'NONE', #307, 0.2500000000000002220 ) ;
#4242 = VECTOR ( 'NONE', #722, 1000.000000000000000 ) ;
#4243 = EDGE_CURVE ( 'NONE', #334, #8629, #3545, .T. ) ;
#4244 = CARTESIAN_POINT ( 'NONE',  ( -1.540743955509788682E-30, -3.904999999999991811, 6.938893903907228378E-15 ) ) ;
#4245 = VECTOR ( 'NONE', #6033, 1000.000000000000000 ) ;
#4246 = DIRECTION ( 'NONE',  ( -1.146585139244742688E-33, -1.000000000000000000, -3.111048790438776325E-16 ) ) ;
#4247 = EDGE_CURVE ( 'NONE', #5292, #9378, #9545, .T. ) ;
#4248 = ORIENTED_EDGE ( 'NONE', *, *, #10653, .F. ) ;
#4249 = DIRECTION ( 'NONE',  ( -3.583126979299020263E-32, 1.000000000000000000, 3.111048790438776325E-16 ) ) ;
#4250 = AXIS2_PLACEMENT_3D ( 'NONE', #8368, #7555, #384 ) ;
#4251 = CARTESIAN_POINT ( 'NONE',  ( 16.67868766460506436, 1.095000000000040385, 3.289586263734447957 ) ) ;
#4252 = ORIENTED_EDGE ( 'NONE', *, *, #4147, .T. ) ;
#4253 = CARTESIAN_POINT ( 'NONE',  ( -1.540743955509788682E-30, -3.904999999999991811, 6.938893903907228378E-15 ) ) ;
#4254 = ORIENTED_EDGE ( 'NONE', *, *, #10705, .F. ) ;
#4255 = AXIS2_PLACEMENT_3D ( 'NONE', #1672, #2675, #6230 ) ;
#4256 = EDGE_CURVE ( 'NONE', #6378, #7686, #5999, .T. ) ;
#4257 = EDGE_CURVE ( 'NONE', #7030, #1628, #9594, .T. ) ;
#4258 = DIRECTION ( 'NONE',  ( 0.000000000000000000, 0.000000000000000000, -1.000000000000000000 ) ) ;
#4259 = VECTOR ( 'NONE', #96, 1000.000000000000000 ) ;
#4260 = CARTESIAN_POINT ( 'NONE',  ( -1.540743955509788682E-30, 39.99999999999997868, 1.387778780781445676E-14 ) ) ;
#4261 = VECTOR ( 'NONE', #8605, 1000.000000000000000 ) ;
#4262 = EDGE_CURVE ( 'NONE', #1366, #227, #6709, .T. ) ;
#4263 = VERTEX_POINT ( 'NONE', #7909 ) ;
#4264 = VERTEX_POINT ( 'NONE', #4231 ) ;
#4265 = FACE_OUTER_BOUND ( 'NONE', #10155, .T. ) ;
#4266 = DIRECTION ( 'NONE',  ( -3.583126979299020263E-32, 1.000000000000000000, 3.111048790438776325E-16 ) ) ;
#4267 = AXIS2_PLACEMENT_3D ( 'NONE', #1388, #7519, #4140 ) ;
#4268 = VERTEX_POINT ( 'NONE', #3475 ) ;
#4269 = ORIENTED_EDGE ( 'NONE', *, *, #2854, .T. ) ;
#4270 = CARTESIAN_POINT ( 'NONE',  ( -10.69844664784724664, -3.904999999999936300, -13.21148134476848846 ) ) ;
#4271 = AXIS2_PLACEMENT_3D ( 'NONE', #10613, #11275, #8820 ) ;
#4272 = ORIENTED_EDGE ( 'NONE', *, *, #1633, .T. ) ;
#4273 = AXIS2_PLACEMENT_3D ( 'NONE', #6255, #2925, #9038 ) ;
#4274 = CARTESIAN_POINT ( 'NONE',  ( -6.685395064247846797, -3.904999999999991811, 15.63027488033819701 ) ) ;
#4275 = DIRECTION ( 'NONE',  ( -1.146585139244830269E-33, -1.000000000000000000, -3.111048790438772381E-16 ) ) ;
#4276 = EDGE_LOOP ( 'NONE', ( #7344, #2567, #848, #1536 ) ) ;
#4277 = CARTESIAN_POINT ( 'NONE',  ( -1.540743955509788682E-30, -3.904999999999991811, 6.938893903907228378E-15 ) ) ;
#4278 = CIRCLE ( 'NONE', #3355, 0.2500000000000002220 ) ;
#4279 = CIRCLE ( 'NONE', #3358, 0.2500000000000002220 ) ;
#4280 = FACE_OUTER_BOUND ( 'NONE', #1000, .T. ) ;
#4281 = EDGE_CURVE ( 'NONE', #4787, #6856, #3554, .T. ) ;
#4282 = CARTESIAN_POINT ( 'NONE',  ( -1.540743955509788682E-30, 39.99999999999997868, 1.387778780781445676E-14 ) ) ;
#4283 = ORIENTED_EDGE ( 'NONE', *, *, #6488, .F. ) ;
#4284 = ORIENTED_EDGE ( 'NONE', *, *, #6084, .T. ) ;
#4285 = VERTEX_POINT ( 'NONE', #6855 ) ;
#4286 = CARTESIAN_POINT ( 'NONE',  ( -16.24346467152392037, 1.095000000000012630, 5.014963156888992302 ) ) ;
#4287 = VECTOR ( 'NONE', #6997, 1000.000000000000000 ) ;
#4288 = LINE ( 'NONE', #835, #1630 ) ;
#4289 = CARTESIAN_POINT ( 'NONE',  ( -16.87891264663056390, 94.12768161796614663, 2.025415480195247309 ) ) ;
#4290 = AXIS2_PLACEMENT_3D ( 'NONE', #331, #3128, #1256 ) ;
#4291 = CARTESIAN_POINT ( 'NONE',  ( 16.93117546539299312, 1.095000000000012630, -1.528167975084419927 ) ) ;
#4292 = AXIS2_PLACEMENT_3D ( 'NONE', #11081, #10179, #464 ) ;
#4293 = DIRECTION ( 'NONE',  ( -3.583126979299020263E-32, 1.000000000000000000, 3.111048790438776325E-16 ) ) ;
#4294 = ADVANCED_FACE ( 'NONE', ( #6970 ), #797, .T. ) ;
#4295 = ADVANCED_FACE ( 'NONE', ( #9646 ), #6164, .F. ) ;
#4296 = CIRCLE ( 'NONE', #8740, 0.2500000000000002220 ) ;
#4297 = DIRECTION ( 'NONE',  ( 1.837426895219299873E-31, -1.000000000000000000, -3.111048790438776325E-16 ) ) ;
#4298 = CYLINDRICAL_SURFACE ( 'NONE', #9495, 0.2500000000000002220 ) ;
#4299 = VERTEX_POINT ( 'NONE', #2498 ) ;
#4300 = AXIS2_PLACEMENT_3D ( 'NONE', #1975, #1042, #9732 ) ;
#4301 = ORIENTED_EDGE ( 'NONE', *, *, #8035, .T. ) ;
#4302 = VECTOR ( 'NONE', #7367, 1000.000000000000000 ) ;
#4303 = CYLINDRICAL_SURFACE ( 'NONE', #5420, 17.00000000000000355 ) ;
#4304 = DIRECTION ( 'NONE',  ( -1.613839565122628308E-31, -1.000000000000000000, -3.111048790438776325E-16 ) ) ;
#4305 = LINE ( 'NONE', #4468, #6422 ) ;
#4306 = CYLINDRICAL_SURFACE ( 'NONE', #9124, 0.2500000000000002220 ) ;
#4307 = DIRECTION ( 'NONE',  ( -3.583126979299020263E-32, 1.000000000000000000, 3.111048790438776325E-16 ) ) ;
#4308 = AXIS2_PLACEMENT_3D ( 'NONE', #8429, #6731, #11232 ) ;
#4309 = CIRCLE ( 'NONE', #6527, 0.2500000000000002220 ) ;
#4310 = VECTOR ( 'NONE', #1659, 1000.000000000000000 ) ;
#4311 = AXIS2_PLACEMENT_3D ( 'NONE', #2636, #6195, #8690 ) ;
#4312 = EDGE_CURVE ( 'NONE', #1781, #11142, #7647, .T. ) ;
#4313 = DIRECTION ( 'NONE',  ( -3.583126979299020263E-32, 1.000000000000000000, 3.111048790438776325E-16 ) ) ;
#4314 = VECTOR ( 'NONE', #10475, 1000.000000000000000 ) ;
#4315 = DIRECTION ( 'NONE',  ( 0.000000000000000000, 0.000000000000000000, -1.000000000000000000 ) ) ;
#4316 = ORIENTED_EDGE ( 'NONE', *, *, #6851, .F. ) ;
#4317 = AXIS2_PLACEMENT_3D ( 'NONE', #6807, #505, #10342 ) ;
#4318 = CARTESIAN_POINT ( 'NONE',  ( -7.717838495572300950, 94.12768161796620348, -15.14711091120220310 ) ) ;
#4319 = CIRCLE ( 'NONE', #2829, 0.2500000000000002220 ) ;
#4320 = VERTEX_POINT ( 'NONE', #1560 ) ;
#4321 = CIRCLE ( 'NONE', #10834, 17.00000000000000000 ) ;
#4322 = CARTESIAN_POINT ( 'NONE',  ( -13.05272692301290327, 1.095000000000012630, -10.89157104706450774 ) ) ;
#4323 = EDGE_LOOP ( 'NONE', ( #4791, #9085, #8534, #10175 ) ) ;
#4324 = AXIS2_PLACEMENT_3D ( 'NONE', #5647, #8088, #3817 ) ;
#4325 = CARTESIAN_POINT ( 'NONE',  ( 7.142155445023654181, 1.095000000000012630, 15.42691205650434405 ) ) ;
#4326 = CARTESIAN_POINT ( 'NONE',  ( -1.540743955509788682E-30, 23.29500000000000881, 1.387778780781445676E-14 ) ) ;
#4327 = AXIS2_PLACEMENT_3D ( 'NONE', #10938, #8039, #169 ) ;
#4328 = EDGE_CURVE ( 'NONE', #4530, #7022, #6054, .T. ) ;
#4329 = EDGE_LOOP ( 'NONE', ( #8411, #11069, #8577, #6134 ) ) ;
#4330 = ORIENTED_EDGE ( 'NONE', *, *, #11040, .T. ) ;
#4331 = DIRECTION ( 'NONE',  ( -1.110223024625156540E-16, -4.081702296416015997E-16, 1.000000000000000000 ) ) ;
#4332 = EDGE_CURVE ( 'NONE', #1393, #6895, #1683, .T. ) ;
#4333 = ORIENTED_EDGE ( 'NONE', *, *, #1332, .T. ) ;
#4334 = CARTESIAN_POINT ( 'NONE',  ( -16.08896035120136148, 1.095000000000040385, -5.490478559968169137 ) ) ;
#4335 = ORIENTED_EDGE ( 'NONE', *, *, #84, .T. ) ;
#4336 = VECTOR ( 'NONE', #4297, 1000.000000000000000 ) ;
#4337 = CARTESIAN_POINT ( 'NONE',  ( -1.540743955509788682E-30, 39.99999999999997868, 1.387778780781445676E-14 ) ) ;
#4338 = DIRECTION ( 'NONE',  ( -1.110223024625156540E-16, -4.081702296416015997E-16, 1.000000000000000000 ) ) ;
#4339 = CARTESIAN_POINT ( 'NONE',  ( -2.412182932283410075, -3.904999999999991811, 16.82799374557766114 ) ) ;
#4340 = EDGE_CURVE ( 'NONE', #4395, #5552, #2987, .T. ) ;
#4341 = ADVANCED_FACE ( 'NONE', ( #4178 ), #3374, .T. ) ;
#4342 = ADVANCED_FACE ( 'NONE', ( #7083 ), #7733, .T. ) ;
#4343 = CARTESIAN_POINT ( 'NONE',  ( -1.540743955509788682E-30, 1.095000000000012630, 0.000000000000000000 ) ) ;
#4344 = ORIENTED_EDGE ( 'NONE', *, *, #5479, .F. ) ;
#4345 = ORIENTED_EDGE ( 'NONE', *, *, #828, .F. ) ;
#4346 = ORIENTED_EDGE ( 'NONE', *, *, #6992, .F. ) ;
#4347 = CARTESIAN_POINT ( 'NONE',  ( 2.025415480195024376, -3.904999999999991811, -16.87891264663059943 ) ) ;
#4348 = LINE ( 'NONE', #7901, #509 ) ;
#4349 = CARTESIAN_POINT ( 'NONE',  ( -16.35426043587226275, -3.904999999999991811, 4.640922924986266906 ) ) ;
#4350 = DIRECTION ( 'NONE',  ( 1.837426895219299873E-31, -1.000000000000000000, -3.111048790438776325E-16 ) ) ;
#4351 = DIRECTION ( 'NONE',  ( 3.583126979299020263E-32, -1.000000000000000000, -3.111048790438776325E-16 ) ) ;
#4352 = ADVANCED_FACE ( 'NONE', ( #5066 ), #4298, .F. ) ;
#4353 = DIRECTION ( 'NONE',  ( -3.583126979299020263E-32, 1.000000000000000000, 3.111048790438776325E-16 ) ) ;
#4354 = DIRECTION ( 'NONE',  ( 0.000000000000000000, 0.000000000000000000, 1.000000000000000000 ) ) ;
#4355 = DIRECTION ( 'NONE',  ( -3.583126979299020263E-32, 1.000000000000000000, 3.111048790438776325E-16 ) ) ;
#4356 = ORIENTED_EDGE ( 'NONE', *, *, #4699, .T. ) ;
#4357 = ORIENTED_EDGE ( 'NONE', *, *, #10519, .T. ) ;
#4358 = EDGE_CURVE ( 'NONE', #3089, #8552, #2434, .T. ) ;
#4359 = VERTEX_POINT ( 'NONE', #3698 ) ;
#4360 = CARTESIAN_POINT ( 'NONE',  ( -5.490478559968324568, -3.904999999999936300, -16.08896035120131884 ) ) ;
#4361 = DIRECTION ( 'NONE',  ( 3.583126979299020263E-32, -1.000000000000000000, -3.111048790438776325E-16 ) ) ;
#4362 = DIRECTION ( 'NONE',  ( 3.583126979299020263E-32, -1.000000000000000000, -3.111048790438776325E-16 ) ) ;
#4363 = LINE ( 'NONE', #3482, #1766 ) ;
#4364 = ORIENTED_EDGE ( 'NONE', *, *, #6605, .F. ) ;
#4365 = CARTESIAN_POINT ( 'NONE',  ( 0.000000000000000000, -23.40500000000000824, 0.000000000000000000 ) ) ;
#4366 = DIRECTION ( 'NONE',  ( -1.110223024625156540E-16, -3.061276722312011998E-16, 1.000000000000000000 ) ) ;
#4367 = CARTESIAN_POINT ( 'NONE',  ( 5.490478559967998606, 94.12768161796620348, -16.08896035120139345 ) ) ;
#4368 = ADVANCED_FACE ( 'NONE', ( #2714 ), #4706, .F. ) ;
#4369 = VERTEX_POINT ( 'NONE', #156 ) ;
#4370 = LINE ( 'NONE', #6939, #3896 ) ;
#4371 = DIRECTION ( 'NONE',  ( -1.110223024625156540E-16, -3.061276722312011998E-16, 1.000000000000000000 ) ) ;
#4372 = CARTESIAN_POINT ( 'NONE',  ( 14.11970190331940422, 1.095000000000012630, -9.467524394549938549 ) ) ;
#4373 = ORIENTED_EDGE ( 'NONE', *, *, #9930, .F. ) ;
#4374 = CYLINDRICAL_SURFACE ( 'NONE', #7628, 17.00000000000000355 ) ;
#4375 = EDGE_LOOP ( 'NONE', ( #4092, #5318, #3464, #8453 ) ) ;
#4376 = CYLINDRICAL_SURFACE ( 'NONE', #7679, 0.2500000000000002220 ) ;
#4377 = DIRECTION ( 'NONE',  ( 0.000000000000000000, 0.000000000000000000, -1.000000000000000000 ) ) ;
#4378 = AXIS2_PLACEMENT_3D ( 'NONE', #3772, #9187, #2898 ) ;
#4379 = DIRECTION ( 'NONE',  ( -1.110223024625156540E-16, -4.081702296416015997E-16, 1.000000000000000000 ) ) ;
#4380 = ORIENTED_EDGE ( 'NONE', *, *, #1605, .F. ) ;
#4381 = DIRECTION ( 'NONE',  ( -3.583126979299020263E-32, 1.000000000000000000, 3.111048790438776325E-16 ) ) ;
#4382 = VERTEX_POINT ( 'NONE', #5407 ) ;
#4383 = DIRECTION ( 'NONE',  ( 3.583126979299020263E-32, -1.000000000000000000, -3.111048790438776325E-16 ) ) ;
#4384 = EDGE_CURVE ( 'NONE', #4382, #3171, #5230, .T. ) ;
#4385 = EDGE_LOOP ( 'NONE', ( #6701, #7601 ) ) ;
#4386 = CARTESIAN_POINT ( 'NONE',  ( 16.96178273941306003, -3.904999999999963833, 1.139265684969408055 ) ) ;
#4387 = CYLINDRICAL_SURFACE ( 'NONE', #7060, 17.00000000000000355 ) ;
#4388 = AXIS2_PLACEMENT_3D ( 'NONE', #8012, #5165, #8710 ) ;
#4389 = FACE_OUTER_BOUND ( 'NONE', #10445, .T. ) ;
#4390 = VECTOR ( 'NONE', #11493, 1000.000000000000000 ) ;
#4391 = LINE ( 'NONE', #9694, #2450 ) ;
#4392 = ORIENTED_EDGE ( 'NONE', *, *, #2441, .T. ) ;
#4393 = VERTEX_POINT ( 'NONE', #1904 ) ;
#4394 = EDGE_CURVE ( 'NONE', #4000, #5920, #209, .T. ) ;
#4395 = VERTEX_POINT ( 'NONE', #10747 ) ;
#4396 = LINE ( 'NONE', #6847, #9632 ) ;
#4397 = DIRECTION ( 'NONE',  ( 3.583126979299020263E-32, -1.000000000000000000, -3.111048790438776325E-16 ) ) ;
#4398 = CARTESIAN_POINT ( 'NONE',  ( -1.540743955509788682E-30, 39.99999999999997868, 1.387778780781445676E-14 ) ) ;
#4399 = ORIENTED_EDGE ( 'NONE', *, *, #274, .T. ) ;
#4400 = DIRECTION ( 'NONE',  ( 0.000000000000000000, 0.000000000000000000, -1.000000000000000000 ) ) ;
#4401 = CIRCLE ( 'NONE', #10339, 0.2500000000000002220 ) ;
#4402 = CYLINDRICAL_SURFACE ( 'NONE', #226, 17.00000000000000355 ) ;
#4403 = CARTESIAN_POINT ( 'NONE',  ( 16.98795001012934947, 94.12768161796614663, -0.6399644156869568334 ) ) ;
#4404 = ORIENTED_EDGE ( 'NONE', *, *, #8823, .F. ) ;
#4405 = ORIENTED_EDGE ( 'NONE', *, *, #11242, .T. ) ;
#4406 = ORIENTED_EDGE ( 'NONE', *, *, #10076, .F. ) ;
#4407 = ADVANCED_FACE ( 'NONE', ( #5467 ), #5578, .F. ) ;
#4408 = ORIENTED_EDGE ( 'NONE', *, *, #11424, .T. ) ;
#4409 = LINE ( 'NONE', #7025, #2433 ) ;
#4410 = DIRECTION ( 'NONE',  ( 3.583126979299020263E-32, -1.000000000000000000, -3.111048790438776325E-16 ) ) ;
#4411 = DIRECTION ( 'NONE',  ( -3.583126979299020263E-32, 1.000000000000000000, 3.111048790438776325E-16 ) ) ;
#4412 = DIRECTION ( 'NONE',  ( -3.583126979299020263E-32, 1.000000000000000000, 3.111048790438776325E-16 ) ) ;
#4413 = VERTEX_POINT ( 'NONE', #6328 ) ;
#4414 = CIRCLE ( 'NONE', #1620, 0.2500000000000002220 ) ;
#4415 = DIRECTION ( 'NONE',  ( 0.000000000000000000, 0.000000000000000000, -1.000000000000000000 ) ) ;
#4416 = EDGE_CURVE ( 'NONE', #4450, #7911, #6898, .T. ) ;
#4417 = LINE ( 'NONE', #7805, #7680 ) ;
#4418 = LINE ( 'NONE', #5187, #917 ) ;
#4419 = EDGE_CURVE ( 'NONE', #3555, #2634, #6271, .T. ) ;
#4420 = VERTEX_POINT ( 'NONE', #223 ) ;
#4421 = DIRECTION ( 'NONE',  ( 0.000000000000000000, 0.000000000000000000, 1.000000000000000000 ) ) ;
#4422 = DIRECTION ( 'NONE',  ( -1.110223024625156540E-16, -3.061276722312012491E-16, 1.000000000000000000 ) ) ;
#4423 = VECTOR ( 'NONE', #11505, 1000.000000000000114 ) ;
#4424 = ORIENTED_EDGE ( 'NONE', *, *, #5756, .F. ) ;
#4425 = DIRECTION ( 'NONE',  ( 3.583126979299020263E-32, -1.000000000000000000, -3.111048790438776325E-16 ) ) ;
#4426 = CARTESIAN_POINT ( 'NONE',  ( 14.72243186433552076, -3.904999999999991811, 8.499999999999868550 ) ) ;
#4427 = CARTESIAN_POINT ( 'NONE',  ( 14.72243186433552076, 1.094999999999984874, 8.499999999999861444 ) ) ;
#4428 = EDGE_CURVE ( 'NONE', #9125, #5865, #903, .T. ) ;
#4429 = CIRCLE ( 'NONE', #4061, 0.2500000000000002220 ) ;
#4430 = DIRECTION ( 'NONE',  ( -1.110223024625156540E-16, -4.081702296416015997E-16, 1.000000000000000000 ) ) ;
#4431 = DIRECTION ( 'NONE',  ( -3.583126979299020263E-32, 1.000000000000000000, 3.111048790438776325E-16 ) ) ;
#4432 = AXIS2_PLACEMENT_3D ( 'NONE', #11507, #8781, #10628 ) ;
#4433 = VECTOR ( 'NONE', #3033, 1000.000000000000000 ) ;
#4434 = EDGE_LOOP ( 'NONE', ( #11393, #7177, #1874, #1575 ) ) ;
#4435 = ORIENTED_EDGE ( 'NONE', *, *, #5411, .F. ) ;
#4436 = ORIENTED_EDGE ( 'NONE', *, *, #10109, .T. ) ;
#4437 = CARTESIAN_POINT ( 'NONE',  ( 9.048200446567623345, 94.12768161796620348, 14.39201405914870868 ) ) ;
#4438 = ORIENTED_EDGE ( 'NONE', *, *, #8614, .T. ) ;
#4439 = CARTESIAN_POINT ( 'NONE',  ( 12.19628736797953827, 1.095000000000012630, -11.84274353507930400 ) ) ;
#4440 = CIRCLE ( 'NONE', #10953, 16.00000000000001421 ) ;
#4441 = ORIENTED_EDGE ( 'NONE', *, *, #9235, .F. ) ;
#4442 = CARTESIAN_POINT ( 'NONE',  ( -1.540743955509788682E-30, 22.72931457505075770, 6.938893903907228378E-15 ) ) ;
#4443 = CARTESIAN_POINT ( 'NONE',  ( 14.39201405914888809, -3.904999999999963833, 9.048200446567310706 ) ) ;
#4444 = DIRECTION ( 'NONE',  ( 3.583126979299020263E-32, -1.000000000000000000, -3.111048790438776325E-16 ) ) ;
#4445 = CIRCLE ( 'NONE', #7981, 0.2500000000000002220 ) ;
#4446 = CIRCLE ( 'NONE', #5006, 17.00000000000000000 ) ;
#4447 = DIRECTION ( 'NONE',  ( 0.000000000000000000, 0.000000000000000000, 1.000000000000000000 ) ) ;
#4448 = CIRCLE ( 'NONE', #5387, 0.2500000000000002220 ) ;
#4449 = ORIENTED_EDGE ( 'NONE', *, *, #2182, .T. ) ;
#4450 = VERTEX_POINT ( 'NONE', #10872 ) ;
#4451 = AXIS2_PLACEMENT_3D ( 'NONE', #9853, #5503, #5451 ) ;
#4452 = ORIENTED_EDGE ( 'NONE', *, *, #2414, .T. ) ;
#4453 = DIRECTION ( 'NONE',  ( 0.000000000000000000, 0.000000000000000000, 1.000000000000000000 ) ) ;
#4454 = CARTESIAN_POINT ( 'NONE',  ( -16.79070179011731767, 1.095000000000040385, 2.659385905684000129 ) ) ;
#4455 = DIRECTION ( 'NONE',  ( 0.000000000000000000, 0.000000000000000000, -1.000000000000000000 ) ) ;
#4456 = VECTOR ( 'NONE', #2510, 1000.000000000000000 ) ;
#4457 = DIRECTION ( 'NONE',  ( -3.583126979299020263E-32, 1.000000000000000000, 3.111048790438776325E-16 ) ) ;
#4458 = ADVANCED_FACE ( 'NONE', ( #8886 ), #9879, .T. ) ;
#4459 = CARTESIAN_POINT ( 'NONE',  ( -1.540743955509788682E-30, -3.904999999999991811, 6.938893903907228378E-15 ) ) ;
#4460 = CONICAL_SURFACE ( 'NONE', #5590, 14.55114218134572468, 0.7853981633974396193 ) ;
#4461 = CARTESIAN_POINT ( 'NONE',  ( -1.540743955509788682E-30, -3.904999999999991811, 6.938893903907228378E-15 ) ) ;
#4462 = ORIENTED_EDGE ( 'NONE', *, *, #11350, .F. ) ;
#4463 = VERTEX_POINT ( 'NONE', #8133 ) ;
#4464 = ORIENTED_EDGE ( 'NONE', *, *, #7005, .T. ) ;
#4465 = EDGE_LOOP ( 'NONE', ( #5291, #3502, #6948, #1865 ) ) ;
#4466 = DIRECTION ( 'NONE',  ( -3.583126979299020263E-32, 1.000000000000000000, 3.111048790438776325E-16 ) ) ;
#4467 = DIRECTION ( 'NONE',  ( -3.583126979299020263E-32, 1.000000000000000000, 3.111048790438776325E-16 ) ) ;
#4468 = CARTESIAN_POINT ( 'NONE',  ( -2.025415480195034590, 94.12768161796614663, 16.87891264663062785 ) ) ;
#4469 = EDGE_CURVE ( 'NONE', #38, #8598, #5341, .T. ) ;
#4470 = VECTOR ( 'NONE', #7619, 1000.000000000000000 ) ;
#4471 = ORIENTED_EDGE ( 'NONE', *, *, #11309, .T. ) ;
#4472 = FACE_OUTER_BOUND ( 'NONE', #6713, .T. ) ;
#4473 = EDGE_CURVE ( 'NONE', #8098, #10764, #275, .T. ) ;
#4474 = CIRCLE ( 'NONE', #9864, 17.00000000000000000 ) ;
#4475 = AXIS2_PLACEMENT_3D ( 'NONE', #4461, #8021, #5521 ) ;
#4476 = EDGE_CURVE ( 'NONE', #8283, #10874, #9128, .T. ) ;
#4477 = ADVANCED_FACE ( 'NONE', ( #1137 ), #10819, .F. ) ;
#4478 = EDGE_CURVE ( 'NONE', #5524, #5032, #8018, .T. ) ;
#4479 = DIRECTION ( 'NONE',  ( 0.000000000000000000, 0.000000000000000000, 1.000000000000000000 ) ) ;
#4480 = VECTOR ( 'NONE', #8796, 1000.000000000000000 ) ;
#4481 = LINE ( 'NONE', #4367, #4456 ) ;
#4482 = CIRCLE ( 'NONE', #1134, 13.30114218134571580 ) ;
#4483 = ORIENTED_EDGE ( 'NONE', *, *, #10247, .F. ) ;
#4484 = DIRECTION ( 'NONE',  ( -3.583126979299020263E-32, 1.000000000000000000, 3.111048790438776325E-16 ) ) ;
#4485 = ORIENTED_EDGE ( 'NONE', *, *, #5528, .F. ) ;
#4487 = CIRCLE ( 'NONE', #4308, 0.2500000000000006661 ) ;
#4486 = CARTESIAN_POINT ( 'NONE',  ( -1.540743955509788682E-30, -3.904999999999991811, 6.938893903907228378E-15 ) ) ;
#4488 = VERTEX_POINT ( 'NONE', #9932 ) ;
#4489 = LINE ( 'NONE', #1802, #3496 ) ;
#4490 = VECTOR ( 'NONE', #11119, 1000.000000000000000 ) ;
#4491 = AXIS2_PLACEMENT_3D ( 'NONE', #11460, #4293, #7858 ) ;
#4492 = EDGE_CURVE ( 'NONE', #6817, #3701, #3181, .T. ) ;
#4493 = VECTOR ( 'NONE', #10148, 1000.000000000000000 ) ;
#4494 = FACE_OUTER_BOUND ( 'NONE', #188, .T. ) ;
#4495 = CARTESIAN_POINT ( 'NONE',  ( -14.11970190331939712, 1.095000000000012630, -9.467524394549926114 ) ) ;
#4496 = DIRECTION ( 'NONE',  ( -3.583126979299020263E-32, 1.000000000000000000, 3.111048790438776325E-16 ) ) ;
#4497 = CIRCLE ( 'NONE', #2820, 17.00000000000000355 ) ;
#4498 = EDGE_CURVE ( 'NONE', #9633, #4488, #5975, .T. ) ;
#4499 = CARTESIAN_POINT ( 'NONE',  ( -15.42691205650425701, -3.904999999999936300, -7.142155445023806948 ) ) ;
#4500 = AXIS2_PLACEMENT_3D ( 'NONE', #5253, #9777, #8806 ) ;
#4501 = DIRECTION ( 'NONE',  ( 0.000000000000000000, 0.000000000000000000, -1.000000000000000000 ) ) ;
#4502 = UNCERTAINTY_MEASURE_WITH_UNIT (LENGTH_MEASURE( 1.000000000000000082E-05 ), #2642, 'distance_accuracy_value', 'NONE');
#4503 = VECTOR ( 'NONE', #3971, 1000.000000000000000 ) ;
#4504 = EDGE_LOOP ( 'NONE', ( #4055, #1394, #323, #2789 ) ) ;
#4505 = EDGE_CURVE ( 'NONE', #9980, #522, #5642, .T. ) ;
#4506 = EDGE_LOOP ( 'NONE', ( #1340, #4941, #11296, #7161 ) ) ;
#4507 = CYLINDRICAL_SURFACE ( 'NONE', #2986, 0.2500000000000002220 ) ;
#4508 = ORIENTED_EDGE ( 'NONE', *, *, #2436, .F. ) ;
#4509 = EDGE_CURVE ( 'NONE', #8325, #10124, #3372, .T. ) ;
#4510 = VECTOR ( 'NONE', #3703, 1000.000000000000000 ) ;
#4511 = CARTESIAN_POINT ( 'NONE',  ( -15.42691205650429964, 1.095000000000068141, -7.142155445023695925 ) ) ;
#4512 = LINE ( 'NONE', #6372, #10967 ) ;
#4513 = FACE_OUTER_BOUND ( 'NONE', #4519, .T. ) ;
#4514 = CARTESIAN_POINT ( 'NONE',  ( -6.092255142270007084, 1.095000000000012630, 15.87086725045246816 ) ) ;
#4515 = EDGE_CURVE ( 'NONE', #9125, #7530, #7081, .T. ) ;
#4516 = CARTESIAN_POINT ( 'NONE',  ( -1.540743955509788682E-30, -28.40499999999998693, -6.938893903907228378E-15 ) ) ;
#4517 = AXIS2_PLACEMENT_3D ( 'NONE', #5880, #5935, #450 ) ;
#4518 = ORIENTED_EDGE ( 'NONE', *, *, #11392, .F. ) ;
#4519 = EDGE_LOOP ( 'NONE', ( #4145, #6168 ) ) ;
#4520 = ORIENTED_EDGE ( 'NONE', *, *, #9430, .T. ) ;
#4521 = FACE_OUTER_BOUND ( 'NONE', #2792, .T. ) ;
#4522 = FACE_OUTER_BOUND ( 'NONE', #810, .T. ) ;
#4523 = DIRECTION ( 'NONE',  ( 1.590907862337732589E-31, -1.000000000000000000, -3.111048790438772381E-16 ) ) ;
#4524 = CARTESIAN_POINT ( 'NONE',  ( -1.540743955509788682E-30, 39.99999999999997868, 1.387778780781445676E-14 ) ) ;
#4525 = ORIENTED_EDGE ( 'NONE', *, *, #10523, .T. ) ;
#4526 = EDGE_CURVE ( 'NONE', #8295, #9158, #9349, .T. ) ;
#4527 = DIRECTION ( 'NONE',  ( 0.000000000000000000, 0.000000000000000000, 1.000000000000000000 ) ) ;
#4528 = DIRECTION ( 'NONE',  ( -1.120801499359495711E-31, -1.000000000000000000, -3.111048790438776325E-16 ) ) ;
#4529 = CARTESIAN_POINT ( 'NONE',  ( 16.08896035120128687, 94.12768161796603295, -5.490478559968349437 ) ) ;
#4530 = VERTEX_POINT ( 'NONE', #9281 ) ;
#4531 = ORIENTED_EDGE ( 'NONE', *, *, #7184, .F. ) ;
#4532 = EDGE_LOOP ( 'NONE', ( #9057, #5220, #5174, #6107 ) ) ;
#4533 = VERTEX_POINT ( 'NONE', #1364 ) ;
#4534 = CYLINDRICAL_SURFACE ( 'NONE', #2057, 0.2500000000000002220 ) ;
#4535 = DIRECTION ( 'NONE',  ( -1.110223024625156540E-16, -3.061276722312012491E-16, 1.000000000000000000 ) ) ;
#4536 = LINE ( 'NONE', #8089, #1205 ) ;
#4537 = DIRECTION ( 'NONE',  ( 0.000000000000000000, 0.000000000000000000, 1.000000000000000000 ) ) ;
#4538 = ORIENTED_EDGE ( 'NONE', *, *, #10412, .F. ) ;
#4539 = CARTESIAN_POINT ( 'NONE',  ( 2.906013752374403847, -3.904999999999936300, -16.74977862752254154 ) ) ;
#4540 = EDGE_CURVE ( 'NONE', #9299, #5985, #8529, .T. ) ;
#4541 = EDGE_CURVE ( 'NONE', #8707, #9008, #6162, .T. ) ;
#4542 = EDGE_CURVE ( 'NONE', #4533, #1058, #5044, .T. ) ;
#4543 = CYLINDRICAL_SURFACE ( 'NONE', #9723, 0.2500000000000002220 ) ;
#4544 = CYLINDRICAL_SURFACE ( 'NONE', #10411, 0.2500000000000004441 ) ;
#4545 = VERTEX_POINT ( 'NONE', #5690 ) ;
#4546 = CARTESIAN_POINT ( 'NONE',  ( -1.540743955509788682E-30, -3.904999999999991811, 6.938893903907228378E-15 ) ) ;
#4547 = DIRECTION ( 'NONE',  ( -3.583126979299020263E-32, 1.000000000000000000, 3.111048790438776325E-16 ) ) ;
#4548 = ORIENTED_EDGE ( 'NONE', *, *, #3270, .F. ) ;
#4549 = EDGE_CURVE ( 'NONE', #3507, #11383, #7836, .T. ) ;
#4550 = DIRECTION ( 'NONE',  ( 3.583126979299020263E-32, -1.000000000000000000, -3.111048790438776325E-16 ) ) ;
#4551 = EDGE_CURVE ( 'NONE', #4982, #135, #4296, .T. ) ;
#4552 = ADVANCED_FACE ( 'NONE', ( #10151 ), #1242, .F. ) ;
#4553 = CARTESIAN_POINT ( 'NONE',  ( 14.25739965507227858, 94.12768161796608979, 9.258863595255364842 ) ) ;
#4554 = EDGE_CURVE ( 'NONE', #112, #9880, #4487, .T. ) ;
#4555 = ORIENTED_EDGE ( 'NONE', *, *, #7534, .T. ) ;
#4556 = LINE ( 'NONE', #5606, #3580 ) ;
#4557 = CARTESIAN_POINT ( 'NONE',  ( -1.540743955509788682E-30, 39.99999999999997868, 1.387778780781445676E-14 ) ) ;
#4558 = ORIENTED_EDGE ( 'NONE', *, *, #6603, .F. ) ;
#4559 = ORIENTED_EDGE ( 'NONE', *, *, #6815, .T. ) ;
#4560 = CARTESIAN_POINT ( 'NONE',  ( -16.62850921247467184, 94.12768161796614663, 3.534498743902013462 ) ) ;
#4561 = ORIENTED_EDGE ( 'NONE', *, *, #3898, .T. ) ;
#4562 = EDGE_CURVE ( 'NONE', #7122, #2076, #731, .T. ) ;
#4563 = DIRECTION ( 'NONE',  ( 0.000000000000000000, 0.000000000000000000, -1.000000000000000000 ) ) ;
#4564 = DIRECTION ( 'NONE',  ( -3.583126979299020263E-32, 1.000000000000000000, 3.111048790438776325E-16 ) ) ;
#4565 = CARTESIAN_POINT ( 'NONE',  ( -1.540743955509788682E-30, 39.99999999999997868, 1.387778780781445676E-14 ) ) ;
#4566 = CIRCLE ( 'NONE', #5874, 0.2500000000000006661 ) ;
#4567 = EDGE_CURVE ( 'NONE', #4901, #2634, #11001, .T. ) ;
#4568 = FACE_OUTER_BOUND ( 'NONE', #9336, .T. ) ;
#4569 = DIRECTION ( 'NONE',  ( 0.000000000000000000, 0.000000000000000000, -1.000000000000000000 ) ) ;
#4570 = VERTEX_POINT ( 'NONE', #8360 ) ;
#4571 = ORIENTED_EDGE ( 'NONE', *, *, #5479, .T. ) ;
#4572 = ORIENTED_EDGE ( 'NONE', *, *, #3004, .F. ) ;
#4573 = VECTOR ( 'NONE', #8830, 1000.000000000000000 ) ;
#4574 = DIRECTION ( 'NONE',  ( -1.110223024625156540E-16, -4.081702296416015997E-16, 1.000000000000000000 ) ) ;
#4575 = DIRECTION ( 'NONE',  ( -3.583126979299020263E-32, 1.000000000000000000, 3.111048790438776325E-16 ) ) ;
#4576 = CARTESIAN_POINT ( 'NONE',  ( 1.139265684969680281, -3.904999999999991811, 16.96178273941306003 ) ) ;
#4577 = DIRECTION ( 'NONE',  ( -1.110223024625156540E-16, -3.061276722312012491E-16, 1.000000000000000000 ) ) ;
#4578 = ORIENTED_EDGE ( 'NONE', *, *, #9408, .T. ) ;
#4579 = DIRECTION ( 'NONE',  ( 2.330464960982432251E-31, -1.000000000000000000, -3.111048790438776325E-16 ) ) ;
#4580 = EDGE_CURVE ( 'NONE', #9304, #10880, #1194, .T. ) ;
#4581 = CIRCLE ( 'NONE', #2906, 17.00000000000000355 ) ;
#4582 = CARTESIAN_POINT ( 'NONE',  ( -1.540743955509788682E-30, -3.904999999999991811, 6.938893903907228378E-15 ) ) ;
#4583 = DIRECTION ( 'NONE',  ( -3.583126979299020263E-32, 1.000000000000000000, 3.111048790438776325E-16 ) ) ;
#4584 = EDGE_LOOP ( 'NONE', ( #7449, #5154, #7105, #22 ) ) ;
#4585 = ORIENTED_EDGE ( 'NONE', *, *, #3619, .F. ) ;
#4586 = ORIENTED_EDGE ( 'NONE', *, *, #5047, .F. ) ;
#4587 = ORIENTED_EDGE ( 'NONE', *, *, #8650, .T. ) ;
#4588 = DIRECTION ( 'NONE',  ( -3.583126979299020263E-32, 1.000000000000000000, 3.111048790438776325E-16 ) ) ;
#4589 = DIRECTION ( 'NONE',  ( -1.110223024625156540E-16, -4.081702296416015997E-16, 1.000000000000000000 ) ) ;
#4590 = CARTESIAN_POINT ( 'NONE',  ( -1.540743955509788682E-30, 39.99999999999997868, 1.387778780781445676E-14 ) ) ;
#4591 = ORIENTED_EDGE ( 'NONE', *, *, #3682, .F. ) ;
#4592 = CARTESIAN_POINT ( 'NONE',  ( 1.540743955509788682E-30, -23.15500000000000824, 0.000000000000000000 ) ) ;
#4593 = CIRCLE ( 'NONE', #2921, 17.00000000000000355 ) ;
#4594 = CARTESIAN_POINT ( 'NONE',  ( -16.90687222126062750, -3.904999999999963833, 1.776983875550176784 ) ) ;
#4595 = FACE_OUTER_BOUND ( 'NONE', #3483, .T. ) ;
#4596 = EDGE_CURVE ( 'NONE', #11443, #2219, #486, .T. ) ;
#4597 = ORIENTED_EDGE ( 'NONE', *, *, #5506, .F. ) ;
#4598 = DIRECTION ( 'NONE',  ( -3.583126979299020263E-32, 1.000000000000000000, 3.111048790438776325E-16 ) ) ;
#4599 = DIRECTION ( 'NONE',  ( -1.110223024625156540E-16, -2.721134864277344655E-16, 1.000000000000000000 ) ) ;
#4600 = DIRECTION ( 'NONE',  ( -1.110223024625156540E-16, -4.081702296416015997E-16, 1.000000000000000000 ) ) ;
#4601 = ORIENTED_EDGE ( 'NONE', *, *, #7331, .T. ) ;
#4602 = CARTESIAN_POINT ( 'NONE',  ( -1.540743955509788682E-30, -3.904999999999991811, 6.938893903907228378E-15 ) ) ;
#4603 = ADVANCED_FACE ( 'NONE', ( #6662 ), #4978, .F. ) ;
#4604 = CARTESIAN_POINT ( 'NONE',  ( -11.37522030810051632, 94.12768161796608979, 12.63346203311580673 ) ) ;
#4605 = ORIENTED_EDGE ( 'NONE', *, *, #2441, .F. ) ;
#4606 = EDGE_CURVE ( 'NONE', #4268, #2773, #8394, .T. ) ;
#4607 = VECTOR ( 'NONE', #3060, 1000.000000000000000 ) ;
#4608 = DIRECTION ( 'NONE',  ( -3.583126979299020263E-32, 1.000000000000000000, 3.111048790438776325E-16 ) ) ;
#4609 = ADVANCED_FACE ( 'NONE', ( #6608 ), #10272, .T. ) ;
#4610 = CARTESIAN_POINT ( 'NONE',  ( -16.93117546539302509, 94.12768161796614663, -1.528167975084156138 ) ) ;
#4611 = VERTEX_POINT ( 'NONE', #5215 ) ;
#4612 = ORIENTED_EDGE ( 'NONE', *, *, #5404, .F. ) ;
#4613 = VERTEX_POINT ( 'NONE', #10503 ) ;
#4614 = CARTESIAN_POINT ( 'NONE',  ( -1.540743955509788682E-30, 39.99999999999997868, 1.387778780781445676E-14 ) ) ;
#4615 = VERTEX_POINT ( 'NONE', #1544 ) ;
#4616 = EDGE_CURVE ( 'NONE', #5565, #4108, #4278, .T. ) ;
#4617 = EDGE_CURVE ( 'NONE', #6334, #7551, #716, .T. ) ;
#4618 = CARTESIAN_POINT ( 'NONE',  ( -1.540743955509788682E-30, 39.99999999999997868, 1.387778780781445676E-14 ) ) ;
#4619 = CARTESIAN_POINT ( 'NONE',  ( -1.540743955509788682E-30, -3.904999999999991811, 6.938893903907228378E-15 ) ) ;
#4620 = AXIS2_PLACEMENT_3D ( 'NONE', #11345, #11414, #5223 ) ;
#4621 = CARTESIAN_POINT ( 'NONE',  ( -8.715581380431483893, 94.12768161796608979, -14.59584328502723594 ) ) ;
#4622 = ADVANCED_FACE ( 'NONE', ( #7776 ), #6842, .F. ) ;
#4623 = CIRCLE ( 'NONE', #1827, 0.2500000000000002220 ) ;
#4624 = EDGE_CURVE ( 'NONE', #9882, #1031, #3893, .T. ) ;
#4625 = CARTESIAN_POINT ( 'NONE',  ( -1.540743955509788682E-30, 39.99999999999997868, 1.387778780781445676E-14 ) ) ;
#4626 = AXIS2_PLACEMENT_3D ( 'NONE', #7486, #5630, #366 ) ;
#4627 = ORIENTED_EDGE ( 'NONE', *, *, #10814, .T. ) ;
#4628 = ORIENTED_EDGE ( 'NONE', *, *, #8824, .T. ) ;
#4629 = VERTEX_POINT ( 'NONE', #611 ) ;
#4630 = CARTESIAN_POINT ( 'NONE',  ( 9.258863595255272472, -3.904999999999936300, -14.25739965507232654 ) ) ;
#4631 = CARTESIAN_POINT ( 'NONE',  ( 4.399923766742972475, 94.12768161796614663, 16.17073904691415009 ) ) ;
#4632 = AXIS2_PLACEMENT_3D ( 'NONE', #5733, #6655, #537 ) ;
#4633 = LINE ( 'NONE', #3754, #5381 ) ;
#4634 = CARTESIAN_POINT ( 'NONE',  ( -15.87086725045243263, -3.904999999999963833, -6.092255142270075474 ) ) ;
#4635 = ORIENTED_EDGE ( 'NONE', *, *, #8252, .T. ) ;
#4636 = DIRECTION ( 'NONE',  ( -3.583126979299020263E-32, 1.000000000000000000, 3.111048790438776325E-16 ) ) ;
#4637 = AXIS2_PLACEMENT_3D ( 'NONE', #7451, #4828, #9025 ) ;
#4638 = DIRECTION ( 'NONE',  ( 0.000000000000000000, 0.000000000000000000, -1.000000000000000000 ) ) ;
#4639 = EDGE_CURVE ( 'NONE', #9665, #8581, #5212, .T. ) ;
#4640 = AXIS2_PLACEMENT_3D ( 'NONE', #7233, #10906, #9919 ) ;
#4641 = CARTESIAN_POINT ( 'NONE',  ( 16.79070179011734965, -3.904999999999963833, 2.659385905683771423 ) ) ;
#4642 = AXIS2_PLACEMENT_3D ( 'NONE', #8422, #480, #5035 ) ;
#4643 = CARTESIAN_POINT ( 'NONE',  ( 16.62850921247471447, 94.12768161796614663, 3.534498743901777651 ) ) ;
#4644 = ORIENTED_EDGE ( 'NONE', *, *, #1689, .T. ) ;
#4645 = EDGE_LOOP ( 'NONE', ( #4005, #9335, #4254, #6264 ) ) ;
#4646 = ORIENTED_EDGE ( 'NONE', *, *, #9708, .T. ) ;
#4647 = DIRECTION ( 'NONE',  ( -3.812444007147977456E-32, -1.000000000000000000, -3.111048790438772381E-16 ) ) ;
#4648 = CARTESIAN_POINT ( 'NONE',  ( -7.142155445023749216, -3.904999999999991811, 15.42691205650432273 ) ) ;
#4649 = CARTESIAN_POINT ( 'NONE',  ( 4.399923766742972475, -3.904999999999991811, 16.42073904691412167 ) ) ;
#4650 = EDGE_CURVE ( 'NONE', #5813, #9971, #11283, .T. ) ;
#4651 = ORIENTED_EDGE ( 'NONE', *, *, #8606, .F. ) ;
#4652 = LINE ( 'NONE', #2132, #3683 ) ;
#4653 = AXIS2_PLACEMENT_3D ( 'NONE', #2702, #6261, #8934 ) ;
#4654 = AXIS2_PLACEMENT_3D ( 'NONE', #1513, #5080, #8628 ) ;
#4655 = FACE_OUTER_BOUND ( 'NONE', #7710, .T. ) ;
#4656 = DIRECTION ( 'NONE',  ( 0.000000000000000000, 0.000000000000000000, -1.000000000000000000 ) ) ;
#4657 = VECTOR ( 'NONE', #3150, 1000.000000000000000 ) ;
#4658 = CARTESIAN_POINT ( 'NONE',  ( -7.939749563561862900, 94.12768161796620348, -15.03197847483549943 ) ) ;
#4659 = ORIENTED_EDGE ( 'NONE', *, *, #5961, .T. ) ;
#4660 = CYLINDRICAL_SURFACE ( 'NONE', #764, 0.2500000000000002220 ) ;
#4661 = CARTESIAN_POINT ( 'NONE',  ( 1.776983875549883241, 94.12768161796620348, -16.90687222126063460 ) ) ;
#4662 = VERTEX_POINT ( 'NONE', #786 ) ;
#4663 = DIRECTION ( 'NONE',  ( -3.583126979299020263E-32, 1.000000000000000000, 3.111048790438776325E-16 ) ) ;
#4664 = CIRCLE ( 'NONE', #6326, 0.2500000000000002220 ) ;
#4665 = AXIS2_PLACEMENT_3D ( 'NONE', #5654, #3712, #1855 ) ;
#4666 = CARTESIAN_POINT ( 'NONE',  ( 10.89157104706471912, -3.904999999999991811, 13.05272692301275050 ) ) ;
#4667 = DIRECTION ( 'NONE',  ( 3.583126979299020263E-32, -1.000000000000000000, -3.111048790438776325E-16 ) ) ;
#4668 = CIRCLE ( 'NONE', #1877, 0.2500000000000002220 ) ;
#4669 = ADVANCED_FACE ( 'NONE', ( #4280 ), #5277, .F. ) ;
#4670 = AXIS2_PLACEMENT_3D ( 'NONE', #2556, #3654, #7206 ) ;
#4671 = CARTESIAN_POINT ( 'NONE',  ( 6.914522932288407198, -3.904999999999936300, -15.53027277992429589 ) ) ;
#4672 = CIRCLE ( 'NONE', #7071, 0.2500000000000002220 ) ;
#4673 = AXIS2_PLACEMENT_3D ( 'NONE', #376, #4926, #8476 ) ;
#4674 = CARTESIAN_POINT ( 'NONE',  ( -1.540743955509788682E-30, -3.904999999999991811, 6.938893903907228378E-15 ) ) ;
#4675 = EDGE_LOOP ( 'NONE', ( #3477, #735, #6724, #11432 ) ) ;
#4676 = LINE ( 'NONE', #8233, #1124 ) ;
#4677 = AXIS2_PLACEMENT_3D ( 'NONE', #3003, #4636, #316 ) ;
#4678 = ORIENTED_EDGE ( 'NONE', *, *, #2212, .T. ) ;
#4679 = EDGE_CURVE ( 'NONE', #529, #489, #7846, .T. ) ;
#4680 = AXIS2_PLACEMENT_3D ( 'NONE', #4751, #318, #8358 ) ;
#4681 = EDGE_LOOP ( 'NONE', ( #9976, #3442, #3570, #6843 ) ) ;
#4682 = DIRECTION ( 'NONE',  ( 0.000000000000000000, 0.000000000000000000, -1.000000000000000000 ) ) ;
#4683 = DIRECTION ( 'NONE',  ( -3.583126979299020263E-32, 1.000000000000000000, 3.111048790438776325E-16 ) ) ;
#4684 = VECTOR ( 'NONE', #8481, 1000.000000000000000 ) ;
#4685 = DIRECTION ( 'NONE',  ( -3.583126979299020263E-32, 1.000000000000000000, 3.111048790438776325E-16 ) ) ;
#4686 = EDGE_CURVE ( 'NONE', #11105, #10080, #948, .T. ) ;
#4687 = AXIS2_PLACEMENT_3D ( 'NONE', #2907, #6451, #1922 ) ;
#4688 = CIRCLE ( 'NONE', #7284, 0.2500000000000006661 ) ;
#4689 = VECTOR ( 'NONE', #2518, 1000.000000000000000 ) ;
#4690 = EDGE_CURVE ( 'NONE', #7173, #7370, #3384, .T. ) ;
#4691 = DIRECTION ( 'NONE',  ( -1.110223024625156540E-16, -3.061276722312012491E-16, 1.000000000000000000 ) ) ;
#4692 = VERTEX_POINT ( 'NONE', #7720 ) ;
#4693 = VERTEX_POINT ( 'NONE', #1648 ) ;
#4694 = ORIENTED_EDGE ( 'NONE', *, *, #9735, .F. ) ;
#4695 = DIRECTION ( 'NONE',  ( -3.583126979299020263E-32, 1.000000000000000000, 3.111048790438776325E-16 ) ) ;
#4696 = CYLINDRICAL_SURFACE ( 'NONE', #10530, 0.2500000000000006661 ) ;
#4697 = LINE ( 'NONE', #269, #5753 ) ;
#4698 = EDGE_CURVE ( 'NONE', #11494, #1303, #4391, .T. ) ;
#4699 = EDGE_CURVE ( 'NONE', #5893, #5599, #8949, .T. ) ;
#4700 = ORIENTED_EDGE ( 'NONE', *, *, #1470, .F. ) ;
#4701 = DIRECTION ( 'NONE',  ( 0.000000000000000000, 0.000000000000000000, -1.000000000000000000 ) ) ;
#4702 = DIRECTION ( 'NONE',  ( -3.583126979299020263E-32, 1.000000000000000000, 3.111048790438776325E-16 ) ) ;
#4703 = AXIS2_PLACEMENT_3D ( 'NONE', #1280, #4909, #2279 ) ;
#4704 = DIRECTION ( 'NONE',  ( -6.277634335963640990E-32, -1.000000000000000000, -3.111048790438772381E-16 ) ) ;
#4705 = AXIS2_PLACEMENT_3D ( 'NONE', #4244, #2562, #5135 ) ;
#4706 = CYLINDRICAL_SURFACE ( 'NONE', #5608, 0.2500000000000002220 ) ;
#4707 = ORIENTED_EDGE ( 'NONE', *, *, #10076, .T. ) ;
#4708 = EDGE_LOOP ( 'NONE', ( #10180, #10544, #10473, #7262 ) ) ;
#4709 = ORIENTED_EDGE ( 'NONE', *, *, #7785, .T. ) ;
#4710 = DIRECTION ( 'NONE',  ( 0.000000000000000000, 0.000000000000000000, 1.000000000000000000 ) ) ;
#4711 = CARTESIAN_POINT ( 'NONE',  ( -12.19628736797961821, 94.12768161796608979, 11.84274353507925426 ) ) ;
#4712 = CARTESIAN_POINT ( 'NONE',  ( 13.60485940014302209, 1.095000000000040385, 10.19351758238242667 ) ) ;
#4713 = ORIENTED_EDGE ( 'NONE', *, *, #5839, .F. ) ;
#4714 = DIRECTION ( 'NONE',  ( 0.000000000000000000, 0.000000000000000000, 1.000000000000000000 ) ) ;
#4715 = CARTESIAN_POINT ( 'NONE',  ( -16.99816176470587337, -3.905000000000019789, 0.2499932416908379196 ) ) ;
#4716 = DIRECTION ( 'NONE',  ( -3.583126979299020263E-32, 1.000000000000000000, 3.111048790438776325E-16 ) ) ;
#4717 = EDGE_CURVE ( 'NONE', #2932, #974, #3359, .T. ) ;
#4718 = CARTESIAN_POINT ( 'NONE',  ( -16.99816176470587692, 1.094999999999984874, 0.2499932416905117916 ) ) ;
#4719 = ORIENTED_EDGE ( 'NONE', *, *, #3861, .F. ) ;
#4720 = DIRECTION ( 'NONE',  ( -1.110223024625156540E-16, -3.061276722312012491E-16, 1.000000000000000000 ) ) ;
#4721 = DIRECTION ( 'NONE',  ( 3.583126979299020263E-32, -1.000000000000000000, -3.111048790438776325E-16 ) ) ;
#4722 = DIRECTION ( 'NONE',  ( -1.110223024625156540E-16, -3.061276722312011998E-16, 1.000000000000000000 ) ) ;
#4723 = VERTEX_POINT ( 'NONE', #1712 ) ;
#4724 = FACE_OUTER_BOUND ( 'NONE', #9621, .T. ) ;
#4725 = CARTESIAN_POINT ( 'NONE',  ( -9.467524394549874600, 94.12768161796620348, 14.11970190331949482 ) ) ;
#4726 = DIRECTION ( 'NONE',  ( 0.000000000000000000, 0.000000000000000000, -1.000000000000000000 ) ) ;
#4727 = DIRECTION ( 'NONE',  ( 0.000000000000000000, 0.000000000000000000, -1.000000000000000000 ) ) ;
#4728 = DIRECTION ( 'NONE',  ( -2.106877630885760906E-31, -1.000000000000000000, -3.111048790438776325E-16 ) ) ;
#4729 = EDGE_CURVE ( 'NONE', #7912, #1139, #4166, .T. ) ;
#4730 = CARTESIAN_POINT ( 'NONE',  ( 16.74977862752252733, 94.12768161796614663, 2.906013752374398074 ) ) ;
#4731 = VERTEX_POINT ( 'NONE', #5982 ) ;
#4732 = VERTEX_POINT ( 'NONE', #11500 ) ;
#4733 = CARTESIAN_POINT ( 'NONE',  ( 4.399923766742972475, 1.095000000000012630, 16.17073904691412167 ) ) ;
#4734 = VERTEX_POINT ( 'NONE', #9577 ) ;
#4735 = ORIENTED_EDGE ( 'NONE', *, *, #11418, .T. ) ;
#4736 = CARTESIAN_POINT ( 'NONE',  ( -1.540743955509788682E-30, 39.99999999999997868, 1.387778780781445676E-14 ) ) ;
#4737 = ORIENTED_EDGE ( 'NONE', *, *, #4679, .F. ) ;
#4738 = CARTESIAN_POINT ( 'NONE',  ( 16.48366646006516945, 94.12768161796603295, -4.157973067892776875 ) ) ;
#4739 = EDGE_LOOP ( 'NONE', ( #5388, #3635, #875, #11445 ) ) ;
#4740 = DIRECTION ( 'NONE',  ( 0.000000000000000000, 0.000000000000000000, 1.000000000000000000 ) ) ;
#4741 = ORIENTED_EDGE ( 'NONE', *, *, #5229, .F. ) ;
#4742 = EDGE_LOOP ( 'NONE', ( #4805, #11155, #3936, #3596 ) ) ;
#4743 = ORIENTED_EDGE ( 'NONE', *, *, #4639, .F. ) ;
#4744 = DIRECTION ( 'NONE',  ( 0.000000000000000000, 0.000000000000000000, -1.000000000000000000 ) ) ;
#4745 = CARTESIAN_POINT ( 'NONE',  ( 16.93117546539301088, -3.904999999999991811, -1.528167975084302022 ) ) ;
#4746 = DIRECTION ( 'NONE',  ( -3.583126979299020263E-32, 1.000000000000000000, 3.111048790438776325E-16 ) ) ;
#4747 = AXIS2_PLACEMENT_3D ( 'NONE', #5475, #1911, #10996 ) ;
#4748 = ORIENTED_EDGE ( 'NONE', *, *, #5771, .T. ) ;
#4749 = CYLINDRICAL_SURFACE ( 'NONE', #3742, 0.2500000000000002220 ) ;
#4750 = EDGE_CURVE ( 'NONE', #6990, #4084, #1663, .T. ) ;
#4751 = CARTESIAN_POINT ( 'NONE',  ( -1.540743955509788682E-30, 39.99999999999997868, 1.387778780781445676E-14 ) ) ;
#4752 = ADVANCED_FACE ( 'NONE', ( #10324 ), #5917, .F. ) ;
#4753 = DIRECTION ( 'NONE',  ( -1.110223024625156540E-16, -4.081702296416015997E-16, 1.000000000000000000 ) ) ;
#4754 = EDGE_CURVE ( 'NONE', #9015, #9491, #90, .T. ) ;
#4755 = AXIS2_PLACEMENT_3D ( 'NONE', #3122, #6740, #5818 ) ;
#4756 = DIRECTION ( 'NONE',  ( -6.277634335963632232E-32, -1.000000000000000000, -3.111048790438776325E-16 ) ) ;
#4757 = EDGE_LOOP ( 'NONE', ( #5691, #3, #5529, #6734 ) ) ;
#4758 = EDGE_CURVE ( 'NONE', #3831, #2536, #7251, .T. ) ;
#4759 = EDGE_LOOP ( 'NONE', ( #8846, #6391, #11250, #11482 ) ) ;
#4760 = EDGE_LOOP ( 'NONE', ( #6584, #1079, #6390, #7492 ) ) ;
#4761 = DIRECTION ( 'NONE',  ( 1.344388829456166400E-31, -1.000000000000000000, -3.111048790438772381E-16 ) ) ;
#4762 = CARTESIAN_POINT ( 'NONE',  ( 15.53027277992426214, -3.904999999999991811, 6.664522932288474699 ) ) ;
#4763 = FACE_OUTER_BOUND ( 'NONE', #3525, .T. ) ;
#4764 = CYLINDRICAL_SURFACE ( 'NONE', #7224, 17.00000000000000355 ) ;
#4765 = VECTOR ( 'NONE', #3286, 1000.000000000000000 ) ;
#4766 = DIRECTION ( 'NONE',  ( -1.110223024625156540E-16, -4.081702296416015997E-16, 1.000000000000000000 ) ) ;
#4767 = CARTESIAN_POINT ( 'NONE',  ( 14.25739965507227858, 94.12768161796608979, 9.258863595255364842 ) ) ;
#4768 = DIRECTION ( 'NONE',  ( -1.110223024625156540E-16, -3.061276722312012491E-16, 1.000000000000000000 ) ) ;
#4769 = ORIENTED_EDGE ( 'NONE', *, *, #8120, .T. ) ;
#4770 = AXIS2_PLACEMENT_3D ( 'NONE', #9197, #3032, #6575 ) ;
#4771 = CYLINDRICAL_SURFACE ( 'NONE', #7860, 0.2500000000000002220 ) ;
#4772 = ORIENTED_EDGE ( 'NONE', *, *, #7753, .F. ) ;
#4773 = FACE_OUTER_BOUND ( 'NONE', #9566, .T. ) ;
#4774 = CARTESIAN_POINT ( 'NONE',  ( -1.540743955509788682E-30, -3.904999999999991811, 6.938893903907228378E-15 ) ) ;
#4775 = CARTESIAN_POINT ( 'NONE',  ( -13.75328890437404894, -3.904999999999963833, 9.992349288972107502 ) ) ;
#4776 = DIRECTION ( 'NONE',  ( -1.110223024625156540E-16, -3.061276722312012491E-16, 1.000000000000000000 ) ) ;
#4777 = EDGE_CURVE ( 'NONE', #5149, #4035, #10209, .T. ) ;
#4778 = EDGE_CURVE ( 'NONE', #3507, #6889, #143, .T. ) ;
#4779 = CARTESIAN_POINT ( 'NONE',  ( -12.63346203311571081, 94.12768161796608979, -11.37522030810052875 ) ) ;
#4780 = ORIENTED_EDGE ( 'NONE', *, *, #6815, .F. ) ;
#4781 = ORIENTED_EDGE ( 'NONE', *, *, #10795, .T. ) ;
#4782 = EDGE_LOOP ( 'NONE', ( #831, #7897, #7780, #8953 ) ) ;
#4783 = ORIENTED_EDGE ( 'NONE', *, *, #9235, .T. ) ;
#4784 = EDGE_CURVE ( 'NONE', #1930, #5470, #1283, .T. ) ;
#4785 = CARTESIAN_POINT ( 'NONE',  ( 16.62850921247471447, 1.095000000000040385, 3.534498743901735907 ) ) ;
#4786 = VECTOR ( 'NONE', #5466, 1000.000000000000000 ) ;
#4787 = VERTEX_POINT ( 'NONE', #3684 ) ;
#4788 = CARTESIAN_POINT ( 'NONE',  ( 16.82799374557757943, 94.12768161796614663, -2.412182932283776893 ) ) ;
#4789 = ORIENTED_EDGE ( 'NONE', *, *, #3770, .F. ) ;
#4790 = LINE ( 'NONE', #9334, #2602 ) ;
#4791 = ORIENTED_EDGE ( 'NONE', *, *, #10363, .F. ) ;
#4792 = ORIENTED_EDGE ( 'NONE', *, *, #5588, .T. ) ;
#4793 = LINE ( 'NONE', #9268, #2196 ) ;
#4794 = DIRECTION ( 'NONE',  ( 1.837426895219299873E-31, -1.000000000000000000, -3.111048790438776325E-16 ) ) ;
#4795 = DIRECTION ( 'NONE',  ( -3.583126979299020263E-32, 1.000000000000000000, 3.111048790438776325E-16 ) ) ;
#4796 = DIRECTION ( 'NONE',  ( 1.590907862337732589E-31, -1.000000000000000000, -3.111048790438772381E-16 ) ) ;
#4797 = EDGE_LOOP ( 'NONE', ( #7208, #324, #9282, #6685 ) ) ;
#4798 = CARTESIAN_POINT ( 'NONE',  ( 6.092255142269897839, 94.12768161796620348, -15.87086725045247526 ) ) ;
#4799 = EDGE_CURVE ( 'NONE', #598, #10459, #7279, .T. ) ;
#4800 = AXIS2_PLACEMENT_3D ( 'NONE', #994, #4550, #8101 ) ;
#4801 = FACE_OUTER_BOUND ( 'NONE', #5656, .T. ) ;
#4802 = DIRECTION ( 'NONE',  ( 3.583126979299020263E-32, -1.000000000000000000, -3.111048790438776325E-16 ) ) ;
#4803 = AXIS2_PLACEMENT_3D ( 'NONE', #1486, #7677, #11240 ) ;
#4804 = VERTEX_POINT ( 'NONE', #5507 ) ;
#4805 = ORIENTED_EDGE ( 'NONE', *, *, #2905, .T. ) ;
#4806 = VERTEX_POINT ( 'NONE', #10799 ) ;
#4807 = CARTESIAN_POINT ( 'NONE',  ( 3.289586263734189497, 94.12768161796620348, -16.67868766460508922 ) ) ;
#4808 = CIRCLE ( 'NONE', #6448, 17.00000000000000355 ) ;
#4809 = FACE_OUTER_BOUND ( 'NONE', #8789, .T. ) ;
#4810 = LINE ( 'NONE', #8435, #647 ) ;
#4811 = CARTESIAN_POINT ( 'NONE',  ( 12.46481782867087063, 1.095000000000040385, 11.55977147257023674 ) ) ;
#4812 = VECTOR ( 'NONE', #8895, 1000.000000000000000 ) ;
#4813 = EDGE_CURVE ( 'NONE', #11041, #10810, #6690, .T. ) ;
#4814 = AXIS2_PLACEMENT_3D ( 'NONE', #9447, #10196, #5034 ) ;
#4815 = DIRECTION ( 'NONE',  ( -3.583126979299015884E-32, 1.000000000000000000, 3.111048790438772381E-16 ) ) ;
#4816 = AXIS2_PLACEMENT_3D ( 'NONE', #3859, #10809, #7193 ) ;
#4817 = DIRECTION ( 'NONE',  ( 1.837426895219299873E-31, -1.000000000000000000, -3.111048790438776325E-16 ) ) ;
#4818 = CIRCLE ( 'NONE', #2211, 17.00000000000000355 ) ;
#4819 = FACE_OUTER_BOUND ( 'NONE', #7043, .T. ) ;
#4820 = EDGE_CURVE ( 'NONE', #5536, #10207, #2816, .T. ) ;
#4821 = ORIENTED_EDGE ( 'NONE', *, *, #10537, .F. ) ;
#4822 = CARTESIAN_POINT ( 'NONE',  ( -12.79937408746696725, -3.904999999999963833, 11.18820910463686680 ) ) ;
#4823 = CARTESIAN_POINT ( 'NONE',  ( -11.37522030810051632, 94.12768161796608979, 12.63346203311580673 ) ) ;
#4824 = FACE_OUTER_BOUND ( 'NONE', #6437, .T. ) ;
#4825 = DIRECTION ( 'NONE',  ( 0.000000000000000000, 0.000000000000000000, -1.000000000000000000 ) ) ;
#4826 = ORIENTED_EDGE ( 'NONE', *, *, #784, .F. ) ;
#4827 = CIRCLE ( 'NONE', #5765, 17.00000000000000000 ) ;
#4828 = DIRECTION ( 'NONE',  ( -3.583126979299020263E-32, 1.000000000000000000, 3.111048790438776325E-16 ) ) ;
#4829 = CARTESIAN_POINT ( 'NONE',  ( 1.540743955509788682E-30, -24.90500000000001180, -1.387778780781445676E-14 ) ) ;
#4830 = EDGE_CURVE ( 'NONE', #10102, #6817, #5562, .T. ) ;
#4831 = EDGE_CURVE ( 'NONE', #1653, #4382, #953, .T. ) ;
#4832 = AXIS2_PLACEMENT_3D ( 'NONE', #4625, #8178, #3582 ) ;
#4833 = VECTOR ( 'NONE', #8448, 1000.000000000000000 ) ;
#4834 = CYLINDRICAL_SURFACE ( 'NONE', #11214, 17.00000000000000355 ) ;
#4835 = CIRCLE ( 'NONE', #5773, 0.2500000000000002220 ) ;
#4836 = DIRECTION ( 'NONE',  ( -1.110223024625156540E-16, -3.061276722312011998E-16, 1.000000000000000000 ) ) ;
#4837 = ORIENTED_EDGE ( 'NONE', *, *, #2040, .F. ) ;
#4838 = AXIS2_PLACEMENT_3D ( 'NONE', #9439, #597, #2398 ) ;
#4839 = ORIENTED_EDGE ( 'NONE', *, *, #8525, .F. ) ;
#4840 = ORIENTED_EDGE ( 'NONE', *, *, #683, .F. ) ;
#4841 = CIRCLE ( 'NONE', #10218, 17.00000000000000355 ) ;
#4842 = ORIENTED_EDGE ( 'NONE', *, *, #6251, .F. ) ;
#4843 = CIRCLE ( 'NONE', #5780, 0.2500000000000002220 ) ;
#4844 = CIRCLE ( 'NONE', #941, 0.2500000000000002220 ) ;
#4845 = CARTESIAN_POINT ( 'NONE',  ( 11.18820910463663587, -3.904999999999936300, -12.79937408746715377 ) ) ;
#4846 = ADVANCED_FACE ( 'NONE', ( #7306 ), #7131, .T. ) ;
#4847 = EDGE_LOOP ( 'NONE', ( #9730, #4438, #3360, #5446 ) ) ;
#4848 = DIRECTION ( 'NONE',  ( 3.583126979299020263E-32, -1.000000000000000000, -3.111048790438776325E-16 ) ) ;
#4849 = AXIS2_PLACEMENT_3D ( 'NONE', #3307, #2770, #10693 ) ;
#4850 = CARTESIAN_POINT ( 'NONE',  ( -5.014963156888816442, -3.904999999999936300, -16.24346467152397722 ) ) ;
#4851 = CIRCLE ( 'NONE', #11380, 17.00000000000000355 ) ;
#4852 = ADVANCED_FACE ( 'NONE', ( #10861 ), #10681, .T. ) ;
#4853 = CIRCLE ( 'NONE', #579, 0.2500000000000002220 ) ;
#4854 = ORIENTED_EDGE ( 'NONE', *, *, #11022, .T. ) ;
#4855 = DIRECTION ( 'NONE',  ( -3.583126979299020263E-32, 1.000000000000000000, 3.111048790438776325E-16 ) ) ;
#4856 = ORIENTED_EDGE ( 'NONE', *, *, #8460, .T. ) ;
#4857 = ORIENTED_EDGE ( 'NONE', *, *, #8677, .T. ) ;
#4858 = CIRCLE ( 'NONE', #8573, 0.2500000000000002220 ) ;
#4859 = CARTESIAN_POINT ( 'NONE',  ( 16.90687222126060973, -3.904999999999991811, -1.776983875550280922 ) ) ;
#4860 = DIRECTION ( 'NONE',  ( 0.000000000000000000, 0.000000000000000000, -1.000000000000000000 ) ) ;
#4861 = VECTOR ( 'NONE', #8825, 1000.000000000000000 ) ;
#4862 = CARTESIAN_POINT ( 'NONE',  ( -15.53027277992421240, 1.095000000000068141, -6.914522932288558188 ) ) ;
#4863 = DIRECTION ( 'NONE',  ( 0.000000000000000000, 0.000000000000000000, -1.000000000000000000 ) ) ;
#4864 = AXIS2_PLACEMENT_3D ( 'NONE', #4318, #2512, #3443 ) ;
#4865 = ORIENTED_EDGE ( 'NONE', *, *, #5756, .T. ) ;
#4866 = CARTESIAN_POINT ( 'NONE',  ( -1.540743955509788682E-30, -3.904999999999991811, 6.938893903907228378E-15 ) ) ;
#4867 = AXIS2_PLACEMENT_3D ( 'NONE', #9329, #15, #10664 ) ;
#4868 = DIRECTION ( 'NONE',  ( -3.583126979299020263E-32, 1.000000000000000000, 3.111048790438776325E-16 ) ) ;
#4869 = ADVANCED_FACE ( 'NONE', ( #5386, #2878 ), #6423, .T. ) ;
#4870 = CIRCLE ( 'NONE', #6363, 0.2500000000000002220 ) ;
#4871 = DIRECTION ( 'NONE',  ( -1.110223024625156540E-16, -3.061276722312012491E-16, 1.000000000000000000 ) ) ;
#4872 = VECTOR ( 'NONE', #4923, 1000.000000000000000 ) ;
#4873 = VERTEX_POINT ( 'NONE', #3632 ) ;
#4874 = EDGE_LOOP ( 'NONE', ( #4558, #3899, #6844, #9581 ) ) ;
#4875 = AXIS2_PLACEMENT_3D ( 'NONE', #2915, #10847, #5440 ) ;
#4876 = ORIENTED_EDGE ( 'NONE', *, *, #5297, .T. ) ;
#4877 = CARTESIAN_POINT ( 'NONE',  ( 2.659385905684037432, 94.12768161796614663, 16.54070179011734609 ) ) ;
#4878 = DIRECTION ( 'NONE',  ( -3.583126979299020263E-32, 1.000000000000000000, 3.111048790438776325E-16 ) ) ;
#4879 = DIRECTION ( 'NONE',  ( -1.613839565122628308E-31, -1.000000000000000000, -3.111048790438776325E-16 ) ) ;
#4880 = ADVANCED_FACE ( 'NONE', ( #6209 ), #9799, .F. ) ;
#4881 = DIRECTION ( 'NONE',  ( -3.583126979299020263E-32, 1.000000000000000000, 3.111048790438776325E-16 ) ) ;
#4882 = CIRCLE ( 'NONE', #48, 0.2500000000000002220 ) ;
#4883 = VECTOR ( 'NONE', #6536, 1000.000000000000000 ) ;
#4884 = CARTESIAN_POINT ( 'NONE',  ( -1.540743955509788682E-30, 1.095000000000012630, 0.000000000000000000 ) ) ;
#4885 = CIRCLE ( 'NONE', #4327, 13.55114218134571580 ) ;
#4886 = DIRECTION ( 'NONE',  ( 1.837426895219299873E-31, -1.000000000000000000, -3.111048790438776325E-16 ) ) ;
#4887 = CARTESIAN_POINT ( 'NONE',  ( 1.776983875550225633, 1.095000000000012630, 16.65687222126063105 ) ) ;
#4888 = ORIENTED_EDGE ( 'NONE', *, *, #8966, .T. ) ;
#4889 = CARTESIAN_POINT ( 'NONE',  ( 11.18820910463697160, 94.12768161796608979, 12.79937408746689798 ) ) ;
#4890 = CARTESIAN_POINT ( 'NONE',  ( -1.540743955509788682E-30, 39.99999999999997868, 1.387778780781445676E-14 ) ) ;
#4891 = CARTESIAN_POINT ( 'NONE',  ( -15.25896758828886135, -3.904999999999991811, 7.494258344863078847 ) ) ;
#4892 = ORIENTED_EDGE ( 'NONE', *, *, #3117, .T. ) ;
#4893 = CONICAL_SURFACE ( 'NONE', #5271, 14.35724273152941421, 0.08726646259971611308 ) ;
#4894 = EDGE_CURVE ( 'NONE', #1754, #607, #8749, .T. ) ;
#4895 = DIRECTION ( 'NONE',  ( -1.110223024625156540E-16, -2.515631030513345642E-16, 1.000000000000000000 ) ) ;
#4896 = DIRECTION ( 'NONE',  ( -1.110223024625156540E-16, 0.000000000000000000, 1.000000000000000000 ) ) ;
#4897 = EDGE_CURVE ( 'NONE', #598, #3793, #2753, .T. ) ;
#4898 = DIRECTION ( 'NONE',  ( -1.110223024625156540E-16, -3.061276722312012491E-16, 1.000000000000000000 ) ) ;
#4899 = CARTESIAN_POINT ( 'NONE',  ( -14.39201405914869802, 94.12768161796608979, 9.048200446567623345 ) ) ;
#4900 = ADVANCED_FACE ( 'NONE', ( #4568 ), #471, .F. ) ;
#4901 = VERTEX_POINT ( 'NONE', #4914 ) ;
#4902 = ORIENTED_EDGE ( 'NONE', *, *, #10537, .T. ) ;
#4903 = LINE ( 'NONE', #10126, #6881 ) ;
#4904 = EDGE_CURVE ( 'NONE', #11327, #4450, #4664, .T. ) ;
#4905 = ORIENTED_EDGE ( 'NONE', *, *, #4554, .T. ) ;
#4906 = EDGE_CURVE ( 'NONE', #4153, #11216, #4790, .T. ) ;
#4907 = FACE_OUTER_BOUND ( 'NONE', #9547, .T. ) ;
#4908 = ORIENTED_EDGE ( 'NONE', *, *, #8823, .T. ) ;
#4909 = DIRECTION ( 'NONE',  ( -3.583126979299020263E-32, 1.000000000000000000, 3.111048790438776325E-16 ) ) ;
#4910 = CYLINDRICAL_SURFACE ( 'NONE', #9143, 17.00000000000000355 ) ;
#4911 = EDGE_CURVE ( 'NONE', #5599, #4954, #9673, .T. ) ;
#4912 = EDGE_CURVE ( 'NONE', #8685, #5865, #3721, .T. ) ;
#4913 = ORIENTED_EDGE ( 'NONE', *, *, #10349, .T. ) ;
#4914 = CARTESIAN_POINT ( 'NONE',  ( -15.03197847483545857, -3.904999999999991811, 7.939749563562026324 ) ) ;
#4915 = ORIENTED_EDGE ( 'NONE', *, *, #1941, .F. ) ;
#4916 = ORIENTED_EDGE ( 'NONE', *, *, #5692, .T. ) ;
#4917 = LINE ( 'NONE', #476, #7972 ) ;
#4918 = CARTESIAN_POINT ( 'NONE',  ( 16.90687222126064526, 1.095000000000040385, 1.776983875549940972 ) ) ;
#4919 = ORIENTED_EDGE ( 'NONE', *, *, #2493, .F. ) ;
#4920 = DIRECTION ( 'NONE',  ( 2.330464960982432251E-31, -1.000000000000000000, -3.111048790438776325E-16 ) ) ;
#4921 = CARTESIAN_POINT ( 'NONE',  ( -12.02081528017131795, 1.095000000000012630, -12.02081528017128598 ) ) ;
#4922 = VERTEX_POINT ( 'NONE', #6647 ) ;
#4923 = DIRECTION ( 'NONE',  ( -3.583126979299020263E-32, 1.000000000000000000, 3.111048790438776325E-16 ) ) ;
#4924 = PRODUCT_RELATED_PRODUCT_CATEGORY ( 'part', '', ( #7203 ) ) ;
#4925 = FACE_OUTER_BOUND ( 'NONE', #11055, .T. ) ;
#4926 = DIRECTION ( 'NONE',  ( 3.583126979299020263E-32, -1.000000000000000000, -3.111048790438776325E-16 ) ) ;
#4927 = LINE ( 'NONE', #11233, #9671 ) ;
#4928 = ORIENTED_EDGE ( 'NONE', *, *, #2913, .F. ) ;
#4929 = VERTEX_POINT ( 'NONE', #362 ) ;
#4930 = ORIENTED_EDGE ( 'NONE', *, *, #1842, .F. ) ;
#4931 = DIRECTION ( 'NONE',  ( 0.000000000000000000, 0.000000000000000000, -1.000000000000000000 ) ) ;
#4932 = LINE ( 'NONE', #11238, #2462 ) ;
#4933 = DIRECTION ( 'NONE',  ( 1.837426895219299873E-31, -1.000000000000000000, -3.111048790438776325E-16 ) ) ;
#4934 = LINE ( 'NONE', #9467, #3326 ) ;
#4935 = CYLINDRICAL_SURFACE ( 'NONE', #5979, 0.2500000000000002220 ) ;
#4936 = EDGE_CURVE ( 'NONE', #8468, #3282, #1285, .T. ) ;
#4937 = AXIS2_PLACEMENT_3D ( 'NONE', #11519, #3600, #5415 ) ;
#4938 = CARTESIAN_POINT ( 'NONE',  ( -9.992349288971961840, 1.095000000000012630, 13.50328890437416085 ) ) ;
#4939 = DIRECTION ( 'NONE',  ( 0.000000000000000000, 0.000000000000000000, 1.000000000000000000 ) ) ;
#4940 = VERTEX_POINT ( 'NONE', #4026 ) ;
#4941 = ORIENTED_EDGE ( 'NONE', *, *, #1591, .F. ) ;
#4942 = CYLINDRICAL_SURFACE ( 'NONE', #9307, 12.50000000000000533 ) ;
#4943 = DIRECTION ( 'NONE',  ( 0.000000000000000000, 0.000000000000000000, -1.000000000000000000 ) ) ;
#4944 = DIRECTION ( 'NONE',  ( -3.583126979299020263E-32, 1.000000000000000000, 3.111048790438776325E-16 ) ) ;
#4945 = LINE ( 'NONE', #11067, #1327 ) ;
#4946 = ORIENTED_EDGE ( 'NONE', *, *, #4118, .F. ) ;
#4947 = CARTESIAN_POINT ( 'NONE',  ( -5.490478559968111405, 1.095000000000012630, 16.08896035120139345 ) ) ;
#4948 = DIRECTION ( 'NONE',  ( -3.583126979299020263E-32, 1.000000000000000000, 3.111048790438776325E-16 ) ) ;
#4949 = CARTESIAN_POINT ( 'NONE',  ( -16.82799374557759009, 1.095000000000012630, -2.412182932283790660 ) ) ;
#4950 = DIRECTION ( 'NONE',  ( 0.000000000000000000, 0.000000000000000000, -1.000000000000000000 ) ) ;
#4951 = CIRCLE ( 'NONE', #6256, 17.00000000000000000 ) ;
#4952 = CARTESIAN_POINT ( 'NONE',  ( -11.55977147257018700, 1.095000000000012630, -12.46481782867091326 ) ) ;
#4953 = VERTEX_POINT ( 'NONE', #3851 ) ;
#4954 = VERTEX_POINT ( 'NONE', #10020 ) ;
#4955 = ORIENTED_EDGE ( 'NONE', *, *, #3382, .T. ) ;
#4956 = ORIENTED_EDGE ( 'NONE', *, *, #1214, .T. ) ;
#4957 = CARTESIAN_POINT ( 'NONE',  ( -6.914522932288506674, 1.095000000000012630, 15.53027277992425503 ) ) ;
#4958 = ORIENTED_EDGE ( 'NONE', *, *, #8520, .T. ) ;
#4959 = AXIS2_PLACEMENT_3D ( 'NONE', #339, #2200, #11016 ) ;
#4960 = CARTESIAN_POINT ( 'NONE',  ( -16.97670209082774662, 94.12768161796614663, -0.8897112561299589384 ) ) ;
#4961 = EDGE_CURVE ( 'NONE', #5023, #1798, #3900, .T. ) ;
#4962 = LINE ( 'NONE', #8510, #6728 ) ;
#4963 = VERTEX_POINT ( 'NONE', #10087 ) ;
#4964 = DIRECTION ( 'NONE',  ( -1.110223024625156540E-16, -3.061276722312011998E-16, 1.000000000000000000 ) ) ;
#4965 = ORIENTED_EDGE ( 'NONE', *, *, #3543, .F. ) ;
#4966 = EDGE_CURVE ( 'NONE', #5920, #4000, #198, .T. ) ;
#4967 = ORIENTED_EDGE ( 'NONE', *, *, #4729, .F. ) ;
#4968 = DIRECTION ( 'NONE',  ( -1.110223024625156540E-16, -3.061276722312012491E-16, 1.000000000000000000 ) ) ;
#4969 = CYLINDRICAL_SURFACE ( 'NONE', #6434, 0.2500000000000002220 ) ;
#4970 = ORIENTED_EDGE ( 'NONE', *, *, #7394, .F. ) ;
#4971 = FACE_OUTER_BOUND ( 'NONE', #7577, .T. ) ;
#4972 = FACE_OUTER_BOUND ( 'NONE', #976, .T. ) ;
#4973 = VERTEX_POINT ( 'NONE', #6714 ) ;
#4974 = CARTESIAN_POINT ( 'NONE',  ( 16.57473462945925746, -3.904999999999963833, 3.778646842853117249 ) ) ;
#4975 = EDGE_CURVE ( 'NONE', #5141, #7864, #7415, .T. ) ;
#4976 = ADVANCED_FACE ( 'NONE', ( #1405 ), #8412, .F. ) ;
#4977 = CARTESIAN_POINT ( 'NONE',  ( -1.540743955509788682E-30, 39.99999999999997868, 1.387778780781445676E-14 ) ) ;
#4978 = CYLINDRICAL_SURFACE ( 'NONE', #6351, 0.2500000000000002220 ) ;
#4979 = VECTOR ( 'NONE', #6152, 1000.000000000000000 ) ;
#4980 = DIRECTION ( 'NONE',  ( -3.583126979299020263E-32, 1.000000000000000000, 3.111048790438776325E-16 ) ) ;
#4981 = ORIENTED_EDGE ( 'NONE', *, *, #6106, .F. ) ;
#4982 = VERTEX_POINT ( 'NONE', #263 ) ;
#4983 = EDGE_LOOP ( 'NONE', ( #1018, #4555, #80, #3233 ) ) ;
#4984 = DIRECTION ( 'NONE',  ( 1.837426895219299873E-31, -1.000000000000000000, -3.111048790438776325E-16 ) ) ;
#4985 = DIRECTION ( 'NONE',  ( -3.583126979299020263E-32, 1.000000000000000000, 3.111048790438776325E-16 ) ) ;
#4986 = CARTESIAN_POINT ( 'NONE',  ( 16.08896035120139345, 1.095000000000012630, 5.490478559968058114 ) ) ;
#4987 = DIRECTION ( 'NONE',  ( 0.000000000000000000, 0.000000000000000000, 1.000000000000000000 ) ) ;
#4988 = DIRECTION ( 'NONE',  ( 0.000000000000000000, 0.000000000000000000, 1.000000000000000000 ) ) ;
#4989 = ADVANCED_FACE ( 'NONE', ( #2111 ), #9166, .F. ) ;
#4990 = AXIS2_PLACEMENT_3D ( 'NONE', #1408, #3855, #4968 ) ;
#4991 = AXIS2_PLACEMENT_3D ( 'NONE', #9755, #7075, #2661 ) ;
#4992 = CARTESIAN_POINT ( 'NONE',  ( 10.50300857072168981, -3.904999999999991811, 13.36737861225405233 ) ) ;
#4993 = DIRECTION ( 'NONE',  ( -3.583126979299020263E-32, 1.000000000000000000, 3.111048790438776325E-16 ) ) ;
#4994 = ORIENTED_EDGE ( 'NONE', *, *, #64, .F. ) ;
#4995 = ADVANCED_FACE ( 'NONE', ( #10258 ), #2160, .T. ) ;
#4996 = CARTESIAN_POINT ( 'NONE',  ( 13.60485940014295458, 1.095000000000012630, -10.19351758238252259 ) ) ;
#4997 = CARTESIAN_POINT ( 'NONE',  ( -1.540743955509788682E-30, 39.99999999999997868, 1.387778780781445676E-14 ) ) ;
#4998 = DIRECTION ( 'NONE',  ( -3.583126979299020263E-32, 1.000000000000000000, 3.111048790438776325E-16 ) ) ;
#4999 = DIRECTION ( 'NONE',  ( -3.583126979299020263E-32, 1.000000000000000000, 3.111048790438776325E-16 ) ) ;
#5000 = AXIS2_PLACEMENT_3D ( 'NONE', #574, #8555, #4063 ) ;
#5001 = VERTEX_POINT ( 'NONE', #3799 ) ;
#5002 = DIRECTION ( 'NONE',  ( 0.000000000000000000, 0.000000000000000000, 1.000000000000000000 ) ) ;
#5003 = DIRECTION ( 'NONE',  ( -1.347253678332305711E-32, -1.000000000000000000, -3.111048790438776325E-16 ) ) ;
#5004 = VECTOR ( 'NONE', #3691, 1000.000000000000000 ) ;
#5005 = CIRCLE ( 'NONE', #2761, 0.2500000000000002220 ) ;
#5006 = AXIS2_PLACEMENT_3D ( 'NONE', #11486, #7666, #1542 ) ;
#5007 = CARTESIAN_POINT ( 'NONE',  ( 0.8897112561298141653, 1.095000000000012630, -16.97670209082775727 ) ) ;
#5008 = PLANE ( 'NONE',  #4267 ) ;
#5009 = VECTOR ( 'NONE', #8646, 1000.000000000000000 ) ;
#5010 = CIRCLE ( 'NONE', #6131, 17.00000000000000000 ) ;
#5011 = EDGE_LOOP ( 'NONE', ( #10400, #7811, #9685, #8074 ) ) ;
#5012 = ORIENTED_EDGE ( 'NONE', *, *, #7870, .T. ) ;
#5013 = ORIENTED_EDGE ( 'NONE', *, *, #4469, .F. ) ;
#5014 = DIRECTION ( 'NONE',  ( 0.000000000000000000, 0.000000000000000000, -1.000000000000000000 ) ) ;
#5015 = ORIENTED_EDGE ( 'NONE', *, *, #7742, .T. ) ;
#5016 = EDGE_CURVE ( 'NONE', #8616, #517, #5727, .T. ) ;
#5017 = CARTESIAN_POINT ( 'NONE',  ( 4.157973067892401176, 94.12768161796620348, -16.48366646006525471 ) ) ;
#5018 = EDGE_LOOP ( 'NONE', ( #7474, #10250, #9626, #4601 ) ) ;
#5019 = DIRECTION ( 'NONE',  ( 6.664614890318590511E-32, -1.000000000000000000, -3.111048790438772381E-16 ) ) ;
#5020 = CIRCLE ( 'NONE', #2408, 17.00000000000000000 ) ;
#5021 = CARTESIAN_POINT ( 'NONE',  ( 2.906013752374739134, -3.904999999999991811, 16.74977862752249180 ) ) ;
#5022 = AXIS2_PLACEMENT_3D ( 'NONE', #772, #3281, #5964 ) ;
#5023 = VERTEX_POINT ( 'NONE', #10911 ) ;
#5024 = ORIENTED_EDGE ( 'NONE', *, *, #399, .T. ) ;
#5025 = CARTESIAN_POINT ( 'NONE',  ( -4.640922924986197629, -3.904999999999936300, -16.35426043587227696 ) ) ;
#5026 = CIRCLE ( 'NONE', #3165, 0.2500000000000002220 ) ;
#5027 = EDGE_LOOP ( 'NONE', ( #7643, #4651, #1745, #9461 ) ) ;
#5028 = ORIENTED_EDGE ( 'NONE', *, *, #9768, .F. ) ;
#5029 = AXIS2_PLACEMENT_3D ( 'NONE', #2456, #5252, #8805 ) ;
#5030 = CARTESIAN_POINT ( 'NONE',  ( 7.939749563561762535, -3.904999999999936300, -15.03197847483559535 ) ) ;
#5031 = CARTESIAN_POINT ( 'NONE',  ( -16.67868766460506436, 1.095000000000040385, 3.289586263734482596 ) ) ;
#5032 = VERTEX_POINT ( 'NONE', #2929 ) ;
#5033 = EDGE_CURVE ( 'NONE', #3079, #3831, #8930, .T. ) ;
#5034 = DIRECTION ( 'NONE',  ( -1.110223024625156540E-16, -4.081702296416015997E-16, 1.000000000000000000 ) ) ;
#5035 = DIRECTION ( 'NONE',  ( -1.110223024625156540E-16, -4.336808689942022666E-16, 1.000000000000000000 ) ) ;
#5036 = MECHANICAL_DESIGN_GEOMETRIC_PRESENTATION_REPRESENTATION (  '', ( #3180 ), #6342 ) ;
#5037 = EDGE_LOOP ( 'NONE', ( #3813, #68, #7499, #2741 ) ) ;
#5038 = CARTESIAN_POINT ( 'NONE',  ( -15.14711091120220665, 94.12768161796608979, 7.717838495572407531 ) ) ;
#5039 = AXIS2_PLACEMENT_3D ( 'NONE', #8607, #4174, #11292 ) ;
#5040 = EDGE_CURVE ( 'NONE', #1393, #6353, #5405, .T. ) ;
#5041 = EDGE_CURVE ( 'NONE', #1096, #9299, #2794, .T. ) ;
#5042 = DIRECTION ( 'NONE',  ( -3.583126979299020263E-32, 1.000000000000000000, 3.111048790438776325E-16 ) ) ;
#5043 = VECTOR ( 'NONE', #8958, 1000.000000000000000 ) ;
#5044 = CIRCLE ( 'NONE', #751, 0.2500000000000002220 ) ;
#5045 = DIRECTION ( 'NONE',  ( 1.837426895219299873E-31, -1.000000000000000000, -3.111048790438776325E-16 ) ) ;
#5046 = EDGE_LOOP ( 'NONE', ( #11284, #7617, #11164, #9374 ) ) ;
#5047 = EDGE_CURVE ( 'NONE', #9496, #6453, #7064, .T. ) ;
#5048 = VERTEX_POINT ( 'NONE', #2335 ) ;
#5049 = EDGE_CURVE ( 'NONE', #9283, #6889, #3174, .T. ) ;
#5050 = VERTEX_POINT ( 'NONE', #8578 ) ;
#5051 = DIRECTION ( 'NONE',  ( -3.812444007147977456E-32, -1.000000000000000000, -3.111048790438772381E-16 ) ) ;
#5052 = EDGE_CURVE ( 'NONE', #4299, #1139, #6151, .T. ) ;
#5053 = CIRCLE ( 'NONE', #8398, 14.55114218134572290 ) ;
#5054 = CARTESIAN_POINT ( 'NONE',  ( 10.19351758238236805, 1.095000000000068141, -13.60485940014307538 ) ) ;
#5055 = DIRECTION ( 'NONE',  ( -3.583126979299020263E-32, 1.000000000000000000, 3.111048790438776325E-16 ) ) ;
#5056 = CIRCLE ( 'NONE', #5434, 0.2500000000000002220 ) ;
#5057 = AXIS2_PLACEMENT_3D ( 'NONE', #9137, #3028, #2141 ) ;
#5058 = EDGE_CURVE ( 'NONE', #8814, #3236, #7, .T. ) ;
#5059 = CARTESIAN_POINT ( 'NONE',  ( -1.540743955509788682E-30, 39.99999999999997868, 1.387778780781445676E-14 ) ) ;
#5060 = CARTESIAN_POINT ( 'NONE',  ( -15.87086725045239177, 1.095000000000012630, 5.842255142270179391 ) ) ;
#5061 = AXIS2_PLACEMENT_3D ( 'NONE', #1564, #4410, #7967 ) ;
#5062 = DIRECTION ( 'NONE',  ( -1.110223024625156540E-16, -3.061276722312012491E-16, 1.000000000000000000 ) ) ;
#5063 = AXIS2_PLACEMENT_3D ( 'NONE', #4798, #372, #3927 ) ;
#5064 = CARTESIAN_POINT ( 'NONE',  ( -7.939749563561960599, -3.904999999999936300, -15.03197847483547811 ) ) ;
#5065 = CIRCLE ( 'NONE', #7664, 0.2500000000000002220 ) ;
#5066 = FACE_OUTER_BOUND ( 'NONE', #641, .T. ) ;
#5067 = ORIENTED_EDGE ( 'NONE', *, *, #9622, .T. ) ;
#5068 = ORIENTED_EDGE ( 'NONE', *, *, #5623, .T. ) ;
#5069 = AXIS2_PLACEMENT_3D ( 'NONE', #4110, #7502, #7674 ) ;
#5070 = DIRECTION ( 'NONE',  ( 2.330464960982432251E-31, -1.000000000000000000, -3.111048790438776325E-16 ) ) ;
#5071 = LINE ( 'NONE', #738, #6892 ) ;
#5072 = DIRECTION ( 'NONE',  ( -6.277634335963632232E-32, -1.000000000000000000, -3.111048790438776325E-16 ) ) ;
#5073 = DIRECTION ( 'NONE',  ( -1.613839565122628308E-31, -1.000000000000000000, -3.111048790438776325E-16 ) ) ;
#5074 = ORIENTED_EDGE ( 'NONE', *, *, #10817, .T. ) ;
#5075 = DIRECTION ( 'NONE',  ( 3.583126979299020263E-32, -1.000000000000000000, -3.111048790438776325E-16 ) ) ;
#5076 = CARTESIAN_POINT ( 'NONE',  ( -0.2499932416907648947, -3.905000000000019789, -16.99816176470588402 ) ) ;
#5077 = CIRCLE ( 'NONE', #9339, 12.74999999999999822 ) ;
#5078 = AXIS2_PLACEMENT_3D ( 'NONE', #6629, #7629, #4010 ) ;
#5079 = CARTESIAN_POINT ( 'NONE',  ( -14.25739965507221108, 94.12768161796608979, -9.258863595255393264 ) ) ;
#5080 = DIRECTION ( 'NONE',  ( 3.583126979299020263E-32, -1.000000000000000000, -3.111048790438776325E-16 ) ) ;
#5081 = CIRCLE ( 'NONE', #62, 17.00000000000000355 ) ;
#5082 = CIRCLE ( 'NONE', #2272, 0.2500000000000006661 ) ;
#5083 = VERTEX_POINT ( 'NONE', #5025 ) ;
#5084 = EDGE_LOOP ( 'NONE', ( #93, #3870, #4644, #757 ) ) ;
#5085 = DIRECTION ( 'NONE',  ( -1.110223024625156540E-16, -4.081702296416015997E-16, 1.000000000000000000 ) ) ;
#5086 = CARTESIAN_POINT ( 'NONE',  ( -6.914522932288506674, 94.12768161796614663, 15.53027277992428878 ) ) ;
#5087 = ORIENTED_EDGE ( 'NONE', *, *, #6198, .F. ) ;
#5088 = DIRECTION ( 'NONE',  ( 0.000000000000000000, 0.000000000000000000, -1.000000000000000000 ) ) ;
#5089 = ORIENTED_EDGE ( 'NONE', *, *, #1153, .F. ) ;
#5090 = CARTESIAN_POINT ( 'NONE',  ( -1.540743955509788682E-30, 1.095000000000012630, 0.000000000000000000 ) ) ;
#5091 = EDGE_CURVE ( 'NONE', #11049, #8925, #7708, .T. ) ;
#5092 = CARTESIAN_POINT ( 'NONE',  ( -1.540743955509788682E-30, 39.99999999999997868, 1.387778780781445676E-14 ) ) ;
#5093 = EDGE_CURVE ( 'NONE', #3827, #8295, #2033, .T. ) ;
#5094 = VERTEX_POINT ( 'NONE', #11217 ) ;
#5095 = DIRECTION ( 'NONE',  ( -1.110223024625156540E-16, -2.384312453768320838E-16, 1.000000000000000000 ) ) ;
#5096 = ORIENTED_EDGE ( 'NONE', *, *, #5574, .T. ) ;
#5097 = ORIENTED_EDGE ( 'NONE', *, *, #3338, .F. ) ;
#5098 = CARTESIAN_POINT ( 'NONE',  ( -1.540743955509788682E-30, 39.99999999999997868, 1.387778780781445676E-14 ) ) ;
#5099 = LINE ( 'NONE', #1584, #7744 ) ;
#5100 = VERTEX_POINT ( 'NONE', #6135 ) ;
#5101 = DIRECTION ( 'NONE',  ( -3.583126979299020263E-32, 1.000000000000000000, 3.111048790438776325E-16 ) ) ;
#5102 = DIRECTION ( 'NONE',  ( 0.000000000000000000, 0.000000000000000000, -1.000000000000000000 ) ) ;
#5103 = EDGE_LOOP ( 'NONE', ( #7882, #2692, #8988, #5201 ) ) ;
#5104 = DIRECTION ( 'NONE',  ( 6.664614890318590511E-32, -1.000000000000000000, -3.111048790438772381E-16 ) ) ;
#5105 = EDGE_CURVE ( 'NONE', #8098, #5860, #8372, .T. ) ;
#5106 = CARTESIAN_POINT ( 'NONE',  ( -1.540743955509788682E-30, 1.095000000000012630, 0.000000000000000000 ) ) ;
#5107 = DIRECTION ( 'NONE',  ( -1.120801499359495711E-31, -1.000000000000000000, -3.111048790438776325E-16 ) ) ;
#5108 = ORIENTED_EDGE ( 'NONE', *, *, #1833, .F. ) ;
#5109 = ORIENTED_EDGE ( 'NONE', *, *, #2248, .T. ) ;
#5110 = ORIENTED_EDGE ( 'NONE', *, *, #2182, .F. ) ;
#5111 = DIRECTION ( 'NONE',  ( -1.110223024625156540E-16, -4.081702296416015997E-16, 1.000000000000000000 ) ) ;
#5112 = CARTESIAN_POINT ( 'NONE',  ( -14.59584328502723949, -3.904999999999991811, -8.715581380431540737 ) ) ;
#5113 = CARTESIAN_POINT ( 'NONE',  ( 15.14711091120215514, 1.095000000000068141, -7.717838495572476809 ) ) ;
#5114 = EDGE_CURVE ( 'NONE', #4369, #414, #9620, .T. ) ;
#5115 = FACE_BOUND ( 'NONE', #9596, .T. ) ;
#5116 = ADVANCED_FACE ( 'NONE', ( #8754 ), #527, .T. ) ;
#5117 = DIRECTION ( 'NONE',  ( -3.583126979299020263E-32, 1.000000000000000000, 3.111048790438776325E-16 ) ) ;
#5118 = ADVANCED_FACE ( 'NONE', ( #4085 ), #2469, .T. ) ;
#5119 = DIRECTION ( 'NONE',  ( 3.583126979299020263E-32, -1.000000000000000000, -3.111048790438776325E-16 ) ) ;
#5120 = DIRECTION ( 'NONE',  ( -3.583126979299020263E-32, 1.000000000000000000, 3.111048790438776325E-16 ) ) ;
#5121 = ORIENTED_EDGE ( 'NONE', *, *, #9441, .T. ) ;
#5122 = ORIENTED_EDGE ( 'NONE', *, *, #10109, .F. ) ;
#5123 = DIRECTION ( 'NONE',  ( 0.000000000000000000, 0.000000000000000000, -1.000000000000000000 ) ) ;
#5124 = FACE_OUTER_BOUND ( 'NONE', #11502, .T. ) ;
#5125 = CARTESIAN_POINT ( 'NONE',  ( -1.540743955509788682E-30, -3.904999999999991811, 6.938893903907228378E-15 ) ) ;
#5126 = EDGE_CURVE ( 'NONE', #9901, #8552, #10410, .T. ) ;
#5127 = ADVANCED_FACE ( 'NONE', ( #4265 ), #4460, .T. ) ;
#5128 = VERTEX_POINT ( 'NONE', #7887 ) ;
#5129 = ORIENTED_EDGE ( 'NONE', *, *, #4069, .T. ) ;
#5130 = FACE_OUTER_BOUND ( 'NONE', #4465, .T. ) ;
#5131 = DIRECTION ( 'NONE',  ( -1.110223024625156540E-16, -3.061276722312011998E-16, 1.000000000000000000 ) ) ;
#5132 = EDGE_CURVE ( 'NONE', #3446, #5554, #552, .T. ) ;
#5133 = AXIS2_PLACEMENT_3D ( 'NONE', #9719, #2504, #8892 ) ;
#5134 = EDGE_CURVE ( 'NONE', #9192, #462, #8640, .T. ) ;
#5135 = DIRECTION ( 'NONE',  ( -1.110223024625156540E-16, -3.061276722312011998E-16, 1.000000000000000000 ) ) ;
#5136 = DIRECTION ( 'NONE',  ( 0.000000000000000000, 0.000000000000000000, -1.000000000000000000 ) ) ;
#5137 = ORIENTED_EDGE ( 'NONE', *, *, #6285, .T. ) ;
#5138 = DIRECTION ( 'NONE',  ( -3.583126979299020263E-32, 1.000000000000000000, 3.111048790438776325E-16 ) ) ;
#5139 = ORIENTED_EDGE ( 'NONE', *, *, #5889, .T. ) ;
#5140 = CARTESIAN_POINT ( 'NONE',  ( -10.69844664784724664, 94.12768161796608979, -13.21148134476844760 ) ) ;
#5141 = VERTEX_POINT ( 'NONE', #10543 ) ;
#5142 = DIRECTION ( 'NONE',  ( 3.583126979299020263E-32, -1.000000000000000000, -3.111048790438776325E-16 ) ) ;
#5143 = AXIS2_PLACEMENT_3D ( 'NONE', #3639, #7191, #5462 ) ;
#5144 = EDGE_CURVE ( 'NONE', #9008, #8325, #2976, .T. ) ;
#5145 = FACE_OUTER_BOUND ( 'NONE', #4797, .T. ) ;
#5146 = ORIENTED_EDGE ( 'NONE', *, *, #5770, .F. ) ;
#5147 = EDGE_LOOP ( 'NONE', ( #8129, #6582, #5852, #10749 ) ) ;
#5148 = FACE_OUTER_BOUND ( 'NONE', #10854, .T. ) ;
#5149 = VERTEX_POINT ( 'NONE', #1581 ) ;
#5150 = ORIENTED_EDGE ( 'NONE', *, *, #3513, .F. ) ;
#5151 = ADVANCED_FACE ( 'NONE', ( #5148 ), #8693, .F. ) ;
#5152 = AXIS2_PLACEMENT_3D ( 'NONE', #7625, #8556, #9554 ) ;
#5153 = CARTESIAN_POINT ( 'NONE',  ( 16.90687222126064526, 94.12768161796614663, 1.526983875549982050 ) ) ;
#5154 = ORIENTED_EDGE ( 'NONE', *, *, #1671, .T. ) ;
#5155 = DIRECTION ( 'NONE',  ( -3.583126979299020263E-32, 1.000000000000000000, 3.111048790438776325E-16 ) ) ;
#5156 = CARTESIAN_POINT ( 'NONE',  ( -12.79937408746688732, 1.095000000000040385, 11.18820910463694318 ) ) ;
#5157 = ORIENTED_EDGE ( 'NONE', *, *, #5973, .T. ) ;
#5158 = DIRECTION ( 'NONE',  ( 3.583126979299020263E-32, -1.000000000000000000, -3.111048790438776325E-16 ) ) ;
#5159 = CARTESIAN_POINT ( 'NONE',  ( -13.75328890437404894, 94.12768161796608979, 9.992349288972150134 ) ) ;
#5160 = ORIENTED_EDGE ( 'NONE', *, *, #7407, .T. ) ;
#5161 = ORIENTED_EDGE ( 'NONE', *, *, #3004, .T. ) ;
#5162 = ORIENTED_EDGE ( 'NONE', *, *, #1833, .T. ) ;
#5163 = DIRECTION ( 'NONE',  ( 0.000000000000000000, 0.000000000000000000, -1.000000000000000000 ) ) ;
#5164 = LINE ( 'NONE', #9537, #4423 ) ;
#5165 = DIRECTION ( 'NONE',  ( -3.583126979299020263E-32, 1.000000000000000000, 3.111048790438776325E-16 ) ) ;
#5166 = LINE ( 'NONE', #2595, #1643 ) ;
#5167 = EDGE_CURVE ( 'NONE', #7911, #8654, #1054, .T. ) ;
#5168 = CARTESIAN_POINT ( 'NONE',  ( -16.97670209082773951, 1.095000000000040385, 0.6397112561301182554 ) ) ;
#5169 = CIRCLE ( 'NONE', #5350, 17.00000000000000355 ) ;
#5170 = CYLINDRICAL_SURFACE ( 'NONE', #9692, 17.00000000000000355 ) ;
#5171 = DIRECTION ( 'NONE',  ( -1.110223024625156540E-16, -3.061276722312011998E-16, 1.000000000000000000 ) ) ;
#5172 = DIRECTION ( 'NONE',  ( 0.000000000000000000, 0.000000000000000000, 1.000000000000000000 ) ) ;
#5173 = ORIENTED_EDGE ( 'NONE', *, *, #6672, .T. ) ;
#5174 = ORIENTED_EDGE ( 'NONE', *, *, #694, .T. ) ;
#5175 = DIRECTION ( 'NONE',  ( -3.583126979299020263E-32, 1.000000000000000000, 3.111048790438776325E-16 ) ) ;
#5176 = CARTESIAN_POINT ( 'NONE',  ( -1.540743955509788682E-30, -3.904999999999991811, 6.938893903907228378E-15 ) ) ;
#5177 = FACE_OUTER_BOUND ( 'NONE', #4215, .T. ) ;
#5178 = CARTESIAN_POINT ( 'NONE',  ( -2.412182932283515768, 94.12768161796614663, 16.82799374557766114 ) ) ;
#5179 = FACE_OUTER_BOUND ( 'NONE', #2705, .T. ) ;
#5180 = AXIS2_PLACEMENT_3D ( 'NONE', #5512, #4695, #3750 ) ;
#5181 = ADVANCED_FACE ( 'NONE', ( #8989 ), #5317, .T. ) ;
#5182 = DIRECTION ( 'NONE',  ( 0.000000000000000000, 0.000000000000000000, -1.000000000000000000 ) ) ;
#5183 = CIRCLE ( 'NONE', #4432, 0.2500000000000002220 ) ;
#5184 = EDGE_CURVE ( 'NONE', #10229, #10493, #4672, .T. ) ;
#5185 = DIRECTION ( 'NONE',  ( 0.000000000000000000, 0.000000000000000000, -1.000000000000000000 ) ) ;
#5186 = CIRCLE ( 'NONE', #3135, 0.2500000000000002220 ) ;
#5187 = CARTESIAN_POINT ( 'NONE',  ( -3.778646842853066179, 94.12768161796614663, 16.57473462945930365 ) ) ;
#5188 = VERTEX_POINT ( 'NONE', #10853 ) ;
#5189 = DIRECTION ( 'NONE',  ( -3.583126979299020263E-32, 1.000000000000000000, 3.111048790438776325E-16 ) ) ;
#5190 = CIRCLE ( 'NONE', #9643, 0.2500000000000002220 ) ;
#5191 = ORIENTED_EDGE ( 'NONE', *, *, #4580, .T. ) ;
#5192 = ADVANCED_FACE ( 'NONE', ( #1932 ), #1755, .F. ) ;
#5193 = LINE ( 'NONE', #11481, #8944 ) ;
#5194 = EDGE_CURVE ( 'NONE', #1662, #11494, #1870, .T. ) ;
#5195 = ORIENTED_EDGE ( 'NONE', *, *, #4567, .T. ) ;
#5196 = AXIS2_PLACEMENT_3D ( 'NONE', #11524, #11365, #9653 ) ;
#5197 = DIRECTION ( 'NONE',  ( -1.110223024625156540E-16, -3.061276722312012491E-16, 1.000000000000000000 ) ) ;
#5198 = VECTOR ( 'NONE', #3795, 1000.000000000000000 ) ;
#5199 = DIRECTION ( 'NONE',  ( -3.583126979299020263E-32, 1.000000000000000000, 3.111048790438776325E-16 ) ) ;
#5200 = VECTOR ( 'NONE', #4796, 1000.000000000000000 ) ;
#5201 = ORIENTED_EDGE ( 'NONE', *, *, #4515, .T. ) ;
#5202 = ORIENTED_EDGE ( 'NONE', *, *, #4975, .T. ) ;
#5203 = DIRECTION ( 'NONE',  ( 8.513507636930336930E-32, -1.000000000000000000, -3.111048790438772381E-16 ) ) ;
#5204 = AXIS2_PLACEMENT_3D ( 'NONE', #1103, #9911, #1928 ) ;
#5205 = ORIENTED_EDGE ( 'NONE', *, *, #3478, .T. ) ;
#5206 = LINE ( 'NONE', #7939, #11102 ) ;
#5207 = ORIENTED_EDGE ( 'NONE', *, *, #1985, .T. ) ;
#5208 = VECTOR ( 'NONE', #6837, 1000.000000000000000 ) ;
#5209 = CARTESIAN_POINT ( 'NONE',  ( -16.08896035120132595, 94.12768161796614663, 5.490478559968321903 ) ) ;
#5210 = DIRECTION ( 'NONE',  ( -1.110223024625156540E-16, -3.061276722312012491E-16, 1.000000000000000000 ) ) ;
#5211 = FACE_OUTER_BOUND ( 'NONE', #1914, .T. ) ;
#5212 = CIRCLE ( 'NONE', #10429, 0.2500000000000002220 ) ;
#5213 = CIRCLE ( 'NONE', #2603, 17.00000000000000000 ) ;
#5214 = EDGE_CURVE ( 'NONE', #1572, #1353, #5602, .T. ) ;
#5215 = CARTESIAN_POINT ( 'NONE',  ( -12.79937408746682337, 1.095000000000012630, -11.18820910463701246 ) ) ;
#5216 = CARTESIAN_POINT ( 'NONE',  ( -4.399923766742745102, 1.095000000000012630, 16.17073904691419273 ) ) ;
#5217 = LINE ( 'NONE', #11028, #7066 ) ;
#5218 = ORIENTED_EDGE ( 'NONE', *, *, #2701, .F. ) ;
#5219 = ORIENTED_EDGE ( 'NONE', *, *, #5591, .T. ) ;
#5220 = ORIENTED_EDGE ( 'NONE', *, *, #240, .F. ) ;
#5221 = CARTESIAN_POINT ( 'NONE',  ( 16.08896035120125489, -3.904999999999963833, -5.490478559968487993 ) ) ;
#5222 = AXIS2_PLACEMENT_3D ( 'NONE', #9384, #5675, #9212 ) ;
#5223 = DIRECTION ( 'NONE',  ( 0.000000000000000000, 0.000000000000000000, -1.000000000000000000 ) ) ;
#5224 = FACE_OUTER_BOUND ( 'NONE', #165, .T. ) ;
#5225 = VECTOR ( 'NONE', #988, 1000.000000000000000 ) ;
#5226 = DIRECTION ( 'NONE',  ( -3.583126979299020263E-32, 1.000000000000000000, 3.111048790438776325E-16 ) ) ;
#5227 = CIRCLE ( 'NONE', #2614, 17.00000000000000355 ) ;
#5228 = CARTESIAN_POINT ( 'NONE',  ( 10.89157104706436741, 1.095000000000068141, -13.05272692301302762 ) ) ;
#5229 = EDGE_CURVE ( 'NONE', #106, #3623, #1811, .T. ) ;
#5230 = CIRCLE ( 'NONE', #11377, 17.00000000000000355 ) ;
#5231 = CARTESIAN_POINT ( 'NONE',  ( -4.399923766742745102, 94.12768161796614663, 16.17073904691421760 ) ) ;
#5232 = CARTESIAN_POINT ( 'NONE',  ( -11.18820910463680107, 94.12768161796608979, 12.79937408746705607 ) ) ;
#5233 = ORIENTED_EDGE ( 'NONE', *, *, #8702, .T. ) ;
#5234 = VECTOR ( 'NONE', #1451, 1000.000000000000000 ) ;
#5235 = VERTEX_POINT ( 'NONE', #9845 ) ;
#5236 = EDGE_CURVE ( 'NONE', #1760, #334, #3544, .T. ) ;
#5237 = CIRCLE ( 'NONE', #7458, 0.2500000000000002220 ) ;
#5238 = CARTESIAN_POINT ( 'NONE',  ( -1.540743955509788682E-30, 39.99999999999997868, 1.387778780781445676E-14 ) ) ;
#5239 = CARTESIAN_POINT ( 'NONE',  ( -14.11970190331939712, 94.12768161796608979, -9.467524394549897693 ) ) ;
#5240 = DIRECTION ( 'NONE',  ( -3.583126979299020263E-32, 1.000000000000000000, 3.111048790438776325E-16 ) ) ;
#5241 = CARTESIAN_POINT ( 'NONE',  ( 12.79937408746704186, 94.12768161796608979, 11.18820910463680462 ) ) ;
#5242 = VERTEX_POINT ( 'NONE', #1875 ) ;
#5243 = FACE_BOUND ( 'NONE', #7069, .T. ) ;
#5244 = AXIS2_PLACEMENT_3D ( 'NONE', #7966, #4466, #737 ) ;
#5245 = MANIFOLD_SOLID_BREP ( 'Cut-Extrude3', #6475 ) ;
#5246 = AXIS2_PLACEMENT_3D ( 'NONE', #9221, #1237, #5573 ) ;
#5247 = AXIS2_PLACEMENT_3D ( 'NONE', #7119, #5199, #10490 ) ;
#5248 = FACE_OUTER_BOUND ( 'NONE', #5147, .T. ) ;
#5249 = AXIS2_PLACEMENT_3D ( 'NONE', #7900, #5986, #9636 ) ;
#5250 = DIRECTION ( 'NONE',  ( 0.000000000000000000, 0.000000000000000000, 1.000000000000000000 ) ) ;
#5251 = ORIENTED_EDGE ( 'NONE', *, *, #6870, .F. ) ;
#5252 = DIRECTION ( 'NONE',  ( -1.613839565122628308E-31, -1.000000000000000000, -3.111048790438776325E-16 ) ) ;
#5253 = CARTESIAN_POINT ( 'NONE',  ( 16.97670209082774662, 1.095000000000040385, 0.8897112561298756717 ) ) ;
#5254 = ORIENTED_EDGE ( 'NONE', *, *, #9174, .F. ) ;
#5255 = EDGE_CURVE ( 'NONE', #7574, #11492, #6708, .T. ) ;
#5256 = FACE_OUTER_BOUND ( 'NONE', #1197, .T. ) ;
#5257 = VERTEX_POINT ( 'NONE', #7935 ) ;
#5258 = CIRCLE ( 'NONE', #241, 17.00000000000000000 ) ;
#5259 = CYLINDRICAL_SURFACE ( 'NONE', #3557, 0.2500000000000006661 ) ;
#5260 = ADVANCED_BREP_SHAPE_REPRESENTATION ( 'nikon_mrh08230_20x0.45_air_objective', ( #5245, #7757 ), #4217 ) ;
#5261 = CIRCLE ( 'NONE', #10070, 0.2500000000000002220 ) ;
#5262 = CARTESIAN_POINT ( 'NONE',  ( -16.90687222126062750, -3.904999999999963833, 1.776983875550176784 ) ) ;
#5263 = AXIS2_PLACEMENT_3D ( 'NONE', #239, #1151, #2903 ) ;
#5264 = ADVANCED_FACE ( 'NONE', ( #3503 ), #4507, .F. ) ;
#5265 = ORIENTED_EDGE ( 'NONE', *, *, #8461, .F. ) ;
#5266 = ORIENTED_EDGE ( 'NONE', *, *, #11403, .T. ) ;
#5267 = CARTESIAN_POINT ( 'NONE',  ( 15.25896758828891109, 94.12768161796608979, 7.494258344862989141 ) ) ;
#5268 = ORIENTED_EDGE ( 'NONE', *, *, #11522, .F. ) ;
#5269 = CARTESIAN_POINT ( 'NONE',  ( -1.540743955509788682E-30, -3.904999999999991811, 6.938893903907228378E-15 ) ) ;
#5270 = VERTEX_POINT ( 'NONE', #2743 ) ;
#5271 = AXIS2_PLACEMENT_3D ( 'NONE', #11113, #10283, #9359 ) ;
#5272 = CYLINDRICAL_SURFACE ( 'NONE', #2406, 0.2500000000000002220 ) ;
#5273 = DIRECTION ( 'NONE',  ( -1.110223024625156540E-16, -3.061276722312012491E-16, 1.000000000000000000 ) ) ;
#5274 = CYLINDRICAL_SURFACE ( 'NONE', #780, 17.00000000000000355 ) ;
#5275 = ADVANCED_FACE ( 'NONE', ( #6298 ), #3371, .T. ) ;
#5276 = EDGE_CURVE ( 'NONE', #8075, #3989, #5934, .T. ) ;
#5277 = CYLINDRICAL_SURFACE ( 'NONE', #2218, 0.2500000000000004441 ) ;
#5278 = VERTEX_POINT ( 'NONE', #8285 ) ;
#5279 = ORIENTED_EDGE ( 'NONE', *, *, #5016, .T. ) ;
#5280 = ORIENTED_EDGE ( 'NONE', *, *, #4191, .T. ) ;
#5281 = CARTESIAN_POINT ( 'NONE',  ( -16.79070179011731767, 94.12768161796614663, 2.659385905684028106 ) ) ;
#5282 = DIRECTION ( 'NONE',  ( 0.000000000000000000, 0.000000000000000000, 1.000000000000000000 ) ) ;
#5283 = LINE ( 'NONE', #10027, #9270 ) ;
#5284 = CARTESIAN_POINT ( 'NONE',  ( 5.253288904374220358, -3.904999999999991811, 16.16796077701756218 ) ) ;
#5285 = ORIENTED_EDGE ( 'NONE', *, *, #10171, .T. ) ;
#5286 = CARTESIAN_POINT ( 'NONE',  ( -15.63027488033814194, -3.904999999999936300, -6.685395064247908969 ) ) ;
#5287 = DIRECTION ( 'NONE',  ( 1.837426895219299873E-31, -1.000000000000000000, -3.111048790438776325E-16 ) ) ;
#5288 = DIRECTION ( 'NONE',  ( -1.110223024625156540E-16, -4.081702296416015997E-16, 1.000000000000000000 ) ) ;
#5289 = VERTEX_POINT ( 'NONE', #4733 ) ;
#5290 = ORIENTED_EDGE ( 'NONE', *, *, #3492, .F. ) ;
#5291 = ORIENTED_EDGE ( 'NONE', *, *, #4505, .F. ) ;
#5292 = VERTEX_POINT ( 'NONE', #5825 ) ;
#5293 = CYLINDRICAL_SURFACE ( 'NONE', #934, 0.2500000000000002220 ) ;
#5294 = CARTESIAN_POINT ( 'NONE',  ( -6.092255142270007084, -3.904999999999991811, 15.87086725045246816 ) ) ;
#5295 = LINE ( 'NONE', #9766, #3449 ) ;
#5296 = CYLINDRICAL_SURFACE ( 'NONE', #2052, 17.00000000000000355 ) ;
#5297 = EDGE_CURVE ( 'NONE', #7052, #5048, #6858, .T. ) ;
#5298 = VERTEX_POINT ( 'NONE', #4057 ) ;
#5299 = DIRECTION ( 'NONE',  ( 3.583126979299020263E-32, -1.000000000000000000, -3.111048790438776325E-16 ) ) ;
#5300 = DIRECTION ( 'NONE',  ( -3.583126979299020263E-32, 1.000000000000000000, 3.111048790438776325E-16 ) ) ;
#5301 = CYLINDRICAL_SURFACE ( 'NONE', #9475, 0.2500000000000002220 ) ;
#5302 = ORIENTED_EDGE ( 'NONE', *, *, #7809, .F. ) ;
#5303 = DIRECTION ( 'NONE',  ( -3.583126979299020263E-32, 1.000000000000000000, 3.111048790438776325E-16 ) ) ;
#5304 = DIRECTION ( 'NONE',  ( -1.110223024625156540E-16, -3.061276722312011998E-16, 1.000000000000000000 ) ) ;
#5305 = ORIENTED_EDGE ( 'NONE', *, *, #3767, .F. ) ;
#5306 = CARTESIAN_POINT ( 'NONE',  ( -1.540743955509788682E-30, 39.99999999999997868, 1.387778780781445676E-14 ) ) ;
#5307 = AXIS2_PLACEMENT_3D ( 'NONE', #4590, #5527, #8140 ) ;
#5308 = DIRECTION ( 'NONE',  ( 0.000000000000000000, 0.000000000000000000, -1.000000000000000000 ) ) ;
#5309 = CARTESIAN_POINT ( 'NONE',  ( 16.82799374557757943, 1.095000000000012630, -2.412182932283811532 ) ) ;
#5310 = EDGE_CURVE ( 'NONE', #11049, #1589, #206, .T. ) ;
#5311 = FACE_OUTER_BOUND ( 'NONE', #2990, .T. ) ;
#5312 = AXIS2_PLACEMENT_3D ( 'NONE', #2660, #10561, #5282 ) ;
#5313 = DIRECTION ( 'NONE',  ( 3.583126979299020263E-32, -1.000000000000000000, -3.111048790438776325E-16 ) ) ;
#5314 = ORIENTED_EDGE ( 'NONE', *, *, #4540, .F. ) ;
#5315 = ORIENTED_EDGE ( 'NONE', *, *, #8962, .F. ) ;
#5316 = ORIENTED_EDGE ( 'NONE', *, *, #11100, .T. ) ;
#5317 = CYLINDRICAL_SURFACE ( 'NONE', #7646, 17.00000000000000355 ) ;
#5318 = ORIENTED_EDGE ( 'NONE', *, *, #9097, .F. ) ;
#5319 = LINE ( 'NONE', #10369, #4390 ) ;
#5320 = EDGE_LOOP ( 'NONE', ( #11323, #1142, #1892, #1906 ) ) ;
#5321 = DIRECTION ( 'NONE',  ( -3.583126979299020263E-32, 1.000000000000000000, 3.111048790438776325E-16 ) ) ;
#5322 = ADVANCED_FACE ( 'NONE', ( #5879 ), #9413, .F. ) ;
#5323 = CARTESIAN_POINT ( 'NONE',  ( -1.540743955509788682E-30, 23.29500000000000881, 1.387778780781445676E-14 ) ) ;
#5324 = CIRCLE ( 'NONE', #1968, 0.2500000000000006661 ) ;
#5325 = DIRECTION ( 'NONE',  ( 0.000000000000000000, 0.000000000000000000, -1.000000000000000000 ) ) ;
#5326 = ADVANCED_FACE ( 'NONE', ( #6804 ), #1431, .F. ) ;
#5327 = AXIS2_PLACEMENT_3D ( 'NONE', #5970, #2473, #4211 ) ;
#5328 = DIRECTION ( 'NONE',  ( 2.330464960982432251E-31, -1.000000000000000000, -3.111048790438776325E-16 ) ) ;
#5329 = ORIENTED_EDGE ( 'NONE', *, *, #7329, .F. ) ;
#5330 = ORIENTED_EDGE ( 'NONE', *, *, #164, .T. ) ;
#5331 = EDGE_LOOP ( 'NONE', ( #2867, #391, #3648, #7357 ) ) ;
#5332 = FACE_OUTER_BOUND ( 'NONE', #6925, .T. ) ;
#5333 = LINE ( 'NONE', #7784, #3811 ) ;
#5334 = EDGE_CURVE ( 'NONE', #3686, #472, #4474, .T. ) ;
#5335 = FACE_OUTER_BOUND ( 'NONE', #888, .T. ) ;
#5336 = ADVANCED_FACE ( 'NONE', ( #1379 ), #2368, .F. ) ;
#5337 = EDGE_CURVE ( 'NONE', #638, #6468, #1983, .T. ) ;
#5338 = CYLINDRICAL_SURFACE ( 'NONE', #1129, 17.00000000000000355 ) ;
#5339 = VECTOR ( 'NONE', #942, 1000.000000000000000 ) ;
#5340 = CARTESIAN_POINT ( 'NONE',  ( 14.72243186433552076, 1.094999999999984874, 8.249999999999861444 ) ) ;
#5341 = LINE ( 'NONE', #9055, #1507 ) ;
#5342 = EDGE_LOOP ( 'NONE', ( #10682, #9863, #1188, #1341 ) ) ;
#5343 = ORIENTED_EDGE ( 'NONE', *, *, #6417, .F. ) ;
#5344 = VERTEX_POINT ( 'NONE', #4996 ) ;
#5345 = VERTEX_POINT ( 'NONE', #10901 ) ;
#5346 = CARTESIAN_POINT ( 'NONE',  ( -1.415534356397075772E-15, 23.29500000000000526, 12.75000000000001066 ) ) ;
#5347 = CARTESIAN_POINT ( 'NONE',  ( -13.60485940014289064, -3.904999999999991811, -10.19351758238260608 ) ) ;
#5348 = DIRECTION ( 'NONE',  ( 1.110223024625156540E-16, 0.000000000000000000, -1.000000000000000000 ) ) ;
#5349 = EDGE_LOOP ( 'NONE', ( #10639, #9138, #11464, #8903 ) ) ;
#5350 = AXIS2_PLACEMENT_3D ( 'NONE', #485, #4038, #3931 ) ;
#5351 = DIRECTION ( 'NONE',  ( 3.583126979299015884E-32, -1.000000000000000000, -3.111048790438772381E-16 ) ) ;
#5352 = DIRECTION ( 'NONE',  ( 1.590907862337733465E-31, -1.000000000000000000, -3.111048790438776325E-16 ) ) ;
#5353 = EDGE_CURVE ( 'NONE', #5745, #1001, #1679, .T. ) ;
#5354 = DIRECTION ( 'NONE',  ( -1.110223024625156540E-16, -4.081702296416015997E-16, 1.000000000000000000 ) ) ;
#5355 = EDGE_CURVE ( 'NONE', #2740, #7832, #2046, .T. ) ;
#5356 = DIRECTION ( 'NONE',  ( 1.837426895219299873E-31, -1.000000000000000000, -3.111048790438776325E-16 ) ) ;
#5357 = ORIENTED_EDGE ( 'NONE', *, *, #6770, .T. ) ;
#5358 = DIRECTION ( 'NONE',  ( 0.000000000000000000, 0.000000000000000000, -1.000000000000000000 ) ) ;
#5359 = ORIENTED_EDGE ( 'NONE', *, *, #3823, .F. ) ;
#5360 = CARTESIAN_POINT ( 'NONE',  ( 11.84274353507891675, -3.904999999999991811, -12.19628736797991664 ) ) ;
#5361 = CIRCLE ( 'NONE', #11497, 17.00000000000000000 ) ;
#5362 = VERTEX_POINT ( 'NONE', #4130 ) ;
#5363 = DIRECTION ( 'NONE',  ( -1.110223024625156540E-16, -3.061276722312012491E-16, 1.000000000000000000 ) ) ;
#5364 = AXIS2_PLACEMENT_3D ( 'NONE', #1961, #1915, #5478 ) ;
#5365 = CARTESIAN_POINT ( 'NONE',  ( 1.699043280041744246E-15, 22.72931457505076125, -14.35724273152939290 ) ) ;
#5366 = ORIENTED_EDGE ( 'NONE', *, *, #5688, .F. ) ;
#5367 = CARTESIAN_POINT ( 'NONE',  ( -15.77956154453772797, 1.095000000000012630, 6.324985174855829229 ) ) ;
#5368 = CIRCLE ( 'NONE', #4990, 17.00000000000000000 ) ;
#5369 = CARTESIAN_POINT ( 'NONE',  ( -15.25896758828880628, 1.095000000000012630, 7.494258344863176546 ) ) ;
#5370 = CARTESIAN_POINT ( 'NONE',  ( -15.53027277992417154, 1.095000000000012630, 6.914522932288676316 ) ) ;
#5371 = EDGE_LOOP ( 'NONE', ( #474, #6646, #4946, #9562 ) ) ;
#5372 = ORIENTED_EDGE ( 'NONE', *, *, #1249, .F. ) ;
#5373 = VERTEX_POINT ( 'NONE', #3792 ) ;
#5374 = DIRECTION ( 'NONE',  ( 0.000000000000000000, 0.000000000000000000, -1.000000000000000000 ) ) ;
#5375 = EDGE_CURVE ( 'NONE', #10821, #10189, #7633, .T. ) ;
#5376 = ORIENTED_EDGE ( 'NONE', *, *, #8428, .T. ) ;
#5377 = LINE ( 'NONE', #10948, #3657 ) ;
#5378 = AXIS2_PLACEMENT_3D ( 'NONE', #3210, #7693, #8847 ) ;
#5379 = CARTESIAN_POINT ( 'NONE',  ( 13.21148134476858438, -3.904999999999963833, 10.44844664784712940 ) ) ;
#5380 = CARTESIAN_POINT ( 'NONE',  ( -1.540743955509788682E-30, -3.904999999999991811, 6.938893903907228378E-15 ) ) ;
#5381 = VECTOR ( 'NONE', #7313, 1000.000000000000000 ) ;
#5382 = CARTESIAN_POINT ( 'NONE',  ( -1.540743955509788682E-30, -3.904999999999991811, 6.938893903907228378E-15 ) ) ;
#5383 = AXIS2_PLACEMENT_3D ( 'NONE', #5571, #963, #2936 ) ;
#5384 = AXIS2_PLACEMENT_3D ( 'NONE', #8109, #6523, #3036 ) ;
#5385 = CIRCLE ( 'NONE', #6309, 17.00000000000000355 ) ;
#5386 = FACE_BOUND ( 'NONE', #4385, .T. ) ;
#5387 = AXIS2_PLACEMENT_3D ( 'NONE', #4862, #3054, #8469 ) ;
#5388 = ORIENTED_EDGE ( 'NONE', *, *, #1148, .F. ) ;
#5389 = ORIENTED_EDGE ( 'NONE', *, *, #3223, .T. ) ;
#5390 = EDGE_CURVE ( 'NONE', #3533, #7173, #2618, .T. ) ;
#5391 = VECTOR ( 'NONE', #7771, 1000.000000000000000 ) ;
#5392 = EDGE_LOOP ( 'NONE', ( #9972, #1458, #5343, #7232 ) ) ;
#5393 = CYLINDRICAL_SURFACE ( 'NONE', #5180, 17.00000000000000355 ) ;
#5394 = CARTESIAN_POINT ( 'NONE',  ( 16.62850921247471447, 94.12768161796614663, 3.534498743901777651 ) ) ;
#5395 = DIRECTION ( 'NONE',  ( -1.146585139244830269E-33, -1.000000000000000000, -3.111048790438772381E-16 ) ) ;
#5396 = DIRECTION ( 'NONE',  ( -3.583126979299020263E-32, 1.000000000000000000, 3.111048790438776325E-16 ) ) ;
#5397 = AXIS2_PLACEMENT_3D ( 'NONE', #5159, #5107, #11406 ) ;
#5398 = AXIS2_PLACEMENT_3D ( 'NONE', #11430, #8901, #8683 ) ;
#5399 = ORIENTED_EDGE ( 'NONE', *, *, #1556, .F. ) ;
#5400 = EDGE_CURVE ( 'NONE', #7345, #4901, #6160, .T. ) ;
#5401 = CARTESIAN_POINT ( 'NONE',  ( 3.164015295687487296E-15, 39.99999999999998579, -13.55114218134570514 ) ) ;
#5402 = AXIS2_PLACEMENT_3D ( 'NONE', #11407, #3416, #6091 ) ;
#5403 = CARTESIAN_POINT ( 'NONE',  ( 2.659385905684037432, -3.904999999999991811, 16.79070179011731767 ) ) ;
#5404 = EDGE_CURVE ( 'NONE', #1031, #9009, #4676, .T. ) ;
#5405 = CIRCLE ( 'NONE', #8195, 0.2500000000000002220 ) ;
#5406 = AXIS2_PLACEMENT_3D ( 'NONE', #9020, #2787, #3606 ) ;
#5407 = CARTESIAN_POINT ( 'NONE',  ( 16.67868766460513186, -3.904999999999963833, 3.289586263734135763 ) ) ;
#5408 = ORIENTED_EDGE ( 'NONE', *, *, #6951, .F. ) ;
#5409 = ORIENTED_EDGE ( 'NONE', *, *, #1913, .T. ) ;
#5410 = ORIENTED_EDGE ( 'NONE', *, *, #11229, .T. ) ;
#5411 = EDGE_CURVE ( 'NONE', #227, #573, #8010, .T. ) ;
#5412 = ORIENTED_EDGE ( 'NONE', *, *, #10303, .T. ) ;
#5413 = CARTESIAN_POINT ( 'NONE',  ( 8.500000000000113687, 94.12768161796620348, 14.72243186433541595 ) ) ;
#5414 = DIRECTION ( 'NONE',  ( 0.000000000000000000, 0.000000000000000000, 1.000000000000000000 ) ) ;
#5415 = DIRECTION ( 'NONE',  ( -1.110223024625156540E-16, -4.081702296416015997E-16, 1.000000000000000000 ) ) ;
#5416 = DIRECTION ( 'NONE',  ( -3.583126979299020263E-32, 1.000000000000000000, 3.111048790438776325E-16 ) ) ;
#5417 = CIRCLE ( 'NONE', #7641, 12.50000000000000533 ) ;
#5418 = ORIENTED_EDGE ( 'NONE', *, *, #1402, .T. ) ;
#5419 = DIRECTION ( 'NONE',  ( 1.110223024625156540E-16, 0.000000000000000000, -1.000000000000000000 ) ) ;
#5420 = AXIS2_PLACEMENT_3D ( 'NONE', #5238, #5175, #2502 ) ;
#5421 = AXIS2_PLACEMENT_3D ( 'NONE', #4553, #929, #10773 ) ;
#5422 = DIRECTION ( 'NONE',  ( -3.583126979299020263E-32, 1.000000000000000000, 3.111048790438776325E-16 ) ) ;
#5423 = AXIS2_PLACEMENT_3D ( 'NONE', #7467, #8286, #10960 ) ;
#5424 = ADVANCED_FACE ( 'NONE', ( #10225 ), #4942, .T. ) ;
#5425 = DIRECTION ( 'NONE',  ( 9.094414602384046626E-17, -0.5735764363510460484, -0.8191520442889917986 ) ) ;
#5426 = AXIS2_PLACEMENT_3D ( 'NONE', #380, #8535, #10208 ) ;
#5427 = DIRECTION ( 'NONE',  ( 0.000000000000000000, 0.000000000000000000, 1.000000000000000000 ) ) ;
#5429 = AXIS2_PLACEMENT_3D ( 'NONE', #7945, #1593, #6788 ) ;
#5428 = DIRECTION ( 'NONE',  ( 0.000000000000000000, 0.000000000000000000, -1.000000000000000000 ) ) ;
#5430 = DIRECTION ( 'NONE',  ( -1.110223024625156540E-16, -2.721134864277344655E-16, 1.000000000000000000 ) ) ;
#5431 = ORIENTED_EDGE ( 'NONE', *, *, #3440, .F. ) ;
#5432 = CARTESIAN_POINT ( 'NONE',  ( 15.53027277992412891, -3.904999999999936300, -6.914522932288773127 ) ) ;
#5433 = CIRCLE ( 'NONE', #3385, 0.2500000000000002220 ) ;
#5434 = AXIS2_PLACEMENT_3D ( 'NONE', #11417, #6968, #8783 ) ;
#5435 = EDGE_CURVE ( 'NONE', #7691, #2658, #10988, .T. ) ;
#5436 = AXIS2_PLACEMENT_3D ( 'NONE', #4260, #3448, #10541 ) ;
#5437 = DIRECTION ( 'NONE',  ( 0.000000000000000000, 0.000000000000000000, -1.000000000000000000 ) ) ;
#5438 = LINE ( 'NONE', #9908, #1450 ) ;
#5439 = AXIS2_PLACEMENT_3D ( 'NONE', #3599, #679, #3434 ) ;
#5440 = DIRECTION ( 'NONE',  ( 0.000000000000000000, 0.000000000000000000, -1.000000000000000000 ) ) ;
#5441 = CYLINDRICAL_SURFACE ( 'NONE', #1658, 17.00000000000000355 ) ;
#5442 = CIRCLE ( 'NONE', #3398, 17.00000000000000355 ) ;
#5443 = AXIS2_PLACEMENT_3D ( 'NONE', #3616, #1046, #7168 ) ;
#5444 = VERTEX_POINT ( 'NONE', #5346 ) ;
#5445 = CARTESIAN_POINT ( 'NONE',  ( 1.540743955509788682E-30, -23.15500000000000824, 0.000000000000000000 ) ) ;
#5446 = ORIENTED_EDGE ( 'NONE', *, *, #6352, .T. ) ;
#5447 = VECTOR ( 'NONE', #9889, 1000.000000000000000 ) ;
#5448 = EDGE_LOOP ( 'NONE', ( #5096, #567, #10716, #6000 ) ) ;
#5449 = ADVANCED_FACE ( 'NONE', ( #3378 ), #5293, .F. ) ;
#5450 = FACE_OUTER_BOUND ( 'NONE', #6020, .T. ) ;
#5451 = DIRECTION ( 'NONE',  ( 0.000000000000000000, 0.000000000000000000, -1.000000000000000000 ) ) ;
#5452 = AXIS2_PLACEMENT_3D ( 'NONE', #7526, #3910, #6707 ) ;
#5453 = DIRECTION ( 'NONE',  ( -1.110223024625156540E-16, -4.081702296416015997E-16, 1.000000000000000000 ) ) ;
#5454 = AXIS2_PLACEMENT_3D ( 'NONE', #129, #4608, #1978 ) ;
#5455 = DIRECTION ( 'NONE',  ( -3.583126979299020263E-32, 1.000000000000000000, 3.111048790438776325E-16 ) ) ;
#5456 = CARTESIAN_POINT ( 'NONE',  ( -13.36737861225406476, 94.12768161796608979, -10.50300857072160277 ) ) ;
#5457 = ORIENTED_EDGE ( 'NONE', *, *, #1689, .F. ) ;
#5458 = ORIENTED_EDGE ( 'NONE', *, *, #9381, .F. ) ;
#5459 = CIRCLE ( 'NONE', #3400, 17.00000000000000355 ) ;
#5460 = VERTEX_POINT ( 'NONE', #10640 ) ;
#5461 = DIRECTION ( 'NONE',  ( -3.583126979299020263E-32, 1.000000000000000000, 3.111048790438776325E-16 ) ) ;
#5462 = DIRECTION ( 'NONE',  ( -1.110223024625156540E-16, -3.061276722312011998E-16, 1.000000000000000000 ) ) ;
#5463 = DIRECTION ( 'NONE',  ( 0.000000000000000000, 0.000000000000000000, -1.000000000000000000 ) ) ;
#5464 = CARTESIAN_POINT ( 'NONE',  ( 6.685395064248055519, -3.904999999999991811, 15.63027488033809398 ) ) ;
#5465 = ADVANCED_FACE ( 'NONE', ( #10474 ), #4303, .T. ) ;
#5466 = DIRECTION ( 'NONE',  ( 1.590907862337732589E-31, -1.000000000000000000, -3.111048790438776325E-16 ) ) ;
#5467 = FACE_OUTER_BOUND ( 'NONE', #7799, .T. ) ;
#5468 = ORIENTED_EDGE ( 'NONE', *, *, #11453, .F. ) ;
#5469 = ORIENTED_EDGE ( 'NONE', *, *, #197, .T. ) ;
#5470 = VERTEX_POINT ( 'NONE', #4360 ) ;
#5471 = EDGE_CURVE ( 'NONE', #5794, #8694, #4409, .T. ) ;
#5472 = ORIENTED_EDGE ( 'NONE', *, *, #7959, .F. ) ;
#5473 = CARTESIAN_POINT ( 'NONE',  ( 8.500000000000113687, -3.904999999999991811, 14.47243186433538931 ) ) ;
#5474 = CARTESIAN_POINT ( 'NONE',  ( -15.77956154453764093, 94.12768161796614663, 6.324985174856065484 ) ) ;
#5475 = CARTESIAN_POINT ( 'NONE',  ( -1.540743955509788682E-30, -3.904999999999991811, 6.938893903907228378E-15 ) ) ;
#5476 = CARTESIAN_POINT ( 'NONE',  ( -16.62850921247467184, 1.095000000000040385, 3.284498743901985485 ) ) ;
#5477 = ORIENTED_EDGE ( 'NONE', *, *, #10447, .F. ) ;
#5478 = DIRECTION ( 'NONE',  ( -1.110223024625156540E-16, -3.061276722312011998E-16, 1.000000000000000000 ) ) ;
#5479 = EDGE_CURVE ( 'NONE', #9209, #1515, #3433, .T. ) ;
#5480 = CARTESIAN_POINT ( 'NONE',  ( -10.89157104706462498, -3.904999999999936300, -13.05272692301280557 ) ) ;
#5481 = LINE ( 'NONE', #3826, #9294 ) ;
#5482 = ADVANCED_FACE ( 'NONE', ( #2609 ), #4234, .F. ) ;
#5483 = ADVANCED_FACE ( 'NONE', ( #6057 ), #9716, .T. ) ;
#5484 = ORIENTED_EDGE ( 'NONE', *, *, #10572, .F. ) ;
#5485 = CARTESIAN_POINT ( 'NONE',  ( -1.540743955509788682E-30, -3.904999999999991811, 6.938893903907228378E-15 ) ) ;
#5486 = CARTESIAN_POINT ( 'NONE',  ( -15.53027277992417154, 94.12768161796608979, 6.914522932288710955 ) ) ;
#5487 = DIRECTION ( 'NONE',  ( 0.000000000000000000, 0.000000000000000000, 1.000000000000000000 ) ) ;
#5488 = VERTEX_POINT ( 'NONE', #1563 ) ;
#5489 = CARTESIAN_POINT ( 'NONE',  ( -1.540743955509788682E-30, -3.904999999999991811, 6.938893903907228378E-15 ) ) ;
#5490 = ADVANCED_FACE ( 'NONE', ( #8792 ), #8721, .T. ) ;
#5491 = DIRECTION ( 'NONE',  ( 0.000000000000000000, 0.000000000000000000, -1.000000000000000000 ) ) ;
#5492 = ADVANCED_FACE ( 'NONE', ( #6975 ), #6003, .F. ) ;
#5493 = VERTEX_POINT ( 'NONE', #8842 ) ;
#5494 = CARTESIAN_POINT ( 'NONE',  ( -1.540743955509788682E-30, 39.99999999999997868, 1.387778780781445676E-14 ) ) ;
#5495 = CARTESIAN_POINT ( 'NONE',  ( 16.42073904691418562, -3.904999999999963833, 4.399923766742697140 ) ) ;
#5496 = ORIENTED_EDGE ( 'NONE', *, *, #3671, .T. ) ;
#5497 = ORIENTED_EDGE ( 'NONE', *, *, #3894, .T. ) ;
#5498 = VERTEX_POINT ( 'NONE', #6108 ) ;
#5499 = CARTESIAN_POINT ( 'NONE',  ( -1.540743955509788682E-30, 1.095000000000012630, 0.000000000000000000 ) ) ;
#5500 = FACE_OUTER_BOUND ( 'NONE', #10040, .T. ) ;
#5501 = ORIENTED_EDGE ( 'NONE', *, *, #9256, .T. ) ;
#5502 = DIRECTION ( 'NONE',  ( -3.812444007147977456E-32, -1.000000000000000000, -3.111048790438772381E-16 ) ) ;
#5503 = DIRECTION ( 'NONE',  ( -1.613839565122628308E-31, -1.000000000000000000, -3.111048790438776325E-16 ) ) ;
#5504 = CARTESIAN_POINT ( 'NONE',  ( -3.778646842853066179, 1.095000000000012630, 16.57473462945927878 ) ) ;
#5505 = AXIS2_PLACEMENT_3D ( 'NONE', #4649, #8204, #11059 ) ;
#5506 = EDGE_CURVE ( 'NONE', #1036, #6700, #1312, .T. ) ;
#5507 = CARTESIAN_POINT ( 'NONE',  ( 13.89874408142001094, 1.095000000000040385, 9.789020020369347819 ) ) ;
#5508 = EDGE_LOOP ( 'NONE', ( #11134, #7087, #9959, #10638 ) ) ;
#5509 = ORIENTED_EDGE ( 'NONE', *, *, #8175, .F. ) ;
#5510 = ORIENTED_EDGE ( 'NONE', *, *, #4358, .T. ) ;
#5511 = CONICAL_SURFACE ( 'NONE', #6985, 14.35724273152941421, 0.08726646259971611308 ) ;
#5512 = CARTESIAN_POINT ( 'NONE',  ( -1.540743955509788682E-30, 39.99999999999997868, 1.387778780781445676E-14 ) ) ;
#5513 = DIRECTION ( 'NONE',  ( 2.823503026745565068E-31, -1.000000000000000000, -3.111048790438776325E-16 ) ) ;
#5514 = CYLINDRICAL_SURFACE ( 'NONE', #7420, 0.2500000000000002220 ) ;
#5515 = CYLINDRICAL_SURFACE ( 'NONE', #9835, 0.2500000000000002220 ) ;
#5516 = ORIENTED_EDGE ( 'NONE', *, *, #7895, .F. ) ;
#5517 = LINE ( 'NONE', #9177, #578 ) ;
#5518 = CARTESIAN_POINT ( 'NONE',  ( 16.97670209082774662, -3.904999999999963833, 0.8897112561298825550 ) ) ;
#5519 = AXIS2_PLACEMENT_3D ( 'NONE', #4091, #4158, #2997 ) ;
#5520 = DIRECTION ( 'NONE',  ( -3.583126979299020263E-32, 1.000000000000000000, 3.111048790438776325E-16 ) ) ;
#5521 = DIRECTION ( 'NONE',  ( -1.110223024625156540E-16, -3.061276722312011998E-16, 1.000000000000000000 ) ) ;
#5522 = EDGE_LOOP ( 'NONE', ( #10259, #9011, #8638, #9861 ) ) ;
#5523 = ORIENTED_EDGE ( 'NONE', *, *, #3105, .F. ) ;
#5524 = VERTEX_POINT ( 'NONE', #6225 ) ;
#5525 = DIRECTION ( 'NONE',  ( 8.513507636930336930E-32, -1.000000000000000000, -3.111048790438772381E-16 ) ) ;
#5526 = DIRECTION ( 'NONE',  ( -1.613839565122628308E-31, -1.000000000000000000, -3.111048790438776325E-16 ) ) ;
#5527 = DIRECTION ( 'NONE',  ( -3.583126979299020263E-32, 1.000000000000000000, 3.111048790438776325E-16 ) ) ;
#5528 = EDGE_CURVE ( 'NONE', #5344, #1353, #1506, .T. ) ;
#5529 = ORIENTED_EDGE ( 'NONE', *, *, #3339, .T. ) ;
#5530 = DIRECTION ( 'NONE',  ( -1.120801499359495711E-31, -1.000000000000000000, -3.111048790438776325E-16 ) ) ;
#5531 = CIRCLE ( 'NONE', #1791, 0.2500000000000002220 ) ;
#5532 = CARTESIAN_POINT ( 'NONE',  ( 5.858207580458103969, 1.095000000000012630, 15.95874067538736263 ) ) ;
#5533 = CARTESIAN_POINT ( 'NONE',  ( -1.559990157201175450E-15, -22.90500000000001180, 14.05114218134571047 ) ) ;
#5534 = ORIENTED_EDGE ( 'NONE', *, *, #8812, .F. ) ;
#5535 = CARTESIAN_POINT ( 'NONE',  ( 6.685395064248152330, 1.095000000000012630, 15.63027488033804424 ) ) ;
#5536 = VERTEX_POINT ( 'NONE', #6171 ) ;
#5537 = DIRECTION ( 'NONE',  ( 3.583126979299020263E-32, -1.000000000000000000, -3.111048790438776325E-16 ) ) ;
#5538 = ORIENTED_EDGE ( 'NONE', *, *, #4777, .T. ) ;
#5539 = EDGE_CURVE ( 'NONE', #8310, #5937, #10047, .T. ) ;
#5540 = DIRECTION ( 'NONE',  ( -1.613839565122628308E-31, -1.000000000000000000, -3.111048790438776325E-16 ) ) ;
#5541 = CARTESIAN_POINT ( 'NONE',  ( 16.35426043587224854, 94.12768161796603295, -4.640922924986239373 ) ) ;
#5542 = LINE ( 'NONE', #1099, #10377 ) ;
#5543 = EDGE_CURVE ( 'NONE', #9427, #6249, #1882, .T. ) ;
#5544 = CIRCLE ( 'NONE', #10347, 0.2500000000000002220 ) ;
#5545 = FACE_OUTER_BOUND ( 'NONE', #2467, .T. ) ;
#5546 = CIRCLE ( 'NONE', #3489, 0.2500000000000002220 ) ;
#5547 = DIRECTION ( 'NONE',  ( 2.330464960982432251E-31, -1.000000000000000000, -3.111048790438776325E-16 ) ) ;
#5548 = ADVANCED_FACE ( 'NONE', ( #8890 ), #909, .F. ) ;
#5549 = EDGE_CURVE ( 'NONE', #3561, #5094, #280, .T. ) ;
#5550 = VERTEX_POINT ( 'NONE', #9936 ) ;
#5551 = ORIENTED_EDGE ( 'NONE', *, *, #6819, .T. ) ;
#5552 = VERTEX_POINT ( 'NONE', #2077 ) ;
#5553 = DIRECTION ( 'NONE',  ( 0.000000000000000000, 0.000000000000000000, -1.000000000000000000 ) ) ;
#5554 = VERTEX_POINT ( 'NONE', #161 ) ;
#5555 = EDGE_CURVE ( 'NONE', #10458, #4732, #7844, .T. ) ;
#5556 = ORIENTED_EDGE ( 'NONE', *, *, #6619, .T. ) ;
#5557 = CARTESIAN_POINT ( 'NONE',  ( -2.412182932283520209, -3.904999999999936300, -16.82799374557763628 ) ) ;
#5558 = CYLINDRICAL_SURFACE ( 'NONE', #4081, 17.00000000000000355 ) ;
#5559 = AXIS2_PLACEMENT_3D ( 'NONE', #1598, #3467, #2491 ) ;
#5560 = CARTESIAN_POINT ( 'NONE',  ( -1.540743955509788682E-30, 39.99999999999997868, 1.387778780781445676E-14 ) ) ;
#5561 = AXIS2_PLACEMENT_3D ( 'NONE', #3247, #4173, #5925 ) ;
#5562 = LINE ( 'NONE', #1063, #1853 ) ;
#5563 = AXIS2_PLACEMENT_3D ( 'NONE', #1464, #7217, #9515 ) ;
#5564 = ORIENTED_EDGE ( 'NONE', *, *, #5132, .T. ) ;
#5565 = VERTEX_POINT ( 'NONE', #3769 ) ;
#5566 = ORIENTED_EDGE ( 'NONE', *, *, #2631, .F. ) ;
#5567 = DIRECTION ( 'NONE',  ( 3.583126979299020263E-32, -1.000000000000000000, -3.111048790438776325E-16 ) ) ;
#5568 = DIRECTION ( 'NONE',  ( -1.110223024625156540E-16, -3.061276722312011998E-16, 1.000000000000000000 ) ) ;
#5569 = AXIS2_PLACEMENT_3D ( 'NONE', #9927, #7422, #6483 ) ;
#5570 = CARTESIAN_POINT ( 'NONE',  ( -1.540743955509788682E-30, 1.095000000000012630, 0.000000000000000000 ) ) ;
#5571 = CARTESIAN_POINT ( 'NONE',  ( -1.540743955509788682E-30, -3.904999999999991811, 6.938893903907228378E-15 ) ) ;
#5572 = VERTEX_POINT ( 'NONE', #108 ) ;
#5573 = DIRECTION ( 'NONE',  ( -1.110223024625156540E-16, -3.061276722312012491E-16, 1.000000000000000000 ) ) ;
#5574 = EDGE_CURVE ( 'NONE', #9449, #3561, #2995, .T. ) ;
#5575 = AXIS2_PLACEMENT_3D ( 'NONE', #4602, #6455, #11015 ) ;
#5576 = AXIS2_PLACEMENT_3D ( 'NONE', #11446, #6836, #10372 ) ;
#5577 = CARTESIAN_POINT ( 'NONE',  ( 7.494258344863122367, -3.904999999999991811, 15.25896758828885957 ) ) ;
#5578 = CYLINDRICAL_SURFACE ( 'NONE', #4104, 0.2500000000000006661 ) ;
#5579 = ORIENTED_EDGE ( 'NONE', *, *, #3270, .T. ) ;
#5580 = EDGE_LOOP ( 'NONE', ( #10930, #3791, #6648, #8752 ) ) ;
#5581 = VERTEX_POINT ( 'NONE', #8138 ) ;
#5582 = DIRECTION ( 'NONE',  ( 0.000000000000000000, 0.000000000000000000, -1.000000000000000000 ) ) ;
#5583 = DIRECTION ( 'NONE',  ( -1.110223024625156540E-16, -4.081702296416015997E-16, 1.000000000000000000 ) ) ;
#5584 = DIRECTION ( 'NONE',  ( 0.000000000000000000, 0.000000000000000000, 1.000000000000000000 ) ) ;
#5585 = CIRCLE ( 'NONE', #541, 0.2500000000000002220 ) ;
#5586 = ORIENTED_EDGE ( 'NONE', *, *, #11160, .F. ) ;
#5587 = CARTESIAN_POINT ( 'NONE',  ( 0.000000000000000000, -24.40500000000000824, -6.938893903907228378E-15 ) ) ;
#5588 = EDGE_CURVE ( 'NONE', #2667, #3406, #4482, .T. ) ;
#5589 = CIRCLE ( 'NONE', #6313, 0.2500000000000002220 ) ;
#5590 = AXIS2_PLACEMENT_3D ( 'NONE', #9567, #6776, #5095 ) ;
#5591 = EDGE_CURVE ( 'NONE', #4940, #4015, #7654, .T. ) ;
#5592 = CARTESIAN_POINT ( 'NONE',  ( -1.540743955509788682E-30, 1.095000000000012630, 0.000000000000000000 ) ) ;
#5593 = CYLINDRICAL_SURFACE ( 'NONE', #1863, 0.2500000000000002220 ) ;
#5594 = CIRCLE ( 'NONE', #8205, 0.2500000000000002220 ) ;
#5595 = VECTOR ( 'NONE', #4598, 1000.000000000000000 ) ;
#5596 = EDGE_LOOP ( 'NONE', ( #3649, #10684, #9800, #2163 ) ) ;
#5597 = CARTESIAN_POINT ( 'NONE',  ( 8.715581380431373759, -3.904999999999936300, -14.59584328502733896 ) ) ;
#5598 = CYLINDRICAL_SURFACE ( 'NONE', #9895, 0.2500000000000002220 ) ;
#5599 = VERTEX_POINT ( 'NONE', #6392 ) ;
#5600 = CYLINDRICAL_SURFACE ( 'NONE', #8169, 0.2500000000000002220 ) ;
#5601 = DIRECTION ( 'NONE',  ( 1.837426895219298778E-31, -1.000000000000000000, -3.111048790438772381E-16 ) ) ;
#5602 = CIRCLE ( 'NONE', #5785, 17.00000000000000000 ) ;
#5603 = AXIS2_PLACEMENT_3D ( 'NONE', #8489, #5702, #7508 ) ;
#5604 = DIRECTION ( 'NONE',  ( -6.277634335963640990E-32, -1.000000000000000000, -3.111048790438772381E-16 ) ) ;
#5605 = AXIS2_PLACEMENT_3D ( 'NONE', #295, #10282, #3303 ) ;
#5606 = CARTESIAN_POINT ( 'NONE',  ( 2.025415480194916462, 94.12768161796620348, -16.87891264663057456 ) ) ;
#5607 = AXIS2_PLACEMENT_3D ( 'NONE', #11517, #9549, #3535 ) ;
#5608 = AXIS2_PLACEMENT_3D ( 'NONE', #1838, #2942, #1779 ) ;
#5609 = CARTESIAN_POINT ( 'NONE',  ( -1.540743955509788682E-30, 39.99999999999997868, 1.387778780781445676E-14 ) ) ;
#5610 = ORIENTED_EDGE ( 'NONE', *, *, #6955, .F. ) ;
#5611 = ORIENTED_EDGE ( 'NONE', *, *, #6117, .T. ) ;
#5612 = ORIENTED_EDGE ( 'NONE', *, *, #4281, .F. ) ;
#5613 = DIRECTION ( 'NONE',  ( 1.097869796574599992E-31, -1.000000000000000000, -3.111048790438772381E-16 ) ) ;
#5614 = AXIS2_PLACEMENT_3D ( 'NONE', #10467, #2496, #6049 ) ;
#5615 = EDGE_LOOP ( 'NONE', ( #4709, #6886, #10163, #8348 ) ) ;
#5616 = EDGE_CURVE ( 'NONE', #3594, #7039, #10615, .T. ) ;
#5617 = CIRCLE ( 'NONE', #8576, 0.2500000000000002220 ) ;
#5618 = VERTEX_POINT ( 'NONE', #6497 ) ;
#5619 = ORIENTED_EDGE ( 'NONE', *, *, #6966, .T. ) ;
#5620 = FACE_OUTER_BOUND ( 'NONE', #9618, .T. ) ;
#5621 = FACE_OUTER_BOUND ( 'NONE', #4742, .T. ) ;
#5622 = LINE ( 'NONE', #4621, #9529 ) ;
#5623 = EDGE_CURVE ( 'NONE', #8098, #5460, #9873, .T. ) ;
#5624 = EDGE_CURVE ( 'NONE', #10864, #465, #4103, .T. ) ;
#5625 = CIRCLE ( 'NONE', #10451, 0.2500000000000002220 ) ;
#5626 = CARTESIAN_POINT ( 'NONE',  ( -1.540743955509788682E-30, -28.40500000000001535, -6.938893903907228378E-15 ) ) ;
#5627 = ORIENTED_EDGE ( 'NONE', *, *, #10813, .T. ) ;
#5628 = ORIENTED_EDGE ( 'NONE', *, *, #4189, .T. ) ;
#5629 = EDGE_LOOP ( 'NONE', ( #9340, #3217, #1530, #9752 ) ) ;
#5630 = DIRECTION ( 'NONE',  ( -3.583126979299020263E-32, 1.000000000000000000, 3.111048790438776325E-16 ) ) ;
#5631 = DIRECTION ( 'NONE',  ( -3.583126979299020263E-32, 1.000000000000000000, 3.111048790438776325E-16 ) ) ;
#5632 = AXIS2_PLACEMENT_3D ( 'NONE', #5382, #1061, #8929 ) ;
#5633 = CIRCLE ( 'NONE', #3020, 0.2500000000000002220 ) ;
#5634 = CARTESIAN_POINT ( 'NONE',  ( 9.467524394549867495, -3.904999999999936300, -14.11970190331945219 ) ) ;
#5635 = ORIENTED_EDGE ( 'NONE', *, *, #3879, .F. ) ;
#5636 = CYLINDRICAL_SURFACE ( 'NONE', #10432, 17.00000000000000355 ) ;
#5637 = EDGE_CURVE ( 'NONE', #9901, #681, #8262, .T. ) ;
#5638 = DIRECTION ( 'NONE',  ( -1.110223024625156540E-16, -3.061276722312012491E-16, 1.000000000000000000 ) ) ;
#5639 = CIRCLE ( 'NONE', #10647, 0.2500000000000002220 ) ;
#5640 = DIRECTION ( 'NONE',  ( -3.583126979299020263E-32, 1.000000000000000000, 3.111048790438776325E-16 ) ) ;
#5641 = VECTOR ( 'NONE', #9606, 1000.000000000000000 ) ;
#5642 = LINE ( 'NONE', #5810, #576 ) ;
#5643 = ORIENTED_EDGE ( 'NONE', *, *, #3258, .T. ) ;
#5644 = ORIENTED_EDGE ( 'NONE', *, *, #3142, .F. ) ;
#5645 = ORIENTED_EDGE ( 'NONE', *, *, #7729, .T. ) ;
#5646 = CARTESIAN_POINT ( 'NONE',  ( -16.99999999999998579, -3.904999999999991811, 5.551115123125782702E-14 ) ) ;
#5647 = CARTESIAN_POINT ( 'NONE',  ( -9.992349288971961840, 1.095000000000012630, 13.75328890437416085 ) ) ;
#5648 = CARTESIAN_POINT ( 'NONE',  ( -1.540743955509788682E-30, 1.095000000000012630, 0.000000000000000000 ) ) ;
#5649 = CARTESIAN_POINT ( 'NONE',  ( 0.8897112561301585565, 94.12768161796614663, 16.72670209082777859 ) ) ;
#5650 = EDGE_CURVE ( 'NONE', #11043, #6396, #1143, .T. ) ;
#5651 = CIRCLE ( 'NONE', #9702, 0.2500000000000002220 ) ;
#5652 = CARTESIAN_POINT ( 'NONE',  ( 16.35426043587234446, 1.095000000000012630, 4.640922924985926734 ) ) ;
#5653 = CYLINDRICAL_SURFACE ( 'NONE', #1916, 0.2500000000000002220 ) ;
#5654 = CARTESIAN_POINT ( 'NONE',  ( -1.887379141862769274E-15, 94.12768161796614663, 17.00000000000002132 ) ) ;
#5655 = VERTEX_POINT ( 'NONE', #5473 ) ;
#5656 = EDGE_LOOP ( 'NONE', ( #133, #2286, #8908, #2470 ) ) ;
#5657 = ADVANCED_FACE ( 'NONE', ( #7263 ), #4534, .F. ) ;
#5658 = ORIENTED_EDGE ( 'NONE', *, *, #7742, .F. ) ;
#5659 = CARTESIAN_POINT ( 'NONE',  ( -0.6399644156867980715, 1.095000000000012630, -16.98795001012937078 ) ) ;
#5660 = DIRECTION ( 'NONE',  ( 1.097869796574599992E-31, -1.000000000000000000, -3.111048790438772381E-16 ) ) ;
#5661 = ORIENTED_EDGE ( 'NONE', *, *, #8613, .T. ) ;
#5662 = CARTESIAN_POINT ( 'NONE',  ( 1.776983875550225633, 94.12768161796614663, 16.90687222126065947 ) ) ;
#5663 = DIRECTION ( 'NONE',  ( 3.583126979299020263E-32, -1.000000000000000000, -3.111048790438776325E-16 ) ) ;
#5664 = DIRECTION ( 'NONE',  ( 1.110223024625156540E-16, 0.000000000000000000, -1.000000000000000000 ) ) ;
#5665 = CARTESIAN_POINT ( 'NONE',  ( -1.540743955509788682E-30, 1.095000000000012630, 0.000000000000000000 ) ) ;
#5666 = CARTESIAN_POINT ( 'NONE',  ( -16.16796077701757639, -3.904999999999991811, 5.253288904374181278 ) ) ;
#5667 = ORIENTED_EDGE ( 'NONE', *, *, #9748, .F. ) ;
#5668 = ORIENTED_EDGE ( 'NONE', *, *, #10860, .T. ) ;
#5669 = VERTEX_POINT ( 'NONE', #10041 ) ;
#5670 = EDGE_CURVE ( 'NONE', #3623, #1856, #11000, .T. ) ;
#5671 = DIRECTION ( 'NONE',  ( -3.583126979299020263E-32, 1.000000000000000000, 3.111048790438776325E-16 ) ) ;
#5672 = ORIENTED_EDGE ( 'NONE', *, *, #9238, .T. ) ;
#5673 = DIRECTION ( 'NONE',  ( -1.110223024625156540E-16, -3.061276722312012491E-16, 1.000000000000000000 ) ) ;
#5674 = ORIENTED_EDGE ( 'NONE', *, *, #11255, .T. ) ;
#5675 = DIRECTION ( 'NONE',  ( 1.837426895219298997E-31, -1.000000000000000000, -3.111048790438772381E-16 ) ) ;
#5676 = ORIENTED_EDGE ( 'NONE', *, *, #137, .F. ) ;
#5677 = VERTEX_POINT ( 'NONE', #10826 ) ;
#5678 = ADVANCED_FACE ( 'NONE', ( #9185 ), #1200, .F. ) ;
#5679 = DIRECTION ( 'NONE',  ( -3.583126979299020263E-32, 1.000000000000000000, 3.111048790438776325E-16 ) ) ;
#5680 = DIRECTION ( 'NONE',  ( -3.583126979299020263E-32, 1.000000000000000000, 3.111048790438776325E-16 ) ) ;
#5681 = DIRECTION ( 'NONE',  ( -1.110223024625156540E-16, -3.061276722312011998E-16, 1.000000000000000000 ) ) ;
#5682 = CARTESIAN_POINT ( 'NONE',  ( -5.253288904374003643, -3.904999999999991811, 15.91796077701763323 ) ) ;
#5683 = VECTOR ( 'NONE', #382, 1000.000000000000000 ) ;
#5684 = ORIENTED_EDGE ( 'NONE', *, *, #1378, .F. ) ;
#5685 = FACE_OUTER_BOUND ( 'NONE', #3453, .T. ) ;
#5686 = EDGE_CURVE ( 'NONE', #1419, #7980, #2848, .T. ) ;
#5687 = CARTESIAN_POINT ( 'NONE',  ( -11.37522030810051632, 94.12768161796608979, 12.38346203311580673 ) ) ;
#5688 = EDGE_CURVE ( 'NONE', #4611, #6626, #1691, .T. ) ;
#5689 = AXIS2_PLACEMENT_3D ( 'NONE', #7951, #6964, #10464 ) ;
#5690 = CARTESIAN_POINT ( 'NONE',  ( -12.19628736797977808, -3.904999999999991811, -11.84274353507905353 ) ) ;
#5691 = ORIENTED_EDGE ( 'NONE', *, *, #6759, .F. ) ;
#5692 = EDGE_CURVE ( 'NONE', #1342, #799, #3918, .T. ) ;
#5693 = ORIENTED_EDGE ( 'NONE', *, *, #10984, .F. ) ;
#5694 = ORIENTED_EDGE ( 'NONE', *, *, #277, .F. ) ;
#5695 = DIRECTION ( 'NONE',  ( 7.280912472522514743E-32, -1.000000000000000000, -3.111048790438776325E-16 ) ) ;
#5696 = EDGE_CURVE ( 'NONE', #1459, #1998, #6717, .T. ) ;
#5697 = CARTESIAN_POINT ( 'NONE',  ( 0.8897112561301585565, 1.095000000000012630, 16.72670209082775017 ) ) ;
#5698 = CARTESIAN_POINT ( 'NONE',  ( -1.540743955509788682E-30, 1.095000000000012630, 0.000000000000000000 ) ) ;
#5699 = DIRECTION ( 'NONE',  ( 3.583126979299020263E-32, -1.000000000000000000, -3.111048790438776325E-16 ) ) ;
#5700 = DIRECTION ( 'NONE',  ( -3.583126979299020263E-32, 1.000000000000000000, 3.111048790438776325E-16 ) ) ;
#5701 = DIRECTION ( 'NONE',  ( -1.110223024625156540E-16, -2.721134864277344655E-16, 1.000000000000000000 ) ) ;
#5702 = DIRECTION ( 'NONE',  ( -3.583126979299020263E-32, 1.000000000000000000, 3.111048790438776325E-16 ) ) ;
#5703 = EDGE_LOOP ( 'NONE', ( #9712, #3609, #8655, #1757 ) ) ;
#5704 = AXIS2_PLACEMENT_3D ( 'NONE', #4270, #7831, #8275 ) ;
#5705 = DIRECTION ( 'NONE',  ( 0.000000000000000000, 0.000000000000000000, -1.000000000000000000 ) ) ;
#5706 = CARTESIAN_POINT ( 'NONE',  ( -7.717838495572300950, 1.095000000000068141, -15.14711091120224395 ) ) ;
#5707 = EDGE_CURVE ( 'NONE', #690, #2423, #4858, .T. ) ;
#5708 = ORIENTED_EDGE ( 'NONE', *, *, #928, .F. ) ;
#5709 = CYLINDRICAL_SURFACE ( 'NONE', #2952, 17.00000000000000355 ) ;
#5710 = FACE_BOUND ( 'NONE', #972, .T. ) ;
#5711 = CARTESIAN_POINT ( 'NONE',  ( -16.99816176470586981, 1.095000000000012630, -0.2499932416906019972 ) ) ;
#5712 = EDGE_CURVE ( 'NONE', #11311, #4963, #3065, .T. ) ;
#5713 = EDGE_CURVE ( 'NONE', #7819, #7173, #9353, .T. ) ;
#5714 = VECTOR ( 'NONE', #2374, 1000.000000000000000 ) ;
#5715 = LINE ( 'NONE', #11195, #3947 ) ;
#5716 = CARTESIAN_POINT ( 'NONE',  ( 16.16796077701764389, 94.12768161796614663, 5.253288904373986767 ) ) ;
#5717 = ORIENTED_EDGE ( 'NONE', *, *, #5353, .T. ) ;
#5718 = VERTEX_POINT ( 'NONE', #1369 ) ;
#5719 = DIRECTION ( 'NONE',  ( -3.583126979299020263E-32, 1.000000000000000000, 3.111048790438776325E-16 ) ) ;
#5720 = ORIENTED_EDGE ( 'NONE', *, *, #273, .F. ) ;
#5721 = CARTESIAN_POINT ( 'NONE',  ( -1.540743955509788682E-30, 1.095000000000012630, 0.000000000000000000 ) ) ;
#5722 = VERTEX_POINT ( 'NONE', #7501 ) ;
#5723 = DIRECTION ( 'NONE',  ( 3.583126979299020263E-32, -1.000000000000000000, -3.111048790438776325E-16 ) ) ;
#5724 = CARTESIAN_POINT ( 'NONE',  ( 8.499999999999802824, 94.12768161796608979, -14.72243186433553497 ) ) ;
#5725 = ADVANCED_FACE ( 'NONE', ( #9285 ), #6562, .F. ) ;
#5726 = ORIENTED_EDGE ( 'NONE', *, *, #10247, .T. ) ;
#5727 = LINE ( 'NONE', #7355, #7257 ) ;
#5728 = ORIENTED_EDGE ( 'NONE', *, *, #8511, .T. ) ;
#5729 = EDGE_LOOP ( 'NONE', ( #9960, #10290, #6223, #9648 ) ) ;
#5730 = CARTESIAN_POINT ( 'NONE',  ( -1.540743955509788682E-30, 39.99999999999997868, 1.387778780781445676E-14 ) ) ;
#5731 = CARTESIAN_POINT ( 'NONE',  ( -0.6399644156869024325, 1.095000000000012630, 16.98795001012937789 ) ) ;
#5732 = CIRCLE ( 'NONE', #880, 16.00000000000001421 ) ;
#5733 = CARTESIAN_POINT ( 'NONE',  ( -1.540743955509788682E-30, -3.904999999999991811, 6.938893903907228378E-15 ) ) ;
#5734 = FACE_OUTER_BOUND ( 'NONE', #6835, .T. ) ;
#5735 = ORIENTED_EDGE ( 'NONE', *, *, #595, .T. ) ;
#5736 = DIRECTION ( 'NONE',  ( -3.583126979299020263E-32, 1.000000000000000000, 3.111048790438776325E-16 ) ) ;
#5737 = DIRECTION ( 'NONE',  ( 0.000000000000000000, 0.000000000000000000, 1.000000000000000000 ) ) ;
#5738 = VECTOR ( 'NONE', #6547, 1000.000000000000000 ) ;
#5739 = LINE ( 'NONE', #11103, #3328 ) ;
#5740 = EDGE_CURVE ( 'NONE', #10102, #5373, #6179, .T. ) ;
#5741 = CARTESIAN_POINT ( 'NONE',  ( -12.63346203311563265, 94.12768161796608979, 11.12522030810068863 ) ) ;
#5742 = AXIS2_PLACEMENT_3D ( 'NONE', #1032, #5699, #9940 ) ;
#5743 = ORIENTED_EDGE ( 'NONE', *, *, #7385, .F. ) ;
#5744 = ORIENTED_EDGE ( 'NONE', *, *, #2483, .T. ) ;
#5745 = VERTEX_POINT ( 'NONE', #10276 ) ;
#5746 = CARTESIAN_POINT ( 'NONE',  ( -16.74977862752251667, 94.12768161796614663, -2.906013752374432713 ) ) ;
#5747 = CYLINDRICAL_SURFACE ( 'NONE', #6653, 0.2500000000000002220 ) ;
#5748 = CARTESIAN_POINT ( 'NONE',  ( 15.03197847483544791, 94.12768161796608979, -7.939749563561991685 ) ) ;
#5749 = EDGE_CURVE ( 'NONE', #5498, #1, #2635, .T. ) ;
#5750 = CYLINDRICAL_SURFACE ( 'NONE', #2201, 0.2500000000000002220 ) ;
#5751 = AXIS2_PLACEMENT_3D ( 'NONE', #5662, #6354, #178 ) ;
#5752 = AXIS2_PLACEMENT_3D ( 'NONE', #6174, #2612, #3537 ) ;
#5753 = VECTOR ( 'NONE', #7192, 1000.000000000000000 ) ;
#5754 = ADVANCED_FACE ( 'NONE', ( #441 ), #551, .F. ) ;
#5755 = AXIS2_PLACEMENT_3D ( 'NONE', #10742, #9868, #4577 ) ;
#5756 = EDGE_CURVE ( 'NONE', #9158, #4395, #5796, .T. ) ;
#5757 = CYLINDRICAL_SURFACE ( 'NONE', #3224, 0.2500000000000002220 ) ;
#5758 = AXIS2_PLACEMENT_3D ( 'NONE', #7989, #6786, #8651 ) ;
#5759 = CARTESIAN_POINT ( 'NONE',  ( 16.82799374557762562, 94.12768161796614663, 2.412182932283505998 ) ) ;
#5760 = CARTESIAN_POINT ( 'NONE',  ( -9.258863595255469647, -3.904999999999936300, -14.25739965507218798 ) ) ;
#5761 = DIRECTION ( 'NONE',  ( -3.583126979299020263E-32, 1.000000000000000000, 3.111048790438776325E-16 ) ) ;
#5762 = CARTESIAN_POINT ( 'NONE',  ( -5.014963156888919471, 94.12768161796620348, -16.24346467152391682 ) ) ;
#5763 = AXIS2_PLACEMENT_3D ( 'NONE', #8869, #6140, #9627 ) ;
#5764 = EDGE_LOOP ( 'NONE', ( #8451, #8083, #7848, #1680 ) ) ;
#5765 = AXIS2_PLACEMENT_3D ( 'NONE', #3510, #7834, #5273 ) ;
#5766 = CARTESIAN_POINT ( 'NONE',  ( -16.97670209082774662, 1.095000000000012630, -0.8897112561299935773 ) ) ;
#5767 = DIRECTION ( 'NONE',  ( -3.583126979299020263E-32, 1.000000000000000000, 3.111048790438776325E-16 ) ) ;
#5768 = CARTESIAN_POINT ( 'NONE',  ( -1.540743955509788682E-30, -3.904999999999991811, 6.938893903907228378E-15 ) ) ;
#5769 = VECTOR ( 'NONE', #2150, 1000.000000000000000 ) ;
#5770 = EDGE_CURVE ( 'NONE', #4169, #9008, #4109, .T. ) ;
#5771 = EDGE_CURVE ( 'NONE', #1342, #11089, #9707, .T. ) ;
#5772 = CARTESIAN_POINT ( 'NONE',  ( -7.717838495572205026, -3.904999999999991811, 15.14711091120230613 ) ) ;
#5773 = AXIS2_PLACEMENT_3D ( 'NONE', #9493, #4249, #1573 ) ;
#5774 = CARTESIAN_POINT ( 'NONE',  ( -4.157973067892629437, 94.12768161796620348, -16.48366646006519431 ) ) ;
#5775 = EDGE_LOOP ( 'NONE', ( #1980, #6552, #8335, #11182 ) ) ;
#5776 = VECTOR ( 'NONE', #1010, 1000.000000000000000 ) ;
#5777 = EDGE_LOOP ( 'NONE', ( #8135, #1452, #2981, #11115 ) ) ;
#5778 = ORIENTED_EDGE ( 'NONE', *, *, #5915, .F. ) ;
#5779 = EDGE_LOOP ( 'NONE', ( #9176, #9440, #11489, #6924 ) ) ;
#5780 = AXIS2_PLACEMENT_3D ( 'NONE', #1687, #9431, #8570 ) ;
#5781 = CIRCLE ( 'NONE', #1297, 17.00000000000000355 ) ;
#5782 = DIRECTION ( 'NONE',  ( -3.583126979299020263E-32, 1.000000000000000000, 3.111048790438776325E-16 ) ) ;
#5783 = ORIENTED_EDGE ( 'NONE', *, *, #10668, .F. ) ;
#5784 = CYLINDRICAL_SURFACE ( 'NONE', #9722, 0.2500000000000002220 ) ;
#5785 = AXIS2_PLACEMENT_3D ( 'NONE', #5499, #2870, #10674 ) ;
#5786 = AXIS2_PLACEMENT_3D ( 'NONE', #1022, #4583, #1953 ) ;
#5787 = DIRECTION ( 'NONE',  ( -1.110223024625156540E-16, -4.081702296416015997E-16, 1.000000000000000000 ) ) ;
#5788 = VECTOR ( 'NONE', #995, 1000.000000000000000 ) ;
#5789 = AXIS2_PLACEMENT_3D ( 'NONE', #9189, #4815, #2185 ) ;
#5790 = VERTEX_POINT ( 'NONE', #6612 ) ;
#5791 = DIRECTION ( 'NONE',  ( -3.583126979299020263E-32, 1.000000000000000000, 3.111048790438776325E-16 ) ) ;
#5792 = ADVANCED_FACE ( 'NONE', ( #4043 ), #7606, .F. ) ;
#5793 = EDGE_LOOP ( 'NONE', ( #4578, #10273, #4056, #4073 ) ) ;
#5794 = VERTEX_POINT ( 'NONE', #6793 ) ;
#5795 = EDGE_CURVE ( 'NONE', #158, #6439, #10631, .T. ) ;
#5796 = CIRCLE ( 'NONE', #2247, 0.2500000000000002220 ) ;
#5797 = FACE_OUTER_BOUND ( 'NONE', #5392, .T. ) ;
#5798 = DIRECTION ( 'NONE',  ( 3.583126979299020263E-32, -1.000000000000000000, -3.111048790438776325E-16 ) ) ;
#5799 = AXIS2_PLACEMENT_3D ( 'NONE', #3865, #3008, #3061 ) ;
#5800 = ORIENTED_EDGE ( 'NONE', *, *, #8627, .F. ) ;
#5801 = DIRECTION ( 'NONE',  ( 0.000000000000000000, 0.000000000000000000, 1.000000000000000000 ) ) ;
#5802 = DIRECTION ( 'NONE',  ( 0.000000000000000000, 0.000000000000000000, -1.000000000000000000 ) ) ;
#5803 = AXIS2_PLACEMENT_3D ( 'NONE', #5706, #8326, #9243 ) ;
#5804 = ORIENTED_EDGE ( 'NONE', *, *, #754, .F. ) ;
#5805 = AXIS2_PLACEMENT_3D ( 'NONE', #6158, #8883, #9641 ) ;
#5806 = CARTESIAN_POINT ( 'NONE',  ( -1.540743955509788682E-30, 1.095000000000012630, 0.000000000000000000 ) ) ;
#5807 = VECTOR ( 'NONE', #9682, 1000.000000000000000 ) ;
#5808 = CARTESIAN_POINT ( 'NONE',  ( -1.540743955509788682E-30, -3.904999999999991811, 6.938893903907228378E-15 ) ) ;
#5809 = CIRCLE ( 'NONE', #10625, 12.74999999999999822 ) ;
#5810 = CARTESIAN_POINT ( 'NONE',  ( -10.50300857072167915, 94.12768161796608979, -13.36737861225399726 ) ) ;
#5811 = VECTOR ( 'NONE', #540, 1000.000000000000000 ) ;
#5812 = VERTEX_POINT ( 'NONE', #1246 ) ;
#5813 = VERTEX_POINT ( 'NONE', #2356 ) ;
#5814 = CIRCLE ( 'NONE', #5443, 17.00000000000000355 ) ;
#5815 = EDGE_LOOP ( 'NONE', ( #8219, #3377, #4283, #9023 ) ) ;
#5816 = CARTESIAN_POINT ( 'NONE',  ( -1.540743955509788682E-30, -3.904999999999991811, 6.938893903907228378E-15 ) ) ;
#5817 = CARTESIAN_POINT ( 'NONE',  ( -9.789020020369299857, 1.095000000000068141, -13.89874408142004825 ) ) ;
#5818 = DIRECTION ( 'NONE',  ( -1.110223024625156540E-16, -3.061276722312011998E-16, 1.000000000000000000 ) ) ;
#5819 = DIRECTION ( 'NONE',  ( -1.110223024625156540E-16, -4.081702296416015997E-16, 1.000000000000000000 ) ) ;
#5820 = VECTOR ( 'NONE', #162, 1000.000000000000000 ) ;
#5821 = EDGE_CURVE ( 'NONE', #9880, #9781, #5922, .T. ) ;
#5822 = AXIS2_PLACEMENT_3D ( 'NONE', #3485, #7973, #5185 ) ;
#5823 = LINE ( 'NONE', #6618, #11231 ) ;
#5824 = FACE_OUTER_BOUND ( 'NONE', #10038, .T. ) ;
#5825 = CARTESIAN_POINT ( 'NONE',  ( 1.610445974315501797E-16, 23.29500000000000526, 13.79155730658017553 ) ) ;
#5826 = CARTESIAN_POINT ( 'NONE',  ( -13.36737861225399016, 94.12768161796608979, 10.50300857072178395 ) ) ;
#5827 = LINE ( 'NONE', #11248, #4490 ) ;
#5828 = DIRECTION ( 'NONE',  ( 0.000000000000000000, 0.000000000000000000, 1.000000000000000000 ) ) ;
#5829 = LINE ( 'NONE', #3381, #6339 ) ;
#5830 = ORIENTED_EDGE ( 'NONE', *, *, #2282, .T. ) ;
#5831 = AXIS2_PLACEMENT_3D ( 'NONE', #11243, #6853, #11353 ) ;
#5832 = EDGE_CURVE ( 'NONE', #10080, #6720, #1305, .T. ) ;
#5833 = CARTESIAN_POINT ( 'NONE',  ( -12.02081528017123269, -3.904999999999963833, 11.77081528017136947 ) ) ;
#5834 = DIRECTION ( 'NONE',  ( -3.583126979299020263E-32, 1.000000000000000000, 3.111048790438776325E-16 ) ) ;
#5835 = CARTESIAN_POINT ( 'NONE',  ( 1.400921894263503235E-15, 28.40500000000001535, -5.999999999999986677 ) ) ;
#5836 = ADVANCED_FACE ( 'NONE', ( #7552 ), #11108, .F. ) ;
#5837 = DIRECTION ( 'NONE',  ( -3.583126979299020263E-32, 1.000000000000000000, 3.111048790438776325E-16 ) ) ;
#5838 = DIRECTION ( 'NONE',  ( -1.110223024625156540E-16, -3.061276722312011998E-16, 1.000000000000000000 ) ) ;
#5839 = EDGE_CURVE ( 'NONE', #11357, #7252, #10831, .T. ) ;
#5840 = ORIENTED_EDGE ( 'NONE', *, *, #7517, .T. ) ;
#5841 = VERTEX_POINT ( 'NONE', #6962 ) ;
#5842 = CARTESIAN_POINT ( 'NONE',  ( -6.685395064248144337, 1.095000000000012630, 15.63027488033804424 ) ) ;
#5843 = ORIENTED_EDGE ( 'NONE', *, *, #10882, .F. ) ;
#5844 = ADVANCED_FACE ( 'NONE', ( #6044 ), #1548, .T. ) ;
#5845 = ADVANCED_FACE ( 'NONE', ( #1654 ), #8657, .T. ) ;
#5846 = DIRECTION ( 'NONE',  ( 3.583126979299020263E-32, -1.000000000000000000, -3.111048790438776325E-16 ) ) ;
#5847 = ORIENTED_EDGE ( 'NONE', *, *, #3894, .F. ) ;
#5848 = FACE_OUTER_BOUND ( 'NONE', #10915, .T. ) ;
#5849 = CARTESIAN_POINT ( 'NONE',  ( 12.79937408746711824, -3.904999999999963833, 11.18820910463669271 ) ) ;
#5850 = EDGE_LOOP ( 'NONE', ( #4392, #8136, #9266, #10186 ) ) ;
#5851 = CARTESIAN_POINT ( 'NONE',  ( -15.95874067538741237, 94.12768161796603295, -5.858207580457907682 ) ) ;
#5852 = ORIENTED_EDGE ( 'NONE', *, *, #1087, .T. ) ;
#5853 = ORIENTED_EDGE ( 'NONE', *, *, #8650, .F. ) ;
#5854 = CARTESIAN_POINT ( 'NONE',  ( -9.992349288972050658, 1.095000000000068141, -13.75328890437409157 ) ) ;
#5855 = DIRECTION ( 'NONE',  ( -3.583126979299020263E-32, 1.000000000000000000, 3.111048790438776325E-16 ) ) ;
#5856 = EDGE_CURVE ( 'NONE', #4953, #10821, #6535, .T. ) ;
#5857 = EDGE_LOOP ( 'NONE', ( #10993, #4531, #7535, #11478 ) ) ;
#5858 = CYLINDRICAL_SURFACE ( 'NONE', #915, 0.2500000000000002220 ) ;
#5859 = CARTESIAN_POINT ( 'NONE',  ( 4.640922924986314868, -3.904999999999991811, 16.35426043587225564 ) ) ;
#5860 = VERTEX_POINT ( 'NONE', #4286 ) ;
#5861 = DIRECTION ( 'NONE',  ( 3.583126979299020263E-32, -1.000000000000000000, -3.111048790438776325E-16 ) ) ;
#5862 = ADVANCED_FACE ( 'NONE', ( #10509 ), #721, .F. ) ;
#5863 = DIRECTION ( 'NONE',  ( 5.432019725910767229E-32, -1.000000000000000000, -3.111048790438776325E-16 ) ) ;
#5864 = DIRECTION ( 'NONE',  ( 0.000000000000000000, 0.000000000000000000, -1.000000000000000000 ) ) ;
#5865 = VERTEX_POINT ( 'NONE', #5221 ) ;
#5866 = VERTEX_POINT ( 'NONE', #7851 ) ;
#5867 = ORIENTED_EDGE ( 'NONE', *, *, #5960, .T. ) ;
#5868 = CARTESIAN_POINT ( 'NONE',  ( -9.258863595255371948, -3.904999999999991811, 14.25739965507227147 ) ) ;
#5869 = LINE ( 'NONE', #381, #7100 ) ;
#5870 = CYLINDRICAL_SURFACE ( 'NONE', #9592, 17.00000000000000355 ) ;
#5871 = CARTESIAN_POINT ( 'NONE',  ( -3.289586263734299187, -3.904999999999936300, -16.67868766460510699 ) ) ;
#5872 = CARTESIAN_POINT ( 'NONE',  ( 14.25739965507209739, 1.095000000000012630, -9.258863595255622414 ) ) ;
#5873 = DIRECTION ( 'NONE',  ( -3.583126979299020263E-32, 1.000000000000000000, 3.111048790438776325E-16 ) ) ;
#5874 = AXIS2_PLACEMENT_3D ( 'NONE', #7265, #232, #5584 ) ;
#5875 = CARTESIAN_POINT ( 'NONE',  ( -16.93117546539302865, -3.904999999999963833, 1.528167975084197883 ) ) ;
#5876 = CYLINDRICAL_SURFACE ( 'NONE', #745, 0.2500000000000002220 ) ;
#5877 = VERTEX_POINT ( 'NONE', #6095 ) ;
#5878 = ADVANCED_FACE ( 'NONE', ( #11413 ), #11344, .F. ) ;
#5879 = FACE_OUTER_BOUND ( 'NONE', #8024, .T. ) ;
#5880 = CARTESIAN_POINT ( 'NONE',  ( -5.253288904374003643, -3.904999999999991811, 16.16796077701763323 ) ) ;
#5881 = CARTESIAN_POINT ( 'NONE',  ( 12.79937408746688376, -3.904999999999991811, -11.18820910463694318 ) ) ;
#5882 = ORIENTED_EDGE ( 'NONE', *, *, #164, .F. ) ;
#5883 = CYLINDRICAL_SURFACE ( 'NONE', #4067, 16.00000000000001066 ) ;
#5884 = DIRECTION ( 'NONE',  ( -1.110223024625156540E-16, -4.081702296416015997E-16, 1.000000000000000000 ) ) ;
#5885 = VECTOR ( 'NONE', #5989, 1000.000000000000000 ) ;
#5886 = DIRECTION ( 'NONE',  ( -1.110223024625156540E-16, -4.081702296416015997E-16, 1.000000000000000000 ) ) ;
#5887 = CIRCLE ( 'NONE', #9604, 0.2500000000000002220 ) ;
#5888 = DIRECTION ( 'NONE',  ( -3.583126979299020263E-32, 1.000000000000000000, 3.111048790438776325E-16 ) ) ;
#5889 = EDGE_CURVE ( 'NONE', #6076, #4264, #2644, .T. ) ;
#5890 = ORIENTED_EDGE ( 'NONE', *, *, #10067, .T. ) ;
#5891 = ORIENTED_EDGE ( 'NONE', *, *, #3421, .T. ) ;
#5892 = DIRECTION ( 'NONE',  ( -1.110223024625156540E-16, -2.469156533452239034E-16, 1.000000000000000000 ) ) ;
#5893 = VERTEX_POINT ( 'NONE', #4347 ) ;
#5894 = EDGE_CURVE ( 'NONE', #10493, #1518, #9514, .T. ) ;
#5895 = DIRECTION ( 'NONE',  ( 0.000000000000000000, 0.000000000000000000, -1.000000000000000000 ) ) ;
#5896 = ORIENTED_EDGE ( 'NONE', *, *, #3134, .T. ) ;
#5897 = AXIS2_PLACEMENT_3D ( 'NONE', #8065, #7452, #2910 ) ;
#5898 = EDGE_CURVE ( 'NONE', #1003, #7899, #4129, .T. ) ;
#5899 = CARTESIAN_POINT ( 'NONE',  ( 10.69844664784733546, 1.095000000000012630, 12.96148134476841918 ) ) ;
#5900 = CARTESIAN_POINT ( 'NONE',  ( 1.528167975084227193, 1.095000000000012630, -16.93117546539302154 ) ) ;
#5901 = EDGE_CURVE ( 'NONE', #1345, #10012, #4223, .T. ) ;
#5902 = ADVANCED_FACE ( 'NONE', ( #5124 ), #802, .F. ) ;
#5903 = ORIENTED_EDGE ( 'NONE', *, *, #3117, .F. ) ;
#5904 = DIRECTION ( 'NONE',  ( 1.110223024625156540E-16, 0.000000000000000000, -1.000000000000000000 ) ) ;
#5905 = ORIENTED_EDGE ( 'NONE', *, *, #286, .F. ) ;
#5906 = VERTEX_POINT ( 'NONE', #850 ) ;
#5907 = CIRCLE ( 'NONE', #867, 17.00000000000000000 ) ;
#5908 = DIRECTION ( 'NONE',  ( 1.837426895219298778E-31, -1.000000000000000000, -3.111048790438776325E-16 ) ) ;
#5909 = DIRECTION ( 'NONE',  ( 3.583126979299020263E-32, -1.000000000000000000, -3.111048790438776325E-16 ) ) ;
#5910 = EDGE_LOOP ( 'NONE', ( #9344, #1939, #10573, #1284 ) ) ;
#5911 = CARTESIAN_POINT ( 'NONE',  ( -1.540743955509788682E-30, 1.095000000000012630, 0.000000000000000000 ) ) ;
#5912 = CARTESIAN_POINT ( 'NONE',  ( -13.89874408142007489, -3.904999999999963833, 9.789020020369271435 ) ) ;
#5913 = ORIENTED_EDGE ( 'NONE', *, *, #9382, .F. ) ;
#5914 = CARTESIAN_POINT ( 'NONE',  ( 16.97670209082772885, -3.904999999999991811, -0.8897112561302294997 ) ) ;
#5915 = EDGE_CURVE ( 'NONE', #3621, #291, #8227, .T. ) ;
#5916 = CARTESIAN_POINT ( 'NONE',  ( -9.992349288972050658, -3.904999999999936300, -13.75328890437409157 ) ) ;
#5917 = CYLINDRICAL_SURFACE ( 'NONE', #7845, 0.2500000000000002220 ) ;
#5918 = DIRECTION ( 'NONE',  ( 5.016390682794327027E-33, -1.000000000000000000, -3.111048790438772381E-16 ) ) ;
#5919 = ORIENTED_EDGE ( 'NONE', *, *, #967, .F. ) ;
#5920 = VERTEX_POINT ( 'NONE', #11518 ) ;
#5921 = ORIENTED_EDGE ( 'NONE', *, *, #2559, .T. ) ;
#5922 = LINE ( 'NONE', #5746, #2067 ) ;
#5923 = CARTESIAN_POINT ( 'NONE',  ( -1.540743955509788682E-30, -3.904999999999991811, 6.938893903907228378E-15 ) ) ;
#5924 = DIRECTION ( 'NONE',  ( 0.000000000000000000, 0.000000000000000000, -1.000000000000000000 ) ) ;
#5925 = DIRECTION ( 'NONE',  ( -1.110223024625156540E-16, -4.081702296416015997E-16, 1.000000000000000000 ) ) ;
#5926 = CARTESIAN_POINT ( 'NONE',  ( -14.72243186433540707, -3.904999999999991811, 8.250000000000069278 ) ) ;
#5927 = CIRCLE ( 'NONE', #2379, 17.00000000000000355 ) ;
#5928 = CIRCLE ( 'NONE', #9825, 17.00000000000000000 ) ;
#5929 = CARTESIAN_POINT ( 'NONE',  ( 11.37522030810068507, -3.904999999999963833, 12.38346203311560600 ) ) ;
#5930 = CIRCLE ( 'NONE', #8898, 0.2500000000000002220 ) ;
#5931 = FACE_OUTER_BOUND ( 'NONE', #6315, .T. ) ;
#5932 = ORIENTED_EDGE ( 'NONE', *, *, #10433, .T. ) ;
#5933 = ORIENTED_EDGE ( 'NONE', *, *, #10147, .F. ) ;
#5934 = LINE ( 'NONE', #7347, #10418 ) ;
#5935 = DIRECTION ( 'NONE',  ( 3.583126979299020263E-32, -1.000000000000000000, -3.111048790438776325E-16 ) ) ;
#5936 = CYLINDRICAL_SURFACE ( 'NONE', #6180, 0.2500000000000004441 ) ;
#5937 = VERTEX_POINT ( 'NONE', #6173 ) ;
#5938 = EDGE_CURVE ( 'NONE', #5362, #522, #35, .T. ) ;
#5939 = CYLINDRICAL_SURFACE ( 'NONE', #10188, 17.00000000000000355 ) ;
#5940 = CARTESIAN_POINT ( 'NONE',  ( 14.59584328502728923, 1.095000000000012630, -8.715581380431464353 ) ) ;
#5941 = CIRCLE ( 'NONE', #3511, 17.00000000000000355 ) ;
#5942 = VECTOR ( 'NONE', #11048, 1000.000000000000000 ) ;
#5943 = EDGE_CURVE ( 'NONE', #664, #5745, #8034, .T. ) ;
#5944 = AXIS2_PLACEMENT_3D ( 'NONE', #11230, #2100, #1217 ) ;
#5945 = LINE ( 'NONE', #1215, #6190 ) ;
#5946 = CARTESIAN_POINT ( 'NONE',  ( -13.05272692301276471, -3.904999999999963833, 10.89157104706468893 ) ) ;
#5947 = CIRCLE ( 'NONE', #9655, 17.00000000000000000 ) ;
#5948 = CIRCLE ( 'NONE', #357, 13.79155730658017376 ) ;
#5949 = ORIENTED_EDGE ( 'NONE', *, *, #11522, .T. ) ;
#5950 = VERTEX_POINT ( 'NONE', #8030 ) ;
#5951 = ORIENTED_EDGE ( 'NONE', *, *, #6774, .F. ) ;
#5952 = EDGE_LOOP ( 'NONE', ( #5635, #6971, #7954, #8378 ) ) ;
#5953 = VECTOR ( 'NONE', #1677, 1000.000000000000000 ) ;
#5954 = LINE ( 'NONE', #4199, #1670 ) ;
#5955 = ORIENTED_EDGE ( 'NONE', *, *, #4686, .F. ) ;
#5956 = CARTESIAN_POINT ( 'NONE',  ( -1.540743955509788682E-30, 1.095000000000012630, 0.000000000000000000 ) ) ;
#5957 = VECTOR ( 'NONE', #11185, 1000.000000000000000 ) ;
#5958 = CYLINDRICAL_SURFACE ( 'NONE', #768, 0.2500000000000002220 ) ;
#5959 = AXIS2_PLACEMENT_3D ( 'NONE', #9749, #1768, #6310 ) ;
#5960 = EDGE_CURVE ( 'NONE', #11041, #5023, #11426, .T. ) ;
#5961 = EDGE_CURVE ( 'NONE', #3964, #7227, #4497, .T. ) ;
#5962 = ORIENTED_EDGE ( 'NONE', *, *, #1962, .T. ) ;
#5963 = ORIENTED_EDGE ( 'NONE', *, *, #136, .T. ) ;
#5964 = DIRECTION ( 'NONE',  ( -1.110223024625156540E-16, -4.081702296416015997E-16, 1.000000000000000000 ) ) ;
#5965 = CIRCLE ( 'NONE', #3539, 0.2500000000000002220 ) ;
#5966 = ORIENTED_EDGE ( 'NONE', *, *, #4394, .F. ) ;
#5967 = ORIENTED_EDGE ( 'NONE', *, *, #1556, .T. ) ;
#5968 = AXIS2_PLACEMENT_3D ( 'NONE', #4997, #570, #3254 ) ;
#5969 = DIRECTION ( 'NONE',  ( -1.110223024625156540E-16, -3.061276722312011998E-16, 1.000000000000000000 ) ) ;
#5970 = CARTESIAN_POINT ( 'NONE',  ( -7.717838495572205026, 94.12768161796614663, 15.14711091120234165 ) ) ;
#5971 = ORIENTED_EDGE ( 'NONE', *, *, #9454, .F. ) ;
#5972 = FACE_OUTER_BOUND ( 'NONE', #8837, .T. ) ;
#5973 = EDGE_CURVE ( 'NONE', #3793, #1231, #3204, .T. ) ;
#5974 = CARTESIAN_POINT ( 'NONE',  ( 12.02081528017140144, -3.904999999999963833, 12.02081528017120959 ) ) ;
#5975 = CIRCLE ( 'NONE', #375, 0.2500000000000004996 ) ;
#5976 = ORIENTED_EDGE ( 'NONE', *, *, #5134, .T. ) ;
#5977 = EDGE_CURVE ( 'NONE', #5001, #11311, #952, .T. ) ;
#5978 = FACE_OUTER_BOUND ( 'NONE', #10774, .T. ) ;
#5979 = AXIS2_PLACEMENT_3D ( 'NONE', #4228, #1163, #4726 ) ;
#5980 = EDGE_CURVE ( 'NONE', #6330, #349, #11360, .T. ) ;
#5981 = DIRECTION ( 'NONE',  ( -3.583126979299020263E-32, 1.000000000000000000, 3.111048790438776325E-16 ) ) ;
#5982 = CARTESIAN_POINT ( 'NONE',  ( -15.77956154453761073, -3.904999999999991811, 6.324985174856127657 ) ) ;
#5983 = ORIENTED_EDGE ( 'NONE', *, *, #645, .F. ) ;
#5984 = ORIENTED_EDGE ( 'NONE', *, *, #8042, .F. ) ;
#5985 = VERTEX_POINT ( 'NONE', #5347 ) ;
#5986 = DIRECTION ( 'NONE',  ( -1.613839565122628308E-31, -1.000000000000000000, -3.111048790438776325E-16 ) ) ;
#5987 = AXIS2_PLACEMENT_3D ( 'NONE', #8689, #8746, #758 ) ;
#5988 = LINE ( 'NONE', #10560, #8509 ) ;
#5989 = DIRECTION ( 'NONE',  ( -3.812444007147968697E-32, -1.000000000000000000, -3.111048790438776325E-16 ) ) ;
#5990 = AXIS2_PLACEMENT_3D ( 'NONE', #4866, #4098, #2293 ) ;
#5991 = EDGE_CURVE ( 'NONE', #5669, #1173, #10442, .T. ) ;
#5992 = CARTESIAN_POINT ( 'NONE',  ( -8.881784197001260212E-16, 28.40499999999998693, 8.000000000000014211 ) ) ;
#5993 = EDGE_CURVE ( 'NONE', #2780, #5050, #8891, .T. ) ;
#5994 = DIRECTION ( 'NONE',  ( -8.742824664779303976E-32, -1.000000000000000000, -3.111048790438772381E-16 ) ) ;
#5995 = DIRECTION ( 'NONE',  ( -3.583126979299020263E-32, 1.000000000000000000, 3.111048790438776325E-16 ) ) ;
#5996 = AXIS2_PLACEMENT_3D ( 'NONE', #6667, #9582, #10462 ) ;
#5997 = CYLINDRICAL_SURFACE ( 'NONE', #2251, 0.2500000000000002220 ) ;
#5998 = CIRCLE ( 'NONE', #6182, 16.25000000000001421 ) ;
#5999 = LINE ( 'NONE', #5232, #9488 ) ;
#6000 = ORIENTED_EDGE ( 'NONE', *, *, #3421, .F. ) ;
#6001 = ORIENTED_EDGE ( 'NONE', *, *, #7457, .T. ) ;
#6002 = AXIS2_PLACEMENT_3D ( 'NONE', #9121, #7264, #7204 ) ;
#6003 = CYLINDRICAL_SURFACE ( 'NONE', #9693, 0.2500000000000002220 ) ;
#6004 = DIRECTION ( 'NONE',  ( -3.583126979299020263E-32, 1.000000000000000000, 3.111048790438776325E-16 ) ) ;
#6005 = CARTESIAN_POINT ( 'NONE',  ( -1.540743955509788682E-30, 39.99999999999997868, 1.387778780781445676E-14 ) ) ;
#6006 = CYLINDRICAL_SURFACE ( 'NONE', #10392, 0.2500000000000002220 ) ;
#6007 = CARTESIAN_POINT ( 'NONE',  ( -6.685395064247948049, -3.904999999999936300, -15.63027488033812062 ) ) ;
#6008 = VERTEX_POINT ( 'NONE', #2444 ) ;
#6009 = ADVANCED_FACE ( 'NONE', ( #4236 ), #1668, .T. ) ;
#6010 = DIRECTION ( 'NONE',  ( 0.000000000000000000, 0.000000000000000000, 1.000000000000000000 ) ) ;
#6011 = FACE_OUTER_BOUND ( 'NONE', #2155, .T. ) ;
#6012 = EDGE_CURVE ( 'NONE', #9244, #6076, #1889, .T. ) ;
#6013 = AXIS2_PLACEMENT_3D ( 'NONE', #6014, #3320, #11476 ) ;
#6014 = CARTESIAN_POINT ( 'NONE',  ( -1.540743955509788682E-30, -3.904999999999991811, 6.938893903907228378E-15 ) ) ;
#6015 = EDGE_CURVE ( 'NONE', #1366, #10574, #6929, .T. ) ;
#6016 = DIRECTION ( 'NONE',  ( -1.146585139244830269E-33, -1.000000000000000000, -3.111048790438772381E-16 ) ) ;
#6017 = CIRCLE ( 'NONE', #8951, 0.2500000000000002220 ) ;
#6018 = CIRCLE ( 'NONE', #5822, 0.2500000000000002220 ) ;
#6019 = ORIENTED_EDGE ( 'NONE', *, *, #805, .T. ) ;
#6020 = EDGE_LOOP ( 'NONE', ( #10301, #8060, #6432, #8979 ) ) ;
#6021 = CARTESIAN_POINT ( 'NONE',  ( 13.75328890437398499, -3.904999999999991811, -9.992349288972190990 ) ) ;
#6022 = CARTESIAN_POINT ( 'NONE',  ( -1.540743955509788682E-30, 39.99999999999997868, 1.387778780781445676E-14 ) ) ;
#6023 = ORIENTED_EDGE ( 'NONE', *, *, #3714, .T. ) ;
#6024 = DIRECTION ( 'NONE',  ( -1.110223024625156540E-16, 0.000000000000000000, 1.000000000000000000 ) ) ;
#6025 = CYLINDRICAL_SURFACE ( 'NONE', #961, 17.00000000000000355 ) ;
#6026 = VERTEX_POINT ( 'NONE', #6059 ) ;
#6027 = ORIENTED_EDGE ( 'NONE', *, *, #817, .F. ) ;
#6028 = DIRECTION ( 'NONE',  ( -3.583126979299020263E-32, 1.000000000000000000, 3.111048790438776325E-16 ) ) ;
#6029 = EDGE_LOOP ( 'NONE', ( #7650, #1121, #8888, #7158 ) ) ;
#6030 = EDGE_CURVE ( 'NONE', #1754, #11043, #774, .T. ) ;
#6031 = EDGE_LOOP ( 'NONE', ( #6784, #6984, #2328, #9393 ) ) ;
#6032 = CARTESIAN_POINT ( 'NONE',  ( 16.97670209082774662, -3.904999999999963833, 0.6397112561298823330 ) ) ;
#6033 = DIRECTION ( 'NONE',  ( 1.837426895219299873E-31, -1.000000000000000000, -3.111048790438776325E-16 ) ) ;
#6034 = DIRECTION ( 'NONE',  ( -1.110223024625156540E-16, -4.081702296416015997E-16, 1.000000000000000000 ) ) ;
#6035 = ORIENTED_EDGE ( 'NONE', *, *, #10949, .T. ) ;
#6036 = CARTESIAN_POINT ( 'NONE',  ( 1.139265684969355430, 1.095000000000012630, 16.96178273941307424 ) ) ;
#6037 = DIRECTION ( 'NONE',  ( -3.583126979299020263E-32, 1.000000000000000000, 3.111048790438776325E-16 ) ) ;
#6038 = ORIENTED_EDGE ( 'NONE', *, *, #4384, .T. ) ;
#6039 = CYLINDRICAL_SURFACE ( 'NONE', #3391, 0.2500000000000002220 ) ;
#6040 = CARTESIAN_POINT ( 'NONE',  ( -16.98795001012936368, 94.12768161796614663, -0.6399644156867140277 ) ) ;
#6041 = VERTEX_POINT ( 'NONE', #10526 ) ;
#6042 = ORIENTED_EDGE ( 'NONE', *, *, #9298, .T. ) ;
#6043 = ORIENTED_EDGE ( 'NONE', *, *, #11387, .T. ) ;
#6044 = FACE_OUTER_BOUND ( 'NONE', #10900, .T. ) ;
#6045 = CARTESIAN_POINT ( 'NONE',  ( 16.90687222126064526, -3.904999999999963833, 1.526983875549954517 ) ) ;
#6046 = DIRECTION ( 'NONE',  ( 3.583126979299020263E-32, -1.000000000000000000, -3.111048790438776325E-16 ) ) ;
#6047 = DIRECTION ( 'NONE',  ( -3.583126979299015884E-32, 1.000000000000000000, 3.111048790438772381E-16 ) ) ;
#6048 = EDGE_CURVE ( 'NONE', #7229, #1770, #739, .T. ) ;
#6049 = DIRECTION ( 'NONE',  ( -1.110223024625156540E-16, -4.081702296416015997E-16, 1.000000000000000000 ) ) ;
#6050 = DIRECTION ( 'NONE',  ( -3.583126979299020263E-32, 1.000000000000000000, 3.111048790438776325E-16 ) ) ;
#6051 = CARTESIAN_POINT ( 'NONE',  ( 11.37522030810068507, -3.904999999999963833, 12.63346203311560600 ) ) ;
#6052 = EDGE_CURVE ( 'NONE', #2755, #5745, #6109, .T. ) ;
#6053 = EDGE_CURVE ( 'NONE', #11089, #246, #11469, .T. ) ;
#6054 = LINE ( 'NONE', #4403, #8013 ) ;
#6055 = ORIENTED_EDGE ( 'NONE', *, *, #7840, .F. ) ;
#6056 = VERTEX_POINT ( 'NONE', #9186 ) ;
#6057 = FACE_OUTER_BOUND ( 'NONE', #11410, .T. ) ;
#6058 = DIRECTION ( 'NONE',  ( 0.000000000000000000, 0.000000000000000000, -1.000000000000000000 ) ) ;
#6059 = CARTESIAN_POINT ( 'NONE',  ( -14.59584328502718797, -3.905000000000019789, 8.715581380431643765 ) ) ;
#6060 = CARTESIAN_POINT ( 'NONE',  ( 16.35426043587230538, 1.095000000000040385, -4.640922924986072395 ) ) ;
#6061 = DIRECTION ( 'NONE',  ( -6.277634335963640990E-32, -1.000000000000000000, -3.111048790438772381E-16 ) ) ;
#6062 = CARTESIAN_POINT ( 'NONE',  ( -11.84274353507900379, -3.904999999999963833, 12.19628736797984203 ) ) ;
#6063 = AXIS2_PLACEMENT_3D ( 'NONE', #2721, #8795, #1613 ) ;
#6064 = CARTESIAN_POINT ( 'NONE',  ( 7.494258344863214738, 94.12768161796614663, 15.25896758828882582 ) ) ;
#6065 = CARTESIAN_POINT ( 'NONE',  ( 10.50300857072141802, -3.904999999999936300, -13.36737861225425306 ) ) ;
#6066 = VERTEX_POINT ( 'NONE', #4762 ) ;
#6067 = CIRCLE ( 'NONE', #8664, 0.2500000000000004441 ) ;
#6068 = DIRECTION ( 'NONE',  ( 0.000000000000000000, 0.000000000000000000, -1.000000000000000000 ) ) ;
#6069 = ORIENTED_EDGE ( 'NONE', *, *, #8272, .T. ) ;
#6070 = EDGE_CURVE ( 'NONE', #8032, #6332, #2269, .T. ) ;
#6071 = FACE_OUTER_BOUND ( 'NONE', #10242, .T. ) ;
#6072 = VERTEX_POINT ( 'NONE', #281 ) ;
#6073 = FACE_OUTER_BOUND ( 'NONE', #3136, .T. ) ;
#6074 = AXIS2_PLACEMENT_3D ( 'NONE', #1826, #1897, #6317 ) ;
#6075 = DIRECTION ( 'NONE',  ( -1.110223024625156540E-16, -3.061276722312011998E-16, 1.000000000000000000 ) ) ;
#6076 = VERTEX_POINT ( 'NONE', #10699 ) ;
#6077 = ORIENTED_EDGE ( 'NONE', *, *, #5713, .F. ) ;
#6078 = CARTESIAN_POINT ( 'NONE',  ( -16.97670209082774662, -3.904999999999991811, -0.8897112561300004607 ) ) ;
#6079 = ORIENTED_EDGE ( 'NONE', *, *, #2322, .F. ) ;
#6080 = DIRECTION ( 'NONE',  ( 0.000000000000000000, 0.000000000000000000, -1.000000000000000000 ) ) ;
#6081 = CIRCLE ( 'NONE', #10717, 0.2500000000000002220 ) ;
#6082 = DIRECTION ( 'NONE',  ( -1.110223024625156540E-16, -4.336808689942014778E-16, 1.000000000000000000 ) ) ;
#6083 = ORIENTED_EDGE ( 'NONE', *, *, #8145, .F. ) ;
#6084 = EDGE_CURVE ( 'NONE', #6378, #9579, #7299, .T. ) ;
#6085 = CARTESIAN_POINT ( 'NONE',  ( -1.540743955509788682E-30, 1.095000000000012630, 0.000000000000000000 ) ) ;
#6086 = DIRECTION ( 'NONE',  ( -3.583126979299020263E-32, 1.000000000000000000, 3.111048790438776325E-16 ) ) ;
#6087 = DIRECTION ( 'NONE',  ( 3.583126979299020263E-32, -1.000000000000000000, -3.111048790438776325E-16 ) ) ;
#6088 = EDGE_CURVE ( 'NONE', #9838, #7225, #10454, .T. ) ;
#6089 = DIRECTION ( 'NONE',  ( -8.742824664779295218E-32, -1.000000000000000000, -3.111048790438776325E-16 ) ) ;
#6090 = CARTESIAN_POINT ( 'NONE',  ( -14.11970190331929054, -3.904999999999963833, 9.467524394550126843 ) ) ;
#6091 = DIRECTION ( 'NONE',  ( -1.110223024625156540E-16, -3.061276722312011998E-16, 1.000000000000000000 ) ) ;
#6092 = VERTEX_POINT ( 'NONE', #1028 ) ;
#6093 = ORIENTED_EDGE ( 'NONE', *, *, #9666, .F. ) ;
#6094 = ORIENTED_EDGE ( 'NONE', *, *, #3045, .F. ) ;
#6095 = CARTESIAN_POINT ( 'NONE',  ( 2.412182932283739589, 1.095000000000012630, 16.82799374557760430 ) ) ;
#6096 = DIRECTION ( 'NONE',  ( 0.000000000000000000, 0.000000000000000000, -1.000000000000000000 ) ) ;
#6097 = LINE ( 'NONE', #3521, #4573 ) ;
#6098 = CARTESIAN_POINT ( 'NONE',  ( 15.14711091120215514, 94.12768161796608979, -7.717838495572442170 ) ) ;
#6099 = CARTESIAN_POINT ( 'NONE',  ( 15.53027277992426214, -3.904999999999991811, 6.914522932288474699 ) ) ;
#6100 = VECTOR ( 'NONE', #4528, 1000.000000000000000 ) ;
#6101 = CARTESIAN_POINT ( 'NONE',  ( 12.02081528017115097, 1.095000000000012630, -12.02081528017146006 ) ) ;
#6102 = EDGE_CURVE ( 'NONE', #11480, #11452, #1958, .T. ) ;
#6103 = DIRECTION ( 'NONE',  ( 2.330464960982431813E-31, -1.000000000000000000, -3.111048790438772381E-16 ) ) ;
#6104 = DIRECTION ( 'NONE',  ( 0.000000000000000000, 0.000000000000000000, -1.000000000000000000 ) ) ;
#6105 = ORIENTED_EDGE ( 'NONE', *, *, #24, .F. ) ;
#6106 = EDGE_CURVE ( 'NONE', #6895, #7424, #2776, .T. ) ;
#6107 = ORIENTED_EDGE ( 'NONE', *, *, #4478, .T. ) ;
#6108 = CARTESIAN_POINT ( 'NONE',  ( 16.87891264663057456, 1.095000000000012630, -2.025415480195108309 ) ) ;
#6109 = LINE ( 'NONE', #9650, #2836 ) ;
#6110 = CARTESIAN_POINT ( 'NONE',  ( 9.258863595255563794, 94.12768161796620348, 14.00739965507216667 ) ) ;
#6111 = FACE_OUTER_BOUND ( 'NONE', #10957, .T. ) ;
#6112 = DIRECTION ( 'NONE',  ( -3.583126979299020263E-32, 1.000000000000000000, 3.111048790438776325E-16 ) ) ;
#6113 = APPLICATION_PROTOCOL_DEFINITION ( 'draft international standard', 'automotive_design', 1998, #11288 ) ;
#6114 = AXIS2_PLACEMENT_3D ( 'NONE', #7950, #1773, #11289 ) ;
#6115 = EDGE_CURVE ( 'NONE', #2879, #8401, #7866, .T. ) ;
#6116 = CIRCLE ( 'NONE', #4803, 6.000000000000006217 ) ;
#6117 = EDGE_CURVE ( 'NONE', #5100, #6453, #3758, .T. ) ;
#6118 = CARTESIAN_POINT ( 'NONE',  ( 0.000000000000000000, -23.40500000000000824, 0.000000000000000000 ) ) ;
#6119 = DIRECTION ( 'NONE',  ( 1.651002285577380992E-16, 0.7071067811865472397, -0.7071067811865477948 ) ) ;
#6120 = ORIENTED_EDGE ( 'NONE', *, *, #8260, .T. ) ;
#6121 = CYLINDRICAL_SURFACE ( 'NONE', #5029, 0.2500000000000004996 ) ;
#6122 = DIRECTION ( 'NONE',  ( -1.110223024625156540E-16, -3.061276722312012491E-16, 1.000000000000000000 ) ) ;
#6123 = AXIS2_PLACEMENT_3D ( 'NONE', #1775, #2495, #3424 ) ;
#6124 = ORIENTED_EDGE ( 'NONE', *, *, #7095, .T. ) ;
#6125 = DIRECTION ( 'NONE',  ( 0.000000000000000000, 0.000000000000000000, -1.000000000000000000 ) ) ;
#6126 = EDGE_CURVE ( 'NONE', #10024, #8310, #4882, .T. ) ;
#6127 = ORIENTED_EDGE ( 'NONE', *, *, #1795, .T. ) ;
#6128 = VECTOR ( 'NONE', #2909, 1000.000000000000000 ) ;
#6129 = DIRECTION ( 'NONE',  ( -3.583126979299020263E-32, 1.000000000000000000, 3.111048790438776325E-16 ) ) ;
#6130 = CARTESIAN_POINT ( 'NONE',  ( -16.98795001012937078, -3.904999999999963833, 0.6399644156867625444 ) ) ;
#6131 = AXIS2_PLACEMENT_3D ( 'NONE', #4227, #3368, #6917 ) ;
#6132 = ORIENTED_EDGE ( 'NONE', *, *, #622, .T. ) ;
#6133 = ORIENTED_EDGE ( 'NONE', *, *, #3157, .T. ) ;
#6134 = ORIENTED_EDGE ( 'NONE', *, *, #8384, .T. ) ;
#6135 = CARTESIAN_POINT ( 'NONE',  ( 10.19351758238247818, 1.095000000000012630, 13.60485940014299899 ) ) ;
#6136 = AXIS2_PLACEMENT_3D ( 'NONE', #5106, #8918, #3238 ) ;
#6137 = ORIENTED_EDGE ( 'NONE', *, *, #4020, .T. ) ;
#6138 = CARTESIAN_POINT ( 'NONE',  ( 2.918587279715637788E-15, -26.90500000000000824, -12.50000000000001954 ) ) ;
#6139 = ORIENTED_EDGE ( 'NONE', *, *, #1558, .T. ) ;
#6140 = DIRECTION ( 'NONE',  ( -3.583126979299020263E-32, 1.000000000000000000, 3.111048790438776325E-16 ) ) ;
#6141 = LINE ( 'NONE', #3410, #5391 ) ;
#6142 = CARTESIAN_POINT ( 'NONE',  ( -1.540743955509788682E-30, 39.99999999999997868, 1.387778780781445676E-14 ) ) ;
#6143 = VECTOR ( 'NONE', #3164, 1000.000000000000000 ) ;
#6144 = AXIS2_PLACEMENT_3D ( 'NONE', #6872, #689, #5250 ) ;
#6145 = EDGE_CURVE ( 'NONE', #5493, #3517, #9332, .T. ) ;
#6146 = AXIS2_PLACEMENT_3D ( 'NONE', #2258, #2089, #3952 ) ;
#6147 = DIRECTION ( 'NONE',  ( -3.583126979299020263E-32, 1.000000000000000000, 3.111048790438776325E-16 ) ) ;
#6148 = ORIENTED_EDGE ( 'NONE', *, *, #3694, .T. ) ;
#6149 = ORIENTED_EDGE ( 'NONE', *, *, #463, .F. ) ;
#6150 = ORIENTED_EDGE ( 'NONE', *, *, #5404, .T. ) ;
#6151 = CIRCLE ( 'NONE', #1862, 0.2500000000000004441 ) ;
#6152 = DIRECTION ( 'NONE',  ( 1.344388829456166400E-31, -1.000000000000000000, -3.111048790438772381E-16 ) ) ;
#6153 = DIRECTION ( 'NONE',  ( 0.000000000000000000, 0.000000000000000000, -1.000000000000000000 ) ) ;
#6154 = VECTOR ( 'NONE', #8439, 1000.000000000000000 ) ;
#6155 = LINE ( 'NONE', #9639, #9459 ) ;
#6156 = CARTESIAN_POINT ( 'NONE',  ( -4.399923766742745102, 1.095000000000012630, 16.42073904691419273 ) ) ;
#6157 = CIRCLE ( 'NONE', #2439, 0.2500000000000004441 ) ;
#6158 = CARTESIAN_POINT ( 'NONE',  ( -1.540743955509788682E-30, 39.99999999999997868, 1.387778780781445676E-14 ) ) ;
#6159 = AXIS2_PLACEMENT_3D ( 'NONE', #2778, #7366, #10923 ) ;
#6160 = CIRCLE ( 'NONE', #561, 0.2500000000000002220 ) ;
#6161 = ADVANCED_FACE ( 'NONE', ( #2720 ), #8959, .T. ) ;
#6162 = CIRCLE ( 'NONE', #1300, 0.2500000000000002220 ) ;
#6163 = CARTESIAN_POINT ( 'NONE',  ( 1.776983875549883241, 1.095000000000012630, -16.90687222126066303 ) ) ;
#6164 = CYLINDRICAL_SURFACE ( 'NONE', #2236, 0.2500000000000002220 ) ;
#6165 = ORIENTED_EDGE ( 'NONE', *, *, #342, .T. ) ;
#6166 = AXIS2_PLACEMENT_3D ( 'NONE', #7078, #4457, #47 ) ;
#6167 = ORIENTED_EDGE ( 'NONE', *, *, #1765, .F. ) ;
#6168 = ORIENTED_EDGE ( 'NONE', *, *, #7035, .T. ) ;
#6169 = CIRCLE ( 'NONE', #5057, 17.00000000000000000 ) ;
#6170 = ORIENTED_EDGE ( 'NONE', *, *, #10787, .F. ) ;
#6171 = CARTESIAN_POINT ( 'NONE',  ( 5.858207580457980512, 1.095000000000068141, -15.95874067538740171 ) ) ;
#6172 = CYLINDRICAL_SURFACE ( 'NONE', #1676, 0.2500000000000002220 ) ;
#6173 = CARTESIAN_POINT ( 'NONE',  ( -16.57473462945923259, -3.904999999999991811, -3.778646842853235377 ) ) ;
#6174 = CARTESIAN_POINT ( 'NONE',  ( -1.540743955509788682E-30, 1.095000000000012630, 0.000000000000000000 ) ) ;
#6175 = CARTESIAN_POINT ( 'NONE',  ( -1.540743955509788682E-30, 39.99999999999997868, 1.387778780781445676E-14 ) ) ;
#6176 = ADVANCED_FACE ( 'NONE', ( #2948 ), #978, .T. ) ;
#6177 = EDGE_LOOP ( 'NONE', ( #440, #2757, #5266, #3595 ) ) ;
#6178 = CARTESIAN_POINT ( 'NONE',  ( 0.6399644156867834166, 1.095000000000012630, -16.98795001012936723 ) ) ;
#6179 = CIRCLE ( 'NONE', #5426, 17.00000000000000000 ) ;
#6180 = AXIS2_PLACEMENT_3D ( 'NONE', #9482, #5073, #4132 ) ;
#6181 = AXIS2_PLACEMENT_3D ( 'NONE', #6954, #5158, #8701 ) ;
#6182 = AXIS2_PLACEMENT_3D ( 'NONE', #11439, #9565, #3399 ) ;
#6183 = CARTESIAN_POINT ( 'NONE',  ( -9.048200446567436828, -3.904999999999936300, -14.39201405914879217 ) ) ;
#6184 = CARTESIAN_POINT ( 'NONE',  ( 2.801843788527010810E-15, 39.99999999999998579, -11.99999999999999289 ) ) ;
#6185 = EDGE_CURVE ( 'NONE', #4973, #11080, #10066, .T. ) ;
#6186 = ORIENTED_EDGE ( 'NONE', *, *, #3880, .F. ) ;
#6187 = CARTESIAN_POINT ( 'NONE',  ( -16.74977862752251667, 1.095000000000012630, -2.906013752374460246 ) ) ;
#6188 = AXIS2_PLACEMENT_3D ( 'NONE', #1709, #10502, #8822 ) ;
#6189 = ORIENTED_EDGE ( 'NONE', *, *, #1333, .T. ) ;
#6190 = VECTOR ( 'NONE', #1269, 1000.000000000000000 ) ;
#6191 = DIRECTION ( 'NONE',  ( 0.000000000000000000, 0.000000000000000000, 1.000000000000000000 ) ) ;
#6192 = VERTEX_POINT ( 'NONE', #10753 ) ;
#6193 = EDGE_CURVE ( 'NONE', #186, #4731, #10827, .T. ) ;
#6194 = VECTOR ( 'NONE', #8290, 1000.000000000000000 ) ;
#6195 = DIRECTION ( 'NONE',  ( -3.583126979299020263E-32, 1.000000000000000000, 3.111048790438776325E-16 ) ) ;
#6196 = CIRCLE ( 'NONE', #10842, 0.2500000000000002220 ) ;
#6197 = DIRECTION ( 'NONE',  ( -3.583126979299020263E-32, 1.000000000000000000, 3.111048790438776325E-16 ) ) ;
#6198 = EDGE_CURVE ( 'NONE', #1287, #39, #8974, .T. ) ;
#6199 = EDGE_CURVE ( 'NONE', #5001, #270, #9013, .T. ) ;
#6200 = VERTEX_POINT ( 'NONE', #1082 ) ;
#6201 = ORIENTED_EDGE ( 'NONE', *, *, #8244, .F. ) ;
#6202 = DIRECTION ( 'NONE',  ( 0.000000000000000000, 0.000000000000000000, 1.000000000000000000 ) ) ;
#6203 = VERTEX_POINT ( 'NONE', #4648 ) ;
#6204 = DIRECTION ( 'NONE',  ( 3.583126979299020263E-32, -1.000000000000000000, -3.111048790438776325E-16 ) ) ;
#6205 = ORIENTED_EDGE ( 'NONE', *, *, #9802, .F. ) ;
#6206 = CARTESIAN_POINT ( 'NONE',  ( -16.24346467152399143, -3.904999999999963833, -5.014963156888777362 ) ) ;
#6207 = DIRECTION ( 'NONE',  ( -3.583126979299020263E-32, 1.000000000000000000, 3.111048790438776325E-16 ) ) ;
#6208 = CARTESIAN_POINT ( 'NONE',  ( -9.467524394549974076, -3.904999999999991811, 14.11970190331939712 ) ) ;
#6209 = FACE_OUTER_BOUND ( 'NONE', #4847, .T. ) ;
#6210 = ADVANCED_FACE ( 'NONE', ( #10042 ), #231, .T. ) ;
#6211 = VERTEX_POINT ( 'NONE', #6668 ) ;
#6212 = ORIENTED_EDGE ( 'NONE', *, *, #10763, .F. ) ;
#6213 = EDGE_LOOP ( 'NONE', ( #3315, #7962, #4520, #3324 ) ) ;
#6214 = CYLINDRICAL_SURFACE ( 'NONE', #11128, 0.2500000000000006661 ) ;
#6215 = DIRECTION ( 'NONE',  ( -3.583126979299020263E-32, 1.000000000000000000, 3.111048790438776325E-16 ) ) ;
#6216 = CARTESIAN_POINT ( 'NONE',  ( -5.253288904374111112, 94.12768161796620348, -16.16796077701756928 ) ) ;
#6217 = LINE ( 'NONE', #5401, #8575 ) ;
#6218 = ADVANCED_FACE ( 'NONE', ( #8602 ), #9465, .T. ) ;
#6219 = DIRECTION ( 'NONE',  ( -3.583126979299020263E-32, 1.000000000000000000, 3.111048790438776325E-16 ) ) ;
#6220 = CARTESIAN_POINT ( 'NONE',  ( -1.540743955509788682E-30, 39.99999999999997868, 1.387778780781445676E-14 ) ) ;
#6221 = ORIENTED_EDGE ( 'NONE', *, *, #4813, .F. ) ;
#6222 = VERTEX_POINT ( 'NONE', #1247 ) ;
#6223 = ORIENTED_EDGE ( 'NONE', *, *, #8484, .T. ) ;
#6224 = ORIENTED_EDGE ( 'NONE', *, *, #1698, .T. ) ;
#6225 = CARTESIAN_POINT ( 'NONE',  ( 4.996003610813224153E-16, -28.40499999999998693, -4.500000000000017764 ) ) ;
#6226 = DIRECTION ( 'NONE',  ( 0.000000000000000000, 0.000000000000000000, -1.000000000000000000 ) ) ;
#6227 = CARTESIAN_POINT ( 'NONE',  ( 3.534498743902024565, -3.904999999999991811, 16.37850921247465408 ) ) ;
#6228 = DIRECTION ( 'NONE',  ( 2.042383023789239517E-32, -1.000000000000000000, -3.111048790438779776E-16 ) ) ;
#6229 = ORIENTED_EDGE ( 'NONE', *, *, #10871, .T. ) ;
#6230 = DIRECTION ( 'NONE',  ( -1.110223024625156540E-16, -3.061276722312011998E-16, 1.000000000000000000 ) ) ;
#6231 = ADVANCED_FACE ( 'NONE', ( #8366 ), #8536, .T. ) ;
#6232 = DIRECTION ( 'NONE',  ( -1.110223024625156540E-16, -3.061276722312012491E-16, 1.000000000000000000 ) ) ;
#6233 = FACE_OUTER_BOUND ( 'NONE', #5596, .T. ) ;
#6234 = VERTEX_POINT ( 'NONE', #491 ) ;
#6235 = CARTESIAN_POINT ( 'NONE',  ( -16.93117546539301443, 94.12768161796614663, 1.528167975084343544 ) ) ;
#6236 = ORIENTED_EDGE ( 'NONE', *, *, #2183, .F. ) ;
#6237 = DIRECTION ( 'NONE',  ( -1.110223024625156540E-16, -3.061276722312011998E-16, 1.000000000000000000 ) ) ;
#6238 = EDGE_LOOP ( 'NONE', ( #7717, #2092, #2035, #4659 ) ) ;
#6239 = DIRECTION ( 'NONE',  ( -3.583126979299020263E-32, 1.000000000000000000, 3.111048790438776325E-16 ) ) ;
#6240 = VECTOR ( 'NONE', #7798, 1000.000000000000000 ) ;
#6241 = CYLINDRICAL_SURFACE ( 'NONE', #5421, 0.2500000000000002220 ) ;
#6242 = ORIENTED_EDGE ( 'NONE', *, *, #6145, .T. ) ;
#6243 = DIRECTION ( 'NONE',  ( 1.110223024625156540E-16, 2.515631030513345642E-16, -1.000000000000000000 ) ) ;
#6244 = EDGE_CURVE ( 'NONE', #9815, #11324, #8593, .T. ) ;
#6245 = AXIS2_PLACEMENT_3D ( 'NONE', #10159, #4879, #5924 ) ;
#6246 = CARTESIAN_POINT ( 'NONE',  ( -1.540743955509788682E-30, -3.904999999999991811, 6.938893903907228378E-15 ) ) ;
#6247 = ORIENTED_EDGE ( 'NONE', *, *, #10690, .T. ) ;
#6248 = ORIENTED_EDGE ( 'NONE', *, *, #631, .T. ) ;
#6249 = VERTEX_POINT ( 'NONE', #3014 ) ;
#6250 = SURFACE_SIDE_STYLE ('',( #10606 ) ) ;
#6251 = EDGE_CURVE ( 'NONE', #9209, #11480, #5258, .T. ) ;
#6252 = EDGE_LOOP ( 'NONE', ( #8201, #9613, #3341, #6560 ) ) ;
#6253 = CARTESIAN_POINT ( 'NONE',  ( 13.89874408142012996, 94.12768161796608979, 9.789020020369202157 ) ) ;
#6254 = DIRECTION ( 'NONE',  ( -3.583126979299020263E-32, 1.000000000000000000, 3.111048790438776325E-16 ) ) ;
#6255 = CARTESIAN_POINT ( 'NONE',  ( -4.399923766742745102, -3.904999999999991811, 16.42073904691417852 ) ) ;
#6256 = AXIS2_PLACEMENT_3D ( 'NONE', #4030, #3170, #7586 ) ;
#6257 = CARTESIAN_POINT ( 'NONE',  ( -1.540743955509788682E-30, -3.904999999999991811, 6.938893903907228378E-15 ) ) ;
#6258 = EDGE_CURVE ( 'NONE', #1349, #4382, #1711, .T. ) ;
#6259 = EDGE_CURVE ( 'NONE', #5345, #7963, #5869, .T. ) ;
#6260 = VECTOR ( 'NONE', #1703, 1000.000000000000000 ) ;
#6261 = DIRECTION ( 'NONE',  ( -3.583126979299020263E-32, 1.000000000000000000, 3.111048790438776325E-16 ) ) ;
#6262 = ORIENTED_EDGE ( 'NONE', *, *, #2267, .F. ) ;
#6263 = EDGE_LOOP ( 'NONE', ( #10285, #5890, #6696, #6043 ) ) ;
#6264 = ORIENTED_EDGE ( 'NONE', *, *, #2874, .T. ) ;
#6265 = CARTESIAN_POINT ( 'NONE',  ( -15.03197847483560778, 1.095000000000012630, 7.939749563561742107 ) ) ;
#6266 = DIRECTION ( 'NONE',  ( 0.000000000000000000, 0.000000000000000000, -1.000000000000000000 ) ) ;
#6267 = DIRECTION ( 'NONE',  ( -1.613839565122628308E-31, -1.000000000000000000, -3.111048790438776325E-16 ) ) ;
#6268 = CARTESIAN_POINT ( 'NONE',  ( -2.659385905683814055, 1.095000000000012630, 16.79070179011736030 ) ) ;
#6269 = EDGE_CURVE ( 'NONE', #2880, #5677, #4932, .T. ) ;
#6270 = CARTESIAN_POINT ( 'NONE',  ( 1.400921894263505208E-15, 28.30499999999999972, -5.999999999999999112 ) ) ;
#6271 = LINE ( 'NONE', #6493, #7454 ) ;
#6272 = ORIENTED_EDGE ( 'NONE', *, *, #8314, .F. ) ;
#6273 = VERTEX_POINT ( 'NONE', #3991 ) ;
#6274 = VERTEX_POINT ( 'NONE', #3940 ) ;
#6275 = ORIENTED_EDGE ( 'NONE', *, *, #4473, .T. ) ;
#6276 = CARTESIAN_POINT ( 'NONE',  ( -1.540743955509788682E-30, 1.095000000000012630, 0.000000000000000000 ) ) ;
#6277 = DIRECTION ( 'NONE',  ( -3.583126979299020263E-32, 1.000000000000000000, 3.111048790438776325E-16 ) ) ;
#6278 = DIRECTION ( 'NONE',  ( -3.583126979299020263E-32, 1.000000000000000000, 3.111048790438776325E-16 ) ) ;
#6279 = DIRECTION ( 'NONE',  ( -8.742824664779303976E-32, -1.000000000000000000, -3.111048790438772381E-16 ) ) ;
#6280 = ORIENTED_EDGE ( 'NONE', *, *, #5041, .T. ) ;
#6281 = AXIS2_PLACEMENT_3D ( 'NONE', #661, #6197, #10602 ) ;
#6282 = CARTESIAN_POINT ( 'NONE',  ( -14.39201405914876197, -3.904999999999963833, 9.048200446567497224 ) ) ;
#6283 = CARTESIAN_POINT ( 'NONE',  ( -14.84583652671795839, -3.904999999999991811, 8.282580384274387697 ) ) ;
#6284 = FACE_OUTER_BOUND ( 'NONE', #4375, .T. ) ;
#6285 = EDGE_CURVE ( 'NONE', #457, #315, #2082, .T. ) ;
#6286 = CARTESIAN_POINT ( 'NONE',  ( -1.540743955509788682E-30, 22.72931457505075770, 6.938893903907228378E-15 ) ) ;
#6287 = VERTEX_POINT ( 'NONE', #3245 ) ;
#6288 = DIRECTION ( 'NONE',  ( -3.583126979299020263E-32, 1.000000000000000000, 3.111048790438776325E-16 ) ) ;
#6289 = AXIS2_PLACEMENT_3D ( 'NONE', #7872, #10581, #9721 ) ;
#6290 = CYLINDRICAL_SURFACE ( 'NONE', #2808, 0.2500000000000002220 ) ;
#6291 = CARTESIAN_POINT ( 'NONE',  ( -6.324985174855855874, 94.12768161796614663, 15.77956154453773863 ) ) ;
#6292 = CIRCLE ( 'NONE', #4626, 17.00000000000000000 ) ;
#6293 = DIRECTION ( 'NONE',  ( -3.583126979299020263E-32, 1.000000000000000000, 3.111048790438776325E-16 ) ) ;
#6294 = FACE_OUTER_BOUND ( 'NONE', #8635, .T. ) ;
#6295 = AXIS2_PLACEMENT_3D ( 'NONE', #10107, #113, #3656 ) ;
#6296 = EDGE_LOOP ( 'NONE', ( #1585, #3587, #1066, #6370 ) ) ;
#6297 = VERTEX_POINT ( 'NONE', #3066 ) ;
#6298 = FACE_OUTER_BOUND ( 'NONE', #9033, .T. ) ;
#6299 = CARTESIAN_POINT ( 'NONE',  ( -1.540743955509788682E-30, -3.904999999999991811, 6.938893903907228378E-15 ) ) ;
#6300 = ORIENTED_EDGE ( 'NONE', *, *, #9051, .F. ) ;
#6301 = CIRCLE ( 'NONE', #5000, 14.55114218134572290 ) ;
#6302 = ORIENTED_EDGE ( 'NONE', *, *, #10670, .T. ) ;
#6303 = EDGE_CURVE ( 'NONE', #4806, #8773, #3943, .T. ) ;
#6304 = DIRECTION ( 'NONE',  ( -3.583126979299020263E-32, 1.000000000000000000, 3.111048790438776325E-16 ) ) ;
#6305 = DIRECTION ( 'NONE',  ( -3.583126979299020263E-32, 1.000000000000000000, 3.111048790438776325E-16 ) ) ;
#6306 = CARTESIAN_POINT ( 'NONE',  ( -1.887379141862769274E-15, -3.904999999999991811, 16.99999999999999289 ) ) ;
#6307 = EDGE_CURVE ( 'NONE', #11327, #10863, #5361, .T. ) ;
#6308 = CIRCLE ( 'NONE', #725, 0.2500000000000002220 ) ;
#6309 = AXIS2_PLACEMENT_3D ( 'NONE', #8844, #59, #9599 ) ;
#6310 = DIRECTION ( 'NONE',  ( 0.000000000000000000, 0.000000000000000000, -1.000000000000000000 ) ) ;
#6311 = ORIENTED_EDGE ( 'NONE', *, *, #10435, .F. ) ;
#6312 = ORIENTED_EDGE ( 'NONE', *, *, #3658, .T. ) ;
#6313 = AXIS2_PLACEMENT_3D ( 'NONE', #5974, #1539, #5102 ) ;
#6314 = EDGE_CURVE ( 'NONE', #4873, #3533, #2357, .T. ) ;
#6315 = EDGE_LOOP ( 'NONE', ( #9534, #4628, #3636, #10751 ) ) ;
#6316 = DIRECTION ( 'NONE',  ( 0.000000000000000000, 0.000000000000000000, -1.000000000000000000 ) ) ;
#6317 = DIRECTION ( 'NONE',  ( -1.110223024625156540E-16, -4.081702296416015997E-16, 1.000000000000000000 ) ) ;
#6318 = FACE_OUTER_BOUND ( 'NONE', #8851, .T. ) ;
#6319 = VECTOR ( 'NONE', #1120, 1000.000000000000000 ) ;
#6320 = CIRCLE ( 'NONE', #8741, 12.50000000000000533 ) ;
#6321 = DIRECTION ( 'NONE',  ( 5.016390682794327027E-33, -1.000000000000000000, -3.111048790438772381E-16 ) ) ;
#6322 = EDGE_CURVE ( 'NONE', #3845, #349, #1251, .T. ) ;
#6323 = EDGE_CURVE ( 'NONE', #3800, #9056, #7587, .T. ) ;
#6324 = VECTOR ( 'NONE', #10765, 1000.000000000000000 ) ;
#6325 = LINE ( 'NONE', #7958, #6100 ) ;
#6326 = AXIS2_PLACEMENT_3D ( 'NONE', #1229, #1180, #4740 ) ;
#6327 = AXIS2_PLACEMENT_3D ( 'NONE', #9900, #2857, #1091 ) ;
#6328 = CARTESIAN_POINT ( 'NONE',  ( -15.14711091120220665, 1.095000000000012630, 7.467838495572372004 ) ) ;
#6329 = ORIENTED_EDGE ( 'NONE', *, *, #671, .T. ) ;
#6330 = VERTEX_POINT ( 'NONE', #5054 ) ;
#6331 = ADVANCED_FACE ( 'NONE', ( #9404 ), #2130, .T. ) ;
#6332 = VERTEX_POINT ( 'NONE', #5697 ) ;
#6333 = ADVANCED_FACE ( 'NONE', ( #4809 ), #5747, .F. ) ;
#6334 = VERTEX_POINT ( 'NONE', #5817 ) ;
#6335 = DIRECTION ( 'NONE',  ( -3.812444007147977456E-32, -1.000000000000000000, -3.111048790438772381E-16 ) ) ;
#6336 = DIRECTION ( 'NONE',  ( 0.000000000000000000, 0.000000000000000000, 1.000000000000000000 ) ) ;
#6337 = DIRECTION ( 'NONE',  ( 3.583126979299020263E-32, -1.000000000000000000, -3.111048790438776325E-16 ) ) ;
#6338 = CIRCLE ( 'NONE', #199, 0.2500000000000002220 ) ;
#6339 = VECTOR ( 'NONE', #4004, 1000.000000000000000 ) ;
#6340 = ORIENTED_EDGE ( 'NONE', *, *, #2118, .T. ) ;
#6341 = CARTESIAN_POINT ( 'NONE',  ( -15.14711091120220665, -3.904999999999991811, 7.467838495572365787 ) ) ;
#6342 =( GEOMETRIC_REPRESENTATION_CONTEXT ( 3 ) GLOBAL_UNCERTAINTY_ASSIGNED_CONTEXT ( ( #4502 ) ) GLOBAL_UNIT_ASSIGNED_CONTEXT ( ( #2642, #873, #8063 ) ) REPRESENTATION_CONTEXT ( 'NONE', 'WORKASPACE' ) );
#6343 = VECTOR ( 'NONE', #4105, 1000.000000000000000 ) ;
#6344 = CIRCLE ( 'NONE', #3732, 0.2500000000000002220 ) ;
#6345 = DIRECTION ( 'NONE',  ( 0.000000000000000000, 0.000000000000000000, -1.000000000000000000 ) ) ;
#6346 = VECTOR ( 'NONE', #8907, 1000.000000000000000 ) ;
#6347 = CARTESIAN_POINT ( 'NONE',  ( 16.82799374557764693, -3.904999999999963833, 2.412182932283367442 ) ) ;
#6348 = AXIS2_PLACEMENT_3D ( 'NONE', #11425, #11359, #9597 ) ;
#6349 = VERTEX_POINT ( 'NONE', #8776 ) ;
#6351 = AXIS2_PLACEMENT_3D ( 'NONE', #4039, #8307, #5864 ) ;
#6350 = CARTESIAN_POINT ( 'NONE',  ( 15.42691205650430142, 1.095000000000068141, -7.142155445023723459 ) ) ;
#6352 = EDGE_CURVE ( 'NONE', #11452, #7124, #7777, .T. ) ;
#6353 = VERTEX_POINT ( 'NONE', #10386 ) ;
#6354 = DIRECTION ( 'NONE',  ( 5.432019725910758471E-32, -1.000000000000000000, -3.111048790438772381E-16 ) ) ;
#6355 = CIRCLE ( 'NONE', #1315, 17.00000000000000000 ) ;
#6356 = CIRCLE ( 'NONE', #6725, 0.2500000000000004441 ) ;
#6357 = DIRECTION ( 'NONE',  ( -3.583126979299020263E-32, 1.000000000000000000, 3.111048790438776325E-16 ) ) ;
#6358 = VERTEX_POINT ( 'NONE', #6913 ) ;
#6359 = EDGE_CURVE ( 'NONE', #4285, #4692, #4348, .T. ) ;
#6360 = AXIS2_PLACEMENT_3D ( 'NONE', #6846, #3420, #7782 ) ;
#6361 = CYLINDRICAL_SURFACE ( 'NONE', #2085, 17.00000000000000355 ) ;
#6362 = EDGE_CURVE ( 'NONE', #11078, #6720, #2749, .T. ) ;
#6363 = AXIS2_PLACEMENT_3D ( 'NONE', #7564, #4999, #5828 ) ;
#6364 = CARTESIAN_POINT ( 'NONE',  ( -1.776983875550001812, -3.904999999999991811, 16.90687222126065947 ) ) ;
#6365 = AXIS2_PLACEMENT_3D ( 'NONE', #2147, #9423, #8500 ) ;
#6366 = ORIENTED_EDGE ( 'NONE', *, *, #5049, .F. ) ;
#6367 = ORIENTED_EDGE ( 'NONE', *, *, #9222, .T. ) ;
#6368 = ORIENTED_EDGE ( 'NONE', *, *, #4515, .F. ) ;
#6369 = DIRECTION ( 'NONE',  ( 1.097869796574599992E-31, -1.000000000000000000, -3.111048790438772381E-16 ) ) ;
#6370 = ORIENTED_EDGE ( 'NONE', *, *, #1108, .T. ) ;
#6371 = AXIS2_PLACEMENT_3D ( 'NONE', #9984, #9818, #4589 ) ;
#6372 = CARTESIAN_POINT ( 'NONE',  ( -15.53027277992417154, 94.12768161796608979, 6.664522932288710955 ) ) ;
#6373 = CARTESIAN_POINT ( 'NONE',  ( -16.24346467152395945, -3.904999999999991811, 5.014963156888888385 ) ) ;
#6374 = DIRECTION ( 'NONE',  ( -1.110223024625156540E-16, -3.061276722312012491E-16, 1.000000000000000000 ) ) ;
#6375 = EDGE_CURVE ( 'NONE', #6940, #5278, #4288, .T. ) ;
#6376 = DIRECTION ( 'NONE',  ( -3.583126979299020263E-32, 1.000000000000000000, 3.111048790438776325E-16 ) ) ;
#6377 = ORIENTED_EDGE ( 'NONE', *, *, #8425, .F. ) ;
#6378 = VERTEX_POINT ( 'NONE', #9637 ) ;
#6379 = CIRCLE ( 'NONE', #7309, 0.2500000000000002220 ) ;
#6380 = ORIENTED_EDGE ( 'NONE', *, *, #7745, .F. ) ;
#6381 = CYLINDRICAL_SURFACE ( 'NONE', #7957, 0.2500000000000002220 ) ;
#6382 = DIRECTION ( 'NONE',  ( 2.330464960982432251E-31, -1.000000000000000000, -3.111048790438776325E-16 ) ) ;
#6383 = DIRECTION ( 'NONE',  ( 0.000000000000000000, 0.000000000000000000, 1.000000000000000000 ) ) ;
#6384 = DIRECTION ( 'NONE',  ( -1.110223024625156540E-16, -3.061276722312012491E-16, 1.000000000000000000 ) ) ;
#6385 = DIRECTION ( 'NONE',  ( 3.583126979299020263E-32, -1.000000000000000000, -3.111048790438776325E-16 ) ) ;
#6386 = CARTESIAN_POINT ( 'NONE',  ( 15.14711091120231323, 94.12768161796608979, 7.467838495572184598 ) ) ;
#6387 = EDGE_CURVE ( 'NONE', #2774, #4662, #4396, .T. ) ;
#6388 = CARTESIAN_POINT ( 'NONE',  ( 1.540743955509788682E-30, -28.40499999999998693, -1.387778780781445676E-14 ) ) ;
#6389 = VERTEX_POINT ( 'NONE', #8829 ) ;
#6390 = ORIENTED_EDGE ( 'NONE', *, *, #3105, .T. ) ;
#6391 = ORIENTED_EDGE ( 'NONE', *, *, #2841, .T. ) ;
#6392 = CARTESIAN_POINT ( 'NONE',  ( 1.528167975083903229, -3.904999999999991811, -16.93117546539306417 ) ) ;
#6393 = CARTESIAN_POINT ( 'NONE',  ( -3.289586263734407101, 94.12768161796620348, -16.67868766460505014 ) ) ;
#6394 = LINE ( 'NONE', #10043, #10893 ) ;
#6395 = ADVANCED_FACE ( 'NONE', ( #1719 ), #7783, .T. ) ;
#6396 = VERTEX_POINT ( 'NONE', #5112 ) ;
#6397 = LINE ( 'NONE', #5649, #9260 ) ;
#6398 = EDGE_CURVE ( 'NONE', #6571, #4413, #2184, .T. ) ;
#6399 = ADVANCED_FACE ( 'NONE', ( #7072 ), #7011, .F. ) ;
#6400 = EDGE_CURVE ( 'NONE', #10603, #8362, #5164, .T. ) ;
#6401 = CARTESIAN_POINT ( 'NONE',  ( 14.72243186433552076, 94.12768161796608979, 8.499999999999896971 ) ) ;
#6402 = EDGE_CURVE ( 'NONE', #799, #4299, #5988, .T. ) ;
#6403 = DIRECTION ( 'NONE',  ( -1.120801499359495711E-31, -1.000000000000000000, -3.111048790438776325E-16 ) ) ;
#6404 = DIRECTION ( 'NONE',  ( -3.583126979299020263E-32, 1.000000000000000000, 3.111048790438776325E-16 ) ) ;
#6405 = CARTESIAN_POINT ( 'NONE',  ( 3.735791718036015202E-15, 39.99999999999998579, -15.99999999999999645 ) ) ;
#6406 = ORIENTED_EDGE ( 'NONE', *, *, #9876, .T. ) ;
#6407 = FACE_OUTER_BOUND ( 'NONE', #5331, .T. ) ;
#6408 = DIRECTION ( 'NONE',  ( -1.110223024625156540E-16, -3.061276722312012491E-16, 1.000000000000000000 ) ) ;
#6409 = DIRECTION ( 'NONE',  ( 0.000000000000000000, 0.000000000000000000, -1.000000000000000000 ) ) ;
#6410 = DIRECTION ( 'NONE',  ( 0.000000000000000000, 0.000000000000000000, 1.000000000000000000 ) ) ;
#6411 = CYLINDRICAL_SURFACE ( 'NONE', #9896, 17.00000000000000355 ) ;
#6412 = DIRECTION ( 'NONE',  ( 0.000000000000000000, 0.000000000000000000, -1.000000000000000000 ) ) ;
#6413 = ORIENTED_EDGE ( 'NONE', *, *, #10612, .T. ) ;
#6414 = ORIENTED_EDGE ( 'NONE', *, *, #1311, .T. ) ;
#6415 = DIRECTION ( 'NONE',  ( 0.000000000000000000, 0.000000000000000000, -1.000000000000000000 ) ) ;
#6416 = ORIENTED_EDGE ( 'NONE', *, *, #10147, .T. ) ;
#6417 = EDGE_CURVE ( 'NONE', #4982, #7481, #6963, .T. ) ;
#6418 = ORIENTED_EDGE ( 'NONE', *, *, #411, .F. ) ;
#6419 = DIRECTION ( 'NONE',  ( -1.146585139244742688E-33, -1.000000000000000000, -3.111048790438776325E-16 ) ) ;
#6420 = DIRECTION ( 'NONE',  ( -1.110223024625156540E-16, -4.081702296416015997E-16, 1.000000000000000000 ) ) ;
#6421 = DIRECTION ( 'NONE',  ( -3.583126979299020263E-32, 1.000000000000000000, 3.111048790438776325E-16 ) ) ;
#6422 = VECTOR ( 'NONE', #7150, 1000.000000000000000 ) ;
#6423 = PLANE ( 'NONE',  #8365 ) ;
#6424 = ORIENTED_EDGE ( 'NONE', *, *, #8521, .F. ) ;
#6425 = ORIENTED_EDGE ( 'NONE', *, *, #592, .F. ) ;
#6426 = EDGE_CURVE ( 'NONE', #5950, #6621, #2539, .T. ) ;
#6427 = ORIENTED_EDGE ( 'NONE', *, *, #618, .F. ) ;
#6428 = AXIS2_PLACEMENT_3D ( 'NONE', #1484, #7675, #3189 ) ;
#6429 = DIRECTION ( 'NONE',  ( -1.613839565122628308E-31, -1.000000000000000000, -3.111048790438776325E-16 ) ) ;
#6430 = CARTESIAN_POINT ( 'NONE',  ( -1.540743955509788682E-30, 22.72931457505075770, 6.938893903907228378E-15 ) ) ;
#6431 = DIRECTION ( 'NONE',  ( -3.583126979299020263E-32, 1.000000000000000000, 3.111048790438776325E-16 ) ) ;
#6432 = ORIENTED_EDGE ( 'NONE', *, *, #7034, .T. ) ;
#6433 = CYLINDRICAL_SURFACE ( 'NONE', #9507, 0.2500000000000002220 ) ;
#6434 = AXIS2_PLACEMENT_3D ( 'NONE', #3979, #4794, #4860 ) ;
#6435 = CARTESIAN_POINT ( 'NONE',  ( 13.21148134476858438, 1.095000000000040385, 10.69844664784713117 ) ) ;
#6436 = DIRECTION ( 'NONE',  ( -3.583126979299020263E-32, 1.000000000000000000, 3.111048790438776325E-16 ) ) ;
#6437 = EDGE_LOOP ( 'NONE', ( #91, #2574, #6449, #4585 ) ) ;
#6438 = ORIENTED_EDGE ( 'NONE', *, *, #8610, .T. ) ;
#6439 = VERTEX_POINT ( 'NONE', #9699 ) ;
#6440 = CARTESIAN_POINT ( 'NONE',  ( -14.59584328502729100, 94.12768161796608979, -8.715581380431402181 ) ) ;
#6441 = CARTESIAN_POINT ( 'NONE',  ( -1.540743955509788682E-30, 1.095000000000012630, 0.000000000000000000 ) ) ;
#6442 = CARTESIAN_POINT ( 'NONE',  ( 14.25739965507227858, 1.095000000000040385, 9.008863595255329315 ) ) ;
#6443 = ORIENTED_EDGE ( 'NONE', *, *, #520, .F. ) ;
#6444 = DIRECTION ( 'NONE',  ( -3.583126979299020263E-32, 1.000000000000000000, 3.111048790438776325E-16 ) ) ;
#6445 = CIRCLE ( 'NONE', #10910, 0.2500000000000002220 ) ;
#6446 = LINE ( 'NONE', #10835, #8986 ) ;
#6447 = FACE_OUTER_BOUND ( 'NONE', #2521, .T. ) ;
#6448 = AXIS2_PLACEMENT_3D ( 'NONE', #3645, #5520, #9006 ) ;
#6449 = ORIENTED_EDGE ( 'NONE', *, *, #4125, .T. ) ;
#6450 = CARTESIAN_POINT ( 'NONE',  ( 12.02081528017140144, -3.904999999999963833, 12.02081528017120959 ) ) ;
#6451 = DIRECTION ( 'NONE',  ( -3.583126979299020263E-32, 1.000000000000000000, 3.111048790438776325E-16 ) ) ;
#6452 = CARTESIAN_POINT ( 'NONE',  ( -6.914522932288608814, 94.12768161796620348, -15.53027277992417154 ) ) ;
#6453 = VERTEX_POINT ( 'NONE', #2659 ) ;
#6454 = ADVANCED_FACE ( 'NONE', ( #7852 ), #6214, .F. ) ;
#6455 = DIRECTION ( 'NONE',  ( -3.583126979299020263E-32, 1.000000000000000000, 3.111048790438776325E-16 ) ) ;
#6456 = CARTESIAN_POINT ( 'NONE',  ( -9.789020020369125774, -3.904999999999991811, 13.89874408142018147 ) ) ;
#6457 = DIRECTION ( 'NONE',  ( 1.734234232687264264E-32, -1.000000000000000000, -3.111048790438772381E-16 ) ) ;
#6458 = DIRECTION ( 'NONE',  ( 0.000000000000000000, 0.000000000000000000, -1.000000000000000000 ) ) ;
#6459 = DIRECTION ( 'NONE',  ( -3.583126979299020263E-32, 1.000000000000000000, 3.111048790438776325E-16 ) ) ;
#6460 = DIRECTION ( 'NONE',  ( 0.000000000000000000, 0.000000000000000000, -1.000000000000000000 ) ) ;
#6461 = CARTESIAN_POINT ( 'NONE',  ( 3.778646842853065735, -3.904999999999936300, -16.57473462945927878 ) ) ;
#6462 = VERTEX_POINT ( 'NONE', #6045 ) ;
#6463 = ORIENTED_EDGE ( 'NONE', *, *, #1627, .F. ) ;
#6464 = DIRECTION ( 'NONE',  ( -3.812444007147977456E-32, -1.000000000000000000, -3.111048790438772381E-16 ) ) ;
#6465 = AXIS2_PLACEMENT_3D ( 'NONE', #6980, #5299, #5419 ) ;
#6466 = ORIENTED_EDGE ( 'NONE', *, *, #9930, .T. ) ;
#6467 = ADVANCED_FACE ( 'NONE', ( #5332 ), #616, .T. ) ;
#6468 = VERTEX_POINT ( 'NONE', #3300 ) ;
#6469 = CARTESIAN_POINT ( 'NONE',  ( -1.540743955509788682E-30, 39.99999999999997868, 1.387778780781445676E-14 ) ) ;
#6470 = LINE ( 'NONE', #9795, #2216 ) ;
#6471 = AXIS2_PLACEMENT_3D ( 'NONE', #8855, #11272, #5363 ) ;
#6472 = DIRECTION ( 'NONE',  ( 3.583126979299020263E-32, -1.000000000000000000, -3.111048790438776325E-16 ) ) ;
#6473 = AXIS2_PLACEMENT_3D ( 'NONE', #444, #10331, #9233 ) ;
#6474 = EDGE_CURVE ( 'NONE', #7832, #10024, #9584, .T. ) ;
#6475 = CLOSED_SHELL ( 'NONE', ( #3069, #4669, #5725, #902, #4407, #21, #3644, #11060, #9536, #2233, #9886, #2846, #4900, #4752, #4121, #4603, #9164, #473, #7768, #2901, #4352, #10097, #4368, #7922, #9736, #5657, #10939, #4009, #6890, #9434, #10291, #9018, #8947, #1818, #4238, #6541, #1040, #7140, #117, #11179, #5792, #10903, #10235, #1389, #8527, #8668, #9421, #8687, #7316, #7015, #9576, #9052, #9998, #5878, #4115, #4989, #901, #6454, #10154, #3972, #9067, #2896, #6009, #10667, #2834, #11253, #7711, #5127, #8131, #5275, #10733, #7297, #5424, #7523, #2068, #8158, #7964, #5844, #4022, #3508, #4458, #1338, #10883, #2617, #75, #7392, #9946, #714, #9347, #9309, #549, #10495, #9234, #2887, #317, #406, #6231, #4852, #5845, #4188, #7505, #11084, #6598, #1973, #7483, #8679, #6532, #8769, #360, #4342, #3357, #1362, #8391, #3409, #6161, #9797, #8580, #4124, #5116, #3272, #3617, #7602, #10962, #2361, #11369, #1990, #2912, #6331, #11527, #1555, #9526, #2295, #2723, #4995, #6395, #1252, #8850, #9591, #1487, #495, #8319, #8316, #6729, #986, #4294, #2170, #8258, #11316, #4341, #11254, #5181, #6176, #2401, #454, #7955, #4609, #1693, #8784, #8875, #9173, #10669, #6616, #6218, #10315, #6467, #7413, #7825, #7437, #6973, #3642, #2148, #10732, #4053, #10294, #1531, #2415, #8003, #6210, #8067, #769, #6811, #736, #7112, #1609, #1193, #3293, #5483, #2108, #10554, #5118, #7695, #5465, #5490, #9091, #1288, #7589, #4869, #4846, #8730, #7221, #9968, #6826, #7157, #7272, #7751, #8278, #3076, #6761, #7101, #11317, #1511, #10879, #2122, #695, #6965, #9533, #7249, #3677, #46, #153, #6901, #3854, #9165, #11509, #7532, #2000, #1617, #9847, #7748, #6749, #6588, #8449, #7892, #6508, #3534, #5326, #8337, #2544, #5264, #3425, #5492, #6566, #1713, #8839, #9877, #8070, #609, #9548, #907, #1048, #11484, #10663, #5192, #2098, #748, #4477, #10108, #10185, #4976, #9356, #4622, #1116, #1917, #4880, #9828, #10921, #329, #8878, #10585, #5322, #1647, #5836, #9601, #3929, #7754, #4295, #833, #445, #4047, #8595, #6902, #9178, #10261, #8144, #1196, #7412, #5754, #5151, #5678, #8545, #8091, #8969, #2621, #8441, #1401, #1552, #2531, #8539, #2751, #2205, #7183, #2050, #6661, #7948, #10946, #5336, #5482, #5862, #4552, #8279, #6926, #9602, #3287, #11475, #9017, #5449, #4006, #7595, #6537, #6399, #686, #3905, #5548, #2856, #10089, #5902, #7604, #2685, #1867, #2349, #1756, #9146, #6333, #6599, #7448, #1241, #1440, #10085, #8166, #6941 ) ) ;
#6476 = CARTESIAN_POINT ( 'NONE',  ( -16.90687222126062750, 1.095000000000040385, 1.776983875550183889 ) ) ;
#6477 = EDGE_LOOP ( 'NONE', ( #3622, #10095, #7356, #4839 ) ) ;
#6478 = ORIENTED_EDGE ( 'NONE', *, *, #2413, .F. ) ;
#6479 = ORIENTED_EDGE ( 'NONE', *, *, #6375, .T. ) ;
#6480 = LINE ( 'NONE', #267, #8332 ) ;
#6481 = DIRECTION ( 'NONE',  ( -3.583126979299020263E-32, 1.000000000000000000, 3.111048790438776325E-16 ) ) ;
#6482 = AXIS2_PLACEMENT_3D ( 'NONE', #5911, #7539, #10317 ) ;
#6483 = DIRECTION ( 'NONE',  ( -1.110223024625156540E-16, -3.252606517456511823E-16, 1.000000000000000000 ) ) ;
#6484 = CARTESIAN_POINT ( 'NONE',  ( -5.858207580457891694, -3.904999999999936300, -15.95874067538743546 ) ) ;
#6485 = ORIENTED_EDGE ( 'NONE', *, *, #5670, .T. ) ;
#6486 = CARTESIAN_POINT ( 'NONE',  ( 8.715581380431403957, 1.095000000000012630, 14.59584328502733186 ) ) ;
#6487 = VECTOR ( 'NONE', #9456, 1000.000000000000000 ) ;
#6488 = EDGE_CURVE ( 'NONE', #7216, #5050, #9071, .T. ) ;
#6489 = CARTESIAN_POINT ( 'NONE',  ( -14.39201405914875309, 94.12768161796608979, -9.048200446567449262 ) ) ;
#6490 = CIRCLE ( 'NONE', #3515, 0.2500000000000004996 ) ;
#6491 = FACE_OUTER_BOUND ( 'NONE', #5857, .T. ) ;
#6492 = AXIS2_PLACEMENT_3D ( 'NONE', #7591, #11154, #4863 ) ;
#6493 = CARTESIAN_POINT ( 'NONE',  ( -14.84583652671789800, 94.12768161796608979, 8.282580384274526253 ) ) ;
#6494 = ORIENTED_EDGE ( 'NONE', *, *, #8292, .F. ) ;
#6495 = ORIENTED_EDGE ( 'NONE', *, *, #2547, .F. ) ;
#6496 = VERTEX_POINT ( 'NONE', #9973 ) ;
#6497 = CARTESIAN_POINT ( 'NONE',  ( -4.399923766742745102, -3.904999999999991811, 16.17073904691417852 ) ) ;
#6498 = CARTESIAN_POINT ( 'NONE',  ( -14.25739965507221108, 1.095000000000012630, -9.258863595255434120 ) ) ;
#6499 = DIRECTION ( 'NONE',  ( -3.583126979299020263E-32, 1.000000000000000000, 3.111048790438776325E-16 ) ) ;
#6500 = DIRECTION ( 'NONE',  ( 1.110223024625156540E-16, 2.891205793294677340E-16, -1.000000000000000000 ) ) ;
#6501 = AXIS2_PLACEMENT_3D ( 'NONE', #8069, #10858, #2748 ) ;
#6502 = AXIS2_PLACEMENT_3D ( 'NONE', #11442, #3451, #6888 ) ;
#6503 = CIRCLE ( 'NONE', #8196, 0.2500000000000002220 ) ;
#6504 = CARTESIAN_POINT ( 'NONE',  ( -6.661338147750961922E-16, 28.40500000000001180, 6.000000000000020428 ) ) ;
#6505 = CARTESIAN_POINT ( 'NONE',  ( 15.53027277992412891, 94.12768161796608979, -6.914522932288752699 ) ) ;
#6506 = ORIENTED_EDGE ( 'NONE', *, *, #7077, .T. ) ;
#6507 = AXIS2_PLACEMENT_3D ( 'NONE', #6585, #2154, #7524 ) ;
#6508 = ADVANCED_FACE ( 'NONE', ( #8880 ), #3588, .F. ) ;
#6509 = VECTOR ( 'NONE', #3183, 1000.000000000000000 ) ;
#6510 = ORIENTED_EDGE ( 'NONE', *, *, #9373, .F. ) ;
#6511 = CARTESIAN_POINT ( 'NONE',  ( 16.62850921247471447, 94.12768161796614663, 3.284498743901776763 ) ) ;
#6512 = CARTESIAN_POINT ( 'NONE',  ( 7.717838495572404867, 94.12768161796614663, 15.14711091120222264 ) ) ;
#6513 = ORIENTED_EDGE ( 'NONE', *, *, #3230, .F. ) ;
#6514 = LINE ( 'NONE', #1041, #6128 ) ;
#6515 = DIRECTION ( 'NONE',  ( -3.583126979299020263E-32, 1.000000000000000000, 3.111048790438776325E-16 ) ) ;
#6516 = CARTESIAN_POINT ( 'NONE',  ( -2.659385905683814055, 94.12768161796614663, 16.54070179011738517 ) ) ;
#6517 = AXIS2_PLACEMENT_3D ( 'NONE', #10951, #3834, #9542 ) ;
#6518 = CIRCLE ( 'NONE', #1498, 0.2500000000000002220 ) ;
#6519 = CYLINDRICAL_SURFACE ( 'NONE', #4875, 0.2500000000000002220 ) ;
#6520 = EDGE_CURVE ( 'NONE', #7735, #10721, #10359, .T. ) ;
#6521 = AXIS2_PLACEMENT_3D ( 'NONE', #3479, #9649, #8670 ) ;
#6522 = AXIS2_PLACEMENT_3D ( 'NONE', #3530, #8718, #11356 ) ;
#6523 = DIRECTION ( 'NONE',  ( -3.583126979299020263E-32, 1.000000000000000000, 3.111048790438776325E-16 ) ) ;
#6524 = ORIENTED_EDGE ( 'NONE', *, *, #8176, .F. ) ;
#6525 = VERTEX_POINT ( 'NONE', #8011 ) ;
#6526 = DIRECTION ( 'NONE',  ( -1.613839565122628308E-31, -1.000000000000000000, -3.111048790438776325E-16 ) ) ;
#6527 = AXIS2_PLACEMENT_3D ( 'NONE', #4002, #4131, #3255 ) ;
#6528 = AXIS2_PLACEMENT_3D ( 'NONE', #1130, #1949, #3757 ) ;
#6529 = EDGE_LOOP ( 'NONE', ( #6602, #1397, #53, #8301 ) ) ;
#6530 = AXIS2_PLACEMENT_3D ( 'NONE', #1374, #9989, #4766 ) ;
#6531 = ORIENTED_EDGE ( 'NONE', *, *, #5105, .T. ) ;
#6532 = ADVANCED_FACE ( 'NONE', ( #7190 ), #5393, .T. ) ;
#6533 = CARTESIAN_POINT ( 'NONE',  ( -9.258863595255371948, 1.095000000000012630, 14.00739965507226437 ) ) ;
#6534 = ORIENTED_EDGE ( 'NONE', *, *, #7936, .T. ) ;
#6535 = CIRCLE ( 'NONE', #6360, 0.2500000000000002220 ) ;
#6536 = DIRECTION ( 'NONE',  ( -2.106877630885760906E-31, -1.000000000000000000, -3.111048790438772381E-16 ) ) ;
#6537 = ADVANCED_FACE ( 'NONE', ( #1125 ), #8938, .F. ) ;
#6538 = EDGE_CURVE ( 'NONE', #8759, #4159, #1825, .T. ) ;
#6539 = AXIS2_PLACEMENT_3D ( 'NONE', #1348, #10360, #9261 ) ;
#6540 = EDGE_CURVE ( 'NONE', #8925, #6358, #9250, .T. ) ;
#6541 = ADVANCED_FACE ( 'NONE', ( #207 ), #6381, .F. ) ;
#6542 = VECTOR ( 'NONE', #5526, 1000.000000000000000 ) ;
#6543 = EDGE_LOOP ( 'NONE', ( #7661, #5218, #7769, #8495 ) ) ;
#6544 = DIRECTION ( 'NONE',  ( 0.000000000000000000, 0.000000000000000000, -1.000000000000000000 ) ) ;
#6545 = ORIENTED_EDGE ( 'NONE', *, *, #5588, .F. ) ;
#6546 = VERTEX_POINT ( 'NONE', #10739 ) ;
#6547 = DIRECTION ( 'NONE',  ( -1.120801499359496587E-31, -1.000000000000000000, -3.111048790438772381E-16 ) ) ;
#6548 = DIRECTION ( 'NONE',  ( -3.583126979299020263E-32, 1.000000000000000000, 3.111048790438776325E-16 ) ) ;
#6549 = CIRCLE ( 'NONE', #4137, 17.00000000000000355 ) ;
#6550 = CARTESIAN_POINT ( 'NONE',  ( -1.540743955509788682E-30, 1.095000000000012630, 0.000000000000000000 ) ) ;
#6551 = CARTESIAN_POINT ( 'NONE',  ( -16.96178273941304937, -3.904999999999963833, 1.139265684969636983 ) ) ;
#6552 = ORIENTED_EDGE ( 'NONE', *, *, #622, .F. ) ;
#6553 = LINE ( 'NONE', #10922, #2819 ) ;
#6554 = EDGE_CURVE ( 'NONE', #720, #4570, #5732, .T. ) ;
#6555 = AXIS2_PLACEMENT_3D ( 'NONE', #8550, #571, #3077 ) ;
#6556 = CARTESIAN_POINT ( 'NONE',  ( 6.914522932288711843, -3.904999999999991811, 15.53027277992416444 ) ) ;
#6557 = AXIS2_PLACEMENT_3D ( 'NONE', #9771, #3605, #8146 ) ;
#6558 = CARTESIAN_POINT ( 'NONE',  ( -1.540743955509788682E-30, 1.095000000000012630, 0.000000000000000000 ) ) ;
#6559 = ORIENTED_EDGE ( 'NONE', *, *, #11339, .F. ) ;
#6560 = ORIENTED_EDGE ( 'NONE', *, *, #137, .T. ) ;
#6561 = ORIENTED_EDGE ( 'NONE', *, *, #10216, .T. ) ;
#6562 = CYLINDRICAL_SURFACE ( 'NONE', #2449, 0.2500000000000004441 ) ;
#6563 = CARTESIAN_POINT ( 'NONE',  ( -1.540743955509788682E-30, 39.99999999999997868, 1.387778780781445676E-14 ) ) ;
#6564 = EDGE_CURVE ( 'NONE', #6287, #607, #5546, .T. ) ;
#6565 = LINE ( 'NONE', #10828, #11266 ) ;
#6566 = ADVANCED_FACE ( 'NONE', ( #4521 ), #9045, .F. ) ;
#6567 = DIRECTION ( 'NONE',  ( 0.000000000000000000, 0.000000000000000000, 1.000000000000000000 ) ) ;
#6568 = CARTESIAN_POINT ( 'NONE',  ( -1.540743955509788682E-30, 1.095000000000012630, 0.000000000000000000 ) ) ;
#6569 = DIRECTION ( 'NONE',  ( -1.110223024625156540E-16, -3.061276722312011998E-16, 1.000000000000000000 ) ) ;
#6570 = DIRECTION ( 'NONE',  ( -1.110223024625156540E-16, -3.061276722312012491E-16, 1.000000000000000000 ) ) ;
#6571 = VERTEX_POINT ( 'NONE', #6265 ) ;
#6572 = DIRECTION ( 'NONE',  ( -3.583126979299020263E-32, 1.000000000000000000, 3.111048790438776325E-16 ) ) ;
#6573 = EDGE_LOOP ( 'NONE', ( #2693, #8599, #10868, #5610 ) ) ;
#6574 = CYLINDRICAL_SURFACE ( 'NONE', #5751, 0.2500000000000002220 ) ;
#6575 = DIRECTION ( 'NONE',  ( -1.110223024625156540E-16, -3.061276722312012491E-16, 1.000000000000000000 ) ) ;
#6576 = CARTESIAN_POINT ( 'NONE',  ( 9.467524394549776900, 1.095000000000068141, -14.11970190331951436 ) ) ;
#6577 = CARTESIAN_POINT ( 'NONE',  ( -6.092255142270110113, -3.904999999999936300, -15.87086725045242019 ) ) ;
#6578 = EDGE_CURVE ( 'NONE', #10637, #3010, #6480, .T. ) ;
#6579 = CARTESIAN_POINT ( 'NONE',  ( -1.540743955509788682E-30, 1.095000000000012630, 0.000000000000000000 ) ) ;
#6580 = CARTESIAN_POINT ( 'NONE',  ( 7.939749563561778523, 1.095000000000012630, 15.03197847483559535 ) ) ;
#6581 = ORIENTED_EDGE ( 'NONE', *, *, #3055, .T. ) ;
#6582 = ORIENTED_EDGE ( 'NONE', *, *, #2679, .T. ) ;
#6583 = DIRECTION ( 'NONE',  ( -1.613839565122628308E-31, -1.000000000000000000, -3.111048790438776325E-16 ) ) ;
#6584 = ORIENTED_EDGE ( 'NONE', *, *, #3397, .T. ) ;
#6585 = CARTESIAN_POINT ( 'NONE',  ( -1.540743955509788682E-30, 1.095000000000012630, 0.000000000000000000 ) ) ;
#6586 = ORIENTED_EDGE ( 'NONE', *, *, #5650, .T. ) ;
#6587 = CARTESIAN_POINT ( 'NONE',  ( 0.2499932416907688082, -3.905000000000019789, -16.99816176470588402 ) ) ;
#6588 = ADVANCED_FACE ( 'NONE', ( #1014 ), #3803, .F. ) ;
#6589 = DIRECTION ( 'NONE',  ( -3.812444007147968697E-32, -1.000000000000000000, -3.111048790438776325E-16 ) ) ;
#6590 = EDGE_CURVE ( 'NONE', #4169, #940, #11319, .T. ) ;
#6591 = ORIENTED_EDGE ( 'NONE', *, *, #3819, .T. ) ;
#6592 = DIRECTION ( 'NONE',  ( -1.613839565122628308E-31, -1.000000000000000000, -3.111048790438776325E-16 ) ) ;
#6593 = ORIENTED_EDGE ( 'NONE', *, *, #5126, .T. ) ;
#6594 = VERTEX_POINT ( 'NONE', #41 ) ;
#6595 = LINE ( 'NONE', #10141, #5738 ) ;
#6596 = CARTESIAN_POINT ( 'NONE',  ( 4.157973067892744012, 94.12768161796614663, 16.48366646006522274 ) ) ;
#6597 = FACE_OUTER_BOUND ( 'NONE', #5508, .T. ) ;
#6598 = ADVANCED_FACE ( 'NONE', ( #94 ), #8999, .T. ) ;
#6599 = ADVANCED_FACE ( 'NONE', ( #7245 ), #4029, .F. ) ;
#6600 = DIRECTION ( 'NONE',  ( -1.110223024625156540E-16, -5.782411586589350736E-16, 1.000000000000000000 ) ) ;
#6601 = VECTOR ( 'NONE', #2079, 1000.000000000000000 ) ;
#6602 = ORIENTED_EDGE ( 'NONE', *, *, #4580, .F. ) ;
#6603 = EDGE_CURVE ( 'NONE', #10966, #7529, #10191, .T. ) ;
#6604 = CARTESIAN_POINT ( 'NONE',  ( 0.6399644156868037337, -3.904999999999991811, 16.98795001012937789 ) ) ;
#6605 = EDGE_CURVE ( 'NONE', #481, #1064, #4917, .T. ) ;
#6606 = DIRECTION ( 'NONE',  ( 2.823503026745565068E-31, -1.000000000000000000, -3.111048790438776325E-16 ) ) ;
#6607 = AXIS2_PLACEMENT_3D ( 'NONE', #10512, #6046, #6153 ) ;
#6608 = FACE_OUTER_BOUND ( 'NONE', #8419, .T. ) ;
#6609 = EDGE_LOOP ( 'NONE', ( #5804, #3327, #5024, #11390 ) ) ;
#6610 = ORIENTED_EDGE ( 'NONE', *, *, #2267, .T. ) ;
#6611 = VERTEX_POINT ( 'NONE', #9387 ) ;
#6612 = CARTESIAN_POINT ( 'NONE',  ( 13.36737861225400259, 1.095000000000040385, 10.50300857072173422 ) ) ;
#6613 = DIRECTION ( 'NONE',  ( -1.110223024625156540E-16, -4.081702296416015997E-16, 1.000000000000000000 ) ) ;
#6614 = DIRECTION ( 'NONE',  ( -3.583126979299020263E-32, 1.000000000000000000, 3.111048790438776325E-16 ) ) ;
#6615 = FACE_OUTER_BOUND ( 'NONE', #10496, .T. ) ;
#6616 = ADVANCED_FACE ( 'NONE', ( #8466 ), #11148, .T. ) ;
#6617 = VECTOR ( 'NONE', #11221, 1000.000000000000000 ) ;
#6618 = CARTESIAN_POINT ( 'NONE',  ( -1.776983875550001812, 94.12768161796614663, 16.65687222126068789 ) ) ;
#6619 = EDGE_CURVE ( 'NONE', #6203, #5048, #9445, .T. ) ;
#6620 = FACE_OUTER_BOUND ( 'NONE', #10851, .T. ) ;
#6621 = VERTEX_POINT ( 'NONE', #3169 ) ;
#6622 = AXIS2_PLACEMENT_3D ( 'NONE', #10444, #1638, #6034 ) ;
#6623 = CARTESIAN_POINT ( 'NONE',  ( -14.72243186433540707, -3.904999999999991811, 8.500000000000069278 ) ) ;
#6624 = DIRECTION ( 'NONE',  ( -3.583126979299020263E-32, 1.000000000000000000, 3.111048790438776325E-16 ) ) ;
#6625 = FACE_OUTER_BOUND ( 'NONE', #6666, .T. ) ;
#6626 = VERTEX_POINT ( 'NONE', #2996 ) ;
#6627 = DIRECTION ( 'NONE',  ( 0.000000000000000000, 0.000000000000000000, -1.000000000000000000 ) ) ;
#6628 = DIRECTION ( 'NONE',  ( -3.583126979299020263E-32, 1.000000000000000000, 3.111048790438776325E-16 ) ) ;
#6629 = CARTESIAN_POINT ( 'NONE',  ( -1.540743955509788682E-30, 1.095000000000012630, 0.000000000000000000 ) ) ;
#6630 = EDGE_CURVE ( 'NONE', #6910, #6334, #8896, .T. ) ;
#6631 = CARTESIAN_POINT ( 'NONE',  ( 15.25896758828880984, -3.904999999999936300, -7.494258344863176546 ) ) ;
#6632 = ORIENTED_EDGE ( 'NONE', *, *, #9898, .T. ) ;
#6633 = ORIENTED_EDGE ( 'NONE', *, *, #4476, .T. ) ;
#6634 = DIRECTION ( 'NONE',  ( 0.000000000000000000, 0.000000000000000000, 1.000000000000000000 ) ) ;
#6635 = VERTEX_POINT ( 'NONE', #1354 ) ;
#6636 = DIRECTION ( 'NONE',  ( 0.000000000000000000, 0.000000000000000000, -1.000000000000000000 ) ) ;
#6637 = ORIENTED_EDGE ( 'NONE', *, *, #10644, .F. ) ;
#6638 = ORIENTED_EDGE ( 'NONE', *, *, #8252, .F. ) ;
#6639 = DIRECTION ( 'NONE',  ( 0.000000000000000000, 0.000000000000000000, 1.000000000000000000 ) ) ;
#6640 = AXIS2_PLACEMENT_3D ( 'NONE', #3864, #5640, #7368 ) ;
#6641 = EDGE_LOOP ( 'NONE', ( #1257, #9253, #752, #8920 ) ) ;
#6642 = DIRECTION ( 'NONE',  ( -3.583126979299020263E-32, 1.000000000000000000, 3.111048790438776325E-16 ) ) ;
#6643 = CARTESIAN_POINT ( 'NONE',  ( -2.025415480195034590, 1.095000000000012630, 16.87891264663059943 ) ) ;
#6644 = AXIS2_PLACEMENT_3D ( 'NONE', #10703, #3484, #2725 ) ;
#6645 = ORIENTED_EDGE ( 'NONE', *, *, #8801, .F. ) ;
#6646 = ORIENTED_EDGE ( 'NONE', *, *, #9370, .T. ) ;
#6647 = CARTESIAN_POINT ( 'NONE',  ( -16.96178273941307069, 1.095000000000040385, 1.139265684969317682 ) ) ;
#6648 = ORIENTED_EDGE ( 'NONE', *, *, #3337, .T. ) ;
#6649 = EDGE_CURVE ( 'NONE', #4369, #573, #5368, .T. ) ;
#6650 = ORIENTED_EDGE ( 'NONE', *, *, #3880, .T. ) ;
#6651 = DIRECTION ( 'NONE',  ( 0.000000000000000000, 0.000000000000000000, -1.000000000000000000 ) ) ;
#6652 = CARTESIAN_POINT ( 'NONE',  ( -10.19351758238246219, 94.12768161796620348, 13.60485940014304695 ) ) ;
#6653 = AXIS2_PLACEMENT_3D ( 'NONE', #1306, #11109, #2242 ) ;
#6654 = ORIENTED_EDGE ( 'NONE', *, *, #4911, .F. ) ;
#6655 = DIRECTION ( 'NONE',  ( -3.583126979299020263E-32, 1.000000000000000000, 3.111048790438776325E-16 ) ) ;
#6656 = CARTESIAN_POINT ( 'NONE',  ( 16.90687222126064526, -3.904999999999963833, 1.776983875549954739 ) ) ;
#6657 = ORIENTED_EDGE ( 'NONE', *, *, #1913, .F. ) ;
#6658 = CARTESIAN_POINT ( 'NONE',  ( -16.57473462945922904, 94.12768161796614663, 3.778646842853276677 ) ) ;
#6659 = EDGE_CURVE ( 'NONE', #4940, #7176, #6595, .T. ) ;
#6660 = DIRECTION ( 'NONE',  ( -1.110223024625156540E-16, -3.061276722312012491E-16, 1.000000000000000000 ) ) ;
#6661 = ADVANCED_FACE ( 'NONE', ( #531 ), #8415, .F. ) ;
#6662 = FACE_OUTER_BOUND ( 'NONE', #5349, .T. ) ;
#6663 = CIRCLE ( 'NONE', #8352, 17.00000000000000000 ) ;
#6664 = ORIENTED_EDGE ( 'NONE', *, *, #4180, .T. ) ;
#6665 = ORIENTED_EDGE ( 'NONE', *, *, #5435, .F. ) ;
#6666 = EDGE_LOOP ( 'NONE', ( #11271, #1931, #8250, #10206 ) ) ;
#6667 = CARTESIAN_POINT ( 'NONE',  ( -1.540743955509788682E-30, 1.095000000000012630, 0.000000000000000000 ) ) ;
#6668 = CARTESIAN_POINT ( 'NONE',  ( 7.494258344862817722, -3.904999999999936300, -15.25896758828899280 ) ) ;
#6669 = CARTESIAN_POINT ( 'NONE',  ( 1.776983875550225633, 94.12768161796614663, 16.65687222126065947 ) ) ;
#6670 = FACE_OUTER_BOUND ( 'NONE', #6768, .T. ) ;
#6671 = AXIS2_PLACEMENT_3D ( 'NONE', #2558, #743, #4415 ) ;
#6672 = EDGE_CURVE ( 'NONE', #1907, #2127, #11501, .T. ) ;
#6673 = EDGE_CURVE ( 'NONE', #315, #11313, #5186, .T. ) ;
#6674 = AXIS2_PLACEMENT_3D ( 'NONE', #5125, #4059, #2194 ) ;
#6675 = DIRECTION ( 'NONE',  ( -3.583126979299020263E-32, 1.000000000000000000, 3.111048790438776325E-16 ) ) ;
#6676 = CIRCLE ( 'NONE', #1652, 6.000000000000006217 ) ;
#6677 = DIRECTION ( 'NONE',  ( 3.583126979299020263E-32, -1.000000000000000000, -3.111048790438776325E-16 ) ) ;
#6678 = EDGE_CURVE ( 'NONE', #1109, #4024, #7596, .T. ) ;
#6679 = DIRECTION ( 'NONE',  ( 0.000000000000000000, 0.000000000000000000, -1.000000000000000000 ) ) ;
#6680 = EDGE_LOOP ( 'NONE', ( #9426, #10326, #4561, #5 ) ) ;
#6681 = EDGE_LOOP ( 'NONE', ( #8943, #1168, #7763, #2298 ) ) ;
#6682 = DIRECTION ( 'NONE',  ( 0.000000000000000000, 0.000000000000000000, 1.000000000000000000 ) ) ;
#6683 = CARTESIAN_POINT ( 'NONE',  ( -7.142155445023843363, -3.904999999999936300, -15.42691205650423925 ) ) ;
#6684 = CARTESIAN_POINT ( 'NONE',  ( -1.387778780781446267E-15, -26.90500000000001535, 12.49999999999999289 ) ) ;
#6685 = ORIENTED_EDGE ( 'NONE', *, *, #763, .T. ) ;
#6686 = CIRCLE ( 'NONE', #6874, 0.2500000000000002220 ) ;
#6687 = CARTESIAN_POINT ( 'NONE',  ( 15.95874067538736973, -3.904999999999963833, -5.858207580458054231 ) ) ;
#6688 =( NAMED_UNIT ( * ) SI_UNIT ( $, .STERADIAN. ) SOLID_ANGLE_UNIT ( ) );
#6689 = DIRECTION ( 'NONE',  ( 0.000000000000000000, 0.000000000000000000, -1.000000000000000000 ) ) ;
#6690 = CIRCLE ( 'NONE', #9504, 0.2500000000000002220 ) ;
#6691 = CIRCLE ( 'NONE', #5398, 0.2500000000000002220 ) ;
#6692 = CARTESIAN_POINT ( 'NONE',  ( -1.540743955509788682E-30, 39.99999999999997868, 1.387778780781445676E-14 ) ) ;
#6693 = AXIS2_PLACEMENT_3D ( 'NONE', #3902, #5719, #6634 ) ;
#6694 = EDGE_CURVE ( 'NONE', #8444, #1540, #4793, .T. ) ;
#6695 = DIRECTION ( 'NONE',  ( 0.000000000000000000, 0.000000000000000000, -1.000000000000000000 ) ) ;
#6696 = ORIENTED_EDGE ( 'NONE', *, *, #7665, .T. ) ;
#6697 = AXIS2_PLACEMENT_3D ( 'NONE', #5626, #3915, #2220 ) ;
#6698 = ORIENTED_EDGE ( 'NONE', *, *, #10690, .F. ) ;
#6699 = CARTESIAN_POINT ( 'NONE',  ( -1.139265684969454462, -3.904999999999991811, 16.96178273941307424 ) ) ;
#6700 = VERTEX_POINT ( 'NONE', #8350 ) ;
#6701 = ORIENTED_EDGE ( 'NONE', *, *, #4478, .F. ) ;
#6702 = AXIS2_PLACEMENT_3D ( 'NONE', #7755, #9612, #3274 ) ;
#6703 = EDGE_CURVE ( 'NONE', #1366, #2773, #6292, .T. ) ;
#6704 = AXIS2_PLACEMENT_3D ( 'NONE', #8168, #3735, #7300 ) ;
#6705 = DIRECTION ( 'NONE',  ( 3.583126979299020263E-32, -1.000000000000000000, -3.111048790438776325E-16 ) ) ;
#6706 = ORIENTED_EDGE ( 'NONE', *, *, #11207, .F. ) ;
#6707 = DIRECTION ( 'NONE',  ( 0.000000000000000000, 0.000000000000000000, -1.000000000000000000 ) ) ;
#6708 = CIRCLE ( 'NONE', #11373, 12.00000000000000355 ) ;
#6709 = CIRCLE ( 'NONE', #3911, 0.2500000000000002220 ) ;
#6710 = CYLINDRICAL_SURFACE ( 'NONE', #389, 0.2500000000000002220 ) ;
#6711 = AXIS2_PLACEMENT_3D ( 'NONE', #9, #1864, #6408 ) ;
#6712 = CIRCLE ( 'NONE', #10236, 17.00000000000000000 ) ;
#6713 = EDGE_LOOP ( 'NONE', ( #5509, #1732, #8827, #10075 ) ) ;
#6714 = CARTESIAN_POINT ( 'NONE',  ( 3.164015295687490451E-15, -23.15500000000000469, -13.55114218134571757 ) ) ;
#6715 = VERTEX_POINT ( 'NONE', #9170 ) ;
#6716 = ORIENTED_EDGE ( 'NONE', *, *, #8856, .F. ) ;
#6717 = CIRCLE ( 'NONE', #10239, 17.00000000000000355 ) ;
#6718 = DIRECTION ( 'NONE',  ( 0.000000000000000000, 0.000000000000000000, -1.000000000000000000 ) ) ;
#6719 = CARTESIAN_POINT ( 'NONE',  ( -1.540743955509788682E-30, 39.99999999999997868, 1.387778780781445676E-14 ) ) ;
#6720 = VERTEX_POINT ( 'NONE', #1184 ) ;
#6721 = FACE_OUTER_BOUND ( 'NONE', #10738, .T. ) ;
#6722 = CARTESIAN_POINT ( 'NONE',  ( -1.540743955509788682E-30, 39.99999999999997868, 1.387778780781445676E-14 ) ) ;
#6723 = CIRCLE ( 'NONE', #11202, 17.00000000000000355 ) ;
#6724 = ORIENTED_EDGE ( 'NONE', *, *, #6659, .T. ) ;
#6725 = AXIS2_PLACEMENT_3D ( 'NONE', #9394, #3984, #10320 ) ;
#6726 = VECTOR ( 'NONE', #4177, 1000.000000000000000 ) ;
#6727 = CARTESIAN_POINT ( 'NONE',  ( 7.142155445023847804, 94.12768161796614663, 15.42691205650427477 ) ) ;
#6728 = VECTOR ( 'NONE', #525, 1000.000000000000000 ) ;
#6729 = ADVANCED_FACE ( 'NONE', ( #3919 ), #11045, .T. ) ;
#6730 = CYLINDRICAL_SURFACE ( 'NONE', #6640, 17.00000000000000355 ) ;
#6731 = DIRECTION ( 'NONE',  ( -3.583126979299020263E-32, 1.000000000000000000, 3.111048790438776325E-16 ) ) ;
#6732 = DIRECTION ( 'NONE',  ( 0.000000000000000000, 0.000000000000000000, 1.000000000000000000 ) ) ;
#6733 = AXIS2_PLACEMENT_3D ( 'NONE', #11335, #6087, #3460 ) ;
#6734 = ORIENTED_EDGE ( 'NONE', *, *, #8314, .T. ) ;
#6735 = ORIENTED_EDGE ( 'NONE', *, *, #1685, .T. ) ;
#6736 = AXIS2_PLACEMENT_3D ( 'NONE', #4671, #3837, #10896 ) ;
#6737 = ORIENTED_EDGE ( 'NONE', *, *, #2782, .F. ) ;
#6738 = DIRECTION ( 'NONE',  ( -3.583126979299020263E-32, 1.000000000000000000, 3.111048790438776325E-16 ) ) ;
#6739 = DIRECTION ( 'NONE',  ( -1.110223024625156540E-16, -3.061276722312011998E-16, 1.000000000000000000 ) ) ;
#6740 = DIRECTION ( 'NONE',  ( -3.583126979299020263E-32, 1.000000000000000000, 3.111048790438776325E-16 ) ) ;
#6741 = CARTESIAN_POINT ( 'NONE',  ( -1.528167975084024022, -3.904999999999991811, 16.93117546539305707 ) ) ;
#6742 = AXIS2_PLACEMENT_3D ( 'NONE', #11058, #4878, #442 ) ;
#6743 = CARTESIAN_POINT ( 'NONE',  ( -11.55977147257026516, 1.095000000000040385, 12.46481782867085109 ) ) ;
#6744 = CIRCLE ( 'NONE', #1157, 0.2500000000000002220 ) ;
#6745 = AXIS2_PLACEMENT_3D ( 'NONE', #7211, #5422, #10884 ) ;
#6746 = EDGE_CURVE ( 'NONE', #10929, #2168, #11137, .T. ) ;
#6747 = CARTESIAN_POINT ( 'NONE',  ( -1.540743955509788682E-30, 1.095000000000012630, 0.000000000000000000 ) ) ;
#6748 = CARTESIAN_POINT ( 'NONE',  ( 1.360023205165816762E-15, -24.40500000000000824, -12.00000000000000178 ) ) ;
#6749 = ADVANCED_FACE ( 'NONE', ( #5797 ), #9337, .F. ) ;
#6750 = ORIENTED_EDGE ( 'NONE', *, *, #5144, .T. ) ;
#6751 = DIRECTION ( 'NONE',  ( 3.583126979299020263E-32, -1.000000000000000000, -3.111048790438776325E-16 ) ) ;
#6752 = CARTESIAN_POINT ( 'NONE',  ( 1.540743955509788682E-30, -23.15500000000000824, 0.000000000000000000 ) ) ;
#6753 = DIRECTION ( 'NONE',  ( -3.583126979299020263E-32, 1.000000000000000000, 3.111048790438776325E-16 ) ) ;
#6754 = CYLINDRICAL_SURFACE ( 'NONE', #2403, 0.2500000000000002220 ) ;
#6755 = EDGE_LOOP ( 'NONE', ( #2323, #5279, #4449, #7322 ) ) ;
#6756 = CIRCLE ( 'NONE', #9726, 0.2500000000000002220 ) ;
#6757 = CARTESIAN_POINT ( 'NONE',  ( 6.324985174856173842, -3.904999999999991811, 15.77956154453760007 ) ) ;
#6758 = DIRECTION ( 'NONE',  ( -3.583126979299020263E-32, 1.000000000000000000, 3.111048790438776325E-16 ) ) ;
#6759 = EDGE_CURVE ( 'NONE', #11423, #6831, #10368, .T. ) ;
#6760 = EDGE_CURVE ( 'NONE', #9229, #3793, #1086, .T. ) ;
#6761 = ADVANCED_FACE ( 'NONE', ( #1746 ), #1261, .T. ) ;
#6762 = EDGE_CURVE ( 'NONE', #5235, #9750, #2754, .T. ) ;
#6763 = CARTESIAN_POINT ( 'NONE',  ( -1.540743955509788682E-30, 39.99999999999997868, 1.387778780781445676E-14 ) ) ;
#6764 = DIRECTION ( 'NONE',  ( -3.583126979299020263E-32, 1.000000000000000000, 3.111048790438776325E-16 ) ) ;
#6765 = ORIENTED_EDGE ( 'NONE', *, *, #7247, .F. ) ;
#6766 = ORIENTED_EDGE ( 'NONE', *, *, #8072, .F. ) ;
#6767 = VERTEX_POINT ( 'NONE', #7712 ) ;
#6768 = EDGE_LOOP ( 'NONE', ( #4587, #11007, #6186, #9684 ) ) ;
#6769 = DIRECTION ( 'NONE',  ( 0.000000000000000000, 0.000000000000000000, -1.000000000000000000 ) ) ;
#6770 = EDGE_CURVE ( 'NONE', #10558, #4014, #4429, .T. ) ;
#6771 = ORIENTED_EDGE ( 'NONE', *, *, #10584, .T. ) ;
#6772 = DIRECTION ( 'NONE',  ( 0.000000000000000000, 0.000000000000000000, 1.000000000000000000 ) ) ;
#6773 = FACE_OUTER_BOUND ( 'NONE', #10590, .T. ) ;
#6774 = EDGE_CURVE ( 'NONE', #5865, #7122, #336, .T. ) ;
#6775 = ORIENTED_EDGE ( 'NONE', *, *, #4551, .F. ) ;
#6776 = DIRECTION ( 'NONE',  ( -3.583126979299020263E-32, 1.000000000000000000, 3.111048790438776325E-16 ) ) ;
#6777 = ORIENTED_EDGE ( 'NONE', *, *, #11207, .T. ) ;
#6778 = ORIENTED_EDGE ( 'NONE', *, *, #838, .F. ) ;
#6779 = DIRECTION ( 'NONE',  ( 1.837426895219298778E-31, -1.000000000000000000, -3.111048790438772381E-16 ) ) ;
#6780 = DIRECTION ( 'NONE',  ( -3.583126979299020263E-32, 1.000000000000000000, 3.111048790438776325E-16 ) ) ;
#6781 = ORIENTED_EDGE ( 'NONE', *, *, #7396, .T. ) ;
#6782 = CARTESIAN_POINT ( 'NONE',  ( 15.77956154453759652, 94.12768161796603295, -6.324985174856100123 ) ) ;
#6783 = DIRECTION ( 'NONE',  ( 0.000000000000000000, 0.000000000000000000, -1.000000000000000000 ) ) ;
#6784 = ORIENTED_EDGE ( 'NONE', *, *, #9883, .T. ) ;
#6785 = DIRECTION ( 'NONE',  ( 1.097869796574599992E-31, -1.000000000000000000, -3.111048790438772381E-16 ) ) ;
#6786 = DIRECTION ( 'NONE',  ( -1.120801499359495711E-31, -1.000000000000000000, -3.111048790438776325E-16 ) ) ;
#6787 = EDGE_CURVE ( 'NONE', #8684, #10189, #3665, .T. ) ;
#6788 = DIRECTION ( 'NONE',  ( -1.110223024625156540E-16, -2.469156533452239034E-16, 1.000000000000000000 ) ) ;
#6789 = DIRECTION ( 'NONE',  ( -3.583126979299020263E-32, 1.000000000000000000, 3.111048790438776325E-16 ) ) ;
#6790 = ORIENTED_EDGE ( 'NONE', *, *, #1543, .F. ) ;
#6791 = ORIENTED_EDGE ( 'NONE', *, *, #10882, .T. ) ;
#6792 = ORIENTED_EDGE ( 'NONE', *, *, #7871, .F. ) ;
#6793 = CARTESIAN_POINT ( 'NONE',  ( -14.72243186433540707, 1.094999999999984874, 8.250000000000076383 ) ) ;
#6794 = CIRCLE ( 'NONE', #1021, 0.2500000000000002220 ) ;
#6795 = CARTESIAN_POINT ( 'NONE',  ( 10.69844664784707078, 1.095000000000068141, -13.21148134476864122 ) ) ;
#6796 = DIRECTION ( 'NONE',  ( 1.837426895219299873E-31, -1.000000000000000000, -3.111048790438776325E-16 ) ) ;
#6797 = EDGE_CURVE ( 'NONE', #7045, #9009, #10757, .T. ) ;
#6798 = DIRECTION ( 'NONE',  ( 0.000000000000000000, 0.000000000000000000, -1.000000000000000000 ) ) ;
#6799 = LINE ( 'NONE', #494, #11181 ) ;
#6800 = DIRECTION ( 'NONE',  ( 9.972689056472889818E-19, -0.9961946980917455452, 0.08715574274765762464 ) ) ;
#6801 = CARTESIAN_POINT ( 'NONE',  ( -1.540743955509788682E-30, 39.99999999999997868, 1.387778780781445676E-14 ) ) ;
#6802 = ORIENTED_EDGE ( 'NONE', *, *, #8971, .F. ) ;
#6803 = ORIENTED_EDGE ( 'NONE', *, *, #6605, .T. ) ;
#6804 = FACE_OUTER_BOUND ( 'NONE', #2384, .T. ) ;
#6805 = CARTESIAN_POINT ( 'NONE',  ( -1.540743955509788682E-30, 1.095000000000012630, 0.000000000000000000 ) ) ;
#6806 = CARTESIAN_POINT ( 'NONE',  ( 4.399923766742630526, 1.095000000000068141, -16.42073904691421404 ) ) ;
#6807 = CARTESIAN_POINT ( 'NONE',  ( 4.399923766742630526, -3.904999999999936300, -16.42073904691422115 ) ) ;
#6808 = ORIENTED_EDGE ( 'NONE', *, *, #6762, .T. ) ;
#6809 = CARTESIAN_POINT ( 'NONE',  ( -1.540743955509788682E-30, 23.29500000000000881, 1.387778780781445676E-14 ) ) ;
#6810 = DIRECTION ( 'NONE',  ( -1.613839565122628308E-31, -1.000000000000000000, -3.111048790438776325E-16 ) ) ;
#6811 = ADVANCED_FACE ( 'NONE', ( #7162 ), #1533, .T. ) ;
#6812 = DIRECTION ( 'NONE',  ( 1.837426895219298778E-31, -1.000000000000000000, -3.111048790438772381E-16 ) ) ;
#6813 = EDGE_CURVE ( 'NONE', #8773, #10874, #4489, .T. ) ;
#6814 = DIRECTION ( 'NONE',  ( -1.110223024625156540E-16, -3.061276722312012491E-16, 1.000000000000000000 ) ) ;
#6815 = EDGE_CURVE ( 'NONE', #112, #11089, #9995, .T. ) ;
#6816 = ORIENTED_EDGE ( 'NONE', *, *, #7098, .F. ) ;
#6817 = VERTEX_POINT ( 'NONE', #9836 ) ;
#6818 = ORIENTED_EDGE ( 'NONE', *, *, #1255, .T. ) ;
#6819 = EDGE_CURVE ( 'NONE', #3568, #39, #1442, .T. ) ;
#6820 = ORIENTED_EDGE ( 'NONE', *, *, #10008, .F. ) ;
#6821 = CARTESIAN_POINT ( 'NONE',  ( -1.387778780781444887E-15, -24.90500000000001535, 12.49999999999999289 ) ) ;
#6822 = VERTEX_POINT ( 'NONE', #926 ) ;
#6823 = CIRCLE ( 'NONE', #5897, 17.00000000000000000 ) ;
#6824 = DIRECTION ( 'NONE',  ( -1.110223024625156540E-16, -4.081702296416015997E-16, 1.000000000000000000 ) ) ;
#6825 = DIRECTION ( 'NONE',  ( -3.583126979299020263E-32, 1.000000000000000000, 3.111048790438776325E-16 ) ) ;
#6826 = ADVANCED_FACE ( 'NONE', ( #8051 ), #4210, .T. ) ;
#6827 = ORIENTED_EDGE ( 'NONE', *, *, #1591, .T. ) ;
#6828 = ORIENTED_EDGE ( 'NONE', *, *, #3262, .F. ) ;
#6829 = DIRECTION ( 'NONE',  ( -3.583126979299020263E-32, 1.000000000000000000, 3.111048790438776325E-16 ) ) ;
#6830 = ORIENTED_EDGE ( 'NONE', *, *, #5686, .T. ) ;
#6831 = VERTEX_POINT ( 'NONE', #5030 ) ;
#6832 = AXIS2_PLACEMENT_3D ( 'NONE', #969, #1020, #221 ) ;
#6833 = DIRECTION ( 'NONE',  ( -3.583126979299020263E-32, 1.000000000000000000, 3.111048790438776325E-16 ) ) ;
#6834 = CARTESIAN_POINT ( 'NONE',  ( 2.918587279715637394E-15, -24.90500000000000824, -12.50000000000000888 ) ) ;
#6835 = EDGE_LOOP ( 'NONE', ( #4737, #9715, #7024, #10727 ) ) ;
#6836 = DIRECTION ( 'NONE',  ( -3.583126979299020263E-32, 1.000000000000000000, 3.111048790438776325E-16 ) ) ;
#6837 = DIRECTION ( 'NONE',  ( 1.097869796574599992E-31, -1.000000000000000000, -3.111048790438772381E-16 ) ) ;
#6838 = ORIENTED_EDGE ( 'NONE', *, *, #11404, .F. ) ;
#6839 = CYLINDRICAL_SURFACE ( 'NONE', #5063, 0.2500000000000002220 ) ;
#6840 = CARTESIAN_POINT ( 'NONE',  ( 15.95874067538732888, 1.095000000000068141, -5.858207580458165253 ) ) ;
#6841 = EDGE_CURVE ( 'NONE', #1955, #8179, #5927, .T. ) ;
#6842 = CYLINDRICAL_SURFACE ( 'NONE', #5397, 0.2500000000000002220 ) ;
#6843 = ORIENTED_EDGE ( 'NONE', *, *, #5991, .T. ) ;
#6844 = ORIENTED_EDGE ( 'NONE', *, *, #10183, .T. ) ;
#6845 = ORIENTED_EDGE ( 'NONE', *, *, #2432, .T. ) ;
#6846 = CARTESIAN_POINT ( 'NONE',  ( 13.21148134476836944, -3.904999999999991811, -10.69844664784738697 ) ) ;
#6847 = CARTESIAN_POINT ( 'NONE',  ( 16.16796077701764389, 94.12768161796614663, 5.003288904373986767 ) ) ;
#6848 = DIRECTION ( 'NONE',  ( 3.583126979299020263E-32, -1.000000000000000000, -3.111048790438776325E-16 ) ) ;
#6849 = DIRECTION ( 'NONE',  ( -3.583126979299020263E-32, 1.000000000000000000, 3.111048790438776325E-16 ) ) ;
#6850 = DIRECTION ( 'NONE',  ( 9.676231232675719289E-18, -0.9961946980917455452, -0.08715574274765823526 ) ) ;
#6851 = EDGE_CURVE ( 'NONE', #9437, #6817, #3863, .T. ) ;
#6852 = AXIS2_PLACEMENT_3D ( 'NONE', #3285, #6833, #5969 ) ;
#6853 = DIRECTION ( 'NONE',  ( 3.583126979299020263E-32, -1.000000000000000000, -3.111048790438776325E-16 ) ) ;
#6854 = CIRCLE ( 'NONE', #10925, 0.2500000000000002220 ) ;
#6855 = CARTESIAN_POINT ( 'NONE',  ( 16.87891264663058521, 1.095000000000040385, 2.025415480194976858 ) ) ;
#6856 = VERTEX_POINT ( 'NONE', #8981 ) ;
#6857 = ORIENTED_EDGE ( 'NONE', *, *, #5574, .F. ) ;
#6858 = LINE ( 'NONE', #10011, #7453 ) ;
#6859 = DIRECTION ( 'NONE',  ( 6.664614890318599270E-32, -1.000000000000000000, -3.111048790438776325E-16 ) ) ;
#6860 = CARTESIAN_POINT ( 'NONE',  ( 15.87086725045246816, 1.095000000000012630, 5.842255142269957346 ) ) ;
#6861 = CARTESIAN_POINT ( 'NONE',  ( 5.490478559967998606, 1.095000000000068141, -16.08896035120142187 ) ) ;
#6862 = DIRECTION ( 'NONE',  ( -3.583126979299020263E-32, 1.000000000000000000, 3.111048790438776325E-16 ) ) ;
#6863 = AXIS2_PLACEMENT_3D ( 'NONE', #5766, #7743, #6010 ) ;
#6864 = ORIENTED_EDGE ( 'NONE', *, *, #10003, .T. ) ;
#6865 = CARTESIAN_POINT ( 'NONE',  ( 7.939749563562068069, -3.904999999999991811, 15.03197847483544969 ) ) ;
#6866 = CARTESIAN_POINT ( 'NONE',  ( -1.332267629550188243E-15, -23.40500000000001180, 12.00000000000000355 ) ) ;
#6867 = VECTOR ( 'NONE', #6267, 1000.000000000000000 ) ;
#6868 = AXIS2_PLACEMENT_3D ( 'NONE', #2596, #894, #9705 ) ;
#6869 = AXIS2_PLACEMENT_3D ( 'NONE', #6364, #9150, #3789 ) ;
#6870 = EDGE_CURVE ( 'NONE', #8976, #2718, #7766, .T. ) ;
#6871 = CARTESIAN_POINT ( 'NONE',  ( 8.499999999999802824, 1.095000000000068141, -14.72243186433556872 ) ) ;
#6872 = CARTESIAN_POINT ( 'NONE',  ( 9.992349288972148358, 1.095000000000012630, 13.75328890437402229 ) ) ;
#6873 = AXIS2_PLACEMENT_3D ( 'NONE', #2647, #2527, #9519 ) ;
#6874 = AXIS2_PLACEMENT_3D ( 'NONE', #29, #3577, #3680 ) ;
#6875 = EDGE_LOOP ( 'NONE', ( #4772, #2606, #4464, #4408 ) ) ;
#6876 = ORIENTED_EDGE ( 'NONE', *, *, #1403, .T. ) ;
#6877 = ORIENTED_EDGE ( 'NONE', *, *, #1007, .T. ) ;
#6878 = DIRECTION ( 'NONE',  ( -1.120801499359495711E-31, -1.000000000000000000, -3.111048790438776325E-16 ) ) ;
#6879 = ORIENTED_EDGE ( 'NONE', *, *, #6797, .F. ) ;
#6880 = CARTESIAN_POINT ( 'NONE',  ( -1.540743955509788682E-30, 1.095000000000012630, 0.000000000000000000 ) ) ;
#6881 = VECTOR ( 'NONE', #6583, 1000.000000000000000 ) ;
#6882 = EDGE_CURVE ( 'NONE', #6072, #517, #8340, .T. ) ;
#6883 = DIRECTION ( 'NONE',  ( 3.583126979299020263E-32, -1.000000000000000000, -3.111048790438776325E-16 ) ) ;
#6884 = AXIS2_PLACEMENT_3D ( 'NONE', #10137, #2992, #2284 ) ;
#6885 = VECTOR ( 'NONE', #7332, 1000.000000000000000 ) ;
#6886 = ORIENTED_EDGE ( 'NONE', *, *, #5856, .T. ) ;
#6887 = ORIENTED_EDGE ( 'NONE', *, *, #8484, .F. ) ;
#6888 = DIRECTION ( 'NONE',  ( -1.110223024625156540E-16, -3.061276722312012491E-16, 1.000000000000000000 ) ) ;
#6889 = VERTEX_POINT ( 'NONE', #8328 ) ;
#6890 = ADVANCED_FACE ( 'NONE', ( #4773 ), #1161, .F. ) ;
#6891 = EDGE_LOOP ( 'NONE', ( #9319, #3706, #5121, #2400 ) ) ;
#6892 = VECTOR ( 'NONE', #2443, 1000.000000000000000 ) ;
#6893 = DIRECTION ( 'NONE',  ( 3.583126979299020263E-32, -1.000000000000000000, -3.111048790438776325E-16 ) ) ;
#6894 = CYLINDRICAL_SURFACE ( 'NONE', #6622, 17.00000000000000355 ) ;
#6895 = VERTEX_POINT ( 'NONE', #8153 ) ;
#6896 = DIRECTION ( 'NONE',  ( -1.110223024625156540E-16, -4.081702296416015997E-16, 1.000000000000000000 ) ) ;
#6897 = DIRECTION ( 'NONE',  ( 4.815722143706842998E-32, -1.000000000000000000, -3.111048790438772381E-16 ) ) ;
#6898 = CIRCLE ( 'NONE', #8763, 0.2500000000000002220 ) ;
#6899 = ORIENTED_EDGE ( 'NONE', *, *, #5973, .F. ) ;
#6900 = CARTESIAN_POINT ( 'NONE',  ( -3.534498743901911322, 94.12768161796620348, -16.62850921247465763 ) ) ;
#6901 = ADVANCED_FACE ( 'NONE', ( #2966 ), #5600, .F. ) ;
#6902 = ADVANCED_FACE ( 'NONE', ( #3031 ), #6574, .F. ) ;
#6903 = VECTOR ( 'NONE', #10504, 1000.000000000000000 ) ;
#6904 = AXIS2_PLACEMENT_3D ( 'NONE', #1909, #230, #2775 ) ;
#6905 = AXIS2_PLACEMENT_3D ( 'NONE', #3462, #7006, #6956 ) ;
#6906 = DIRECTION ( 'NONE',  ( 0.000000000000000000, 0.000000000000000000, 1.000000000000000000 ) ) ;
#6907 = DIRECTION ( 'NONE',  ( -3.583126979299020263E-32, 1.000000000000000000, 3.111048790438776325E-16 ) ) ;
#6908 = ORIENTED_EDGE ( 'NONE', *, *, #2905, .F. ) ;
#6909 = ORIENTED_EDGE ( 'NONE', *, *, #5132, .F. ) ;
#6910 = VERTEX_POINT ( 'NONE', #9073 ) ;
#6911 = CARTESIAN_POINT ( 'NONE',  ( 16.42073904691418562, 1.095000000000012630, 4.399923766742690034 ) ) ;
#6912 = CIRCLE ( 'NONE', #9878, 17.00000000000000000 ) ;
#6913 = CARTESIAN_POINT ( 'NONE',  ( 16.99816176470586981, -3.905000000000019789, 0.2499932416906019972 ) ) ;
#6914 = DIRECTION ( 'NONE',  ( 0.000000000000000000, 0.000000000000000000, 1.000000000000000000 ) ) ;
#6915 = AXIS2_PLACEMENT_3D ( 'NONE', #7528, #6825, #2331 ) ;
#6916 = DIRECTION ( 'NONE',  ( -2.579848842740137204E-32, -1.000000000000000000, -3.111048790438776325E-16 ) ) ;
#6917 = DIRECTION ( 'NONE',  ( -1.110223024625156540E-16, -3.061276722312012491E-16, 1.000000000000000000 ) ) ;
#6918 = DIRECTION ( 'NONE',  ( -3.583126979299020263E-32, 1.000000000000000000, 3.111048790438776325E-16 ) ) ;
#6919 = CARTESIAN_POINT ( 'NONE',  ( -1.540743955509788682E-30, 1.095000000000012630, 0.000000000000000000 ) ) ;
#6920 = AXIS2_PLACEMENT_3D ( 'NONE', #6257, #8764, #8649 ) ;
#6921 = DIRECTION ( 'NONE',  ( 7.280912472522505984E-32, -1.000000000000000000, -3.111048790438772381E-16 ) ) ;
#6922 = CIRCLE ( 'NONE', #7862, 17.00000000000000000 ) ;
#6923 = CARTESIAN_POINT ( 'NONE',  ( -1.540743955509788682E-30, 39.99999999999997868, 1.387778780781445676E-14 ) ) ;
#6924 = ORIENTED_EDGE ( 'NONE', *, *, #6322, .T. ) ;
#6925 = EDGE_LOOP ( 'NONE', ( #10190, #9320, #10309, #11315 ) ) ;
#6926 = ADVANCED_FACE ( 'NONE', ( #1212 ), #2861, .F. ) ;
#6927 = DIRECTION ( 'NONE',  ( -1.110223024625156540E-16, -5.551115123125780730E-16, 1.000000000000000000 ) ) ;
#6928 = LINE ( 'NONE', #5239, #3178 ) ;
#6929 = LINE ( 'NONE', #7868, #4314 ) ;
#6930 = DIRECTION ( 'NONE',  ( 1.097869796574599992E-31, -1.000000000000000000, -3.111048790438772381E-16 ) ) ;
#6931 = LINE ( 'NONE', #2505, #932 ) ;
#6932 = CARTESIAN_POINT ( 'NONE',  ( 16.16796077701764389, 1.095000000000012630, 5.253288904373945911 ) ) ;
#6933 = CARTESIAN_POINT ( 'NONE',  ( -12.19628736797961821, 1.095000000000040385, 11.84274353507921340 ) ) ;
#6934 = CIRCLE ( 'NONE', #3018, 17.00000000000000000 ) ;
#6935 = DIRECTION ( 'NONE',  ( -3.583126979299020263E-32, 1.000000000000000000, 3.111048790438776325E-16 ) ) ;
#6936 = DIRECTION ( 'NONE',  ( -1.110223024625156540E-16, -2.775557561562890365E-16, 1.000000000000000000 ) ) ;
#6937 = CIRCLE ( 'NONE', #9341, 17.00000000000000000 ) ;
#6938 = VERTEX_POINT ( 'NONE', #3720 ) ;
#6939 = CARTESIAN_POINT ( 'NONE',  ( -1.859623566247140361E-15, 94.12768161796614663, 16.75000000000002132 ) ) ;
#6940 = VERTEX_POINT ( 'NONE', #10060 ) ;
#6941 = ADVANCED_FACE ( 'NONE', ( #4724 ), #7389, .T. ) ;
#6942 = CARTESIAN_POINT ( 'NONE',  ( -10.19351758238246219, 1.095000000000012630, 13.60485940014300610 ) ) ;
#6943 = ORIENTED_EDGE ( 'NONE', *, *, #11097, .T. ) ;
#6944 = DIRECTION ( 'NONE',  ( -1.110223024625156540E-16, -3.061276722312012491E-16, 1.000000000000000000 ) ) ;
#6945 = FACE_OUTER_BOUND ( 'NONE', #1547, .T. ) ;
#6946 = VERTEX_POINT ( 'NONE', #10843 ) ;
#6947 = DIRECTION ( 'NONE',  ( 0.000000000000000000, 0.000000000000000000, 1.000000000000000000 ) ) ;
#6948 = ORIENTED_EDGE ( 'NONE', *, *, #3890, .T. ) ;
#6949 = DIRECTION ( 'NONE',  ( 1.837426895219299873E-31, -1.000000000000000000, -3.111048790438776325E-16 ) ) ;
#6950 = ORIENTED_EDGE ( 'NONE', *, *, #9370, .F. ) ;
#6951 = EDGE_CURVE ( 'NONE', #1923, #4953, #170, .T. ) ;
#6952 = DIRECTION ( 'NONE',  ( 0.000000000000000000, 0.000000000000000000, 1.000000000000000000 ) ) ;
#6953 = CARTESIAN_POINT ( 'NONE',  ( -15.87086725045239177, -3.904999999999991811, 5.842255142270179391 ) ) ;
#6954 = CARTESIAN_POINT ( 'NONE',  ( 12.63346203311555271, -3.904999999999991811, -11.37522030810073126 ) ) ;
#6955 = EDGE_CURVE ( 'NONE', #3756, #6594, #8900, .T. ) ;
#6956 = DIRECTION ( 'NONE',  ( 0.000000000000000000, 0.000000000000000000, 1.000000000000000000 ) ) ;
#6957 = CARTESIAN_POINT ( 'NONE',  ( 9.153901961775523799E-17, 28.40499999999998337, 8.000000000000007105 ) ) ;
#6958 = ORIENTED_EDGE ( 'NONE', *, *, #1750, .T. ) ;
#6959 = ORIENTED_EDGE ( 'NONE', *, *, #10052, .F. ) ;
#6960 = EDGE_CURVE ( 'NONE', #7039, #8807, #9906, .T. ) ;
#6961 = ORIENTED_EDGE ( 'NONE', *, *, #3329, .F. ) ;
#6962 = CARTESIAN_POINT ( 'NONE',  ( -8.282580384274222496, -3.904999999999991811, 14.84583652671806675 ) ) ;
#6963 = LINE ( 'NONE', #4224, #3857 ) ;
#6964 = DIRECTION ( 'NONE',  ( -3.583126979299020263E-32, 1.000000000000000000, 3.111048790438776325E-16 ) ) ;
#6965 = ADVANCED_FACE ( 'NONE', ( #3958 ), #400, .T. ) ;
#6966 = EDGE_CURVE ( 'NONE', #4570, #720, #4440, .T. ) ;
#6967 = CARTESIAN_POINT ( 'NONE',  ( 6.324985174855745740, 1.095000000000068141, -15.77956154453775639 ) ) ;
#6968 = DIRECTION ( 'NONE',  ( 3.583126979299020263E-32, -1.000000000000000000, -3.111048790438776325E-16 ) ) ;
#6969 = LINE ( 'NONE', #10568, #3407 ) ;
#6970 = FACE_OUTER_BOUND ( 'NONE', #4042, .T. ) ;
#6971 = ORIENTED_EDGE ( 'NONE', *, *, #4820, .F. ) ;
#6972 = ORIENTED_EDGE ( 'NONE', *, *, #5616, .T. ) ;
#6973 = ADVANCED_FACE ( 'NONE', ( #6407 ), #5709, .T. ) ;
#6974 = EDGE_CURVE ( 'NONE', #4922, #438, #1924, .T. ) ;
#6975 = FACE_OUTER_BOUND ( 'NONE', #417, .T. ) ;
#6976 = DIRECTION ( 'NONE',  ( 0.000000000000000000, 0.000000000000000000, -1.000000000000000000 ) ) ;
#6977 = CARTESIAN_POINT ( 'NONE',  ( -14.11970190331934383, 94.12768161796608979, 9.467524394550064670 ) ) ;
#6978 = CARTESIAN_POINT ( 'NONE',  ( -16.42073904691413233, -3.904999999999963833, 4.149923766742926290 ) ) ;
#6979 = CARTESIAN_POINT ( 'NONE',  ( -2.906013752374305259, 1.095000000000068141, -16.74977862752255575 ) ) ;
#6980 = CARTESIAN_POINT ( 'NONE',  ( 0.000000000000000000, -25.40499999999998337, -6.938893903907228378E-15 ) ) ;
#6981 = VECTOR ( 'NONE', #4933, 1000.000000000000000 ) ;
#6982 = DIRECTION ( 'NONE',  ( -3.583126979299020263E-32, 1.000000000000000000, 3.111048790438776325E-16 ) ) ;
#6983 = DIRECTION ( 'NONE',  ( 2.330464960982432251E-31, -1.000000000000000000, -3.111048790438776325E-16 ) ) ;
#6984 = ORIENTED_EDGE ( 'NONE', *, *, #6538, .T. ) ;
#6985 = AXIS2_PLACEMENT_3D ( 'NONE', #6430, #8127, #1996 ) ;
#6986 = CARTESIAN_POINT ( 'NONE',  ( -1.540743955509788682E-30, -3.904999999999991811, 6.938893903907228378E-15 ) ) ;
#6987 = CARTESIAN_POINT ( 'NONE',  ( -14.25739965507215246, -3.904999999999963833, 9.258863595255524714 ) ) ;
#6988 = ORIENTED_EDGE ( 'NONE', *, *, #64, .T. ) ;
#6989 = CARTESIAN_POINT ( 'NONE',  ( -10.50300857072158678, 94.12768161796620348, 13.36737861225415713 ) ) ;
#6990 = VERTEX_POINT ( 'NONE', #248 ) ;
#6991 = DIRECTION ( 'NONE',  ( -3.583126979299020263E-32, 1.000000000000000000, 3.111048790438776325E-16 ) ) ;
#6992 = EDGE_CURVE ( 'NONE', #6092, #4299, #8540, .T. ) ;
#6993 = AXIS2_PLACEMENT_3D ( 'NONE', #1185, #312, #6266 ) ;
#6994 = DIRECTION ( 'NONE',  ( 0.000000000000000000, 0.000000000000000000, -1.000000000000000000 ) ) ;
#6995 = ORIENTED_EDGE ( 'NONE', *, *, #4729, .T. ) ;
#6996 = ORIENTED_EDGE ( 'NONE', *, *, #10466, .T. ) ;
#6997 = DIRECTION ( 'NONE',  ( -2.579848842740145962E-32, -1.000000000000000000, -3.111048790438772381E-16 ) ) ;
#6998 = ORIENTED_EDGE ( 'NONE', *, *, #6244, .T. ) ;
#6999 = AXIS2_PLACEMENT_3D ( 'NONE', #8446, #6758, #4064 ) ;
#7000 = DIRECTION ( 'NONE',  ( 0.000000000000000000, 0.000000000000000000, -1.000000000000000000 ) ) ;
#7001 = ORIENTED_EDGE ( 'NONE', *, *, #9941, .T. ) ;
#7002 = LINE ( 'NONE', #5209, #5009 ) ;
#7003 = CARTESIAN_POINT ( 'NONE',  ( 4.399923766742972475, -3.904999999999991811, 16.17073904691412167 ) ) ;
#7004 = CYLINDRICAL_SURFACE ( 'NONE', #9523, 0.2500000000000002220 ) ;
#7005 = EDGE_CURVE ( 'NONE', #7172, #6822, #6514, .T. ) ;
#7006 = DIRECTION ( 'NONE',  ( -3.583126979299020263E-32, 1.000000000000000000, 3.111048790438776325E-16 ) ) ;
#7007 = LINE ( 'NONE', #5456, #6903 ) ;
#7008 = ORIENTED_EDGE ( 'NONE', *, *, #273, .T. ) ;
#7009 = ORIENTED_EDGE ( 'NONE', *, *, #5194, .F. ) ;
#7010 = ORIENTED_EDGE ( 'NONE', *, *, #10212, .T. ) ;
#7011 = CYLINDRICAL_SURFACE ( 'NONE', #6114, 0.2500000000000002220 ) ;
#7012 = CARTESIAN_POINT ( 'NONE',  ( 16.42073904691418562, 94.12768161796614663, 4.149923766742724673 ) ) ;
#7013 = DIRECTION ( 'NONE',  ( 3.583126979299020263E-32, -1.000000000000000000, -3.111048790438776325E-16 ) ) ;
#7014 = CARTESIAN_POINT ( 'NONE',  ( 1.151856388048597741E-15, 28.40499999999999048, -7.999999999999970690 ) ) ;
#7015 = ADVANCED_FACE ( 'NONE', ( #10891 ), #4135, .F. ) ;
#7016 = DIRECTION ( 'NONE',  ( -3.583126979299020263E-32, 1.000000000000000000, 3.111048790438776325E-16 ) ) ;
#7017 = AXIS2_PLACEMENT_3D ( 'NONE', #8254, #4868, #272 ) ;
#7018 = EDGE_CURVE ( 'NONE', #2513, #5866, #1090, .T. ) ;
#7019 = AXIS2_PLACEMENT_3D ( 'NONE', #4630, #5567, #9105 ) ;
#7020 = DIRECTION ( 'NONE',  ( 0.000000000000000000, 0.000000000000000000, -1.000000000000000000 ) ) ;
#7021 = DIRECTION ( 'NONE',  ( -3.583126979299020263E-32, 1.000000000000000000, 3.111048790438776325E-16 ) ) ;
#7022 = VERTEX_POINT ( 'NONE', #4186 ) ;
#7023 = VERTEX_POINT ( 'NONE', #4947 ) ;
#7024 = ORIENTED_EDGE ( 'NONE', *, *, #6048, .T. ) ;
#7025 = CARTESIAN_POINT ( 'NONE',  ( -14.72243186433540707, 94.12768161796608979, 8.250000000000104805 ) ) ;
#7026 = DIRECTION ( 'NONE',  ( -3.583126979299020263E-32, 1.000000000000000000, 3.111048790438776325E-16 ) ) ;
#7027 = DIRECTION ( 'NONE',  ( -3.583126979299020263E-32, 1.000000000000000000, 3.111048790438776325E-16 ) ) ;
#7028 = CARTESIAN_POINT ( 'NONE',  ( -1.139265684969456904, 94.12768161796620348, -16.96178273941303161 ) ) ;
#7029 = EDGE_CURVE ( 'NONE', #7912, #799, #7230, .T. ) ;
#7030 = VERTEX_POINT ( 'NONE', #9419 ) ;
#7031 = CARTESIAN_POINT ( 'NONE',  ( 15.77956154453772086, 1.095000000000012630, 6.324985174855808800 ) ) ;
#7032 = AXIS2_PLACEMENT_3D ( 'NONE', #8297, #1232, #2164 ) ;
#7033 = AXIS2_PLACEMENT_3D ( 'NONE', #9988, #3874, #2012 ) ;
#7034 = EDGE_CURVE ( 'NONE', #10863, #1824, #1504, .T. ) ;
#7035 = EDGE_CURVE ( 'NONE', #5292, #38, #2585, .T. ) ;
#7036 = CARTESIAN_POINT ( 'NONE',  ( -1.540743955509788682E-30, 1.095000000000012630, 0.000000000000000000 ) ) ;
#7037 = AXIS2_PLACEMENT_3D ( 'NONE', #2404, #6893, #2684 ) ;
#7038 = CARTESIAN_POINT ( 'NONE',  ( 13.21148134476836944, 94.12768161796608979, -10.69844664784735322 ) ) ;
#7039 = VERTEX_POINT ( 'NONE', #2316 ) ;
#7040 = DIRECTION ( 'NONE',  ( 3.583126979299011504E-32, -1.000000000000000000, -3.111048790438772381E-16 ) ) ;
#7041 = CARTESIAN_POINT ( 'NONE',  ( 6.324985174855868308, 1.095000000000012630, 15.77956154453772442 ) ) ;
#7042 = CIRCLE ( 'NONE', #3334, 0.2500000000000002220 ) ;
#7043 = EDGE_LOOP ( 'NONE', ( #6887, #10357, #4025, #905 ) ) ;
#7044 = DIRECTION ( 'NONE',  ( 0.000000000000000000, 0.000000000000000000, -1.000000000000000000 ) ) ;
#7045 = VERTEX_POINT ( 'NONE', #6757 ) ;
#7046 = CIRCLE ( 'NONE', #3875, 0.2500000000000002220 ) ;
#7047 = FACE_OUTER_BOUND ( 'NONE', #7201, .T. ) ;
#7048 = EDGE_CURVE ( 'NONE', #3151, #7653, #7046, .T. ) ;
#7049 = DIRECTION ( 'NONE',  ( 3.583126979299020263E-32, -1.000000000000000000, -3.111048790438776325E-16 ) ) ;
#7050 = CIRCLE ( 'NONE', #3877, 17.00000000000000000 ) ;
#7051 = FACE_OUTER_BOUND ( 'NONE', #1908, .T. ) ;
#7052 = VERTEX_POINT ( 'NONE', #8445 ) ;
#7053 = ORIENTED_EDGE ( 'NONE', *, *, #8190, .T. ) ;
#7054 = CARTESIAN_POINT ( 'NONE',  ( -14.72243186433546036, 94.12768161796608979, -8.499999999999923617 ) ) ;
#7055 = CIRCLE ( 'NONE', #9289, 0.2500000000000002220 ) ;
#7056 = VERTEX_POINT ( 'NONE', #6865 ) ;
#7057 = EDGE_CURVE ( 'NONE', #11080, #5493, #2373, .T. ) ;
#7058 = FACE_OUTER_BOUND ( 'NONE', #6477, .T. ) ;
#7059 = ORIENTED_EDGE ( 'NONE', *, *, #2763, .T. ) ;
#7060 = AXIS2_PLACEMENT_3D ( 'NONE', #778, #7942, #9687 ) ;
#7061 = CARTESIAN_POINT ( 'NONE',  ( 4.157973067892744012, 1.095000000000012630, 16.48366646006519431 ) ) ;
#7062 = CARTESIAN_POINT ( 'NONE',  ( 13.75328890437417684, 1.095000000000040385, 9.742349288971920984 ) ) ;
#7063 = DIRECTION ( 'NONE',  ( -1.110223024625156540E-16, -4.081702296416015997E-16, 1.000000000000000000 ) ) ;
#7064 = CIRCLE ( 'NONE', #4838, 0.2500000000000002220 ) ;
#7065 = CIRCLE ( 'NONE', #7266, 0.2500000000000002220 ) ;
#7066 = VECTOR ( 'NONE', #3088, 1000.000000000000000 ) ;
#7067 = DIRECTION ( 'NONE',  ( 2.330464960982432251E-31, -1.000000000000000000, -3.111048790438776325E-16 ) ) ;
#7068 = ORIENTED_EDGE ( 'NONE', *, *, #6053, .F. ) ;
#7069 = EDGE_LOOP ( 'NONE', ( #8308, #7723 ) ) ;
#7070 = ORIENTED_EDGE ( 'NONE', *, *, #7385, .T. ) ;
#7071 = AXIS2_PLACEMENT_3D ( 'NONE', #3676, #82, #6202 ) ;
#7072 = FACE_OUTER_BOUND ( 'NONE', #2088, .T. ) ;
#7073 = DIRECTION ( 'NONE',  ( -3.583126979299020263E-32, 1.000000000000000000, 3.111048790438776325E-16 ) ) ;
#7074 = AXIS2_PLACEMENT_3D ( 'NONE', #4054, #10471, #11421 ) ;
#7075 = DIRECTION ( 'NONE',  ( 3.583126979299020263E-32, -1.000000000000000000, -3.111048790438776325E-16 ) ) ;
#7076 = CIRCLE ( 'NONE', #3190, 0.2500000000000002220 ) ;
#7077 = EDGE_CURVE ( 'NONE', #10343, #3476, #3695, .T. ) ;
#7078 = CARTESIAN_POINT ( 'NONE',  ( 0.000000000000000000, -26.90500000000001180, -1.387778780781445676E-14 ) ) ;
#7079 = CIRCLE ( 'NONE', #6704, 0.2500000000000002220 ) ;
#7080 = AXIS2_PLACEMENT_3D ( 'NONE', #10698, #1957, #3816 ) ;
#7081 = CIRCLE ( 'NONE', #10048, 0.2500000000000002220 ) ;
#7082 = LINE ( 'NONE', #3592, #3304 ) ;
#7083 = FACE_OUTER_BOUND ( 'NONE', #718, .T. ) ;
#7084 = ORIENTED_EDGE ( 'NONE', *, *, #4257, .F. ) ;
#7085 = CIRCLE ( 'NONE', #4677, 17.00000000000000355 ) ;
#7086 = ORIENTED_EDGE ( 'NONE', *, *, #9656, .T. ) ;
#7087 = ORIENTED_EDGE ( 'NONE', *, *, #2631, .T. ) ;
#7088 = AXIS2_PLACEMENT_3D ( 'NONE', #2171, #10985, #5737 ) ;
#7089 = DIRECTION ( 'NONE',  ( -1.110223024625156540E-16, -3.061276722312011998E-16, 1.000000000000000000 ) ) ;
#7090 = CARTESIAN_POINT ( 'NONE',  ( -1.540743955509788682E-30, -3.904999999999991811, 6.938893903907228378E-15 ) ) ;
#7091 = CARTESIAN_POINT ( 'NONE',  ( 3.534498743901694162, 1.095000000000068141, -16.62850921247473224 ) ) ;
#7092 = CYLINDRICAL_SURFACE ( 'NONE', #2623, 17.00000000000000355 ) ;
#7093 = ORIENTED_EDGE ( 'NONE', *, *, #7048, .F. ) ;
#7094 = DIRECTION ( 'NONE',  ( -1.110223024625156540E-16, -3.061276722312012491E-16, 1.000000000000000000 ) ) ;
#7095 = EDGE_CURVE ( 'NONE', #337, #4954, #10408, .T. ) ;
#7096 = CIRCLE ( 'NONE', #4687, 0.2500000000000002220 ) ;
#7097 = CIRCLE ( 'NONE', #43, 0.2500000000000002220 ) ;
#7098 = EDGE_CURVE ( 'NONE', #2128, #4220, #507, .T. ) ;
#7099 = DIRECTION ( 'NONE',  ( -3.583126979299020263E-32, 1.000000000000000000, 3.111048790438776325E-16 ) ) ;
#7100 = VECTOR ( 'NONE', #553, 1000.000000000000000 ) ;
#7101 = ADVANCED_FACE ( 'NONE', ( #10292 ), #5883, .T. ) ;
#7102 = LINE ( 'NONE', #919, #2784 ) ;
#7103 = ORIENTED_EDGE ( 'NONE', *, *, #9452, .T. ) ;
#7104 = CARTESIAN_POINT ( 'NONE',  ( 8.282580384274398355, 1.095000000000068141, -14.84583652671794773 ) ) ;
#7105 = ORIENTED_EDGE ( 'NONE', *, *, #4419, .T. ) ;
#7106 = DIRECTION ( 'NONE',  ( -3.583126979299020263E-32, 1.000000000000000000, 3.111048790438776325E-16 ) ) ;
#7107 = VECTOR ( 'NONE', #5019, 1000.000000000000000 ) ;
#7108 = FACE_OUTER_BOUND ( 'NONE', #2833, .T. ) ;
#7109 = EDGE_CURVE ( 'NONE', #5718, #1345, #10579, .T. ) ;
#7110 = ORIENTED_EDGE ( 'NONE', *, *, #8632, .F. ) ;
#7111 = CIRCLE ( 'NONE', #8787, 0.2500000000000002220 ) ;
#7112 = ADVANCED_FACE ( 'NONE', ( #5130 ), #5939, .T. ) ;
#7113 = DIRECTION ( 'NONE',  ( 1.344388829456166400E-31, -1.000000000000000000, -3.111048790438772381E-16 ) ) ;
#7114 = EDGE_CURVE ( 'NONE', #10534, #431, #633, .T. ) ;
#7115 = DIRECTION ( 'NONE',  ( -3.583126979299020263E-32, 1.000000000000000000, 3.111048790438776325E-16 ) ) ;
#7116 = EDGE_CURVE ( 'NONE', #2780, #10112, #6301, .T. ) ;
#7117 = ORIENTED_EDGE ( 'NONE', *, *, #2970, .F. ) ;
#7118 = CIRCLE ( 'NONE', #2818, 0.2500000000000002220 ) ;
#7119 = CARTESIAN_POINT ( 'NONE',  ( -1.540743955509788682E-30, 1.095000000000012630, 0.000000000000000000 ) ) ;
#7120 = CIRCLE ( 'NONE', #2093, 0.2500000000000004441 ) ;
#7121 = CARTESIAN_POINT ( 'NONE',  ( 3.134829422890334101E-15, -23.40500000000000469, -13.30114218134570336 ) ) ;
#7122 = VERTEX_POINT ( 'NONE', #6687 ) ;
#7123 = VERTEX_POINT ( 'NONE', #2262 ) ;
#7124 = VERTEX_POINT ( 'NONE', #5833 ) ;
#7125 = DIRECTION ( 'NONE',  ( -1.120801499359495711E-31, -1.000000000000000000, -3.111048790438776325E-16 ) ) ;
#7126 = ORIENTED_EDGE ( 'NONE', *, *, #200, .F. ) ;
#7127 = CYLINDRICAL_SURFACE ( 'NONE', #2347, 17.00000000000000355 ) ;
#7128 = CARTESIAN_POINT ( 'NONE',  ( -16.79070179011731767, 1.095000000000040385, 2.659385905684000129 ) ) ;
#7129 = DIRECTION ( 'NONE',  ( 1.837426895219299873E-31, -1.000000000000000000, -3.111048790438776325E-16 ) ) ;
#7130 = CARTESIAN_POINT ( 'NONE',  ( -1.540743955509788682E-30, 39.99999999999997868, 1.387778780781445676E-14 ) ) ;
#7131 = CYLINDRICAL_SURFACE ( 'NONE', #4832, 12.00000000000000711 ) ;
#7132 = EDGE_LOOP ( 'NONE', ( #651, #1467, #938, #2101 ) ) ;
#7133 = ORIENTED_EDGE ( 'NONE', *, *, #9174, .T. ) ;
#7134 = ORIENTED_EDGE ( 'NONE', *, *, #11098, .T. ) ;
#7135 = DIRECTION ( 'NONE',  ( -1.110223024625156540E-16, -3.061276722312011998E-16, 1.000000000000000000 ) ) ;
#7136 = DIRECTION ( 'NONE',  ( 0.000000000000000000, 0.000000000000000000, 1.000000000000000000 ) ) ;
#7137 = DIRECTION ( 'NONE',  ( 1.590907862337733465E-31, -1.000000000000000000, -3.111048790438776325E-16 ) ) ;
#7138 = DIRECTION ( 'NONE',  ( 3.583126979299020263E-32, -1.000000000000000000, -3.111048790438776325E-16 ) ) ;
#7139 = CARTESIAN_POINT ( 'NONE',  ( 12.63346203311578719, 94.12768161796608979, 11.12522030810051632 ) ) ;
#7140 = ADVANCED_FACE ( 'NONE', ( #9368 ), #7624, .F. ) ;
#7141 = FACE_OUTER_BOUND ( 'NONE', #2055, .T. ) ;
#7142 = DIRECTION ( 'NONE',  ( 0.000000000000000000, 0.000000000000000000, -1.000000000000000000 ) ) ;
#7143 = ORIENTED_EDGE ( 'NONE', *, *, #8816, .T. ) ;
#7144 = ORIENTED_EDGE ( 'NONE', *, *, #9249, .T. ) ;
#7145 = EDGE_CURVE ( 'NONE', #9831, #6234, #343, .T. ) ;
#7146 = ORIENTED_EDGE ( 'NONE', *, *, #5134, .F. ) ;
#7147 = ORIENTED_EDGE ( 'NONE', *, *, #10237, .F. ) ;
#7148 = DIRECTION ( 'NONE',  ( 0.000000000000000000, 0.000000000000000000, 1.000000000000000000 ) ) ;
#7149 = CARTESIAN_POINT ( 'NONE',  ( -16.87891264663058166, 94.12768161796614663, -2.025415480195059903 ) ) ;
#7150 = DIRECTION ( 'NONE',  ( 5.016390682794327027E-33, -1.000000000000000000, -3.111048790438772381E-16 ) ) ;
#7151 = LINE ( 'NONE', #7028, #9857 ) ;
#7152 = ORIENTED_EDGE ( 'NONE', *, *, #3474, .F. ) ;
#7153 = CYLINDRICAL_SURFACE ( 'NONE', #6644, 12.50000000000000533 ) ;
#7154 = DIRECTION ( 'NONE',  ( 0.000000000000000000, 0.000000000000000000, 1.000000000000000000 ) ) ;
#7155 = CARTESIAN_POINT ( 'NONE',  ( -1.540743955509788682E-30, -3.904999999999991811, 6.938893903907228378E-15 ) ) ;
#7156 = FACE_OUTER_BOUND ( 'NONE', #8124, .T. ) ;
#7157 = ADVANCED_FACE ( 'NONE', ( #5243, #1615 ), #61, .T. ) ;
#7158 = ORIENTED_EDGE ( 'NONE', *, *, #7809, .T. ) ;
#7159 = ORIENTED_EDGE ( 'NONE', *, *, #11305, .T. ) ;
#7160 = FACE_OUTER_BOUND ( 'NONE', #2655, .T. ) ;
#7161 = ORIENTED_EDGE ( 'NONE', *, *, #10885, .T. ) ;
#7162 = FACE_OUTER_BOUND ( 'NONE', #10785, .T. ) ;
#7163 = CIRCLE ( 'NONE', #2519, 17.00000000000000355 ) ;
#7164 = EDGE_CURVE ( 'NONE', #6389, #6041, #3332, .T. ) ;
#7165 = FACE_OUTER_BOUND ( 'NONE', #3450, .T. ) ;
#7166 = ORIENTED_EDGE ( 'NONE', *, *, #6538, .F. ) ;
#7167 = EDGE_CURVE ( 'NONE', #4734, #6203, #9829, .T. ) ;
#7168 = DIRECTION ( 'NONE',  ( -1.110223024625156540E-16, -3.061276722312011998E-16, 1.000000000000000000 ) ) ;
#7169 = EDGE_CURVE ( 'NONE', #3047, #8283, #10529, .T. ) ;
#7170 = CIRCLE ( 'NONE', #1588, 17.00000000000000000 ) ;
#7171 = DIRECTION ( 'NONE',  ( -1.110223024625156540E-16, -3.061276722312011998E-16, 1.000000000000000000 ) ) ;
#7172 = VERTEX_POINT ( 'NONE', #8798 ) ;
#7173 = VERTEX_POINT ( 'NONE', #1789 ) ;
#7174 = ORIENTED_EDGE ( 'NONE', *, *, #5770, .T. ) ;
#7175 = DIRECTION ( 'NONE',  ( 0.000000000000000000, 0.000000000000000000, -1.000000000000000000 ) ) ;
#7176 = VERTEX_POINT ( 'NONE', #6062 ) ;
#7177 = ORIENTED_EDGE ( 'NONE', *, *, #2040, .T. ) ;
#7178 = EDGE_CURVE ( 'NONE', #3917, #7538, #11337, .T. ) ;
#7179 = DIRECTION ( 'NONE',  ( -3.583126979299020263E-32, 1.000000000000000000, 3.111048790438776325E-16 ) ) ;
#7180 = DIRECTION ( 'NONE',  ( -3.583126979299020263E-32, 1.000000000000000000, 3.111048790438776325E-16 ) ) ;
#7181 = AXIS2_PLACEMENT_3D ( 'NONE', #1015, #3689, #3751 ) ;
#7182 = FACE_OUTER_BOUND ( 'NONE', #981, .T. ) ;
#7183 = ADVANCED_FACE ( 'NONE', ( #4472 ), #9603, .F. ) ;
#7184 = EDGE_CURVE ( 'NONE', #9274, #7513, #2766, .T. ) ;
#7185 = AXIS2_PLACEMENT_3D ( 'NONE', #4829, #8329, #9792 ) ;
#7186 = CARTESIAN_POINT ( 'NONE',  ( -1.540743955509788682E-30, 1.095000000000012630, 0.000000000000000000 ) ) ;
#7187 = ORIENTED_EDGE ( 'NONE', *, *, #1941, .T. ) ;
#7188 = ORIENTED_EDGE ( 'NONE', *, *, #3040, .T. ) ;
#7189 = ORIENTED_EDGE ( 'NONE', *, *, #535, .T. ) ;
#7190 = FACE_OUTER_BOUND ( 'NONE', #3699, .T. ) ;
#7191 = DIRECTION ( 'NONE',  ( -3.583126979299020263E-32, 1.000000000000000000, 3.111048790438776325E-16 ) ) ;
#7192 = DIRECTION ( 'NONE',  ( 2.330464960982432251E-31, -1.000000000000000000, -3.111048790438776325E-16 ) ) ;
#7193 = DIRECTION ( 'NONE',  ( 0.000000000000000000, 0.000000000000000000, 1.000000000000000000 ) ) ;
#7194 = DIRECTION ( 'NONE',  ( -7.850462293418869671E-17, 0.7071067811865480168, 0.7071067811865470176 ) ) ;
#7195 = EDGE_CURVE ( 'NONE', #11492, #7574, #10761, .T. ) ;
#7196 = DIRECTION ( 'NONE',  ( 0.000000000000000000, 0.000000000000000000, -1.000000000000000000 ) ) ;
#7197 = DIRECTION ( 'NONE',  ( -3.583126979299020263E-32, 1.000000000000000000, 3.111048790438776325E-16 ) ) ;
#7198 = ORIENTED_EDGE ( 'NONE', *, *, #4256, .T. ) ;
#7199 = VERTEX_POINT ( 'NONE', #6178 ) ;
#7200 = EDGE_LOOP ( 'NONE', ( #6167, #4462, #6137, #1812 ) ) ;
#7201 = EDGE_LOOP ( 'NONE', ( #7146, #5207, #4181, #4646 ) ) ;
#7202 = DIRECTION ( 'NONE',  ( -3.583126979299020263E-32, 1.000000000000000000, 3.111048790438776325E-16 ) ) ;
#7203 = PRODUCT ( 'nikon_mrh08230_20x0.45_air_objective', 'nikon_mrh08230_20x0.45_air_objective', '', ( #9654 ) ) ;
#7204 = DIRECTION ( 'NONE',  ( -1.110223024625156540E-16, -2.560261641066388300E-16, 1.000000000000000000 ) ) ;
#7205 = CARTESIAN_POINT ( 'NONE',  ( 16.42073904691418562, 1.095000000000012630, 4.149923766742690034 ) ) ;
#7206 = DIRECTION ( 'NONE',  ( 0.000000000000000000, 0.000000000000000000, -1.000000000000000000 ) ) ;
#7207 = EDGE_CURVE ( 'NONE', #7172, #10992, #9149, .T. ) ;
#7208 = ORIENTED_EDGE ( 'NONE', *, *, #6474, .F. ) ;
#7209 = AXIS2_PLACEMENT_3D ( 'NONE', #9346, #9396, #4753 ) ;
#7210 = FACE_OUTER_BOUND ( 'NONE', #2716, .T. ) ;
#7211 = CARTESIAN_POINT ( 'NONE',  ( 11.37522030810068507, 1.095000000000040385, 12.63346203311560600 ) ) ;
#7212 = FACE_OUTER_BOUND ( 'NONE', #225, .T. ) ;
#7213 = ORIENTED_EDGE ( 'NONE', *, *, #8349, .F. ) ;
#7214 = CARTESIAN_POINT ( 'NONE',  ( 2.976959025309943389E-15, 23.29500000000001236, -12.74999999999997158 ) ) ;
#7215 = DIRECTION ( 'NONE',  ( 2.330464960982432251E-31, -1.000000000000000000, -3.111048790438776325E-16 ) ) ;
#7216 = VERTEX_POINT ( 'NONE', #3604 ) ;
#7217 = DIRECTION ( 'NONE',  ( -3.583126979299020263E-32, 1.000000000000000000, 3.111048790438776325E-16 ) ) ;
#7218 = CIRCLE ( 'NONE', #5742, 0.2500000000000002220 ) ;
#7219 = DIRECTION ( 'NONE',  ( -1.110223024625156540E-16, -4.081702296416015997E-16, 1.000000000000000000 ) ) ;
#7220 = CYLINDRICAL_SURFACE ( 'NONE', #9645, 0.2500000000000002220 ) ;
#7221 = ADVANCED_FACE ( 'NONE', ( #5179 ), #7153, .T. ) ;
#7222 = DIRECTION ( 'NONE',  ( 0.000000000000000000, 0.000000000000000000, -1.000000000000000000 ) ) ;
#7223 = LINE ( 'NONE', #1872, #1100 ) ;
#7224 = AXIS2_PLACEMENT_3D ( 'NONE', #7328, #2900, #328 ) ;
#7225 = VERTEX_POINT ( 'NONE', #7031 ) ;
#7226 = ORIENTED_EDGE ( 'NONE', *, *, #2735, .F. ) ;
#7227 = VERTEX_POINT ( 'NONE', #4240 ) ;
#7228 = DIRECTION ( 'NONE',  ( -3.583126979299020263E-32, 1.000000000000000000, 3.111048790438776325E-16 ) ) ;
#7229 = VERTEX_POINT ( 'NONE', #8727 ) ;
#7230 = CIRCLE ( 'NONE', #6863, 0.2500000000000004441 ) ;
#7231 = ORIENTED_EDGE ( 'NONE', *, *, #5390, .F. ) ;
#7232 = ORIENTED_EDGE ( 'NONE', *, *, #4551, .T. ) ;
#7233 = CARTESIAN_POINT ( 'NONE',  ( 4.399923766742972475, 94.12768161796614663, 16.42073904691415009 ) ) ;
#7234 = CARTESIAN_POINT ( 'NONE',  ( -1.540743955509788682E-30, 39.99999999999997868, 1.387778780781445676E-14 ) ) ;
#7235 = DIRECTION ( 'NONE',  ( 3.583126979299020263E-32, -1.000000000000000000, -3.111048790438776325E-16 ) ) ;
#7236 = CIRCLE ( 'NONE', #4642, 7.999999999999991118 ) ;
#7237 = CIRCLE ( 'NONE', #6869, 0.2500000000000002220 ) ;
#7238 = EDGE_CURVE ( 'NONE', #4732, #7382, #10553, .T. ) ;
#7239 = DIRECTION ( 'NONE',  ( -3.583126979299020263E-32, 1.000000000000000000, 3.111048790438776325E-16 ) ) ;
#7240 = CIRCLE ( 'NONE', #533, 0.2500000000000002220 ) ;
#7241 = VERTEX_POINT ( 'NONE', #7800 ) ;
#7242 = VERTEX_POINT ( 'NONE', #6282 ) ;
#7243 = CIRCLE ( 'NONE', #2972, 17.00000000000000355 ) ;
#7244 = ORIENTED_EDGE ( 'NONE', *, *, #10212, .F. ) ;
#7245 = FACE_OUTER_BOUND ( 'NONE', #9429, .T. ) ;
#7246 = FACE_OUTER_BOUND ( 'NONE', #10788, .T. ) ;
#7247 = EDGE_CURVE ( 'NONE', #4488, #6358, #9822, .T. ) ;
#7248 = DIRECTION ( 'NONE',  ( -3.583126979299020263E-32, 1.000000000000000000, 3.111048790438776325E-16 ) ) ;
#7249 = ADVANCED_FACE ( 'NONE', ( #11428 ), #3437, .F. ) ;
#7250 = LINE ( 'NONE', #1070, #2023 ) ;
#7251 = CIRCLE ( 'NONE', #760, 0.2500000000000006661 ) ;
#7252 = VERTEX_POINT ( 'NONE', #3383 ) ;
#7253 = CARTESIAN_POINT ( 'NONE',  ( -1.540743955509788682E-30, 1.095000000000012630, 0.000000000000000000 ) ) ;
#7254 = EDGE_CURVE ( 'NONE', #10596, #2774, #9990, .T. ) ;
#7255 = CIRCLE ( 'NONE', #6693, 0.2500000000000002220 ) ;
#7256 = DIRECTION ( 'NONE',  ( -1.110223024625156540E-16, -3.061276722312011998E-16, 1.000000000000000000 ) ) ;
#7257 = VECTOR ( 'NONE', #9264, 1000.000000000000000 ) ;
#7258 = CIRCLE ( 'NONE', #4096, 17.00000000000000000 ) ;
#7259 = DIRECTION ( 'NONE',  ( -1.110223024625156540E-16, -3.061276722312011998E-16, 1.000000000000000000 ) ) ;
#7260 = ORIENTED_EDGE ( 'NONE', *, *, #7575, .F. ) ;
#7261 = VERTEX_POINT ( 'NONE', #1147 ) ;
#7262 = ORIENTED_EDGE ( 'NONE', *, *, #9077, .F. ) ;
#7263 = FACE_OUTER_BOUND ( 'NONE', #8066, .T. ) ;
#7264 = DIRECTION ( 'NONE',  ( -3.583126979299020263E-32, 1.000000000000000000, 3.111048790438776325E-16 ) ) ;
#7265 = CARTESIAN_POINT ( 'NONE',  ( 16.62850921247464342, 1.095000000000012630, -3.534498743902096507 ) ) ;
#7266 = AXIS2_PLACEMENT_3D ( 'NONE', #4957, #304, #2277 ) ;
#7267 = AXIS2_PLACEMENT_3D ( 'NONE', #9600, #6862, #10404 ) ;
#7268 = ORIENTED_EDGE ( 'NONE', *, *, #10984, .T. ) ;
#7269 = DIRECTION ( 'NONE',  ( -1.347253678332314469E-32, -1.000000000000000000, -3.111048790438772381E-16 ) ) ;
#7270 = AXIS2_PLACEMENT_3D ( 'NONE', #1803, #8911, #8053 ) ;
#7271 = DIRECTION ( 'NONE',  ( 3.583126979299020263E-32, -1.000000000000000000, -3.111048790438776325E-16 ) ) ;
#7272 = ADVANCED_FACE ( 'NONE', ( #166 ), #7402, .T. ) ;
#7273 = CIRCLE ( 'NONE', #7088, 0.2500000000000002220 ) ;
#7274 = CYLINDRICAL_SURFACE ( 'NONE', #9674, 17.00000000000000355 ) ;
#7275 = AXIS2_PLACEMENT_3D ( 'NONE', #2301, #10328, #8364 ) ;
#7276 = ORIENTED_EDGE ( 'NONE', *, *, #4606, .F. ) ;
#7277 = FACE_OUTER_BOUND ( 'NONE', #10450, .T. ) ;
#7279 = CIRCLE ( 'NONE', #187, 0.2500000000000002220 ) ;
#7278 = DIRECTION ( 'NONE',  ( -1.120801499359495711E-31, -1.000000000000000000, -3.111048790438776325E-16 ) ) ;
#7280 = CARTESIAN_POINT ( 'NONE',  ( -15.42691205650421793, -3.904999999999991811, 7.142155445023910865 ) ) ;
#7281 = EDGE_LOOP ( 'NONE', ( #7917, #9647, #8756, #613 ) ) ;
#7282 = DIRECTION ( 'NONE',  ( -3.583126979299015884E-32, 1.000000000000000000, 3.111048790438772381E-16 ) ) ;
#7283 = CIRCLE ( 'NONE', #957, 0.2500000000000004996 ) ;
#7284 = AXIS2_PLACEMENT_3D ( 'NONE', #9589, #7906, #4400 ) ;
#7285 = AXIS2_PLACEMENT_3D ( 'NONE', #1429, #8544, #563 ) ;
#7286 = DIRECTION ( 'NONE',  ( 3.583126979299020263E-32, -1.000000000000000000, -3.111048790438776325E-16 ) ) ;
#7287 = CARTESIAN_POINT ( 'NONE',  ( 1.887379141862760202E-15, 128.2662312819925035, -16.99999999999995381 ) ) ;
#7288 = AXIS2_PLACEMENT_3D ( 'NONE', #1612, #5240, #8723 ) ;
#7289 = DIRECTION ( 'NONE',  ( -1.110223024625156540E-16, -4.081702296416015997E-16, 1.000000000000000000 ) ) ;
#7290 = EDGE_CURVE ( 'NONE', #2076, #9437, #882, .T. ) ;
#7291 = FACE_OUTER_BOUND ( 'NONE', #1339, .T. ) ;
#7292 = CIRCLE ( 'NONE', #7662, 17.00000000000000355 ) ;
#7293 = AXIS2_PLACEMENT_3D ( 'NONE', #184, #9199, #297 ) ;
#7294 = VERTEX_POINT ( 'NONE', #2852 ) ;
#7295 = ORIENTED_EDGE ( 'NONE', *, *, #4394, .T. ) ;
#7296 = EDGE_LOOP ( 'NONE', ( #7126, #7670, #5867, #2110 ) ) ;
#7297 = ADVANCED_FACE ( 'NONE', ( #283 ), #2385, .T. ) ;
#7298 = ORIENTED_EDGE ( 'NONE', *, *, #5236, .T. ) ;
#7299 = CIRCLE ( 'NONE', #966, 0.2500000000000002220 ) ;
#7300 = DIRECTION ( 'NONE',  ( 0.000000000000000000, 0.000000000000000000, -1.000000000000000000 ) ) ;
#7301 = ORIENTED_EDGE ( 'NONE', *, *, #1267, .F. ) ;
#7302 = CARTESIAN_POINT ( 'NONE',  ( 6.914522932288711843, 1.095000000000012630, 15.53027277992415733 ) ) ;
#7303 = CARTESIAN_POINT ( 'NONE',  ( 12.46481782867079957, -3.904999999999963833, 11.55977147257032023 ) ) ;
#7304 = DIRECTION ( 'NONE',  ( 0.000000000000000000, 0.000000000000000000, 1.000000000000000000 ) ) ;
#7305 = CIRCLE ( 'NONE', #10266, 0.2500000000000002220 ) ;
#7306 = FACE_OUTER_BOUND ( 'NONE', #6573, .T. ) ;
#7307 = ORIENTED_EDGE ( 'NONE', *, *, #989, .F. ) ;
#7308 = ORIENTED_EDGE ( 'NONE', *, *, #9615, .F. ) ;
#7309 = AXIS2_PLACEMENT_3D ( 'NONE', #6051, #5119, #7020 ) ;
#7310 = ORIENTED_EDGE ( 'NONE', *, *, #542, .F. ) ;
#7311 = DIRECTION ( 'NONE',  ( 0.000000000000000000, 0.000000000000000000, -1.000000000000000000 ) ) ;
#7312 = FACE_OUTER_BOUND ( 'NONE', #1219, .T. ) ;
#7313 = DIRECTION ( 'NONE',  ( 1.837426895219299873E-31, -1.000000000000000000, -3.111048790438776325E-16 ) ) ;
#7314 = DIRECTION ( 'NONE',  ( -3.583126979299020263E-32, 1.000000000000000000, 3.111048790438776325E-16 ) ) ;
#7315 = ORIENTED_EDGE ( 'NONE', *, *, #8816, .F. ) ;
#7316 = ADVANCED_FACE ( 'NONE', ( #10756 ), #3820, .F. ) ;
#7317 = FACE_OUTER_BOUND ( 'NONE', #2471, .T. ) ;
#7318 = DIRECTION ( 'NONE',  ( -3.583126979299020263E-32, 1.000000000000000000, 3.111048790438776325E-16 ) ) ;
#7319 = EDGE_CURVE ( 'NONE', #3171, #5677, #1266, .T. ) ;
#7320 = CARTESIAN_POINT ( 'NONE',  ( 9.258863595255563794, 1.095000000000012630, 14.25739965507213292 ) ) ;
#7321 = ORIENTED_EDGE ( 'NONE', *, *, #413, .T. ) ;
#7322 = ORIENTED_EDGE ( 'NONE', *, *, #6193, .F. ) ;
#7323 = EDGE_LOOP ( 'NONE', ( #4436, #6777, #11245, #8797 ) ) ;
#7324 = DIRECTION ( 'NONE',  ( -1.110223024625156540E-16, -3.061276722312011998E-16, 1.000000000000000000 ) ) ;
#7325 = DIRECTION ( 'NONE',  ( -1.110223024625156540E-16, -4.081702296416015997E-16, 1.000000000000000000 ) ) ;
#7326 = CARTESIAN_POINT ( 'NONE',  ( -4.399923766742857900, -3.904999999999936300, -16.42073904691415365 ) ) ;
#7327 = ORIENTED_EDGE ( 'NONE', *, *, #10337, .F. ) ;
#7328 = CARTESIAN_POINT ( 'NONE',  ( -1.540743955509788682E-30, 39.99999999999997868, 1.387778780781445676E-14 ) ) ;
#7329 = EDGE_CURVE ( 'NONE', #6332, #3839, #6397, .T. ) ;
#7330 = DIRECTION ( 'NONE',  ( -3.583126979299020263E-32, 1.000000000000000000, 3.111048790438776325E-16 ) ) ;
#7331 = EDGE_CURVE ( 'NONE', #5298, #3116, #7218, .T. ) ;
#7332 = DIRECTION ( 'NONE',  ( 1.097869796574599992E-31, -1.000000000000000000, -3.111048790438772381E-16 ) ) ;
#7333 = ORIENTED_EDGE ( 'NONE', *, *, #4509, .T. ) ;
#7334 = DIRECTION ( 'NONE',  ( -6.277634335963632232E-32, -1.000000000000000000, -3.111048790438776325E-16 ) ) ;
#7335 = FACE_OUTER_BOUND ( 'NONE', #10101, .T. ) ;
#7336 = CARTESIAN_POINT ( 'NONE',  ( -1.540743955509788682E-30, -3.904999999999991811, 6.938893903907228378E-15 ) ) ;
#7337 = ORIENTED_EDGE ( 'NONE', *, *, #3748, .F. ) ;
#7338 = DIRECTION ( 'NONE',  ( -1.110223024625156540E-16, -3.061276722312011998E-16, 1.000000000000000000 ) ) ;
#7339 = DIRECTION ( 'NONE',  ( -1.110223024625156540E-16, -4.336808689942022666E-16, 1.000000000000000000 ) ) ;
#7340 = DIRECTION ( 'NONE',  ( 1.097869796574599992E-31, -1.000000000000000000, -3.111048790438772381E-16 ) ) ;
#7341 = CYLINDRICAL_SURFACE ( 'NONE', #10759, 17.00000000000000355 ) ;
#7342 = DIRECTION ( 'NONE',  ( 5.432019725910767229E-32, -1.000000000000000000, -3.111048790438776325E-16 ) ) ;
#7343 = CARTESIAN_POINT ( 'NONE',  ( -1.540743955509788682E-30, -3.904999999999991811, 6.938893903907228378E-15 ) ) ;
#7344 = ORIENTED_EDGE ( 'NONE', *, *, #5016, .F. ) ;
#7345 = VERTEX_POINT ( 'NONE', #6341 ) ;
#7346 = CIRCLE ( 'NONE', #2318, 17.00000000000000000 ) ;
#7347 = CARTESIAN_POINT ( 'NONE',  ( 11.84274353507924360, 94.12768161796608979, 12.19628736797962532 ) ) ;
#7348 = ORIENTED_EDGE ( 'NONE', *, *, #652, .F. ) ;
#7349 = VERTEX_POINT ( 'NONE', #10934 ) ;
#7350 = EDGE_CURVE ( 'NONE', #11142, #11032, #8143, .T. ) ;
#7351 = FACE_OUTER_BOUND ( 'NONE', #8156, .T. ) ;
#7352 = CARTESIAN_POINT ( 'NONE',  ( -5.858207580457992947, 94.12768161796620348, -15.95874067538737684 ) ) ;
#7353 = FACE_OUTER_BOUND ( 'NONE', #2930, .T. ) ;
#7354 = AXIS2_PLACEMENT_3D ( 'NONE', #7326, #6337, #8265 ) ;
#7355 = CARTESIAN_POINT ( 'NONE',  ( -15.87086725045239177, 94.12768161796614663, 5.842255142270214030 ) ) ;
#7356 = ORIENTED_EDGE ( 'NONE', *, *, #10661, .T. ) ;
#7357 = ORIENTED_EDGE ( 'NONE', *, *, #2490, .T. ) ;
#7358 = ORIENTED_EDGE ( 'NONE', *, *, #4717, .T. ) ;
#7359 = CIRCLE ( 'NONE', #4755, 17.00000000000000355 ) ;
#7360 = CARTESIAN_POINT ( 'NONE',  ( -9.992349288972050658, 94.12768161796608979, -13.75328890437405072 ) ) ;
#7361 = CARTESIAN_POINT ( 'NONE',  ( 9.789020020369395780, 1.095000000000012630, 13.89874408141997897 ) ) ;
#7362 = CARTESIAN_POINT ( 'NONE',  ( -1.540743955509788682E-30, 39.99999999999997868, 1.387778780781445676E-14 ) ) ;
#7363 = DIRECTION ( 'NONE',  ( -3.583126979299020263E-32, 1.000000000000000000, 3.111048790438776325E-16 ) ) ;
#7364 = ORIENTED_EDGE ( 'NONE', *, *, #4476, .F. ) ;
#7365 = CYLINDRICAL_SURFACE ( 'NONE', #11203, 0.2500000000000002220 ) ;
#7366 = DIRECTION ( 'NONE',  ( -3.583126979299020263E-32, 1.000000000000000000, 3.111048790438776325E-16 ) ) ;
#7367 = DIRECTION ( 'NONE',  ( -1.120801499359495711E-31, -1.000000000000000000, -3.111048790438776325E-16 ) ) ;
#7368 = DIRECTION ( 'NONE',  ( -1.110223024625156540E-16, -4.081702296416015997E-16, 1.000000000000000000 ) ) ;
#7369 = DIRECTION ( 'NONE',  ( 3.583126979299020263E-32, -1.000000000000000000, -3.111048790438776325E-16 ) ) ;
#7370 = VERTEX_POINT ( 'NONE', #4539 ) ;
#7371 = EDGE_LOOP ( 'NONE', ( #2255, #2355, #9987, #3730 ) ) ;
#7372 = ORIENTED_EDGE ( 'NONE', *, *, #692, .T. ) ;
#7373 = CARTESIAN_POINT ( 'NONE',  ( 0.000000000000000000, -23.40500000000000824, 0.000000000000000000 ) ) ;
#7374 = CARTESIAN_POINT ( 'NONE',  ( 15.87086725045246816, 1.095000000000012630, 6.092255142269957346 ) ) ;
#7375 = DIRECTION ( 'NONE',  ( -3.583126979299020263E-32, 1.000000000000000000, 3.111048790438776325E-16 ) ) ;
#7376 = DIRECTION ( 'NONE',  ( 0.000000000000000000, 0.000000000000000000, -1.000000000000000000 ) ) ;
#7377 = EDGE_CURVE ( 'NONE', #11041, #1228, #5928, .T. ) ;
#7378 = DIRECTION ( 'NONE',  ( -1.110223024625156540E-16, -3.061276722312012491E-16, 1.000000000000000000 ) ) ;
#7379 = DIRECTION ( 'NONE',  ( -3.583126979299020263E-32, 1.000000000000000000, 3.111048790438776325E-16 ) ) ;
#7380 = DIRECTION ( 'NONE',  ( 2.330464960982432251E-31, -1.000000000000000000, -3.111048790438776325E-16 ) ) ;
#7381 = EDGE_CURVE ( 'NONE', #334, #10343, #8315, .T. ) ;
#7382 = VERTEX_POINT ( 'NONE', #1204 ) ;
#7383 = CARTESIAN_POINT ( 'NONE',  ( 5.253288904374220358, 94.12768161796614663, 16.16796077701759060 ) ) ;
#7384 = ORIENTED_EDGE ( 'NONE', *, *, #3543, .T. ) ;
#7385 = EDGE_CURVE ( 'NONE', #2945, #1843, #4652, .T. ) ;
#7386 = CARTESIAN_POINT ( 'NONE',  ( 13.60485940014282313, 94.12768161796608979, -10.19351758238266292 ) ) ;
#7387 = CYLINDRICAL_SURFACE ( 'NONE', #11381, 0.2500000000000002220 ) ;
#7388 = ORIENTED_EDGE ( 'NONE', *, *, #11112, .T. ) ;
#7389 = PLANE ( 'NONE',  #9455 ) ;
#7390 = DIRECTION ( 'NONE',  ( -3.583126979299020263E-32, 1.000000000000000000, 3.111048790438776325E-16 ) ) ;
#7391 = EDGE_CURVE ( 'NONE', #5032, #5524, #9074, .T. ) ;
#7392 = ADVANCED_FACE ( 'NONE', ( #3774 ), #4764, .T. ) ;
#7393 = CARTESIAN_POINT ( 'NONE',  ( -4.157973067892727137, 1.095000000000012630, 16.48366646006522274 ) ) ;
#7394 = EDGE_CURVE ( 'NONE', #2932, #9838, #3866, .T. ) ;
#7395 = CARTESIAN_POINT ( 'NONE',  ( -1.887379141862763358E-15, 1.095000000000012630, 16.99999999999999289 ) ) ;
#7396 = EDGE_CURVE ( 'NONE', #7039, #5860, #4623, .T. ) ;
#7397 = CARTESIAN_POINT ( 'NONE',  ( 15.14711091120231323, 94.12768161796608979, 7.717838495572185487 ) ) ;
#7398 = DIRECTION ( 'NONE',  ( -1.110223024625156540E-16, -3.061276722312011998E-16, 1.000000000000000000 ) ) ;
#7399 = ORIENTED_EDGE ( 'NONE', *, *, #3329, .T. ) ;
#7400 = ORIENTED_EDGE ( 'NONE', *, *, #2782, .T. ) ;
#7401 = DIRECTION ( 'NONE',  ( 3.583126979299020263E-32, -1.000000000000000000, -3.111048790438776325E-16 ) ) ;
#7402 = CONICAL_SURFACE ( 'NONE', #2376, 13.55114218134571757, 0.7853981633974482790 ) ;
#7403 = ORIENTED_EDGE ( 'NONE', *, *, #3059, .T. ) ;
#7404 = ORIENTED_EDGE ( 'NONE', *, *, #8726, .F. ) ;
#7405 = CARTESIAN_POINT ( 'NONE',  ( -1.540743955509788682E-30, -3.904999999999991811, 6.938893903907228378E-15 ) ) ;
#7406 = VERTEX_POINT ( 'NONE', #9893 ) ;
#7407 = EDGE_CURVE ( 'NONE', #5536, #7538, #11133, .T. ) ;
#7408 = AXIS2_PLACEMENT_3D ( 'NONE', #8516, #7536, #4744 ) ;
#7409 = DIRECTION ( 'NONE',  ( -1.110223024625156540E-16, -3.061276722312011998E-16, 1.000000000000000000 ) ) ;
#7410 = CIRCLE ( 'NONE', #10950, 17.00000000000000355 ) ;
#7411 = AXIS2_PLACEMENT_3D ( 'NONE', #6577, #2097, #3141 ) ;
#7412 = ADVANCED_FACE ( 'NONE', ( #7210 ), #9290, .F. ) ;
#7413 = ADVANCED_FACE ( 'NONE', ( #1426 ), #3302, .T. ) ;
#7414 = ORIENTED_EDGE ( 'NONE', *, *, #4176, .T. ) ;
#7415 = LINE ( 'NONE', #5851, #744 ) ;
#7416 = VERTEX_POINT ( 'NONE', #11061 ) ;
#7417 = ORIENTED_EDGE ( 'NONE', *, *, #9564, .F. ) ;
#7418 = DIRECTION ( 'NONE',  ( -3.583126979299020263E-32, 1.000000000000000000, 3.111048790438776325E-16 ) ) ;
#7419 = DIRECTION ( 'NONE',  ( -8.742824664779303976E-32, -1.000000000000000000, -3.111048790438772381E-16 ) ) ;
#7420 = AXIS2_PLACEMENT_3D ( 'NONE', #1828, #5395, #962 ) ;
#7421 = CIRCLE ( 'NONE', #4816, 0.2500000000000002220 ) ;
#7422 = DIRECTION ( 'NONE',  ( -3.583126979299020263E-32, 1.000000000000000000, 3.111048790438776325E-16 ) ) ;
#7423 = CARTESIAN_POINT ( 'NONE',  ( -1.540743955509788682E-30, 1.095000000000012630, 0.000000000000000000 ) ) ;
#7424 = VERTEX_POINT ( 'NONE', #5871 ) ;
#7425 = LINE ( 'NONE', #3808, #10244 ) ;
#7426 = AXIS2_PLACEMENT_3D ( 'NONE', #8281, #8333, #11023 ) ;
#7427 = DIRECTION ( 'NONE',  ( -1.110223024625156540E-16, -3.061276722312012491E-16, 1.000000000000000000 ) ) ;
#7428 = VECTOR ( 'NONE', #2582, 1000.000000000000000 ) ;
#7429 = DIRECTION ( 'NONE',  ( -3.583126979299020263E-32, 1.000000000000000000, 3.111048790438776325E-16 ) ) ;
#7430 = ORIENTED_EDGE ( 'NONE', *, *, #3615, .T. ) ;
#7431 = ORIENTED_EDGE ( 'NONE', *, *, #1888, .T. ) ;
#7432 = ORIENTED_EDGE ( 'NONE', *, *, #84, .F. ) ;
#7433 = CARTESIAN_POINT ( 'NONE',  ( -1.540743955509788682E-30, 1.095000000000012630, 0.000000000000000000 ) ) ;
#7434 = DIRECTION ( 'NONE',  ( 0.000000000000000000, 0.000000000000000000, 1.000000000000000000 ) ) ;
#7435 = CARTESIAN_POINT ( 'NONE',  ( -4.399923766742857900, 1.095000000000068141, -16.42073904691415720 ) ) ;
#7436 = VECTOR ( 'NONE', #1621, 1000.000000000000000 ) ;
#7437 = ADVANCED_FACE ( 'NONE', ( #10388 ), #9406, .T. ) ;
#7438 = DIRECTION ( 'NONE',  ( 7.280912472522505984E-32, -1.000000000000000000, -3.111048790438772381E-16 ) ) ;
#7439 = VECTOR ( 'NONE', #11118, 1000.000000000000000 ) ;
#7440 = AXIS2_PLACEMENT_3D ( 'NONE', #11391, #702, #1529 ) ;
#7441 = VECTOR ( 'NONE', #5425, 1000.000000000000114 ) ;
#7442 = CARTESIAN_POINT ( 'NONE',  ( -5.014963156888811113, 94.12768161796614663, 16.24346467152400919 ) ) ;
#7443 = CARTESIAN_POINT ( 'NONE',  ( -3.289586263734512794, 1.095000000000012630, 16.67868766460507146 ) ) ;
#7444 = EDGE_LOOP ( 'NONE', ( #10981, #5399, #3309, #3456 ) ) ;
#7445 = CIRCLE ( 'NONE', #8933, 17.00000000000000355 ) ;
#7446 = DIRECTION ( 'NONE',  ( 3.583126979299020263E-32, -1.000000000000000000, -3.111048790438776325E-16 ) ) ;
#7447 = CARTESIAN_POINT ( 'NONE',  ( -1.540743955509788682E-30, 23.29500000000000881, 1.387778780781445676E-14 ) ) ;
#7448 = ADVANCED_FACE ( 'NONE', ( #6615 ), #5750, .F. ) ;
#7449 = ORIENTED_EDGE ( 'NONE', *, *, #5471, .F. ) ;
#7450 = EDGE_CURVE ( 'NONE', #10354, #4285, #518, .T. ) ;
#7451 = CARTESIAN_POINT ( 'NONE',  ( 0.000000000000000000, -27.40500000000001180, 0.000000000000000000 ) ) ;
#7452 = DIRECTION ( 'NONE',  ( -3.583126979299020263E-32, 1.000000000000000000, 3.111048790438776325E-16 ) ) ;
#7453 = VECTOR ( 'NONE', #6464, 1000.000000000000000 ) ;
#7454 = VECTOR ( 'NONE', #971, 1000.000000000000000 ) ;
#7455 = CARTESIAN_POINT ( 'NONE',  ( -13.21148134476843872, 94.12768161796608979, 10.44844664784734611 ) ) ;
#7456 = CIRCLE ( 'NONE', #8778, 0.2500000000000002220 ) ;
#7457 = EDGE_CURVE ( 'NONE', #10611, #2440, #4934, .T. ) ;
#7458 = AXIS2_PLACEMENT_3D ( 'NONE', #6021, #7640, #11206 ) ;
#7459 = CARTESIAN_POINT ( 'NONE',  ( -1.540743955509788682E-30, 39.99999999999997868, 1.387778780781445676E-14 ) ) ;
#7460 = AXIS2_PLACEMENT_3D ( 'NONE', #6276, #977, #8087 ) ;
#7461 = VECTOR ( 'NONE', #4756, 1000.000000000000000 ) ;
#7462 = DIRECTION ( 'NONE',  ( -1.110223024625156540E-16, -4.081702296416015997E-16, 1.000000000000000000 ) ) ;
#7463 = EDGE_CURVE ( 'NONE', #7653, #457, #8342, .T. ) ;
#7464 = ORIENTED_EDGE ( 'NONE', *, *, #2970, .T. ) ;
#7465 = VERTEX_POINT ( 'NONE', #10160 ) ;
#7466 = AXIS2_PLACEMENT_3D ( 'NONE', #10426, #5142, #4258 ) ;
#7467 = CARTESIAN_POINT ( 'NONE',  ( 6.914522932288407198, 94.12768161796620348, -15.53027277992427635 ) ) ;
#7468 = AXIS2_PLACEMENT_3D ( 'NONE', #3426, #1602, #726 ) ;
#7469 = ORIENTED_EDGE ( 'NONE', *, *, #10519, .F. ) ;
#7470 = CIRCLE ( 'NONE', #2632, 17.00000000000000000 ) ;
#7471 = EDGE_CURVE ( 'NONE', #7990, #8707, #9450, .T. ) ;
#7472 = ORIENTED_EDGE ( 'NONE', *, *, #211, .T. ) ;
#7473 = CARTESIAN_POINT ( 'NONE',  ( -1.540743955509788682E-30, 39.99999999999997868, 1.387778780781445676E-14 ) ) ;
#7474 = ORIENTED_EDGE ( 'NONE', *, *, #10814, .F. ) ;
#7475 = AXIS2_PLACEMENT_3D ( 'NONE', #2554, #4467, #9765 ) ;
#7476 = CARTESIAN_POINT ( 'NONE',  ( -15.87086725045239177, 1.095000000000012630, 6.092255142270179391 ) ) ;
#7477 = CIRCLE ( 'NONE', #8036, 17.00000000000000355 ) ;
#7478 = CIRCLE ( 'NONE', #9709, 0.2500000000000002220 ) ;
#7479 = EDGE_CURVE ( 'NONE', #2457, #4723, #6116, .T. ) ;
#7480 = VECTOR ( 'NONE', #1202, 1000.000000000000000 ) ;
#7481 = VERTEX_POINT ( 'NONE', #619 ) ;
#7482 = CARTESIAN_POINT ( 'NONE',  ( -14.72243186433540707, 94.12768161796608979, 8.500000000000104805 ) ) ;
#7483 = ADVANCED_FACE ( 'NONE', ( #11170 ), #8436, .T. ) ;
#7484 = VERTEX_POINT ( 'NONE', #6741 ) ;
#7485 = ORIENTED_EDGE ( 'NONE', *, *, #10077, .F. ) ;
#7486 = CARTESIAN_POINT ( 'NONE',  ( -1.540743955509788682E-30, 1.095000000000012630, 0.000000000000000000 ) ) ;
#7487 = LINE ( 'NONE', #6652, #6617 ) ;
#7488 = CIRCLE ( 'NONE', #7873, 17.00000000000000000 ) ;
#7489 = VECTOR ( 'NONE', #9148, 1000.000000000000000 ) ;
#7490 = DIRECTION ( 'NONE',  ( 3.583126979299020263E-32, -1.000000000000000000, -3.111048790438776325E-16 ) ) ;
#7491 = CARTESIAN_POINT ( 'NONE',  ( -1.540743955509788682E-30, 28.40500000000001535, 1.387778780781445676E-14 ) ) ;
#7492 = ORIENTED_EDGE ( 'NONE', *, *, #4176, .F. ) ;
#7493 = CARTESIAN_POINT ( 'NONE',  ( -11.18820910463688278, 1.095000000000012630, -12.79937408746693883 ) ) ;
#7494 = CIRCLE ( 'NONE', #2063, 0.2500000000000002220 ) ;
#7495 = DIRECTION ( 'NONE',  ( -1.110223024625156540E-16, -3.061276722312011998E-16, 1.000000000000000000 ) ) ;
#7496 = AXIS2_PLACEMENT_3D ( 'NONE', #3776, #7330, #9019 ) ;
#7497 = CARTESIAN_POINT ( 'NONE',  ( 16.16796077701753731, 1.095000000000040385, -5.253288904374285195 ) ) ;
#7498 = ORIENTED_EDGE ( 'NONE', *, *, #2268, .T. ) ;
#7499 = ORIENTED_EDGE ( 'NONE', *, *, #3110, .T. ) ;
#7500 = ORIENTED_EDGE ( 'NONE', *, *, #618, .T. ) ;
#7501 = CARTESIAN_POINT ( 'NONE',  ( 16.82799374557760075, -3.904999999999991811, -2.412182932283693404 ) ) ;
#7502 = DIRECTION ( 'NONE',  ( 3.583126979299020263E-32, -1.000000000000000000, -3.111048790438776325E-16 ) ) ;
#7503 = DIRECTION ( 'NONE',  ( -3.583126979299020263E-32, 1.000000000000000000, 3.111048790438776325E-16 ) ) ;
#7504 = DIRECTION ( 'NONE',  ( -3.583126979299020263E-32, 1.000000000000000000, 3.111048790438776325E-16 ) ) ;
#7505 = ADVANCED_FACE ( 'NONE', ( #8604 ), #10279, .T. ) ;
#7506 = CARTESIAN_POINT ( 'NONE',  ( 7.142155445023643523, -3.904999999999936300, -15.42691205650433695 ) ) ;
#7507 = DIRECTION ( 'NONE',  ( -1.347253678332314469E-32, -1.000000000000000000, -3.111048790438772381E-16 ) ) ;
#7508 = DIRECTION ( 'NONE',  ( 0.000000000000000000, 0.000000000000000000, 1.000000000000000000 ) ) ;
#7509 = VERTEX_POINT ( 'NONE', #1250 ) ;
#7510 = LINE ( 'NONE', #6511, #4470 ) ;
#7511 = CYLINDRICAL_SURFACE ( 'NONE', #602, 17.00000000000000355 ) ;
#7512 = DIRECTION ( 'NONE',  ( 3.583126979299020263E-32, -1.000000000000000000, -3.111048790438776325E-16 ) ) ;
#7513 = VERTEX_POINT ( 'NONE', #4811 ) ;
#7514 = DIRECTION ( 'NONE',  ( 1.837426895219299873E-31, -1.000000000000000000, -3.111048790438776325E-16 ) ) ;
#7515 = DIRECTION ( 'NONE',  ( 1.110223024625156540E-16, 3.111048790438772381E-16, -1.000000000000000000 ) ) ;
#7516 = CARTESIAN_POINT ( 'NONE',  ( -12.79937408746688732, 94.12768161796608979, 11.18820910463698404 ) ) ;
#7517 = EDGE_CURVE ( 'NONE', #2569, #1894, #2573, .T. ) ;
#7518 = LINE ( 'NONE', #11075, #7671 ) ;
#7519 = DIRECTION ( 'NONE',  ( 3.583126979299015884E-32, -1.000000000000000000, -3.111048790438772381E-16 ) ) ;
#7520 = ORIENTED_EDGE ( 'NONE', *, *, #2346, .T. ) ;
#7521 = ORIENTED_EDGE ( 'NONE', *, *, #5214, .T. ) ;
#7522 = ORIENTED_EDGE ( 'NONE', *, *, #11453, .T. ) ;
#7523 = ADVANCED_FACE ( 'NONE', ( #6670 ), #2004, .T. ) ;
#7524 = DIRECTION ( 'NONE',  ( -1.110223024625156540E-16, -3.061276722312012491E-16, 1.000000000000000000 ) ) ;
#7525 = ORIENTED_EDGE ( 'NONE', *, *, #3737, .F. ) ;
#7526 = CARTESIAN_POINT ( 'NONE',  ( 0.8897112561301585565, 94.12768161796614663, 16.97670209082777859 ) ) ;
#7527 = EDGE_CURVE ( 'NONE', #5001, #8684, #10758, .T. ) ;
#7528 = CARTESIAN_POINT ( 'NONE',  ( -1.540743955509788682E-30, 1.095000000000012630, 0.000000000000000000 ) ) ;
#7529 = VERTEX_POINT ( 'NONE', #10213 ) ;
#7530 = VERTEX_POINT ( 'NONE', #8485 ) ;
#7531 = DIRECTION ( 'NONE',  ( -3.583126979299020263E-32, 1.000000000000000000, 3.111048790438776325E-16 ) ) ;
#7532 = ADVANCED_FACE ( 'NONE', ( #493 ), #2542, .F. ) ;
#7533 = ORIENTED_EDGE ( 'NONE', *, *, #10523, .F. ) ;
#7534 = EDGE_CURVE ( 'NONE', #6831, #6211, #4051, .T. ) ;
#7535 = ORIENTED_EDGE ( 'NONE', *, *, #1934, .T. ) ;
#7536 = DIRECTION ( 'NONE',  ( 2.330464960982432251E-31, -1.000000000000000000, -3.111048790438776325E-16 ) ) ;
#7537 = DIRECTION ( 'NONE',  ( 0.000000000000000000, 0.000000000000000000, -1.000000000000000000 ) ) ;
#7538 = VERTEX_POINT ( 'NONE', #6967 ) ;
#7539 = DIRECTION ( 'NONE',  ( -3.583126979299020263E-32, 1.000000000000000000, 3.111048790438776325E-16 ) ) ;
#7540 = CARTESIAN_POINT ( 'NONE',  ( -11.84274353507916011, 1.095000000000012630, -12.19628736797967505 ) ) ;
#7541 = AXIS2_PLACEMENT_3D ( 'NONE', #1307, #7608, #7554 ) ;
#7542 = ORIENTED_EDGE ( 'NONE', *, *, #8606, .T. ) ;
#7543 = FACE_OUTER_BOUND ( 'NONE', #9788, .T. ) ;
#7544 = EDGE_CURVE ( 'NONE', #9838, #7890, #670, .T. ) ;
#7545 = EDGE_CURVE ( 'NONE', #2810, #2873, #5183, .T. ) ;
#7546 = LINE ( 'NONE', #5687, #10734 ) ;
#7547 = CIRCLE ( 'NONE', #8852, 0.2500000000000002220 ) ;
#7548 = CARTESIAN_POINT ( 'NONE',  ( 15.87086725045234736, -3.904999999999963833, -6.092255142270277091 ) ) ;
#7549 = EDGE_LOOP ( 'NONE', ( #1640, #3051, #11215, #6534 ) ) ;
#7550 = ORIENTED_EDGE ( 'NONE', *, *, #182, .T. ) ;
#7551 = VERTEX_POINT ( 'NONE', #1551 ) ;
#7552 = FACE_OUTER_BOUND ( 'NONE', #3988, .T. ) ;
#7553 = DIRECTION ( 'NONE',  ( -1.110223024625156540E-16, -4.081702296416015997E-16, 1.000000000000000000 ) ) ;
#7554 = DIRECTION ( 'NONE',  ( 0.000000000000000000, 0.000000000000000000, -1.000000000000000000 ) ) ;
#7555 = DIRECTION ( 'NONE',  ( -3.583126979299020263E-32, 1.000000000000000000, 3.111048790438776325E-16 ) ) ;
#7556 = AXIS2_PLACEMENT_3D ( 'NONE', #10092, #2165, #3053 ) ;
#7557 = EDGE_CURVE ( 'NONE', #1824, #4613, #10562, .T. ) ;
#7558 = LINE ( 'NONE', #10936, #8390 ) ;
#7559 = CARTESIAN_POINT ( 'NONE',  ( 10.69844664784733546, -3.904999999999991811, 12.96148134476841918 ) ) ;
#7560 = DIRECTION ( 'NONE',  ( 0.000000000000000000, 0.000000000000000000, 1.000000000000000000 ) ) ;
#7561 = ORIENTED_EDGE ( 'NONE', *, *, #10840, .F. ) ;
#7562 = EDGE_CURVE ( 'NONE', #7056, #8963, #7410, .T. ) ;
#7563 = CARTESIAN_POINT ( 'NONE',  ( -13.60485940014302741, 1.095000000000040385, 10.19351758238244088 ) ) ;
#7564 = CARTESIAN_POINT ( 'NONE',  ( -1.776983875550001812, 1.095000000000012630, 16.90687222126065947 ) ) ;
#7565 = DIRECTION ( 'NONE',  ( 1.734234232687264264E-32, -1.000000000000000000, -3.111048790438772381E-16 ) ) ;
#7566 = ORIENTED_EDGE ( 'NONE', *, *, #11087, .T. ) ;
#7568 = EDGE_CURVE ( 'NONE', #626, #10654, #3126, .T. ) ;
#7567 = DIRECTION ( 'NONE',  ( -1.110223024625156540E-16, -4.081702296416015997E-16, 1.000000000000000000 ) ) ;
#7569 = APPLICATION_PROTOCOL_DEFINITION ( 'draft international standard', 'automotive_design', 1998, #10680 ) ;
#7570 = CARTESIAN_POINT ( 'NONE',  ( 16.24346467152388485, 94.12768161796603295, -5.014963156889061580 ) ) ;
#7571 = CARTESIAN_POINT ( 'NONE',  ( -2.906013752374406067, 1.095000000000012630, 16.74977862752253444 ) ) ;
#7572 = ORIENTED_EDGE ( 'NONE', *, *, #8272, .F. ) ;
#7573 = ORIENTED_EDGE ( 'NONE', *, *, #3713, .F. ) ;
#7574 = VERTEX_POINT ( 'NONE', #11347 ) ;
#7575 = EDGE_CURVE ( 'NONE', #9274, #5950, #7802, .T. ) ;
#7576 = CARTESIAN_POINT ( 'NONE',  ( -2.906013752374515313, -3.904999999999991811, 16.74977862752252022 ) ) ;
#7577 = EDGE_LOOP ( 'NONE', ( #1175, #2959, #488, #9552 ) ) ;
#7578 = DIRECTION ( 'NONE',  ( 2.330464960982431813E-31, -1.000000000000000000, -3.111048790438772381E-16 ) ) ;
#7579 = CARTESIAN_POINT ( 'NONE',  ( -5.253288904374003643, 1.095000000000012630, 16.16796077701763323 ) ) ;
#7580 = EDGE_LOOP ( 'NONE', ( #830, #4471, #265, #7522 ) ) ;
#7581 = ORIENTED_EDGE ( 'NONE', *, *, #2679, .F. ) ;
#7582 = DIRECTION ( 'NONE',  ( -3.583126979299020263E-32, 1.000000000000000000, 3.111048790438776325E-16 ) ) ;
#7583 = ORIENTED_EDGE ( 'NONE', *, *, #3658, .F. ) ;
#7584 = ORIENTED_EDGE ( 'NONE', *, *, #7905, .T. ) ;
#7585 = CARTESIAN_POINT ( 'NONE',  ( -6.914522932288506674, -3.904999999999991811, 15.53027277992426924 ) ) ;
#7586 = DIRECTION ( 'NONE',  ( -1.110223024625156540E-16, -3.061276722312012491E-16, 1.000000000000000000 ) ) ;
#7587 = CIRCLE ( 'NONE', #3124, 17.00000000000000355 ) ;
#7588 = ORIENTED_EDGE ( 'NONE', *, *, #9479, .F. ) ;
#7589 = ADVANCED_FACE ( 'NONE', ( #5115, #5335 ), #8882, .T. ) ;
#7590 = DIRECTION ( 'NONE',  ( -3.583126979299020263E-32, 1.000000000000000000, 3.111048790438776325E-16 ) ) ;
#7591 = CARTESIAN_POINT ( 'NONE',  ( -0.8897112561299327371, 94.12768161796614663, 16.97670209082777859 ) ) ;
#7592 = ORIENTED_EDGE ( 'NONE', *, *, #6960, .T. ) ;
#7593 = AXIS2_PLACEMENT_3D ( 'NONE', #2781, #2081, #7376 ) ;
#7594 = LINE ( 'NONE', #6658, #1138 ) ;
#7595 = ADVANCED_FACE ( 'NONE', ( #8014 ), #9587, .F. ) ;
#7596 = CIRCLE ( 'NONE', #9642, 17.00000000000000000 ) ;
#7597 = DIRECTION ( 'NONE',  ( 1.590907862337732589E-31, -1.000000000000000000, -3.111048790438772381E-16 ) ) ;
#7598 = DIRECTION ( 'NONE',  ( 0.000000000000000000, 0.000000000000000000, -1.000000000000000000 ) ) ;
#7599 = FACE_OUTER_BOUND ( 'NONE', #3852, .T. ) ;
#7600 = AXIS2_PLACEMENT_3D ( 'NONE', #10918, #10741, #8079 ) ;
#7601 = ORIENTED_EDGE ( 'NONE', *, *, #7391, .F. ) ;
#7602 = ADVANCED_FACE ( 'NONE', ( #8831 ), #10563, .T. ) ;
#7603 = ORIENTED_EDGE ( 'NONE', *, *, #783, .F. ) ;
#7604 = ADVANCED_FACE ( 'NONE', ( #1600 ), #45, .F. ) ;
#7605 = ORIENTED_EDGE ( 'NONE', *, *, #2030, .F. ) ;
#7606 = CYLINDRICAL_SURFACE ( 'NONE', #11210, 0.2500000000000002220 ) ;
#7607 = CARTESIAN_POINT ( 'NONE',  ( -1.540743955509788682E-30, 1.095000000000012630, 0.000000000000000000 ) ) ;
#7608 = DIRECTION ( 'NONE',  ( -3.812444007147977456E-32, -1.000000000000000000, -3.111048790438772381E-16 ) ) ;
#7609 = CARTESIAN_POINT ( 'NONE',  ( 6.092255142270220247, 94.12768161796614663, 15.87086725045239888 ) ) ;
#7610 = AXIS2_PLACEMENT_3D ( 'NONE', #11304, #8675, #6627 ) ;
#7611 = DIRECTION ( 'NONE',  ( 3.583126979299020263E-32, -1.000000000000000000, -3.111048790438776325E-16 ) ) ;
#7612 = CARTESIAN_POINT ( 'NONE',  ( 2.412182932283298165, -3.904999999999936300, -16.82799374557766825 ) ) ;
#7613 = CIRCLE ( 'NONE', #2591, 0.2500000000000002220 ) ;
#7614 = CARTESIAN_POINT ( 'NONE',  ( 4.996003610813208376E-16, -25.40499999999998337, -4.500000000000010658 ) ) ;
#7615 = DIRECTION ( 'NONE',  ( -1.110223024625156540E-16, -3.061276722312012491E-16, 1.000000000000000000 ) ) ;
#7616 = ORIENTED_EDGE ( 'NONE', *, *, #4033, .T. ) ;
#7617 = ORIENTED_EDGE ( 'NONE', *, *, #4750, .T. ) ;
#7618 = CARTESIAN_POINT ( 'NONE',  ( -8.282580384274417895, 94.12768161796608979, -14.84583652671789267 ) ) ;
#7619 = DIRECTION ( 'NONE',  ( 2.330464960982432251E-31, -1.000000000000000000, -3.111048790438776325E-16 ) ) ;
#7620 = CARTESIAN_POINT ( 'NONE',  ( -1.540743955509788682E-30, -3.904999999999991811, 6.938893903907228378E-15 ) ) ;
#7621 = CARTESIAN_POINT ( 'NONE',  ( -1.540743955509788682E-30, -3.904999999999991811, 6.938893903907228378E-15 ) ) ;
#7622 = ORIENTED_EDGE ( 'NONE', *, *, #5688, .T. ) ;
#7623 = AXIS2_PLACEMENT_3D ( 'NONE', #4282, #6789, #7668 ) ;
#7624 = CYLINDRICAL_SURFACE ( 'NONE', #5378, 0.2500000000000002220 ) ;
#7625 = CARTESIAN_POINT ( 'NONE',  ( 7.717838495572106439, 1.095000000000068141, -15.14711091120234876 ) ) ;
#7626 = CIRCLE ( 'NONE', #3356, 0.2500000000000006661 ) ;
#7627 = EDGE_CURVE ( 'NONE', #7241, #2658, #5166, .T. ) ;
#7628 = AXIS2_PLACEMENT_3D ( 'NONE', #6022, #9668, #10356 ) ;
#7629 = DIRECTION ( 'NONE',  ( -3.583126979299020263E-32, 1.000000000000000000, 3.111048790438776325E-16 ) ) ;
#7630 = CIRCLE ( 'NONE', #2788, 17.00000000000000000 ) ;
#7631 = DIRECTION ( 'NONE',  ( -3.583126979299020263E-32, 1.000000000000000000, 3.111048790438776325E-16 ) ) ;
#7632 = ORIENTED_EDGE ( 'NONE', *, *, #4754, .F. ) ;
#7633 = CIRCLE ( 'NONE', #7835, 17.00000000000000355 ) ;
#7634 = ORIENTED_EDGE ( 'NONE', *, *, #5052, .F. ) ;
#7635 = CARTESIAN_POINT ( 'NONE',  ( 1.540743955509788682E-30, -22.90500000000000824, -1.387778780781445676E-14 ) ) ;
#7636 = ORIENTED_EDGE ( 'NONE', *, *, #1837, .F. ) ;
#7637 = CIRCLE ( 'NONE', #2795, 0.2500000000000002220 ) ;
#7638 = ORIENTED_EDGE ( 'NONE', *, *, #6787, .T. ) ;
#7639 = CIRCLE ( 'NONE', #8568, 12.00000000000000533 ) ;
#7640 = DIRECTION ( 'NONE',  ( 3.583126979299020263E-32, -1.000000000000000000, -3.111048790438776325E-16 ) ) ;
#7641 = AXIS2_PLACEMENT_3D ( 'NONE', #628, #6004, #8619 ) ;
#7642 = DIRECTION ( 'NONE',  ( 0.000000000000000000, 0.000000000000000000, -1.000000000000000000 ) ) ;
#7643 = ORIENTED_EDGE ( 'NONE', *, *, #10455, .F. ) ;
#7644 = LINE ( 'NONE', #4788, #2464 ) ;
#7645 = EDGE_CURVE ( 'NONE', #5498, #2168, #11416, .T. ) ;
#7646 = AXIS2_PLACEMENT_3D ( 'NONE', #4614, #10784, #190 ) ;
#7647 = CIRCLE ( 'NONE', #8387, 0.2500000000000002220 ) ;
#7648 = FACE_OUTER_BOUND ( 'NONE', #1595, .T. ) ;
#7649 = CIRCLE ( 'NONE', #10423, 0.2500000000000004441 ) ;
#7650 = ORIENTED_EDGE ( 'NONE', *, *, #11174, .F. ) ;
#7651 = CARTESIAN_POINT ( 'NONE',  ( -1.540743955509788682E-30, 39.99999999999997868, 1.387778780781445676E-14 ) ) ;
#7652 = VERTEX_POINT ( 'NONE', #4291 ) ;
#7653 = VERTEX_POINT ( 'NONE', #7857 ) ;
#7654 = CIRCLE ( 'NONE', #220, 0.2500000000000002220 ) ;
#7655 = DIRECTION ( 'NONE',  ( 0.000000000000000000, 0.000000000000000000, -1.000000000000000000 ) ) ;
#7656 = DIRECTION ( 'NONE',  ( -1.613839565122628308E-31, -1.000000000000000000, -3.111048790438776325E-16 ) ) ;
#7657 = EDGE_LOOP ( 'NONE', ( #10128, #7910, #132, #2899 ) ) ;
#7658 = DIRECTION ( 'NONE',  ( -1.613839565122628308E-31, -1.000000000000000000, -3.111048790438776325E-16 ) ) ;
#7659 = LINE ( 'NONE', #3923, #5200 ) ;
#7660 = CIRCLE ( 'NONE', #4500, 0.2500000000000004441 ) ;
#7661 = ORIENTED_EDGE ( 'NONE', *, *, #7665, .F. ) ;
#7662 = AXIS2_PLACEMENT_3D ( 'NONE', #4277, #2650, #8000 ) ;
#7663 = DIRECTION ( 'NONE',  ( -3.583126979299020263E-32, 1.000000000000000000, 3.111048790438776325E-16 ) ) ;
#7664 = AXIS2_PLACEMENT_3D ( 'NONE', #10307, #469, #8409 ) ;
#7665 = EDGE_CURVE ( 'NONE', #425, #2771, #6155, .T. ) ;
#7666 = DIRECTION ( 'NONE',  ( -3.583126979299020263E-32, 1.000000000000000000, 3.111048790438776325E-16 ) ) ;
#7667 = DIRECTION ( 'NONE',  ( 3.583126979299020263E-32, -1.000000000000000000, -3.111048790438776325E-16 ) ) ;
#7668 = DIRECTION ( 'NONE',  ( -1.110223024625156540E-16, -4.081702296416015997E-16, 1.000000000000000000 ) ) ;
#7669 = ORIENTED_EDGE ( 'NONE', *, *, #8306, .F. ) ;
#7670 = ORIENTED_EDGE ( 'NONE', *, *, #7377, .F. ) ;
#7671 = VECTOR ( 'NONE', #3083, 1000.000000000000000 ) ;
#7672 = ORIENTED_EDGE ( 'NONE', *, *, #10914, .F. ) ;
#7673 = CARTESIAN_POINT ( 'NONE',  ( -3.289586263734298743, 94.12768161796614663, 16.67868766460512475 ) ) ;
#7674 = DIRECTION ( 'NONE',  ( 0.000000000000000000, 0.000000000000000000, -1.000000000000000000 ) ) ;
#7675 = DIRECTION ( 'NONE',  ( 3.583126979299020263E-32, -1.000000000000000000, -3.111048790438776325E-16 ) ) ;
#7676 = EDGE_CURVE ( 'NONE', #3701, #7406, #7042, .T. ) ;
#7677 = DIRECTION ( 'NONE',  ( -3.583126979299020263E-32, 1.000000000000000000, 3.111048790438776325E-16 ) ) ;
#7678 = LINE ( 'NONE', #9144, #9690 ) ;
#7679 = AXIS2_PLACEMENT_3D ( 'NONE', #9670, #3495, #2516 ) ;
#7680 = VECTOR ( 'NONE', #2677, 1000.000000000000000 ) ;
#7681 = EDGE_CURVE ( 'NONE', #8552, #6274, #5283, .T. ) ;
#7682 = EDGE_CURVE ( 'NONE', #160, #5257, #9107, .T. ) ;
#7683 = CARTESIAN_POINT ( 'NONE',  ( 3.397502278064742042E-15, -22.40499999999997627, -14.55114218134573356 ) ) ;
#7684 = LINE ( 'NONE', #5759, #8750 ) ;
#7685 = ORIENTED_EDGE ( 'NONE', *, *, #8592, .F. ) ;
#7686 = VERTEX_POINT ( 'NONE', #1127 ) ;
#7687 = DIRECTION ( 'NONE',  ( -3.583126979299020263E-32, 1.000000000000000000, 3.111048790438776325E-16 ) ) ;
#7688 = CARTESIAN_POINT ( 'NONE',  ( 2.659385905683703921, 94.12768161796620348, -16.79070179011733899 ) ) ;
#7689 = FACE_OUTER_BOUND ( 'NONE', #4434, .T. ) ;
#7690 = CARTESIAN_POINT ( 'NONE',  ( -15.14711091120220665, 94.12768161796608979, 7.717838495572407531 ) ) ;
#7691 = VERTEX_POINT ( 'NONE', #4576 ) ;
#7692 = AXIS2_PLACEMENT_3D ( 'NONE', #2364, #7790, #9710 ) ;
#7693 = DIRECTION ( 'NONE',  ( -3.812444007147977456E-32, -1.000000000000000000, -3.111048790438772381E-16 ) ) ;
#7694 = CARTESIAN_POINT ( 'NONE',  ( 16.42073904691409325, 94.12768161796603295, -4.399923766743009779 ) ) ;
#7695 = ADVANCED_FACE ( 'NONE', ( #2061 ), #3640, .T. ) ;
#7696 = DIRECTION ( 'NONE',  ( -3.583126979299020263E-32, 1.000000000000000000, 3.111048790438776325E-16 ) ) ;
#7697 = CARTESIAN_POINT ( 'NONE',  ( 6.092255142270220247, 1.095000000000012630, 15.87086725045238467 ) ) ;
#7698 = ORIENTED_EDGE ( 'NONE', *, *, #7290, .F. ) ;
#7699 = ORIENTED_EDGE ( 'NONE', *, *, #4191, .F. ) ;
#7700 = CYLINDRICAL_SURFACE ( 'NONE', #1289, 0.2500000000000006661 ) ;
#7701 = EDGE_LOOP ( 'NONE', ( #7295, #2161, #5853, #4538 ) ) ;
#7702 = CARTESIAN_POINT ( 'NONE',  ( -13.75328890437411111, 94.12768161796608979, -9.992349288971976051 ) ) ;
#7703 = ORIENTED_EDGE ( 'NONE', *, *, #11127, .T. ) ;
#7704 = DIRECTION ( 'NONE',  ( -1.110223024625156540E-16, -4.081702296416015997E-16, 1.000000000000000000 ) ) ;
#7705 = DIRECTION ( 'NONE',  ( -3.583126979299020263E-32, 1.000000000000000000, 3.111048790438776325E-16 ) ) ;
#7706 = ORIENTED_EDGE ( 'NONE', *, *, #1183, .F. ) ;
#7707 = ORIENTED_EDGE ( 'NONE', *, *, #1767, .T. ) ;
#7708 = LINE ( 'NONE', #11269, #9293 ) ;
#7709 = ORIENTED_EDGE ( 'NONE', *, *, #4562, .F. ) ;
#7710 = EDGE_LOOP ( 'NONE', ( #6778, #11412, #5501, #6791 ) ) ;
#7711 = ADVANCED_FACE ( 'NONE', ( #1945 ), #10768, .T. ) ;
#7712 = CARTESIAN_POINT ( 'NONE',  ( 16.99816176470586626, -3.904999999999991811, -0.2499932416909489419 ) ) ;
#7713 = CARTESIAN_POINT ( 'NONE',  ( -4.640922924985979137, 1.095000000000012630, 16.35426043587234091 ) ) ;
#7714 = ORIENTED_EDGE ( 'NONE', *, *, #5832, .F. ) ;
#7715 = DIRECTION ( 'NONE',  ( 0.000000000000000000, 0.000000000000000000, 1.000000000000000000 ) ) ;
#7716 = CARTESIAN_POINT ( 'NONE',  ( -8.282580384274417895, 1.095000000000068141, -14.84583652671793352 ) ) ;
#7717 = ORIENTED_EDGE ( 'NONE', *, *, #2840, .F. ) ;
#7718 = FACE_OUTER_BOUND ( 'NONE', #11064, .T. ) ;
#7719 = CARTESIAN_POINT ( 'NONE',  ( 14.72243186433552076, -3.904999999999991811, 8.249999999999868550 ) ) ;
#7720 = CARTESIAN_POINT ( 'NONE',  ( 16.87891264663057811, -3.904999999999963833, 2.025415480195094542 ) ) ;
#7721 = CARTESIAN_POINT ( 'NONE',  ( 16.62850921247471447, 1.095000000000040385, 3.284498743901735462 ) ) ;
#7722 = ORIENTED_EDGE ( 'NONE', *, *, #6678, .T. ) ;
#7723 = ORIENTED_EDGE ( 'NONE', *, *, #5255, .T. ) ;
#7724 = ORIENTED_EDGE ( 'NONE', *, *, #7785, .F. ) ;
#7725 = DIRECTION ( 'NONE',  ( 0.000000000000000000, 0.000000000000000000, -1.000000000000000000 ) ) ;
#7726 = DIRECTION ( 'NONE',  ( -3.583126979299020263E-32, 1.000000000000000000, 3.111048790438776325E-16 ) ) ;
#7727 = DIRECTION ( 'NONE',  ( -1.110223024625156540E-16, -4.081702296416015997E-16, 1.000000000000000000 ) ) ;
#7728 = CARTESIAN_POINT ( 'NONE',  ( -1.540743955509788682E-30, 39.99999999999997868, 1.387778780781445676E-14 ) ) ;
#7729 = EDGE_CURVE ( 'NONE', #1839, #1360, #4697, .T. ) ;
#7730 = CARTESIAN_POINT ( 'NONE',  ( -1.528167975084239183, 94.12768161796620348, -16.93117546539298957 ) ) ;
#7731 = CIRCLE ( 'NONE', #2706, 12.00000000000000533 ) ;
#7732 = DIRECTION ( 'NONE',  ( -3.583126979299020263E-32, 1.000000000000000000, 3.111048790438776325E-16 ) ) ;
#7733 = CYLINDRICAL_SURFACE ( 'NONE', #9688, 17.00000000000000355 ) ;
#7734 = EDGE_LOOP ( 'NONE', ( #2756, #9207, #7059, #6170 ) ) ;
#7735 = VERTEX_POINT ( 'NONE', #5634 ) ;
#7736 = DIRECTION ( 'NONE',  ( -3.583126979299020263E-32, 1.000000000000000000, 3.111048790438776325E-16 ) ) ;
#7737 = DIRECTION ( 'NONE',  ( 3.583126979299020263E-32, -1.000000000000000000, -3.111048790438776325E-16 ) ) ;
#7738 = DIRECTION ( 'NONE',  ( 0.000000000000000000, 0.000000000000000000, -1.000000000000000000 ) ) ;
#7739 = DIRECTION ( 'NONE',  ( -2.579848842740137204E-32, -1.000000000000000000, -3.111048790438776325E-16 ) ) ;
#7740 = CARTESIAN_POINT ( 'NONE',  ( -14.39201405914864118, 1.095000000000012630, -9.048200446567678412 ) ) ;
#7741 = ORIENTED_EDGE ( 'NONE', *, *, #7904, .T. ) ;
#7742 = EDGE_CURVE ( 'NONE', #4263, #638, #524, .T. ) ;
#7743 = DIRECTION ( 'NONE',  ( -3.583126979299020263E-32, 1.000000000000000000, 3.111048790438776325E-16 ) ) ;
#7744 = VECTOR ( 'NONE', #3405, 1000.000000000000114 ) ;
#7745 = EDGE_CURVE ( 'NONE', #1873, #1064, #5941, .T. ) ;
#7746 = DIRECTION ( 'NONE',  ( 3.583126979299020263E-32, -1.000000000000000000, -3.111048790438776325E-16 ) ) ;
#7747 = LINE ( 'NONE', #4899, #4833 ) ;
#7748 = ADVANCED_FACE ( 'NONE', ( #2935 ), #2762, .F. ) ;
#7749 = ORIENTED_EDGE ( 'NONE', *, *, #342, .F. ) ;
#7750 = ORIENTED_EDGE ( 'NONE', *, *, #9430, .F. ) ;
#7751 = ADVANCED_FACE ( 'NONE', ( #6318 ), #2709, .T. ) ;
#7752 = EDGE_LOOP ( 'NONE', ( #11374, #1942, #1177, #9492 ) ) ;
#7753 = EDGE_CURVE ( 'NONE', #10992, #11209, #313, .T. ) ;
#7754 = ADVANCED_FACE ( 'NONE', ( #9806 ), #5514, .F. ) ;
#7755 = CARTESIAN_POINT ( 'NONE',  ( 1.776983875550225633, 1.095000000000012630, 16.90687222126063105 ) ) ;
#7756 = ORIENTED_EDGE ( 'NONE', *, *, #483, .F. ) ;
#7757 = AXIS2_PLACEMENT_3D ( 'NONE', #1616, #7154, #1790 ) ;
#7758 = DIRECTION ( 'NONE',  ( -1.110223024625156540E-16, -3.061276722312012491E-16, 1.000000000000000000 ) ) ;
#7759 = FACE_OUTER_BOUND ( 'NONE', #7701, .T. ) ;
#7760 = ORIENTED_EDGE ( 'NONE', *, *, #1576, .F. ) ;
#7761 = ORIENTED_EDGE ( 'NONE', *, *, #811, .F. ) ;
#7762 = DIRECTION ( 'NONE',  ( -1.110223024625156540E-16, -3.061276722312011998E-16, 1.000000000000000000 ) ) ;
#7763 = ORIENTED_EDGE ( 'NONE', *, *, #6015, .T. ) ;
#7764 = ORIENTED_EDGE ( 'NONE', *, *, #9206, .T. ) ;
#7765 = VECTOR ( 'NONE', #436, 1000.000000000000000 ) ;
#7766 = LINE ( 'NONE', #3556, #1820 ) ;
#7767 = CARTESIAN_POINT ( 'NONE',  ( -9.048200446567529198, 94.12768161796608979, -14.39201405914870158 ) ) ;
#7768 = ADVANCED_FACE ( 'NONE', ( #8941 ), #9867, .F. ) ;
#7769 = ORIENTED_EDGE ( 'NONE', *, *, #6193, .T. ) ;
#7770 = DIRECTION ( 'NONE',  ( 2.330464960982432251E-31, -1.000000000000000000, -3.111048790438776325E-16 ) ) ;
#7771 = DIRECTION ( 'NONE',  ( -1.613839565122628308E-31, -1.000000000000000000, -3.111048790438776325E-16 ) ) ;
#7772 = ORIENTED_EDGE ( 'NONE', *, *, #10280, .T. ) ;
#7773 = CARTESIAN_POINT ( 'NONE',  ( 2.025415480195259299, 94.12768161796614663, 16.87891264663058521 ) ) ;
#7774 = EDGE_CURVE ( 'NONE', #9084, #2703, #149, .T. ) ;
#7775 = EDGE_CURVE ( 'NONE', #4194, #7241, #5190, .T. ) ;
#7776 = FACE_OUTER_BOUND ( 'NONE', #4782, .T. ) ;
#7777 = CIRCLE ( 'NONE', #4620, 0.2500000000000002220 ) ;
#7778 = CARTESIAN_POINT ( 'NONE',  ( -13.21148134476851332, 1.095000000000012630, -10.69844664784720756 ) ) ;
#7779 = ORIENTED_EDGE ( 'NONE', *, *, #4419, .F. ) ;
#7780 = ORIENTED_EDGE ( 'NONE', *, *, #4679, .T. ) ;
#7781 = VERTEX_POINT ( 'NONE', #10867 ) ;
#7782 = DIRECTION ( 'NONE',  ( 0.000000000000000000, 0.000000000000000000, -1.000000000000000000 ) ) ;
#7783 = CYLINDRICAL_SURFACE ( 'NONE', #5559, 17.00000000000000355 ) ;
#7784 = CARTESIAN_POINT ( 'NONE',  ( -16.90687222126062750, 94.12768161796614663, 1.526983875550211200 ) ) ;
#7785 = EDGE_CURVE ( 'NONE', #9350, #4953, #4633, .T. ) ;
#7786 = DIRECTION ( 'NONE',  ( 0.000000000000000000, 0.000000000000000000, -1.000000000000000000 ) ) ;
#7787 = LINE ( 'NONE', #6516, #2988 ) ;
#7788 = AXIS2_PLACEMENT_3D ( 'NONE', #10658, #2472, #123 ) ;
#7789 = DIRECTION ( 'NONE',  ( 0.000000000000000000, 0.000000000000000000, -1.000000000000000000 ) ) ;
#7790 = DIRECTION ( 'NONE',  ( -3.583126979299020263E-32, 1.000000000000000000, 3.111048790438776325E-16 ) ) ;
#7791 = CARTESIAN_POINT ( 'NONE',  ( -1.540743955509788682E-30, 1.095000000000012630, 0.000000000000000000 ) ) ;
#7792 = EDGE_LOOP ( 'NONE', ( #428, #2367, #8025, #1080 ) ) ;
#7793 = VERTEX_POINT ( 'NONE', #9975 ) ;
#7794 = EDGE_CURVE ( 'NONE', #10810, #5581, #2583, .T. ) ;
#7795 = DIRECTION ( 'NONE',  ( 2.330464960982432251E-31, -1.000000000000000000, -3.111048790438776325E-16 ) ) ;
#7796 = DIRECTION ( 'NONE',  ( 9.746102801338168971E-32, -1.000000000000000000, -3.111048790438772381E-16 ) ) ;
#7797 = DIRECTION ( 'NONE',  ( -3.583126979299020263E-32, 1.000000000000000000, 3.111048790438776325E-16 ) ) ;
#7798 = DIRECTION ( 'NONE',  ( 2.042383023789239517E-32, -1.000000000000000000, -3.111048790438779776E-16 ) ) ;
#7799 = EDGE_LOOP ( 'NONE', ( #6120, #10608, #3909, #7878 ) ) ;
#7800 = CARTESIAN_POINT ( 'NONE',  ( 1.528167975084356200, 1.095000000000012630, 16.93117546539301443 ) ) ;
#7801 = CARTESIAN_POINT ( 'NONE',  ( -1.540743955509788682E-30, -3.904999999999991811, 6.938893903907228378E-15 ) ) ;
#7802 = CIRCLE ( 'NONE', #3139, 0.2500000000000002220 ) ;
#7803 = AXIS2_PLACEMENT_3D ( 'NONE', #296, #1164, #4727 ) ;
#7804 = CIRCLE ( 'NONE', #5384, 0.2500000000000002220 ) ;
#7805 = CARTESIAN_POINT ( 'NONE',  ( 10.50300857072150151, 94.12768161796608979, -13.36737861225415713 ) ) ;
#7806 = FACE_OUTER_BOUND ( 'NONE', #3101, .T. ) ;
#7807 = AXIS2_PLACEMENT_3D ( 'NONE', #4337, #9745, #2581 ) ;
#7808 = EDGE_CURVE ( 'NONE', #4806, #6330, #6663, .T. ) ;
#7809 = EDGE_CURVE ( 'NONE', #871, #4615, #2393, .T. ) ;
#7810 = CIRCLE ( 'NONE', #3889, 17.00000000000000000 ) ;
#7811 = ORIENTED_EDGE ( 'NONE', *, *, #6678, .F. ) ;
#7812 = DIRECTION ( 'NONE',  ( -1.146585139244742688E-33, -1.000000000000000000, -3.111048790438776325E-16 ) ) ;
#7813 = CARTESIAN_POINT ( 'NONE',  ( -6.324985174855759062, 1.095000000000068141, -15.77956154453775639 ) ) ;
#7814 = ORIENTED_EDGE ( 'NONE', *, *, #89, .F. ) ;
#7815 = VECTOR ( 'NONE', #6089, 1000.000000000000000 ) ;
#7816 = VECTOR ( 'NONE', #6119, 1000.000000000000114 ) ;
#7817 = EDGE_CURVE ( 'NONE', #203, #3175, #11139, .T. ) ;
#7818 = DIRECTION ( 'NONE',  ( -1.110223024625156540E-16, -3.061276722312011998E-16, 1.000000000000000000 ) ) ;
#7819 = VERTEX_POINT ( 'NONE', #3106 ) ;
#7820 = DIRECTION ( 'NONE',  ( -1.613839565122628308E-31, -1.000000000000000000, -3.111048790438776325E-16 ) ) ;
#7821 = AXIS2_PLACEMENT_3D ( 'NONE', #8977, #9134, #10710 ) ;
#7822 = LINE ( 'NONE', #9672, #4689 ) ;
#7823 = EDGE_CURVE ( 'NONE', #4013, #1856, #4093, .T. ) ;
#7824 = CIRCLE ( 'NONE', #1493, 17.00000000000000000 ) ;
#7825 = ADVANCED_FACE ( 'NONE', ( #4971 ), #9342, .T. ) ;
#7826 = EDGE_CURVE ( 'NONE', #8327, #2076, #3234, .T. ) ;
#7827 = ORIENTED_EDGE ( 'NONE', *, *, #9454, .T. ) ;
#7828 = CARTESIAN_POINT ( 'NONE',  ( -1.887379141862769274E-15, -3.904999999999991811, 16.99999999999999289 ) ) ;
#7829 = CIRCLE ( 'NONE', #8191, 12.50000000000000533 ) ;
#7830 = ORIENTED_EDGE ( 'NONE', *, *, #9782, .T. ) ;
#7831 = DIRECTION ( 'NONE',  ( 3.583126979299020263E-32, -1.000000000000000000, -3.111048790438776325E-16 ) ) ;
#7832 = VERTEX_POINT ( 'NONE', #9390 ) ;
#7833 = DIRECTION ( 'NONE',  ( 2.823503026745565068E-31, -1.000000000000000000, -3.111048790438776325E-16 ) ) ;
#7834 = DIRECTION ( 'NONE',  ( -3.583126979299020263E-32, 1.000000000000000000, 3.111048790438776325E-16 ) ) ;
#7835 = AXIS2_PLACEMENT_3D ( 'NONE', #4182, #7736, #11298 ) ;
#7836 = CIRCLE ( 'NONE', #10807, 17.00000000000000000 ) ;
#7837 = ORIENTED_EDGE ( 'NONE', *, *, #6770, .F. ) ;
#7838 = CARTESIAN_POINT ( 'NONE',  ( -5.253288904374003643, 1.095000000000012630, 15.91796077701763323 ) ) ;
#7839 = CIRCLE ( 'NONE', #6711, 17.00000000000000000 ) ;
#7840 = EDGE_CURVE ( 'NONE', #7781, #499, #4065, .T. ) ;
#7841 = AXIS2_PLACEMENT_3D ( 'NONE', #3718, #9996, #11013 ) ;
#7842 = EDGE_CURVE ( 'NONE', #8076, #6496, #8531, .T. ) ;
#7843 = PRODUCT_DEFINITION_CONTEXT ( 'detailed design', #11288, 'design' ) ;
#7844 = CIRCLE ( 'NONE', #7080, 0.2500000000000002220 ) ;
#7845 = AXIS2_PLACEMENT_3D ( 'NONE', #1477, #8874, #3514 ) ;
#7846 = LINE ( 'NONE', #663, #2783 ) ;
#7847 = DIRECTION ( 'NONE',  ( -3.583126979299020263E-32, 1.000000000000000000, 3.111048790438776325E-16 ) ) ;
#7848 = ORIENTED_EDGE ( 'NONE', *, *, #3581, .T. ) ;
#7849 = ORIENTED_EDGE ( 'NONE', *, *, #2109, .T. ) ;
#7850 = ORIENTED_EDGE ( 'NONE', *, *, #9222, .F. ) ;
#7851 = CARTESIAN_POINT ( 'NONE',  ( -11.37522030810051632, -3.904999999999963833, 12.38346203311575877 ) ) ;
#7852 = FACE_OUTER_BOUND ( 'NONE', #1218, .T. ) ;
#7853 = DIRECTION ( 'NONE',  ( -3.583126979299020263E-32, 1.000000000000000000, 3.111048790438776325E-16 ) ) ;
#7854 = AXIS2_PLACEMENT_3D ( 'NONE', #6268, #7016, #4527 ) ;
#7855 = EDGE_CURVE ( 'NONE', #4922, #2536, #10007, .T. ) ;
#7856 = AXIS2_PLACEMENT_3D ( 'NONE', #423, #3278, #3159 ) ;
#7857 = CARTESIAN_POINT ( 'NONE',  ( -10.50300857072150862, -3.904999999999991811, 13.36737861225418378 ) ) ;
#7858 = DIRECTION ( 'NONE',  ( 0.000000000000000000, 0.000000000000000000, 1.000000000000000000 ) ) ;
#7859 = AXIS2_PLACEMENT_3D ( 'NONE', #5176, #7797, #3379 ) ;
#7860 = AXIS2_PLACEMENT_3D ( 'NONE', #335, #7278, #3885 ) ;
#7861 = CARTESIAN_POINT ( 'NONE',  ( 9.258863595255563794, 94.12768161796620348, 14.25739965507216667 ) ) ;
#7862 = AXIS2_PLACEMENT_3D ( 'NONE', #408, #8331, #3895 ) ;
#7863 = DIRECTION ( 'NONE',  ( 1.734234232687264264E-32, -1.000000000000000000, -3.111048790438772381E-16 ) ) ;
#7864 = VERTEX_POINT ( 'NONE', #2998 ) ;
#7865 = ORIENTED_EDGE ( 'NONE', *, *, #1543, .T. ) ;
#7866 = CIRCLE ( 'NONE', #4324, 0.2500000000000002220 ) ;
#7867 = DIRECTION ( 'NONE',  ( 0.000000000000000000, 0.000000000000000000, -1.000000000000000000 ) ) ;
#7868 = CARTESIAN_POINT ( 'NONE',  ( 5.490478559968328121, 94.12768161796614663, 16.08896035120133661 ) ) ;
#7869 = CARTESIAN_POINT ( 'NONE',  ( 16.16796077701764389, 1.095000000000012630, 5.253288904373945911 ) ) ;
#7870 = EDGE_CURVE ( 'NONE', #1345, #10992, #346, .T. ) ;
#7871 = EDGE_CURVE ( 'NONE', #6635, #11443, #4448, .T. ) ;
#7872 = CARTESIAN_POINT ( 'NONE',  ( 15.53027277992426214, 1.095000000000012630, 6.914522932288467594 ) ) ;
#7873 = AXIS2_PLACEMENT_3D ( 'NONE', #644, #4202, #7758 ) ;
#7874 = CIRCLE ( 'NONE', #3586, 17.00000000000000000 ) ;
#7875 = DIRECTION ( 'NONE',  ( -1.110223024625156540E-16, -4.081702296416015997E-16, 1.000000000000000000 ) ) ;
#7876 = DIRECTION ( 'NONE',  ( 3.583126979299020263E-32, -1.000000000000000000, -3.111048790438776325E-16 ) ) ;
#7877 = VECTOR ( 'NONE', #4886, 1000.000000000000000 ) ;
#7878 = ORIENTED_EDGE ( 'NONE', *, *, #4831, .F. ) ;
#7879 = DIRECTION ( 'NONE',  ( -3.583126979299020263E-32, 1.000000000000000000, 3.111048790438776325E-16 ) ) ;
#7880 = ORIENTED_EDGE ( 'NONE', *, *, #10157, .T. ) ;
#7881 = DIRECTION ( 'NONE',  ( -1.110223024625156540E-16, 0.000000000000000000, 1.000000000000000000 ) ) ;
#7882 = ORIENTED_EDGE ( 'NONE', *, *, #2377, .T. ) ;
#7883 = DIRECTION ( 'NONE',  ( 3.583126979299020263E-32, -1.000000000000000000, -3.111048790438776325E-16 ) ) ;
#7884 = EDGE_CURVE ( 'NONE', #9090, #3839, #9278, .T. ) ;
#7885 = CARTESIAN_POINT ( 'NONE',  ( 15.77956154453755921, -3.904999999999963833, -6.324985174856225356 ) ) ;
#7886 = ORIENTED_EDGE ( 'NONE', *, *, #8105, .T. ) ;
#7887 = CARTESIAN_POINT ( 'NONE',  ( 7.717838495572404867, 1.095000000000012630, 14.89711091120219599 ) ) ;
#7888 = ORIENTED_EDGE ( 'NONE', *, *, #3401, .F. ) ;
#7889 = CYLINDRICAL_SURFACE ( 'NONE', #5327, 0.2500000000000002220 ) ;
#7890 = VERTEX_POINT ( 'NONE', #2342 ) ;
#7891 = DIRECTION ( 'NONE',  ( -1.110223024625156540E-16, -3.061276722312011998E-16, 1.000000000000000000 ) ) ;
#7892 = ADVANCED_FACE ( 'NONE', ( #6597 ), #5858, .F. ) ;
#7893 = CARTESIAN_POINT ( 'NONE',  ( 6.324985174855745740, 94.12768161796620348, -15.77956154453772797 ) ) ;
#7894 = CARTESIAN_POINT ( 'NONE',  ( 5.014963156888904372, 1.095000000000068141, -16.24346467152394524 ) ) ;
#7895 = EDGE_CURVE ( 'NONE', #9304, #526, #3708, .T. ) ;
#7896 = DIRECTION ( 'NONE',  ( -1.110223024625156540E-16, -3.061276722312012491E-16, 1.000000000000000000 ) ) ;
#7897 = ORIENTED_EDGE ( 'NONE', *, *, #10219, .T. ) ;
#7898 = ORIENTED_EDGE ( 'NONE', *, *, #5310, .F. ) ;
#7899 = VERTEX_POINT ( 'NONE', #9218 ) ;
#7900 = CARTESIAN_POINT ( 'NONE',  ( -15.87086725045239177, 94.12768161796614663, 6.092255142270214030 ) ) ;
#7901 = CARTESIAN_POINT ( 'NONE',  ( 16.87891264663058521, 94.12768161796614663, 2.025415480195011497 ) ) ;
#7902 = CARTESIAN_POINT ( 'NONE',  ( 0.000000000000000000, -24.40500000000000824, -6.938893903907228378E-15 ) ) ;
#7903 = DIRECTION ( 'NONE',  ( 3.583126979299020263E-32, -1.000000000000000000, -3.111048790438776325E-16 ) ) ;
#7904 = EDGE_CURVE ( 'NONE', #9760, #9558, #5947, .T. ) ;
#7905 = EDGE_CURVE ( 'NONE', #192, #2975, #9840, .T. ) ;
#7906 = DIRECTION ( 'NONE',  ( 3.583126979299020263E-32, -1.000000000000000000, -3.111048790438776325E-16 ) ) ;
#7907 = CARTESIAN_POINT ( 'NONE',  ( 15.14711091120231323, 1.095000000000012630, 7.717838495572150848 ) ) ;
#7908 = DIRECTION ( 'NONE',  ( -1.120801499359495711E-31, -1.000000000000000000, -3.111048790438776325E-16 ) ) ;
#7909 = CARTESIAN_POINT ( 'NONE',  ( -8.715581380431297376, 1.095000000000068141, -14.59584328502738870 ) ) ;
#7910 = ORIENTED_EDGE ( 'NONE', *, *, #5058, .F. ) ;
#7911 = VERTEX_POINT ( 'NONE', #3172 ) ;
#7912 = VERTEX_POINT ( 'NONE', #4160 ) ;
#7913 = DIRECTION ( 'NONE',  ( -1.120801499359495711E-31, -1.000000000000000000, -3.111048790438776325E-16 ) ) ;
#7914 = DIRECTION ( 'NONE',  ( -1.120801499359495711E-31, -1.000000000000000000, -3.111048790438776325E-16 ) ) ;
#7915 = DIRECTION ( 'NONE',  ( -3.812444007147977456E-32, -1.000000000000000000, -3.111048790438772381E-16 ) ) ;
#7916 = CYLINDRICAL_SURFACE ( 'NONE', #11456, 17.00000000000000355 ) ;
#7917 = ORIENTED_EDGE ( 'NONE', *, *, #1633, .F. ) ;
#7918 = CARTESIAN_POINT ( 'NONE',  ( -1.540743955509788682E-30, 1.095000000000012630, 0.000000000000000000 ) ) ;
#7919 = EDGE_CURVE ( 'NONE', #6378, #9778, #10582, .T. ) ;
#7920 = CIRCLE ( 'NONE', #6063, 17.00000000000000355 ) ;
#7921 = DIRECTION ( 'NONE',  ( 1.837426895219298997E-31, -1.000000000000000000, -3.111048790438772381E-16 ) ) ;
#7922 = ADVANCED_FACE ( 'NONE', ( #6721 ), #10267, .F. ) ;
#7923 = DIRECTION ( 'NONE',  ( 0.000000000000000000, 0.000000000000000000, -1.000000000000000000 ) ) ;
#7924 = ORIENTED_EDGE ( 'NONE', *, *, #10595, .T. ) ;
#7925 = CONICAL_SURFACE ( 'NONE', #3637, 13.79155730658017376, 0.7853981633974498333 ) ;
#7926 = DIRECTION ( 'NONE',  ( 0.000000000000000000, 0.000000000000000000, -1.000000000000000000 ) ) ;
#7927 = ORIENTED_EDGE ( 'NONE', *, *, #7381, .F. ) ;
#7928 = CARTESIAN_POINT ( 'NONE',  ( 0.2499932416906596733, 128.2662312819925035, -16.99816176470583429 ) ) ;
#7929 = ORIENTED_EDGE ( 'NONE', *, *, #4830, .F. ) ;
#7930 = DIRECTION ( 'NONE',  ( 0.000000000000000000, 0.000000000000000000, -1.000000000000000000 ) ) ;
#7931 = AXIS2_PLACEMENT_3D ( 'NONE', #8584, #10192, #11046 ) ;
#7932 = FACE_OUTER_BOUND ( 'NONE', #8472, .T. ) ;
#7933 = LINE ( 'NONE', #9786, #2779 ) ;
#7934 = ORIENTED_EDGE ( 'NONE', *, *, #11009, .T. ) ;
#7935 = CARTESIAN_POINT ( 'NONE',  ( 16.96178273941303516, -3.904999999999991811, -1.139265684969748005 ) ) ;
#7936 = EDGE_CURVE ( 'NONE', #5188, #5565, #11351, .T. ) ;
#7937 = ORIENTED_EDGE ( 'NONE', *, *, #1425, .T. ) ;
#7938 = AXIS2_PLACEMENT_3D ( 'NONE', #4774, #6628, #9306 ) ;
#7939 = CARTESIAN_POINT ( 'NONE',  ( 5.858207580458103969, 94.12768161796614663, 15.95874067538739105 ) ) ;
#7940 = ORIENTED_EDGE ( 'NONE', *, *, #10280, .F. ) ;
#7941 = CARTESIAN_POINT ( 'NONE',  ( -5.253288904374003643, 1.095000000000012630, 16.16796077701763323 ) ) ;
#7942 = DIRECTION ( 'NONE',  ( -3.583126979299020263E-32, 1.000000000000000000, 3.111048790438776325E-16 ) ) ;
#7943 = CARTESIAN_POINT ( 'NONE',  ( 2.659385905684037432, 94.12768161796614663, 16.79070179011734609 ) ) ;
#7944 = CIRCLE ( 'NONE', #11307, 17.00000000000000355 ) ;
#7945 = CARTESIAN_POINT ( 'NONE',  ( 1.540743955509788682E-30, -22.90500000000000824, -1.387778780781445676E-14 ) ) ;
#7946 = ORIENTED_EDGE ( 'NONE', *, *, #4778, .F. ) ;
#7947 = ORIENTED_EDGE ( 'NONE', *, *, #7840, .T. ) ;
#7948 = ADVANCED_FACE ( 'NONE', ( #709 ), #5272, .F. ) ;
#7949 = VERTEX_POINT ( 'NONE', #7061 ) ;
#7950 = CARTESIAN_POINT ( 'NONE',  ( 14.25739965507209739, 94.12768161796608979, -9.258863595255579781 ) ) ;
#7951 = CARTESIAN_POINT ( 'NONE',  ( -9.992349288971961840, 1.095000000000012630, 13.75328890437416085 ) ) ;
#7952 = DIRECTION ( 'NONE',  ( -3.583126979299020263E-32, 1.000000000000000000, 3.111048790438776325E-16 ) ) ;
#7953 = LINE ( 'NONE', #8713, #900 ) ;
#7954 = ORIENTED_EDGE ( 'NONE', *, *, #11339, .T. ) ;
#7955 = ADVANCED_FACE ( 'NONE', ( #11331 ), #3351, .T. ) ;
#7956 = DIRECTION ( 'NONE',  ( 0.000000000000000000, 0.000000000000000000, -1.000000000000000000 ) ) ;
#7957 = AXIS2_PLACEMENT_3D ( 'NONE', #10025, #10685, #6316 ) ;
#7958 = CARTESIAN_POINT ( 'NONE',  ( -15.25896758828885247, 94.12768161796608979, -7.494258344863030885 ) ) ;
#7959 = EDGE_CURVE ( 'NONE', #7424, #1036, #174, .T. ) ;
#7960 = DIRECTION ( 'NONE',  ( 2.823503026745565068E-31, -1.000000000000000000, -3.111048790438776325E-16 ) ) ;
#7961 = ORIENTED_EDGE ( 'NONE', *, *, #1618, .F. ) ;
#7962 = ORIENTED_EDGE ( 'NONE', *, *, #5795, .F. ) ;
#7963 = VERTEX_POINT ( 'NONE', #6206 ) ;
#7964 = ADVANCED_FACE ( 'NONE', ( #3408 ), #4213, .T. ) ;
#7965 = ORIENTED_EDGE ( 'NONE', *, *, #7775, .T. ) ;
#7966 = CARTESIAN_POINT ( 'NONE',  ( -1.540743955509788682E-30, 39.99999999999997868, 1.387778780781445676E-14 ) ) ;
#7967 = DIRECTION ( 'NONE',  ( 0.000000000000000000, 0.000000000000000000, -1.000000000000000000 ) ) ;
#7968 = CARTESIAN_POINT ( 'NONE',  ( 0.2499932416906596733, 1.094999999999984874, -16.99816176470587337 ) ) ;
#7969 = CARTESIAN_POINT ( 'NONE',  ( 5.490478559968123839, 1.095000000000012630, 16.08896035120139345 ) ) ;
#7970 = ORIENTED_EDGE ( 'NONE', *, *, #6307, .T. ) ;
#7971 = DIRECTION ( 'NONE',  ( -1.110223024625156540E-16, -3.061276722312012491E-16, 1.000000000000000000 ) ) ;
#7972 = VECTOR ( 'NONE', #6779, 1000.000000000000000 ) ;
#7973 = DIRECTION ( 'NONE',  ( 3.583126979299020263E-32, -1.000000000000000000, -3.111048790438776325E-16 ) ) ;
#7974 = VECTOR ( 'NONE', #453, 1000.000000000000000 ) ;
#7975 = CYLINDRICAL_SURFACE ( 'NONE', #10397, 0.2500000000000002220 ) ;
#7976 = ORIENTED_EDGE ( 'NONE', *, *, #3944, .T. ) ;
#7977 = LINE ( 'NONE', #10352, #4089 ) ;
#7978 = ORIENTED_EDGE ( 'NONE', *, *, #6960, .F. ) ;
#7979 = CARTESIAN_POINT ( 'NONE',  ( -1.540743955509788682E-30, -3.904999999999991811, 6.938893903907228378E-15 ) ) ;
#7980 = VERTEX_POINT ( 'NONE', #4274 ) ;
#7981 = AXIS2_PLACEMENT_3D ( 'NONE', #5284, #7138, #10688 ) ;
#7982 = DIRECTION ( 'NONE',  ( 1.097869796574600868E-31, -1.000000000000000000, -3.111048790438776325E-16 ) ) ;
#7983 = CARTESIAN_POINT ( 'NONE',  ( 14.59584328502735495, 1.094999999999984874, 8.715581380431332903 ) ) ;
#7984 = ORIENTED_EDGE ( 'NONE', *, *, #7114, .F. ) ;
#7985 = AXIS2_PLACEMENT_3D ( 'NONE', #10322, #5313, #8528 ) ;
#7986 = AXIS2_PLACEMENT_3D ( 'NONE', #4032, #7590, #11153 ) ;
#7987 = LINE ( 'NONE', #3563, #228 ) ;
#7988 = AXIS2_PLACEMENT_3D ( 'NONE', #10144, #2291, #9273 ) ;
#7989 = CARTESIAN_POINT ( 'NONE',  ( -15.14711091120225284, 94.12768161796608979, -7.717838495572227231 ) ) ;
#7990 = VERTEX_POINT ( 'NONE', #2479 ) ;
#7991 = ORIENTED_EDGE ( 'NONE', *, *, #2629, .F. ) ;
#7992 = PRESENTATION_STYLE_ASSIGNMENT (( #9915 ) ) ;
#7993 = VERTEX_POINT ( 'NONE', #4386 ) ;
#7994 = PLANE ( 'NONE',  #484 ) ;
#7995 = ORIENTED_EDGE ( 'NONE', *, *, #8611, .F. ) ;
#7996 = EDGE_CURVE ( 'NONE', #3594, #3090, #7002, .T. ) ;
#7997 = AXIS2_PLACEMENT_3D ( 'NONE', #8355, #3235, #6783 ) ;
#7998 = DIRECTION ( 'NONE',  ( -3.583126979299020263E-32, 1.000000000000000000, 3.111048790438776325E-16 ) ) ;
#7999 = PLANE ( 'NONE',  #6501 ) ;
#8000 = DIRECTION ( 'NONE',  ( -1.110223024625156540E-16, -3.061276722312011998E-16, 1.000000000000000000 ) ) ;
#8001 = AXIS2_PLACEMENT_3D ( 'NONE', #4154, #1460, #10438 ) ;
#8002 = CIRCLE ( 'NONE', #2230, 17.00000000000000000 ) ;
#8003 = ADVANCED_FACE ( 'NONE', ( #5972 ), #10446, .T. ) ;
#8004 = CIRCLE ( 'NONE', #11368, 17.00000000000000000 ) ;
#8005 = AXIS2_PLACEMENT_3D ( 'NONE', #11375, #8215, #922 ) ;
#8006 = DIRECTION ( 'NONE',  ( 3.583126979299020263E-32, -1.000000000000000000, -3.111048790438776325E-16 ) ) ;
#8007 = ORIENTED_EDGE ( 'NONE', *, *, #10480, .T. ) ;
#8008 = VERTEX_POINT ( 'NONE', #1641 ) ;
#8009 = VERTEX_POINT ( 'NONE', #9572 ) ;
#8010 = CIRCLE ( 'NONE', #2801, 0.2500000000000002220 ) ;
#8011 = CARTESIAN_POINT ( 'NONE',  ( -9.789020020369394004, 1.095000000000012630, 13.89874408141999318 ) ) ;
#8012 = CARTESIAN_POINT ( 'NONE',  ( -1.540743955509788682E-30, 1.095000000000012630, 0.000000000000000000 ) ) ;
#8013 = VECTOR ( 'NONE', #7960, 1000.000000000000000 ) ;
#8014 = FACE_OUTER_BOUND ( 'NONE', #10800, .T. ) ;
#8015 = CYLINDRICAL_SURFACE ( 'NONE', #5805, 17.00000000000000355 ) ;
#8016 = CIRCLE ( 'NONE', #2989, 0.2500000000000002220 ) ;
#8017 = AXIS2_PLACEMENT_3D ( 'NONE', #8029, #3598, #10931 ) ;
#8018 = CIRCLE ( 'NONE', #10989, 4.500000000000003553 ) ;
#8019 = DIRECTION ( 'NONE',  ( 0.000000000000000000, 0.000000000000000000, -1.000000000000000000 ) ) ;
#8020 = CIRCLE ( 'NONE', #5987, 0.2500000000000002220 ) ;
#8021 = DIRECTION ( 'NONE',  ( -3.583126979299020263E-32, 1.000000000000000000, 3.111048790438776325E-16 ) ) ;
#8022 = ORIENTED_EDGE ( 'NONE', *, *, #6841, .T. ) ;
#8023 = CONICAL_SURFACE ( 'NONE', #6166, 12.50000000000000533, 0.7853981633974466137 ) ;
#8024 = EDGE_LOOP ( 'NONE', ( #2872, #1840, #54, #5744 ) ) ;
#8025 = ORIENTED_EDGE ( 'NONE', *, *, #5637, .T. ) ;
#8026 = EDGE_CURVE ( 'NONE', #7484, #885, #1851, .T. ) ;
#8027 = VECTOR ( 'NONE', #397, 1000.000000000000000 ) ;
#8028 = ORIENTED_EDGE ( 'NONE', *, *, #5856, .F. ) ;
#8029 = CARTESIAN_POINT ( 'NONE',  ( 12.63346203311555271, 94.12768161796608979, -11.37522030810070994 ) ) ;
#8030 = CARTESIAN_POINT ( 'NONE',  ( 12.02081528017140144, 1.095000000000040385, 11.77081528017120249 ) ) ;
#8031 = DIRECTION ( 'NONE',  ( -1.110223024625156540E-16, -4.081702296416015997E-16, 1.000000000000000000 ) ) ;
#8032 = VERTEX_POINT ( 'NONE', #6036 ) ;
#8033 = DIRECTION ( 'NONE',  ( -3.583126979299020263E-32, 1.000000000000000000, 3.111048790438776325E-16 ) ) ;
#8034 = CIRCLE ( 'NONE', #3744, 0.2500000000000002220 ) ;
#8035 = EDGE_CURVE ( 'NONE', #1589, #1821, #1538, .T. ) ;
#8036 = AXIS2_PLACEMENT_3D ( 'NONE', #3779, #8149, #1971 ) ;
#8037 = VECTOR ( 'NONE', #6785, 1000.000000000000000 ) ;
#8038 = AXIS2_PLACEMENT_3D ( 'NONE', #1526, #10184, #1282 ) ;
#8039 = DIRECTION ( 'NONE',  ( -3.583126979299020263E-32, 1.000000000000000000, 3.111048790438776325E-16 ) ) ;
#8040 = AXIS2_PLACEMENT_3D ( 'NONE', #1144, #2078, #2849 ) ;
#8041 = DIRECTION ( 'NONE',  ( 5.016390682794327027E-33, -1.000000000000000000, -3.111048790438772381E-16 ) ) ;
#8042 = EDGE_CURVE ( 'NONE', #3904, #4873, #727, .T. ) ;
#8043 = ORIENTED_EDGE ( 'NONE', *, *, #8369, .T. ) ;
#8044 = LINE ( 'NONE', #9947, #5595 ) ;
#8045 = ORIENTED_EDGE ( 'NONE', *, *, #8263, .F. ) ;
#8046 = DIRECTION ( 'NONE',  ( -1.613839565122628308E-31, -1.000000000000000000, -3.111048790438776325E-16 ) ) ;
#8047 = AXIS2_PLACEMENT_3D ( 'NONE', #421, #1454, #11034 ) ;
#8048 = CARTESIAN_POINT ( 'NONE',  ( -1.540743955509788682E-30, 1.095000000000012630, 0.000000000000000000 ) ) ;
#8049 = ORIENTED_EDGE ( 'NONE', *, *, #895, .F. ) ;
#8050 = CIRCLE ( 'NONE', #1329, 0.2500000000000002220 ) ;
#8051 = FACE_OUTER_BOUND ( 'NONE', #6641, .T. ) ;
#8052 = EDGE_CURVE ( 'NONE', #11044, #9192, #3146, .T. ) ;
#8053 = DIRECTION ( 'NONE',  ( -1.110223024625156540E-16, -3.061276722312012491E-16, 1.000000000000000000 ) ) ;
#8054 = EDGE_CURVE ( 'NONE', #7416, #6439, #7240, .T. ) ;
#8055 = DIRECTION ( 'NONE',  ( 0.000000000000000000, 0.000000000000000000, -1.000000000000000000 ) ) ;
#8056 = CIRCLE ( 'NONE', #32, 17.00000000000000000 ) ;
#8057 = CARTESIAN_POINT ( 'NONE',  ( -1.540743955509788682E-30, 39.99999999999997868, 1.387778780781445676E-14 ) ) ;
#8058 = AXIS2_PLACEMENT_3D ( 'NONE', #6118, #6982, #8732 ) ;
#8059 = CARTESIAN_POINT ( 'NONE',  ( 4.157973067892293706, -3.904999999999936300, -16.48366646006531866 ) ) ;
#8060 = ORIENTED_EDGE ( 'NONE', *, *, #783, .T. ) ;
#8061 = EDGE_LOOP ( 'NONE', ( #4155, #1245, #7880, #7750 ) ) ;
#8062 = ORIENTED_EDGE ( 'NONE', *, *, #4218, .F. ) ;
#8063 =( NAMED_UNIT ( * ) SI_UNIT ( $, .STERADIAN. ) SOLID_ANGLE_UNIT ( ) );
#8064 = ORIENTED_EDGE ( 'NONE', *, *, #7463, .T. ) ;
#8065 = CARTESIAN_POINT ( 'NONE',  ( -1.540743955509788682E-30, 1.095000000000012630, 0.000000000000000000 ) ) ;
#8066 = EDGE_LOOP ( 'NONE', ( #2845, #6229, #3916, #10838 ) ) ;
#8067 = ADVANCED_FACE ( 'NONE', ( #3289 ), #9686, .T. ) ;
#8068 = CYLINDRICAL_SURFACE ( 'NONE', #1466, 17.00000000000000355 ) ;
#8069 = CARTESIAN_POINT ( 'NONE',  ( -1.531170446720261786E-15, 23.29500000000000881, 13.79155730658019507 ) ) ;
#8070 = ADVANCED_FACE ( 'NONE', ( #2409 ), #1706, .F. ) ;
#8071 = DIRECTION ( 'NONE',  ( -3.583126979299020263E-32, 1.000000000000000000, 3.111048790438776325E-16 ) ) ;
#8072 = EDGE_CURVE ( 'NONE', #8598, #9378, #8734, .T. ) ;
#8073 = DIRECTION ( 'NONE',  ( 0.000000000000000000, 0.000000000000000000, 1.000000000000000000 ) ) ;
#8074 = ORIENTED_EDGE ( 'NONE', *, *, #5696, .T. ) ;
#8075 = VERTEX_POINT ( 'NONE', #9793 ) ;
#8076 = VERTEX_POINT ( 'NONE', #5557 ) ;
#8077 = DIRECTION ( 'NONE',  ( 0.000000000000000000, 0.000000000000000000, -1.000000000000000000 ) ) ;
#8078 = CARTESIAN_POINT ( 'NONE',  ( -1.540743955509788682E-30, -10.60500000000000398, 0.000000000000000000 ) ) ;
#8079 = DIRECTION ( 'NONE',  ( 0.000000000000000000, 0.000000000000000000, 1.000000000000000000 ) ) ;
#8080 = LINE ( 'NONE', #8251, #11003 ) ;
#8081 = CARTESIAN_POINT ( 'NONE',  ( -4.157973067892412722, -3.904999999999991811, 16.48366646006529379 ) ) ;
#8082 = CARTESIAN_POINT ( 'NONE',  ( -1.540743955509788682E-30, -28.40500000000001535, -6.938893903907228378E-15 ) ) ;
#8083 = ORIENTED_EDGE ( 'NONE', *, *, #944, .T. ) ;
#8084 = ORIENTED_EDGE ( 'NONE', *, *, #10949, .F. ) ;
#8085 = EDGE_LOOP ( 'NONE', ( #9850, #8512, #3500, #9761 ) ) ;
#8086 = ORIENTED_EDGE ( 'NONE', *, *, #7527, .T. ) ;
#8087 = DIRECTION ( 'NONE',  ( -1.110223024625156540E-16, -3.061276722312012491E-16, 1.000000000000000000 ) ) ;
#8088 = DIRECTION ( 'NONE',  ( -3.583126979299020263E-32, 1.000000000000000000, 3.111048790438776325E-16 ) ) ;
#8089 = CARTESIAN_POINT ( 'NONE',  ( -15.63027488033809753, 94.12768161796608979, -6.685395064247964925 ) ) ;
#8090 = FACE_OUTER_BOUND ( 'NONE', #10057, .T. ) ;
#8091 = ADVANCED_FACE ( 'NONE', ( #5450 ), #8992, .F. ) ;
#8092 = VERTEX_POINT ( 'NONE', #5379 ) ;
#8093 = DIRECTION ( 'NONE',  ( 6.664614890318599270E-32, -1.000000000000000000, -3.111048790438776325E-16 ) ) ;
#8094 = DIRECTION ( 'NONE',  ( 0.000000000000000000, 0.000000000000000000, -1.000000000000000000 ) ) ;
#8095 = LINE ( 'NONE', #1207, #7441 ) ;
#8096 = ORIENTED_EDGE ( 'NONE', *, *, #10514, .T. ) ;
#8097 = DIRECTION ( 'NONE',  ( -3.583126979299020263E-32, 1.000000000000000000, 3.111048790438776325E-16 ) ) ;
#8098 = VERTEX_POINT ( 'NONE', #8237 ) ;
#8099 = FACE_OUTER_BOUND ( 'NONE', #3029, .T. ) ;
#8100 = ORIENTED_EDGE ( 'NONE', *, *, #10705, .T. ) ;
#8101 = DIRECTION ( 'NONE',  ( 0.000000000000000000, 0.000000000000000000, -1.000000000000000000 ) ) ;
#8102 = VECTOR ( 'NONE', #6499, 1000.000000000000000 ) ;
#8103 = DIRECTION ( 'NONE',  ( -6.277634335963640990E-32, -1.000000000000000000, -3.111048790438772381E-16 ) ) ;
#8104 = ORIENTED_EDGE ( 'NONE', *, *, #8374, .T. ) ;
#8105 = EDGE_CURVE ( 'NONE', #11145, #4463, #8927, .T. ) ;
#8106 = CARTESIAN_POINT ( 'NONE',  ( -0.2499932416906595622, 94.12768161796614663, 16.99816176470590179 ) ) ;
#8107 = CYLINDRICAL_SURFACE ( 'NONE', #10255, 0.2500000000000002220 ) ;
#8108 = CIRCLE ( 'NONE', #3821, 0.2500000000000006661 ) ;
#8109 = CARTESIAN_POINT ( 'NONE',  ( -13.21148134476843872, 1.095000000000040385, 10.69844664784731059 ) ) ;
#8110 = EDGE_CURVE ( 'NONE', #10436, #9202, #10728, .T. ) ;
#8111 = ORIENTED_EDGE ( 'NONE', *, *, #5960, .F. ) ;
#8112 = ORIENTED_EDGE ( 'NONE', *, *, #10302, .F. ) ;
#8113 = ORIENTED_EDGE ( 'NONE', *, *, #3212, .F. ) ;
#8114 = CARTESIAN_POINT ( 'NONE',  ( -1.540743955509788682E-30, 1.095000000000012630, 0.000000000000000000 ) ) ;
#8115 = ORIENTED_EDGE ( 'NONE', *, *, #5696, .F. ) ;
#8116 = CARTESIAN_POINT ( 'NONE',  ( -16.08896035120136148, 94.12768161796603295, -5.490478559968134498 ) ) ;
#8117 = DIRECTION ( 'NONE',  ( -1.110223024625156540E-16, -3.061276722312011998E-16, 1.000000000000000000 ) ) ;
#8118 = VECTOR ( 'NONE', #5855, 1000.000000000000000 ) ;
#8119 = CARTESIAN_POINT ( 'NONE',  ( -12.63346203311563265, 94.12768161796608979, 11.37522030810068863 ) ) ;
#8120 = EDGE_CURVE ( 'NONE', #6273, #9914, #4512, .T. ) ;
#8121 = CIRCLE ( 'NONE', #5704, 0.2500000000000002220 ) ;
#8122 = DIRECTION ( 'NONE',  ( -3.583126979299020263E-32, 1.000000000000000000, 3.111048790438776325E-16 ) ) ;
#8123 = ORIENTED_EDGE ( 'NONE', *, *, #6554, .T. ) ;
#8124 = EDGE_LOOP ( 'NONE', ( #7984, #10153, #2177, #2745 ) ) ;
#8125 = ORIENTED_EDGE ( 'NONE', *, *, #6774, .T. ) ;
#8126 = DIRECTION ( 'NONE',  ( -3.583126979299020263E-32, 1.000000000000000000, 3.111048790438776325E-16 ) ) ;
#8127 = DIRECTION ( 'NONE',  ( 3.583126979299020263E-32, -1.000000000000000000, -3.111048790438776325E-16 ) ) ;
#8128 = CARTESIAN_POINT ( 'NONE',  ( -1.540743955509788682E-30, 39.99999999999997868, 1.387778780781445676E-14 ) ) ;
#8129 = ORIENTED_EDGE ( 'NONE', *, *, #6578, .F. ) ;
#8130 = CARTESIAN_POINT ( 'NONE',  ( 11.55977147257027937, 1.095000000000040385, 12.46481782867083687 ) ) ;
#8131 = ADVANCED_FACE ( 'NONE', ( #7351 ), #1815, .T. ) ;
#8132 = DIRECTION ( 'NONE',  ( 0.000000000000000000, 0.000000000000000000, -1.000000000000000000 ) ) ;
#8133 = CARTESIAN_POINT ( 'NONE',  ( -16.08896035120132950, -3.904999999999963833, -5.490478559968287264 ) ) ;
#8134 = ORIENTED_EDGE ( 'NONE', *, *, #1964, .F. ) ;
#8135 = ORIENTED_EDGE ( 'NONE', *, *, #9249, .F. ) ;
#8136 = ORIENTED_EDGE ( 'NONE', *, *, #996, .T. ) ;
#8137 = ORIENTED_EDGE ( 'NONE', *, *, #9080, .F. ) ;
#8138 = CARTESIAN_POINT ( 'NONE',  ( -1.139265684969344772, 1.095000000000012630, 16.96178273941307424 ) ) ;
#8139 = DIRECTION ( 'NONE',  ( -3.583126979299020263E-32, 1.000000000000000000, 3.111048790438776325E-16 ) ) ;
#8140 = DIRECTION ( 'NONE',  ( -1.110223024625156540E-16, -4.081702296416015997E-16, 1.000000000000000000 ) ) ;
#8141 = ORIENTED_EDGE ( 'NONE', *, *, #7116, .T. ) ;
#8142 = AXIS2_PLACEMENT_3D ( 'NONE', #8612, #2838, #11511 ) ;
#8143 = LINE ( 'NONE', #2951, #1448 ) ;
#8144 = ADVANCED_FACE ( 'NONE', ( #10677 ), #9963, .F. ) ;
#8145 = EDGE_CURVE ( 'NONE', #6358, #6767, #6490, .T. ) ;
#8146 = DIRECTION ( 'NONE',  ( 0.000000000000000000, 0.000000000000000000, -1.000000000000000000 ) ) ;
#8147 = DIRECTION ( 'NONE',  ( -3.583126979299020263E-32, 1.000000000000000000, 3.111048790438776325E-16 ) ) ;
#8148 = FACE_OUTER_BOUND ( 'NONE', #11440, .T. ) ;
#8149 = DIRECTION ( 'NONE',  ( -3.583126979299020263E-32, 1.000000000000000000, 3.111048790438776325E-16 ) ) ;
#8150 = VECTOR ( 'NONE', #11167, 1000.000000000000000 ) ;
#8151 = CYLINDRICAL_SURFACE ( 'NONE', #3192, 17.00000000000000355 ) ;
#8152 = ORIENTED_EDGE ( 'NONE', *, *, #5686, .F. ) ;
#8153 = CARTESIAN_POINT ( 'NONE',  ( -3.289586263734407101, 1.095000000000068141, -16.67868766460508212 ) ) ;
#8154 = AXIS2_PLACEMENT_3D ( 'NONE', #10465, #7903, #724 ) ;
#8155 = CARTESIAN_POINT ( 'NONE',  ( 13.60485940014302209, 94.12768161796608979, 10.19351758238246042 ) ) ;
#8156 = EDGE_LOOP ( 'NONE', ( #2979, #4908, #3086, #11027 ) ) ;
#8157 = DIRECTION ( 'NONE',  ( -1.110223024625156540E-16, -3.061276722312012491E-16, 1.000000000000000000 ) ) ;
#8158 = ADVANCED_FACE ( 'NONE', ( #8170 ), #8068, .T. ) ;
#8159 = DIRECTION ( 'NONE',  ( 0.000000000000000000, 0.000000000000000000, -1.000000000000000000 ) ) ;
#8160 = AXIS2_PLACEMENT_3D ( 'NONE', #6098, #4350, #4455 ) ;
#8161 = AXIS2_PLACEMENT_3D ( 'NONE', #4427, #10, #1386 ) ;
#8162 = ORIENTED_EDGE ( 'NONE', *, *, #7562, .T. ) ;
#8163 = ORIENTED_EDGE ( 'NONE', *, *, #5977, .T. ) ;
#8164 = ORIENTED_EDGE ( 'NONE', *, *, #8914, .F. ) ;
#8165 = FILL_AREA_STYLE ('',( #9961 ) ) ;
#8166 = ADVANCED_FACE ( 'NONE', ( #5620 ), #194, .F. ) ;
#8167 = EDGE_LOOP ( 'NONE', ( #8478, #5109, #5150, #4748 ) ) ;
#8168 = CARTESIAN_POINT ( 'NONE',  ( 14.72243186433552076, -3.904999999999991811, 8.499999999999868550 ) ) ;
#8169 = AXIS2_PLACEMENT_3D ( 'NONE', #338, #1974, #3891 ) ;
#8170 = FACE_OUTER_BOUND ( 'NONE', #6177, .T. ) ;
#8171 = DIRECTION ( 'NONE',  ( -1.110223024625156540E-16, -3.061276722312011998E-16, 1.000000000000000000 ) ) ;
#8172 = AXIS2_PLACEMENT_3D ( 'NONE', #1469, #7490, #2227 ) ;
#8173 = CYLINDRICAL_SURFACE ( 'NONE', #410, 17.00000000000000355 ) ;
#8174 = CIRCLE ( 'NONE', #10018, 6.000000000000006217 ) ;
#8175 = EDGE_CURVE ( 'NONE', #4732, #6066, #1935, .T. ) ;
#8176 = EDGE_CURVE ( 'NONE', #7172, #7123, #741, .T. ) ;
#8177 = CIRCLE ( 'NONE', #1276, 17.00000000000000355 ) ;
#8178 = DIRECTION ( 'NONE',  ( -3.583126979299020263E-32, 1.000000000000000000, 3.111048790438776325E-16 ) ) ;
#8179 = VERTEX_POINT ( 'NONE', #86 ) ;
#8180 = ORIENTED_EDGE ( 'NONE', *, *, #6088, .F. ) ;
#8181 = VECTOR ( 'NONE', #4275, 1000.000000000000000 ) ;
#8182 = VERTEX_POINT ( 'NONE', #138 ) ;
#8183 = DIRECTION ( 'NONE',  ( 2.330464960982432251E-31, -1.000000000000000000, -3.111048790438776325E-16 ) ) ;
#8184 = CARTESIAN_POINT ( 'NONE',  ( -9.258863595255371948, 94.12768161796620348, 14.25739965507229812 ) ) ;
#8185 = DIRECTION ( 'NONE',  ( 2.330464960982432251E-31, -1.000000000000000000, -3.111048790438776325E-16 ) ) ;
#8186 = DIRECTION ( 'NONE',  ( -6.277634335963640990E-32, -1.000000000000000000, -3.111048790438772381E-16 ) ) ;
#8187 = CIRCLE ( 'NONE', #4654, 0.2500000000000002220 ) ;
#8188 = ORIENTED_EDGE ( 'NONE', *, *, #3322, .F. ) ;
#8189 = DIRECTION ( 'NONE',  ( 1.344388829456166400E-31, -1.000000000000000000, -3.111048790438772381E-16 ) ) ;
#8190 = EDGE_CURVE ( 'NONE', #11488, #10164, #8004, .T. ) ;
#8191 = AXIS2_PLACEMENT_3D ( 'NONE', #4078, #8288, #9323 ) ;
#8192 = FACE_OUTER_BOUND ( 'NONE', #632, .T. ) ;
#8193 = VECTOR ( 'NONE', #7334, 1000.000000000000000 ) ;
#8194 = CARTESIAN_POINT ( 'NONE',  ( 16.42073904691418562, -3.904999999999963833, 4.149923766742697140 ) ) ;
#8195 = AXIS2_PLACEMENT_3D ( 'NONE', #3975, #7531, #11090 ) ;
#8196 = AXIS2_PLACEMENT_3D ( 'NONE', #8547, #3202, #3251 ) ;
#8197 = DIRECTION ( 'NONE',  ( 2.330464960982432251E-31, -1.000000000000000000, -3.111048790438776325E-16 ) ) ;
#8198 = ORIENTED_EDGE ( 'NONE', *, *, #9331, .F. ) ;
#8199 = EDGE_CURVE ( 'NONE', #8581, #1031, #5026, .T. ) ;
#8200 = ORIENTED_EDGE ( 'NONE', *, *, #4069, .F. ) ;
#8201 = ORIENTED_EDGE ( 'NONE', *, *, #5276, .F. ) ;
#8202 = DIRECTION ( 'NONE',  ( 0.000000000000000000, 0.000000000000000000, 1.000000000000000000 ) ) ;
#8203 = DIRECTION ( 'NONE',  ( -3.583126979299020263E-32, 1.000000000000000000, 3.111048790438776325E-16 ) ) ;
#8204 = DIRECTION ( 'NONE',  ( 3.583126979299020263E-32, -1.000000000000000000, -3.111048790438776325E-16 ) ) ;
#8205 = AXIS2_PLACEMENT_3D ( 'NONE', #8506, #6705, #7642 ) ;
#8206 = ORIENTED_EDGE ( 'NONE', *, *, #6185, .T. ) ;
#8207 = CARTESIAN_POINT ( 'NONE',  ( 1.540743955509788682E-30, -28.40499999999998693, -1.387778780781445676E-14 ) ) ;
#8208 = AXIS2_PLACEMENT_3D ( 'NONE', #3205, #7687, #8618 ) ;
#8209 = AXIS2_PLACEMENT_3D ( 'NONE', #2003, #3812, #2842 ) ;
#8210 = CIRCLE ( 'NONE', #9869, 0.2500000000000002220 ) ;
#8211 = DIRECTION ( 'NONE',  ( -1.110223024625156540E-16, -3.061276722312011998E-16, 1.000000000000000000 ) ) ;
#8212 = CARTESIAN_POINT ( 'NONE',  ( -1.540743955509788682E-30, 1.095000000000012630, 0.000000000000000000 ) ) ;
#8213 = EDGE_CURVE ( 'NONE', #4533, #664, #3679, .T. ) ;
#8214 = VECTOR ( 'NONE', #6335, 1000.000000000000000 ) ;
#8215 = DIRECTION ( 'NONE',  ( 3.583126979299020263E-32, -1.000000000000000000, -3.111048790438776325E-16 ) ) ;
#8216 = DIRECTION ( 'NONE',  ( 1.590907862337733465E-31, -1.000000000000000000, -3.111048790438776325E-16 ) ) ;
#8217 = DIRECTION ( 'NONE',  ( 0.000000000000000000, 0.000000000000000000, -1.000000000000000000 ) ) ;
#8218 = DIRECTION ( 'NONE',  ( 3.583126979299020263E-32, -1.000000000000000000, -3.111048790438776325E-16 ) ) ;
#8219 = ORIENTED_EDGE ( 'NONE', *, *, #9794, .T. ) ;
#8220 = DIRECTION ( 'NONE',  ( -1.120801499359495711E-31, -1.000000000000000000, -3.111048790438776325E-16 ) ) ;
#8221 = CIRCLE ( 'NONE', #8967, 0.2500000000000002220 ) ;
#8222 = CIRCLE ( 'NONE', #2250, 17.00000000000000000 ) ;
#8223 = VECTOR ( 'NONE', #730, 1000.000000000000000 ) ;
#8224 = VECTOR ( 'NONE', #5352, 1000.000000000000000 ) ;
#8225 = CARTESIAN_POINT ( 'NONE',  ( 12.02081528017140144, 1.095000000000040385, 12.02081528017120249 ) ) ;
#8226 = DIRECTION ( 'NONE',  ( 0.000000000000000000, 0.000000000000000000, -1.000000000000000000 ) ) ;
#8227 = CIRCLE ( 'NONE', #5061, 0.2500000000000002220 ) ;
#8228 = DIRECTION ( 'NONE',  ( 3.583126979299020263E-32, -1.000000000000000000, -3.111048790438776325E-16 ) ) ;
#8229 = CARTESIAN_POINT ( 'NONE',  ( -8.499999999999905853, 1.095000000000012630, 14.47243186433550655 ) ) ;
#8230 = AXIS2_PLACEMENT_3D ( 'NONE', #2482, #31, #9629 ) ;
#8231 = ORIENTED_EDGE ( 'NONE', *, *, #944, .F. ) ;
#8232 = ORIENTED_EDGE ( 'NONE', *, *, #5334, .T. ) ;
#8233 = CARTESIAN_POINT ( 'NONE',  ( 6.685395064248152330, 94.12768161796614663, 15.63027488033807977 ) ) ;
#8234 = ORIENTED_EDGE ( 'NONE', *, *, #4087, .F. ) ;
#8235 = ORIENTED_EDGE ( 'NONE', *, *, #7753, .T. ) ;
#8236 = EDGE_CURVE ( 'NONE', #6353, #8076, #9037, .T. ) ;
#8237 = CARTESIAN_POINT ( 'NONE',  ( -16.35426043587234801, 1.095000000000012630, 4.640922924985954268 ) ) ;
#8238 = DIRECTION ( 'NONE',  ( 3.583126979299020263E-32, -1.000000000000000000, -3.111048790438776325E-16 ) ) ;
#8239 = AXIS2_PLACEMENT_3D ( 'NONE', #8572, #10132, #7704 ) ;
#8240 = CARTESIAN_POINT ( 'NONE',  ( -10.69844664784715604, 1.095000000000012630, 12.96148134476856484 ) ) ;
#8241 = CARTESIAN_POINT ( 'NONE',  ( 16.67868766460509988, 94.12768161796614663, 3.289586263734274763 ) ) ;
#8242 = ORIENTED_EDGE ( 'NONE', *, *, #2459, .T. ) ;
#8243 = ORIENTED_EDGE ( 'NONE', *, *, #483, .T. ) ;
#8244 = EDGE_CURVE ( 'NONE', #583, #4162, #5594, .T. ) ;
#8245 = ORIENTED_EDGE ( 'NONE', *, *, #141, .F. ) ;
#8246 = CARTESIAN_POINT ( 'NONE',  ( 14.72243186433534667, 94.12768161796608979, -8.500000000000138556 ) ) ;
#8247 = CARTESIAN_POINT ( 'NONE',  ( -12.63346203311563265, -3.904999999999963833, 11.12522030810065488 ) ) ;
#8248 = CARTESIAN_POINT ( 'NONE',  ( 16.96178273941303871, 94.12768161796614663, -1.139265684969616110 ) ) ;
#8249 = DIRECTION ( 'NONE',  ( 0.000000000000000000, 0.000000000000000000, 1.000000000000000000 ) ) ;
#8250 = ORIENTED_EDGE ( 'NONE', *, *, #6673, .T. ) ;
#8251 = CARTESIAN_POINT ( 'NONE',  ( 16.99816176470585916, 94.12768161796614663, -0.2499932416908101640 ) ) ;
#8252 = EDGE_CURVE ( 'NONE', #1497, #10260, #7829, .T. ) ;
#8253 = LINE ( 'NONE', #6489, #4302 ) ;
#8254 = CARTESIAN_POINT ( 'NONE',  ( -1.540743955509788682E-30, 28.40500000000001535, 1.387778780781445676E-14 ) ) ;
#8255 = EDGE_CURVE ( 'NONE', #10124, #9244, #5965, .T. ) ;
#8256 = DIRECTION ( 'NONE',  ( 7.850462293418895555E-17, -0.7071067811865456854, -0.7071067811865493491 ) ) ;
#8257 = ORIENTED_EDGE ( 'NONE', *, *, #10643, .F. ) ;
#8258 = ADVANCED_FACE ( 'NONE', ( #10249 ), #3093, .T. ) ;
#8259 = ORIENTED_EDGE ( 'NONE', *, *, #7034, .F. ) ;
#8260 = EDGE_CURVE ( 'NONE', #1653, #771, #2039, .T. ) ;
#8261 = ORIENTED_EDGE ( 'NONE', *, *, #9691, .F. ) ;
#8262 = LINE ( 'NONE', #10876, #2815 ) ;
#8263 = EDGE_CURVE ( 'NONE', #3716, #8325, #11208, .T. ) ;
#8264 = CARTESIAN_POINT ( 'NONE',  ( 1.540743955509788682E-30, -22.90500000000000824, -1.387778780781445676E-14 ) ) ;
#8265 = DIRECTION ( 'NONE',  ( 0.000000000000000000, 0.000000000000000000, -1.000000000000000000 ) ) ;
#8266 = CARTESIAN_POINT ( 'NONE',  ( -13.75328890437404894, 94.12768161796608979, 9.992349288972150134 ) ) ;
#8267 = DIRECTION ( 'NONE',  ( 1.837426895219299873E-31, -1.000000000000000000, -3.111048790438776325E-16 ) ) ;
#8268 = CARTESIAN_POINT ( 'NONE',  ( 7.717838495572404867, 94.12768161796614663, 14.89711091120222264 ) ) ;
#8269 = ORIENTED_EDGE ( 'NONE', *, *, #10300, .T. ) ;
#8270 = CARTESIAN_POINT ( 'NONE',  ( -13.21148134476843872, 94.12768161796608979, 10.69844664784734611 ) ) ;
#8271 = CARTESIAN_POINT ( 'NONE',  ( -16.35426043587229472, -3.904999999999963833, -4.640922924986155884 ) ) ;
#8272 = EDGE_CURVE ( 'NONE', #1419, #7052, #7065, .T. ) ;
#8273 = ORIENTED_EDGE ( 'NONE', *, *, #10787, .T. ) ;
#8274 = CARTESIAN_POINT ( 'NONE',  ( -1.540743955509788682E-30, 28.30499999999999616, 6.938893903907228378E-15 ) ) ;
#8275 = DIRECTION ( 'NONE',  ( 0.000000000000000000, 0.000000000000000000, -1.000000000000000000 ) ) ;
#8276 = DIRECTION ( 'NONE',  ( -3.583126979299020263E-32, 1.000000000000000000, 3.111048790438776325E-16 ) ) ;
#8277 = DIRECTION ( 'NONE',  ( -3.583126979299020263E-32, 1.000000000000000000, 3.111048790438776325E-16 ) ) ;
#8278 = ADVANCED_FACE ( 'NONE', ( #2983, #4907 ), #3220, .T. ) ;
#8279 = ADVANCED_FACE ( 'NONE', ( #3846 ), #9377, .F. ) ;
#8280 = CARTESIAN_POINT ( 'NONE',  ( -16.48366646006521208, 94.12768161796614663, 4.157973067892735131 ) ) ;
#8281 = CARTESIAN_POINT ( 'NONE',  ( -1.540743955509788682E-30, 1.095000000000012630, 0.000000000000000000 ) ) ;
#8282 = EDGE_LOOP ( 'NONE', ( #6443, #2402, #8739, #8503 ) ) ;
#8283 = VERTEX_POINT ( 'NONE', #4845 ) ;
#8284 = CIRCLE ( 'NONE', #8835, 17.00000000000000355 ) ;
#8285 = CARTESIAN_POINT ( 'NONE',  ( 14.84583652671789800, -3.904999999999936300, -8.282580384274485397 ) ) ;
#8286 = DIRECTION ( 'NONE',  ( 1.590907862337732589E-31, -1.000000000000000000, -3.111048790438776325E-16 ) ) ;
#8287 = VERTEX_POINT ( 'NONE', #10130 ) ;
#8288 = DIRECTION ( 'NONE',  ( -3.583126979299020263E-32, 1.000000000000000000, 3.111048790438776325E-16 ) ) ;
#8289 = ORIENTED_EDGE ( 'NONE', *, *, #2321, .F. ) ;
#8290 = DIRECTION ( 'NONE',  ( 2.330464960982432251E-31, -1.000000000000000000, -3.111048790438776325E-16 ) ) ;
#8291 = VECTOR ( 'NONE', #9700, 1000.000000000000000 ) ;
#8292 = EDGE_CURVE ( 'NONE', #9084, #9043, #10413, .T. ) ;
#8293 = DIRECTION ( 'NONE',  ( 7.850462293418883229E-17, -0.7071067811865467956, -0.7071067811865482389 ) ) ;
#8294 = ORIENTED_EDGE ( 'NONE', *, *, #9225, .T. ) ;
#8295 = VERTEX_POINT ( 'NONE', #6533 ) ;
#8296 = AXIS2_PLACEMENT_3D ( 'NONE', #1355, #9338, #10263 ) ;
#8297 = CARTESIAN_POINT ( 'NONE',  ( -1.540743955509788682E-30, -3.904999999999991811, 6.938893903907228378E-15 ) ) ;
#8298 = CARTESIAN_POINT ( 'NONE',  ( -10.69844664784715604, 94.12768161796620348, 13.21148134476860747 ) ) ;
#8299 = DIRECTION ( 'NONE',  ( -1.110223024625156540E-16, -5.120523282132776599E-16, 1.000000000000000000 ) ) ;
#8300 = CARTESIAN_POINT ( 'NONE',  ( 1.139265684969226200, 1.095000000000012630, -16.96178273941307424 ) ) ;
#8301 = ORIENTED_EDGE ( 'NONE', *, *, #2844, .T. ) ;
#8302 = CARTESIAN_POINT ( 'NONE',  ( 11.18820910463689700, -3.904999999999963833, 12.79937408746693883 ) ) ;
#8303 = DIRECTION ( 'NONE',  ( 3.583126979299020263E-32, -1.000000000000000000, -3.111048790438776325E-16 ) ) ;
#8304 = AXIS2_PLACEMENT_3D ( 'NONE', #11366, #5003, #10479 ) ;
#8305 = CYLINDRICAL_SURFACE ( 'NONE', #11116, 0.2500000000000006661 ) ;
#8306 = EDGE_CURVE ( 'NONE', #1856, #2153, #2429, .T. ) ;
#8307 = DIRECTION ( 'NONE',  ( 1.344388829456166400E-31, -1.000000000000000000, -3.111048790438772381E-16 ) ) ;
#8308 = ORIENTED_EDGE ( 'NONE', *, *, #7195, .T. ) ;
#8309 = ORIENTED_EDGE ( 'NONE', *, *, #4180, .F. ) ;
#8310 = VERTEX_POINT ( 'NONE', #9208 ) ;
#8311 = CARTESIAN_POINT ( 'NONE',  ( -12.63346203311571081, 1.095000000000012630, -11.37522030810056428 ) ) ;
#8312 = CARTESIAN_POINT ( 'NONE',  ( -11.37522030810051632, 1.095000000000040385, 12.63346203311576588 ) ) ;
#8313 = LINE ( 'NONE', #3704, #6601 ) ;
#8314 = EDGE_CURVE ( 'NONE', #7899, #6831, #2982, .T. ) ;
#8315 = LINE ( 'NONE', #1085, #10375 ) ;
#8316 = ADVANCED_FACE ( 'NONE', ( #8455 ), #3908, .T. ) ;
#8317 = EDGE_CURVE ( 'NONE', #3152, #638, #3906, .T. ) ;
#8318 = DIRECTION ( 'NONE',  ( 0.000000000000000000, 0.000000000000000000, -1.000000000000000000 ) ) ;
#8319 = ADVANCED_FACE ( 'NONE', ( #9257 ), #1278, .T. ) ;
#8320 = CARTESIAN_POINT ( 'NONE',  ( -3.534498743901803408, 1.095000000000012630, 16.62850921247471092 ) ) ;
#8321 = VERTEX_POINT ( 'NONE', #4016 ) ;
#8322 = ORIENTED_EDGE ( 'NONE', *, *, #10433, .F. ) ;
#8323 = CIRCLE ( 'NONE', #2362, 17.00000000000000355 ) ;
#8324 = LINE ( 'NONE', #4889, #10407 ) ;
#8325 = VERTEX_POINT ( 'NONE', #7576 ) ;
#8326 = DIRECTION ( 'NONE',  ( -3.583126979299020263E-32, 1.000000000000000000, 3.111048790438776325E-16 ) ) ;
#8327 = VERTEX_POINT ( 'NONE', #11135 ) ;
#8328 = CARTESIAN_POINT ( 'NONE',  ( 0.2499932416907650057, -3.904999999999991811, 16.99816176470588758 ) ) ;
#8329 = DIRECTION ( 'NONE',  ( -3.583126979299020263E-32, 1.000000000000000000, 3.111048790438776325E-16 ) ) ;
#8330 = CARTESIAN_POINT ( 'NONE',  ( 11.18820910463697160, 1.095000000000012630, 12.79937408746686245 ) ) ;
#8331 = DIRECTION ( 'NONE',  ( -3.583126979299020263E-32, 1.000000000000000000, 3.111048790438776325E-16 ) ) ;
#8332 = VECTOR ( 'NONE', #2882, 1000.000000000000000 ) ;
#8333 = DIRECTION ( 'NONE',  ( -3.583126979299020263E-32, 1.000000000000000000, 3.111048790438776325E-16 ) ) ;
#8334 = ORIENTED_EDGE ( 'NONE', *, *, #10046, .T. ) ;
#8335 = ORIENTED_EDGE ( 'NONE', *, *, #9373, .T. ) ;
#8336 = ORIENTED_EDGE ( 'NONE', *, *, #2689, .T. ) ;
#8337 = ADVANCED_FACE ( 'NONE', ( #3154 ), #10594, .F. ) ;
#8338 = DIRECTION ( 'NONE',  ( -3.583126979299020263E-32, 1.000000000000000000, 3.111048790438776325E-16 ) ) ;
#8339 = ORIENTED_EDGE ( 'NONE', *, *, #9200, .F. ) ;
#8340 = CIRCLE ( 'NONE', #4800, 0.2500000000000002220 ) ;
#8341 = DIRECTION ( 'NONE',  ( 0.000000000000000000, 0.000000000000000000, -1.000000000000000000 ) ) ;
#8342 = CIRCLE ( 'NONE', #6473, 17.00000000000000355 ) ;
#8343 = CIRCLE ( 'NONE', #3669, 17.00000000000000000 ) ;
#8344 = ORIENTED_EDGE ( 'NONE', *, *, #5214, .F. ) ;
#8345 = DIRECTION ( 'NONE',  ( 0.000000000000000000, 0.000000000000000000, -1.000000000000000000 ) ) ;
#8346 = AXIS2_PLACEMENT_3D ( 'NONE', #2507, #5351, #3542 ) ;
#8347 = ORIENTED_EDGE ( 'NONE', *, *, #11321, .T. ) ;
#8348 = ORIENTED_EDGE ( 'NONE', *, *, #1057, .T. ) ;
#8349 = EDGE_CURVE ( 'NONE', #8009, #10297, #8557, .T. ) ;
#8350 = CARTESIAN_POINT ( 'NONE',  ( -4.157973067892522856, -3.904999999999936300, -16.48366646006525471 ) ) ;
#8351 = CARTESIAN_POINT ( 'NONE',  ( 2.412182932283633452, -3.904999999999991811, 16.82799374557761851 ) ) ;
#8352 = AXIS2_PLACEMENT_3D ( 'NONE', #5570, #1234, #2116 ) ;
#8353 = AXIS2_PLACEMENT_3D ( 'NONE', #4634, #9002, #9928 ) ;
#8354 = CARTESIAN_POINT ( 'NONE',  ( -16.99816176470586981, 94.12768161796614663, 0.2499932416907615917 ) ) ;
#8355 = CARTESIAN_POINT ( 'NONE',  ( 10.69844664784733546, 94.12768161796620348, 13.21148134476844760 ) ) ;
#8356 = ORIENTED_EDGE ( 'NONE', *, *, #10572, .T. ) ;
#8357 = DIRECTION ( 'NONE',  ( -6.277634335963632232E-32, -1.000000000000000000, -3.111048790438776325E-16 ) ) ;
#8358 = DIRECTION ( 'NONE',  ( -1.110223024625156540E-16, -4.081702296416015997E-16, 1.000000000000000000 ) ) ;
#8359 = CARTESIAN_POINT ( 'NONE',  ( -1.540743955509788682E-30, 1.095000000000012630, 0.000000000000000000 ) ) ;
#8360 = CARTESIAN_POINT ( 'NONE',  ( -1.776356839400253620E-15, -3.904999999999996696, 16.00000000000002132 ) ) ;
#8361 = ORIENTED_EDGE ( 'NONE', *, *, #1618, .T. ) ;
#8362 = VERTEX_POINT ( 'NONE', #6821 ) ;
#8363 = ORIENTED_EDGE ( 'NONE', *, *, #9096, .F. ) ;
#8364 = DIRECTION ( 'NONE',  ( 0.000000000000000000, 0.000000000000000000, -1.000000000000000000 ) ) ;
#8365 = AXIS2_PLACEMENT_3D ( 'NONE', #4516, #1991, #2653 ) ;
#8366 = FACE_OUTER_BOUND ( 'NONE', #3229, .T. ) ;
#8367 = CARTESIAN_POINT ( 'NONE',  ( -7.717838495572205026, -3.904999999999991811, 15.14711091120230613 ) ) ;
#8368 = CARTESIAN_POINT ( 'NONE',  ( -1.540743955509788682E-30, 1.095000000000012630, 0.000000000000000000 ) ) ;
#8369 = EDGE_CURVE ( 'NONE', #3574, #7653, #9561, .T. ) ;
#8370 = AXIS2_PLACEMENT_3D ( 'NONE', #5485, #2790, #9775 ) ;
#8371 = DIRECTION ( 'NONE',  ( -1.110223024625156540E-16, -3.061276722312012491E-16, 1.000000000000000000 ) ) ;
#8372 = CIRCLE ( 'NONE', #7440, 17.00000000000000000 ) ;
#8373 = CARTESIAN_POINT ( 'NONE',  ( 12.02081528017115097, 94.12768161796608979, -12.02081528017142453 ) ) ;
#8374 = EDGE_CURVE ( 'NONE', #3904, #3375, #2514, .T. ) ;
#8375 = DIRECTION ( 'NONE',  ( -1.613839565122628308E-31, -1.000000000000000000, -3.111048790438776325E-16 ) ) ;
#8376 = EDGE_LOOP ( 'NONE', ( #2354, #348, #6632, #10205 ) ) ;
#8377 = VECTOR ( 'NONE', #10424, 1000.000000000000000 ) ;
#8378 = ORIENTED_EDGE ( 'NONE', *, *, #683, .T. ) ;
#8379 = VECTOR ( 'NONE', #11362, 1000.000000000000000 ) ;
#8380 = DIRECTION ( 'NONE',  ( -6.277634335963640990E-32, -1.000000000000000000, -3.111048790438772381E-16 ) ) ;
#8381 = FACE_OUTER_BOUND ( 'NONE', #5850, .T. ) ;
#8382 = FACE_OUTER_BOUND ( 'NONE', #5703, .T. ) ;
#8383 = ORIENTED_EDGE ( 'NONE', *, *, #8145, .T. ) ;
#8384 = EDGE_CURVE ( 'NONE', #5552, #5094, #9856, .T. ) ;
#8385 = DIRECTION ( 'NONE',  ( 5.432019725910758471E-32, -1.000000000000000000, -3.111048790438772381E-16 ) ) ;
#8386 = CARTESIAN_POINT ( 'NONE',  ( -1.540743955509788682E-30, 39.99999999999997868, 1.387778780781445676E-14 ) ) ;
#8387 = AXIS2_PLACEMENT_3D ( 'NONE', #10520, #8615, #2666 ) ;
#8388 = DIRECTION ( 'NONE',  ( -6.277634335963632232E-32, -1.000000000000000000, -3.111048790438776325E-16 ) ) ;
#8389 = AXIS2_PLACEMENT_3D ( 'NONE', #3330, #9500, #6125 ) ;
#8390 = VECTOR ( 'NONE', #10049, 1000.000000000000000 ) ;
#8391 = ADVANCED_FACE ( 'NONE', ( #6071 ), #4374, .T. ) ;
#8392 = CARTESIAN_POINT ( 'NONE',  ( -6.661338147750961922E-16, 28.30499999999999261, 6.000000000000013323 ) ) ;
#8393 = VECTOR ( 'NONE', #4647, 1000.000000000000000 ) ;
#8394 = CIRCLE ( 'NONE', #5799, 0.2500000000000002220 ) ;
#8395 = DIRECTION ( 'NONE',  ( 0.000000000000000000, 0.000000000000000000, 1.000000000000000000 ) ) ;
#8396 = ORIENTED_EDGE ( 'NONE', *, *, #9862, .T. ) ;
#8397 = ORIENTED_EDGE ( 'NONE', *, *, #6106, .T. ) ;
#8398 = AXIS2_PLACEMENT_3D ( 'NONE', #3953, #4998, #9242 ) ;
#8399 = AXIS2_PLACEMENT_3D ( 'NONE', #99, #2765, #2121 ) ;
#8400 = EDGE_CURVE ( 'NONE', #1662, #5554, #4843, .T. ) ;
#8401 = VERTEX_POINT ( 'NONE', #6942 ) ;
#8402 = AXIS2_PLACEMENT_3D ( 'NONE', #9513, #10441, #6080 ) ;
#8403 = EDGE_CURVE ( 'NONE', #2917, #6468, #5227, .T. ) ;
#8404 = EDGE_LOOP ( 'NONE', ( #2292, #204, #3841, #2526 ) ) ;
#8405 = CARTESIAN_POINT ( 'NONE',  ( -1.504479005969919990E-15, -22.90499999999995140, 13.55114218134571757 ) ) ;
#8406 = ORIENTED_EDGE ( 'NONE', *, *, #11229, .F. ) ;
#8407 = AXIS2_PLACEMENT_3D ( 'NONE', #6911, #11455, #615 ) ;
#8408 = DIRECTION ( 'NONE',  ( 0.000000000000000000, 0.000000000000000000, -1.000000000000000000 ) ) ;
#8409 = DIRECTION ( 'NONE',  ( 0.000000000000000000, 0.000000000000000000, 1.000000000000000000 ) ) ;
#8410 = CIRCLE ( 'NONE', #6736, 0.2500000000000002220 ) ;
#8411 = ORIENTED_EDGE ( 'NONE', *, *, #5549, .F. ) ;
#8412 = CYLINDRICAL_SURFACE ( 'NONE', #370, 0.2500000000000002220 ) ;
#8413 = VERTEX_POINT ( 'NONE', #11314 ) ;
#8414 = ORIENTED_EDGE ( 'NONE', *, *, #3781, .T. ) ;
#8415 = CYLINDRICAL_SURFACE ( 'NONE', #7408, 0.2500000000000002220 ) ;
#8416 = FACE_OUTER_BOUND ( 'NONE', #5522, .T. ) ;
#8417 = EDGE_CURVE ( 'NONE', #6332, #11383, #6338, .T. ) ;
#8418 = CIRCLE ( 'NONE', #3945, 17.00000000000000000 ) ;
#8419 = EDGE_LOOP ( 'NONE', ( #7779, #6262, #8656, #5195 ) ) ;
#8420 = AXIS2_PLACEMENT_3D ( 'NONE', #5079, #11370, #9724 ) ;
#8421 = DIRECTION ( 'NONE',  ( -3.583126979299020263E-32, 1.000000000000000000, 3.111048790438776325E-16 ) ) ;
#8422 = CARTESIAN_POINT ( 'NONE',  ( -1.540743955509788682E-30, 28.40499999999998693, 1.387778780781445676E-14 ) ) ;
#8423 = ORIENTED_EDGE ( 'NONE', *, *, #5091, .F. ) ;
#8424 = CARTESIAN_POINT ( 'NONE',  ( -0.8897112561299327371, 94.12768161796614663, 16.97670209082777859 ) ) ;
#8425 = EDGE_CURVE ( 'NONE', #8287, #4194, #1296, .T. ) ;
#8426 = CARTESIAN_POINT ( 'NONE',  ( 8.282580384274208285, 94.12768161796608979, -14.84583652671802412 ) ) ;
#8427 = CIRCLE ( 'NONE', #3199, 0.2500000000000002220 ) ;
#8428 = EDGE_CURVE ( 'NONE', #4413, #7345, #5954, .T. ) ;
#8429 = CARTESIAN_POINT ( 'NONE',  ( -16.79070179011733899, 1.095000000000012630, -2.659385905683868234 ) ) ;
#8430 = ORIENTED_EDGE ( 'NONE', *, *, #6362, .F. ) ;
#8431 = ORIENTED_EDGE ( 'NONE', *, *, #10113, .T. ) ;
#8432 = ORIENTED_EDGE ( 'NONE', *, *, #1198, .F. ) ;
#8433 = DIRECTION ( 'NONE',  ( 6.664614890318590511E-32, -1.000000000000000000, -3.111048790438772381E-16 ) ) ;
#8434 = DIRECTION ( 'NONE',  ( -3.583126979299020263E-32, 1.000000000000000000, 3.111048790438776325E-16 ) ) ;
#8435 = CARTESIAN_POINT ( 'NONE',  ( -1.504479005969917031E-15, -23.15500000000001180, 13.55114218134571757 ) ) ;
#8436 = CYLINDRICAL_SURFACE ( 'NONE', #5561, 17.00000000000000355 ) ;
#8437 = FACE_OUTER_BOUND ( 'NONE', #925, .T. ) ;
#8438 = CARTESIAN_POINT ( 'NONE',  ( 3.534498743902024565, -3.904999999999991811, 16.62850921247465408 ) ) ;
#8439 = DIRECTION ( 'NONE',  ( 1.590907862337733465E-31, -1.000000000000000000, -3.111048790438776325E-16 ) ) ;
#8440 = ORIENTED_EDGE ( 'NONE', *, *, #1174, .F. ) ;
#8441 = ADVANCED_FACE ( 'NONE', ( #5256 ), #8808, .F. ) ;
#8442 = LINE ( 'NONE', #1500, #2451 ) ;
#8443 = FACE_OUTER_BOUND ( 'NONE', #27, .T. ) ;
#8444 = VERTEX_POINT ( 'NONE', #8742 ) ;
#8445 = CARTESIAN_POINT ( 'NONE',  ( -6.914522932288506674, 1.095000000000012630, 15.28027277992425503 ) ) ;
#8446 = CARTESIAN_POINT ( 'NONE',  ( -10.69844664784724664, 1.095000000000068141, -13.21148134476848846 ) ) ;
#8447 = FACE_OUTER_BOUND ( 'NONE', #2535, .T. ) ;
#8448 = DIRECTION ( 'NONE',  ( -1.613839565122628308E-31, -1.000000000000000000, -3.111048790438776325E-16 ) ) ;
#8449 = ADVANCED_FACE ( 'NONE', ( #1626 ), #1522, .F. ) ;
#8450 = ORIENTED_EDGE ( 'NONE', *, *, #3230, .T. ) ;
#8451 = ORIENTED_EDGE ( 'NONE', *, *, #6269, .F. ) ;
#8452 = CARTESIAN_POINT ( 'NONE',  ( 15.25896758828896616, -3.904999999999991811, 7.494258344862871013 ) ) ;
#8453 = ORIENTED_EDGE ( 'NONE', *, *, #4690, .T. ) ;
#8454 = EDGE_CURVE ( 'NONE', #10297, #9428, #696, .T. ) ;
#8455 = FACE_OUTER_BOUND ( 'NONE', #11147, .T. ) ;
#8456 = ORIENTED_EDGE ( 'NONE', *, *, #11197, .F. ) ;
#8457 = LINE ( 'NONE', #1346, #11024 ) ;
#8458 = DIRECTION ( 'NONE',  ( -3.583126979299020263E-32, 1.000000000000000000, 3.111048790438776325E-16 ) ) ;
#8459 = EDGE_CURVE ( 'NONE', #7416, #10138, #5193, .T. ) ;
#8460 = EDGE_CURVE ( 'NONE', #650, #6297, #4668, .T. ) ;
#8461 = EDGE_CURVE ( 'NONE', #4611, #4162, #8634, .T. ) ;
#8462 = ORIENTED_EDGE ( 'NONE', *, *, #1503, .T. ) ;
#8463 = DIRECTION ( 'NONE',  ( 3.583126979299020263E-32, -1.000000000000000000, -3.111048790438776325E-16 ) ) ;
#8464 = VERTEX_POINT ( 'NONE', #756 ) ;
#8465 = ORIENTED_EDGE ( 'NONE', *, *, #1267, .T. ) ;
#8466 = FACE_OUTER_BOUND ( 'NONE', #6875, .T. ) ;
#8467 = CARTESIAN_POINT ( 'NONE',  ( -5.014963156889021612, 1.095000000000012630, 16.24346467152392748 ) ) ;
#8468 = VERTEX_POINT ( 'NONE', #4322 ) ;
#8469 = DIRECTION ( 'NONE',  ( 0.000000000000000000, 0.000000000000000000, 1.000000000000000000 ) ) ;
#8470 = DIRECTION ( 'NONE',  ( 0.000000000000000000, 0.000000000000000000, 1.000000000000000000 ) ) ;
#8471 = AXIS2_PLACEMENT_3D ( 'NONE', #1735, #3380, #8960 ) ;
#8472 = EDGE_LOOP ( 'NONE', ( #1940, #2646, #9924, #886 ) ) ;
#8473 = CARTESIAN_POINT ( 'NONE',  ( -1.540743955509788682E-30, 39.99999999999997868, 1.387778780781445676E-14 ) ) ;
#8474 = CARTESIAN_POINT ( 'NONE',  ( 8.500000000000113687, -3.904999999999991811, 14.72243186433538931 ) ) ;
#8475 = AXIS2_PLACEMENT_3D ( 'NONE', #1656, #7073, #9538 ) ;
#8476 = DIRECTION ( 'NONE',  ( 0.000000000000000000, 0.000000000000000000, -1.000000000000000000 ) ) ;
#8477 = DIRECTION ( 'NONE',  ( -3.812444007147977456E-32, -1.000000000000000000, -3.111048790438772381E-16 ) ) ;
#8478 = ORIENTED_EDGE ( 'NONE', *, *, #6053, .T. ) ;
#8479 = ORIENTED_EDGE ( 'NONE', *, *, #2854, .F. ) ;
#8480 = ORIENTED_EDGE ( 'NONE', *, *, #10665, .F. ) ;
#8481 = DIRECTION ( 'NONE',  ( 1.590907862337733465E-31, -1.000000000000000000, -3.111048790438776325E-16 ) ) ;
#8482 = DIRECTION ( 'NONE',  ( -3.583126979299020263E-32, 1.000000000000000000, 3.111048790438776325E-16 ) ) ;
#8483 = DIRECTION ( 'NONE',  ( 1.110223024625156540E-16, 2.515631030513345642E-16, -1.000000000000000000 ) ) ;
#8484 = EDGE_CURVE ( 'NONE', #10459, #9229, #10715, .T. ) ;
#8485 = CARTESIAN_POINT ( 'NONE',  ( 16.24346467152388485, 1.095000000000040385, -5.014963156889096219 ) ) ;
#8486 = DIRECTION ( 'NONE',  ( 3.583126979299020263E-32, -1.000000000000000000, -3.111048790438776325E-16 ) ) ;
#8487 = CIRCLE ( 'NONE', #2338, 16.00000000000000711 ) ;
#8488 = CYLINDRICAL_SURFACE ( 'NONE', #253, 17.00000000000000355 ) ;
#8489 = CARTESIAN_POINT ( 'NONE',  ( -7.717838495572205026, 1.095000000000012630, 15.14711091120229902 ) ) ;
#8490 = CARTESIAN_POINT ( 'NONE',  ( 16.79070179011734965, 94.12768161796614663, 2.659385905683806062 ) ) ;
#8491 = CIRCLE ( 'NONE', #6999, 0.2500000000000002220 ) ;
#8492 = LINE ( 'NONE', #3025, #11183 ) ;
#8493 = CYLINDRICAL_SURFACE ( 'NONE', #4864, 0.2500000000000002220 ) ;
#8494 = DIRECTION ( 'NONE',  ( -3.583126979299020263E-32, 1.000000000000000000, 3.111048790438776325E-16 ) ) ;
#8495 = ORIENTED_EDGE ( 'NONE', *, *, #2487, .T. ) ;
#8496 = EDGE_CURVE ( 'NONE', #3687, #9361, #3376, .T. ) ;
#8497 = DIRECTION ( 'NONE',  ( -3.583126979299020263E-32, 1.000000000000000000, 3.111048790438776325E-16 ) ) ;
#8498 =( LENGTH_UNIT ( ) NAMED_UNIT ( * ) SI_UNIT ( .MILLI., .METRE. ) );
#8499 = FACE_OUTER_BOUND ( 'NONE', #4681, .T. ) ;
#8500 = DIRECTION ( 'NONE',  ( -1.110223024625156540E-16, -3.061276722312011998E-16, 1.000000000000000000 ) ) ;
#8501 = CYLINDRICAL_SURFACE ( 'NONE', #2027, 0.2500000000000002220 ) ;
#8502 = ORIENTED_EDGE ( 'NONE', *, *, #2049, .F. ) ;
#8503 = ORIENTED_EDGE ( 'NONE', *, *, #5624, .T. ) ;
#8504 = ORIENTED_EDGE ( 'NONE', *, *, #8263, .T. ) ;
#8505 = ORIENTED_EDGE ( 'NONE', *, *, #8400, .F. ) ;
#8506 = CARTESIAN_POINT ( 'NONE',  ( -12.63346203311571081, -3.904999999999991811, -11.37522030810057139 ) ) ;
#8507 = ORIENTED_EDGE ( 'NONE', *, *, #1985, .F. ) ;
#8508 = CYLINDRICAL_SURFACE ( 'NONE', #5452, 0.2500000000000002220 ) ;
#8509 = VECTOR ( 'NONE', #10626, 1000.000000000000000 ) ;
#8510 = CARTESIAN_POINT ( 'NONE',  ( 0.6399644156865674782, 94.12768161796620348, -16.98795001012934947 ) ) ;
#8511 = EDGE_CURVE ( 'NONE', #1287, #11043, #7839, .T. ) ;
#8512 = ORIENTED_EDGE ( 'NONE', *, *, #6520, .T. ) ;
#8513 = DIRECTION ( 'NONE',  ( 2.823503026745565068E-31, -1.000000000000000000, -3.111048790438776325E-16 ) ) ;
#8514 = ORIENTED_EDGE ( 'NONE', *, *, #10216, .F. ) ;
#8515 = ORIENTED_EDGE ( 'NONE', *, *, #5114, .T. ) ;
#8516 = CARTESIAN_POINT ( 'NONE',  ( 16.16796077701764389, 94.12768161796614663, 5.253288904373986767 ) ) ;
#8517 = DIRECTION ( 'NONE',  ( -1.110223024625156540E-16, -3.061276722312011998E-16, 1.000000000000000000 ) ) ;
#8518 = ORIENTED_EDGE ( 'NONE', *, *, #3452, .T. ) ;
#8519 = CARTESIAN_POINT ( 'NONE',  ( -1.540743955509788682E-30, 1.095000000000012630, 0.000000000000000000 ) ) ;
#8520 = EDGE_CURVE ( 'NONE', #10399, #6041, #10894, .T. ) ;
#8521 = EDGE_CURVE ( 'NONE', #6274, #3419, #8765, .T. ) ;
#8522 = CARTESIAN_POINT ( 'NONE',  ( 14.72243186433552076, 94.12768161796608979, 8.249999999999896971 ) ) ;
#8523 = ORIENTED_EDGE ( 'NONE', *, *, #3134, .F. ) ;
#8524 = AXIS2_PLACEMENT_3D ( 'NONE', #6216, #6916, #10513 ) ;
#8525 = EDGE_CURVE ( 'NONE', #8814, #4734, #1747, .T. ) ;
#8526 = DIRECTION ( 'NONE',  ( -1.613839565122628308E-31, -1.000000000000000000, -3.111048790438776325E-16 ) ) ;
#8527 = ADVANCED_FACE ( 'NONE', ( #249 ), #9952, .F. ) ;
#8528 = DIRECTION ( 'NONE',  ( 0.000000000000000000, 0.000000000000000000, -1.000000000000000000 ) ) ;
#8529 = LINE ( 'NONE', #11161, #6343 ) ;
#8530 = DIRECTION ( 'NONE',  ( 0.000000000000000000, 0.000000000000000000, 1.000000000000000000 ) ) ;
#8531 = CIRCLE ( 'NONE', #3876, 0.2500000000000002220 ) ;
#8532 = VERTEX_POINT ( 'NONE', #179 ) ;
#8533 = ORIENTED_EDGE ( 'NONE', *, *, #9943, .F. ) ;
#8534 = ORIENTED_EDGE ( 'NONE', *, *, #5167, .T. ) ;
#8535 = DIRECTION ( 'NONE',  ( -3.583126979299020263E-32, 1.000000000000000000, 3.111048790438776325E-16 ) ) ;
#8536 = CYLINDRICAL_SURFACE ( 'NONE', #8791, 17.00000000000000355 ) ;
#8537 = CARTESIAN_POINT ( 'NONE',  ( 13.75328890437417684, 1.095000000000040385, 9.992349288971920984 ) ) ;
#8538 = DIRECTION ( 'NONE',  ( 2.330464960982432251E-31, -1.000000000000000000, -3.111048790438776325E-16 ) ) ;
#8539 = ADVANCED_FACE ( 'NONE', ( #7165 ), #6241, .F. ) ;
#8540 = CIRCLE ( 'NONE', #897, 17.00000000000000355 ) ;
#8541 = CARTESIAN_POINT ( 'NONE',  ( -16.62850921247469316, -3.904999999999991811, -3.534498743901867801 ) ) ;
#8542 = AXIS2_PLACEMENT_3D ( 'NONE', #8519, #10979, #10093 ) ;
#8543 = CIRCLE ( 'NONE', #11342, 17.00000000000000000 ) ;
#8544 = DIRECTION ( 'NONE',  ( 3.583126979299020263E-32, -1.000000000000000000, -3.111048790438776325E-16 ) ) ;
#8545 = ADVANCED_FACE ( 'NONE', ( #3723 ), #3785, .F. ) ;
#8546 = AXIS2_PLACEMENT_3D ( 'NONE', #5495, #10849, #6412 ) ;
#8547 = CARTESIAN_POINT ( 'NONE',  ( 7.717838495572404867, -3.904999999999991811, 15.14711091120220310 ) ) ;
#8548 = ORIENTED_EDGE ( 'NONE', *, *, #5184, .F. ) ;
#8549 = DIRECTION ( 'NONE',  ( -1.120801499359495711E-31, -1.000000000000000000, -3.111048790438776325E-16 ) ) ;
#8550 = CARTESIAN_POINT ( 'NONE',  ( -6.914522932288608814, -3.904999999999936300, -15.53027277992419997 ) ) ;
#8551 = FACE_OUTER_BOUND ( 'NONE', #7734, .T. ) ;
#8552 = VERTEX_POINT ( 'NONE', #7983 ) ;
#8553 = EDGE_CURVE ( 'NONE', #1480, #7513, #8210, .T. ) ;
#8554 = VECTOR ( 'NONE', #6037, 1000.000000000000000 ) ;
#8555 = DIRECTION ( 'NONE',  ( -3.583126979299020263E-32, 1.000000000000000000, 3.111048790438776325E-16 ) ) ;
#8556 = DIRECTION ( 'NONE',  ( -3.583126979299020263E-32, 1.000000000000000000, 3.111048790438776325E-16 ) ) ;
#8557 = CIRCLE ( 'NONE', #10797, 0.2500000000000002220 ) ;
#8558 = CARTESIAN_POINT ( 'NONE',  ( 0.6399644156864583433, -3.904999999999991811, -16.98795001012938855 ) ) ;
#8559 = EDGE_CURVE ( 'NONE', #8804, #431, #4851, .T. ) ;
#8560 = AXIS2_PLACEMENT_3D ( 'NONE', #2, #4484, #5427 ) ;
#8561 = DIRECTION ( 'NONE',  ( -1.120801499359495711E-31, -1.000000000000000000, -3.111048790438776325E-16 ) ) ;
#8562 = ORIENTED_EDGE ( 'NONE', *, *, #4830, .T. ) ;
#8563 = VECTOR ( 'NONE', #3624, 1000.000000000000000 ) ;
#8564 = ORIENTED_EDGE ( 'NONE', *, *, #10157, .F. ) ;
#8565 = CIRCLE ( 'NONE', #10794, 17.00000000000000000 ) ;
#8566 = CARTESIAN_POINT ( 'NONE',  ( -1.540743955509788682E-30, 23.29500000000000881, 1.387778780781445676E-14 ) ) ;
#8567 = EDGE_LOOP ( 'NONE', ( #7638, #6367, #4083, #8086 ) ) ;
#8568 = AXIS2_PLACEMENT_3D ( 'NONE', #10391, #8276, #1427 ) ;
#8569 = CIRCLE ( 'NONE', #6159, 0.2500000000000002220 ) ;
#8570 = DIRECTION ( 'NONE',  ( 0.000000000000000000, 0.000000000000000000, 1.000000000000000000 ) ) ;
#8571 = ORIENTED_EDGE ( 'NONE', *, *, #6030, .F. ) ;
#8572 = CARTESIAN_POINT ( 'NONE',  ( -1.540743955509788682E-30, 39.99999999999997868, 1.387778780781445676E-14 ) ) ;
#8573 = AXIS2_PLACEMENT_3D ( 'NONE', #10104, #3990, #1422 ) ;
#8574 = DIRECTION ( 'NONE',  ( 0.000000000000000000, 0.000000000000000000, -1.000000000000000000 ) ) ;
#8575 = VECTOR ( 'NONE', #11349, 1000.000000000000000 ) ;
#8576 = AXIS2_PLACEMENT_3D ( 'NONE', #7907, #4175, #2546 ) ;
#8577 = ORIENTED_EDGE ( 'NONE', *, *, #828, .T. ) ;
#8578 = CARTESIAN_POINT ( 'NONE',  ( 3.735791718036014413E-15, -10.60499999999999865, -16.00000000000000711 ) ) ;
#8579 = ORIENTED_EDGE ( 'NONE', *, *, #354, .F. ) ;
#8580 = ADVANCED_FACE ( 'NONE', ( #4494 ), #2862, .T. ) ;
#8581 = VERTEX_POINT ( 'NONE', #3559 ) ;
#8582 = AXIS2_PLACEMENT_3D ( 'NONE', #2489, #8708, #1597 ) ;
#8583 = DIRECTION ( 'NONE',  ( 3.583126979299020263E-32, -1.000000000000000000, -3.111048790438776325E-16 ) ) ;
#8584 = CARTESIAN_POINT ( 'NONE',  ( -1.540743955509788682E-30, -3.904999999999991811, 6.938893903907228378E-15 ) ) ;
#8585 = VERTEX_POINT ( 'NONE', #4666 ) ;
#8586 = DIRECTION ( 'NONE',  ( -8.742824664779295218E-32, -1.000000000000000000, -3.111048790438776325E-16 ) ) ;
#8587 = DIRECTION ( 'NONE',  ( -3.583126979299020263E-32, 1.000000000000000000, 3.111048790438776325E-16 ) ) ;
#8588 = CIRCLE ( 'NONE', #40, 0.2500000000000002220 ) ;
#8589 = ORIENTED_EDGE ( 'NONE', *, *, #10435, .T. ) ;
#8590 = DIRECTION ( 'NONE',  ( -1.110223024625156540E-16, -4.081702296416015997E-16, 1.000000000000000000 ) ) ;
#8591 = CONICAL_SURFACE ( 'NONE', #3567, 13.79155730658017376, 0.7853981633974498333 ) ;
#8592 = EDGE_CURVE ( 'NONE', #5950, #8075, #7076, .T. ) ;
#8593 = CIRCLE ( 'NONE', #6742, 17.00000000000000000 ) ;
#8594 = DIRECTION ( 'NONE',  ( -1.613839565122628308E-31, -1.000000000000000000, -3.111048790438776325E-16 ) ) ;
#8595 = ADVANCED_FACE ( 'NONE', ( #8857 ), #6290, .F. ) ;
#8596 = DIRECTION ( 'NONE',  ( 3.583126979299020263E-32, -1.000000000000000000, -3.111048790438776325E-16 ) ) ;
#8597 = AXIS2_PLACEMENT_3D ( 'NONE', #10358, #1690, #3447 ) ;
#8598 = VERTEX_POINT ( 'NONE', #5365 ) ;
#8599 = ORIENTED_EDGE ( 'NONE', *, *, #4966, .T. ) ;
#8600 = ORIENTED_EDGE ( 'NONE', *, *, #383, .T. ) ;
#8601 = DIRECTION ( 'NONE',  ( -1.110223024625156540E-16, -3.061276722312011998E-16, 1.000000000000000000 ) ) ;
#8602 = FACE_OUTER_BOUND ( 'NONE', #9494, .T. ) ;
#8603 = CARTESIAN_POINT ( 'NONE',  ( 16.24346467152392393, 1.095000000000012630, 5.014963156888964768 ) ) ;
#8604 = FACE_OUTER_BOUND ( 'NONE', #3108, .T. ) ;
#8605 = DIRECTION ( 'NONE',  ( 3.583126979299011504E-32, -1.000000000000000000, -3.111048790438772381E-16 ) ) ;
#8606 = EDGE_CURVE ( 'NONE', #4787, #5581, #753, .T. ) ;
#8607 = CARTESIAN_POINT ( 'NONE',  ( 16.79070179011729280, 1.095000000000012630, -2.659385905684111151 ) ) ;
#8608 = AXIS2_PLACEMENT_3D ( 'NONE', #3553, #8046, #5428 ) ;
#8609 = AXIS2_PLACEMENT_3D ( 'NONE', #2086, #2135, #6569 ) ;
#8610 = EDGE_CURVE ( 'NONE', #8092, #8182, #6344, .T. ) ;
#8611 = EDGE_CURVE ( 'NONE', #5572, #2804, #10234, .T. ) ;
#8612 = CARTESIAN_POINT ( 'NONE',  ( -1.540743955509788682E-30, 1.095000000000012630, 0.000000000000000000 ) ) ;
#8613 = EDGE_CURVE ( 'NONE', #8598, #5149, #7678, .T. ) ;
#8614 = EDGE_CURVE ( 'NONE', #4015, #11480, #3177, .T. ) ;
#8615 = DIRECTION ( 'NONE',  ( -3.583126979299020263E-32, 1.000000000000000000, 3.111048790438776325E-16 ) ) ;
#8616 = VERTEX_POINT ( 'NONE', #5060 ) ;
#8617 = ORIENTED_EDGE ( 'NONE', *, *, #1318, .T. ) ;
#8618 = DIRECTION ( 'NONE',  ( -1.110223024625156540E-16, -3.061276722312011998E-16, 1.000000000000000000 ) ) ;
#8619 = DIRECTION ( 'NONE',  ( -1.110223024625156540E-16, -2.775557561562890365E-16, 1.000000000000000000 ) ) ;
#8620 = DIRECTION ( 'NONE',  ( -3.583126979299020263E-32, 1.000000000000000000, 3.111048790438776325E-16 ) ) ;
#8621 = CARTESIAN_POINT ( 'NONE',  ( -14.72243186433540707, -3.904999999999991811, 8.500000000000069278 ) ) ;
#8622 = DIRECTION ( 'NONE',  ( 0.000000000000000000, 0.000000000000000000, -1.000000000000000000 ) ) ;
#8623 = ORIENTED_EDGE ( 'NONE', *, *, #2964, .T. ) ;
#8624 = CARTESIAN_POINT ( 'NONE',  ( -1.504479005969919990E-15, 39.99999999999997158, 13.55114218134573179 ) ) ;
#8625 = DIRECTION ( 'NONE',  ( 0.000000000000000000, 0.000000000000000000, -1.000000000000000000 ) ) ;
#8626 = DIRECTION ( 'NONE',  ( -3.583126979299020263E-32, 1.000000000000000000, 3.111048790438776325E-16 ) ) ;
#8627 = EDGE_CURVE ( 'NONE', #5550, #427, #6799, .T. ) ;
#8628 = DIRECTION ( 'NONE',  ( 0.000000000000000000, 0.000000000000000000, -1.000000000000000000 ) ) ;
#8629 = VERTEX_POINT ( 'NONE', #4048 ) ;
#8630 = ORIENTED_EDGE ( 'NONE', *, *, #8872, .T. ) ;
#8631 = ORIENTED_EDGE ( 'NONE', *, *, #10661, .F. ) ;
#8632 = EDGE_CURVE ( 'NONE', #5498, #7652, #6157, .T. ) ;
#8633 = EDGE_CURVE ( 'NONE', #4014, #10766, #10332, .T. ) ;
#8634 = LINE ( 'NONE', #3394, #1308 ) ;
#8635 = EDGE_LOOP ( 'NONE', ( #1463, #5984, #8104, #7464 ) ) ;
#8636 = CARTESIAN_POINT ( 'NONE',  ( -11.37522030810051632, 1.095000000000040385, 12.38346203311576410 ) ) ;
#8637 = DIRECTION ( 'NONE',  ( -1.110223024625156540E-16, -4.081702296416015997E-16, 1.000000000000000000 ) ) ;
#8638 = ORIENTED_EDGE ( 'NONE', *, *, #9236, .T. ) ;
#8639 = ORIENTED_EDGE ( 'NONE', *, *, #7842, .F. ) ;
#8640 = LINE ( 'NONE', #649, #4287 ) ;
#8641 = ORIENTED_EDGE ( 'NONE', *, *, #6619, .F. ) ;
#8642 = ORIENTED_EDGE ( 'NONE', *, *, #9708, .F. ) ;
#8643 = DIRECTION ( 'NONE',  ( -1.110223024625156540E-16, -4.081702296416015997E-16, 1.000000000000000000 ) ) ;
#8644 = LINE ( 'NONE', #5153, #10709 ) ;
#8645 = ORIENTED_EDGE ( 'NONE', *, *, #2501, .F. ) ;
#8646 = DIRECTION ( 'NONE',  ( -1.613839565122628308E-31, -1.000000000000000000, -3.111048790438776325E-16 ) ) ;
#8647 = CARTESIAN_POINT ( 'NONE',  ( -1.540743955509788682E-30, 1.095000000000012630, 0.000000000000000000 ) ) ;
#8648 = VERTEX_POINT ( 'NONE', #7393 ) ;
#8649 = DIRECTION ( 'NONE',  ( -1.110223024625156540E-16, -3.061276722312011998E-16, 1.000000000000000000 ) ) ;
#8650 = EDGE_CURVE ( 'NONE', #6594, #3756, #7639, .T. ) ;
#8651 = DIRECTION ( 'NONE',  ( 0.000000000000000000, 0.000000000000000000, -1.000000000000000000 ) ) ;
#8652 = CARTESIAN_POINT ( 'NONE',  ( -9.789020020369299857, 94.12768161796608979, -13.89874408142000739 ) ) ;
#8653 = CARTESIAN_POINT ( 'NONE',  ( -16.96178273941306003, 1.095000000000012630, -1.139265684969401171 ) ) ;
#8654 = VERTEX_POINT ( 'NONE', #672 ) ;
#8655 = ORIENTED_EDGE ( 'NONE', *, *, #6417, .T. ) ;
#8656 = ORIENTED_EDGE ( 'NONE', *, *, #887, .T. ) ;
#8657 = CYLINDRICAL_SURFACE ( 'NONE', #8582, 17.00000000000000355 ) ;
#8658 = CIRCLE ( 'NONE', #6428, 0.2500000000000002220 ) ;
#8659 = CARTESIAN_POINT ( 'NONE',  ( 2.659385905684037432, -3.904999999999991811, 16.79070179011731767 ) ) ;
#8660 = DIRECTION ( 'NONE',  ( -3.583126979299020263E-32, 1.000000000000000000, 3.111048790438776325E-16 ) ) ;
#8661 = CARTESIAN_POINT ( 'NONE',  ( 9.992349288971865917, 94.12768161796608979, -13.75328890437419638 ) ) ;
#8662 = DIRECTION ( 'NONE',  ( 0.000000000000000000, 0.000000000000000000, 1.000000000000000000 ) ) ;
#8663 = EDGE_CURVE ( 'NONE', #1109, #1, #2620, .T. ) ;
#8664 = AXIS2_PLACEMENT_3D ( 'NONE', #11290, #6848, #10387 ) ;
#8665 = CARTESIAN_POINT ( 'NONE',  ( 8.715581380431277836, 94.12768161796608979, -14.59584328502736739 ) ) ;
#8666 = DIRECTION ( 'NONE',  ( -6.277634335963640990E-32, -1.000000000000000000, -3.111048790438772381E-16 ) ) ;
#8667 = EDGE_LOOP ( 'NONE', ( #6765, #7308, #3298, #1718 ) ) ;
#8668 = ADVANCED_FACE ( 'NONE', ( #3249 ), #9469, .F. ) ;
#8669 = VERTEX_POINT ( 'NONE', #10065 ) ;
#8670 = DIRECTION ( 'NONE',  ( -1.110223024625156540E-16, -3.061276722312011998E-16, 1.000000000000000000 ) ) ;
#8671 = CARTESIAN_POINT ( 'NONE',  ( 13.75328890437417684, -3.904999999999963833, 9.992349288971928090 ) ) ;
#8672 = DIRECTION ( 'NONE',  ( 0.000000000000000000, 0.000000000000000000, -1.000000000000000000 ) ) ;
#8673 = LINE ( 'NONE', #10477, #8379 ) ;
#8674 = ORIENTED_EDGE ( 'NONE', *, *, #2494, .F. ) ;
#8675 = DIRECTION ( 'NONE',  ( -1.613839565122628308E-31, -1.000000000000000000, -3.111048790438776325E-16 ) ) ;
#8676 = DIRECTION ( 'NONE',  ( 3.583126979299020263E-32, -1.000000000000000000, -3.111048790438776325E-16 ) ) ;
#8677 = EDGE_CURVE ( 'NONE', #10102, #4393, #10607, .T. ) ;
#8678 = EDGE_CURVE ( 'NONE', #465, #8321, #10044, .T. ) ;
#8679 = ADVANCED_FACE ( 'NONE', ( #1553 ), #1373, .T. ) ;
#8680 = EDGE_CURVE ( 'NONE', #8008, #10124, #7787, .T. ) ;
#8681 = CYLINDRICAL_SURFACE ( 'NONE', #422, 0.2500000000000002220 ) ;
#8682 = CIRCLE ( 'NONE', #4959, 17.00000000000000355 ) ;
#8683 = DIRECTION ( 'NONE',  ( 0.000000000000000000, 0.000000000000000000, -1.000000000000000000 ) ) ;
#8684 = VERTEX_POINT ( 'NONE', #2026 ) ;
#8685 = VERTEX_POINT ( 'NONE', #2096 ) ;
#8686 = DIRECTION ( 'NONE',  ( 0.000000000000000000, 0.000000000000000000, -1.000000000000000000 ) ) ;
#8687 = ADVANCED_FACE ( 'NONE', ( #2360 ), #4935, .F. ) ;
#8688 = ORIENTED_EDGE ( 'NONE', *, *, #6819, .F. ) ;
#8689 = CARTESIAN_POINT ( 'NONE',  ( 13.21148134476858438, -3.904999999999963833, 10.69844664784713117 ) ) ;
#8690 = DIRECTION ( 'NONE',  ( -1.110223024625156540E-16, -5.782411586589353694E-16, 1.000000000000000000 ) ) ;
#8691 = ORIENTED_EDGE ( 'NONE', *, *, #3340, .T. ) ;
#8692 = ORIENTED_EDGE ( 'NONE', *, *, #10846, .T. ) ;
#8693 = CYLINDRICAL_SURFACE ( 'NONE', #2425, 0.2500000000000002220 ) ;
#8694 = VERTEX_POINT ( 'NONE', #5926 ) ;
#8695 = ORIENTED_EDGE ( 'NONE', *, *, #11350, .T. ) ;
#8696 = CARTESIAN_POINT ( 'NONE',  ( -13.75328890437404894, -3.904999999999963833, 9.992349288972107502 ) ) ;
#8697 = EDGE_LOOP ( 'NONE', ( #4981, #9844, #2137, #379 ) ) ;
#8698 = CARTESIAN_POINT ( 'NONE',  ( -1.540743955509788682E-30, -3.904999999999991811, 6.938893903907228378E-15 ) ) ;
#8699 = CARTESIAN_POINT ( 'NONE',  ( 6.324985174856067260, 94.12768161796614663, 15.77956154453765514 ) ) ;
#8700 = ORIENTED_EDGE ( 'NONE', *, *, #5707, .F. ) ;
#8701 = DIRECTION ( 'NONE',  ( 0.000000000000000000, 0.000000000000000000, -1.000000000000000000 ) ) ;
#8702 = EDGE_CURVE ( 'NONE', #5937, #10571, #10997, .T. ) ;
#8703 = CARTESIAN_POINT ( 'NONE',  ( -13.75328890437404894, 94.12768161796608979, 9.742349288972148358 ) ) ;
#8704 = DIRECTION ( 'NONE',  ( -3.583126979299020263E-32, 1.000000000000000000, 3.111048790438776325E-16 ) ) ;
#8705 = ORIENTED_EDGE ( 'NONE', *, *, #7645, .T. ) ;
#8706 = VERTEX_POINT ( 'NONE', #6743 ) ;
#8707 = VERTEX_POINT ( 'NONE', #2305 ) ;
#8708 = DIRECTION ( 'NONE',  ( -3.583126979299020263E-32, 1.000000000000000000, 3.111048790438776325E-16 ) ) ;
#8709 = CARTESIAN_POINT ( 'NONE',  ( -16.35426043587231959, 94.12768161796603295, -4.640922924986003117 ) ) ;
#8710 = DIRECTION ( 'NONE',  ( -1.110223024625156540E-16, -3.061276722312012491E-16, 1.000000000000000000 ) ) ;
#8711 = AXIS2_PLACEMENT_3D ( 'NONE', #3942, #7504, #11111 ) ;
#8712 = DIRECTION ( 'NONE',  ( 2.330464960982432251E-31, -1.000000000000000000, -3.111048790438776325E-16 ) ) ;
#8713 = CARTESIAN_POINT ( 'NONE',  ( 9.789020020369111563, 94.12768161796608979, -13.89874408142014595 ) ) ;
#8714 = DIRECTION ( 'NONE',  ( 0.000000000000000000, 0.000000000000000000, 1.000000000000000000 ) ) ;
#8715 = AXIS2_PLACEMENT_3D ( 'NONE', #9865, #5461, #4574 ) ;
#8716 = LINE ( 'NONE', #674, #4336 ) ;
#8717 = AXIS2_PLACEMENT_3D ( 'NONE', #180, #8983, #6409 ) ;
#8718 = DIRECTION ( 'NONE',  ( -3.583126979299020263E-32, 1.000000000000000000, 3.111048790438776325E-16 ) ) ;
#8719 = EDGE_LOOP ( 'NONE', ( #2278, #7749, #10305, #7133 ) ) ;
#8720 = ORIENTED_EDGE ( 'NONE', *, *, #9941, .F. ) ;
#8721 = CYLINDRICAL_SURFACE ( 'NONE', #5244, 17.00000000000000355 ) ;
#8722 = CARTESIAN_POINT ( 'NONE',  ( -0.8897112561299327371, -3.904999999999991811, 16.97670209082775017 ) ) ;
#8723 = DIRECTION ( 'NONE',  ( 0.000000000000000000, 0.000000000000000000, 1.000000000000000000 ) ) ;
#8724 = CARTESIAN_POINT ( 'NONE',  ( -1.540743955509788682E-30, 1.095000000000012630, 0.000000000000000000 ) ) ;
#8725 = AXIS2_PLACEMENT_3D ( 'NONE', #2199, #1384, #10230 ) ;
#8726 = EDGE_CURVE ( 'NONE', #1572, #10164, #7456, .T. ) ;
#8727 = CARTESIAN_POINT ( 'NONE',  ( -14.11970190331946817, 1.095000000000040385, 9.467524394549856837 ) ) ;
#8728 = VECTOR ( 'NONE', #5994, 1000.000000000000000 ) ;
#8729 = DIRECTION ( 'NONE',  ( 3.583126979299020263E-32, -1.000000000000000000, -3.111048790438776325E-16 ) ) ;
#8730 = ADVANCED_FACE ( 'NONE', ( #4116 ), #8023, .T. ) ;
#8731 = VECTOR ( 'NONE', #2973, 1000.000000000000000 ) ;
#8732 = DIRECTION ( 'NONE',  ( -1.110223024625156540E-16, -2.608382727326503945E-16, 1.000000000000000000 ) ) ;
#8733 = CARTESIAN_POINT ( 'NONE',  ( 4.157973067892609897, 1.095000000000068141, -16.48366646006522984 ) ) ;
#8734 = CIRCLE ( 'NONE', #11150, 14.35724273152941244 ) ;
#8735 = AXIS2_PLACEMENT_3D ( 'NONE', #4921, #10318, #8470 ) ;
#8736 = EDGE_CURVE ( 'NONE', #8008, #3716, #10820, .T. ) ;
#8737 = ORIENTED_EDGE ( 'NONE', *, *, #8428, .F. ) ;
#8738 = CARTESIAN_POINT ( 'NONE',  ( 14.25739965507227858, 1.095000000000040385, 9.258863595255331091 ) ) ;
#8739 = ORIENTED_EDGE ( 'NONE', *, *, #3120, .T. ) ;
#8740 = AXIS2_PLACEMENT_3D ( 'NONE', #544, #9226, #321 ) ;
#8741 = AXIS2_PLACEMENT_3D ( 'NONE', #9661, #9608, #6936 ) ;
#8742 = CARTESIAN_POINT ( 'NONE',  ( 7.142155445023544935, 1.095000000000068141, -15.42691205650439201 ) ) ;
#8743 = ORIENTED_EDGE ( 'NONE', *, *, #9605, .F. ) ;
#8744 = EDGE_CURVE ( 'NONE', #4954, #2341, #1316, .T. ) ;
#8745 = EDGE_CURVE ( 'NONE', #9043, #4693, #10515, .T. ) ;
#8746 = DIRECTION ( 'NONE',  ( 3.583126979299020263E-32, -1.000000000000000000, -3.111048790438776325E-16 ) ) ;
#8747 = CIRCLE ( 'NONE', #3715, 13.55114218134571580 ) ;
#8748 = DIRECTION ( 'NONE',  ( 0.000000000000000000, 0.000000000000000000, -1.000000000000000000 ) ) ;
#8749 = CIRCLE ( 'NONE', #10217, 17.00000000000000000 ) ;
#8750 = VECTOR ( 'NONE', #11006, 1000.000000000000000 ) ;
#8751 = EDGE_CURVE ( 'NONE', #6066, #6222, #387, .T. ) ;
#8752 = ORIENTED_EDGE ( 'NONE', *, *, #9036, .F. ) ;
#8753 = EDGE_LOOP ( 'NONE', ( #1625, #8579, #11106, #6633 ) ) ;
#8754 = FACE_OUTER_BOUND ( 'NONE', #3569, .T. ) ;
#8755 = AXIS2_PLACEMENT_3D ( 'NONE', #2213, #1396, #6769 ) ;
#8756 = ORIENTED_EDGE ( 'NONE', *, *, #10427, .T. ) ;
#8757 = AXIS2_PLACEMENT_3D ( 'NONE', #11520, #3538, #8893 ) ;
#8758 = LINE ( 'NONE', #6138, #9774 ) ;
#8759 = VERTEX_POINT ( 'NONE', #5168 ) ;
#8760 = DIRECTION ( 'NONE',  ( -3.583126979299020263E-32, 1.000000000000000000, 3.111048790438776325E-16 ) ) ;
#8761 = FACE_OUTER_BOUND ( 'NONE', #7371, .T. ) ;
#8762 = AXIS2_PLACEMENT_3D ( 'NONE', #2309, #2036, #2257 ) ;
#8763 = AXIS2_PLACEMENT_3D ( 'NONE', #7320, #6436, #8952 ) ;
#8764 = DIRECTION ( 'NONE',  ( -3.583126979299020263E-32, 1.000000000000000000, 3.111048790438776325E-16 ) ) ;
#8765 = CIRCLE ( 'NONE', #3546, 0.2500000000000002220 ) ;
#8766 = CIRCLE ( 'NONE', #3913, 0.2500000000000002220 ) ;
#8767 = AXIS2_PLACEMENT_3D ( 'NONE', #5646, #2008, #5582 ) ;
#8768 = DIRECTION ( 'NONE',  ( -1.120801499359495711E-31, -1.000000000000000000, -3.111048790438776325E-16 ) ) ;
#8769 = ADVANCED_FACE ( 'NONE', ( #2599 ), #8015, .T. ) ;
#8770 = CARTESIAN_POINT ( 'NONE',  ( 1.776983875550225633, -3.904999999999991811, 16.90687222126063105 ) ) ;
#8771 = ORIENTED_EDGE ( 'NONE', *, *, #2547, .T. ) ;
#8772 = EDGE_LOOP ( 'NONE', ( #2537, #3938, #6830, #4330 ) ) ;
#8773 = VERTEX_POINT ( 'NONE', #5228 ) ;
#8774 = CARTESIAN_POINT ( 'NONE',  ( -1.776983875550001812, -3.904999999999991811, 16.90687222126065947 ) ) ;
#8775 = CIRCLE ( 'NONE', #222, 0.2500000000000002220 ) ;
#8776 = CARTESIAN_POINT ( 'NONE',  ( 15.03197847483555272, 1.095000000000068141, -7.939749563561846024 ) ) ;
#8777 = DIRECTION ( 'NONE',  ( -1.110223024625156540E-16, -2.891205793294677340E-16, 1.000000000000000000 ) ) ;
#8778 = AXIS2_PLACEMENT_3D ( 'NONE', #5872, #9407, #558 ) ;
#8779 = CONICAL_SURFACE ( 'NONE', #7285, 7.999999999999992895, 0.9599310885968803664 ) ;
#8780 = CIRCLE ( 'NONE', #5247, 17.00000000000000000 ) ;
#8781 = DIRECTION ( 'NONE',  ( 3.583126979299020263E-32, -1.000000000000000000, -3.111048790438776325E-16 ) ) ;
#8782 = DIRECTION ( 'NONE',  ( 0.000000000000000000, 0.000000000000000000, 1.000000000000000000 ) ) ;
#8783 = DIRECTION ( 'NONE',  ( 0.000000000000000000, 0.000000000000000000, -1.000000000000000000 ) ) ;
#8784 = ADVANCED_FACE ( 'NONE', ( #9706 ), #5338, .T. ) ;
#8785 = AXIS2_PLACEMENT_3D ( 'NONE', #8473, #9524, #8590 ) ;
#8786 = CARTESIAN_POINT ( 'NONE',  ( -16.57473462945925036, 1.095000000000012630, -3.778646842853117249 ) ) ;
#8787 = AXIS2_PLACEMENT_3D ( 'NONE', #9955, #8228, #1101 ) ;
#8788 = DIRECTION ( 'NONE',  ( -3.583126979299020263E-32, 1.000000000000000000, 3.111048790438776325E-16 ) ) ;
#8789 = EDGE_LOOP ( 'NONE', ( #1377, #4856, #2687, #1104 ) ) ;
#8790 = ORIENTED_EDGE ( 'NONE', *, *, #2248, .F. ) ;
#8791 = AXIS2_PLACEMENT_3D ( 'NONE', #10210, #4985, #6613 ) ;
#8792 = FACE_OUTER_BOUND ( 'NONE', #3914, .T. ) ;
#8793 = CARTESIAN_POINT ( 'NONE',  ( 13.89874408142019746, -3.904999999999963833, 9.789020020369090247 ) ) ;
#8794 = CARTESIAN_POINT ( 'NONE',  ( 10.69844664784707078, 94.12768161796608979, -13.21148134476860747 ) ) ;
#8795 = DIRECTION ( 'NONE',  ( -3.583126979299020263E-32, 1.000000000000000000, 3.111048790438776325E-16 ) ) ;
#8796 = DIRECTION ( 'NONE',  ( -6.277634335963640990E-32, -1.000000000000000000, -3.111048790438772381E-16 ) ) ;
#8797 = ORIENTED_EDGE ( 'NONE', *, *, #8369, .F. ) ;
#8798 = CARTESIAN_POINT ( 'NONE',  ( -16.74977862752253799, 1.095000000000040385, 2.906013752374377201 ) ) ;
#8799 = CIRCLE ( 'NONE', #1714, 0.2500000000000002220 ) ;
#8800 = AXIS2_PLACEMENT_3D ( 'NONE', #9991, #9130, #8094 ) ;
#8801 = EDGE_CURVE ( 'NONE', #3687, #5128, #765, .T. ) ;
#8802 = DIRECTION ( 'NONE',  ( -1.110223024625156540E-16, -3.061276722312011998E-16, 1.000000000000000000 ) ) ;
#8803 = DIRECTION ( 'NONE',  ( 0.000000000000000000, 0.000000000000000000, -1.000000000000000000 ) ) ;
#8804 = VERTEX_POINT ( 'NONE', #5286 ) ;
#8805 = DIRECTION ( 'NONE',  ( 0.000000000000000000, 0.000000000000000000, -1.000000000000000000 ) ) ;
#8806 = DIRECTION ( 'NONE',  ( 0.000000000000000000, 0.000000000000000000, 1.000000000000000000 ) ) ;
#8807 = VERTEX_POINT ( 'NONE', #8833 ) ;
#8808 = CYLINDRICAL_SURFACE ( 'NONE', #8389, 0.2500000000000002220 ) ;
#8809 = ORIENTED_EDGE ( 'NONE', *, *, #874, .T. ) ;
#8810 = CYLINDRICAL_SURFACE ( 'NONE', #8597, 0.2500000000000002220 ) ;
#8811 = CARTESIAN_POINT ( 'NONE',  ( -10.69844664784715604, -3.904999999999991811, 13.21148134476856484 ) ) ;
#8812 = EDGE_CURVE ( 'NONE', #9009, #10010, #950, .T. ) ;
#8813 = ORIENTED_EDGE ( 'NONE', *, *, #10649, .F. ) ;
#8814 = VERTEX_POINT ( 'NONE', #2662 ) ;
#8815 = DIRECTION ( 'NONE',  ( -3.583126979299020263E-32, 1.000000000000000000, 3.111048790438776325E-16 ) ) ;
#8816 = EDGE_CURVE ( 'NONE', #1123, #6822, #4688, .T. ) ;
#8817 = ORIENTED_EDGE ( 'NONE', *, *, #4312, .F. ) ;
#8818 = DIRECTION ( 'NONE',  ( -6.277634335963632232E-32, -1.000000000000000000, -3.111048790438776325E-16 ) ) ;
#8819 = ORIENTED_EDGE ( 'NONE', *, *, #4567, .F. ) ;
#8820 = DIRECTION ( 'NONE',  ( -1.110223024625156540E-16, -4.081702296416015997E-16, 1.000000000000000000 ) ) ;
#8821 = CARTESIAN_POINT ( 'NONE',  ( -1.540743955509788682E-30, 1.095000000000012630, 0.000000000000000000 ) ) ;
#8822 = DIRECTION ( 'NONE',  ( 0.000000000000000000, 0.000000000000000000, 1.000000000000000000 ) ) ;
#8823 = EDGE_CURVE ( 'NONE', #4973, #3517, #6217, .T. ) ;
#8824 = EDGE_CURVE ( 'NONE', #1480, #2423, #3591, .T. ) ;
#8825 = DIRECTION ( 'NONE',  ( -1.613839565122628308E-31, -1.000000000000000000, -3.111048790438776325E-16 ) ) ;
#8826 = ORIENTED_EDGE ( 'NONE', *, *, #3397, .F. ) ;
#8827 = ORIENTED_EDGE ( 'NONE', *, *, #11174, .T. ) ;
#8828 = ORIENTED_EDGE ( 'NONE', *, *, #8460, .F. ) ;
#8829 = CARTESIAN_POINT ( 'NONE',  ( 16.48366646006520142, -3.904999999999991811, -4.157973067892700492 ) ) ;
#8830 = DIRECTION ( 'NONE',  ( -6.277634335963640990E-32, -1.000000000000000000, -3.111048790438772381E-16 ) ) ;
#8831 = FACE_OUTER_BOUND ( 'NONE', #5084, .T. ) ;
#8832 = CARTESIAN_POINT ( 'NONE',  ( 12.46481782867055799, -3.904999999999991811, -11.55977147257056181 ) ) ;
#8833 = CARTESIAN_POINT ( 'NONE',  ( -16.16796077701757639, -3.904999999999991811, 5.003288904374181278 ) ) ;
#8834 = CARTESIAN_POINT ( 'NONE',  ( 1.642809905072944817E-16, 22.72931457505075414, 14.35724273152942132 ) ) ;
#8835 = AXIS2_PLACEMENT_3D ( 'NONE', #9985, #10878, #282 ) ;
#8836 = DIRECTION ( 'NONE',  ( 0.000000000000000000, 0.000000000000000000, -1.000000000000000000 ) ) ;
#8837 = EDGE_LOOP ( 'NONE', ( #1244, #8688, #1753, #936 ) ) ;
#8838 = ORIENTED_EDGE ( 'NONE', *, *, #6882, .F. ) ;
#8839 = ADVANCED_FACE ( 'NONE', ( #10689 ), #1831, .F. ) ;
#8840 = ORIENTED_EDGE ( 'NONE', *, *, #11465, .F. ) ;
#8841 = ORIENTED_EDGE ( 'NONE', *, *, #11431, .F. ) ;
#8842 = CARTESIAN_POINT ( 'NONE',  ( -1.504479005969916834E-15, -22.90500000000001180, 13.55114218134570336 ) ) ;
#8843 = DIRECTION ( 'NONE',  ( -1.110223024625156540E-16, -3.061276722312011998E-16, 1.000000000000000000 ) ) ;
#8844 = CARTESIAN_POINT ( 'NONE',  ( -1.540743955509788682E-30, -3.904999999999991811, 6.938893903907228378E-15 ) ) ;
#8845 = DIRECTION ( 'NONE',  ( -1.110223024625156540E-16, -4.081702296416015997E-16, 1.000000000000000000 ) ) ;
#8846 = ORIENTED_EDGE ( 'NONE', *, *, #4281, .T. ) ;
#8847 = DIRECTION ( 'NONE',  ( 0.000000000000000000, 0.000000000000000000, -1.000000000000000000 ) ) ;
#8848 = DIRECTION ( 'NONE',  ( -3.583126979299020263E-32, 1.000000000000000000, 3.111048790438776325E-16 ) ) ;
#8849 = DIRECTION ( 'NONE',  ( -1.120801499359495711E-31, -1.000000000000000000, -3.111048790438776325E-16 ) ) ;
#8850 = ADVANCED_FACE ( 'NONE', ( #965 ), #3370, .T. ) ;
#8851 = EDGE_LOOP ( 'NONE', ( #4404, #8206, #2221, #7226 ) ) ;
#8852 = AXIS2_PLACEMENT_3D ( 'NONE', #5113, #8660, #669 ) ;
#8853 = DIRECTION ( 'NONE',  ( 3.583126979299020263E-32, -1.000000000000000000, -3.111048790438776325E-16 ) ) ;
#8854 = ORIENTED_EDGE ( 'NONE', *, *, #1503, .F. ) ;
#8855 = CARTESIAN_POINT ( 'NONE',  ( -1.540743955509788682E-30, 1.095000000000012630, 0.000000000000000000 ) ) ;
#8856 = EDGE_CURVE ( 'NONE', #8616, #2576, #4112, .T. ) ;
#8857 = FACE_OUTER_BOUND ( 'NONE', #1967, .T. ) ;
#8858 = DIRECTION ( 'NONE',  ( -3.583126979299020263E-32, 1.000000000000000000, 3.111048790438776325E-16 ) ) ;
#8859 = CARTESIAN_POINT ( 'NONE',  ( -16.42073904691413233, -3.904999999999963833, 4.399923766742926290 ) ) ;
#8860 = CARTESIAN_POINT ( 'NONE',  ( -1.540743955509788682E-30, 1.095000000000012630, 0.000000000000000000 ) ) ;
#8861 = EDGE_CURVE ( 'NONE', #3047, #9834, #1886, .T. ) ;
#8862 = ORIENTED_EDGE ( 'NONE', *, *, #5390, .T. ) ;
#8863 = ORIENTED_EDGE ( 'NONE', *, *, #10219, .F. ) ;
#8864 = ORIENTED_EDGE ( 'NONE', *, *, #7676, .F. ) ;
#8865 = AXIS2_PLACEMENT_3D ( 'NONE', #9140, #3833, #3892 ) ;
#8866 = DIRECTION ( 'NONE',  ( -3.583126979299020263E-32, 1.000000000000000000, 3.111048790438776325E-16 ) ) ;
#8867 = EDGE_CURVE ( 'NONE', #7370, #1843, #5056, .T. ) ;
#8868 = ORIENTED_EDGE ( 'NONE', *, *, #10482, .T. ) ;
#8869 = CARTESIAN_POINT ( 'NONE',  ( -1.540743955509788682E-30, -3.904999999999991811, 6.938893903907228378E-15 ) ) ;
#8870 = LINE ( 'NONE', #9628, #2965 ) ;
#8871 = CYLINDRICAL_SURFACE ( 'NONE', #237, 0.2500000000000002220 ) ;
#8872 = EDGE_CURVE ( 'NONE', #2755, #7023, #8222, .T. ) ;
#8873 = CIRCLE ( 'NONE', #3111, 17.00000000000000355 ) ;
#8874 = DIRECTION ( 'NONE',  ( 1.837426895219298997E-31, -1.000000000000000000, -3.111048790438772381E-16 ) ) ;
#8875 = ADVANCED_FACE ( 'NONE', ( #5685 ), #5636, .T. ) ;
#8876 = ORIENTED_EDGE ( 'NONE', *, *, #11030, .F. ) ;
#8877 = VERTEX_POINT ( 'NONE', #8302 ) ;
#8878 = ADVANCED_FACE ( 'NONE', ( #3862 ), #7365, .F. ) ;
#8879 = ORIENTED_EDGE ( 'NONE', *, *, #6520, .F. ) ;
#8880 = FACE_OUTER_BOUND ( 'NONE', #8997, .T. ) ;
#8881 = DIRECTION ( 'NONE',  ( -3.583126979299020263E-32, 1.000000000000000000, 3.111048790438776325E-16 ) ) ;
#8882 = PLANE ( 'NONE',  #10956 ) ;
#8883 = DIRECTION ( 'NONE',  ( -3.583126979299020263E-32, 1.000000000000000000, 3.111048790438776325E-16 ) ) ;
#8884 = AXIS2_PLACEMENT_3D ( 'NONE', #8659, #11457, #6096 ) ;
#8885 = CARTESIAN_POINT ( 'NONE',  ( 16.74977862752251667, -3.904999999999963833, 2.906013752374474013 ) ) ;
#8886 = FACE_OUTER_BOUND ( 'NONE', #4874, .T. ) ;
#8887 = ORIENTED_EDGE ( 'NONE', *, *, #3414, .T. ) ;
#8888 = ORIENTED_EDGE ( 'NONE', *, *, #1738, .T. ) ;
#8889 = ORIENTED_EDGE ( 'NONE', *, *, #10612, .F. ) ;
#8890 = FACE_OUTER_BOUND ( 'NONE', #8567, .T. ) ;
#8891 = LINE ( 'NONE', #910, #393 ) ;
#8892 = DIRECTION ( 'NONE',  ( 0.000000000000000000, 0.000000000000000000, 1.000000000000000000 ) ) ;
#8893 = DIRECTION ( 'NONE',  ( 0.000000000000000000, 0.000000000000000000, -1.000000000000000000 ) ) ;
#8894 = ORIENTED_EDGE ( 'NONE', *, *, #7109, .F. ) ;
#8895 = DIRECTION ( 'NONE',  ( 1.590907862337733465E-31, -1.000000000000000000, -3.111048790438776325E-16 ) ) ;
#8896 = CIRCLE ( 'NONE', #10944, 0.2500000000000002220 ) ;
#8897 = AXIS2_PLACEMENT_3D ( 'NONE', #5587, #3707, #6500 ) ;
#8898 = AXIS2_PLACEMENT_3D ( 'NONE', #7395, #8277, #4896 ) ;
#8899 = DIRECTION ( 'NONE',  ( 3.583126979299020263E-32, -1.000000000000000000, -3.111048790438776325E-16 ) ) ;
#8900 = CIRCLE ( 'NONE', #4637, 12.00000000000000533 ) ;
#8901 = DIRECTION ( 'NONE',  ( 3.583126979299020263E-32, -1.000000000000000000, -3.111048790438776325E-16 ) ) ;
#8902 = EDGE_CURVE ( 'NONE', #1109, #1459, #5517, .T. ) ;
#8903 = ORIENTED_EDGE ( 'NONE', *, *, #1934, .F. ) ;
#8904 = ORIENTED_EDGE ( 'NONE', *, *, #838, .T. ) ;
#8905 = DIRECTION ( 'NONE',  ( -3.583126979299020263E-32, 1.000000000000000000, 3.111048790438776325E-16 ) ) ;
#8906 = VECTOR ( 'NONE', #7658, 1000.000000000000000 ) ;
#8907 = DIRECTION ( 'NONE',  ( 4.815722143706842998E-32, -1.000000000000000000, -3.111048790438772381E-16 ) ) ;
#8908 = ORIENTED_EDGE ( 'NONE', *, *, #1049, .T. ) ;
#8909 = CIRCLE ( 'NONE', #9271, 17.00000000000000355 ) ;
#8910 = CARTESIAN_POINT ( 'NONE',  ( 7.939749563561665724, 94.12768161796620348, -15.03197847483561667 ) ) ;
#8911 = DIRECTION ( 'NONE',  ( -3.583126979299020263E-32, 1.000000000000000000, 3.111048790438776325E-16 ) ) ;
#8912 = DIRECTION ( 'NONE',  ( -3.812444007147977456E-32, -1.000000000000000000, -3.111048790438772381E-16 ) ) ;
#8913 = CIRCLE ( 'NONE', #11348, 0.2500000000000002220 ) ;
#8914 = EDGE_CURVE ( 'NONE', #1628, #10241, #7085, .T. ) ;
#8915 = CIRCLE ( 'NONE', #5752, 17.00000000000000000 ) ;
#8916 = AXIS2_PLACEMENT_3D ( 'NONE', #6085, #5155, #11397 ) ;
#8917 = DIRECTION ( 'NONE',  ( 2.330464960982432251E-31, -1.000000000000000000, -3.111048790438776325E-16 ) ) ;
#8918 = DIRECTION ( 'NONE',  ( -3.583126979299020263E-32, 1.000000000000000000, 3.111048790438776325E-16 ) ) ;
#8919 = ORIENTED_EDGE ( 'NONE', *, *, #11449, .F. ) ;
#8920 = ORIENTED_EDGE ( 'NONE', *, *, #5255, .F. ) ;
#8921 = ORIENTED_EDGE ( 'NONE', *, *, #8553, .T. ) ;
#8922 = CIRCLE ( 'NONE', #9667, 0.2500000000000002220 ) ;
#8923 = ORIENTED_EDGE ( 'NONE', *, *, #9123, .F. ) ;
#8924 = CARTESIAN_POINT ( 'NONE',  ( 7.939749563561665724, 1.095000000000068141, -15.03197847483565219 ) ) ;
#8925 = VERTEX_POINT ( 'NONE', #2835 ) ;
#8926 = CIRCLE ( 'NONE', #8560, 0.2500000000000002220 ) ;
#8927 = LINE ( 'NONE', #8116, #10193 ) ;
#8928 = CARTESIAN_POINT ( 'NONE',  ( 13.75328890437398499, 94.12768161796608979, -9.992349288972169674 ) ) ;
#8929 = DIRECTION ( 'NONE',  ( -1.110223024625156540E-16, -3.061276722312011998E-16, 1.000000000000000000 ) ) ;
#8930 = CIRCLE ( 'NONE', #9108, 0.2500000000000006661 ) ;
#8931 = VECTOR ( 'NONE', #1344, 1000.000000000000000 ) ;
#8932 = EDGE_CURVE ( 'NONE', #9633, #6767, #8080, .T. ) ;
#8933 = AXIS2_PLACEMENT_3D ( 'NONE', #7336, #10889, #4722 ) ;
#8934 = DIRECTION ( 'NONE',  ( -1.110223024625156540E-16, -4.081702296416015997E-16, 1.000000000000000000 ) ) ;
#8935 = EDGE_LOOP ( 'NONE', ( #2742, #1421, #10078, #2605 ) ) ;
#8936 = ORIENTED_EDGE ( 'NONE', *, *, #467, .F. ) ;
#8937 = AXIS2_PLACEMENT_3D ( 'NONE', #8114, #1002, #9790 ) ;
#8938 = CYLINDRICAL_SURFACE ( 'NONE', #10556, 0.2500000000000002220 ) ;
#8939 = CARTESIAN_POINT ( 'NONE',  ( 4.640922924985865450, 1.095000000000068141, -16.35426043587237288 ) ) ;
#8940 = AXIS2_PLACEMENT_3D ( 'NONE', #624, #8788, #5172 ) ;
#8941 = FACE_OUTER_BOUND ( 'NONE', #1324, .T. ) ;
#8942 = CARTESIAN_POINT ( 'NONE',  ( 16.24346467152402340, -3.904999999999991811, 5.014963156888666340 ) ) ;
#8943 = ORIENTED_EDGE ( 'NONE', *, *, #11255, .F. ) ;
#8944 = VECTOR ( 'NONE', #3493, 1000.000000000000000 ) ;
#8945 = DIRECTION ( 'NONE',  ( 0.000000000000000000, 0.000000000000000000, -1.000000000000000000 ) ) ;
#8946 = AXIS2_PLACEMENT_3D ( 'NONE', #8048, #1859, #10769 ) ;
#8947 = ADVANCED_FACE ( 'NONE', ( #2886 ), #4749, .F. ) ;
#8948 = AXIS2_PLACEMENT_3D ( 'NONE', #8311, #325, #7148 ) ;
#8949 = CIRCLE ( 'NONE', #3921, 0.2500000000000002220 ) ;
#8950 = DIRECTION ( 'NONE',  ( 3.583126979299020263E-32, -1.000000000000000000, -3.111048790438776325E-16 ) ) ;
#8951 = AXIS2_PLACEMENT_3D ( 'NONE', #1381, #2370, #5705 ) ;
#8952 = DIRECTION ( 'NONE',  ( 0.000000000000000000, 0.000000000000000000, 1.000000000000000000 ) ) ;
#8953 = ORIENTED_EDGE ( 'NONE', *, *, #11281, .T. ) ;
#8954 = CIRCLE ( 'NONE', #224, 0.2500000000000006661 ) ;
#8955 = ORIENTED_EDGE ( 'NONE', *, *, #9004, .T. ) ;
#8956 = ORIENTED_EDGE ( 'NONE', *, *, #10008, .T. ) ;
#8957 = ORIENTED_EDGE ( 'NONE', *, *, #1044, .F. ) ;
#8958 = DIRECTION ( 'NONE',  ( -1.120801499359495711E-31, -1.000000000000000000, -3.111048790438776325E-16 ) ) ;
#8959 = CYLINDRICAL_SURFACE ( 'NONE', #6371, 17.00000000000000355 ) ;
#8960 = DIRECTION ( 'NONE',  ( -1.110223024625156540E-16, -3.061276722312011998E-16, 1.000000000000000000 ) ) ;
#8961 = FACE_OUTER_BOUND ( 'NONE', #7323, .T. ) ;
#8962 = EDGE_CURVE ( 'NONE', #9361, #8963, #7425, .T. ) ;
#8963 = VERTEX_POINT ( 'NONE', #10982 ) ;
#8964 = CARTESIAN_POINT ( 'NONE',  ( -1.540743955509788682E-30, -3.904999999999991811, 6.938893903907228378E-15 ) ) ;
#8965 = AXIS2_PLACEMENT_3D ( 'NONE', #2424, #3363, #5163 ) ;
#8966 = EDGE_CURVE ( 'NONE', #3686, #6056, #6553, .T. ) ;
#8967 = AXIS2_PLACEMENT_3D ( 'NONE', #2090, #4721, #396 ) ;
#8968 = CIRCLE ( 'NONE', #10253, 17.00000000000000000 ) ;
#8969 = ADVANCED_FACE ( 'NONE', ( #1999 ), #152, .F. ) ;
#8970 = AXIS2_PLACEMENT_3D ( 'NONE', #5262, #11320, #762 ) ;
#8971 = EDGE_CURVE ( 'NONE', #9449, #5550, #1694, .T. ) ;
#8972 = EDGE_CURVE ( 'NONE', #499, #1123, #8954, .T. ) ;
#8973 = DIRECTION ( 'NONE',  ( -3.583126979299020263E-32, 1.000000000000000000, 3.111048790438776325E-16 ) ) ;
#8974 = CIRCLE ( 'NONE', #10836, 0.2500000000000002220 ) ;
#8975 = CARTESIAN_POINT ( 'NONE',  ( -1.540743955509788682E-30, 39.99999999999997868, 1.387778780781445676E-14 ) ) ;
#8976 = VERTEX_POINT ( 'NONE', #6486 ) ;
#8977 = CARTESIAN_POINT ( 'NONE',  ( -5.253288904374003643, 94.12768161796614663, 16.16796077701766166 ) ) ;
#8978 = DIRECTION ( 'NONE',  ( -1.110223024625156540E-16, -3.061276722312011998E-16, 1.000000000000000000 ) ) ;
#8979 = ORIENTED_EDGE ( 'NONE', *, *, #7557, .T. ) ;
#8980 = CIRCLE ( 'NONE', #6365, 17.00000000000000355 ) ;
#8981 = CARTESIAN_POINT ( 'NONE',  ( -1.776983875550001812, 1.095000000000012630, 16.65687222126065947 ) ) ;
#8982 = CARTESIAN_POINT ( 'NONE',  ( 0.000000000000000000, -25.40499999999998337, -6.938893903907228378E-15 ) ) ;
#8983 = DIRECTION ( 'NONE',  ( 2.330464960982432251E-31, -1.000000000000000000, -3.111048790438776325E-16 ) ) ;
#8984 = AXIS2_PLACEMENT_3D ( 'NONE', #10656, #992, #5304 ) ;
#8985 = CARTESIAN_POINT ( 'NONE',  ( -6.092255142270007084, -3.904999999999991811, 15.87086725045246816 ) ) ;
#8986 = VECTOR ( 'NONE', #8267, 1000.000000000000000 ) ;
#8987 = CARTESIAN_POINT ( 'NONE',  ( -16.99816176470587692, -3.904999999999991811, -0.2499932416907130195 ) ) ;
#8988 = ORIENTED_EDGE ( 'NONE', *, *, #4428, .F. ) ;
#8989 = FACE_OUTER_BOUND ( 'NONE', #98, .T. ) ;
#8990 = ORIENTED_EDGE ( 'NONE', *, *, #6323, .F. ) ;
#8991 = EDGE_CURVE ( 'NONE', #6594, #10260, #9110, .T. ) ;
#8992 = CYLINDRICAL_SURFACE ( 'NONE', #2588, 0.2500000000000002220 ) ;
#8993 = LINE ( 'NONE', #1816, #11352 ) ;
#8994 = DIRECTION ( 'NONE',  ( 2.330464960982431813E-31, -1.000000000000000000, -3.111048790438772381E-16 ) ) ;
#8995 = DIRECTION ( 'NONE',  ( -3.583126979299020263E-32, 1.000000000000000000, 3.111048790438776325E-16 ) ) ;
#8996 = ORIENTED_EDGE ( 'NONE', *, *, #1738, .F. ) ;
#8997 = EDGE_LOOP ( 'NONE', ( #4206, #9376, #7533, #8243 ) ) ;
#8998 = EDGE_LOOP ( 'NONE', ( #3673, #5074, #4719, #2396 ) ) ;
#8999 = CYLINDRICAL_SURFACE ( 'NONE', #8715, 17.00000000000000355 ) ;
#9000 = CYLINDRICAL_SURFACE ( 'NONE', #7181, 0.2500000000000002220 ) ;
#9001 = DIRECTION ( 'NONE',  ( -1.110223024625156540E-16, -3.061276722312011998E-16, 1.000000000000000000 ) ) ;
#9002 = DIRECTION ( 'NONE',  ( 3.583126979299020263E-32, -1.000000000000000000, -3.111048790438776325E-16 ) ) ;
#9003 = ORIENTED_EDGE ( 'NONE', *, *, #4966, .F. ) ;
#9004 = EDGE_CURVE ( 'NONE', #4662, #350, #3926, .T. ) ;
#9005 = DIRECTION ( 'NONE',  ( 0.000000000000000000, 0.000000000000000000, -1.000000000000000000 ) ) ;
#9006 = DIRECTION ( 'NONE',  ( -1.110223024625156540E-16, -3.061276722312011998E-16, 1.000000000000000000 ) ) ;
#9007 = DIRECTION ( 'NONE',  ( -3.583126979299020263E-32, 1.000000000000000000, 3.111048790438776325E-16 ) ) ;
#9008 = VERTEX_POINT ( 'NONE', #1019 ) ;
#9009 = VERTEX_POINT ( 'NONE', #5464 ) ;
#9010 = ORIENTED_EDGE ( 'NONE', *, *, #10362, .F. ) ;
#9011 = ORIENTED_EDGE ( 'NONE', *, *, #7544, .T. ) ;
#9012 = CARTESIAN_POINT ( 'NONE',  ( -8.499999999999905853, 94.12768161796620348, 14.47243186433554918 ) ) ;
#9013 = LINE ( 'NONE', #9060, #7480 ) ;
#9014 = DIRECTION ( 'NONE',  ( -3.583126979299020263E-32, 1.000000000000000000, 3.111048790438776325E-16 ) ) ;
#9015 = VERTEX_POINT ( 'NONE', #8130 ) ;
#9016 = DIRECTION ( 'NONE',  ( -1.110223024625156540E-16, -2.560261641066388300E-16, 1.000000000000000000 ) ) ;
#9017 = ADVANCED_FACE ( 'NONE', ( #3693 ), #9929, .F. ) ;
#9018 = ADVANCED_FACE ( 'NONE', ( #7317 ), #6433, .F. ) ;
#9019 = DIRECTION ( 'NONE',  ( -1.110223024625156540E-16, -3.061276722312012491E-16, 1.000000000000000000 ) ) ;
#9020 = CARTESIAN_POINT ( 'NONE',  ( 2.659385905684037432, 94.12768161796614663, 16.79070179011734609 ) ) ;
#9021 = DIRECTION ( 'NONE',  ( 1.837426895219299873E-31, -1.000000000000000000, -3.111048790438776325E-16 ) ) ;
#9022 = EDGE_CURVE ( 'NONE', #4692, #6462, #6356, .T. ) ;
#9023 = ORIENTED_EDGE ( 'NONE', *, *, #11172, .F. ) ;
#9024 = EDGE_CURVE ( 'NONE', #6008, #5985, #3002, .T. ) ;
#9025 = DIRECTION ( 'NONE',  ( -1.110223024625156540E-16, -2.891205793294677340E-16, 1.000000000000000000 ) ) ;
#9026 = VECTOR ( 'NONE', #6930, 1000.000000000000000 ) ;
#9027 = DIRECTION ( 'NONE',  ( 2.330464960982432251E-31, -1.000000000000000000, -3.111048790438776325E-16 ) ) ;
#9028 = CARTESIAN_POINT ( 'NONE',  ( -6.914522932288506674, -3.904999999999991811, 15.53027277992426924 ) ) ;
#9029 = CARTESIAN_POINT ( 'NONE',  ( 3.289586263734520788, 94.12768161796614663, 16.67868766460508212 ) ) ;
#9030 = CIRCLE ( 'NONE', #1033, 0.2500000000000002220 ) ;
#9031 = DIRECTION ( 'NONE',  ( -3.583126979299020263E-32, 1.000000000000000000, 3.111048790438776325E-16 ) ) ;
#9032 = ORIENTED_EDGE ( 'NONE', *, *, #2752, .T. ) ;
#9033 = EDGE_LOOP ( 'NONE', ( #4792, #9821, #5089, #1195 ) ) ;
#9034 = VERTEX_POINT ( 'NONE', #2345 ) ;
#9035 = EDGE_LOOP ( 'NONE', ( #1730, #7403, #7213, #1182, #10875, #6827, #7837, #1159, #9860, #1752, #8936, #7741, #10488, #2668, #1986, #5564, #8505, #1893, #9438, #1383, #4406, #3012, #5658, #6132, #6775, #5469, #1841, #4133, #5468, #2190, #11204, #8232, #7756, #7616, #5366, #2812, #9203, #6280, #5667, #5551, #5087, #5728, #8571, #9182, #4239, #7550, #6792, #9352, #264, #8691, #5028, #10912, #1736, #6581, #546, #4781, #1078, #4559, #2239, #4916, #964, #693, #1860, #10492, #770, #9167, #9463, #9214, #3345, #3966, #7561, #6524, #10366, #1808, #8894, #806, #11162, #278, #6531, #676, #997, #10770, #6716, #7588, #3987, #3242, #565, #10542, #7605, #9595, #6610, #1956, #8919, #813, #1053, #10472, #3361, #8863, #1929, #6998, #6212, #3980, #6165, #5516, #7573, #3860, #4106, #3552, #7520, #6093, #11504, #2226, #8363, #5122, #9511, #11258, #10508, #3950, #4548, #9697, #4902, #3678, #6857, #9062, #4826, #8062, #9211, #2589, #7572, #2191, #10920, #9195, #8630, #8507, #2704, #7772, #8817, #3505, #9571, #3389, #11008, #9460, #703, #4441, #5840, #908, #5612, #7542, #3094, #6221, #10384, #2238, #11409, #458, #104, #1546, #5967, #9933, #6377, #682, #8309, #5955, #4252, #1523, #9676, #5962, #1154, #11054, #353, #4435, #3736, #3974, #7276, #9814, #9887, #10913, #4743, #9720, #7761, #6645, #2344, #2520, #2551, #8347, #2006, #10090, #7970, #7603, #10178, #5611, #4586, #1699, #107, #7581, #19, #1502, #7685, #7260, #364, #11122, #10708, #6406, #9669, #2515, #3815, #519, #10437, #8242, #5882, #1520, #6593, #378, #7432, #5205, #10755, #2300, #1622, #10127, #10499, #7187, #8180, #4970, #1140, #10103, #332, #1304, #937, #8548, #9916, #6236, #9635, #1146, #8231, #8826, #255, #9442, #9109, #2289, #10580, #7898, #603, #2592, #2683, #11219, #3625, #7110, #1390, #2382, #7722, #11261, #993, #3935, #1637, #6368, #1243, #1651, #7849, #1302, #3431, #2486, #5735, #6698, #7053, #7404, #7521, #4485, #7159, #3252, #2797, #1684, #8163, #10855, #4399, #3344, #10895, #1273, #418, #9913, #5932, #5694, #5627, #2308, #8396, #3675, #5067, #4248, #1970, #9324, #9258, #8234, #5389, #9254, #3417, #10801, #1514, #9744, #7865, #4572, #9318 ) ) ;
#9036 = EDGE_CURVE ( 'NONE', #9665, #203, #9275, .T. ) ;
#9037 = LINE ( 'NONE', #2875, #11171 ) ;
#9038 = DIRECTION ( 'NONE',  ( 0.000000000000000000, 0.000000000000000000, -1.000000000000000000 ) ) ;
#9039 = FACE_OUTER_BOUND ( 'NONE', #8753, .T. ) ;
#9040 = CIRCLE ( 'NONE', #8865, 17.00000000000000355 ) ;
#9041 = CARTESIAN_POINT ( 'NONE',  ( -1.540743955509788682E-30, 1.095000000000012630, 0.000000000000000000 ) ) ;
#9042 = ORIENTED_EDGE ( 'NONE', *, *, #3273, .F. ) ;
#9043 = VERTEX_POINT ( 'NONE', #7493 ) ;
#9044 = ORIENTED_EDGE ( 'NONE', *, *, #1007, .F. ) ;
#9045 = CYLINDRICAL_SURFACE ( 'NONE', #9810, 0.2500000000000002220 ) ;
#9046 = CYLINDRICAL_SURFACE ( 'NONE', #475, 17.00000000000000355 ) ;
#9047 = DIRECTION ( 'NONE',  ( -3.583126979299020263E-32, 1.000000000000000000, 3.111048790438776325E-16 ) ) ;
#9048 = CARTESIAN_POINT ( 'NONE',  ( -9.992349288971961840, -3.904999999999991811, 13.50328890437415374 ) ) ;
#9049 = ORIENTED_EDGE ( 'NONE', *, *, #463, .T. ) ;
#9050 = DIRECTION ( 'NONE',  ( 0.000000000000000000, 0.000000000000000000, -1.000000000000000000 ) ) ;
#9051 = EDGE_CURVE ( 'NONE', #7022, #5257, #10833, .T. ) ;
#9052 = ADVANCED_FACE ( 'NONE', ( #5978 ), #482, .F. ) ;
#9053 = DIRECTION ( 'NONE',  ( 3.583126979299020263E-32, -1.000000000000000000, -3.111048790438776325E-16 ) ) ;
#9054 = CARTESIAN_POINT ( 'NONE',  ( -16.08896035120129753, -3.904999999999991811, 5.490478559968391181 ) ) ;
#9055 = CARTESIAN_POINT ( 'NONE',  ( 1.531170446720260208E-15, 23.29500000000001236, -13.79155730658015955 ) ) ;
#9056 = VERTEX_POINT ( 'NONE', #4974 ) ;
#9057 = ORIENTED_EDGE ( 'NONE', *, *, #9314, .F. ) ;
#9058 = EDGE_LOOP ( 'NONE', ( #10675, #665, #10850, #9322 ) ) ;
#9059 = CARTESIAN_POINT ( 'NONE',  ( 4.399923766742972475, 94.12768161796614663, 16.42073904691415009 ) ) ;
#9060 = CARTESIAN_POINT ( 'NONE',  ( 12.46481782867063259, 94.12768161796608979, -11.55977147257045878 ) ) ;
#9061 = CARTESIAN_POINT ( 'NONE',  ( -16.67868766460511054, -3.904999999999991811, -3.289586263734260552 ) ) ;
#9062 = ORIENTED_EDGE ( 'NONE', *, *, #8971, .T. ) ;
#9063 = AXIS2_PLACEMENT_3D ( 'NONE', #8359, #2235, #7427 ) ;
#9064 = DIRECTION ( 'NONE',  ( -3.583126979299020263E-32, 1.000000000000000000, 3.111048790438776325E-16 ) ) ;
#9065 = CARTESIAN_POINT ( 'NONE',  ( -1.540743955509788682E-30, 1.095000000000012630, 0.000000000000000000 ) ) ;
#9066 = FACE_OUTER_BOUND ( 'NONE', #2669, .T. ) ;
#9067 = ADVANCED_FACE ( 'NONE', ( #7543 ), #10376, .F. ) ;
#9068 = EDGE_CURVE ( 'NONE', #7252, #6234, #1473, .T. ) ;
#9069 = CARTESIAN_POINT ( 'NONE',  ( -16.97670209082773951, 94.12768161796614663, 0.8897112561301532274 ) ) ;
#9070 = DIRECTION ( 'NONE',  ( 1.110223024625156540E-16, 2.891205793294677340E-16, -1.000000000000000000 ) ) ;
#9071 = CIRCLE ( 'NONE', #4049, 16.00000000000000711 ) ;
#9072 = ORIENTED_EDGE ( 'NONE', *, *, #4616, .T. ) ;
#9073 = CARTESIAN_POINT ( 'NONE',  ( -10.19351758238237693, 1.095000000000068141, -13.60485940014306827 ) ) ;
#9074 = CIRCLE ( 'NONE', #891, 4.500000000000003553 ) ;
#9075 = CARTESIAN_POINT ( 'NONE',  ( -1.540743955509788682E-30, 39.99999999999997868, 1.387778780781445676E-14 ) ) ;
#9076 = DIRECTION ( 'NONE',  ( 3.583126979299020263E-32, -1.000000000000000000, -3.111048790438776325E-16 ) ) ;
#9077 = EDGE_CURVE ( 'NONE', #5718, #1955, #7594, .T. ) ;
#9078 = AXIS2_PLACEMENT_3D ( 'NONE', #10262, #2114, #2287 ) ;
#9079 = CARTESIAN_POINT ( 'NONE',  ( 14.59584328502717732, 94.12768161796608979, -8.715581380431610015 ) ) ;
#9080 = EDGE_CURVE ( 'NONE', #1572, #5270, #10199, .T. ) ;
#9081 = LINE ( 'NONE', #4610, #8731 ) ;
#9082 = VECTOR ( 'NONE', #4920, 1000.000000000000000 ) ;
#9083 = ORIENTED_EDGE ( 'NONE', *, *, #4340, .F. ) ;
#9084 = VERTEX_POINT ( 'NONE', #2232 ) ;
#9085 = ORIENTED_EDGE ( 'NONE', *, *, #4416, .T. ) ;
#9086 = DIRECTION ( 'NONE',  ( 0.000000000000000000, 0.000000000000000000, 1.000000000000000000 ) ) ;
#9087 = DIRECTION ( 'NONE',  ( -1.110223024625156540E-16, -3.061276722312011998E-16, 1.000000000000000000 ) ) ;
#9088 = ORIENTED_EDGE ( 'NONE', *, *, #1049, .F. ) ;
#9089 = AXIS2_PLACEMENT_3D ( 'NONE', #2447, #1567, #5002 ) ;
#9090 = VERTEX_POINT ( 'NONE', #6604 ) ;
#9091 = ADVANCED_FACE ( 'NONE', ( #11156 ), #3292, .T. ) ;
#9092 = DIRECTION ( 'NONE',  ( -3.583126979299020263E-32, 1.000000000000000000, 3.111048790438776325E-16 ) ) ;
#9093 = LINE ( 'NONE', #7352, #3350 ) ;
#9094 = DIRECTION ( 'NONE',  ( 3.583126979299020263E-32, -1.000000000000000000, -3.111048790438776325E-16 ) ) ;
#9095 = CIRCLE ( 'NONE', #536, 17.00000000000000000 ) ;
#9096 = EDGE_CURVE ( 'NONE', #9351, #9778, #4319, .T. ) ;
#9097 = EDGE_CURVE ( 'NONE', #7819, #1181, #8968, .T. ) ;
#9098 = EDGE_CURVE ( 'NONE', #8648, #9402, #9328, .T. ) ;
#9099 = AXIS2_PLACEMENT_3D ( 'NONE', #5370, #2638, #2739 ) ;
#9100 = CARTESIAN_POINT ( 'NONE',  ( 11.55977147257043214, 94.12768161796608979, 12.46481782867071786 ) ) ;
#9101 = ORIENTED_EDGE ( 'NONE', *, *, #11100, .F. ) ;
#9102 = ORIENTED_EDGE ( 'NONE', *, *, #286, .T. ) ;
#9103 = CIRCLE ( 'NONE', #10589, 0.2500000000000002220 ) ;
#9104 = ORIENTED_EDGE ( 'NONE', *, *, #7005, .F. ) ;
#9105 = DIRECTION ( 'NONE',  ( 0.000000000000000000, 0.000000000000000000, -1.000000000000000000 ) ) ;
#9106 = CYLINDRICAL_SURFACE ( 'NONE', #3461, 0.2500000000000002220 ) ;
#9107 = LINE ( 'NONE', #8248, #4259 ) ;
#9108 = AXIS2_PLACEMENT_3D ( 'NONE', #6476, #4855, #426 ) ;
#9109 = ORIENTED_EDGE ( 'NONE', *, *, #11037, .F. ) ;
#9110 = LINE ( 'NONE', #10031, #2065 ) ;
#9111 = AXIS2_PLACEMENT_3D ( 'NONE', #7128, #6254, #1880 ) ;
#9112 = VECTOR ( 'NONE', #10176, 1000.000000000000000 ) ;
#9113 = DIRECTION ( 'NONE',  ( -1.110223024625156540E-16, -3.061276722312011998E-16, 1.000000000000000000 ) ) ;
#9114 = AXIS2_PLACEMENT_3D ( 'NONE', #5445, #7228, #10338 ) ;
#9115 = AXIS2_PLACEMENT_3D ( 'NONE', #1920, #10054, #9830 ) ;
#9116 = DIRECTION ( 'NONE',  ( -1.110223024625156540E-16, -4.081702296416015997E-16, 1.000000000000000000 ) ) ;
#9117 = ORIENTED_EDGE ( 'NONE', *, *, #6760, .F. ) ;
#9118 = ORIENTED_EDGE ( 'NONE', *, *, #1209, .T. ) ;
#9119 = ORIENTED_EDGE ( 'NONE', *, *, #6672, .F. ) ;
#9120 = DIRECTION ( 'NONE',  ( 0.000000000000000000, 0.000000000000000000, -1.000000000000000000 ) ) ;
#9121 = CARTESIAN_POINT ( 'NONE',  ( 1.540743955509788682E-30, -23.15500000000000824, 0.000000000000000000 ) ) ;
#9122 = DIRECTION ( 'NONE',  ( -1.110223024625156540E-16, -4.081702296416015997E-16, 1.000000000000000000 ) ) ;
#9123 = EDGE_CURVE ( 'NONE', #5444, #4420, #9345, .T. ) ;
#9124 = AXIS2_PLACEMENT_3D ( 'NONE', #2722, #6279, #9820 ) ;
#9125 = VERTEX_POINT ( 'NONE', #3176 ) ;
#9126 = DIRECTION ( 'NONE',  ( 0.000000000000000000, 0.000000000000000000, -1.000000000000000000 ) ) ;
#9127 = AXIS2_PLACEMENT_3D ( 'NONE', #10524, #849, #7867 ) ;
#9128 = CIRCLE ( 'NONE', #5786, 17.00000000000000355 ) ;
#9129 = AXIS2_PLACEMENT_3D ( 'NONE', #9756, #1776, #8945 ) ;
#9130 = DIRECTION ( 'NONE',  ( 3.583126979299020263E-32, -1.000000000000000000, -3.111048790438776325E-16 ) ) ;
#9131 = VECTOR ( 'NONE', #3504, 1000.000000000000000 ) ;
#9132 = CARTESIAN_POINT ( 'NONE',  ( 11.84274353507917255, -3.904999999999963833, 12.19628736797967505 ) ) ;
#9133 = VECTOR ( 'NONE', #11237, 1000.000000000000000 ) ;
#9134 = DIRECTION ( 'NONE',  ( -2.579848842740145962E-32, -1.000000000000000000, -3.111048790438772381E-16 ) ) ;
#9135 = EDGE_LOOP ( 'NONE', ( #7327, #639, #9776, #923 ) ) ;
#9136 = DIRECTION ( 'NONE',  ( 0.000000000000000000, 0.000000000000000000, -1.000000000000000000 ) ) ;
#9137 = CARTESIAN_POINT ( 'NONE',  ( -1.540743955509788682E-30, 1.095000000000012630, 0.000000000000000000 ) ) ;
#9138 = ORIENTED_EDGE ( 'NONE', *, *, #6426, .T. ) ;
#9139 = DIRECTION ( 'NONE',  ( 0.000000000000000000, 0.000000000000000000, -1.000000000000000000 ) ) ;
#9140 = CARTESIAN_POINT ( 'NONE',  ( -1.540743955509788682E-30, -3.904999999999991811, 6.938893903907228378E-15 ) ) ;
#9141 = VECTOR ( 'NONE', #1208, 1000.000000000000000 ) ;
#9142 = CIRCLE ( 'NONE', #6188, 0.2500000000000002220 ) ;
#9143 = AXIS2_PLACEMENT_3D ( 'NONE', #5092, #8458, #8637 ) ;
#9144 = CARTESIAN_POINT ( 'NONE',  ( 1.593974145067611481E-15, 22.72931457505076125, -14.35724273152940711 ) ) ;
#9145 = DIRECTION ( 'NONE',  ( -3.812444007147977456E-32, -1.000000000000000000, -3.111048790438772381E-16 ) ) ;
#9146 = ADVANCED_FACE ( 'NONE', ( #7718 ), #6839, .F. ) ;
#9147 = AXIS2_PLACEMENT_3D ( 'NONE', #3244, #6738, #9230 ) ;
#9148 = DIRECTION ( 'NONE',  ( 7.280912472522505984E-32, -1.000000000000000000, -3.111048790438772381E-16 ) ) ;
#9149 = CIRCLE ( 'NONE', #10937, 17.00000000000000000 ) ;
#9150 = DIRECTION ( 'NONE',  ( 3.583126979299020263E-32, -1.000000000000000000, -3.111048790438776325E-16 ) ) ;
#9151 = AXIS2_PLACEMENT_3D ( 'NONE', #10306, #4848, #8341 ) ;
#9152 = AXIS2_PLACEMENT_3D ( 'NONE', #5772, #9315, #2622 ) ;
#9153 = VERTEX_POINT ( 'NONE', #11050 ) ;
#9154 = ORIENTED_EDGE ( 'NONE', *, *, #3413, .F. ) ;
#9155 = ORIENTED_EDGE ( 'NONE', *, *, #424, .T. ) ;
#9156 = CARTESIAN_POINT ( 'NONE',  ( -16.42073904691416431, 1.095000000000040385, -4.399923766742801057 ) ) ;
#9157 = ORIENTED_EDGE ( 'NONE', *, *, #7729, .F. ) ;
#9158 = VERTEX_POINT ( 'NONE', #2169 ) ;
#9159 = CARTESIAN_POINT ( 'NONE',  ( -1.540743955509788682E-30, 28.30499999999999616, 6.938893903907228378E-15 ) ) ;
#9160 = CARTESIAN_POINT ( 'NONE',  ( -6.092255142270007084, -3.904999999999991811, 15.62086725045246816 ) ) ;
#9161 = AXIS2_PLACEMENT_3D ( 'NONE', #10540, #6753, #9416 ) ;
#9162 = DIRECTION ( 'NONE',  ( -6.277634335963632232E-32, -1.000000000000000000, -3.111048790438776325E-16 ) ) ;
#9163 = CIRCLE ( 'NONE', #7496, 17.00000000000000000 ) ;
#9164 = ADVANCED_FACE ( 'NONE', ( #10617 ), #7004, .F. ) ;
#9165 = ADVANCED_FACE ( 'NONE', ( #11498 ), #6039, .F. ) ;
#9166 = CYLINDRICAL_SURFACE ( 'NONE', #9487, 0.2500000000000002220 ) ;
#9167 = ORIENTED_EDGE ( 'NONE', *, *, #9883, .F. ) ;
#9168 = EDGE_LOOP ( 'NONE', ( #2007, #3867, #20, #7946 ) ) ;
#9169 = AXIS2_PLACEMENT_3D ( 'NONE', #9644, #9473, #1661 ) ;
#9170 = CARTESIAN_POINT ( 'NONE',  ( 1.776983875550225633, -3.904999999999991811, 16.65687222126063105 ) ) ;
#9171 = DIRECTION ( 'NONE',  ( -1.110223024625156540E-16, -4.081702296416015997E-16, 1.000000000000000000 ) ) ;
#9172 = CARTESIAN_POINT ( 'NONE',  ( -8.500000000000008882, 94.12768161796608979, -14.72243186433540352 ) ) ;
#9173 = ADVANCED_FACE ( 'NONE', ( #4389 ), #5274, .T. ) ;
#9174 = EDGE_CURVE ( 'NONE', #3801, #1111, #7292, .T. ) ;
#9175 = FACE_OUTER_BOUND ( 'NONE', #2670, .T. ) ;
#9176 = ORIENTED_EDGE ( 'NONE', *, *, #5980, .F. ) ;
#9177 = CARTESIAN_POINT ( 'NONE',  ( 16.74977862752247049, 94.12768161796614663, -2.906013752374661419 ) ) ;
#9178 = ADVANCED_FACE ( 'NONE', ( #5211 ), #8871, .F. ) ;
#9179 = CYLINDRICAL_SURFACE ( 'NONE', #4680, 17.00000000000000355 ) ;
#9180 = DIRECTION ( 'NONE',  ( 3.583126979299020263E-32, -1.000000000000000000, -3.111048790438776325E-16 ) ) ;
#9181 = DIRECTION ( 'NONE',  ( 2.330464960982432251E-31, -1.000000000000000000, -3.111048790438776325E-16 ) ) ;
#9182 = ORIENTED_EDGE ( 'NONE', *, *, #4894, .T. ) ;
#9183 = ORIENTED_EDGE ( 'NONE', *, *, #811, .T. ) ;
#9184 = VERTEX_POINT ( 'NONE', #11401 ) ;
#9185 = FACE_OUTER_BOUND ( 'NONE', #2372, .T. ) ;
#9186 = CARTESIAN_POINT ( 'NONE',  ( -11.55977147257043036, -3.904999999999991811, -12.46481782867069832 ) ) ;
#9187 = DIRECTION ( 'NONE',  ( 3.583126979299020263E-32, -1.000000000000000000, -3.111048790438776325E-16 ) ) ;
#9188 = DIRECTION ( 'NONE',  ( -1.110223024625156540E-16, -3.061276722312012491E-16, 1.000000000000000000 ) ) ;
#9189 = CARTESIAN_POINT ( 'NONE',  ( -1.887379141862766119E-15, 1.095000000000012630, 17.00000000000000711 ) ) ;
#9190 = CARTESIAN_POINT ( 'NONE',  ( 16.79070179011734965, 1.095000000000040385, 2.409385905683763873 ) ) ;
#9191 = CARTESIAN_POINT ( 'NONE',  ( 16.67868766460503593, 1.095000000000012630, -3.289586263734593619 ) ) ;
#9192 = VERTEX_POINT ( 'NONE', #7838 ) ;
#9193 = DIRECTION ( 'NONE',  ( 9.746102801338168971E-32, -1.000000000000000000, -3.111048790438772381E-16 ) ) ;
#9194 = FACE_OUTER_BOUND ( 'NONE', #6263, .T. ) ;
#9195 = ORIENTED_EDGE ( 'NONE', *, *, #9408, .F. ) ;
#9196 = DIRECTION ( 'NONE',  ( -1.110223024625156540E-16, -5.442269728554689310E-16, 1.000000000000000000 ) ) ;
#9197 = CARTESIAN_POINT ( 'NONE',  ( -1.540743955509788682E-30, 1.095000000000012630, 0.000000000000000000 ) ) ;
#9198 = CARTESIAN_POINT ( 'NONE',  ( 16.90687222126060973, 1.095000000000012630, -1.776983875550294911 ) ) ;
#9199 = DIRECTION ( 'NONE',  ( -3.583126979299020263E-32, 1.000000000000000000, 3.111048790438776325E-16 ) ) ;
#9200 = EDGE_CURVE ( 'NONE', #8179, #10367, #11018, .T. ) ;
#9201 = LINE ( 'NONE', #4730, #9276 ) ;
#9202 = VERTEX_POINT ( 'NONE', #9747 ) ;
#9203 = ORIENTED_EDGE ( 'NONE', *, *, #805, .F. ) ;
#9204 = CYLINDRICAL_SURFACE ( 'NONE', #365, 0.2500000000000006661 ) ;
#9205 = EDGE_LOOP ( 'NONE', ( #1413, #8645, #10174, #8022 ) ) ;
#9206 = EDGE_CURVE ( 'NONE', #3476, #5812, #3934, .T. ) ;
#9207 = ORIENTED_EDGE ( 'NONE', *, *, #10731, .T. ) ;
#9208 = CARTESIAN_POINT ( 'NONE',  ( -16.48366646006526892, -3.904999999999991811, -4.157973067892478447 ) ) ;
#9209 = VERTEX_POINT ( 'NONE', #3412 ) ;
#9210 = CYLINDRICAL_SURFACE ( 'NONE', #8239, 17.00000000000000355 ) ;
#9211 = ORIENTED_EDGE ( 'NONE', *, *, #5058, .T. ) ;
#9212 = DIRECTION ( 'NONE',  ( 0.000000000000000000, 0.000000000000000000, -1.000000000000000000 ) ) ;
#9213 = ORIENTED_EDGE ( 'NONE', *, *, #1050, .F. ) ;
#9214 = ORIENTED_EDGE ( 'NONE', *, *, #4758, .F. ) ;
#9215 = VECTOR ( 'NONE', #7656, 1000.000000000000000 ) ;
#9216 = DIRECTION ( 'NONE',  ( 3.583126979299020263E-32, -1.000000000000000000, -3.111048790438776325E-16 ) ) ;
#9217 = CYLINDRICAL_SURFACE ( 'NONE', #662, 17.00000000000000355 ) ;
#9218 = CARTESIAN_POINT ( 'NONE',  ( 8.282580384274115914, -3.904999999999936300, -14.84583652671810761 ) ) ;
#9219 = CARTESIAN_POINT ( 'NONE',  ( -3.534498743901911322, 1.095000000000068141, -16.62850921247469316 ) ) ;
#9220 = VERTEX_POINT ( 'NONE', #6208 ) ;
#9221 = CARTESIAN_POINT ( 'NONE',  ( -1.540743955509788682E-30, 1.095000000000012630, 0.000000000000000000 ) ) ;
#9222 = EDGE_CURVE ( 'NONE', #10189, #270, #2639, .T. ) ;
#9223 = AXIS2_PLACEMENT_3D ( 'NONE', #9743, #8866, #10546 ) ;
#9224 = CARTESIAN_POINT ( 'NONE',  ( -9.258863595255371948, 1.095000000000012630, 14.25739965507226437 ) ) ;
#9225 = EDGE_CURVE ( 'NONE', #4221, #7045, #11212, .T. ) ;
#9226 = DIRECTION ( 'NONE',  ( -3.583126979299020263E-32, 1.000000000000000000, 3.111048790438776325E-16 ) ) ;
#9227 = ORIENTED_EDGE ( 'NONE', *, *, #10665, .T. ) ;
#9228 = EDGE_LOOP ( 'NONE', ( #2608, #4627, #2656, #10803 ) ) ;
#9229 = VERTEX_POINT ( 'NONE', #2584 ) ;
#9230 = DIRECTION ( 'NONE',  ( 0.000000000000000000, 0.000000000000000000, 1.000000000000000000 ) ) ;
#9231 = DIRECTION ( 'NONE',  ( -1.110223024625156540E-16, -3.061276722312012491E-16, 1.000000000000000000 ) ) ;
#9232 = CARTESIAN_POINT ( 'NONE',  ( 14.72243186433534667, 1.095000000000012630, -8.500000000000174083 ) ) ;
#9233 = DIRECTION ( 'NONE',  ( -1.110223024625156540E-16, -3.061276722312011998E-16, 1.000000000000000000 ) ) ;
#9234 = ADVANCED_FACE ( 'NONE', ( #3579 ), #781, .T. ) ;
#9235 = EDGE_CURVE ( 'NONE', #2569, #8008, #1708, .T. ) ;
#9236 = EDGE_CURVE ( 'NONE', #7890, #974, #7478, .T. ) ;
#9237 = LINE ( 'NONE', #11177, #7877 ) ;
#9238 = EDGE_CURVE ( 'NONE', #8464, #9496, #9142, .T. ) ;
#9239 = CARTESIAN_POINT ( 'NONE',  ( -16.48366646006521208, 1.095000000000040385, 4.157973067892700492 ) ) ;
#9240 = EDGE_LOOP ( 'NONE', ( #10559, #2695, #3228, #5173 ) ) ;
#9241 = CIRCLE ( 'NONE', #1428, 0.2500000000000002220 ) ;
#9242 = DIRECTION ( 'NONE',  ( -1.110223024625156540E-16, -2.384312453768321331E-16, 1.000000000000000000 ) ) ;
#9243 = DIRECTION ( 'NONE',  ( 0.000000000000000000, 0.000000000000000000, 1.000000000000000000 ) ) ;
#9244 = VERTEX_POINT ( 'NONE', #4339 ) ;
#9245 = CARTESIAN_POINT ( 'NONE',  ( 16.79070179011729280, -3.904999999999991811, -2.659385905684097384 ) ) ;
#9246 = DIRECTION ( 'NONE',  ( -3.583126979299020263E-32, 1.000000000000000000, 3.111048790438776325E-16 ) ) ;
#9247 = FACE_OUTER_BOUND ( 'NONE', #9574, .T. ) ;
#9248 = DIRECTION ( 'NONE',  ( 1.651002285577366694E-16, 0.7071067811865534569, -0.7071067811865416886 ) ) ;
#9249 = EDGE_CURVE ( 'NONE', #607, #3621, #1541, .T. ) ;
#9250 = CIRCLE ( 'NONE', #9435, 17.00000000000000355 ) ;
#9251 = CARTESIAN_POINT ( 'NONE',  ( 15.25896758828875477, 94.12768161796608979, -7.494258344863252930 ) ) ;
#9252 = ORIENTED_EDGE ( 'NONE', *, *, #72, .T. ) ;
#9253 = ORIENTED_EDGE ( 'NONE', *, *, #10796, .T. ) ;
#9254 = ORIENTED_EDGE ( 'NONE', *, *, #9782, .F. ) ;
#9255 = VERTEX_POINT ( 'NONE', #7894 ) ;
#9256 = EDGE_CURVE ( 'NONE', #8287, #8669, #4216, .T. ) ;
#9257 = FACE_OUTER_BOUND ( 'NONE', #10605, .T. ) ;
#9258 = ORIENTED_EDGE ( 'NONE', *, *, #4820, .T. ) ;
#9259 = DIRECTION ( 'NONE',  ( 1.110223024625156540E-16, 4.336808689942021680E-16, -1.000000000000000000 ) ) ;
#9260 = VECTOR ( 'NONE', #982, 1000.000000000000000 ) ;
#9261 = DIRECTION ( 'NONE',  ( -1.110223024625156540E-16, -3.061276722312012491E-16, 1.000000000000000000 ) ) ;
#9262 = CIRCLE ( 'NONE', #4066, 0.2500000000000002220 ) ;
#9263 = ORIENTED_EDGE ( 'NONE', *, *, #3633, .T. ) ;
#9264 = DIRECTION ( 'NONE',  ( -1.613839565122628308E-31, -1.000000000000000000, -3.111048790438776325E-16 ) ) ;
#9265 = AXIS2_PLACEMENT_3D ( 'NONE', #7918, #807, #7971 ) ;
#9266 = ORIENTED_EDGE ( 'NONE', *, *, #7169, .F. ) ;
#9267 = ORIENTED_EDGE ( 'NONE', *, *, #1198, .T. ) ;
#9268 = CARTESIAN_POINT ( 'NONE',  ( 7.142155445023544935, 94.12768161796620348, -15.42691205650436537 ) ) ;
#9269 = LINE ( 'NONE', #6596, #1216 ) ;
#9270 = VECTOR ( 'NONE', #8185, 1000.000000000000000 ) ;
#9271 = AXIS2_PLACEMENT_3D ( 'NONE', #5768, #10233, #9310 ) ;
#9272 = CARTESIAN_POINT ( 'NONE',  ( -1.540743955509788682E-30, -3.904999999999991811, 6.938893903907228378E-15 ) ) ;
#9273 = DIRECTION ( 'NONE',  ( -1.110223024625156540E-16, -4.081702296416015997E-16, 1.000000000000000000 ) ) ;
#9274 = VERTEX_POINT ( 'NONE', #11448 ) ;
#9275 = LINE ( 'NONE', #6727, #8037 ) ;
#9276 = VECTOR ( 'NONE', #5547, 1000.000000000000000 ) ;
#9277 = EDGE_CURVE ( 'NONE', #1798, #9283, #5625, .T. ) ;
#9278 = CIRCLE ( 'NONE', #8172, 0.2500000000000002220 ) ;
#9279 = DIRECTION ( 'NONE',  ( 0.000000000000000000, 0.000000000000000000, -1.000000000000000000 ) ) ;
#9280 = CIRCLE ( 'NONE', #1660, 0.2500000000000002220 ) ;
#9281 = CARTESIAN_POINT ( 'NONE',  ( 16.98795001012934947, 1.095000000000012630, -0.6399644156869915834 ) ) ;
#9282 = ORIENTED_EDGE ( 'NONE', *, *, #6259, .T. ) ;
#9283 = VERTEX_POINT ( 'NONE', #3797 ) ;
#9284 = ORIENTED_EDGE ( 'NONE', *, *, #2186, .T. ) ;
#9285 = FACE_OUTER_BOUND ( 'NONE', #2728, .T. ) ;
#9286 = AXIS2_PLACEMENT_3D ( 'NONE', #9041, #8995, #4691 ) ;
#9287 = DIRECTION ( 'NONE',  ( 3.583126979299020263E-32, -1.000000000000000000, -3.111048790438776325E-16 ) ) ;
#9288 = CARTESIAN_POINT ( 'NONE',  ( 5.490478559968433814, -3.904999999999991811, 16.08896035120128332 ) ) ;
#9289 = AXIS2_PLACEMENT_3D ( 'NONE', #7697, #5888, #9490 ) ;
#9290 = CYLINDRICAL_SURFACE ( 'NONE', #2943, 0.2500000000000002220 ) ;
#9291 = AXIS2_PLACEMENT_3D ( 'NONE', #9069, #1092, #5358 ) ;
#9292 = PLANE ( 'NONE',  #5789 ) ;
#9293 = VECTOR ( 'NONE', #8513, 1000.000000000000000 ) ;
#9294 = VECTOR ( 'NONE', #287, 1000.000000000000000 ) ;
#9295 = LINE ( 'NONE', #7442, #11411 ) ;
#9296 = DIRECTION ( 'NONE',  ( -3.583126979299020263E-32, 1.000000000000000000, 3.111048790438776325E-16 ) ) ;
#9297 = AXIS2_PLACEMENT_3D ( 'NONE', #7405, #3968, #2105 ) ;
#9298 = EDGE_CURVE ( 'NONE', #7513, #690, #10968, .T. ) ;
#9299 = VERTEX_POINT ( 'NONE', #2817 ) ;
#9300 = AXIS2_PLACEMENT_3D ( 'NONE', #6623, #9415, #3884 ) ;
#9301 = LINE ( 'NONE', #10226, #5957 ) ;
#9302 = CARTESIAN_POINT ( 'NONE',  ( -16.74977862752250246, -3.904999999999991811, -2.906013752374585035 ) ) ;
#9303 = DIRECTION ( 'NONE',  ( 0.000000000000000000, 0.000000000000000000, 1.000000000000000000 ) ) ;
#9304 = VERTEX_POINT ( 'NONE', #1817 ) ;
#9305 = CARTESIAN_POINT ( 'NONE',  ( -1.540743955509788682E-30, 39.99999999999997868, 1.387778780781445676E-14 ) ) ;
#9306 = DIRECTION ( 'NONE',  ( -1.110223024625156540E-16, -3.061276722312011998E-16, 1.000000000000000000 ) ) ;
#9307 = AXIS2_PLACEMENT_3D ( 'NONE', #502, #11184, #6927 ) ;
#9308 = AXIS2_PLACEMENT_3D ( 'NONE', #10635, #10398, #733 ) ;
#9309 = ADVANCED_FACE ( 'NONE', ( #7353 ), #2877, .T. ) ;
#9310 = DIRECTION ( 'NONE',  ( -1.110223024625156540E-16, -3.061276722312011998E-16, 1.000000000000000000 ) ) ;
#9311 = EDGE_CURVE ( 'NONE', #3686, #9043, #7097, .T. ) ;
#9312 = VECTOR ( 'NONE', #9027, 1000.000000000000000 ) ;
#9313 = CIRCLE ( 'NONE', #1132, 0.2500000000000002220 ) ;
#9314 = EDGE_CURVE ( 'NONE', #5572, #5032, #10909, .T. ) ;
#9315 = DIRECTION ( 'NONE',  ( 3.583126979299020263E-32, -1.000000000000000000, -3.111048790438776325E-16 ) ) ;
#9316 = AXIS2_PLACEMENT_3D ( 'NONE', #2174, #9398, #2587 ) ;
#9317 = DIRECTION ( 'NONE',  ( -1.347253678332305711E-32, -1.000000000000000000, -3.111048790438776325E-16 ) ) ;
#9318 = ORIENTED_EDGE ( 'NONE', *, *, #9382, .T. ) ;
#9319 = ORIENTED_EDGE ( 'NONE', *, *, #6694, .F. ) ;
#9320 = ORIENTED_EDGE ( 'NONE', *, *, #3470, .F. ) ;
#9321 = VECTOR ( 'NONE', #11038, 1000.000000000000000 ) ;
#9322 = ORIENTED_EDGE ( 'NONE', *, *, #9807, .F. ) ;
#9323 = DIRECTION ( 'NONE',  ( -1.110223024625156540E-16, -2.775557561562890365E-16, 1.000000000000000000 ) ) ;
#9324 = ORIENTED_EDGE ( 'NONE', *, *, #7407, .F. ) ;
#9325 = AXIS2_PLACEMENT_3D ( 'NONE', #8794, #9718, #2611 ) ;
#9326 = CARTESIAN_POINT ( 'NONE',  ( 5.014963156888929241, -3.904999999999991811, 16.24346467152395235 ) ) ;
#9327 = AXIS2_PLACEMENT_3D ( 'NONE', #6986, #5189, #4371 ) ;
#9328 = CIRCLE ( 'NONE', #1898, 17.00000000000000000 ) ;
#9329 = CARTESIAN_POINT ( 'NONE',  ( -15.14711091120220665, 1.095000000000012630, 7.717838495572372892 ) ) ;
#9330 = CIRCLE ( 'NONE', #10453, 0.2500000000000006661 ) ;
#9331 = EDGE_CURVE ( 'NONE', #681, #6274, #5442, .T. ) ;
#9332 = CIRCLE ( 'NONE', #11405, 13.55114218134571580 ) ;
#9333 = ORIENTED_EDGE ( 'NONE', *, *, #6578, .T. ) ;
#9334 = CARTESIAN_POINT ( 'NONE',  ( 1.332267629550188440E-15, -24.40500000000000824, -12.00000000000001243 ) ) ;
#9335 = ORIENTED_EDGE ( 'NONE', *, *, #9738, .T. ) ;
#9336 = EDGE_LOOP ( 'NONE', ( #6771, #4222, #5157, #4518 ) ) ;
#9337 = CYLINDRICAL_SURFACE ( 'NONE', #7788, 0.2500000000000002220 ) ;
#9338 = DIRECTION ( 'NONE',  ( -3.583126979299020263E-32, 1.000000000000000000, 3.111048790438776325E-16 ) ) ;
#9339 = AXIS2_PLACEMENT_3D ( 'NONE', #3222, #3096, #356 ) ;
#9340 = ORIENTED_EDGE ( 'NONE', *, *, #3258, .F. ) ;
#9341 = AXIS2_PLACEMENT_3D ( 'NONE', #1739, #9556, #10481 ) ;
#9342 = CYLINDRICAL_SURFACE ( 'NONE', #4814, 17.00000000000000355 ) ;
#9343 = DIRECTION ( 'NONE',  ( -3.583126979299020263E-32, 1.000000000000000000, 3.111048790438776325E-16 ) ) ;
#9344 = ORIENTED_EDGE ( 'NONE', *, *, #11127, .F. ) ;
#9345 = LINE ( 'NONE', #1361, #4872 ) ;
#9346 = CARTESIAN_POINT ( 'NONE',  ( -1.540743955509788682E-30, 39.99999999999997868, 1.387778780781445676E-14 ) ) ;
#9347 = ADVANCED_FACE ( 'NONE', ( #9039 ), #8173, .T. ) ;
#9348 = CIRCLE ( 'NONE', #10245, 0.2500000000000002220 ) ;
#9349 = LINE ( 'NONE', #3933, #11192 ) ;
#9350 = VERTEX_POINT ( 'NONE', #1008 ) ;
#9351 = VERTEX_POINT ( 'NONE', #8240 ) ;
#9352 = ORIENTED_EDGE ( 'NONE', *, *, #1253, .T. ) ;
#9353 = LINE ( 'NONE', #4807, #11196 ) ;
#9354 = DIRECTION ( 'NONE',  ( -1.110223024625156540E-16, -3.061276722312011998E-16, 1.000000000000000000 ) ) ;
#9355 = FACE_OUTER_BOUND ( 'NONE', #10539, .T. ) ;
#9356 = ADVANCED_FACE ( 'NONE', ( #10859 ), #2985, .F. ) ;
#9357 = DIRECTION ( 'NONE',  ( -1.110223024625156540E-16, -4.081702296416015997E-16, 1.000000000000000000 ) ) ;
#9358 = CARTESIAN_POINT ( 'NONE',  ( -1.540743955509788682E-30, 39.99999999999997868, 1.387778780781445676E-14 ) ) ;
#9359 = DIRECTION ( 'NONE',  ( 1.110223024625156540E-16, 2.416513404996969861E-16, -1.000000000000000000 ) ) ;
#9360 = CARTESIAN_POINT ( 'NONE',  ( -1.540743955509788682E-30, 39.99999999999997868, 1.387778780781445676E-14 ) ) ;
#9361 = VERTEX_POINT ( 'NONE', #9854 ) ;
#9362 = ORIENTED_EDGE ( 'NONE', *, *, #8054, .T. ) ;
#9363 = CARTESIAN_POINT ( 'NONE',  ( 16.97670209082774662, 1.095000000000040385, 0.8897112561298756717 ) ) ;
#9364 = DIRECTION ( 'NONE',  ( -1.110223024625156540E-16, -2.560261641066388300E-16, 1.000000000000000000 ) ) ;
#9365 = DIRECTION ( 'NONE',  ( 9.746102801338168971E-32, -1.000000000000000000, -3.111048790438772381E-16 ) ) ;
#9366 = CARTESIAN_POINT ( 'NONE',  ( -2.659385905683814055, -3.904999999999991811, 16.54070179011734609 ) ) ;
#9367 = ORIENTED_EDGE ( 'NONE', *, *, #9659, .F. ) ;
#9368 = FACE_OUTER_BOUND ( 'NONE', #5793, .T. ) ;
#9369 = CYLINDRICAL_SURFACE ( 'NONE', #9969, 0.2500000000000004441 ) ;
#9370 = EDGE_CURVE ( 'NONE', #4963, #9962, #5261, .T. ) ;
#9371 = CYLINDRICAL_SURFACE ( 'NONE', #2264, 17.00000000000000355 ) ;
#9372 = DIRECTION ( 'NONE',  ( 0.000000000000000000, 0.000000000000000000, -1.000000000000000000 ) ) ;
#9373 = EDGE_CURVE ( 'NONE', #4263, #3268, #5622, .T. ) ;
#9374 = ORIENTED_EDGE ( 'NONE', *, *, #7116, .F. ) ;
#9375 = ORIENTED_EDGE ( 'NONE', *, *, #535, .F. ) ;
#9376 = ORIENTED_EDGE ( 'NONE', *, *, #11036, .T. ) ;
#9377 = CYLINDRICAL_SURFACE ( 'NONE', #8755, 0.2500000000000004441 ) ;
#9378 = VERTEX_POINT ( 'NONE', #3849 ) ;
#9379 = CYLINDRICAL_SURFACE ( 'NONE', #11222, 0.2500000000000004441 ) ;
#9380 = CARTESIAN_POINT ( 'NONE',  ( 15.95874067538732888, 94.12768161796603295, -5.858207580458136832 ) ) ;
#9381 = EDGE_CURVE ( 'NONE', #1780, #6389, #1178, .T. ) ;
#9382 = EDGE_CURVE ( 'NONE', #1905, #337, #8418, .T. ) ;
#9383 = ORIENTED_EDGE ( 'NONE', *, *, #9805, .F. ) ;
#9384 = CARTESIAN_POINT ( 'NONE',  ( 13.75328890437417684, 94.12768161796608979, 9.992349288971954735 ) ) ;
#9385 = EDGE_LOOP ( 'NONE', ( #5372, #1128, #8515, #3664 ) ) ;
#9386 = ORIENTED_EDGE ( 'NONE', *, *, #5375, .T. ) ;
#9387 = CARTESIAN_POINT ( 'NONE',  ( -10.89157104706454504, -3.904999999999991811, 13.05272692301288906 ) ) ;
#9388 = CARTESIAN_POINT ( 'NONE',  ( -1.540743955509788682E-30, -3.904999999999991811, 6.938893903907228378E-15 ) ) ;
#9389 = ORIENTED_EDGE ( 'NONE', *, *, #89, .T. ) ;
#9390 = CARTESIAN_POINT ( 'NONE',  ( -16.35426043587231959, 1.095000000000040385, -4.640922924986037756 ) ) ;
#9391 = CARTESIAN_POINT ( 'NONE',  ( 13.05272692301297255, 1.095000000000040385, 10.89157104706441714 ) ) ;
#9392 = CIRCLE ( 'NONE', #4378, 0.2500000000000004441 ) ;
#9393 = ORIENTED_EDGE ( 'NONE', *, *, #6974, .F. ) ;
#9394 = CARTESIAN_POINT ( 'NONE',  ( 16.90687222126064526, -3.904999999999963833, 1.776983875549954739 ) ) ;
#9395 = EDGE_CURVE ( 'NONE', #3268, #2506, #245, .T. ) ;
#9396 = DIRECTION ( 'NONE',  ( -3.583126979299020263E-32, 1.000000000000000000, 3.111048790438776325E-16 ) ) ;
#9397 = AXIS2_PLACEMENT_3D ( 'NONE', #2492, #1720, #1550 ) ;
#9398 = DIRECTION ( 'NONE',  ( -3.583126979299020263E-32, 1.000000000000000000, 3.111048790438776325E-16 ) ) ;
#9399 = DIRECTION ( 'NONE',  ( 0.000000000000000000, 0.000000000000000000, 1.000000000000000000 ) ) ;
#9400 = ORIENTED_EDGE ( 'NONE', *, *, #704, .F. ) ;
#9401 = VERTEX_POINT ( 'NONE', #949 ) ;
#9402 = VERTEX_POINT ( 'NONE', #5504 ) ;
#9403 = CARTESIAN_POINT ( 'NONE',  ( 16.90687222126064526, 94.12768161796614663, 1.776983875549982494 ) ) ;
#9404 = FACE_OUTER_BOUND ( 'NONE', #2151, .T. ) ;
#9405 = CARTESIAN_POINT ( 'NONE',  ( -1.540743955509788682E-30, 39.99999999999997868, 1.387778780781445676E-14 ) ) ;
#9406 = CYLINDRICAL_SURFACE ( 'NONE', #1077, 17.00000000000000355 ) ;
#9407 = DIRECTION ( 'NONE',  ( -3.583126979299020263E-32, 1.000000000000000000, 3.111048790438776325E-16 ) ) ;
#9408 = EDGE_CURVE ( 'NONE', #2755, #4533, #8799, .T. ) ;
#9409 = VECTOR ( 'NONE', #2578, 1000.000000000000000 ) ;
#9410 = FACE_OUTER_BOUND ( 'NONE', #7752, .T. ) ;
#9411 = CYLINDRICAL_SURFACE ( 'NONE', #562, 17.00000000000000355 ) ;
#9412 = ORIENTED_EDGE ( 'NONE', *, *, #11404, .T. ) ;
#9413 = CYLINDRICAL_SURFACE ( 'NONE', #8762, 0.2500000000000002220 ) ;
#9414 = AXIS2_PLACEMENT_3D ( 'NONE', #8386, #5767, #10892 ) ;
#9415 = DIRECTION ( 'NONE',  ( 3.583126979299020263E-32, -1.000000000000000000, -3.111048790438776325E-16 ) ) ;
#9416 = DIRECTION ( 'NONE',  ( 0.000000000000000000, 0.000000000000000000, 1.000000000000000000 ) ) ;
#9417 = CARTESIAN_POINT ( 'NONE',  ( -16.42073904691413233, 1.095000000000012630, 4.399923766742933395 ) ) ;
#9418 = ORIENTED_EDGE ( 'NONE', *, *, #2712, .F. ) ;
#9419 = CARTESIAN_POINT ( 'NONE',  ( -15.42691205650435293, 1.095000000000012630, 7.142155445023619542 ) ) ;
#9420 = AXIS2_PLACEMENT_3D ( 'NONE', #1505, #10345, #5884 ) ;
#9421 = ADVANCED_FACE ( 'NONE', ( #7182 ), #10730, .F. ) ;
#9422 = EDGE_CURVE ( 'NONE', #3839, #7691, #1901, .T. ) ;
#9423 = DIRECTION ( 'NONE',  ( -3.583126979299020263E-32, 1.000000000000000000, 3.111048790438776325E-16 ) ) ;
#9424 = CIRCLE ( 'NONE', #7017, 6.000000000000006217 ) ;
#9425 = CARTESIAN_POINT ( 'NONE',  ( 8.500000000000113687, 1.095000000000012630, 14.72243186433538220 ) ) ;
#9426 = ORIENTED_EDGE ( 'NONE', *, *, #2964, .F. ) ;
#9427 = VERTEX_POINT ( 'NONE', #9326 ) ;
#9428 = VERTEX_POINT ( 'NONE', #6587 ) ;
#9429 = EDGE_LOOP ( 'NONE', ( #11200, #6561, #233, #7830 ) ) ;
#9430 = EDGE_CURVE ( 'NONE', #158, #6026, #2329, .T. ) ;
#9431 = DIRECTION ( 'NONE',  ( -3.583126979299020263E-32, 1.000000000000000000, 3.111048790438776325E-16 ) ) ;
#9432 = EDGE_LOOP ( 'NONE', ( #3843, #10350, #711, #877 ) ) ;
#9433 = CARTESIAN_POINT ( 'NONE',  ( 2.906013752374628556, 94.12768161796614663, 16.74977862752252022 ) ) ;
#9434 = ADVANCED_FACE ( 'NONE', ( #10082 ), #8508, .F. ) ;
#9435 = AXIS2_PLACEMENT_3D ( 'NONE', #2827, #8126, #7135 ) ;
#9436 = LINE ( 'NONE', #4152, #4503 ) ;
#9437 = VERTEX_POINT ( 'NONE', #11083 ) ;
#9438 = ORIENTED_EDGE ( 'NONE', *, *, #2874, .F. ) ;
#9439 = CARTESIAN_POINT ( 'NONE',  ( 10.69844664784733546, 1.095000000000012630, 13.21148134476841918 ) ) ;
#9440 = ORIENTED_EDGE ( 'NONE', *, *, #7808, .F. ) ;
#9441 = EDGE_CURVE ( 'NONE', #5242, #6211, #8457, .T. ) ;
#9442 = ORIENTED_EDGE ( 'NONE', *, *, #7450, .F. ) ;
#9443 = DIRECTION ( 'NONE',  ( -1.110223024625156540E-16, -3.252606517456511823E-16, 1.000000000000000000 ) ) ;
#9444 = LINE ( 'NONE', #1465, #9409 ) ;
#9445 = CIRCLE ( 'NONE', #10181, 0.2500000000000002220 ) ;
#9446 = ORIENTED_EDGE ( 'NONE', *, *, #8824, .F. ) ;
#9447 = CARTESIAN_POINT ( 'NONE',  ( -1.540743955509788682E-30, 39.99999999999997868, 1.387778780781445676E-14 ) ) ;
#9448 = FACE_OUTER_BOUND ( 'NONE', #10030, .T. ) ;
#9449 = VERTEX_POINT ( 'NONE', #2107 ) ;
#9450 = CIRCLE ( 'NONE', #3499, 0.2500000000000002220 ) ;
#9451 = DIRECTION ( 'NONE',  ( 0.000000000000000000, 0.000000000000000000, -1.000000000000000000 ) ) ;
#9452 = EDGE_CURVE ( 'NONE', #1, #5722, #7644, .T. ) ;
#9453 = EDGE_CURVE ( 'NONE', #8009, #1173, #6934, .T. ) ;
#9454 = EDGE_CURVE ( 'NONE', #708, #8807, #2837, .T. ) ;
#9455 = AXIS2_PLACEMENT_3D ( 'NONE', #8274, #7282, #10118 ) ;
#9456 = DIRECTION ( 'NONE',  ( 1.590907862337732589E-31, -1.000000000000000000, -3.111048790438772381E-16 ) ) ;
#9457 = CARTESIAN_POINT ( 'NONE',  ( 1.776983875549883241, -3.904999999999991811, -16.90687222126067368 ) ) ;
#9458 = CARTESIAN_POINT ( 'NONE',  ( 7.717838495572404867, 1.095000000000012630, 15.14711091120219599 ) ) ;
#9459 = VECTOR ( 'NONE', #3469, 1000.000000000000000 ) ;
#9460 = ORIENTED_EDGE ( 'NONE', *, *, #11146, .T. ) ;
#9461 = ORIENTED_EDGE ( 'NONE', *, *, #8026, .T. ) ;
#9462 = AXIS2_PLACEMENT_3D ( 'NONE', #9219, #3982, #1235 ) ;
#9463 = ORIENTED_EDGE ( 'NONE', *, *, #7855, .T. ) ;
#9464 = CARTESIAN_POINT ( 'NONE',  ( -6.092255142270007084, 94.12768161796614663, 15.87086725045248237 ) ) ;
#9465 = CYLINDRICAL_SURFACE ( 'NONE', #785, 17.00000000000000355 ) ;
#9466 = CARTESIAN_POINT ( 'NONE',  ( -1.540743955509788682E-30, -3.904999999999991811, 6.938893903907228378E-15 ) ) ;
#9467 = CARTESIAN_POINT ( 'NONE',  ( 16.08896035120139345, 94.12768161796614663, 5.490478559968092753 ) ) ;
#9468 = AXIS2_PLACEMENT_3D ( 'NONE', #4977, #10720, #4379 ) ;
#9469 = CYLINDRICAL_SURFACE ( 'NONE', #5605, 0.2500000000000002220 ) ;
#9470 = EDGE_CURVE ( 'NONE', #9428, #11515, #10457, .T. ) ;
#9471 = VECTOR ( 'NONE', #7833, 1000.000000000000000 ) ;
#9472 = CARTESIAN_POINT ( 'NONE',  ( -1.540743955509788682E-30, 39.99999999999997868, 1.387778780781445676E-14 ) ) ;
#9473 = DIRECTION ( 'NONE',  ( -3.583126979299020263E-32, 1.000000000000000000, 3.111048790438776325E-16 ) ) ;
#9474 = EDGE_CURVE ( 'NONE', #4420, #4320, #5077, .T. ) ;
#9475 = AXIS2_PLACEMENT_3D ( 'NONE', #10416, #4246, #8803 ) ;
#9476 = LINE ( 'NONE', #1495, #6154 ) ;
#9477 = ORIENTED_EDGE ( 'NONE', *, *, #3713, .T. ) ;
#9478 = EDGE_LOOP ( 'NONE', ( #11199, #3531, #548, #9072 ) ) ;
#9479 = EDGE_CURVE ( 'NONE', #186, #8616, #6744, .T. ) ;
#9480 = CARTESIAN_POINT ( 'NONE',  ( -13.21148134476851332, 94.12768161796608979, -10.69844664784717203 ) ) ;
#9481 = CARTESIAN_POINT ( 'NONE',  ( -14.39201405914881349, -3.904999999999991811, -9.048200446567406630 ) ) ;
#9482 = CARTESIAN_POINT ( 'NONE',  ( -16.90687222126062750, 94.12768161796614663, 1.776983875550211422 ) ) ;
#9483 = CARTESIAN_POINT ( 'NONE',  ( 1.776983875550225633, -3.904999999999991811, 16.90687222126063105 ) ) ;
#9484 = ORIENTED_EDGE ( 'NONE', *, *, #5167, .F. ) ;
#9485 = CARTESIAN_POINT ( 'NONE',  ( -1.540743955509788682E-30, 39.99999999999997868, 1.387778780781445676E-14 ) ) ;
#9486 = CARTESIAN_POINT ( 'NONE',  ( 14.25739965507227858, -3.904999999999963833, 9.258863595255336421 ) ) ;
#9487 = AXIS2_PLACEMENT_3D ( 'NONE', #11143, #11042, #6544 ) ;
#9488 = VECTOR ( 'NONE', #8666, 1000.000000000000000 ) ;
#9489 = CARTESIAN_POINT ( 'NONE',  ( 13.75328890437417684, 94.12768161796608979, 9.992349288971954735 ) ) ;
#9490 = DIRECTION ( 'NONE',  ( 0.000000000000000000, 0.000000000000000000, 1.000000000000000000 ) ) ;
#9491 = VERTEX_POINT ( 'NONE', #10182 ) ;
#9492 = ORIENTED_EDGE ( 'NONE', *, *, #4020, .F. ) ;
#9493 = CARTESIAN_POINT ( 'NONE',  ( 4.399923766742972475, 1.095000000000012630, 16.42073904691412167 ) ) ;
#9494 = EDGE_LOOP ( 'NONE', ( #8134, #3353, #8273, #7947 ) ) ;
#9495 = AXIS2_PLACEMENT_3D ( 'NONE', #11295, #2549, #6104 ) ;
#9496 = VERTEX_POINT ( 'NONE', #5899 ) ;
#9497 = AXIS2_PLACEMENT_3D ( 'NONE', #2911, #5117, #2968 ) ;
#9498 = EDGE_CURVE ( 'NONE', #11105, #1907, #10252, .T. ) ;
#9499 = CIRCLE ( 'NONE', #10998, 12.74999999999999822 ) ;
#9500 = DIRECTION ( 'NONE',  ( 1.344388829456166400E-31, -1.000000000000000000, -3.111048790438772381E-16 ) ) ;
#9501 = VERTEX_POINT ( 'NONE', #4019 ) ;
#9502 = DIRECTION ( 'NONE',  ( -3.583126979299020263E-32, 1.000000000000000000, 3.111048790438776325E-16 ) ) ;
#9503 = AXIS2_PLACEMENT_3D ( 'NONE', #9764, #1784, #5123 ) ;
#9504 = AXIS2_PLACEMENT_3D ( 'NONE', #3745, #8122, #2821 ) ;
#9505 = CARTESIAN_POINT ( 'NONE',  ( -16.82799374557760430, 1.095000000000040385, 2.412182932283700509 ) ) ;
#9506 = AXIS2_PLACEMENT_3D ( 'NONE', #4823, #8380, #3312 ) ;
#9507 = AXIS2_PLACEMENT_3D ( 'NONE', #8424, #10270, #1295 ) ;
#9508 = AXIS2_PLACEMENT_3D ( 'NONE', #10098, #4702, #5638 ) ;
#9509 = ORIENTED_EDGE ( 'NONE', *, *, #2841, .F. ) ;
#9510 = CARTESIAN_POINT ( 'NONE',  ( -1.540743955509788682E-30, 1.095000000000012630, 0.000000000000000000 ) ) ;
#9511 = ORIENTED_EDGE ( 'NONE', *, *, #3620, .T. ) ;
#9512 = ORIENTED_EDGE ( 'NONE', *, *, #4526, .T. ) ;
#9513 = CARTESIAN_POINT ( 'NONE',  ( -2.659385905683814055, 94.12768161796614663, 16.79070179011738517 ) ) ;
#9514 = CIRCLE ( 'NONE', #8407, 0.2500000000000002220 ) ;
#9515 = DIRECTION ( 'NONE',  ( -1.110223024625156540E-16, -3.061276722312011998E-16, 1.000000000000000000 ) ) ;
#9516 = DIRECTION ( 'NONE',  ( -1.110223024625156540E-16, -3.061276722312011998E-16, 1.000000000000000000 ) ) ;
#9517 = ORIENTED_EDGE ( 'NONE', *, *, #7842, .T. ) ;
#9518 = EDGE_CURVE ( 'NONE', #7509, #7349, #2649, .T. ) ;
#9519 = DIRECTION ( 'NONE',  ( 0.000000000000000000, 0.000000000000000000, -1.000000000000000000 ) ) ;
#9520 = CARTESIAN_POINT ( 'NONE',  ( 1.187146660667768570E-16, 28.40499999999998337, 7.999999999999998224 ) ) ;
#9521 = CIRCLE ( 'NONE', #1136, 17.00000000000000355 ) ;
#9522 = ORIENTED_EDGE ( 'NONE', *, *, #6870, .T. ) ;
#9523 = AXIS2_PLACEMENT_3D ( 'NONE', #9575, #827, #10552 ) ;
#9524 = DIRECTION ( 'NONE',  ( -3.583126979299020263E-32, 1.000000000000000000, 3.111048790438776325E-16 ) ) ;
#9525 = AXIS2_PLACEMENT_3D ( 'NONE', #8811, #1749, #2688 ) ;
#9526 = ADVANCED_FACE ( 'NONE', ( #3044 ), #9210, .T. ) ;
#9527 = DIRECTION ( 'NONE',  ( -1.110223024625156540E-16, -3.061276722312011998E-16, 1.000000000000000000 ) ) ;
#9528 = DIRECTION ( 'NONE',  ( -3.583126979299020263E-32, 1.000000000000000000, 3.111048790438776325E-16 ) ) ;
#9529 = VECTOR ( 'NONE', #9162, 1000.000000000000000 ) ;
#9530 = ORIENTED_EDGE ( 'NONE', *, *, #8972, .F. ) ;
#9531 = VERTEX_POINT ( 'NONE', #11264 ) ;
#9532 = CIRCLE ( 'NONE', #594, 17.00000000000000355 ) ;
#9533 = ADVANCED_FACE ( 'NONE', ( #2157 ), #10264, .T. ) ;
#9534 = ORIENTED_EDGE ( 'NONE', *, *, #341, .T. ) ;
#9535 = CARTESIAN_POINT ( 'NONE',  ( 8.499999999999802824, -3.904999999999936300, -14.72243186433556339 ) ) ;
#9536 = ADVANCED_FACE ( 'NONE', ( #1398 ), #5784, .F. ) ;
#9537 = CARTESIAN_POINT ( 'NONE',  ( 1.373085294266353345E-16, -24.40500000000001180, 11.99999999999999822 ) ) ;
#9538 = DIRECTION ( 'NONE',  ( -1.110223024625156540E-16, -4.081702296416015997E-16, 1.000000000000000000 ) ) ;
#9539 = EDGE_CURVE ( 'NONE', #4369, #5289, #1336, .T. ) ;
#9540 = CARTESIAN_POINT ( 'NONE',  ( 12.02081528017140144, 1.095000000000040385, 12.02081528017120249 ) ) ;
#9541 = DIRECTION ( 'NONE',  ( 1.590907862337733465E-31, -1.000000000000000000, -3.111048790438776325E-16 ) ) ;
#9542 = DIRECTION ( 'NONE',  ( 0.000000000000000000, 0.000000000000000000, -1.000000000000000000 ) ) ;
#9543 = CIRCLE ( 'NONE', #3583, 0.2500000000000004441 ) ;
#9544 = FACE_OUTER_BOUND ( 'NONE', #3731, .T. ) ;
#9545 = LINE ( 'NONE', #1664, #2978 ) ;
#9546 = ORIENTED_EDGE ( 'NONE', *, *, #2559, .F. ) ;
#9547 = EDGE_LOOP ( 'NONE', ( #8049, #439 ) ) ;
#9548 = ADVANCED_FACE ( 'NONE', ( #5848 ), #9379, .F. ) ;
#9549 = DIRECTION ( 'NONE',  ( -3.583126979299020263E-32, 1.000000000000000000, 3.111048790438776325E-16 ) ) ;
#9550 = DIRECTION ( 'NONE',  ( -3.583126979299020263E-32, 1.000000000000000000, 3.111048790438776325E-16 ) ) ;
#9551 = CARTESIAN_POINT ( 'NONE',  ( -9.992349288971961840, 94.12768161796620348, 13.75328890437419638 ) ) ;
#9552 = ORIENTED_EDGE ( 'NONE', *, *, #6992, .T. ) ;
#9553 = CARTESIAN_POINT ( 'NONE',  ( 1.139265684969226200, 94.12768161796620348, -16.96178273941304582 ) ) ;
#9554 = DIRECTION ( 'NONE',  ( 0.000000000000000000, 0.000000000000000000, 1.000000000000000000 ) ) ;
#9555 = EDGE_CURVE ( 'NONE', #3507, #6938, #1525, .T. ) ;
#9556 = DIRECTION ( 'NONE',  ( -3.583126979299020263E-32, 1.000000000000000000, 3.111048790438776325E-16 ) ) ;
#9557 = CARTESIAN_POINT ( 'NONE',  ( -4.399923766742745102, 94.12768161796614663, 16.42073904691421760 ) ) ;
#9558 = VERTEX_POINT ( 'NONE', #11483 ) ;
#9559 = DIRECTION ( 'NONE',  ( 0.000000000000000000, 0.000000000000000000, -1.000000000000000000 ) ) ;
#9560 = ORIENTED_EDGE ( 'NONE', *, *, #3092, .F. ) ;
#9561 = LINE ( 'NONE', #6989, #8377 ) ;
#9562 = ORIENTED_EDGE ( 'NONE', *, *, #1570, .T. ) ;
#9563 = DIRECTION ( 'NONE',  ( -3.583126979299020263E-32, 1.000000000000000000, 3.111048790438776325E-16 ) ) ;
#9564 = EDGE_CURVE ( 'NONE', #2423, #1873, #10632, .T. ) ;
#9565 = DIRECTION ( 'NONE',  ( -3.583126979299020263E-32, 1.000000000000000000, 3.111048790438776325E-16 ) ) ;
#9566 = EDGE_LOOP ( 'NONE', ( #3280, #6413, #8465, #2299 ) ) ;
#9567 = CARTESIAN_POINT ( 'NONE',  ( 0.000000000000000000, -22.40499999999997982, -6.938893903907228378E-15 ) ) ;
#9568 = ORIENTED_EDGE ( 'NONE', *, *, #6398, .T. ) ;
#9569 = ORIENTED_EDGE ( 'NONE', *, *, #1962, .F. ) ;
#9570 = DIRECTION ( 'NONE',  ( 1.097869796574599992E-31, -1.000000000000000000, -3.111048790438772381E-16 ) ) ;
#9571 = ORIENTED_EDGE ( 'NONE', *, *, #9098, .T. ) ;
#9572 = CARTESIAN_POINT ( 'NONE',  ( -0.2499932416904396271, 1.094999999999984874, -16.99816176470587692 ) ) ;
#9573 = CARTESIAN_POINT ( 'NONE',  ( -15.03197847483555094, 1.095000000000068141, -7.939749563561818491 ) ) ;
#9574 = EDGE_LOOP ( 'NONE', ( #10039, #6654, #3038, #8480, #300, #1700, #7231, #7117, #8514, #6079, #8828, #4840, #11130, #585, #10683, #8188, #1666, #6272, #2590, #2715, #8879, #6961, #2476, #11358, #6205, #7364, #10852, #5783, #6950, #4789, #7850, #3782, #8028, #5408, #659, #3323, #2421, #11014, #71, #1274, #8864, #11259, #4316, #7698, #7709, #5951, #3956, #4483, #3848, #8289, #5305, #8115, #5108, #7469, #11235, #5933, #6300, #11340, #6083, #11285, #3001, #6311, #10623, #3203, #2881, #8720, #5523, #157, #4072, #2274, #5359, #8990, #10316, #9695, #8876, #3226, #1566, #8257, #1367, #3279, #1025, #10136, #3627, #5302, #11514, #2825, #1224, #9677, #6424, #8198, #2946, #7583, #8200, #6899, #9117, #6027, #3733, #9367, #6380, #7417, #8700, #9010, #7348, #8957, #5676, #2615, #10371, #9560, #8245, #2222, #3634, #2894, #11503, #9383, #9617, #7636, #5903, #7485, #6513, #2198, #9727, #6838, #243, #3209, #5534, #6879, #3221, #8813, #2389, #302, #1449, #6478, #7152, #5484, #697, #2005, #8479, #9119, #8113, #8430, #5843, #7301, #10055, #6665, #2422, #1804, #6495, #6366, #2034, #79, #8432, #4928, #11091, #701, #3049, #10072, #2240, #3901, #3091, #1723, #3064, #9101, #3790, #3501, #5477, #4232, #8642, #2366, #1407, #11151, #498, #1976, #8641, #530, #8631, #10672, #10014, #10312, #515, #9083, #4424, #10073, #9400, #9580, #3283, #815, #7093, #11236, #4919, #4994, #3257, #8112, #4380, #11270, #11463, #3692, #3009, #5254, #4041, #10265, #10557, #7814, #10145, #2256, #23, #9696, #5431, #8564, #8440, #8819, #1992, #7699, #8164, #5268, #534, #4168, #5110, #8838, #10726, #4965, #5971, #2744, #8502, #8339, #776, #9997, #7961, #2680, #7315, #9530, #6055, #448, #904, #8840, #11082, #800, #7669, #3747, #176, #7634, #4346, #8790, #6737, #1051, #4143, #10783, #10959, #10547, #4097, #845, #7337, #10419, #11513, #5983, #1279, #5778, #9714, #5684, #5905, #832, #8533, #2353, #790, #2064, #4373, #6201, #7147, #145, #1222, #5566, #1994, #921, #205, #5290, #3494, #7706, #10374, #8406, #1796, #9981, #3516, #10974, #3395, #2984, #8841, #2843, #1782, #956, #4597, #5472, #2920, #8639, #5644, #3965, #3291, #470, #9939, #11330, #506 ) ) ;
#9575 = CARTESIAN_POINT ( 'NONE',  ( 11.37522030810068507, 94.12768161796608979, 12.63346203311563976 ) ) ;
#9576 = ADVANCED_FACE ( 'NONE', ( #2570 ), #4376, .F. ) ;
#9577 = CARTESIAN_POINT ( 'NONE',  ( -7.494258344862921639, -3.904999999999991811, 15.25896758828896438 ) ) ;
#9578 = DIRECTION ( 'NONE',  ( 0.000000000000000000, 0.000000000000000000, 1.000000000000000000 ) ) ;
#9579 = VERTEX_POINT ( 'NONE', #8636 ) ;
#9580 = ORIENTED_EDGE ( 'NONE', *, *, #6673, .F. ) ;
#9581 = ORIENTED_EDGE ( 'NONE', *, *, #2322, .T. ) ;
#9582 = DIRECTION ( 'NONE',  ( -3.583126979299020263E-32, 1.000000000000000000, 3.111048790438776325E-16 ) ) ;
#9583 = AXIS2_PLACEMENT_3D ( 'NONE', #5698, #9014, #9938 ) ;
#9584 = LINE ( 'NONE', #8709, #4242 ) ;
#9585 = CARTESIAN_POINT ( 'NONE',  ( -1.528167975084130159, -3.904999999999991811, -16.93117546539304286 ) ) ;
#9586 = EDGE_CURVE ( 'NONE', #3079, #2011, #7488, .T. ) ;
#9587 = CYLINDRICAL_SURFACE ( 'NONE', #8160, 0.2500000000000002220 ) ;
#9588 = CARTESIAN_POINT ( 'NONE',  ( -14.25739965507215246, 1.095000000000040385, 9.258863595255531820 ) ) ;
#9589 = CARTESIAN_POINT ( 'NONE',  ( -16.79070179011731767, -3.904999999999963833, 2.659385905683993467 ) ) ;
#9590 = DIRECTION ( 'NONE',  ( -1.110223024625156540E-16, -3.061276722312012491E-16, 1.000000000000000000 ) ) ;
#9591 = ADVANCED_FACE ( 'NONE', ( #3276 ), #11384, .T. ) ;
#9592 = AXIS2_PLACEMENT_3D ( 'NONE', #9405, #5055, #7727 ) ;
#9593 = CARTESIAN_POINT ( 'NONE',  ( 15.95874067538737329, 1.095000000000012630, 5.858207580458040020 ) ) ;
#9594 = LINE ( 'NONE', #2437, #1871 ) ;
#9595 = ORIENTED_EDGE ( 'NONE', *, *, #6398, .F. ) ;
#9596 = EDGE_LOOP ( 'NONE', ( #5097, #9848 ) ) ;
#9597 = DIRECTION ( 'NONE',  ( -1.110223024625156540E-16, -4.081702296416015997E-16, 1.000000000000000000 ) ) ;
#9598 = DIRECTION ( 'NONE',  ( -1.110223024625156540E-16, -5.442269728554689310E-16, 1.000000000000000000 ) ) ;
#9599 = DIRECTION ( 'NONE',  ( -1.110223024625156540E-16, -3.061276722312011998E-16, 1.000000000000000000 ) ) ;
#9600 = CARTESIAN_POINT ( 'NONE',  ( -1.540743955509788682E-30, 39.99999999999997868, 1.387778780781445676E-14 ) ) ;
#9601 = ADVANCED_FACE ( 'NONE', ( #7047 ), #8810, .F. ) ;
#9602 = ADVANCED_FACE ( 'NONE', ( #6073 ), #5259, .F. ) ;
#9603 = CYLINDRICAL_SURFACE ( 'NONE', #6671, 0.2500000000000002220 ) ;
#9604 = AXIS2_PLACEMENT_3D ( 'NONE', #2645, #4383, #775 ) ;
#9605 = EDGE_CURVE ( 'NONE', #10596, #1518, #2083, .T. ) ;
#9606 = DIRECTION ( 'NONE',  ( 1.097869796574599992E-31, -1.000000000000000000, -3.111048790438772381E-16 ) ) ;
#9607 = AXIS2_PLACEMENT_3D ( 'NONE', #9486, #11124, #11190 ) ;
#9608 = DIRECTION ( 'NONE',  ( -3.583126979299020263E-32, 1.000000000000000000, 3.111048790438776325E-16 ) ) ;
#9609 = ORIENTED_EDGE ( 'NONE', *, *, #2652, .F. ) ;
#9610 = CARTESIAN_POINT ( 'NONE',  ( -1.139265684969565706, -3.904999999999991811, -16.96178273941306003 ) ) ;
#9611 = ORIENTED_EDGE ( 'NONE', *, *, #1918, .F. ) ;
#9612 = DIRECTION ( 'NONE',  ( -3.583126979299020263E-32, 1.000000000000000000, 3.111048790438776325E-16 ) ) ;
#9613 = ORIENTED_EDGE ( 'NONE', *, *, #11322, .F. ) ;
#9614 = DIRECTION ( 'NONE',  ( 0.000000000000000000, 0.000000000000000000, -1.000000000000000000 ) ) ;
#9615 = EDGE_CURVE ( 'NONE', #11049, #4488, #1885, .T. ) ;
#9616 = FACE_OUTER_BOUND ( 'NONE', #6296, .T. ) ;
#9617 = ORIENTED_EDGE ( 'NONE', *, *, #7568, .F. ) ;
#9618 = EDGE_LOOP ( 'NONE', ( #3288, #2152, #773, #10311 ) ) ;
#9619 = ORIENTED_EDGE ( 'NONE', *, *, #4102, .T. ) ;
#9620 = LINE ( 'NONE', #9678, #3529 ) ;
#9621 = EDGE_LOOP ( 'NONE', ( #2851, #3271 ) ) ;
#9622 = EDGE_CURVE ( 'NONE', #5242, #8444, #10050, .T. ) ;
#9623 = CIRCLE ( 'NONE', #1062, 0.2500000000000002220 ) ;
#9624 = CARTESIAN_POINT ( 'NONE',  ( -4.640922924986091935, 94.12768161796620348, -16.35426043587227696 ) ) ;
#9625 = LINE ( 'NONE', #9683, #6260 ) ;
#9626 = ORIENTED_EDGE ( 'NONE', *, *, #3825, .T. ) ;
#9627 = DIRECTION ( 'NONE',  ( -1.110223024625156540E-16, -3.061276722312011998E-16, 1.000000000000000000 ) ) ;
#9628 = CARTESIAN_POINT ( 'NONE',  ( 0.6399644156869122025, 94.12768161796614663, 16.98795001012939210 ) ) ;
#9629 = DIRECTION ( 'NONE',  ( 0.000000000000000000, 0.000000000000000000, 1.000000000000000000 ) ) ;
#9630 = DIRECTION ( 'NONE',  ( -1.120801499359495711E-31, -1.000000000000000000, -3.111048790438776325E-16 ) ) ;
#9631 = CARTESIAN_POINT ( 'NONE',  ( 16.48366646006516945, 1.095000000000012630, -4.157973067892818619 ) ) ;
#9632 = VECTOR ( 'NONE', #2426, 1000.000000000000000 ) ;
#9633 = VERTEX_POINT ( 'NONE', #698 ) ;
#9634 = EDGE_LOOP ( 'NONE', ( #955, #2324, #8705, #4357 ) ) ;
#9635 = ORIENTED_EDGE ( 'NONE', *, *, #8260, .F. ) ;
#9636 = DIRECTION ( 'NONE',  ( 0.000000000000000000, 0.000000000000000000, -1.000000000000000000 ) ) ;
#9637 = CARTESIAN_POINT ( 'NONE',  ( -11.18820910463696805, 1.095000000000012630, 12.79937408746687666 ) ) ;
#9638 = DIRECTION ( 'NONE',  ( -1.110223024625156540E-16, -3.061276722312012491E-16, 1.000000000000000000 ) ) ;
#9639 = CARTESIAN_POINT ( 'NONE',  ( -15.63027488033805135, 94.12768161796608979, 6.685395064248145225 ) ) ;
#9640 = EDGE_CURVE ( 'NONE', #10399, #7530, #8056, .T. ) ;
#9641 = DIRECTION ( 'NONE',  ( -1.110223024625156540E-16, -4.081702296416015997E-16, 1.000000000000000000 ) ) ;
#9642 = AXIS2_PLACEMENT_3D ( 'NONE', #3978, #7418, #11220 ) ;
#9643 = AXIS2_PLACEMENT_3D ( 'NONE', #2831, #7248, #6383 ) ;
#9644 = CARTESIAN_POINT ( 'NONE',  ( 13.21148134476858438, 1.095000000000040385, 10.69844664784713117 ) ) ;
#9645 = AXIS2_PLACEMENT_3D ( 'NONE', #7287, #9076, #1748 ) ;
#9646 = FACE_OUTER_BOUND ( 'NONE', #1230, .T. ) ;
#9647 = ORIENTED_EDGE ( 'NONE', *, *, #10914, .T. ) ;
#9648 = ORIENTED_EDGE ( 'NONE', *, *, #6760, .T. ) ;
#9649 = DIRECTION ( 'NONE',  ( -3.583126979299020263E-32, 1.000000000000000000, 3.111048790438776325E-16 ) ) ;
#9650 = CARTESIAN_POINT ( 'NONE',  ( -5.858207580457889918, 94.12768161796614663, 15.95874067538747454 ) ) ;
#9651 = CARTESIAN_POINT ( 'NONE',  ( -1.887379141862769274E-15, 94.12768161796614663, 17.00000000000002132 ) ) ;
#9652 = CARTESIAN_POINT ( 'NONE',  ( -1.540743955509788682E-30, 39.99999999999997868, 1.387778780781445676E-14 ) ) ;
#9653 = DIRECTION ( 'NONE',  ( 0.000000000000000000, 0.000000000000000000, -1.000000000000000000 ) ) ;
#9654 = PRODUCT_CONTEXT ( 'NONE', #10680, 'mechanical' ) ;
#9655 = AXIS2_PLACEMENT_3D ( 'NONE', #6550, #605, #479 ) ;
#9656 = EDGE_CURVE ( 'NONE', #6234, #2917, #1508, .T. ) ;
#9657 = CIRCLE ( 'NONE', #11152, 0.2500000000000004441 ) ;
#9658 = CIRCLE ( 'NONE', #9099, 0.2500000000000002220 ) ;
#9659 = EDGE_CURVE ( 'NONE', #1064, #8092, #8020, .T. ) ;
#9660 = CARTESIAN_POINT ( 'NONE',  ( -16.79070179011733899, -3.904999999999991811, -2.659385905683882445 ) ) ;
#9661 = CARTESIAN_POINT ( 'NONE',  ( 0.000000000000000000, -26.90500000000001180, -1.387778780781445676E-14 ) ) ;
#9662 = CIRCLE ( 'NONE', #11159, 17.00000000000000355 ) ;
#9663 = EDGE_LOOP ( 'NONE', ( #11472, #3219, #5497, #3976 ) ) ;
#9664 = DIRECTION ( 'NONE',  ( 3.583126979299020263E-32, -1.000000000000000000, -3.111048790438776325E-16 ) ) ;
#9665 = VERTEX_POINT ( 'NONE', #4325 ) ;
#9666 = EDGE_CURVE ( 'NONE', #9579, #8706, #11388, .T. ) ;
#9667 = AXIS2_PLACEMENT_3D ( 'NONE', #9425, #10296, #8395 ) ;
#9668 = DIRECTION ( 'NONE',  ( -3.583126979299020263E-32, 1.000000000000000000, 3.111048790438776325E-16 ) ) ;
#9669 = ORIENTED_EDGE ( 'NONE', *, *, #3157, .F. ) ;
#9670 = CARTESIAN_POINT ( 'NONE',  ( -14.72243186433540707, 94.12768161796608979, 8.500000000000104805 ) ) ;
#9671 = VECTOR ( 'NONE', #8477, 1000.000000000000000 ) ;
#9672 = CARTESIAN_POINT ( 'NONE',  ( 5.253288904374220358, 94.12768161796614663, 15.91796077701759060 ) ) ;
#9673 = CIRCLE ( 'NONE', #2229, 17.00000000000000355 ) ;
#9674 = AXIS2_PLACEMENT_3D ( 'NONE', #8975, #8147, #116 ) ;
#9675 = ORIENTED_EDGE ( 'NONE', *, *, #11030, .T. ) ;
#9676 = ORIENTED_EDGE ( 'NONE', *, *, #5236, .F. ) ;
#9677 = ORIENTED_EDGE ( 'NONE', *, *, #1255, .F. ) ;
#9678 = CARTESIAN_POINT ( 'NONE',  ( 4.640922924986206510, 94.12768161796614663, 16.35426043587229827 ) ) ;
#9679 = AXIS2_PLACEMENT_3D ( 'NONE', #5140, #814, #8686 ) ;
#9680 = ORIENTED_EDGE ( 'NONE', *, *, #9096, .T. ) ;
#9681 = AXIS2_PLACEMENT_3D ( 'NONE', #1847, #5416, #4537 ) ;
#9682 = DIRECTION ( 'NONE',  ( -1.347253678332305711E-32, -1.000000000000000000, -3.111048790438776325E-16 ) ) ;
#9683 = CARTESIAN_POINT ( 'NONE',  ( -10.69844664784715604, 94.12768161796620348, 12.96148134476860569 ) ) ;
#9684 = ORIENTED_EDGE ( 'NONE', *, *, #8991, .F. ) ;
#9685 = ORIENTED_EDGE ( 'NONE', *, *, #8902, .T. ) ;
#9686 = CYLINDRICAL_SURFACE ( 'NONE', #5576, 17.00000000000000355 ) ;
#9687 = DIRECTION ( 'NONE',  ( -1.110223024625156540E-16, -4.081702296416015997E-16, 1.000000000000000000 ) ) ;
#9688 = AXIS2_PLACEMENT_3D ( 'NONE', #6220, #5120, #9759 ) ;
#9689 = CARTESIAN_POINT ( 'NONE',  ( 15.87086725045246816, -3.904999999999991811, 6.092255142269964452 ) ) ;
#9690 = VECTOR ( 'NONE', #6850, 1000.000000000000000 ) ;
#9691 = EDGE_CURVE ( 'NONE', #4611, #8468, #11002, .T. ) ;
#9692 = AXIS2_PLACEMENT_3D ( 'NONE', #9472, #4353, #560 ) ;
#9693 = AXIS2_PLACEMENT_3D ( 'NONE', #2552, #7913, #11467 ) ;
#9694 = CARTESIAN_POINT ( 'NONE',  ( -6.685395064248048413, 94.12768161796620348, -15.63027488033805490 ) ) ;
#9695 = ORIENTED_EDGE ( 'NONE', *, *, #7331, .F. ) ;
#9696 = ORIENTED_EDGE ( 'NONE', *, *, #1425, .F. ) ;
#9697 = ORIENTED_EDGE ( 'NONE', *, *, #5093, .F. ) ;
#9698 = CIRCLE ( 'NONE', #5803, 0.2500000000000002220 ) ;
#9699 = CARTESIAN_POINT ( 'NONE',  ( -14.39201405914869802, 1.095000000000040385, 9.048200446567587818 ) ) ;
#9700 = DIRECTION ( 'NONE',  ( -1.613839565122628308E-31, -1.000000000000000000, -3.111048790438776325E-16 ) ) ;
#9701 = AXIS2_PLACEMENT_3D ( 'NONE', #3526, #4351, #7956 ) ;
#9702 = AXIS2_PLACEMENT_3D ( 'NONE', #6163, #7732, #4354 ) ;
#9703 = CIRCLE ( 'NONE', #1696, 0.2500000000000006661 ) ;
#9704 = DIRECTION ( 'NONE',  ( 0.000000000000000000, 0.000000000000000000, 1.000000000000000000 ) ) ;
#9705 = DIRECTION ( 'NONE',  ( 1.110223024625156540E-16, 0.000000000000000000, -1.000000000000000000 ) ) ;
#9706 = FACE_OUTER_BOUND ( 'NONE', #6543, .T. ) ;
#9707 = CIRCLE ( 'NONE', #9147, 0.2500000000000004441 ) ;
#9708 = EDGE_CURVE ( 'NONE', #1001, #462, #4141, .T. ) ;
#9709 = AXIS2_PLACEMENT_3D ( 'NONE', #9689, #4444, #2699 ) ;
#9710 = DIRECTION ( 'NONE',  ( -1.110223024625156540E-16, -3.061276722312012491E-16, 1.000000000000000000 ) ) ;
#9711 = CARTESIAN_POINT ( 'NONE',  ( 3.534498743902024565, 1.095000000000012630, 16.62850921247466829 ) ) ;
#9712 = ORIENTED_EDGE ( 'NONE', *, *, #4617, .F. ) ;
#9713 = ORIENTED_EDGE ( 'NONE', *, *, #11525, .T. ) ;
#9714 = ORIENTED_EDGE ( 'NONE', *, *, #10935, .F. ) ;
#9715 = ORIENTED_EDGE ( 'NONE', *, *, #2950, .F. ) ;
#9716 = CYLINDRICAL_SURFACE ( 'NONE', #6348, 17.00000000000000355 ) ;
#9717 = CYLINDRICAL_SURFACE ( 'NONE', #5968, 17.00000000000000355 ) ;
#9718 = DIRECTION ( 'NONE',  ( 1.837426895219298997E-31, -1.000000000000000000, -3.111048790438776325E-16 ) ) ;
#9719 = CARTESIAN_POINT ( 'NONE',  ( -6.914522932288506674, 1.095000000000012630, 15.53027277992425503 ) ) ;
#9720 = ORIENTED_EDGE ( 'NONE', *, *, #2800, .T. ) ;
#9721 = DIRECTION ( 'NONE',  ( 0.000000000000000000, 0.000000000000000000, 1.000000000000000000 ) ) ;
#9722 = AXIS2_PLACEMENT_3D ( 'NONE', #3156, #7578, #2215 ) ;
#9723 = AXIS2_PLACEMENT_3D ( 'NONE', #6401, #2785, #6345 ) ;
#9724 = DIRECTION ( 'NONE',  ( 0.000000000000000000, 0.000000000000000000, -1.000000000000000000 ) ) ;
#9725 = CARTESIAN_POINT ( 'NONE',  ( 16.35426043587234446, 94.12768161796614663, 4.640922924985961373 ) ) ;
#9726 = AXIS2_PLACEMENT_3D ( 'NONE', #330, #10220, #1375 ) ;
#9727 = ORIENTED_EDGE ( 'NONE', *, *, #4125, .F. ) ;
#9728 = CARTESIAN_POINT ( 'NONE',  ( 14.39201405914871224, 1.095000000000040385, 9.048200446567573607 ) ) ;
#9729 = LINE ( 'NONE', #1800, #6346 ) ;
#9730 = ORIENTED_EDGE ( 'NONE', *, *, #1311, .F. ) ;
#9731 = CARTESIAN_POINT ( 'NONE',  ( -1.540743955509788682E-30, 1.095000000000012630, 0.000000000000000000 ) ) ;
#9732 = DIRECTION ( 'NONE',  ( -1.110223024625156540E-16, -3.061276722312012491E-16, 1.000000000000000000 ) ) ;
#9733 = CARTESIAN_POINT ( 'NONE',  ( -1.540743955509788682E-30, 39.99999999999997868, 1.387778780781445676E-14 ) ) ;
#9734 = CARTESIAN_POINT ( 'NONE',  ( 9.992349288972148358, 1.095000000000012630, 13.50328890437402229 ) ) ;
#9735 = EDGE_CURVE ( 'NONE', #2576, #6072, #5827, .T. ) ;
#9736 = ADVANCED_FACE ( 'NONE', ( #7689 ), #504, .F. ) ;
#9737 = CARTESIAN_POINT ( 'NONE',  ( -16.67868766460508212, 94.12768161796614663, -3.289586263734323168 ) ) ;
#9738 = EDGE_CURVE ( 'NONE', #1303, #9831, #984, .T. ) ;
#9739 = EDGE_LOOP ( 'NONE', ( #7927, #10673, #2032, #4269 ) ) ;
#9740 = ORIENTED_EDGE ( 'NONE', *, *, #9024, .T. ) ;
#9741 = CARTESIAN_POINT ( 'NONE',  ( -16.99816176470586981, 94.12768161796614663, -0.2499932416905673027 ) ) ;
#9742 = EDGE_LOOP ( 'NONE', ( #4028, #8261, #1849, #6466 ) ) ;
#9743 = CARTESIAN_POINT ( 'NONE',  ( -1.540743955509788682E-30, 1.095000000000012630, 0.000000000000000000 ) ) ;
#9744 = ORIENTED_EDGE ( 'NONE', *, *, #2577, .F. ) ;
#9745 = DIRECTION ( 'NONE',  ( -3.583126979299020263E-32, 1.000000000000000000, 3.111048790438776325E-16 ) ) ;
#9746 = DIRECTION ( 'NONE',  ( -1.110223024625156540E-16, -3.061276722312012491E-16, 1.000000000000000000 ) ) ;
#9747 = CARTESIAN_POINT ( 'NONE',  ( 14.25739965507227858, -3.904999999999963833, 9.008863595255336421 ) ) ;
#9748 = EDGE_CURVE ( 'NONE', #3568, #9299, #5639, .T. ) ;
#9749 = CARTESIAN_POINT ( 'NONE',  ( -12.02081528017123269, 94.12768161796608979, 12.02081528017141032 ) ) ;
#9750 = VERTEX_POINT ( 'NONE', #9481 ) ;
#9751 = VERTEX_POINT ( 'NONE', #2139 ) ;
#9752 = ORIENTED_EDGE ( 'NONE', *, *, #7018, .T. ) ;
#9753 = DIRECTION ( 'NONE',  ( -1.613839565122628308E-31, -1.000000000000000000, -3.111048790438776325E-16 ) ) ;
#9754 = DIRECTION ( 'NONE',  ( 0.000000000000000000, 0.000000000000000000, -1.000000000000000000 ) ) ;
#9755 = CARTESIAN_POINT ( 'NONE',  ( 7.717838495572106439, -3.904999999999936300, -15.14711091120234876 ) ) ;
#9756 = CARTESIAN_POINT ( 'NONE',  ( -16.42073904691416431, 94.12768161796603295, -4.399923766742773523 ) ) ;
#9757 = DIRECTION ( 'NONE',  ( -3.583126979299020263E-32, 1.000000000000000000, 3.111048790438776325E-16 ) ) ;
#9758 = AXIS2_PLACEMENT_3D ( 'NONE', #8724, #1669, #803 ) ;
#9759 = DIRECTION ( 'NONE',  ( -1.110223024625156540E-16, -4.081702296416015997E-16, 1.000000000000000000 ) ) ;
#9760 = VERTEX_POINT ( 'NONE', #4058 ) ;
#9761 = ORIENTED_EDGE ( 'NONE', *, *, #277, .T. ) ;
#9762 = ORIENTED_EDGE ( 'NONE', *, *, #10406, .F. ) ;
#9763 = ORIENTED_EDGE ( 'NONE', *, *, #3191, .T. ) ;
#9764 = CARTESIAN_POINT ( 'NONE',  ( 5.253288904374220358, -3.904999999999991811, 16.16796077701756218 ) ) ;
#9765 = DIRECTION ( 'NONE',  ( -1.110223024625156540E-16, -3.061276722312012491E-16, 1.000000000000000000 ) ) ;
#9766 = CARTESIAN_POINT ( 'NONE',  ( -12.46481782867079069, 94.12768161796608979, -11.55977147257027760 ) ) ;
#9767 = DIRECTION ( 'NONE',  ( -1.110223024625156540E-16, -4.081702296416015997E-16, 1.000000000000000000 ) ) ;
#9768 = EDGE_CURVE ( 'NONE', #5345, #11145, #4309, .T. ) ;
#9769 = ORIENTED_EDGE ( 'NONE', *, *, #3110, .F. ) ;
#9770 = CARTESIAN_POINT ( 'NONE',  ( 11.18820910463671581, 94.12768161796608979, -12.79937408746705607 ) ) ;
#9771 = CARTESIAN_POINT ( 'NONE',  ( 9.258863595255272472, 94.12768161796608979, -14.25739965507229279 ) ) ;
#9772 = CARTESIAN_POINT ( 'NONE',  ( -16.90687222126062750, 1.095000000000040385, 1.526983875550183445 ) ) ;
#9773 = ORIENTED_EDGE ( 'NONE', *, *, #1436, .T. ) ;
#9774 = VECTOR ( 'NONE', #10610, 1000.000000000000114 ) ;
#9775 = DIRECTION ( 'NONE',  ( -1.110223024625156540E-16, -3.061276722312011998E-16, 1.000000000000000000 ) ) ;
#9776 = ORIENTED_EDGE ( 'NONE', *, *, #1191, .T. ) ;
#9777 = DIRECTION ( 'NONE',  ( -3.583126979299020263E-32, 1.000000000000000000, 3.111048790438776325E-16 ) ) ;
#9778 = VERTEX_POINT ( 'NONE', #1433 ) ;
#9779 = DIRECTION ( 'NONE',  ( -3.583126979299020263E-32, 1.000000000000000000, 3.111048790438776325E-16 ) ) ;
#9780 = DIRECTION ( 'NONE',  ( 0.000000000000000000, 0.000000000000000000, -1.000000000000000000 ) ) ;
#9781 = VERTEX_POINT ( 'NONE', #9302 ) ;
#9782 = EDGE_CURVE ( 'NONE', #3904, #10966, #386, .T. ) ;
#9783 = CARTESIAN_POINT ( 'NONE',  ( -16.67868766460505014, 1.095000000000012630, -3.289586263734566085 ) ) ;
#9784 = CIRCLE ( 'NONE', #1603, 0.2500000000000002220 ) ;
#9785 = CARTESIAN_POINT ( 'NONE',  ( 16.93117546539301088, 1.095000000000040385, 1.528167975084288033 ) ) ;
#9786 = CARTESIAN_POINT ( 'NONE',  ( -8.282580384274314866, 94.12768161796620348, 14.84583652671803833 ) ) ;
#9787 = ORIENTED_EDGE ( 'NONE', *, *, #8052, .T. ) ;
#9788 = EDGE_LOOP ( 'NONE', ( #7995, #9801, #10364, #3349 ) ) ;
#9789 = ORIENTED_EDGE ( 'NONE', *, *, #2268, .F. ) ;
#9790 = DIRECTION ( 'NONE',  ( -1.110223024625156540E-16, -3.061276722312012491E-16, 1.000000000000000000 ) ) ;
#9791 = EDGE_LOOP ( 'NONE', ( #2336, #9569, #1462, #7764 ) ) ;
#9792 = DIRECTION ( 'NONE',  ( -1.110223024625156540E-16, -2.775557561562890365E-16, 1.000000000000000000 ) ) ;
#9793 = CARTESIAN_POINT ( 'NONE',  ( 11.84274353507924360, 1.095000000000040385, 12.19628736797959156 ) ) ;
#9794 = EDGE_CURVE ( 'NONE', #10112, #2780, #5053, .T. ) ;
#9795 = CARTESIAN_POINT ( 'NONE',  ( 10.50300857072176974, 94.12768161796620348, 13.36737861225400437 ) ) ;
#9796 = DIRECTION ( 'NONE',  ( -3.583126979299020263E-32, 1.000000000000000000, 3.111048790438776325E-16 ) ) ;
#9797 = ADVANCED_FACE ( 'NONE', ( #10341 ), #7511, .T. ) ;
#9798 = AXIS2_PLACEMENT_3D ( 'NONE', #9875, #3697, #50 ) ;
#9799 = CYLINDRICAL_SURFACE ( 'NONE', #5959, 0.2500000000000002220 ) ;
#9800 = ORIENTED_EDGE ( 'NONE', *, *, #7350, .T. ) ;
#9801 = ORIENTED_EDGE ( 'NONE', *, *, #9314, .T. ) ;
#9802 = EDGE_CURVE ( 'NONE', #10874, #3845, #6017, .T. ) ;
#9803 = CARTESIAN_POINT ( 'NONE',  ( -15.14711091120225284, 1.095000000000068141, -7.717838495572254764 ) ) ;
#9804 = LINE ( 'NONE', #4631, #4008 ) ;
#9805 = EDGE_CURVE ( 'NONE', #10654, #1824, #3000, .T. ) ;
#9806 = FACE_OUTER_BOUND ( 'NONE', #10168, .T. ) ;
#9807 = EDGE_CURVE ( 'NONE', #3362, #3801, #8442, .T. ) ;
#9808 = CARTESIAN_POINT ( 'NONE',  ( 10.19351758238245509, -3.904999999999936300, -13.60485940014300610 ) ) ;
#9809 = DIRECTION ( 'NONE',  ( 3.583126979299020263E-32, -1.000000000000000000, -3.111048790438776325E-16 ) ) ;
#9810 = AXIS2_PLACEMENT_3D ( 'NONE', #1896, #6429, #2707 ) ;
#9811 = DIRECTION ( 'NONE',  ( -3.583126979299020263E-32, 1.000000000000000000, 3.111048790438776325E-16 ) ) ;
#9812 = CARTESIAN_POINT ( 'NONE',  ( -1.540743955509788682E-30, -3.904999999999991811, 6.938893903907228378E-15 ) ) ;
#9813 = ORIENTED_EDGE ( 'NONE', *, *, #11039, .F. ) ;
#9814 = ORIENTED_EDGE ( 'NONE', *, *, #3714, .F. ) ;
#9815 = VERTEX_POINT ( 'NONE', #7563 ) ;
#9816 = ORIENTED_EDGE ( 'NONE', *, *, #6746, .T. ) ;
#9817 = CARTESIAN_POINT ( 'NONE',  ( -1.540743955509788682E-30, -3.904999999999991811, 6.938893903907228378E-15 ) ) ;
#9818 = DIRECTION ( 'NONE',  ( -3.583126979299020263E-32, 1.000000000000000000, 3.111048790438776325E-16 ) ) ;
#9819 = CARTESIAN_POINT ( 'NONE',  ( -0.6399644156867980715, 94.12768161796620348, -16.98795001012934236 ) ) ;
#9820 = DIRECTION ( 'NONE',  ( 0.000000000000000000, 0.000000000000000000, -1.000000000000000000 ) ) ;
#9821 = ORIENTED_EDGE ( 'NONE', *, *, #3951, .T. ) ;
#9822 = LINE ( 'NONE', #1850, #3491 ) ;
#9823 = EDGE_CURVE ( 'NONE', #4613, #10131, #5433, .T. ) ;
#9824 = AXIS2_PLACEMENT_3D ( 'NONE', #429, #311, #6718 ) ;
#9825 = AXIS2_PLACEMENT_3D ( 'NONE', #10830, #9064, #9188 ) ;
#9826 = AXIS2_PLACEMENT_3D ( 'NONE', #4459, #7318, #7256 ) ;
#9827 = CYLINDRICAL_SURFACE ( 'NONE', #5263, 0.2500000000000002220 ) ;
#9828 = ADVANCED_FACE ( 'NONE', ( #3207 ), #3132, .F. ) ;
#9829 = CIRCLE ( 'NONE', #4255, 17.00000000000000355 ) ;
#9830 = DIRECTION ( 'NONE',  ( -1.110223024625156540E-16, -4.081702296416015997E-16, 1.000000000000000000 ) ) ;
#9831 = VERTEX_POINT ( 'NONE', #6683 ) ;
#9832 = DIRECTION ( 'NONE',  ( -1.110223024625156540E-16, -2.416513404996970354E-16, 1.000000000000000000 ) ) ;
#9833 = AXIS2_PLACEMENT_3D ( 'NONE', #10143, #4795, #5681 ) ;
#9834 = VERTEX_POINT ( 'NONE', #11066 ) ;
#9835 = AXIS2_PLACEMENT_3D ( 'NONE', #1187, #8186, #1829 ) ;
#9836 = CARTESIAN_POINT ( 'NONE',  ( 15.42691205650416819, -3.904999999999936300, -7.142155445024007676 ) ) ;
#9837 = DIRECTION ( 'NONE',  ( 4.815722143706842998E-32, -1.000000000000000000, -3.111048790438772381E-16 ) ) ;
#9838 = VERTEX_POINT ( 'NONE', #6860 ) ;
#9839 = LINE ( 'NONE', #8106, #4261 ) ;
#9840 = CIRCLE ( 'NONE', #7986, 0.2500000000000006661 ) ;
#9841 = DIRECTION ( 'NONE',  ( 3.583126979299020263E-32, -1.000000000000000000, -3.111048790438776325E-16 ) ) ;
#9842 = AXIS2_PLACEMENT_3D ( 'NONE', #6722, #1412, #4338 ) ;
#9843 = CARTESIAN_POINT ( 'NONE',  ( -10.50300857072176441, 1.095000000000012630, 13.36737861225399016 ) ) ;
#9844 = ORIENTED_EDGE ( 'NONE', *, *, #4332, .F. ) ;
#9845 = CARTESIAN_POINT ( 'NONE',  ( -14.11970190331934027, -3.904999999999991811, -9.467524394550029143 ) ) ;
#9846 = CIRCLE ( 'NONE', #1107, 17.00000000000000000 ) ;
#9847 = ADVANCED_FACE ( 'NONE', ( #10227 ), #8493, .F. ) ;
#9848 = ORIENTED_EDGE ( 'NONE', *, *, #413, .F. ) ;
#9849 = ORIENTED_EDGE ( 'NONE', *, *, #2800, .F. ) ;
#9850 = ORIENTED_EDGE ( 'NONE', *, *, #1842, .T. ) ;
#9851 = AXIS2_PLACEMENT_3D ( 'NONE', #2352, #5918, #1982 ) ;
#9852 = DIRECTION ( 'NONE',  ( 0.000000000000000000, 0.000000000000000000, 1.000000000000000000 ) ) ;
#9853 = CARTESIAN_POINT ( 'NONE',  ( -16.16796077701757639, 94.12768161796614663, 5.253288904374215917 ) ) ;
#9854 = CARTESIAN_POINT ( 'NONE',  ( 8.282580384274522700, 1.095000000000012630, 14.84583652671787846 ) ) ;
#9855 = AXIS2_PLACEMENT_3D ( 'NONE', #308, #8463, #8345 ) ;
#9856 = CIRCLE ( 'NONE', #10597, 0.2500000000000002220 ) ;
#9857 = VECTOR ( 'NONE', #6228, 1000.000000000000000 ) ;
#9858 = CARTESIAN_POINT ( 'NONE',  ( 13.75328890437417684, 94.12768161796608979, 9.742349288971954735 ) ) ;
#9859 = LINE ( 'NONE', #6957, #3734 ) ;
#9860 = ORIENTED_EDGE ( 'NONE', *, *, #5040, .F. ) ;
#9861 = ORIENTED_EDGE ( 'NONE', *, *, #4717, .F. ) ;
#9862 = EDGE_CURVE ( 'NONE', #1043, #11423, #6912, .T. ) ;
#9863 = ORIENTED_EDGE ( 'NONE', *, *, #9986, .T. ) ;
#9864 = AXIS2_PLACEMENT_3D ( 'NONE', #1499, #257, #3253 ) ;
#9865 = CARTESIAN_POINT ( 'NONE',  ( -1.540743955509788682E-30, 39.99999999999997868, 1.387778780781445676E-14 ) ) ;
#9866 = DIRECTION ( 'NONE',  ( -8.742824664779303976E-32, -1.000000000000000000, -3.111048790438772381E-16 ) ) ;
#9867 = CYLINDRICAL_SURFACE ( 'NONE', #1834, 0.2500000000000002220 ) ;
#9868 = DIRECTION ( 'NONE',  ( -3.583126979299020263E-32, 1.000000000000000000, 3.111048790438776325E-16 ) ) ;
#9869 = AXIS2_PLACEMENT_3D ( 'NONE', #2733, #7115, #10659 ) ;
#9870 = EDGE_CURVE ( 'NONE', #10766, #954, #7118, .T. ) ;
#9871 = DIRECTION ( 'NONE',  ( -3.583126979299020263E-32, 1.000000000000000000, 3.111048790438776325E-16 ) ) ;
#9872 = CIRCLE ( 'NONE', #8946, 17.00000000000000000 ) ;
#9873 = CIRCLE ( 'NONE', #6904, 0.2500000000000002220 ) ;
#9874 = VECTOR ( 'NONE', #5045, 1000.000000000000000 ) ;
#9875 = CARTESIAN_POINT ( 'NONE',  ( -1.540743955509788682E-30, 28.30499999999999616, 6.938893903907228378E-15 ) ) ;
#9876 = EDGE_CURVE ( 'NONE', #7294, #481, #6355, .T. ) ;
#9877 = ADVANCED_FACE ( 'NONE', ( #2566 ), #70, .F. ) ;
#9878 = AXIS2_PLACEMENT_3D ( 'NONE', #10712, #11479, #4422 ) ;
#9879 = CYLINDRICAL_SURFACE ( 'NONE', #2802, 17.00000000000000355 ) ;
#9880 = VERTEX_POINT ( 'NONE', #6187 ) ;
#9881 = AXIS2_PLACEMENT_3D ( 'NONE', #10630, #795, #8714 ) ;
#9882 = VERTEX_POINT ( 'NONE', #7041 ) ;
#9883 = EDGE_CURVE ( 'NONE', #4922, #8759, #9543, .T. ) ;
#9884 = ORIENTED_EDGE ( 'NONE', *, *, #1678, .T. ) ;
#9885 = CIRCLE ( 'NONE', #10434, 17.00000000000000000 ) ;
#9886 = ADVANCED_FACE ( 'NONE', ( #7160 ), #750, .F. ) ;
#9887 = ORIENTED_EDGE ( 'NONE', *, *, #4624, .T. ) ;
#9888 = CARTESIAN_POINT ( 'NONE',  ( -16.16796077701757639, 1.095000000000012630, 5.253288904374181278 ) ) ;
#9889 = DIRECTION ( 'NONE',  ( -1.120801499359496587E-31, -1.000000000000000000, -3.111048790438772381E-16 ) ) ;
#9890 = CARTESIAN_POINT ( 'NONE',  ( -1.540743955509788682E-30, 1.095000000000012630, 0.000000000000000000 ) ) ;
#9891 = FACE_OUTER_BOUND ( 'NONE', #5952, .T. ) ;
#9892 = ORIENTED_EDGE ( 'NONE', *, *, #7329, .T. ) ;
#9893 = CARTESIAN_POINT ( 'NONE',  ( 15.03197847483540528, -3.904999999999936300, -7.939749563562123136 ) ) ;
#9894 = VECTOR ( 'NONE', #2503, 1000.000000000000000 ) ;
#9895 = AXIS2_PLACEMENT_3D ( 'NONE', #5486, #9903, #9136 ) ;
#9896 = AXIS2_PLACEMENT_3D ( 'NONE', #8057, #2099, #3726 ) ;
#9897 = LINE ( 'NONE', #1919, #2839 ) ;
#9898 = EDGE_CURVE ( 'NONE', #10138, #1770, #7494, .T. ) ;
#9899 = AXIS2_PLACEMENT_3D ( 'NONE', #6441, #8139, #4535 ) ;
#9900 = CARTESIAN_POINT ( 'NONE',  ( 5.253288904373889956, 1.095000000000068141, -16.16796077701767231 ) ) ;
#9901 = VERTEX_POINT ( 'NONE', #9728 ) ;
#9902 = CARTESIAN_POINT ( 'NONE',  ( -3.778646842853279786, -3.904999999999936300, -16.57473462945922194 ) ) ;
#9903 = DIRECTION ( 'NONE',  ( -1.120801499359495711E-31, -1.000000000000000000, -3.111048790438776325E-16 ) ) ;
#9904 = CARTESIAN_POINT ( 'NONE',  ( 16.97670209082774662, 1.095000000000040385, 0.6397112561298754496 ) ) ;
#9905 = ORIENTED_EDGE ( 'NONE', *, *, #895, .T. ) ;
#9906 = LINE ( 'NONE', #9950, #11144 ) ;
#9907 = DIRECTION ( 'NONE',  ( 1.837426895219298778E-31, -1.000000000000000000, -3.111048790438772381E-16 ) ) ;
#9908 = CARTESIAN_POINT ( 'NONE',  ( -9.048200446567429722, 94.12768161796620348, 14.39201405914884724 ) ) ;
#9909 = LINE ( 'NONE', #8280, #1710 ) ;
#9910 = CIRCLE ( 'NONE', #8142, 17.00000000000000000 ) ;
#9911 = DIRECTION ( 'NONE',  ( 3.583126979299020263E-32, -1.000000000000000000, -3.111048790438776325E-16 ) ) ;
#9912 = VERTEX_POINT ( 'NONE', #9610 ) ;
#9913 = ORIENTED_EDGE ( 'NONE', *, *, #2689, .F. ) ;
#9914 = VERTEX_POINT ( 'NONE', #924 ) ;
#9915 = SURFACE_STYLE_USAGE ( .BOTH. , #6250 ) ;
#9916 = ORIENTED_EDGE ( 'NONE', *, *, #1627, .T. ) ;
#9917 = EDGE_CURVE ( 'NONE', #6222, #6546, #5081, .T. ) ;
#9918 = EDGE_CURVE ( 'NONE', #9378, #8598, #3027, .T. ) ;
#9919 = DIRECTION ( 'NONE',  ( 0.000000000000000000, 0.000000000000000000, -1.000000000000000000 ) ) ;
#9920 = DIRECTION ( 'NONE',  ( -1.110223024625156540E-16, -4.081702296416015997E-16, 1.000000000000000000 ) ) ;
#9921 = DIRECTION ( 'NONE',  ( -3.583126979299020263E-32, 1.000000000000000000, 3.111048790438776325E-16 ) ) ;
#9922 = CARTESIAN_POINT ( 'NONE',  ( -16.90687222126062750, 1.095000000000040385, 1.776983875550183889 ) ) ;
#9923 = ORIENTED_EDGE ( 'NONE', *, *, #9953, .T. ) ;
#9924 = ORIENTED_EDGE ( 'NONE', *, *, #4469, .T. ) ;
#9925 = DIRECTION ( 'NONE',  ( -3.583126979299020263E-32, 1.000000000000000000, 3.111048790438776325E-16 ) ) ;
#9926 = DIRECTION ( 'NONE',  ( -3.583126979299020263E-32, 1.000000000000000000, 3.111048790438776325E-16 ) ) ;
#9927 = CARTESIAN_POINT ( 'NONE',  ( -1.540743955509788682E-30, -10.60500000000000398, 0.000000000000000000 ) ) ;
#9928 = DIRECTION ( 'NONE',  ( 0.000000000000000000, 0.000000000000000000, -1.000000000000000000 ) ) ;
#9929 = CYLINDRICAL_SURFACE ( 'NONE', #6528, 0.2500000000000002220 ) ;
#9930 = EDGE_CURVE ( 'NONE', #4162, #3282, #577, .T. ) ;
#9931 = DIRECTION ( 'NONE',  ( 0.000000000000000000, 0.000000000000000000, 1.000000000000000000 ) ) ;
#9932 = CARTESIAN_POINT ( 'NONE',  ( 16.99816176470586626, 1.094999999999984874, 0.2499932416904840360 ) ) ;
#9933 = ORIENTED_EDGE ( 'NONE', *, *, #7775, .F. ) ;
#9934 = ORIENTED_EDGE ( 'NONE', *, *, #8521, .T. ) ;
#9935 = ORIENTED_EDGE ( 'NONE', *, *, #2332, .F. ) ;
#9936 = CARTESIAN_POINT ( 'NONE',  ( -7.939749563561762535, 1.095000000000012630, 15.03197847483559535 ) ) ;
#9937 = DIRECTION ( 'NONE',  ( -3.583126979299020263E-32, 1.000000000000000000, 3.111048790438776325E-16 ) ) ;
#9938 = DIRECTION ( 'NONE',  ( -1.110223024625156540E-16, -3.061276722312012491E-16, 1.000000000000000000 ) ) ;
#9939 = ORIENTED_EDGE ( 'NONE', *, *, #10084, .F. ) ;
#9940 = DIRECTION ( 'NONE',  ( 0.000000000000000000, 0.000000000000000000, -1.000000000000000000 ) ) ;
#9941 = EDGE_CURVE ( 'NONE', #4086, #4692, #9521, .T. ) ;
#9942 = CARTESIAN_POINT ( 'NONE',  ( 9.467524394549776900, 94.12768161796608979, -14.11970190331948061 ) ) ;
#9943 = EDGE_CURVE ( 'NONE', #2397, #5235, #10818, .T. ) ;
#9944 = DIRECTION ( 'NONE',  ( 0.000000000000000000, 0.000000000000000000, -1.000000000000000000 ) ) ;
#9945 = CARTESIAN_POINT ( 'NONE',  ( -12.02081528017123269, 1.095000000000040385, 11.77081528017137657 ) ) ;
#9946 = ADVANCED_FACE ( 'NONE', ( #812 ), #2682, .T. ) ;
#9947 = CARTESIAN_POINT ( 'NONE',  ( -1.332267629550190018E-15, 39.99999999999997158, 12.00000000000001954 ) ) ;
#9948 = CARTESIAN_POINT ( 'NONE',  ( 2.659385905684037432, 1.095000000000012630, 16.54070179011731767 ) ) ;
#9949 = VERTEX_POINT ( 'NONE', #1682 ) ;
#9950 = CARTESIAN_POINT ( 'NONE',  ( -16.16796077701757639, 94.12768161796614663, 5.003288904374215917 ) ) ;
#9951 = CIRCLE ( 'NONE', #8471, 17.00000000000000355 ) ;
#9952 = CYLINDRICAL_SURFACE ( 'NONE', #1686, 0.2500000000000002220 ) ;
#9953 = EDGE_CURVE ( 'NONE', #1589, #4929, #7660, .T. ) ;
#9954 = ORIENTED_EDGE ( 'NONE', *, *, #2018, .F. ) ;
#9955 = CARTESIAN_POINT ( 'NONE',  ( -15.87086725045239177, -3.904999999999991811, 6.092255142270179391 ) ) ;
#9956 = AXIS2_PLACEMENT_3D ( 'NONE', #1068, #10740, #148 ) ;
#9957 = FACE_OUTER_BOUND ( 'NONE', #2214, .T. ) ;
#9958 = ORIENTED_EDGE ( 'NONE', *, *, #592, .T. ) ;
#9959 = ORIENTED_EDGE ( 'NONE', *, *, #8966, .F. ) ;
#9960 = ORIENTED_EDGE ( 'NONE', *, *, #4897, .F. ) ;
#9961 = FILL_AREA_STYLE_COLOUR ( '', #10035 ) ;
#9962 = VERTEX_POINT ( 'NONE', #5360 ) ;
#9963 = CYLINDRICAL_SURFACE ( 'NONE', #4640, 0.2500000000000002220 ) ;
#9964 = DIRECTION ( 'NONE',  ( 0.000000000000000000, 0.000000000000000000, 1.000000000000000000 ) ) ;
#9965 = CIRCLE ( 'NONE', #1037, 0.2500000000000002220 ) ;
#9966 = EDGE_CURVE ( 'NONE', #9901, #10436, #8588, .T. ) ;
#9967 = DIRECTION ( 'NONE',  ( -3.583126979299020263E-32, 1.000000000000000000, 3.111048790438776325E-16 ) ) ;
#9968 = ADVANCED_FACE ( 'NONE', ( #8099 ), #4119, .T. ) ;
#9969 = AXIS2_PLACEMENT_3D ( 'NONE', #634, #6810, #2508 ) ;
#9970 = DIRECTION ( 'NONE',  ( -3.583126979299020263E-32, 1.000000000000000000, 3.111048790438776325E-16 ) ) ;
#9971 = VERTEX_POINT ( 'NONE', #173 ) ;
#9972 = ORIENTED_EDGE ( 'NONE', *, *, #11246, .T. ) ;
#9973 = CARTESIAN_POINT ( 'NONE',  ( -2.906013752374625003, -3.904999999999936300, -16.74977862752250246 ) ) ;
#9974 = DIRECTION ( 'NONE',  ( 0.000000000000000000, 0.000000000000000000, 1.000000000000000000 ) ) ;
#9975 = CARTESIAN_POINT ( 'NONE',  ( -13.21148134476843872, 1.095000000000040385, 10.44844664784731059 ) ) ;
#9976 = ORIENTED_EDGE ( 'NONE', *, *, #10337, .T. ) ;
#9977 = CARTESIAN_POINT ( 'NONE',  ( -1.776983875550001812, 94.12768161796614663, 16.90687222126068789 ) ) ;
#9978 = LINE ( 'NONE', #6386, #2737 ) ;
#9979 = CARTESIAN_POINT ( 'NONE',  ( -16.35426043587228762, 94.12768161796614663, 4.640922924986197629 ) ) ;
#9980 = VERTEX_POINT ( 'NONE', #3026 ) ;
#9981 = ORIENTED_EDGE ( 'NONE', *, *, #9656, .F. ) ;
#9982 = ORIENTED_EDGE ( 'NONE', *, *, #8592, .T. ) ;
#9983 = DIRECTION ( 'NONE',  ( 0.000000000000000000, 0.000000000000000000, -1.000000000000000000 ) ) ;
#9984 = CARTESIAN_POINT ( 'NONE',  ( -1.540743955509788682E-30, 39.99999999999997868, 1.387778780781445676E-14 ) ) ;
#9985 = CARTESIAN_POINT ( 'NONE',  ( -1.540743955509788682E-30, -3.904999999999991811, 6.938893903907228378E-15 ) ) ;
#9986 = EDGE_CURVE ( 'NONE', #1011, #5444, #5809, .T. ) ;
#9987 = ORIENTED_EDGE ( 'NONE', *, *, #6199, .T. ) ;
#9988 = CARTESIAN_POINT ( 'NONE',  ( 15.87086725045246816, 1.095000000000012630, 6.092255142269957346 ) ) ;
#9989 = DIRECTION ( 'NONE',  ( -3.583126979299020263E-32, 1.000000000000000000, 3.111048790438776325E-16 ) ) ;
#9990 = CIRCLE ( 'NONE', #1439, 0.2500000000000002220 ) ;
#9991 = CARTESIAN_POINT ( 'NONE',  ( -11.37522030810059981, -3.904999999999991811, -12.63346203311568949 ) ) ;
#9992 = CYLINDRICAL_SURFACE ( 'NONE', #1673, 0.2500000000000002220 ) ;
#9993 = ORIENTED_EDGE ( 'NONE', *, *, #3034, .T. ) ;
#9994 = CARTESIAN_POINT ( 'NONE',  ( -1.615501308432434658E-15, -22.40499999999998337, 14.55114218134571580 ) ) ;
#9995 = CIRCLE ( 'NONE', #6471, 17.00000000000000000 ) ;
#9996 = DIRECTION ( 'NONE',  ( 3.583126979299020263E-32, -1.000000000000000000, -3.111048790438776325E-16 ) ) ;
#9997 = ORIENTED_EDGE ( 'NONE', *, *, #2475, .F. ) ;
#9998 = ADVANCED_FACE ( 'NONE', ( #10058 ), #4771, .F. ) ;
#9999 = DIRECTION ( 'NONE',  ( 0.000000000000000000, 0.000000000000000000, -1.000000000000000000 ) ) ;
#10000 = CARTESIAN_POINT ( 'NONE',  ( -13.36737861225399016, 1.095000000000040385, 10.50300857072174132 ) ) ;
#10001 = AXIS2_PLACEMENT_3D ( 'NONE', #7728, #11291, #5819 ) ;
#10002 = CARTESIAN_POINT ( 'NONE',  ( -12.02081528017123269, 1.095000000000040385, 12.02081528017137657 ) ) ;
#10003 = EDGE_CURVE ( 'NONE', #7349, #871, #8221, .T. ) ;
#10004 = VECTOR ( 'NONE', #7514, 1000.000000000000000 ) ;
#10005 = FACE_OUTER_BOUND ( 'NONE', #3466, .T. ) ;
#10006 = CARTESIAN_POINT ( 'NONE',  ( 9.789020020369287423, 1.095000000000068141, -13.89874408142005535 ) ) ;
#10007 = CIRCLE ( 'NONE', #6482, 17.00000000000000000 ) ;
#10008 = EDGE_CURVE ( 'NONE', #10603, #4153, #3198, .T. ) ;
#10009 = EDGE_LOOP ( 'NONE', ( #5668, #2488, #9389, #5919 ) ) ;
#10010 = VERTEX_POINT ( 'NONE', #1093 ) ;
#10011 = CARTESIAN_POINT ( 'NONE',  ( -6.914522932288506674, 94.12768161796614663, 15.28027277992428878 ) ) ;
#10012 = VERTEX_POINT ( 'NONE', #2791 ) ;
#10013 = CIRCLE ( 'NONE', #5204, 0.2500000000000002220 ) ;
#10014 = ORIENTED_EDGE ( 'NONE', *, *, #3465, .F. ) ;
#10015 = DIRECTION ( 'NONE',  ( -3.583126979299020263E-32, 1.000000000000000000, 3.111048790438776325E-16 ) ) ;
#10016 = DIRECTION ( 'NONE',  ( -3.583126979299020263E-32, 1.000000000000000000, 3.111048790438776325E-16 ) ) ;
#10017 = DIRECTION ( 'NONE',  ( 0.000000000000000000, 0.000000000000000000, -1.000000000000000000 ) ) ;
#10018 = AXIS2_PLACEMENT_3D ( 'NONE', #7491, #9343, #10268 ) ;
#10019 = CIRCLE ( 'NONE', #4077, 17.00000000000000355 ) ;
#10020 = CARTESIAN_POINT ( 'NONE',  ( 1.139265684969335002, -3.904999999999991811, -16.96178273941307779 ) ) ;
#10021 = ORIENTED_EDGE ( 'NONE', *, *, #2117, .F. ) ;
#10022 = EDGE_LOOP ( 'NONE', ( #2273, #3719, #6001, #7976 ) ) ;
#10023 = AXIS2_PLACEMENT_3D ( 'NONE', #1707, #10501, #1642 ) ;
#10024 = VERTEX_POINT ( 'NONE', #8271 ) ;
#10025 = CARTESIAN_POINT ( 'NONE',  ( -4.399923766742745102, 94.12768161796614663, 16.42073904691421760 ) ) ;
#10026 = CARTESIAN_POINT ( 'NONE',  ( 6.685395064247741104, -3.904999999999936300, -15.63027488033821832 ) ) ;
#10027 = CARTESIAN_POINT ( 'NONE',  ( 14.59584328502735495, 94.12768161796608979, 8.715581380431373759 ) ) ;
#10028 = CYLINDRICAL_SURFACE ( 'NONE', #3336, 17.00000000000000355 ) ;
#10029 = AXIS2_PLACEMENT_3D ( 'NONE', #1701, #10365, #6947 ) ;
#10030 = EDGE_LOOP ( 'NONE', ( #10298, #10592, #10971, #5316 ) ) ;
#10031 = CARTESIAN_POINT ( 'NONE',  ( -1.387778780781446267E-15, -26.90500000000001535, 12.49999999999999289 ) ) ;
#10032 = AXIS2_PLACEMENT_3D ( 'NONE', #4785, #5671, #6639 ) ;
#10033 = AXIS2_PLACEMENT_3D ( 'NONE', #7635, #3218, #5892 ) ;
#10034 = CARTESIAN_POINT ( 'NONE',  ( -13.05272692301283222, -3.904999999999991811, -10.89157104706459833 ) ) ;
#10035 = COLOUR_RGB ( '',0.7921568627450980005, 0.8196078431372548767, 0.9333333333333333481 ) ;
#10036 = CIRCLE ( 'NONE', #4290, 0.2500000000000002220 ) ;
#10037 = DIRECTION ( 'NONE',  ( 0.000000000000000000, 0.000000000000000000, 1.000000000000000000 ) ) ;
#10038 = EDGE_LOOP ( 'NONE', ( #1810, #3043, #4958, #5726 ) ) ;
#10039 = ORIENTED_EDGE ( 'NONE', *, *, #8744, .F. ) ;
#10040 = EDGE_LOOP ( 'NONE', ( #452, #8269, #8809, #5556 ) ) ;
#10041 = CARTESIAN_POINT ( 'NONE',  ( -1.139265684969241077, 1.095000000000012630, -16.96178273941307424 ) ) ;
#10042 = FACE_OUTER_BOUND ( 'NONE', #861, .T. ) ;
#10043 = CARTESIAN_POINT ( 'NONE',  ( 2.801843788527010415E-15, 39.99999999999998579, -11.99999999999999112 ) ) ;
#10044 = CIRCLE ( 'NONE', #6517, 0.2500000000000002220 ) ;
#10045 = DIRECTION ( 'NONE',  ( -3.583126979299020263E-32, 1.000000000000000000, 3.111048790438776325E-16 ) ) ;
#10046 = EDGE_CURVE ( 'NONE', #5344, #1923, #2140, .T. ) ;
#10047 = CIRCLE ( 'NONE', #5607, 17.00000000000000355 ) ;
#10048 = AXIS2_PLACEMENT_3D ( 'NONE', #7497, #437, #10037 ) ;
#10049 = DIRECTION ( 'NONE',  ( 1.344388829456166400E-31, -1.000000000000000000, -3.111048790438772381E-16 ) ) ;
#10050 = CIRCLE ( 'NONE', #3955, 17.00000000000000000 ) ;
#10051 = AXIS2_PLACEMENT_3D ( 'NONE', #841, #9809, #3471 ) ;
#10052 = EDGE_CURVE ( 'NONE', #1545, #8092, #10839, .T. ) ;
#10053 = FACE_OUTER_BOUND ( 'NONE', #5371, .T. ) ;
#10054 = DIRECTION ( 'NONE',  ( -3.583126979299020263E-32, 1.000000000000000000, 3.111048790438776325E-16 ) ) ;
#10055 = ORIENTED_EDGE ( 'NONE', *, *, #1795, .F. ) ;
#10056 = VECTOR ( 'NONE', #8433, 1000.000000000000000 ) ;
#10057 = EDGE_LOOP ( 'NONE', ( #9446, #8921, #6042, #1878 ) ) ;
#10058 = FACE_OUTER_BOUND ( 'NONE', #10928, .T. ) ;
#10059 = ORIENTED_EDGE ( 'NONE', *, *, #9870, .T. ) ;
#10060 = CARTESIAN_POINT ( 'NONE',  ( 14.84583652671784115, 1.095000000000068141, -8.282580384274588425 ) ) ;
#10061 = CARTESIAN_POINT ( 'NONE',  ( -1.776356839400250465E-15, -3.904999999999991811, 16.00000000000000711 ) ) ;
#10062 = CIRCLE ( 'NONE', #10449, 0.2500000000000002220 ) ;
#10063 = AXIS2_PLACEMENT_3D ( 'NONE', #5560, #6421, #2750 ) ;
#10064 = VECTOR ( 'NONE', #2281, 1000.000000000000000 ) ;
#10065 = CARTESIAN_POINT ( 'NONE',  ( 2.025415480195368989, -3.904999999999991811, 16.87891264663055679 ) ) ;
#10066 = CIRCLE ( 'NONE', #6002, 13.55114218134571580 ) ;
#10067 = EDGE_CURVE ( 'NONE', #6273, #425, #584, .T. ) ;
#10068 = DIRECTION ( 'NONE',  ( -3.583126979299020263E-32, 1.000000000000000000, 3.111048790438776325E-16 ) ) ;
#10069 = CYLINDRICAL_SURFACE ( 'NONE', #11521, 17.00000000000000355 ) ;
#10070 = AXIS2_PLACEMENT_3D ( 'NONE', #1884, #3630, #10017 ) ;
#10071 = AXIS2_PLACEMENT_3D ( 'NONE', #10954, #6293, #2971 ) ;
#10072 = ORIENTED_EDGE ( 'NONE', *, *, #6012, .F. ) ;
#10073 = ORIENTED_EDGE ( 'NONE', *, *, #10975, .F. ) ;
#10074 = DIRECTION ( 'NONE',  ( 0.000000000000000000, 0.000000000000000000, -1.000000000000000000 ) ) ;
#10075 = ORIENTED_EDGE ( 'NONE', *, *, #1227, .T. ) ;
#10076 = EDGE_CURVE ( 'NONE', #3152, #7252, #9698, .T. ) ;
#10077 = EDGE_CURVE ( 'NONE', #5655, #2718, #11017, .T. ) ;
#10078 = ORIENTED_EDGE ( 'NONE', *, *, #1214, .F. ) ;
#10079 = CARTESIAN_POINT ( 'NONE',  ( -2.906013752374406067, 94.12768161796614663, 16.74977862752256286 ) ) ;
#10080 = VERTEX_POINT ( 'NONE', #9948 ) ;
#10081 = AXIS2_PLACEMENT_3D ( 'NONE', #2730, #7215, #6068 ) ;
#10082 = FACE_OUTER_BOUND ( 'NONE', #4076, .T. ) ;
#10083 = CIRCLE ( 'NONE', #3957, 17.00000000000000355 ) ;
#10084 = EDGE_CURVE ( 'NONE', #11515, #4149, #7477, .T. ) ;
#10085 = ADVANCED_FACE ( 'NONE', ( #7335 ), #4660, .F. ) ;
#10086 = ORIENTED_EDGE ( 'NONE', *, *, #9474, .F. ) ;
#10087 = CARTESIAN_POINT ( 'NONE',  ( 12.19628736797961643, -3.904999999999991811, -11.84274353507922761 ) ) ;
#10088 = ORIENTED_EDGE ( 'NONE', *, *, #7545, .T. ) ;
#10089 = ADVANCED_FACE ( 'NONE', ( #8381 ), #2961, .F. ) ;
#10090 = ORIENTED_EDGE ( 'NONE', *, *, #4904, .F. ) ;
#10091 = CARTESIAN_POINT ( 'NONE',  ( 4.640922924985865450, 94.12768161796620348, -16.35426043587234446 ) ) ;
#10092 = CARTESIAN_POINT ( 'NONE',  ( -1.540743955509788682E-30, -3.904999999999991811, 6.938893903907228378E-15 ) ) ;
#10093 = DIRECTION ( 'NONE',  ( -1.110223024625156540E-16, -3.061276722312012491E-16, 1.000000000000000000 ) ) ;
#10094 = CYLINDRICAL_SURFACE ( 'NONE', #7988, 17.00000000000000355 ) ;
#10095 = ORIENTED_EDGE ( 'NONE', *, *, #1325, .T. ) ;
#10096 = DIRECTION ( 'NONE',  ( -8.742824664779295218E-32, -1.000000000000000000, -3.111048790438776325E-16 ) ) ;
#10097 = ADVANCED_FACE ( 'NONE', ( #4824 ), #3954, .F. ) ;
#10098 = CARTESIAN_POINT ( 'NONE',  ( -1.540743955509788682E-30, 1.095000000000012630, 0.000000000000000000 ) ) ;
#10099 = CARTESIAN_POINT ( 'NONE',  ( -1.540743955509788682E-30, 1.095000000000012630, 0.000000000000000000 ) ) ;
#10100 = DIRECTION ( 'NONE',  ( -8.742824664779295218E-32, -1.000000000000000000, -3.111048790438776325E-16 ) ) ;
#10101 = EDGE_LOOP ( 'NONE', ( #6124, #4156, #9611, #4452 ) ) ;
#10102 = VERTEX_POINT ( 'NONE', #6350 ) ;
#10103 = ORIENTED_EDGE ( 'NONE', *, *, #10361, .F. ) ;
#10104 = CARTESIAN_POINT ( 'NONE',  ( 12.63346203311578719, -3.904999999999963833, 11.37522030810048790 ) ) ;
#10105 = DIRECTION ( 'NONE',  ( -3.583126979299020263E-32, 1.000000000000000000, 3.111048790438776325E-16 ) ) ;
#10106 = DIRECTION ( 'NONE',  ( -1.120801499359495711E-31, -1.000000000000000000, -3.111048790438776325E-16 ) ) ;
#10107 = CARTESIAN_POINT ( 'NONE',  ( 6.092255142269897839, 1.095000000000068141, -15.87086725045250191 ) ) ;
#10108 = ADVANCED_FACE ( 'NONE', ( #9194 ), #5598, .F. ) ;
#10109 = EDGE_CURVE ( 'NONE', #3574, #9351, #7096, .T. ) ;
#10110 = CARTESIAN_POINT ( 'NONE',  ( -1.540743955509788682E-30, 25.07901419350386263, 6.938893903907228378E-15 ) ) ;
#10111 = DIRECTION ( 'NONE',  ( -3.583126979299020263E-32, 1.000000000000000000, 3.111048790438776325E-16 ) ) ;
#10112 = VERTEX_POINT ( 'NONE', #9994 ) ;
#10113 = EDGE_CURVE ( 'NONE', #3766, #1930, #2445, .T. ) ;
#10114 = DIRECTION ( 'NONE',  ( -6.277634335963632232E-32, -1.000000000000000000, -3.111048790438776325E-16 ) ) ;
#10115 = DIRECTION ( 'NONE',  ( -1.110223024625156540E-16, -2.891205793294677340E-16, 1.000000000000000000 ) ) ;
#10116 = DIRECTION ( 'NONE',  ( -3.812444007147968697E-32, -1.000000000000000000, -3.111048790438776325E-16 ) ) ;
#10117 = ORIENTED_EDGE ( 'NONE', *, *, #3438, .T. ) ;
#10118 = DIRECTION ( 'NONE',  ( -1.110223024625156540E-16, -3.111048790438772381E-16, 1.000000000000000000 ) ) ;
#10119 = DIRECTION ( 'NONE',  ( 3.583126979299020263E-32, -1.000000000000000000, -3.111048790438776325E-16 ) ) ;
#10120 = CARTESIAN_POINT ( 'NONE',  ( -4.640922924985884102, 1.095000000000068141, -16.35426043587237288 ) ) ;
#10121 = FACE_OUTER_BOUND ( 'NONE', #1406, .T. ) ;
#10122 = CARTESIAN_POINT ( 'NONE',  ( -1.540743955509788682E-30, -3.904999999999991811, 6.938893903907228378E-15 ) ) ;
#10123 = ORIENTED_EDGE ( 'NONE', *, *, #3120, .F. ) ;
#10124 = VERTEX_POINT ( 'NONE', #9366 ) ;
#10125 = AXIS2_PLACEMENT_3D ( 'NONE', #9651, #10476, #5348 ) ;
#10126 = CARTESIAN_POINT ( 'NONE',  ( -16.24346467152392037, 94.12768161796614663, 5.014963156889026941 ) ) ;
#10127 = ORIENTED_EDGE ( 'NONE', *, *, #7238, .F. ) ;
#10128 = ORIENTED_EDGE ( 'NONE', *, *, #874, .F. ) ;
#10129 = EDGE_CURVE ( 'NONE', #5460, #4167, #10062, .T. ) ;
#10130 = CARTESIAN_POINT ( 'NONE',  ( 2.025415480195045692, 1.095000000000012630, 16.87891264663059943 ) ) ;
#10131 = VERTEX_POINT ( 'NONE', #451 ) ;
#10132 = DIRECTION ( 'NONE',  ( -3.583126979299020263E-32, 1.000000000000000000, 3.111048790438776325E-16 ) ) ;
#10133 = AXIS2_PLACEMENT_3D ( 'NONE', #9466, #10278, #492 ) ;
#10134 = DIRECTION ( 'NONE',  ( -1.110223024625156540E-16, -3.061276722312012491E-16, 1.000000000000000000 ) ) ;
#10135 = ORIENTED_EDGE ( 'NONE', *, *, #1436, .F. ) ;
#10136 = ORIENTED_EDGE ( 'NONE', *, *, #8751, .F. ) ;
#10137 = CARTESIAN_POINT ( 'NONE',  ( -1.540743955509788682E-30, 39.99999999999997868, 1.387778780781445676E-14 ) ) ;
#10138 = VERTEX_POINT ( 'NONE', #1501 ) ;
#10139 = EDGE_LOOP ( 'NONE', ( #6479, #363, #288, #6247 ) ) ;
#10140 = CIRCLE ( 'NONE', #5143, 17.00000000000000355 ) ;
#10141 = CARTESIAN_POINT ( 'NONE',  ( -11.84274353507907485, 94.12768161796608979, 12.19628736797979940 ) ) ;
#10142 = CARTESIAN_POINT ( 'NONE',  ( -16.82799374557761496, 94.12768161796614663, -2.412182932283540637 ) ) ;
#10143 = CARTESIAN_POINT ( 'NONE',  ( -1.540743955509788682E-30, -3.904999999999991811, 6.938893903907228378E-15 ) ) ;
#10144 = CARTESIAN_POINT ( 'NONE',  ( -1.540743955509788682E-30, 39.99999999999997868, 1.387778780781445676E-14 ) ) ;
#10145 = ORIENTED_EDGE ( 'NONE', *, *, #11281, .F. ) ;
#10146 = DIRECTION ( 'NONE',  ( -3.583126979299020263E-32, 1.000000000000000000, 3.111048790438776325E-16 ) ) ;
#10147 = EDGE_CURVE ( 'NONE', #5257, #10929, #6723, .T. ) ;
#10148 = DIRECTION ( 'NONE',  ( -3.583126979299020263E-32, 1.000000000000000000, 3.111048790438776325E-16 ) ) ;
#10149 = CIRCLE ( 'NONE', #3472, 17.00000000000000355 ) ;
#10150 = DIRECTION ( 'NONE',  ( 3.583126979299020263E-32, -1.000000000000000000, -3.111048790438776325E-16 ) ) ;
#10151 = FACE_OUTER_BOUND ( 'NONE', #11523, .T. ) ;
#10152 = ORIENTED_EDGE ( 'NONE', *, *, #10303, .F. ) ;
#10153 = ORIENTED_EDGE ( 'NONE', *, *, #1253, .F. ) ;
#10154 = ADVANCED_FACE ( 'NONE', ( #8551 ), #5936, .F. ) ;
#10155 = EDGE_LOOP ( 'NONE', ( #9905, #6845, #2565, #9042 ) ) ;
#10156 = DIRECTION ( 'NONE',  ( 0.000000000000000000, 0.000000000000000000, -1.000000000000000000 ) ) ;
#10157 = EDGE_CURVE ( 'NONE', #8694, #6026, #1517, .T. ) ;
#10158 = DIRECTION ( 'NONE',  ( 0.000000000000000000, 0.000000000000000000, -1.000000000000000000 ) ) ;
#10159 = CARTESIAN_POINT ( 'NONE',  ( -16.79070179011731767, 94.12768161796614663, 2.659385905684028106 ) ) ;
#10160 = CARTESIAN_POINT ( 'NONE',  ( -9.467524394549874600, 1.095000000000012630, 14.11970190331945219 ) ) ;
#10161 = FACE_OUTER_BOUND ( 'NONE', #8404, .T. ) ;
#10162 = LINE ( 'NONE', #3881, #2047 ) ;
#10163 = ORIENTED_EDGE ( 'NONE', *, *, #2926, .F. ) ;
#10164 = VERTEX_POINT ( 'NONE', #4184 ) ;
#10165 = CIRCLE ( 'NONE', #9063, 17.00000000000000000 ) ;
#10166 = DIRECTION ( 'NONE',  ( 0.000000000000000000, 0.000000000000000000, 1.000000000000000000 ) ) ;
#10167 = DIRECTION ( 'NONE',  ( 0.000000000000000000, 0.000000000000000000, -1.000000000000000000 ) ) ;
#10168 = EDGE_LOOP ( 'NONE', ( #6427, #5628, #11437, #11487 ) ) ;
#10169 = DIRECTION ( 'NONE',  ( 0.000000000000000000, 0.000000000000000000, -1.000000000000000000 ) ) ;
#10170 = DIRECTION ( 'NONE',  ( 0.000000000000000000, 0.000000000000000000, -1.000000000000000000 ) ) ;
#10171 = EDGE_CURVE ( 'NONE', #4013, #106, #7283, .T. ) ;
#10172 = CARTESIAN_POINT ( 'NONE',  ( 7.717838495572404867, -3.904999999999991811, 14.89711091120220132 ) ) ;
#10173 = DIRECTION ( 'NONE',  ( 0.000000000000000000, 0.000000000000000000, -1.000000000000000000 ) ) ;
#10174 = ORIENTED_EDGE ( 'NONE', *, *, #9077, .T. ) ;
#10175 = ORIENTED_EDGE ( 'NONE', *, *, #1837, .T. ) ;
#10176 = DIRECTION ( 'NONE',  ( -6.277634335963640990E-32, -1.000000000000000000, -3.111048790438772381E-16 ) ) ;
#10177 = AXIS2_PLACEMENT_3D ( 'NONE', #2181, #4881, #3123 ) ;
#10178 = ORIENTED_EDGE ( 'NONE', *, *, #3819, .F. ) ;
#10179 = DIRECTION ( 'NONE',  ( -3.583126979299020263E-32, 1.000000000000000000, 3.111048790438776325E-16 ) ) ;
#10180 = ORIENTED_EDGE ( 'NONE', *, *, #7109, .T. ) ;
#10181 = AXIS2_PLACEMENT_3D ( 'NONE', #7585, #11093, #10313 ) ;
#10182 = CARTESIAN_POINT ( 'NONE',  ( 11.55977147257052096, -3.904999999999963833, 12.46481782867062194 ) ) ;
#10183 = EDGE_CURVE ( 'NONE', #9255, #6297, #4003, .T. ) ;
#10184 = DIRECTION ( 'NONE',  ( -3.583126979299020263E-32, 1.000000000000000000, 3.111048790438776325E-16 ) ) ;
#10185 = ADVANCED_FACE ( 'NONE', ( #8443 ), #2260, .F. ) ;
#10186 = ORIENTED_EDGE ( 'NONE', *, *, #8861, .T. ) ;
#10187 = CARTESIAN_POINT ( 'NONE',  ( -13.05272692301290327, 94.12768161796608979, -10.89157104706446688 ) ) ;
#10188 = AXIS2_PLACEMENT_3D ( 'NONE', #9485, #4007, #7567 ) ;
#10189 = VERTEX_POINT ( 'NONE', #5881 ) ;
#10190 = ORIENTED_EDGE ( 'NONE', *, *, #340, .F. ) ;
#10191 = LINE ( 'NONE', #10091, #1639 ) ;
#10192 = DIRECTION ( 'NONE',  ( -3.583126979299020263E-32, 1.000000000000000000, 3.111048790438776325E-16 ) ) ;
#10193 = VECTOR ( 'NONE', #1113, 1000.000000000000000 ) ;
#10194 = ORIENTED_EDGE ( 'NONE', *, *, #3339, .F. ) ;
#10195 = CIRCLE ( 'NONE', #1272, 0.2500000000000002220 ) ;
#10196 = DIRECTION ( 'NONE',  ( -3.583126979299020263E-32, 1.000000000000000000, 3.111048790438776325E-16 ) ) ;
#10197 = CARTESIAN_POINT ( 'NONE',  ( 6.324985174855845216, -3.904999999999936300, -15.77956154453772442 ) ) ;
#10198 = VERTEX_POINT ( 'NONE', #1323 ) ;
#10199 = LINE ( 'NONE', #3237, #5811 ) ;
#10200 = CIRCLE ( 'NONE', #181, 17.00000000000000355 ) ;
#10201 = FACE_OUTER_BOUND ( 'NONE', #10336, .T. ) ;
#10202 = EDGE_CURVE ( 'NONE', #6856, #1894, #4870, .T. ) ;
#10203 = CIRCLE ( 'NONE', #8735, 0.2500000000000002220 ) ;
#10204 = DIRECTION ( 'NONE',  ( 0.000000000000000000, 0.000000000000000000, 1.000000000000000000 ) ) ;
#10205 = ORIENTED_EDGE ( 'NONE', *, *, #6048, .F. ) ;
#10206 = ORIENTED_EDGE ( 'NONE', *, *, #1333, .F. ) ;
#10207 = VERTEX_POINT ( 'NONE', #6861 ) ;
#10208 = DIRECTION ( 'NONE',  ( -1.110223024625156540E-16, -3.061276722312012491E-16, 1.000000000000000000 ) ) ;
#10209 = CIRCLE ( 'NONE', #3160, 16.25000000000001421 ) ;
#10210 = CARTESIAN_POINT ( 'NONE',  ( -1.540743955509788682E-30, 39.99999999999997868, 1.387778780781445676E-14 ) ) ;
#10211 = CYLINDRICAL_SURFACE ( 'NONE', #6245, 0.2500000000000006661 ) ;
#10212 = EDGE_CURVE ( 'NONE', #1662, #8532, #4945, .T. ) ;
#10213 = CARTESIAN_POINT ( 'NONE',  ( 4.640922924985970255, -3.904999999999936300, -16.35426043587235156 ) ) ;
#10214 = VECTOR ( 'NONE', #7812, 1000.000000000000000 ) ;
#10215 = CYLINDRICAL_SURFACE ( 'NONE', #6530, 17.00000000000000355 ) ;
#10216 = EDGE_CURVE ( 'NONE', #7529, #3375, #2826, .T. ) ;
#10217 = AXIS2_PLACEMENT_3D ( 'NONE', #7186, #5455, #1819 ) ;
#10218 = AXIS2_PLACEMENT_3D ( 'NONE', #3660, #10837, #10762 ) ;
#10219 = EDGE_CURVE ( 'NONE', #5813, #529, #8775, .T. ) ;
#10220 = DIRECTION ( 'NONE',  ( -3.583126979299020263E-32, 1.000000000000000000, 3.111048790438776325E-16 ) ) ;
#10221 = DIRECTION ( 'NONE',  ( -3.583126979299020263E-32, 1.000000000000000000, 3.111048790438776325E-16 ) ) ;
#10222 = AXIS2_PLACEMENT_3D ( 'NONE', #7702, #6878, #7044 ) ;
#10223 = ORIENTED_EDGE ( 'NONE', *, *, #704, .T. ) ;
#10224 = CIRCLE ( 'NONE', #9681, 0.2500000000000004441 ) ;
#10225 = FACE_OUTER_BOUND ( 'NONE', #3063, .T. ) ;
#10226 = CARTESIAN_POINT ( 'NONE',  ( -2.025415480195142948, 94.12768161796620348, -16.87891264663054613 ) ) ;
#10227 = FACE_OUTER_BOUND ( 'NONE', #2283, .T. ) ;
#10228 = DIRECTION ( 'NONE',  ( 0.000000000000000000, 0.000000000000000000, 1.000000000000000000 ) ) ;
#10229 = VERTEX_POINT ( 'NONE', #3208 ) ;
#10230 = DIRECTION ( 'NONE',  ( 0.000000000000000000, 0.000000000000000000, -1.000000000000000000 ) ) ;
#10231 = AXIS2_PLACEMENT_3D ( 'NONE', #8490, #5070, #3842 ) ;
#10232 = AXIS2_PLACEMENT_3D ( 'NONE', #6923, #4355, #5288 ) ;
#10233 = DIRECTION ( 'NONE',  ( -3.583126979299020263E-32, 1.000000000000000000, 3.111048790438776325E-16 ) ) ;
#10234 = CIRCLE ( 'NONE', #215, 4.500000000000003553 ) ;
#10235 = ADVANCED_FACE ( 'NONE', ( #6625 ), #6006, .F. ) ;
#10236 = AXIS2_PLACEMENT_3D ( 'NONE', #6919, #6050, #9590 ) ;
#10237 = EDGE_CURVE ( 'NONE', #4545, #583, #3696, .T. ) ;
#10238 = CARTESIAN_POINT ( 'NONE',  ( -13.89874408142012996, -3.904999999999991811, -9.789020020369173736 ) ) ;
#10239 = AXIS2_PLACEMENT_3D ( 'NONE', #5816, #3013, #8601 ) ;
#10240 = DIRECTION ( 'NONE',  ( 0.000000000000000000, 0.000000000000000000, 1.000000000000000000 ) ) ;
#10241 = VERTEX_POINT ( 'NONE', #4891 ) ;
#10242 = EDGE_LOOP ( 'NONE', ( #9418, #4915, #9993, #10750 ) ) ;
#10243 = AXIS2_PLACEMENT_3D ( 'NONE', #6512, #5660, #10888 ) ;
#10244 = VECTOR ( 'NONE', #8189, 1000.000000000000000 ) ;
#10245 = AXIS2_PLACEMENT_3D ( 'NONE', #8438, #6677, #8318 ) ;
#10246 = EDGE_LOOP ( 'NONE', ( #5409, #1286, #2387, #310 ) ) ;
#10247 = EDGE_CURVE ( 'NONE', #6041, #8685, #2586, .T. ) ;
#10248 = CIRCLE ( 'NONE', #4867, 0.2500000000000002220 ) ;
#10249 = FACE_OUTER_BOUND ( 'NONE', #10713, .T. ) ;
#10250 = ORIENTED_EDGE ( 'NONE', *, *, #5894, .T. ) ;
#10251 = VECTOR ( 'NONE', #4304, 1000.000000000000000 ) ;
#10252 = LINE ( 'NONE', #9433, #7107 ) ;
#10253 = AXIS2_PLACEMENT_3D ( 'NONE', #5806, #7663, #608 ) ;
#10254 = DIRECTION ( 'NONE',  ( 0.000000000000000000, 0.000000000000000000, 1.000000000000000000 ) ) ;
#10255 = AXIS2_PLACEMENT_3D ( 'NONE', #7397, #1927, #7222 ) ;
#10256 = AXIS2_PLACEMENT_3D ( 'NONE', #10877, #2009, #5583 ) ;
#10257 = ORIENTED_EDGE ( 'NONE', *, *, #4936, .T. ) ;
#10258 = FACE_OUTER_BOUND ( 'NONE', #7444, .T. ) ;
#10259 = ORIENTED_EDGE ( 'NONE', *, *, #7394, .T. ) ;
#10260 = VERTEX_POINT ( 'NONE', #6684 ) ;
#10261 = ADVANCED_FACE ( 'NONE', ( #11187 ), #6754, .F. ) ;
#10262 = CARTESIAN_POINT ( 'NONE',  ( -1.540743955509788682E-30, 39.99999999999997868, 1.387778780781445676E-14 ) ) ;
#10263 = DIRECTION ( 'NONE',  ( -1.110223024625156540E-16, -3.061276722312011998E-16, 1.000000000000000000 ) ) ;
#10264 = CONICAL_SURFACE ( 'NONE', #3215, 7.999999999999992895, 0.9599310885968803664 ) ;
#10265 = ORIENTED_EDGE ( 'NONE', *, *, #4616, .F. ) ;
#10266 = AXIS2_PLACEMENT_3D ( 'NONE', #3547, #7099, #10650 ) ;
#10267 = CYLINDRICAL_SURFACE ( 'NONE', #1095, 0.2500000000000002220 ) ;
#10268 = DIRECTION ( 'NONE',  ( -1.110223024625156540E-16, -5.782411586589350736E-16, 1.000000000000000000 ) ) ;
#10269 = ORIENTED_EDGE ( 'NONE', *, *, #1378, .T. ) ;
#10270 = DIRECTION ( 'NONE',  ( 2.658680605993137748E-32, -1.000000000000000000, -3.111048790438772381E-16 ) ) ;
#10271 = DIRECTION ( 'NONE',  ( -3.583126979299020263E-32, 1.000000000000000000, 3.111048790438776325E-16 ) ) ;
#10272 = CYLINDRICAL_SURFACE ( 'NONE', #9316, 17.00000000000000355 ) ;
#10273 = ORIENTED_EDGE ( 'NONE', *, *, #8213, .T. ) ;
#10274 = ORIENTED_EDGE ( 'NONE', *, *, #5915, .T. ) ;
#10275 = ORIENTED_EDGE ( 'NONE', *, *, #6564, .T. ) ;
#10276 = CARTESIAN_POINT ( 'NONE',  ( -5.858207580457791330, -3.904999999999991811, 15.95874067538748875 ) ) ;
#10277 = DIRECTION ( 'NONE',  ( -3.583126979299020263E-32, 1.000000000000000000, 3.111048790438776325E-16 ) ) ;
#10278 = DIRECTION ( 'NONE',  ( -3.583126979299020263E-32, 1.000000000000000000, 3.111048790438776325E-16 ) ) ;
#10279 = CYLINDRICAL_SURFACE ( 'NONE', #10001, 17.00000000000000355 ) ;
#10280 = EDGE_CURVE ( 'NONE', #11044, #11142, #8915, .T. ) ;
#10281 = EDGE_CURVE ( 'NONE', #6496, #7424, #5385, .T. ) ;
#10282 = DIRECTION ( 'NONE',  ( -1.120801499359496587E-31, -1.000000000000000000, -3.111048790438772381E-16 ) ) ;
#10283 = DIRECTION ( 'NONE',  ( 3.583126979299020263E-32, -1.000000000000000000, -3.111048790438776325E-16 ) ) ;
#10284 = DIRECTION ( 'NONE',  ( -1.110223024625156540E-16, -4.081702296416015997E-16, 1.000000000000000000 ) ) ;
#10285 = ORIENTED_EDGE ( 'NONE', *, *, #8120, .F. ) ;
#10286 = DIRECTION ( 'NONE',  ( 0.000000000000000000, 0.000000000000000000, 1.000000000000000000 ) ) ;
#10287 = CARTESIAN_POINT ( 'NONE',  ( 2.906013752374295933, 1.095000000000068141, -16.74977862752255220 ) ) ;
#10288 = CARTESIAN_POINT ( 'NONE',  ( -1.540743955509788682E-30, 1.095000000000012630, 0.000000000000000000 ) ) ;
#10289 = CARTESIAN_POINT ( 'NONE',  ( 3.534498743902024565, 94.12768161796614663, 16.62850921247469671 ) ) ;
#10290 = ORIENTED_EDGE ( 'NONE', *, *, #4799, .T. ) ;
#10291 = ADVANCED_FACE ( 'NONE', ( #11427 ), #740, .F. ) ;
#10292 = FACE_OUTER_BOUND ( 'NONE', #7281, .T. ) ;
#10293 = DIRECTION ( 'NONE',  ( -1.110223024625156540E-16, -3.061276722312011998E-16, 1.000000000000000000 ) ) ;
#10294 = ADVANCED_FACE ( 'NONE', ( #10642 ), #7916, .T. ) ;
#10295 = LINE ( 'NONE', #7570, #1527 ) ;
#10296 = DIRECTION ( 'NONE',  ( -3.583126979299020263E-32, 1.000000000000000000, 3.111048790438776325E-16 ) ) ;
#10297 = VERTEX_POINT ( 'NONE', #7968 ) ;
#10298 = ORIENTED_EDGE ( 'NONE', *, *, #3903, .F. ) ;
#10299 = ORIENTED_EDGE ( 'NONE', *, *, #8244, .T. ) ;
#10300 = EDGE_CURVE ( 'NONE', #7052, #3236, #459, .T. ) ;
#10301 = ORIENTED_EDGE ( 'NONE', *, *, #3414, .F. ) ;
#10302 = EDGE_CURVE ( 'NONE', #7176, #2513, #9951, .T. ) ;
#10303 = EDGE_CURVE ( 'NONE', #6626, #583, #5295, .T. ) ;
#10304 = DIRECTION ( 'NONE',  ( -3.583126979299020263E-32, 1.000000000000000000, 3.111048790438776325E-16 ) ) ;
#10305 = ORIENTED_EDGE ( 'NONE', *, *, #9807, .T. ) ;
#10306 = CARTESIAN_POINT ( 'NONE',  ( -16.16796077701757639, -3.904999999999991811, 5.253288904374181278 ) ) ;
#10307 = CARTESIAN_POINT ( 'NONE',  ( -15.87086725045243263, 1.095000000000068141, -6.092255142270061263 ) ) ;
#10308 = CIRCLE ( 'NONE', #5505, 0.2500000000000002220 ) ;
#10309 = ORIENTED_EDGE ( 'NONE', *, *, #7823, .T. ) ;
#10310 = DIRECTION ( 'NONE',  ( -3.583126979299020263E-32, 1.000000000000000000, 3.111048790438776325E-16 ) ) ;
#10311 = ORIENTED_EDGE ( 'NONE', *, *, #3338, .T. ) ;
#10312 = ORIENTED_EDGE ( 'NONE', *, *, #2980, .F. ) ;
#10313 = DIRECTION ( 'NONE',  ( 0.000000000000000000, 0.000000000000000000, -1.000000000000000000 ) ) ;
#10314 = CARTESIAN_POINT ( 'NONE',  ( -16.87891264663058166, 1.095000000000012630, -2.025415480195087881 ) ) ;
#10315 = ADVANCED_FACE ( 'NONE', ( #5177 ), #2555, .T. ) ;
#10316 = ORIENTED_EDGE ( 'NONE', *, *, #3602, .F. ) ;
#10317 = DIRECTION ( 'NONE',  ( -1.110223024625156540E-16, -3.061276722312012491E-16, 1.000000000000000000 ) ) ;
#10318 = DIRECTION ( 'NONE',  ( -3.583126979299020263E-32, 1.000000000000000000, 3.111048790438776325E-16 ) ) ;
#10319 = ORIENTED_EDGE ( 'NONE', *, *, #1767, .F. ) ;
#10320 = DIRECTION ( 'NONE',  ( 0.000000000000000000, 0.000000000000000000, -1.000000000000000000 ) ) ;
#10321 = EDGE_CURVE ( 'NONE', #7819, #4873, #1952, .T. ) ;
#10322 = CARTESIAN_POINT ( 'NONE',  ( 4.399923766742972475, -3.904999999999991811, 16.42073904691412167 ) ) ;
#10323 = AXIS2_PLACEMENT_3D ( 'NONE', #8298, #9866, #208 ) ;
#10324 = FACE_OUTER_BOUND ( 'NONE', #2261, .T. ) ;
#10325 = ORIENTED_EDGE ( 'NONE', *, *, #10871, .F. ) ;
#10326 = ORIENTED_EDGE ( 'NONE', *, *, #10813, .F. ) ;
#10327 = EDGE_LOOP ( 'NONE', ( #6908, #8344, #514, #1065 ) ) ;
#10328 = DIRECTION ( 'NONE',  ( 1.097869796574599992E-31, -1.000000000000000000, -3.111048790438772381E-16 ) ) ;
#10329 = DIRECTION ( 'NONE',  ( -3.583126979299020263E-32, 1.000000000000000000, 3.111048790438776325E-16 ) ) ;
#10330 = DIRECTION ( 'NONE',  ( -1.110223024625156540E-16, -3.061276722312011998E-16, 1.000000000000000000 ) ) ;
#10331 = DIRECTION ( 'NONE',  ( -3.583126979299020263E-32, 1.000000000000000000, 3.111048790438776325E-16 ) ) ;
#10332 = LINE ( 'NONE', #7730, #1118 ) ;
#10333 = CIRCLE ( 'NONE', #7556, 17.00000000000000355 ) ;
#10334 = DIRECTION ( 'NONE',  ( -1.347253678332314469E-32, -1.000000000000000000, -3.111048790438772381E-16 ) ) ;
#10335 = DIRECTION ( 'NONE',  ( -3.583126979299020263E-32, 1.000000000000000000, 3.111048790438776325E-16 ) ) ;
#10336 = EDGE_LOOP ( 'NONE', ( #10671, #8743, #3700, #9675 ) ) ;
#10337 = EDGE_CURVE ( 'NONE', #1173, #4149, #4237, .T. ) ;
#10338 = DIRECTION ( 'NONE',  ( -1.110223024625156540E-16, -2.560261641066388300E-16, 1.000000000000000000 ) ) ;
#10339 = AXIS2_PLACEMENT_3D ( 'NONE', #293, #7390, #3211 ) ;
#10340 = DIRECTION ( 'NONE',  ( -1.110223024625156540E-16, -3.061276722312012491E-16, 1.000000000000000000 ) ) ;
#10341 = FACE_OUTER_BOUND ( 'NONE', #7792, .T. ) ;
#10342 = DIRECTION ( 'NONE',  ( 0.000000000000000000, 0.000000000000000000, -1.000000000000000000 ) ) ;
#10343 = VERTEX_POINT ( 'NONE', #6227 ) ;
#10344 = DIRECTION ( 'NONE',  ( -3.583126979299020263E-32, 1.000000000000000000, 3.111048790438776325E-16 ) ) ;
#10345 = DIRECTION ( 'NONE',  ( -3.583126979299020263E-32, 1.000000000000000000, 3.111048790438776325E-16 ) ) ;
#10346 = CARTESIAN_POINT ( 'NONE',  ( 16.08896035120136503, -3.904999999999991811, 5.490478559968176242 ) ) ;
#10347 = AXIS2_PLACEMENT_3D ( 'NONE', #9224, #2294, #1192 ) ;
#10348 = DIRECTION ( 'NONE',  ( -3.583126979299020263E-32, 1.000000000000000000, 3.111048790438776325E-16 ) ) ;
#10349 = EDGE_CURVE ( 'NONE', #7294, #1873, #1786, .T. ) ;
#10350 = ORIENTED_EDGE ( 'NONE', *, *, #8175, .T. ) ;
#10351 = EDGE_LOOP ( 'NONE', ( #11234, #2120, #4333, #4144 ) ) ;
#10352 = CARTESIAN_POINT ( 'NONE',  ( -13.60485940014288886, 94.12768161796608979, 10.19351758238265582 ) ) ;
#10353 = ORIENTED_EDGE ( 'NONE', *, *, #9022, .T. ) ;
#10354 = VERTEX_POINT ( 'NONE', #3435 ) ;
#10355 = EDGE_CURVE ( 'NONE', #1894, #6076, #4305, .T. ) ;
#10356 = DIRECTION ( 'NONE',  ( -1.110223024625156540E-16, -4.081702296416015997E-16, 1.000000000000000000 ) ) ;
#10357 = ORIENTED_EDGE ( 'NONE', *, *, #4200, .F. ) ;
#10358 = CARTESIAN_POINT ( 'NONE',  ( -5.253288904374003643, 94.12768161796614663, 16.16796077701766166 ) ) ;
#10359 = CIRCLE ( 'NONE', #7019, 0.2500000000000002220 ) ;
#10360 = DIRECTION ( 'NONE',  ( -3.583126979299020263E-32, 1.000000000000000000, 3.111048790438776325E-16 ) ) ;
#10361 = EDGE_CURVE ( 'NONE', #2774, #10611, #1392, .T. ) ;
#10362 = EDGE_CURVE ( 'NONE', #5488, #690, #7920, .T. ) ;
#10363 = EDGE_CURVE ( 'NONE', #4450, #626, #1846, .T. ) ;
#10364 = ORIENTED_EDGE ( 'NONE', *, *, #7391, .T. ) ;
#10365 = DIRECTION ( 'NONE',  ( -3.583126979299020263E-32, 1.000000000000000000, 3.111048790438776325E-16 ) ) ;
#10366 = ORIENTED_EDGE ( 'NONE', *, *, #7207, .T. ) ;
#10367 = VERTEX_POINT ( 'NONE', #6978 ) ;
#10368 = LINE ( 'NONE', #8910, #167 ) ;
#10369 = CARTESIAN_POINT ( 'NONE',  ( 15.63027488033799983, 94.12768161796608979, -6.685395064248194075 ) ) ;
#10370 = AXIS2_PLACEMENT_3D ( 'NONE', #5432, #8583, #1861 ) ;
#10371 = ORIENTED_EDGE ( 'NONE', *, *, #2928, .F. ) ;
#10372 = DIRECTION ( 'NONE',  ( -1.110223024625156540E-16, -4.081702296416015997E-16, 1.000000000000000000 ) ) ;
#10373 = CARTESIAN_POINT ( 'NONE',  ( -15.53027277992421240, -3.904999999999936300, -6.914522932288572399 ) ) ;
#10374 = ORIENTED_EDGE ( 'NONE', *, *, #9395, .F. ) ;
#10375 = VECTOR ( 'NONE', #7438, 1000.000000000000000 ) ;
#10376 = CYLINDRICAL_SURFACE ( 'NONE', #2072, 4.500000000000003553 ) ;
#10377 = VECTOR ( 'NONE', #76, 1000.000000000000000 ) ;
#10378 = VECTOR ( 'NONE', #1437, 1000.000000000000000 ) ;
#10379 = DIRECTION ( 'NONE',  ( -1.613839565122628308E-31, -1.000000000000000000, -3.111048790438776325E-16 ) ) ;
#10380 = DIRECTION ( 'NONE',  ( 0.000000000000000000, 0.000000000000000000, -1.000000000000000000 ) ) ;
#10381 = ORIENTED_EDGE ( 'NONE', *, *, #8110, .T. ) ;
#10382 = ORIENTED_EDGE ( 'NONE', *, *, #4596, .T. ) ;
#10383 = AXIS2_PLACEMENT_3D ( 'NONE', #2710, #7363, #8249 ) ;
#10384 = ORIENTED_EDGE ( 'NONE', *, *, #7377, .T. ) ;
#10385 = CARTESIAN_POINT ( 'NONE',  ( -16.62850921247467184, 94.12768161796614663, 3.284498743902012574 ) ) ;
#10386 = CARTESIAN_POINT ( 'NONE',  ( -2.412182932283628123, 1.095000000000068141, -16.82799374557761851 ) ) ;
#10387 = DIRECTION ( 'NONE',  ( 0.000000000000000000, 0.000000000000000000, -1.000000000000000000 ) ) ;
#10388 = FACE_OUTER_BOUND ( 'NONE', #2407, .T. ) ;
#10389 = CARTESIAN_POINT ( 'NONE',  ( 7.142155445023949056, -3.904999999999991811, 15.42691205650421971 ) ) ;
#10390 = AXIS2_PLACEMENT_3D ( 'NONE', #10122, #4193, #5838 ) ;
#10391 = CARTESIAN_POINT ( 'NONE',  ( 0.000000000000000000, -27.40500000000001180, 0.000000000000000000 ) ) ;
#10392 = AXIS2_PLACEMENT_3D ( 'NONE', #9551, #1565, #10167 ) ;
#10393 = AXIS2_PLACEMENT_3D ( 'NONE', #9159, #7998, #3738 ) ;
#10394 = AXIS2_PLACEMENT_3D ( 'NONE', #2528, #6086, #1762 ) ;
#10395 = LINE ( 'NONE', #8665, #6726 ) ;
#10396 = AXIS2_PLACEMENT_3D ( 'NONE', #10555, #6147, #3295 ) ;
#10397 = AXIS2_PLACEMENT_3D ( 'NONE', #7038, #5356, #4315 ) ;
#10398 = DIRECTION ( 'NONE',  ( -3.583126979299020263E-32, 1.000000000000000000, 3.111048790438776325E-16 ) ) ;
#10399 = VERTEX_POINT ( 'NONE', #6060 ) ;
#10400 = ORIENTED_EDGE ( 'NONE', *, *, #3633, .F. ) ;
#10401 = DIRECTION ( 'NONE',  ( -3.583126979299020263E-32, 1.000000000000000000, 3.111048790438776325E-16 ) ) ;
#10402 = DIRECTION ( 'NONE',  ( 2.845490523596494615E-17, 0.9925461516413219831, -0.1218693434051479341 ) ) ;
#10403 = CARTESIAN_POINT ( 'NONE',  ( -16.99999999999998579, 1.094999999999984874, 5.551115123125782702E-14 ) ) ;
#10404 = DIRECTION ( 'NONE',  ( -1.110223024625156540E-16, -4.081702296416015997E-16, 1.000000000000000000 ) ) ;
#10405 = ORIENTED_EDGE ( 'NONE', *, *, #2974, .F. ) ;
#10406 = EDGE_CURVE ( 'NONE', #7030, #2073, #2890, .T. ) ;
#10407 = VECTOR ( 'NONE', #3131, 1000.000000000000000 ) ;
#10408 = LINE ( 'NONE', #9553, #10378 ) ;
#10409 = FACE_OUTER_BOUND ( 'NONE', #10484, .T. ) ;
#10410 = CIRCLE ( 'NONE', #11367, 17.00000000000000000 ) ;
#10411 = AXIS2_PLACEMENT_3D ( 'NONE', #2727, #6403, #10886 ) ;
#10412 = EDGE_CURVE ( 'NONE', #4000, #6594, #4363, .T. ) ;
#10413 = CIRCLE ( 'NONE', #1488, 17.00000000000000000 ) ;
#10414 = DIRECTION ( 'NONE',  ( -1.110223024625156540E-16, -3.061276722312012491E-16, 1.000000000000000000 ) ) ;
#10415 = AXIS2_PLACEMENT_3D ( 'NONE', #4884, #3822, #7378 ) ;
#10416 = CARTESIAN_POINT ( 'NONE',  ( -2.659385905683926410, 94.12768161796620348, -16.79070179011730701 ) ) ;
#10417 = ORIENTED_EDGE ( 'NONE', *, *, #2080, .F. ) ;
#10418 = VECTOR ( 'NONE', #11247, 1000.000000000000000 ) ;
#10419 = ORIENTED_EDGE ( 'NONE', *, *, #303, .F. ) ;
#10420 = CARTESIAN_POINT ( 'NONE',  ( -2.906013752374517978, 94.12768161796620348, -16.74977862752248470 ) ) ;
#10421 = AXIS2_PLACEMENT_3D ( 'NONE', #8082, #9007, #2891 ) ;
#10422 = ORIENTED_EDGE ( 'NONE', *, *, #3619, .T. ) ;
#10423 = AXIS2_PLACEMENT_3D ( 'NONE', #5518, #9053, #4638 ) ;
#10424 = DIRECTION ( 'NONE',  ( -8.742824664779303976E-32, -1.000000000000000000, -3.111048790438772381E-16 ) ) ;
#10425 = ORIENTED_EDGE ( 'NONE', *, *, #2752, .F. ) ;
#10426 = CARTESIAN_POINT ( 'NONE',  ( -7.717838495572300950, -3.904999999999936300, -15.14711091120222974 ) ) ;
#10427 = EDGE_CURVE ( 'NONE', #7216, #4570, #2777, .T. ) ;
#10428 = AXIS2_PLACEMENT_3D ( 'NONE', #11057, #490, #3939 ) ;
#10429 = AXIS2_PLACEMENT_3D ( 'NONE', #2351, #3415, #6906 ) ;
#10430 = CARTESIAN_POINT ( 'NONE',  ( -16.42073904691413233, 94.12768161796614663, 4.399923766742960929 ) ) ;
#10431 = AXIS2_PLACEMENT_3D ( 'NONE', #629, #9365, #7738 ) ;
#10432 = AXIS2_PLACEMENT_3D ( 'NONE', #2066, #10869, #1189 ) ;
#10433 = EDGE_CURVE ( 'NONE', #3572, #1731, #2134, .T. ) ;
#10434 = AXIS2_PLACEMENT_3D ( 'NONE', #11265, #646, #10134 ) ;
#10435 = EDGE_CURVE ( 'NONE', #7993, #1821, #9392, .T. ) ;
#10436 = VERTEX_POINT ( 'NONE', #6442 ) ;
#10437 = ORIENTED_EDGE ( 'NONE', *, *, #10584, .F. ) ;
#10438 = DIRECTION ( 'NONE',  ( -1.110223024625156540E-16, -3.061276722312012491E-16, 1.000000000000000000 ) ) ;
#10439 = ORIENTED_EDGE ( 'NONE', *, *, #10796, .F. ) ;
#10440 = ORIENTED_EDGE ( 'NONE', *, *, #6185, .F. ) ;
#10441 = DIRECTION ( 'NONE',  ( 1.734234232687264264E-32, -1.000000000000000000, -3.111048790438772381E-16 ) ) ;
#10442 = CIRCLE ( 'NONE', #5439, 0.2500000000000002220 ) ;
#10443 = CARTESIAN_POINT ( 'NONE',  ( -1.776983875550109060, 1.095000000000012630, -16.90687222126063816 ) ) ;
#10444 = CARTESIAN_POINT ( 'NONE',  ( -1.540743955509788682E-30, 39.99999999999997868, 1.387778780781445676E-14 ) ) ;
#10445 = EDGE_LOOP ( 'NONE', ( #3519, #37, #6275, #4854 ) ) ;
#10446 = CYLINDRICAL_SURFACE ( 'NONE', #10776, 17.00000000000000355 ) ;
#10447 = EDGE_CURVE ( 'NONE', #9184, #11032, #8284, .T. ) ;
#10448 = LINE ( 'NONE', #2480, #8554 ) ;
#10449 = AXIS2_PLACEMENT_3D ( 'NONE', #9417, #11249, #572 ) ;
#10450 = EDGE_LOOP ( 'NONE', ( #7166, #6248, #2731, #6302 ) ) ;
#10451 = AXIS2_PLACEMENT_3D ( 'NONE', #6306, #9094, #3740 ) ;
#10452 = DIRECTION ( 'NONE',  ( 0.000000000000000000, 0.000000000000000000, -1.000000000000000000 ) ) ;
#10453 = AXIS2_PLACEMENT_3D ( 'NONE', #251, #998, #3788 ) ;
#10454 = CIRCLE ( 'NONE', #407, 0.2500000000000002220 ) ;
#10455 = EDGE_CURVE ( 'NONE', #5581, #885, #8313, .T. ) ;
#10456 = CARTESIAN_POINT ( 'NONE',  ( 16.97670209082774662, 94.12768161796614663, 0.8897112561299103106 ) ) ;
#10457 = CIRCLE ( 'NONE', #3761, 0.2500000000000002220 ) ;
#10458 = VERTEX_POINT ( 'NONE', #1203 ) ;
#10459 = VERTEX_POINT ( 'NONE', #4712 ) ;
#10460 = CIRCLE ( 'NONE', #5454, 17.00000000000000355 ) ;
#10461 = ORIENTED_EDGE ( 'NONE', *, *, #8176, .T. ) ;
#10462 = DIRECTION ( 'NONE',  ( -1.110223024625156540E-16, -3.061276722312012491E-16, 1.000000000000000000 ) ) ;
#10463 = CARTESIAN_POINT ( 'NONE',  ( -15.14711091120220665, 1.095000000000012630, 7.717838495572372892 ) ) ;
#10464 = DIRECTION ( 'NONE',  ( 0.000000000000000000, 0.000000000000000000, 1.000000000000000000 ) ) ;
#10465 = CARTESIAN_POINT ( 'NONE',  ( 9.992349288972148358, -3.904999999999991811, 13.75328890437402229 ) ) ;
#10466 = EDGE_CURVE ( 'NONE', #4153, #7574, #6394, .T. ) ;
#10467 = CARTESIAN_POINT ( 'NONE',  ( -1.540743955509788682E-30, 39.99999999999997868, 1.387778780781445676E-14 ) ) ;
#10468 = AXIS2_PLACEMENT_3D ( 'NONE', #6806, #8620, #2193 ) ;
#10469 = AXIS2_PLACEMENT_3D ( 'NONE', #3824, #7379, #5354 ) ;
#10470 = LINE ( 'NONE', #4230, #1726 ) ;
#10471 = DIRECTION ( 'NONE',  ( -1.146585139244830269E-33, -1.000000000000000000, -3.111048790438772381E-16 ) ) ;
#10472 = ORIENTED_EDGE ( 'NONE', *, *, #218, .F. ) ;
#10473 = ORIENTED_EDGE ( 'NONE', *, *, #2475, .T. ) ;
#10474 = FACE_OUTER_BOUND ( 'NONE', #8697, .T. ) ;
#10475 = DIRECTION ( 'NONE',  ( 9.746102801338168971E-32, -1.000000000000000000, -3.111048790438772381E-16 ) ) ;
#10476 = DIRECTION ( 'NONE',  ( 3.583126979299011504E-32, -1.000000000000000000, -3.111048790438772381E-16 ) ) ;
#10477 = CARTESIAN_POINT ( 'NONE',  ( -12.02081528017123269, 94.12768161796608979, 11.77081528017141032 ) ) ;
#10478 = DIRECTION ( 'NONE',  ( -1.110223024625156540E-16, -3.061276722312012491E-16, 1.000000000000000000 ) ) ;
#10479 = DIRECTION ( 'NONE',  ( 0.000000000000000000, 0.000000000000000000, -1.000000000000000000 ) ) ;
#10480 = EDGE_CURVE ( 'NONE', #3148, #4024, #4566, .T. ) ;
#10481 = DIRECTION ( 'NONE',  ( -1.110223024625156540E-16, -3.061276722312012491E-16, 1.000000000000000000 ) ) ;
#10482 = EDGE_CURVE ( 'NONE', #6700, #5083, #834, .T. ) ;
#10483 = CARTESIAN_POINT ( 'NONE',  ( -10.19351758238255101, 94.12768161796608979, -13.60485940014289419 ) ) ;
#10484 = EDGE_LOOP ( 'NONE', ( #6148, #8868, #4027, #8096 ) ) ;
#10485 = CARTESIAN_POINT ( 'NONE',  ( -1.540743955509788682E-30, 39.99999999999997868, 1.387778780781445676E-14 ) ) ;
#10486 = ORIENTED_EDGE ( 'NONE', *, *, #8105, .F. ) ;
#10487 = DIRECTION ( 'NONE',  ( -1.120801499359495711E-31, -1.000000000000000000, -3.111048790438776325E-16 ) ) ;
#10488 = ORIENTED_EDGE ( 'NONE', *, *, #10514, .F. ) ;
#10489 = DIRECTION ( 'NONE',  ( 2.330464960982432251E-31, -1.000000000000000000, -3.111048790438776325E-16 ) ) ;
#10490 = DIRECTION ( 'NONE',  ( -1.110223024625156540E-16, -3.061276722312012491E-16, 1.000000000000000000 ) ) ;
#10491 = ORIENTED_EDGE ( 'NONE', *, *, #4139, .T. ) ;
#10492 = ORIENTED_EDGE ( 'NONE', *, *, #3470, .T. ) ;
#10493 = VERTEX_POINT ( 'NONE', #7205 ) ;
#10494 = CARTESIAN_POINT ( 'NONE',  ( 7.717838495572404867, 94.12768161796614663, 15.14711091120222264 ) ) ;
#10495 = ADVANCED_FACE ( 'NONE', ( #4763 ), #327, .T. ) ;
#10496 = EDGE_LOOP ( 'NONE', ( #1702, #8862, #6077, #189 ) ) ;
#10497 = LINE ( 'NONE', #9624, #5807 ) ;
#10498 = LINE ( 'NONE', #7767, #2914 ) ;
#10499 = ORIENTED_EDGE ( 'NONE', *, *, #5555, .F. ) ;
#10500 = DIRECTION ( 'NONE',  ( 0.000000000000000000, 0.000000000000000000, -1.000000000000000000 ) ) ;
#10501 = DIRECTION ( 'NONE',  ( -2.106877630885760906E-31, -1.000000000000000000, -3.111048790438776325E-16 ) ) ;
#10502 = DIRECTION ( 'NONE',  ( -3.583126979299020263E-32, 1.000000000000000000, 3.111048790438776325E-16 ) ) ;
#10503 = CARTESIAN_POINT ( 'NONE',  ( 9.992349288972148358, -3.904999999999991811, 13.50328890437402229 ) ) ;
#10504 = DIRECTION ( 'NONE',  ( -1.120801499359495711E-31, -1.000000000000000000, -3.111048790438776325E-16 ) ) ;
#10505 = EDGE_LOOP ( 'NONE', ( #5586, #4179, #11441, #6638 ) ) ;
#10506 = ORIENTED_EDGE ( 'NONE', *, *, #8678, .T. ) ;
#10507 = EDGE_CURVE ( 'NONE', #10880, #1515, #3071, .T. ) ;
#10508 = ORIENTED_EDGE ( 'NONE', *, *, #10725, .F. ) ;
#10509 = FACE_OUTER_BOUND ( 'NONE', #1954, .T. ) ;
#10510 = AXIS2_PLACEMENT_3D ( 'NONE', #5648, #3015, #163 ) ;
#10511 = DIRECTION ( 'NONE',  ( -3.583126979299020263E-32, 1.000000000000000000, 3.111048790438776325E-16 ) ) ;
#10512 = CARTESIAN_POINT ( 'NONE',  ( -16.97670209082773951, -3.904999999999963833, 0.8897112561301114830 ) ) ;
#10513 = DIRECTION ( 'NONE',  ( 0.000000000000000000, 0.000000000000000000, -1.000000000000000000 ) ) ;
#10514 = EDGE_CURVE ( 'NONE', #105, #9558, #6794, .T. ) ;
#10515 = LINE ( 'NONE', #1724, #11193 ) ;
#10516 = FACE_OUTER_BOUND ( 'NONE', #3166, .T. ) ;
#10517 = DIRECTION ( 'NONE',  ( -3.583126979299020263E-32, 1.000000000000000000, 3.111048790438776325E-16 ) ) ;
#10518 = EDGE_CURVE ( 'NONE', #6910, #9980, #7346, .T. ) ;
#10519 = EDGE_CURVE ( 'NONE', #2168, #5722, #3806, .T. ) ;
#10520 = CARTESIAN_POINT ( 'NONE',  ( -4.399923766742745102, 1.095000000000012630, 16.42073904691419273 ) ) ;
#10521 = ORIENTED_EDGE ( 'NONE', *, *, #1249, .T. ) ;
#10522 = ORIENTED_EDGE ( 'NONE', *, *, #11037, .T. ) ;
#10523 = EDGE_CURVE ( 'NONE', #3167, #4545, #6565, .T. ) ;
#10524 = CARTESIAN_POINT ( 'NONE',  ( 16.90687222126064526, 94.12768161796614663, 1.776983875549982494 ) ) ;
#10525 = DIRECTION ( 'NONE',  ( 0.000000000000000000, 0.000000000000000000, -1.000000000000000000 ) ) ;
#10526 = CARTESIAN_POINT ( 'NONE',  ( 16.35426043587222367, -3.904999999999963833, -4.640922924986370823 ) ) ;
#10527 = CARTESIAN_POINT ( 'NONE',  ( -1.540743955509788682E-30, 39.99999999999997868, 1.387778780781445676E-14 ) ) ;
#10528 = CARTESIAN_POINT ( 'NONE',  ( 16.62850921247471447, -3.904999999999963833, 3.284498743901749673 ) ) ;
#10529 = LINE ( 'NONE', #9770, #4812 ) ;
#10530 = AXIS2_PLACEMENT_3D ( 'NONE', #5394, #6382, #1944 ) ;
#10531 = CARTESIAN_POINT ( 'NONE',  ( -2.412182932283730263, 1.095000000000012630, 16.82799374557761851 ) ) ;
#10532 = AXIS2_PLACEMENT_3D ( 'NONE', #3573, #2025, #7339 ) ;
#10533 = CARTESIAN_POINT ( 'NONE',  ( -3.778646842853173649, 94.12768161796620348, -16.57473462945921483 ) ) ;
#10534 = VERTEX_POINT ( 'NONE', #2131 ) ;
#10535 = DIRECTION ( 'NONE',  ( 0.000000000000000000, 0.000000000000000000, -1.000000000000000000 ) ) ;
#10536 = EDGE_LOOP ( 'NONE', ( #6242, #3729 ) ) ;
#10537 = EDGE_CURVE ( 'NONE', #3827, #1357, #4190, .T. ) ;
#10538 = CARTESIAN_POINT ( 'NONE',  ( 0.8897112561301585565, 1.095000000000012630, 16.97670209082775017 ) ) ;
#10539 = EDGE_LOOP ( 'NONE', ( #3265, #1650, #371, #5013 ) ) ;
#10540 = CARTESIAN_POINT ( 'NONE',  ( -11.37522030810051632, 1.095000000000040385, 12.63346203311576588 ) ) ;
#10541 = DIRECTION ( 'NONE',  ( -1.110223024625156540E-16, -4.081702296416015997E-16, 1.000000000000000000 ) ) ;
#10542 = ORIENTED_EDGE ( 'NONE', *, *, #10406, .T. ) ;
#10543 = CARTESIAN_POINT ( 'NONE',  ( -15.95874067538733954, 1.095000000000068141, -5.858207580458143937 ) ) ;
#10544 = ORIENTED_EDGE ( 'NONE', *, *, #5901, .T. ) ;
#10545 = CONICAL_SURFACE ( 'NONE', #142, 14.55114218134572468, 0.7853981633974396193 ) ;
#10546 = DIRECTION ( 'NONE',  ( -1.110223024625156540E-16, -3.061276722312012491E-16, 1.000000000000000000 ) ) ;
#10547 = ORIENTED_EDGE ( 'NONE', *, *, #6126, .F. ) ;
#10548 = EDGE_CURVE ( 'NONE', #6635, #8804, #4536, .T. ) ;
#10549 = DIRECTION ( 'NONE',  ( -1.613839565122628308E-31, -1.000000000000000000, -3.111048790438776325E-16 ) ) ;
#10550 = DIRECTION ( 'NONE',  ( -1.110223024625156540E-16, -2.515631030513345642E-16, 1.000000000000000000 ) ) ;
#10551 = AXIS2_PLACEMENT_3D ( 'NONE', #1995, #3688, #10865 ) ;
#10552 = DIRECTION ( 'NONE',  ( 0.000000000000000000, 0.000000000000000000, -1.000000000000000000 ) ) ;
#10553 = CIRCLE ( 'NONE', #6289, 0.2500000000000002220 ) ;
#10554 = ADVANCED_FACE ( 'NONE', ( #10754 ), #1029, .T. ) ;
#10555 = CARTESIAN_POINT ( 'NONE',  ( -1.540743955509788682E-30, -3.904999999999991811, 6.938893903907228378E-15 ) ) ;
#10556 = AXIS2_PLACEMENT_3D ( 'NONE', #8246, #8183, #7311 ) ;
#10557 = ORIENTED_EDGE ( 'NONE', *, *, #7936, .F. ) ;
#10558 = VERTEX_POINT ( 'NONE', #1959 ) ;
#10559 = ORIENTED_EDGE ( 'NONE', *, *, #2188, .F. ) ;
#10560 = CARTESIAN_POINT ( 'NONE',  ( -16.96178273941306003, 94.12768161796614663, -1.139265684969373194 ) ) ;
#10561 = DIRECTION ( 'NONE',  ( -3.583126979299020263E-32, 1.000000000000000000, 3.111048790438776325E-16 ) ) ;
#10562 = CIRCLE ( 'NONE', #8154, 0.2500000000000002220 ) ;
#10563 = CYLINDRICAL_SURFACE ( 'NONE', #10567, 17.00000000000000355 ) ;
#10564 = DIRECTION ( 'NONE',  ( -3.583126979299020263E-32, 1.000000000000000000, 3.111048790438776325E-16 ) ) ;
#10565 = DIRECTION ( 'NONE',  ( 3.583126979299020263E-32, -1.000000000000000000, -3.111048790438776325E-16 ) ) ;
#10566 = AXIS2_PLACEMENT_3D ( 'NONE', #4157, #9779, #9443 ) ;
#10567 = AXIS2_PLACEMENT_3D ( 'NONE', #4398, #7952, #893 ) ;
#10568 = CARTESIAN_POINT ( 'NONE',  ( 15.63027488033813128, 94.12768161796608979, 6.685395064247937391 ) ) ;
#10569 = AXIS2_PLACEMENT_3D ( 'NONE', #4775, #11073, #6689 ) ;
#10570 = CARTESIAN_POINT ( 'NONE',  ( -2.659385905683814055, 94.12768161796614663, 16.79070179011738517 ) ) ;
#10571 = VERTEX_POINT ( 'NONE', #9061 ) ;
#10572 = EDGE_CURVE ( 'NONE', #5812, #589, #10308, .T. ) ;
#10573 = ORIENTED_EDGE ( 'NONE', *, *, #7826, .T. ) ;
#10574 = VERTEX_POINT ( 'NONE', #9288 ) ;
#10575 = DIRECTION ( 'NONE',  ( -3.583126979299020263E-32, 1.000000000000000000, 3.111048790438776325E-16 ) ) ;
#10576 = CARTESIAN_POINT ( 'NONE',  ( 5.014963156889030493, 94.12768161796614663, 16.24346467152393814 ) ) ;
#10577 = DIRECTION ( 'NONE',  ( 2.658680605993137748E-32, -1.000000000000000000, -3.111048790438772381E-16 ) ) ;
#10578 = DIRECTION ( 'NONE',  ( 0.000000000000000000, 0.000000000000000000, -1.000000000000000000 ) ) ;
#10579 = CIRCLE ( 'NONE', #9089, 0.2500000000000006661 ) ;
#10580 = ORIENTED_EDGE ( 'NONE', *, *, #9953, .F. ) ;
#10581 = DIRECTION ( 'NONE',  ( -3.583126979299020263E-32, 1.000000000000000000, 3.111048790438776325E-16 ) ) ;
#10582 = CIRCLE ( 'NONE', #8542, 17.00000000000000000 ) ;
#10583 = AXIS2_PLACEMENT_3D ( 'NONE', #9588, #10564, #8782 ) ;
#10584 = EDGE_CURVE ( 'NONE', #4804, #598, #11079, .T. ) ;
#10585 = ADVANCED_FACE ( 'NONE', ( #11239 ), #3992, .F. ) ;
#10586 = VECTOR ( 'NONE', #8561, 1000.000000000000000 ) ;
#10587 = CARTESIAN_POINT ( 'NONE',  ( -15.95874067538736973, 1.095000000000012630, 5.858207580458060448 ) ) ;
#10588 = LINE ( 'NONE', #3441, #7816 ) ;
#10589 = AXIS2_PLACEMENT_3D ( 'NONE', #545, #4980, #9399 ) ;
#10590 = EDGE_LOOP ( 'NONE', ( #7372, #5963, #7244, #643 ) ) ;
#10591 = CARTESIAN_POINT ( 'NONE',  ( -1.540743955509788682E-30, 39.99999999999997868, 1.387778780781445676E-14 ) ) ;
#10592 = ORIENTED_EDGE ( 'NONE', *, *, #9098, .F. ) ;
#10593 = AXIS2_PLACEMENT_3D ( 'NONE', #7651, #6829, #4331 ) ;
#10594 = CYLINDRICAL_SURFACE ( 'NONE', #10222, 0.2500000000000002220 ) ;
#10595 = EDGE_CURVE ( 'NONE', #6349, #7406, #1371, .T. ) ;
#10596 = VERTEX_POINT ( 'NONE', #8603 ) ;
#10597 = AXIS2_PLACEMENT_3D ( 'NONE', #2633, #11262, #2460 ) ;
#10598 = AXIS2_PLACEMENT_3D ( 'NONE', #10485, #11312, #5085 ) ;
#10599 = DIRECTION ( 'NONE',  ( -3.583126979299020263E-32, 1.000000000000000000, 3.111048790438776325E-16 ) ) ;
#10600 = AXIS2_PLACEMENT_3D ( 'NONE', #1611, #10401, #7089 ) ;
#10601 = AXIS2_PLACEMENT_3D ( 'NONE', #8320, #9296, #4939 ) ;
#10602 = DIRECTION ( 'NONE',  ( 0.000000000000000000, 0.000000000000000000, 1.000000000000000000 ) ) ;
#10603 = VERTEX_POINT ( 'NONE', #2427 ) ;
#10604 = ORIENTED_EDGE ( 'NONE', *, *, #11305, .F. ) ;
#10605 = EDGE_LOOP ( 'NONE', ( #434, #7940, #2126, #1972 ) ) ;
#10606 = SURFACE_STYLE_FILL_AREA ( #8165 ) ;
#10607 = CIRCLE ( 'NONE', #2051, 0.2500000000000002220 ) ;
#10608 = ORIENTED_EDGE ( 'NONE', *, *, #1148, .T. ) ;
#10609 = VECTOR ( 'NONE', #7796, 1000.000000000000000 ) ;
#10610 = DIRECTION ( 'NONE',  ( 1.651002285577378281E-16, 0.7071067811865484609, -0.7071067811865465735 ) ) ;
#10611 = VERTEX_POINT ( 'NONE', #4986 ) ;
#10612 = EDGE_CURVE ( 'NONE', #4194, #6715, #554, .T. ) ;
#10613 = CARTESIAN_POINT ( 'NONE',  ( -1.540743955509788682E-30, 39.99999999999997868, 1.387778780781445676E-14 ) ) ;
#10614 = FACE_OUTER_BOUND ( 'NONE', #8167, .T. ) ;
#10615 = CIRCLE ( 'NONE', #2625, 0.2500000000000002220 ) ;
#10616 = AXIS2_PLACEMENT_3D ( 'NONE', #7791, #1607, #11512 ) ;
#10617 = FACE_OUTER_BOUND ( 'NONE', #11268, .T. ) ;
#10618 = AXIS2_PLACEMENT_3D ( 'NONE', #6099, #10565, #896 ) ;
#10619 = CIRCLE ( 'NONE', #2245, 17.00000000000000355 ) ;
#10620 = EDGE_CURVE ( 'NONE', #2667, #11080, #4810, .T. ) ;
#10621 = DIRECTION ( 'NONE',  ( 1.837426895219298778E-31, -1.000000000000000000, -3.111048790438772381E-16 ) ) ;
#10622 = EDGE_LOOP ( 'NONE', ( #8397, #1801, #5847, #820 ) ) ;
#10623 = ORIENTED_EDGE ( 'NONE', *, *, #3382, .F. ) ;
#10624 = ORIENTED_EDGE ( 'NONE', *, *, #5400, .T. ) ;
#10625 = AXIS2_PLACEMENT_3D ( 'NONE', #7447, #3717, #4599 ) ;
#10626 = DIRECTION ( 'NONE',  ( -1.613839565122628308E-31, -1.000000000000000000, -3.111048790438776325E-16 ) ) ;
#10627 = CARTESIAN_POINT ( 'NONE',  ( -0.8897112561299327371, 1.095000000000012630, 16.72670209082776438 ) ) ;
#10628 = DIRECTION ( 'NONE',  ( 0.000000000000000000, 0.000000000000000000, -1.000000000000000000 ) ) ;
#10629 = CARTESIAN_POINT ( 'NONE',  ( -10.89157104706445089, 94.12768161796608979, 13.05272692301299386 ) ) ;
#10630 = CARTESIAN_POINT ( 'NONE',  ( 7.717838495572404867, 1.095000000000012630, 15.14711091120219599 ) ) ;
#10631 = CIRCLE ( 'NONE', #3930, 17.00000000000000000 ) ;
#10632 = CIRCLE ( 'NONE', #11408, 0.2500000000000002220 ) ;
#10633 = DIRECTION ( 'NONE',  ( -1.110223024625156540E-16, -2.384312453768320838E-16, 1.000000000000000000 ) ) ;
#10634 = AXIS2_PLACEMENT_3D ( 'NONE', #11126, #511, #4950 ) ;
#10635 = CARTESIAN_POINT ( 'NONE',  ( -1.540743955509788682E-30, 39.99999999999997868, 1.387778780781445676E-14 ) ) ;
#10636 = ORIENTED_EDGE ( 'NONE', *, *, #2786, .F. ) ;
#10637 = VERTEX_POINT ( 'NONE', #1248 ) ;
#10638 = ORIENTED_EDGE ( 'NONE', *, *, #9311, .T. ) ;
#10639 = ORIENTED_EDGE ( 'NONE', *, *, #7575, .T. ) ;
#10640 = CARTESIAN_POINT ( 'NONE',  ( -16.42073904691413233, 1.095000000000012630, 4.149923766742932507 ) ) ;
#10641 = CARTESIAN_POINT ( 'NONE',  ( -1.540743955509788682E-30, -3.904999999999991811, 6.938893903907228378E-15 ) ) ;
#10642 = FACE_OUTER_BOUND ( 'NONE', #5037, .T. ) ;
#10643 = EDGE_CURVE ( 'NONE', #974, #2440, #7163, .T. ) ;
#10644 = EDGE_CURVE ( 'NONE', #9751, #9034, #11168, .T. ) ;
#10645 = ORIENTED_EDGE ( 'NONE', *, *, #3340, .F. ) ;
#10646 = DIRECTION ( 'NONE',  ( -1.110223024625156540E-16, -3.061276722312011998E-16, 1.000000000000000000 ) ) ;
#10647 = AXIS2_PLACEMENT_3D ( 'NONE', #1322, #5761, #10166 ) ;
#10648 = CIRCLE ( 'NONE', #8800, 0.2500000000000002220 ) ;
#10649 = EDGE_CURVE ( 'NONE', #705, #4221, #8658, .T. ) ;
#10650 = DIRECTION ( 'NONE',  ( 0.000000000000000000, 0.000000000000000000, 1.000000000000000000 ) ) ;
#10651 = LINE ( 'NONE', #9725, #732 ) ;
#10652 = VECTOR ( 'NONE', #7908, 1000.000000000000000 ) ;
#10653 = EDGE_CURVE ( 'NONE', #3917, #8444, #1399, .T. ) ;
#10654 = VERTEX_POINT ( 'NONE', #2358 ) ;
#10655 = ORIENTED_EDGE ( 'NONE', *, *, #6694, .T. ) ;
#10656 = CARTESIAN_POINT ( 'NONE',  ( -1.540743955509788682E-30, -3.904999999999991811, 6.938893903907228378E-15 ) ) ;
#10657 = ORIENTED_EDGE ( 'NONE', *, *, #4549, .F. ) ;
#10658 = CARTESIAN_POINT ( 'NONE',  ( -9.258863595255469647, 94.12768161796608979, -14.25739965507215246 ) ) ;
#10659 = DIRECTION ( 'NONE',  ( 0.000000000000000000, 0.000000000000000000, 1.000000000000000000 ) ) ;
#10660 = EDGE_LOOP ( 'NONE', ( #4205, #5913, #2991, #1993 ) ) ;
#10661 = EDGE_CURVE ( 'NONE', #4359, #4734, #11085, .T. ) ;
#10662 = DIRECTION ( 'NONE',  ( -1.110223024625156540E-16, -3.061276722312012491E-16, 1.000000000000000000 ) ) ;
#10663 = ADVANCED_FACE ( 'NONE', ( #3301 ), #10211, .F. ) ;
#10664 = DIRECTION ( 'NONE',  ( 0.000000000000000000, 0.000000000000000000, 1.000000000000000000 ) ) ;
#10665 = EDGE_CURVE ( 'NONE', #1843, #5893, #7359, .T. ) ;
#10666 = CARTESIAN_POINT ( 'NONE',  ( 9.992349288972148358, 94.12768161796620348, 13.50328890437405782 ) ) ;
#10667 = ADVANCED_FACE ( 'NONE', ( #9355 ), #7925, .T. ) ;
#10668 = EDGE_CURVE ( 'NONE', #9962, #9153, #3082, .T. ) ;
#10669 = ADVANCED_FACE ( 'NONE', ( #2303 ), #5870, .T. ) ;
#10670 = EDGE_CURVE ( 'NONE', #2153, #4159, #6067, .T. ) ;
#10671 = ORIENTED_EDGE ( 'NONE', *, *, #3825, .F. ) ;
#10672 = ORIENTED_EDGE ( 'NONE', *, *, #2483, .F. ) ;
#10673 = ORIENTED_EDGE ( 'NONE', *, *, #4243, .T. ) ;
#10674 = DIRECTION ( 'NONE',  ( -1.110223024625156540E-16, -3.061276722312012491E-16, 1.000000000000000000 ) ) ;
#10675 = ORIENTED_EDGE ( 'NONE', *, *, #3560, .T. ) ;
#10676 = LINE ( 'NONE', #6253, #673 ) ;
#10677 = FACE_OUTER_BOUND ( 'NONE', #2977, .T. ) ;
#10678 = FACE_OUTER_BOUND ( 'NONE', #3463, .T. ) ;
#10679 = CARTESIAN_POINT ( 'NONE',  ( -16.42073904691413233, -3.904999999999963833, 4.399923766742926290 ) ) ;
#10680 = APPLICATION_CONTEXT ( 'automotive_design' ) ;
#10681 = CYLINDRICAL_SURFACE ( 'NONE', #4653, 17.00000000000000355 ) ;
#10682 = ORIENTED_EDGE ( 'NONE', *, *, #11098, .F. ) ;
#10683 = ORIENTED_EDGE ( 'NONE', *, *, #2186, .F. ) ;
#10684 = ORIENTED_EDGE ( 'NONE', *, *, #4312, .T. ) ;
#10685 = DIRECTION ( 'NONE',  ( -1.347253678332314469E-32, -1.000000000000000000, -3.111048790438772381E-16 ) ) ;
#10686 = CARTESIAN_POINT ( 'NONE',  ( -8.499999999999905853, 1.095000000000012630, 14.72243186433550655 ) ) ;
#10687 = DIRECTION ( 'NONE',  ( -1.110223024625156540E-16, -3.111048790438772381E-16, 1.000000000000000000 ) ) ;
#10688 = DIRECTION ( 'NONE',  ( 0.000000000000000000, 0.000000000000000000, -1.000000000000000000 ) ) ;
#10689 = FACE_OUTER_BOUND ( 'NONE', #8935, .T. ) ;
#10690 = EDGE_CURVE ( 'NONE', #11488, #6940, #468, .T. ) ;
#10691 = CARTESIAN_POINT ( 'NONE',  ( 0.000000000000000000, -22.40499999999997982, -6.938893903907228378E-15 ) ) ;
#10692 = VECTOR ( 'NONE', #6796, 1000.000000000000000 ) ;
#10693 = DIRECTION ( 'NONE',  ( 0.000000000000000000, 0.000000000000000000, 1.000000000000000000 ) ) ;
#10694 = ORIENTED_EDGE ( 'NONE', *, *, #8349, .T. ) ;
#10695 = EDGE_LOOP ( 'NONE', ( #582, #5233, #9154, #7584 ) ) ;
#10696 = EDGE_LOOP ( 'NONE', ( #7978, #6781, #10991, #7827 ) ) ;
#10697 = ORIENTED_EDGE ( 'NONE', *, *, #7996, .F. ) ;
#10698 = CARTESIAN_POINT ( 'NONE',  ( 15.53027277992426214, 1.095000000000012630, 6.914522932288467594 ) ) ;
#10699 = CARTESIAN_POINT ( 'NONE',  ( -2.025415480195144724, -3.904999999999991811, 16.87891264663058521 ) ) ;
#10700 = DIRECTION ( 'NONE',  ( -3.583126979299020263E-32, 1.000000000000000000, 3.111048790438776325E-16 ) ) ;
#10701 = CARTESIAN_POINT ( 'NONE',  ( 16.82799374557760075, 1.095000000000040385, 2.412182932283679637 ) ) ;
#10702 = EDGE_LOOP ( 'NONE', ( #4930, #8322, #7472, #7399 ) ) ;
#10703 = CARTESIAN_POINT ( 'NONE',  ( -1.540743955509788682E-30, 39.99999999999997868, 1.387778780781445676E-14 ) ) ;
#10704 = LINE ( 'NONE', #9942, #8224 ) ;
#10705 = EDGE_CURVE ( 'NONE', #11357, #9831, #11415, .T. ) ;
#10706 = FACE_OUTER_BOUND ( 'NONE', #8085, .T. ) ;
#10707 = FACE_OUTER_BOUND ( 'NONE', #6031, .T. ) ;
#10708 = ORIENTED_EDGE ( 'NONE', *, *, #341, .F. ) ;
#10709 = VECTOR ( 'NONE', #6949, 1000.000000000000000 ) ;
#10710 = DIRECTION ( 'NONE',  ( 0.000000000000000000, 0.000000000000000000, -1.000000000000000000 ) ) ;
#10711 = EDGE_LOOP ( 'NONE', ( #5720, #3765, #7198, #3661 ) ) ;
#10712 = CARTESIAN_POINT ( 'NONE',  ( -1.540743955509788682E-30, 1.095000000000012630, 0.000000000000000000 ) ) ;
#10713 = EDGE_LOOP ( 'NONE', ( #2208, #7991, #6189, #10223 ) ) ;
#10714 = CARTESIAN_POINT ( 'NONE',  ( -1.540743955509788682E-30, -3.904999999999991811, 6.938893903907228378E-15 ) ) ;
#10715 = LINE ( 'NONE', #8155, #3912 ) ;
#10716 = ORIENTED_EDGE ( 'NONE', *, *, #2980, .T. ) ;
#10717 = AXIS2_PLACEMENT_3D ( 'NONE', #8696, #6204, #7000 ) ;
#10718 = CARTESIAN_POINT ( 'NONE',  ( -1.540743955509788682E-30, -3.904999999999991811, 6.938893903907228378E-15 ) ) ;
#10719 = EDGE_CURVE ( 'NONE', #8327, #3444, #842, .T. ) ;
#10720 = DIRECTION ( 'NONE',  ( -3.583126979299020263E-32, 1.000000000000000000, 3.111048790438776325E-16 ) ) ;
#10721 = VERTEX_POINT ( 'NONE', #3365 ) ;
#10722 = EDGE_LOOP ( 'NONE', ( #5315, #2524, #10422, #8162 ) ) ;
#10723 = ORIENTED_EDGE ( 'NONE', *, *, #3620, .F. ) ;
#10724 = DIRECTION ( 'NONE',  ( -1.613839565122628308E-31, -1.000000000000000000, -3.111048790438776325E-16 ) ) ;
#10725 = EDGE_CURVE ( 'NONE', #6525, #2879, #3267, .T. ) ;
#10726 = ORIENTED_EDGE ( 'NONE', *, *, #2557, .F. ) ;
#10727 = ORIENTED_EDGE ( 'NONE', *, *, #2045, .T. ) ;
#10728 = LINE ( 'NONE', #260, #5198 ) ;
#10729 = CYLINDRICAL_SURFACE ( 'NONE', #4451, 0.2500000000000002220 ) ;
#10730 = CYLINDRICAL_SURFACE ( 'NONE', #49, 0.2500000000000002220 ) ;
#10731 = EDGE_CURVE ( 'NONE', #3831, #4146, #5333, .T. ) ;
#10732 = ADVANCED_FACE ( 'NONE', ( #11346 ), #723, .T. ) ;
#10733 = ADVANCED_FACE ( 'NONE', ( #5224 ), #793, .T. ) ;
#10734 = VECTOR ( 'NONE', #4704, 1000.000000000000000 ) ;
#10735 = DIRECTION ( 'NONE',  ( 0.000000000000000000, 0.000000000000000000, -1.000000000000000000 ) ) ;
#10736 = ORIENTED_EDGE ( 'NONE', *, *, #3162, .T. ) ;
#10737 = EDGE_LOOP ( 'NONE', ( #415, #9362, #11297, #7937 ) ) ;
#10738 = EDGE_LOOP ( 'NONE', ( #6023, #9619, #8294, #10873 ) ) ;
#10739 = CARTESIAN_POINT ( 'NONE',  ( 15.77956154453768711, -3.904999999999991811, 6.324985174855912717 ) ) ;
#10740 = DIRECTION ( 'NONE',  ( -3.583126979299020263E-32, 1.000000000000000000, 3.111048790438776325E-16 ) ) ;
#10741 = DIRECTION ( 'NONE',  ( -3.583126979299020263E-32, 1.000000000000000000, 3.111048790438776325E-16 ) ) ;
#10742 = CARTESIAN_POINT ( 'NONE',  ( -1.540743955509788682E-30, 1.095000000000012630, 0.000000000000000000 ) ) ;
#10743 = CARTESIAN_POINT ( 'NONE',  ( 16.16796077701764389, -3.904999999999991811, 5.253288904373959234 ) ) ;
#10744 = EDGE_CURVE ( 'NONE', #4159, #438, #3459, .T. ) ;
#10745 = AXIS2_PLACEMENT_3D ( 'NONE', #7360, #10916, #8077 ) ;
#10746 = CYLINDRICAL_SURFACE ( 'NONE', #9798, 6.000000000000006217 ) ;
#10747 = CARTESIAN_POINT ( 'NONE',  ( -9.048200446567340904, -3.904999999999991811, 14.39201405914888099 ) ) ;
#10748 = ORIENTED_EDGE ( 'NONE', *, *, #1823, .T. ) ;
#10749 = ORIENTED_EDGE ( 'NONE', *, *, #2928, .T. ) ;
#10750 = ORIENTED_EDGE ( 'NONE', *, *, #9917, .T. ) ;
#10751 = ORIENTED_EDGE ( 'NONE', *, *, #10349, .F. ) ;
#10752 = DIRECTION ( 'NONE',  ( -3.583126979299020263E-32, 1.000000000000000000, 3.111048790438776325E-16 ) ) ;
#10753 = CARTESIAN_POINT ( 'NONE',  ( -6.324985174855961567, -3.904999999999991811, 15.77956154453768356 ) ) ;
#10754 = FACE_OUTER_BOUND ( 'NONE', #361, .T. ) ;
#10755 = ORIENTED_EDGE ( 'NONE', *, *, #839, .F. ) ;
#10756 = FACE_OUTER_BOUND ( 'NONE', #10009, .T. ) ;
#10757 = CIRCLE ( 'NONE', #5563, 17.00000000000000355 ) ;
#10758 = CIRCLE ( 'NONE', #10177, 0.2500000000000002220 ) ;
#10759 = AXIS2_PLACEMENT_3D ( 'NONE', #9733, #8858, #866 ) ;
#10760 = CARTESIAN_POINT ( 'NONE',  ( -16.48366646006518366, 1.095000000000012630, -4.157973067892783980 ) ) ;
#10761 = CIRCLE ( 'NONE', #779, 12.00000000000000355 ) ;
#10762 = DIRECTION ( 'NONE',  ( -1.110223024625156540E-16, -3.061276722312011998E-16, 1.000000000000000000 ) ) ;
#10763 = EDGE_CURVE ( 'NONE', #7793, #11324, #2330, .T. ) ;
#10764 = VERTEX_POINT ( 'NONE', #4349 ) ;
#10765 = DIRECTION ( 'NONE',  ( -1.613839565122628308E-31, -1.000000000000000000, -3.111048790438776325E-16 ) ) ;
#10766 = VERTEX_POINT ( 'NONE', #9585 ) ;
#10767 = CARTESIAN_POINT ( 'NONE',  ( 11.37522030810043283, 94.12768161796608979, -12.63346203311580673 ) ) ;
#10768 = CONICAL_SURFACE ( 'NONE', #5569, 16.00000000000000711, 0.1221730476396036685 ) ;
#10769 = DIRECTION ( 'NONE',  ( -1.110223024625156540E-16, -3.061276722312012491E-16, 1.000000000000000000 ) ) ;
#10770 = ORIENTED_EDGE ( 'NONE', *, *, #2332, .T. ) ;
#10771 = CIRCLE ( 'NONE', #5755, 17.00000000000000000 ) ;
#10772 = CARTESIAN_POINT ( 'NONE',  ( -1.540743955509788682E-30, 39.99999999999997868, 1.387778780781445676E-14 ) ) ;
#10773 = DIRECTION ( 'NONE',  ( 0.000000000000000000, 0.000000000000000000, -1.000000000000000000 ) ) ;
#10774 = EDGE_LOOP ( 'NONE', ( #9568, #5376, #10624, #11095 ) ) ;
#10775 = CIRCLE ( 'NONE', #2956, 17.00000000000000000 ) ;
#10776 = AXIS2_PLACEMENT_3D ( 'NONE', #824, #5321, #6896 ) ;
#10777 = LINE ( 'NONE', #9079, #3928 ) ;
#10778 = CIRCLE ( 'NONE', #3158, 17.00000000000000355 ) ;
#10779 = CYLINDRICAL_SURFACE ( 'NONE', #3524, 0.2500000000000002220 ) ;
#10780 = ORIENTED_EDGE ( 'NONE', *, *, #6402, .T. ) ;
#10781 = AXIS2_PLACEMENT_3D ( 'NONE', #4343, #9528, #7896 ) ;
#10782 = EDGE_LOOP ( 'NONE', ( #10655, #9284, #10123, #798 ) ) ;
#10783 = ORIENTED_EDGE ( 'NONE', *, *, #8702, .F. ) ;
#10784 = DIRECTION ( 'NONE',  ( -3.583126979299020263E-32, 1.000000000000000000, 3.111048790438776325E-16 ) ) ;
#10785 = EDGE_LOOP ( 'NONE', ( #6094, #11223, #4888, #7430 ) ) ;
#10786 = ORIENTED_EDGE ( 'NONE', *, *, #9805, .T. ) ;
#10787 = EDGE_CURVE ( 'NONE', #3079, #7781, #2594, .T. ) ;
#10788 = EDGE_LOOP ( 'NONE', ( #7298, #587, #6506, #4201 ) ) ;
#10789 = CIRCLE ( 'NONE', #5402, 17.00000000000000355 ) ;
#10790 = DIRECTION ( 'NONE',  ( -1.110223024625156540E-16, -3.061276722312012491E-16, 1.000000000000000000 ) ) ;
#10791 = DIRECTION ( 'NONE',  ( 0.000000000000000000, 0.000000000000000000, -1.000000000000000000 ) ) ;
#10792 = CARTESIAN_POINT ( 'NONE',  ( 0.8897112561301585565, -3.904999999999991811, 16.97670209082773596 ) ) ;
#10793 = AXIS2_PLACEMENT_3D ( 'NONE', #4207, #6028, #7762 ) ;
#10794 = AXIS2_PLACEMENT_3D ( 'NONE', #3998, #10111, #2136 ) ;
#10795 = EDGE_CURVE ( 'NONE', #192, #9880, #2902, .T. ) ;
#10796 = EDGE_CURVE ( 'NONE', #4153, #10603, #7731, .T. ) ;
#10797 = AXIS2_PLACEMENT_3D ( 'NONE', #2388, #11382, #7881 ) ;
#10798 = VECTOR ( 'NONE', #7565, 1000.000000000000000 ) ;
#10799 = CARTESIAN_POINT ( 'NONE',  ( 10.50300857072167027, 1.095000000000068141, -13.36737861225405233 ) ) ;
#10800 = EDGE_LOOP ( 'NONE', ( #3626, #2326, #3062, #8692 ) ) ;
#10801 = ORIENTED_EDGE ( 'NONE', *, *, #10321, .F. ) ;
#10802 = EDGE_CURVE ( 'NONE', #2879, #315, #6097, .T. ) ;
#10803 = ORIENTED_EDGE ( 'NONE', *, *, #11528, .F. ) ;
#10804 = AXIS2_PLACEMENT_3D ( 'NONE', #4560, #10724, #6415 ) ;
#10805 = DIRECTION ( 'NONE',  ( -3.583126979299020263E-32, 1.000000000000000000, 3.111048790438776325E-16 ) ) ;
#10806 = FACE_OUTER_BOUND ( 'NONE', #8282, .T. ) ;
#10807 = AXIS2_PLACEMENT_3D ( 'NONE', #6558, #3182, #4871 ) ;
#10808 = DIRECTION ( 'NONE',  ( -6.277634335963632232E-32, -1.000000000000000000, -3.111048790438776325E-16 ) ) ;
#10809 = DIRECTION ( 'NONE',  ( -3.583126979299020263E-32, 1.000000000000000000, 3.111048790438776325E-16 ) ) ;
#10810 = VERTEX_POINT ( 'NONE', #10627 ) ;
#10811 = DIRECTION ( 'NONE',  ( -1.110223024625156540E-16, -3.061276722312012491E-16, 1.000000000000000000 ) ) ;
#10812 = AXIS2_PLACEMENT_3D ( 'NONE', #5086, #2386, #9559 ) ;
#10813 = EDGE_CURVE ( 'NONE', #3541, #4629, #7170, .T. ) ;
#10814 = EDGE_CURVE ( 'NONE', #10493, #3116, #3468, .T. ) ;
#10815 = VECTOR ( 'NONE', #10990, 1000.000000000000000 ) ;
#10816 = DIRECTION ( 'NONE',  ( -3.583126979299020263E-32, 1.000000000000000000, 3.111048790438776325E-16 ) ) ;
#10817 = EDGE_CURVE ( 'NONE', #5985, #2397, #9030, .T. ) ;
#10818 = CIRCLE ( 'NONE', #9327, 17.00000000000000355 ) ;
#10819 = CYLINDRICAL_SURFACE ( 'NONE', #8209, 0.2500000000000002220 ) ;
#10820 = CIRCLE ( 'NONE', #7854, 0.2500000000000002220 ) ;
#10821 = VERTEX_POINT ( 'NONE', #1774 ) ;
#10822 = ORIENTED_EDGE ( 'NONE', *, *, #10052, .T. ) ;
#10823 = AXIS2_PLACEMENT_3D ( 'NONE', #818, #1692, #6994 ) ;
#10824 = EDGE_CURVE ( 'NONE', #3561, #1357, #2145, .T. ) ;
#10825 = ORIENTED_EDGE ( 'NONE', *, *, #4906, .F. ) ;
#10826 = CARTESIAN_POINT ( 'NONE',  ( 16.79070179011734965, -3.904999999999963833, 2.409385905683770979 ) ) ;
#10827 = LINE ( 'NONE', #5474, #6542 ) ;
#10828 = CARTESIAN_POINT ( 'NONE',  ( -12.19628736797970170, 94.12768161796608979, -11.84274353507908728 ) ) ;
#10829 = ORIENTED_EDGE ( 'NONE', *, *, #9802, .T. ) ;
#10830 = CARTESIAN_POINT ( 'NONE',  ( -1.540743955509788682E-30, 1.095000000000012630, 0.000000000000000000 ) ) ;
#10831 = CIRCLE ( 'NONE', #5996, 17.00000000000000000 ) ;
#10832 = AXIS2_PLACEMENT_3D ( 'NONE', #121, #3663, #9070 ) ;
#10833 = CIRCLE ( 'NONE', #1328, 0.2500000000000004441 ) ;
#10834 = AXIS2_PLACEMENT_3D ( 'NONE', #5665, #3670, #8157 ) ;
#10835 = CARTESIAN_POINT ( 'NONE',  ( 15.77956154453772086, 94.12768161796614663, 6.324985174855843439 ) ) ;
#10836 = AXIS2_PLACEMENT_3D ( 'NONE', #6498, #9937, #1845 ) ;
#10837 = DIRECTION ( 'NONE',  ( -3.583126979299020263E-32, 1.000000000000000000, 3.111048790438776325E-16 ) ) ;
#10838 = ORIENTED_EDGE ( 'NONE', *, *, #5114, .F. ) ;
#10839 = LINE ( 'NONE', #1156, #9141 ) ;
#10840 = EDGE_CURVE ( 'NONE', #7123, #2011, #8108, .T. ) ;
#10841 = ORIENTED_EDGE ( 'NONE', *, *, #3581, .F. ) ;
#10842 = AXIS2_PLACEMENT_3D ( 'NONE', #6871, #5300, #1619 ) ;
#10843 = CARTESIAN_POINT ( 'NONE',  ( 7.494258344863214738, 1.095000000000012630, 15.25896758828879030 ) ) ;
#10844 = CARTESIAN_POINT ( 'NONE',  ( -1.540743955509788682E-30, -3.904999999999991811, 6.938893903907228378E-15 ) ) ;
#10845 = ORIENTED_EDGE ( 'NONE', *, *, #65, .T. ) ;
#10846 = EDGE_CURVE ( 'NONE', #6349, #5373, #7547, .T. ) ;
#10847 = DIRECTION ( 'NONE',  ( 1.837426895219298997E-31, -1.000000000000000000, -3.111048790438772381E-16 ) ) ;
#10848 = CIRCLE ( 'NONE', #5831, 0.2500000000000002220 ) ;
#10849 = DIRECTION ( 'NONE',  ( 3.583126979299020263E-32, -1.000000000000000000, -3.111048790438776325E-16 ) ) ;
#10850 = ORIENTED_EDGE ( 'NONE', *, *, #3607, .T. ) ;
#10851 = EDGE_LOOP ( 'NONE', ( #973, #7500, #3650, #5146 ) ) ;
#10852 = ORIENTED_EDGE ( 'NONE', *, *, #996, .F. ) ;
#10853 = CARTESIAN_POINT ( 'NONE',  ( -13.60485940014283557, -3.904999999999963833, 10.19351758238270378 ) ) ;
#10854 = EDGE_LOOP ( 'NONE', ( #1665, #9183, #5921, #9412 ) ) ;
#10855 = ORIENTED_EDGE ( 'NONE', *, *, #1570, .F. ) ;
#10856 = ORIENTED_EDGE ( 'NONE', *, *, #6359, .T. ) ;
#10857 = DIRECTION ( 'NONE',  ( -1.110223024625156540E-16, -2.416513404996970354E-16, 1.000000000000000000 ) ) ;
#10858 = DIRECTION ( 'NONE',  ( -3.583126979299015884E-32, 1.000000000000000000, 3.111048790438772381E-16 ) ) ;
#10859 = FACE_OUTER_BOUND ( 'NONE', #10737, .T. ) ;
#10860 = EDGE_CURVE ( 'NONE', #9815, #5813, #2529, .T. ) ;
#10861 = FACE_OUTER_BOUND ( 'NONE', #5910, .T. ) ;
#10862 = ORIENTED_EDGE ( 'NONE', *, *, #7745, .T. ) ;
#10863 = VERTEX_POINT ( 'NONE', #7361 ) ;
#10864 = VERTEX_POINT ( 'NONE', #10026 ) ;
#10865 = DIRECTION ( 'NONE',  ( 0.000000000000000000, 0.000000000000000000, -1.000000000000000000 ) ) ;
#10866 = FACE_OUTER_BOUND ( 'NONE', #2511, .T. ) ;
#10867 = CARTESIAN_POINT ( 'NONE',  ( -16.87891264663055679, -3.904999999999963833, 2.025415480195323692 ) ) ;
#10868 = ORIENTED_EDGE ( 'NONE', *, *, #10412, .T. ) ;
#10869 = DIRECTION ( 'NONE',  ( -3.583126979299020263E-32, 1.000000000000000000, 3.111048790438776325E-16 ) ) ;
#10870 = CARTESIAN_POINT ( 'NONE',  ( -10.69844664784715604, -3.904999999999991811, 12.96148134476856484 ) ) ;
#10871 = EDGE_CURVE ( 'NONE', #5289, #589, #9804, .T. ) ;
#10872 = CARTESIAN_POINT ( 'NONE',  ( 9.258863595255563794, 1.095000000000012630, 14.00739965507213292 ) ) ;
#10873 = ORIENTED_EDGE ( 'NONE', *, *, #547, .F. ) ;
#10874 = VERTEX_POINT ( 'NONE', #95 ) ;
#10875 = ORIENTED_EDGE ( 'NONE', *, *, #5991, .F. ) ;
#10876 = CARTESIAN_POINT ( 'NONE',  ( 14.39201405914881882, 94.12768161796608979, 9.048200446567427946 ) ) ;
#10877 = CARTESIAN_POINT ( 'NONE',  ( -1.540743955509788682E-30, 39.99999999999997868, 1.387778780781445676E-14 ) ) ;
#10878 = DIRECTION ( 'NONE',  ( -3.583126979299020263E-32, 1.000000000000000000, 3.111048790438776325E-16 ) ) ;
#10879 = ADVANCED_FACE ( 'NONE', ( #4522 ), #5511, .T. ) ;
#10880 = VERTEX_POINT ( 'NONE', #8247 ) ;
#10881 = DIRECTION ( 'NONE',  ( 3.583126979299020263E-32, -1.000000000000000000, -3.111048790438776325E-16 ) ) ;
#10882 = EDGE_CURVE ( 'NONE', #8669, #11078, #1963, .T. ) ;
#10883 = ADVANCED_FACE ( 'NONE', ( #10806 ), #3856, .T. ) ;
#10884 = DIRECTION ( 'NONE',  ( 0.000000000000000000, 0.000000000000000000, 1.000000000000000000 ) ) ;
#10885 = EDGE_CURVE ( 'NONE', #9912, #10766, #3828, .T. ) ;
#10886 = DIRECTION ( 'NONE',  ( 0.000000000000000000, 0.000000000000000000, -1.000000000000000000 ) ) ;
#10887 = CARTESIAN_POINT ( 'NONE',  ( -1.540743955509788682E-30, 1.095000000000012630, 0.000000000000000000 ) ) ;
#10888 = DIRECTION ( 'NONE',  ( 0.000000000000000000, 0.000000000000000000, -1.000000000000000000 ) ) ;
#10889 = DIRECTION ( 'NONE',  ( -3.583126979299020263E-32, 1.000000000000000000, 3.111048790438776325E-16 ) ) ;
#10890 = ORIENTED_EDGE ( 'NONE', *, *, #1088, .F. ) ;
#10891 = FACE_OUTER_BOUND ( 'NONE', #8376, .T. ) ;
#10892 = DIRECTION ( 'NONE',  ( -1.110223024625156540E-16, -4.081702296416015997E-16, 1.000000000000000000 ) ) ;
#10893 = VECTOR ( 'NONE', #979, 1000.000000000000000 ) ;
#10894 = LINE ( 'NONE', #5541, #9312 ) ;
#10895 = ORIENTED_EDGE ( 'NONE', *, *, #354, .T. ) ;
#10896 = DIRECTION ( 'NONE',  ( 0.000000000000000000, 0.000000000000000000, -1.000000000000000000 ) ) ;
#10897 = AXIS2_PLACEMENT_3D ( 'NONE', #9232, #3941, #1599 ) ;
#10898 = DIRECTION ( 'NONE',  ( -3.583126979299020263E-32, 1.000000000000000000, 3.111048790438776325E-16 ) ) ;
#10899 = ORIENTED_EDGE ( 'NONE', *, *, #5993, .F. ) ;
#10900 = EDGE_LOOP ( 'NONE', ( #9789, #6790, #7070, #9227 ) ) ;
#10901 = CARTESIAN_POINT ( 'NONE',  ( -16.24346467152389550, 1.095000000000040385, -5.014963156889075790 ) ) ;
#10902 = ORIENTED_EDGE ( 'NONE', *, *, #3478, .F. ) ;
#10903 = ADVANCED_FACE ( 'NONE', ( #7312 ), #9106, .F. ) ;
#10904 = EDGE_LOOP ( 'NONE', ( #3039, #1478, #1211, #4405 ) ) ;
#10905 = ORIENTED_EDGE ( 'NONE', *, *, #5637, .F. ) ;
#10906 = DIRECTION ( 'NONE',  ( 8.513507636930336930E-32, -1.000000000000000000, -3.111048790438772381E-16 ) ) ;
#10907 = FACE_OUTER_BOUND ( 'NONE', #10696, .T. ) ;
#10908 = AXIS2_PLACEMENT_3D ( 'NONE', #876, #11395, #11273 ) ;
#10909 = LINE ( 'NONE', #2927, #1519 ) ;
#10910 = AXIS2_PLACEMENT_3D ( 'NONE', #1265, #5663, #10170 ) ;
#10911 = CARTESIAN_POINT ( 'NONE',  ( -0.6399644156865778033, -3.904999999999991811, 16.98795001012939210 ) ) ;
#10912 = ORIENTED_EDGE ( 'NONE', *, *, #3798, .T. ) ;
#10913 = ORIENTED_EDGE ( 'NONE', *, *, #8199, .F. ) ;
#10914 = EDGE_CURVE ( 'NONE', #5050, #7216, #8487, .T. ) ;
#10915 = EDGE_LOOP ( 'NONE', ( #10780, #3037, #4967, #1608 ) ) ;
#10916 = DIRECTION ( 'NONE',  ( -8.742824664779295218E-32, -1.000000000000000000, -3.111048790438776325E-16 ) ) ;
#10917 = FACE_OUTER_BOUND ( 'NONE', #6609, .T. ) ;
#10918 = CARTESIAN_POINT ( 'NONE',  ( -8.500000000000008882, 1.095000000000068141, -14.72243186433544437 ) ) ;
#10919 = DIRECTION ( 'NONE',  ( -3.583126979299020263E-32, 1.000000000000000000, 3.111048790438776325E-16 ) ) ;
#10920 = ORIENTED_EDGE ( 'NONE', *, *, #4542, .F. ) ;
#10921 = ADVANCED_FACE ( 'NONE', ( #10866 ), #2708, .F. ) ;
#10922 = CARTESIAN_POINT ( 'NONE',  ( -11.55977147257034687, 94.12768161796608979, -12.46481782867072496 ) ) ;
#10923 = DIRECTION ( 'NONE',  ( 0.000000000000000000, 0.000000000000000000, 1.000000000000000000 ) ) ;
#10924 = CARTESIAN_POINT ( 'NONE',  ( 2.918587279715636211E-15, 39.99999999999998579, -12.49999999999999289 ) ) ;
#10925 = AXIS2_PLACEMENT_3D ( 'NONE', #8474, #9180, #2124 ) ;
#10926 = CARTESIAN_POINT ( 'NONE',  ( -1.540743955509788682E-30, 1.095000000000012630, 0.000000000000000000 ) ) ;
#10927 = DIRECTION ( 'NONE',  ( 1.110223024625156540E-16, 0.000000000000000000, -1.000000000000000000 ) ) ;
#10928 = EDGE_LOOP ( 'NONE', ( #8518, #4769, #5949, #7084 ) ) ;
#10929 = VERTEX_POINT ( 'NONE', #4745 ) ;
#10930 = ORIENTED_EDGE ( 'NONE', *, *, #4639, .T. ) ;
#10931 = DIRECTION ( 'NONE',  ( 0.000000000000000000, 0.000000000000000000, -1.000000000000000000 ) ) ;
#10932 = DIRECTION ( 'NONE',  ( -1.110223024625156540E-16, -2.560261641066388300E-16, 1.000000000000000000 ) ) ;
#10933 = DIRECTION ( 'NONE',  ( 0.000000000000000000, 0.000000000000000000, 1.000000000000000000 ) ) ;
#10934 = CARTESIAN_POINT ( 'NONE',  ( 15.14711091120231323, -3.904999999999991811, 7.467838495572157065 ) ) ;
#10935 = EDGE_CURVE ( 'NONE', #4208, #3621, #10140, .T. ) ;
#10936 = CARTESIAN_POINT ( 'NONE',  ( 8.500000000000113687, 94.12768161796620348, 14.47243186433541595 ) ) ;
#10937 = AXIS2_PLACEMENT_3D ( 'NONE', #11473, #8033, #10478 ) ;
#10938 = CARTESIAN_POINT ( 'NONE',  ( 1.540743955509788682E-30, -22.90500000000000824, -1.387778780781445676E-14 ) ) ;
#10939 = ADVANCED_FACE ( 'NONE', ( #7246 ), #9000, .F. ) ;
#10940 = CYLINDRICAL_SURFACE ( 'NONE', #5406, 0.2500000000000002220 ) ;
#10941 = ORIENTED_EDGE ( 'NONE', *, *, #5898, .T. ) ;
#10942 = FACE_OUTER_BOUND ( 'NONE', #9478, .T. ) ;
#10943 = DIRECTION ( 'NONE',  ( 0.000000000000000000, 0.000000000000000000, -1.000000000000000000 ) ) ;
#10944 = AXIS2_PLACEMENT_3D ( 'NONE', #5854, #5679, #10977 ) ;
#10945 = ORIENTED_EDGE ( 'NONE', *, *, #10077, .T. ) ;
#10946 = ADVANCED_FACE ( 'NONE', ( #1126 ), #4696, .F. ) ;
#10947 = CARTESIAN_POINT ( 'NONE',  ( -16.96178273941304937, 94.12768161796614663, 1.139265684969560599 ) ) ;
#10948 = CARTESIAN_POINT ( 'NONE',  ( 5.858207580457779784, 94.12768161796620348, -15.95874067538744967 ) ) ;
#10949 = EDGE_CURVE ( 'NONE', #3148, #7261, #268, .T. ) ;
#10950 = AXIS2_PLACEMENT_3D ( 'NONE', #11459, #5226, #4226 ) ;
#10951 = CARTESIAN_POINT ( 'NONE',  ( 6.092255142269897839, -3.904999999999936300, -15.87086725045251256 ) ) ;
#10952 = AXIS2_PLACEMENT_3D ( 'NONE', #405, #9145, #6458 ) ;
#10953 = AXIS2_PLACEMENT_3D ( 'NONE', #292, #4663, #2024 ) ;
#10954 = CARTESIAN_POINT ( 'NONE',  ( -1.540743955509788682E-30, -3.904999999999991811, 6.938893903907228378E-15 ) ) ;
#10955 = CARTESIAN_POINT ( 'NONE',  ( -15.03197847483550476, -3.904999999999936300, -7.939749563561922407 ) ) ;
#10956 = AXIS2_PLACEMENT_3D ( 'NONE', #5992, #6047, #10687 ) ;
#10957 = EDGE_LOOP ( 'NONE', ( #2822, #11092, #7358, #1122 ) ) ;
#10958 = ORIENTED_EDGE ( 'NONE', *, *, #5041, .F. ) ;
#10959 = ORIENTED_EDGE ( 'NONE', *, *, #5539, .F. ) ;
#10960 = DIRECTION ( 'NONE',  ( 0.000000000000000000, 0.000000000000000000, -1.000000000000000000 ) ) ;
#10961 = ORIENTED_EDGE ( 'NONE', *, *, #7164, .T. ) ;
#10962 = ADVANCED_FACE ( 'NONE', ( #10917 ), #9046, .T. ) ;
#10963 = CIRCLE ( 'NONE', #7985, 0.2500000000000002220 ) ;
#10964 = DIRECTION ( 'NONE',  ( -1.613839565122628308E-31, -1.000000000000000000, -3.111048790438776325E-16 ) ) ;
#10965 = CARTESIAN_POINT ( 'NONE',  ( -2.659385905683814055, -3.904999999999991811, 16.79070179011734609 ) ) ;
#10966 = VERTEX_POINT ( 'NONE', #8939 ) ;
#10967 = VECTOR ( 'NONE', #2746, 1000.000000000000000 ) ;
#10968 = LINE ( 'NONE', #196, #586 ) ;
#10969 = CIRCLE ( 'NONE', #4273, 0.2500000000000002220 ) ;
#10970 = VECTOR ( 'NONE', #1794, 1000.000000000000000 ) ;
#10971 = ORIENTED_EDGE ( 'NONE', *, *, #2809, .T. ) ;
#10972 = DIRECTION ( 'NONE',  ( -2.106877630885760906E-31, -1.000000000000000000, -3.111048790438772381E-16 ) ) ;
#10973 = ORIENTED_EDGE ( 'NONE', *, *, #3748, .T. ) ;
#10974 = ORIENTED_EDGE ( 'NONE', *, *, #9738, .F. ) ;
#10975 = EDGE_CURVE ( 'NONE', #9220, #9158, #119, .T. ) ;
#10976 = AXIS2_PLACEMENT_3D ( 'NONE', #6450, #1797, #172 ) ;
#10977 = DIRECTION ( 'NONE',  ( 0.000000000000000000, 0.000000000000000000, 1.000000000000000000 ) ) ;
#10978 = LINE ( 'NONE', #10142, #9215 ) ;
#10979 = DIRECTION ( 'NONE',  ( -3.583126979299020263E-32, 1.000000000000000000, 3.111048790438776325E-16 ) ) ;
#10980 = CARTESIAN_POINT ( 'NONE',  ( -7.939749563561864676, -3.904999999999991811, 15.03197847483556870 ) ) ;
#10981 = ORIENTED_EDGE ( 'NONE', *, *, #7627, .F. ) ;
#10982 = CARTESIAN_POINT ( 'NONE',  ( 8.282580384274432106, -3.904999999999991811, 14.84583652671794773 ) ) ;
#10983 = VECTOR ( 'NONE', #3445, 1000.000000000000000 ) ;
#10984 = EDGE_CURVE ( 'NONE', #112, #5906, #10978, .T. ) ;
#10985 = DIRECTION ( 'NONE',  ( -3.583126979299020263E-32, 1.000000000000000000, 3.111048790438776325E-16 ) ) ;
#10986 = CIRCLE ( 'NONE', #10033, 14.05114218134572468 ) ;
#10987 = DIRECTION ( 'NONE',  ( -1.110223024625156540E-16, -3.061276722312012491E-16, 1.000000000000000000 ) ) ;
#10988 = CIRCLE ( 'NONE', #10600, 17.00000000000000355 ) ;
#10989 = AXIS2_PLACEMENT_3D ( 'NONE', #6388, #7369, #10927 ) ;
#10990 = DIRECTION ( 'NONE',  ( -1.120801499359495711E-31, -1.000000000000000000, -3.111048790438776325E-16 ) ) ;
#10991 = ORIENTED_EDGE ( 'NONE', *, *, #858, .T. ) ;
#10992 = VERTEX_POINT ( 'NONE', #5031 ) ;
#10993 = ORIENTED_EDGE ( 'NONE', *, *, #9298, .F. ) ;
#10994 = DIRECTION ( 'NONE',  ( -1.110223024625156540E-16, -3.061276722312012491E-16, 1.000000000000000000 ) ) ;
#10995 = CARTESIAN_POINT ( 'NONE',  ( 16.62850921247471447, -3.904999999999963833, 3.534498743901749673 ) ) ;
#10996 = DIRECTION ( 'NONE',  ( -1.110223024625156540E-16, -3.061276722312011998E-16, 1.000000000000000000 ) ) ;
#10997 = CIRCLE ( 'NONE', #939, 0.2500000000000006661 ) ;
#10998 = AXIS2_PLACEMENT_3D ( 'NONE', #8566, #5138, #5430 ) ;
#10999 = CARTESIAN_POINT ( 'NONE',  ( -16.16796077701757639, 1.095000000000012630, 5.253288904374181278 ) ) ;
#11000 = CIRCLE ( 'NONE', #8767, 0.2500000000000004996 ) ;
#11001 = CIRCLE ( 'NONE', #11354, 17.00000000000000355 ) ;
#11002 = CIRCLE ( 'NONE', #3924, 17.00000000000000000 ) ;
#11003 = VECTOR ( 'NONE', #2938, 1000.000000000000000 ) ;
#11004 = DIRECTION ( 'NONE',  ( -3.583126979299020263E-32, 1.000000000000000000, 3.111048790438776325E-16 ) ) ;
#11005 = VECTOR ( 'NONE', #2939, 1000.000000000000000 ) ;
#11006 = DIRECTION ( 'NONE',  ( 2.330464960982432251E-31, -1.000000000000000000, -3.111048790438776325E-16 ) ) ;
#11007 = ORIENTED_EDGE ( 'NONE', *, *, #11160, .T. ) ;
#11008 = ORIENTED_EDGE ( 'NONE', *, *, #6590, .F. ) ;
#11009 = EDGE_CURVE ( 'NONE', #3282, #6008, #9965, .T. ) ;
#11010 = AXIS2_PLACEMENT_3D ( 'NONE', #8671, #2672, #6226 ) ;
#11011 = CARTESIAN_POINT ( 'NONE',  ( 16.74977862752250957, 1.095000000000012630, -2.906013752374488224 ) ) ;
#11012 = CARTESIAN_POINT ( 'NONE',  ( 0.000000000000000000, -24.40500000000000824, -6.938893903907228378E-15 ) ) ;
#11013 = DIRECTION ( 'NONE',  ( 0.000000000000000000, 0.000000000000000000, -1.000000000000000000 ) ) ;
#11014 = ORIENTED_EDGE ( 'NONE', *, *, #5961, .F. ) ;
#11015 = DIRECTION ( 'NONE',  ( -1.110223024625156540E-16, -3.061276722312011998E-16, 1.000000000000000000 ) ) ;
#11016 = DIRECTION ( 'NONE',  ( -1.110223024625156540E-16, -3.061276722312011998E-16, 1.000000000000000000 ) ) ;
#11017 = CIRCLE ( 'NONE', #402, 0.2500000000000002220 ) ;
#11018 = CIRCLE ( 'NONE', #3752, 0.2500000000000002220 ) ;
#11019 = AXIS2_PLACEMENT_3D ( 'NONE', #3046, #7705, #5787 ) ;
#11020 = LINE ( 'NONE', #7516, #4433 ) ;
#11021 = DIRECTION ( 'NONE',  ( -1.110223024625156540E-16, -4.081702296416015997E-16, 1.000000000000000000 ) ) ;
#11022 = EDGE_CURVE ( 'NONE', #10764, #708, #10333, .T. ) ;
#11023 = DIRECTION ( 'NONE',  ( -1.110223024625156540E-16, -3.061276722312012491E-16, 1.000000000000000000 ) ) ;
#11024 = VECTOR ( 'NONE', #11138, 1000.000000000000000 ) ;
#11025 = CIRCLE ( 'NONE', #6013, 17.00000000000000355 ) ;
#11026 = ORIENTED_EDGE ( 'NONE', *, *, #6052, .T. ) ;
#11027 = ORIENTED_EDGE ( 'NONE', *, *, #7057, .F. ) ;
#11028 = CARTESIAN_POINT ( 'NONE',  ( 2.412182932283739589, 94.12768161796614663, 16.82799374557761851 ) ) ;
#11029 = ORIENTED_EDGE ( 'NONE', *, *, #10427, .F. ) ;
#11030 = EDGE_CURVE ( 'NONE', #350, #5298, #3277, .T. ) ;
#11031 = DIRECTION ( 'NONE',  ( -3.583126979299020263E-32, 1.000000000000000000, 3.111048790438776325E-16 ) ) ;
#11032 = VERTEX_POINT ( 'NONE', #3232 ) ;
#11033 = AXIS2_PLACEMENT_3D ( 'NONE', #5956, #9502, #6944 ) ;
#11034 = DIRECTION ( 'NONE',  ( 0.000000000000000000, 0.000000000000000000, -1.000000000000000000 ) ) ;
#11035 = CIRCLE ( 'NONE', #247, 17.00000000000000000 ) ;
#11036 = EDGE_CURVE ( 'NONE', #1445, #4545, #11474, .T. ) ;
#11037 = EDGE_CURVE ( 'NONE', #2128, #10354, #5324, .T. ) ;
#11038 = DIRECTION ( 'NONE',  ( -1.613839565122628308E-31, -1.000000000000000000, -3.111048790438776325E-16 ) ) ;
#11039 = EDGE_CURVE ( 'NONE', #9125, #3444, #4203, .T. ) ;
#11040 = EDGE_CURVE ( 'NONE', #7980, #6192, #11282, .T. ) ;
#11041 = VERTEX_POINT ( 'NONE', #5731 ) ;
#11042 = DIRECTION ( 'NONE',  ( -2.106877630885760906E-31, -1.000000000000000000, -3.111048790438776325E-16 ) ) ;
#11043 = VERTEX_POINT ( 'NONE', #477 ) ;
#11044 = VERTEX_POINT ( 'NONE', #8467 ) ;
#11045 = CYLINDRICAL_SURFACE ( 'NONE', #2001, 17.00000000000000355 ) ;
#11046 = DIRECTION ( 'NONE',  ( -1.110223024625156540E-16, -3.061276722312011998E-16, 1.000000000000000000 ) ) ;
#11047 = CARTESIAN_POINT ( 'NONE',  ( -2.659385905683926410, -3.904999999999936300, -16.79070179011734609 ) ) ;
#11048 = DIRECTION ( 'NONE',  ( 2.330464960982432251E-31, -1.000000000000000000, -3.111048790438776325E-16 ) ) ;
#11049 = VERTEX_POINT ( 'NONE', #430 ) ;
#11050 = CARTESIAN_POINT ( 'NONE',  ( 11.55977147257026338, -3.904999999999991811, -12.46481782867083687 ) ) ;
#11051 = EDGE_CURVE ( 'NONE', #7949, #5812, #9269, .T. ) ;
#11052 = DIRECTION ( 'NONE',  ( -3.583126979299020263E-32, 1.000000000000000000, 3.111048790438776325E-16 ) ) ;
#11053 = CARTESIAN_POINT ( 'NONE',  ( -6.092255142270007084, 1.095000000000012630, 15.87086725045246816 ) ) ;
#11054 = ORIENTED_EDGE ( 'NONE', *, *, #9539, .F. ) ;
#11055 = EDGE_LOOP ( 'NONE', ( #9263, #3925, #8084, #8007 ) ) ;
#11056 = ORIENTED_EDGE ( 'NONE', *, *, #4256, .F. ) ;
#11057 = CARTESIAN_POINT ( 'NONE',  ( -1.540743955509788682E-30, 1.095000000000012630, 0.000000000000000000 ) ) ;
#11058 = CARTESIAN_POINT ( 'NONE',  ( -1.540743955509788682E-30, 1.095000000000012630, 0.000000000000000000 ) ) ;
#11059 = DIRECTION ( 'NONE',  ( 0.000000000000000000, 0.000000000000000000, -1.000000000000000000 ) ) ;
#11060 = ADVANCED_FACE ( 'NONE', ( #8416 ), #4969, .F. ) ;
#11061 = CARTESIAN_POINT ( 'NONE',  ( -14.25739965507215246, 1.095000000000040385, 9.008863595255531820 ) ) ;
#11062 = DIRECTION ( 'NONE',  ( -3.583126979299020263E-32, 1.000000000000000000, 3.111048790438776325E-16 ) ) ;
#11063 = CARTESIAN_POINT ( 'NONE',  ( 6.092255142270220247, -3.904999999999991811, 15.62086725045237046 ) ) ;
#11064 = EDGE_LOOP ( 'NONE', ( #1169, #10506, #6559, #5160 ) ) ;
#11065 = ORIENTED_EDGE ( 'NONE', *, *, #6426, .F. ) ;
#11066 = CARTESIAN_POINT ( 'NONE',  ( 11.55977147257018345, 1.095000000000012630, -12.46481782867092036 ) ) ;
#11067 = CARTESIAN_POINT ( 'NONE',  ( -6.324985174855958014, 94.12768161796620348, -15.77956154453764803 ) ) ;
#11068 = DIRECTION ( 'NONE',  ( 5.432019725910767229E-32, -1.000000000000000000, -3.111048790438776325E-16 ) ) ;
#11069 = ORIENTED_EDGE ( 'NONE', *, *, #10824, .T. ) ;
#11070 = CARTESIAN_POINT ( 'NONE',  ( 9.789020020369395780, 94.12768161796620348, 13.89874408142001450 ) ) ;
#11071 = FACE_OUTER_BOUND ( 'NONE', #11274, .T. ) ;
#11072 = LINE ( 'NONE', #5267, #9131 ) ;
#11073 = DIRECTION ( 'NONE',  ( 3.583126979299020263E-32, -1.000000000000000000, -3.111048790438776325E-16 ) ) ;
#11074 = EDGE_CURVE ( 'NONE', #9531, #7382, #4951, .T. ) ;
#11075 = CARTESIAN_POINT ( 'NONE',  ( 6.914522932288711843, 94.12768161796614663, 15.28027277992419286 ) ) ;
#11076 = FACE_OUTER_BOUND ( 'NONE', #11400, .T. ) ;
#11077 = ORIENTED_EDGE ( 'NONE', *, *, #7098, .T. ) ;
#11078 = VERTEX_POINT ( 'NONE', #8351 ) ;
#11079 = CIRCLE ( 'NONE', #3631, 0.2500000000000002220 ) ;
#11080 = VERTEX_POINT ( 'NONE', #3103 ) ;
#11081 = CARTESIAN_POINT ( 'NONE',  ( -1.540743955509788682E-30, 39.99999999999997868, 1.387778780781445676E-14 ) ) ;
#11082 = ORIENTED_EDGE ( 'NONE', *, *, #10744, .F. ) ;
#11083 = CARTESIAN_POINT ( 'NONE',  ( 15.63027488033804424, -3.904999999999936300, -6.685395064248110586 ) ) ;
#11084 = ADVANCED_FACE ( 'NONE', ( #2225 ), #9217, .T. ) ;
#11085 = CIRCLE ( 'NONE', #658, 0.2500000000000002220 ) ;
#11086 = LINE ( 'NONE', #4082, #9321 ) ;
#11087 = EDGE_CURVE ( 'NONE', #8401, #457, #7487, .T. ) ;
#11088 = EDGE_LOOP ( 'NONE', ( #7388, #9816, #4017, #717 ) ) ;
#11089 = VERTEX_POINT ( 'NONE', #10314 ) ;
#11090 = DIRECTION ( 'NONE',  ( 0.000000000000000000, 0.000000000000000000, 1.000000000000000000 ) ) ;
#11091 = ORIENTED_EDGE ( 'NONE', *, *, #8026, .F. ) ;
#11092 = ORIENTED_EDGE ( 'NONE', *, *, #1674, .F. ) ;
#11093 = DIRECTION ( 'NONE',  ( 3.583126979299020263E-32, -1.000000000000000000, -3.111048790438776325E-16 ) ) ;
#11094 = DIRECTION ( 'NONE',  ( -1.110223024625156540E-16, -4.081702296416015997E-16, 1.000000000000000000 ) ) ;
#11095 = ORIENTED_EDGE ( 'NONE', *, *, #887, .F. ) ;
#11096 = DIRECTION ( 'NONE',  ( 0.000000000000000000, 0.000000000000000000, -1.000000000000000000 ) ) ;
#11097 = EDGE_CURVE ( 'NONE', #1360, #7509, #1592, .T. ) ;
#11098 = EDGE_CURVE ( 'NONE', #1011, #4320, #11149, .T. ) ;
#11099 = DIRECTION ( 'NONE',  ( -1.613839565122629184E-31, -1.000000000000000000, -3.111048790438772381E-16 ) ) ;
#11100 = EDGE_CURVE ( 'NONE', #3114, #7990, #4581, .T. ) ;
#11101 = DIRECTION ( 'NONE',  ( 1.110223024625156540E-16, 0.000000000000000000, -1.000000000000000000 ) ) ;
#11102 = VECTOR ( 'NONE', #9570, 1000.000000000000000 ) ;
#11103 = CARTESIAN_POINT ( 'NONE',  ( 10.69844664784733546, 94.12768161796620348, 12.96148134476844760 ) ) ;
#11104 = DIRECTION ( 'NONE',  ( 0.000000000000000000, 0.000000000000000000, 1.000000000000000000 ) ) ;
#11105 = VERTEX_POINT ( 'NONE', #601 ) ;
#11106 = ORIENTED_EDGE ( 'NONE', *, *, #7169, .T. ) ;
#11107 = ORIENTED_EDGE ( 'NONE', *, *, #6259, .F. ) ;
#11108 = CYLINDRICAL_SURFACE ( 'NONE', #2453, 0.2500000000000002220 ) ;
#11109 = DIRECTION ( 'NONE',  ( 9.746102801338177729E-32, -1.000000000000000000, -3.111048790438776325E-16 ) ) ;
#11110 = CARTESIAN_POINT ( 'NONE',  ( -1.540743955509788682E-30, -3.904999999999991811, 6.938893903907228378E-15 ) ) ;
#11111 = DIRECTION ( 'NONE',  ( -1.110223024625156540E-16, -2.775557561562890365E-16, 1.000000000000000000 ) ) ;
#11112 = EDGE_CURVE ( 'NONE', #7652, #10929, #9444, .T. ) ;
#11113 = CARTESIAN_POINT ( 'NONE',  ( -1.540743955509788682E-30, 22.72931457505075770, 6.938893903907228378E-15 ) ) ;
#11114 = DIRECTION ( 'NONE',  ( 2.330464960982431813E-31, -1.000000000000000000, -3.111048790438772381E-16 ) ) ;
#11115 = ORIENTED_EDGE ( 'NONE', *, *, #10935, .T. ) ;
#11116 = AXIS2_PLACEMENT_3D ( 'NONE', #320, #6606, #3006 ) ;
#11117 = DIRECTION ( 'NONE',  ( 0.000000000000000000, 0.000000000000000000, -1.000000000000000000 ) ) ;
#11118 = DIRECTION ( 'NONE',  ( -6.277634335963632232E-32, -1.000000000000000000, -3.111048790438776325E-16 ) ) ;
#11119 = DIRECTION ( 'NONE',  ( -1.613839565122628308E-31, -1.000000000000000000, -3.111048790438776325E-16 ) ) ;
#11120 = DIRECTION ( 'NONE',  ( -3.583126979299020263E-32, 1.000000000000000000, 3.111048790438776325E-16 ) ) ;
#11121 = LINE ( 'NONE', #1787, #4480 ) ;
#11122 = ORIENTED_EDGE ( 'NONE', *, *, #8553, .F. ) ;
#11123 = CARTESIAN_POINT ( 'NONE',  ( -15.77956154453768356, 94.12768161796603295, -6.324985174855878078 ) ) ;
#11124 = DIRECTION ( 'NONE',  ( 3.583126979299020263E-32, -1.000000000000000000, -3.111048790438776325E-16 ) ) ;
#11125 = CYLINDRICAL_SURFACE ( 'NONE', #10952, 0.2500000000000002220 ) ;
#11126 = CARTESIAN_POINT ( 'NONE',  ( 7.717838495572106439, 94.12768161796620348, -15.14711091120232034 ) ) ;
#11127 = EDGE_CURVE ( 'NONE', #4393, #9437, #5319, .T. ) ;
#11128 = AXIS2_PLACEMENT_3D ( 'NONE', #5281, #9753, #1549 ) ;
#11129 = CARTESIAN_POINT ( 'NONE',  ( -1.540743955509788682E-30, -3.904999999999991811, 6.938893903907228378E-15 ) ) ;
#11130 = ORIENTED_EDGE ( 'NONE', *, *, #8678, .F. ) ;
#11131 = EDGE_LOOP ( 'NONE', ( #847, #7888, #7414, #7001 ) ) ;
#11132 = CARTESIAN_POINT ( 'NONE',  ( -7.142155445023643523, 94.12768161796614663, 15.42691205650437070 ) ) ;
#11133 = CIRCLE ( 'NONE', #6295, 0.2500000000000002220 ) ;
#11134 = ORIENTED_EDGE ( 'NONE', *, *, #8745, .T. ) ;
#11135 = CARTESIAN_POINT ( 'NONE',  ( 15.77956154453768001, 1.095000000000068141, -6.324985174855926928 ) ) ;
#11136 = ORIENTED_EDGE ( 'NONE', *, *, #3310, .F. ) ;
#11137 = CIRCLE ( 'NONE', #707, 0.2500000000000006661 ) ;
#11138 = DIRECTION ( 'NONE',  ( 1.097869796574600868E-31, -1.000000000000000000, -3.111048790438776325E-16 ) ) ;
#11139 = CIRCLE ( 'NONE', #9833, 17.00000000000000355 ) ;
#11140 = DIRECTION ( 'NONE',  ( 1.344388829456167276E-31, -1.000000000000000000, -3.111048790438776325E-16 ) ) ;
#11141 = CIRCLE ( 'NONE', #8161, 0.2500000000000002220 ) ;
#11142 = VERTEX_POINT ( 'NONE', #7713 ) ;
#11143 = CARTESIAN_POINT ( 'NONE',  ( -16.42073904691413233, 94.12768161796614663, 4.399923766742960929 ) ) ;
#11144 = VECTOR ( 'NONE', #5540, 1000.000000000000000 ) ;
#11145 = VERTEX_POINT ( 'NONE', #4334 ) ;
#11146 = EDGE_CURVE ( 'NONE', #4169, #3716, #3084, .T. ) ;
#11147 = EDGE_LOOP ( 'NONE', ( #4209, #11326, #11026, #5717 ) ) ;
#11148 = CYLINDRICAL_SURFACE ( 'NONE', #9078, 17.00000000000000355 ) ;
#11149 = LINE ( 'NONE', #2288, #8118 ) ;
#11150 = AXIS2_PLACEMENT_3D ( 'NONE', #4442, #9092, #10857 ) ;
#11151 = ORIENTED_EDGE ( 'NONE', *, *, #2265, .F. ) ;
#11152 = AXIS2_PLACEMENT_3D ( 'NONE', #6656, #4094, #5802 ) ;
#11153 = DIRECTION ( 'NONE',  ( 0.000000000000000000, 0.000000000000000000, 1.000000000000000000 ) ) ;
#11154 = DIRECTION ( 'NONE',  ( 2.658680605993137748E-32, -1.000000000000000000, -3.111048790438772381E-16 ) ) ;
#11155 = ORIENTED_EDGE ( 'NONE', *, *, #1725, .T. ) ;
#11156 = FACE_OUTER_BOUND ( 'NONE', #4506, .T. ) ;
#11157 = CIRCLE ( 'NONE', #10390, 17.00000000000000355 ) ;
#11158 = CYLINDRICAL_SURFACE ( 'NONE', #1805, 17.00000000000000355 ) ;
#11159 = AXIS2_PLACEMENT_3D ( 'NONE', #4619, #10016, #8171 ) ;
#11160 = EDGE_CURVE ( 'NONE', #3756, #1497, #8758, .T. ) ;
#11161 = CARTESIAN_POINT ( 'NONE',  ( -13.60485940014295458, 94.12768161796608979, -10.19351758238247463 ) ) ;
#11162 = ORIENTED_EDGE ( 'NONE', *, *, #10129, .F. ) ;
#11163 = ORIENTED_EDGE ( 'NONE', *, *, #9036, .T. ) ;
#11164 = ORIENTED_EDGE ( 'NONE', *, *, #3273, .T. ) ;
#11165 = DIRECTION ( 'NONE',  ( 0.000000000000000000, 0.000000000000000000, -1.000000000000000000 ) ) ;
#11166 = AXIS2_PLACEMENT_3D ( 'NONE', #2575, #10310, #2523 ) ;
#11167 = DIRECTION ( 'NONE',  ( 7.280912472522514743E-32, -1.000000000000000000, -3.111048790438776325E-16 ) ) ;
#11168 = LINE ( 'NONE', #3067, #6981 ) ;
#11169 = CIRCLE ( 'NONE', #6144, 0.2500000000000002220 ) ;
#11170 = FACE_OUTER_BOUND ( 'NONE', #10904, .T. ) ;
#11171 = VECTOR ( 'NONE', #6419, 1000.000000000000000 ) ;
#11172 = EDGE_CURVE ( 'NONE', #10112, #7216, #5099, .T. ) ;
#11173 = DIRECTION ( 'NONE',  ( 0.000000000000000000, 0.000000000000000000, -1.000000000000000000 ) ) ;
#11174 = EDGE_CURVE ( 'NONE', #7382, #4615, #3347, .T. ) ;
#11175 = AXIS2_PLACEMENT_3D ( 'NONE', #7828, #3403, #5904 ) ;
#11176 = CIRCLE ( 'NONE', #6327, 0.2500000000000002220 ) ;
#11177 = CARTESIAN_POINT ( 'NONE',  ( 14.39201405914864296, 94.12768161796608979, -9.048200446567642885 ) ) ;
#11178 = EDGE_CURVE ( 'NONE', #462, #9184, #5887, .T. ) ;
#11179 = ADVANCED_FACE ( 'NONE', ( #7058 ), #7889, .F. ) ;
#11180 = CARTESIAN_POINT ( 'NONE',  ( 16.93117546539304286, -3.904999999999963833, 1.528167975083975838 ) ) ;
#11181 = VECTOR ( 'NONE', #5604, 1000.000000000000000 ) ;
#11182 = ORIENTED_EDGE ( 'NONE', *, *, #9395, .T. ) ;
#11183 = VECTOR ( 'NONE', #2310, 1000.000000000000000 ) ;
#11184 = DIRECTION ( 'NONE',  ( -3.583126979299020263E-32, 1.000000000000000000, 3.111048790438776325E-16 ) ) ;
#11185 = DIRECTION ( 'NONE',  ( 1.734234232687273023E-32, -1.000000000000000000, -3.111048790438776325E-16 ) ) ;
#11186 = DIRECTION ( 'NONE',  ( 3.583126979299020263E-32, -1.000000000000000000, -3.111048790438776325E-16 ) ) ;
#11187 = FACE_OUTER_BOUND ( 'NONE', #9739, .T. ) ;
#11188 = ORIENTED_EDGE ( 'NONE', *, *, #6303, .T. ) ;
#11189 = CARTESIAN_POINT ( 'NONE',  ( -10.69844664784715604, -3.904999999999991811, 13.21148134476856484 ) ) ;
#11190 = DIRECTION ( 'NONE',  ( 0.000000000000000000, 0.000000000000000000, -1.000000000000000000 ) ) ;
#11191 = AXIS2_PLACEMENT_3D ( 'NONE', #3311, #7401, #11117 ) ;
#11192 = VECTOR ( 'NONE', #2237, 1000.000000000000000 ) ;
#11193 = VECTOR ( 'NONE', #2545, 1000.000000000000000 ) ;
#11194 = AXIS2_PLACEMENT_3D ( 'NONE', #2888, #10964, #1277 ) ;
#11195 = CARTESIAN_POINT ( 'NONE',  ( 3.397502278064741648E-15, -22.40499999999997627, -14.55114218134573179 ) ) ;
#11196 = VECTOR ( 'NONE', #5695, 1000.000000000000000 ) ;
#11197 = EDGE_CURVE ( 'NONE', #10354, #6462, #8644, .T. ) ;
#11198 = LINE ( 'NONE', #3085, #10586 ) ;
#11199 = ORIENTED_EDGE ( 'NONE', *, *, #100, .F. ) ;
#11200 = ORIENTED_EDGE ( 'NONE', *, *, #6603, .T. ) ;
#11201 = LINE ( 'NONE', #2325, #9112 ) ;
#11202 = AXIS2_PLACEMENT_3D ( 'NONE', #680, #1382, #2371 ) ;
#11203 = AXIS2_PLACEMENT_3D ( 'NONE', #271, #1072, #4701 ) ;
#11204 = ORIENTED_EDGE ( 'NONE', *, *, #9311, .F. ) ;
#11205 = AXIS2_PLACEMENT_3D ( 'NONE', #8859, #7049, #8748 ) ;
#11206 = DIRECTION ( 'NONE',  ( 0.000000000000000000, 0.000000000000000000, -1.000000000000000000 ) ) ;
#11207 = EDGE_CURVE ( 'NONE', #9351, #3151, #9625, .T. ) ;
#11208 = LINE ( 'NONE', #10079, #8931 ) ;
#11209 = VERTEX_POINT ( 'NONE', #821 ) ;
#11210 = AXIS2_PLACEMENT_3D ( 'NONE', #2178, #3119, #11165 ) ;
#11211 = CARTESIAN_POINT ( 'NONE',  ( -1.540743955509788682E-30, 1.095000000000012630, 0.000000000000000000 ) ) ;
#11212 = CIRCLE ( 'NONE', #6733, 0.2500000000000002220 ) ;
#11213 = FACE_OUTER_BOUND ( 'NONE', #10722, .T. ) ;
#11214 = AXIS2_PLACEMENT_3D ( 'NONE', #6763, #7696, #1441 ) ;
#11215 = ORIENTED_EDGE ( 'NONE', *, *, #967, .T. ) ;
#11216 = VERTEX_POINT ( 'NONE', #6834 ) ;
#11217 = CARTESIAN_POINT ( 'NONE',  ( -8.499999999999905853, -3.904999999999991811, 14.47243186433552076 ) ) ;
#11218 = ORIENTED_EDGE ( 'NONE', *, *, #3248, .F. ) ;
#11219 = ORIENTED_EDGE ( 'NONE', *, *, #1395, .F. ) ;
#11220 = DIRECTION ( 'NONE',  ( -1.110223024625156540E-16, -3.061276722312012491E-16, 1.000000000000000000 ) ) ;
#11221 = DIRECTION ( 'NONE',  ( -6.277634335963640990E-32, -1.000000000000000000, -3.111048790438772381E-16 ) ) ;
#11222 = AXIS2_PLACEMENT_3D ( 'NONE', #4960, #7820, #9614 ) ;
#11223 = ORIENTED_EDGE ( 'NONE', *, *, #5334, .F. ) ;
#11224 = CIRCLE ( 'NONE', #8058, 13.30114218134571580 ) ;
#11225 = DIRECTION ( 'NONE',  ( -3.583126979299020263E-32, 1.000000000000000000, 3.111048790438776325E-16 ) ) ;
#11226 = CYLINDRICAL_SURFACE ( 'NONE', #6492, 0.2500000000000002220 ) ;
#11227 = ORIENTED_EDGE ( 'NONE', *, *, #1395, .T. ) ;
#11228 = CARTESIAN_POINT ( 'NONE',  ( -10.69844664784715604, 1.095000000000012630, 13.21148134476856484 ) ) ;
#11229 = EDGE_CURVE ( 'NONE', #6468, #3268, #859, .T. ) ;
#11230 = CARTESIAN_POINT ( 'NONE',  ( -1.540743955509788682E-30, 39.99999999999997868, 1.387778780781445676E-14 ) ) ;
#11231 = VECTOR ( 'NONE', #2955, 1000.000000000000000 ) ;
#11232 = DIRECTION ( 'NONE',  ( 0.000000000000000000, 0.000000000000000000, 1.000000000000000000 ) ) ;
#11233 = CARTESIAN_POINT ( 'NONE',  ( -8.715581380431380865, 94.12768161796620348, 14.59584328502738160 ) ) ;
#11234 = ORIENTED_EDGE ( 'NONE', *, *, #10355, .F. ) ;
#11235 = ORIENTED_EDGE ( 'NONE', *, *, #6746, .F. ) ;
#11236 = ORIENTED_EDGE ( 'NONE', *, *, #2048, .F. ) ;
#11237 = DIRECTION ( 'NONE',  ( -1.146585139244830269E-33, -1.000000000000000000, -3.111048790438772381E-16 ) ) ;
#11238 = CARTESIAN_POINT ( 'NONE',  ( 16.79070179011734965, 94.12768161796614663, 2.409385905683805174 ) ) ;
#11239 = FACE_OUTER_BOUND ( 'NONE', #4329, .T. ) ;
#11240 = DIRECTION ( 'NONE',  ( -1.110223024625156540E-16, -5.782411586589350736E-16, 1.000000000000000000 ) ) ;
#11241 = DIRECTION ( 'NONE',  ( -3.583126979299020263E-32, 1.000000000000000000, 3.111048790438776325E-16 ) ) ;
#11242 = EDGE_CURVE ( 'NONE', #6767, #7022, #3836, .T. ) ;
#11243 = CARTESIAN_POINT ( 'NONE',  ( -0.8897112561299327371, -3.904999999999991811, 16.97670209082775017 ) ) ;
#11244 = DIRECTION ( 'NONE',  ( -1.110223024625156540E-16, -4.081702296416015997E-16, 1.000000000000000000 ) ) ;
#11245 = ORIENTED_EDGE ( 'NONE', *, *, #7048, .T. ) ;
#11246 = EDGE_CURVE ( 'NONE', #135, #2506, #10498, .T. ) ;
#11247 = DIRECTION ( 'NONE',  ( 1.344388829456166400E-31, -1.000000000000000000, -3.111048790438772381E-16 ) ) ;
#11248 = CARTESIAN_POINT ( 'NONE',  ( -15.95874067538736973, 94.12768161796614663, 5.858207580458095087 ) ) ;
#11249 = DIRECTION ( 'NONE',  ( -3.583126979299020263E-32, 1.000000000000000000, 3.111048790438776325E-16 ) ) ;
#11250 = ORIENTED_EDGE ( 'NONE', *, *, #3527, .T. ) ;
#11251 = CARTESIAN_POINT ( 'NONE',  ( -11.37522030810051632, -3.904999999999963833, 12.63346203311575877 ) ) ;
#11252 = CARTESIAN_POINT ( 'NONE',  ( -6.685395064248048413, 1.095000000000068141, -15.63027488033808332 ) ) ;
#11253 = ADVANCED_FACE ( 'NONE', ( #1534 ), #11444, .T. ) ;
#11254 = ADVANCED_FACE ( 'NONE', ( #654 ), #6894, .T. ) ;
#11255 = EDGE_CURVE ( 'NONE', #2773, #705, #5206, .T. ) ;
#11256 = CARTESIAN_POINT ( 'NONE',  ( 12.63346203311578719, -3.904999999999963833, 11.12522030810048790 ) ) ;
#11257 = CARTESIAN_POINT ( 'NONE',  ( -5.014963156888919471, 1.095000000000068141, -16.24346467152394879 ) ) ;
#11258 = ORIENTED_EDGE ( 'NONE', *, *, #6115, .F. ) ;
#11259 = ORIENTED_EDGE ( 'NONE', *, *, #4492, .F. ) ;
#11260 = CARTESIAN_POINT ( 'NONE',  ( -16.62850921247467184, 94.12768161796614663, 3.534498743902013462 ) ) ;
#11261 = ORIENTED_EDGE ( 'NONE', *, *, #10480, .F. ) ;
#11262 = DIRECTION ( 'NONE',  ( 3.583126979299020263E-32, -1.000000000000000000, -3.111048790438776325E-16 ) ) ;
#11263 = EDGE_LOOP ( 'NONE', ( #6828, #1582, #2550, #10088 ) ) ;
#11264 = CARTESIAN_POINT ( 'NONE',  ( 15.25896758828881872, 1.095000000000012630, 7.494258344863162336 ) ) ;
#11265 = CARTESIAN_POINT ( 'NONE',  ( -1.540743955509788682E-30, 1.095000000000012630, 0.000000000000000000 ) ) ;
#11266 = VECTOR ( 'NONE', #10106, 1000.000000000000000 ) ;
#11267 = ORIENTED_EDGE ( 'NONE', *, *, #10975, .T. ) ;
#11268 = EDGE_LOOP ( 'NONE', ( #6329, #9333, #6876, #7632 ) ) ;
#11269 = CARTESIAN_POINT ( 'NONE',  ( 16.98795001012936723, 94.12768161796614663, 0.6399644156866655109 ) ) ;
#11270 = ORIENTED_EDGE ( 'NONE', *, *, #6352, .F. ) ;
#11271 = ORIENTED_EDGE ( 'NONE', *, *, #10725, .T. ) ;
#11272 = DIRECTION ( 'NONE',  ( -3.583126979299020263E-32, 1.000000000000000000, 3.111048790438776325E-16 ) ) ;
#11273 = DIRECTION ( 'NONE',  ( -1.110223024625156540E-16, -3.061276722312012491E-16, 1.000000000000000000 ) ) ;
#11274 = EDGE_LOOP ( 'NONE', ( #11310, #10723, #8043, #8064 ) ) ;
#11275 = DIRECTION ( 'NONE',  ( -3.583126979299020263E-32, 1.000000000000000000, 3.111048790438776325E-16 ) ) ;
#11276 = DIRECTION ( 'NONE',  ( 3.583126979299020263E-32, -1.000000000000000000, -3.111048790438776325E-16 ) ) ;
#11277 = AXIS2_PLACEMENT_3D ( 'NONE', #2180, #6614, #3246 ) ;
#11278 = ORIENTED_EDGE ( 'NONE', *, *, #10355, .T. ) ;
#11279 = DIRECTION ( 'NONE',  ( 0.000000000000000000, 0.000000000000000000, 1.000000000000000000 ) ) ;
#11280 = DIRECTION ( 'NONE',  ( -3.812444007147977456E-32, -1.000000000000000000, -3.111048790438772381E-16 ) ) ;
#11281 = EDGE_CURVE ( 'NONE', #489, #9971, #6081, .T. ) ;
#11282 = CIRCLE ( 'NONE', #8296, 17.00000000000000355 ) ;
#11283 = LINE ( 'NONE', #8703, #11385 ) ;
#11284 = ORIENTED_EDGE ( 'NONE', *, *, #2432, .F. ) ;
#11285 = ORIENTED_EDGE ( 'NONE', *, *, #6540, .F. ) ;
#11286 = ORIENTED_EDGE ( 'NONE', *, *, #7114, .T. ) ;
#11287 = DIRECTION ( 'NONE',  ( -3.583126979299020263E-32, 1.000000000000000000, 3.111048790438776325E-16 ) ) ;
#11288 = APPLICATION_CONTEXT ( 'automotive_design' ) ;
#11289 = DIRECTION ( 'NONE',  ( 0.000000000000000000, 0.000000000000000000, -1.000000000000000000 ) ) ;
#11290 = CARTESIAN_POINT ( 'NONE',  ( -16.97670209082773951, -3.904999999999963833, 0.8897112561301114830 ) ) ;
#11291 = DIRECTION ( 'NONE',  ( -3.583126979299020263E-32, 1.000000000000000000, 3.111048790438776325E-16 ) ) ;
#11292 = DIRECTION ( 'NONE',  ( 0.000000000000000000, 0.000000000000000000, 1.000000000000000000 ) ) ;
#11293 = AXIS2_PLACEMENT_3D ( 'NONE', #2405, #1759, #11329 ) ;
#11294 = CARTESIAN_POINT ( 'NONE',  ( -11.84274353507916011, 94.12768161796608979, -12.19628736797963242 ) ) ;
#11295 = CARTESIAN_POINT ( 'NONE',  ( 8.500000000000113687, 94.12768161796620348, 14.72243186433541595 ) ) ;
#11296 = ORIENTED_EDGE ( 'NONE', *, *, #1343, .T. ) ;
#11297 = ORIENTED_EDGE ( 'NONE', *, *, #3759, .T. ) ;
#11298 = DIRECTION ( 'NONE',  ( -1.110223024625156540E-16, -3.061276722312011998E-16, 1.000000000000000000 ) ) ;
#11299 = CARTESIAN_POINT ( 'NONE',  ( 15.53027277992426214, -3.904999999999991811, 6.914522932288474699 ) ) ;
#11300 = DIRECTION ( 'NONE',  ( 0.000000000000000000, 0.000000000000000000, -1.000000000000000000 ) ) ;
#11301 = CARTESIAN_POINT ( 'NONE',  ( 5.014963156888698315, 94.12768161796620348, -16.24346467152398077 ) ) ;
#11302 = ORIENTED_EDGE ( 'NONE', *, *, #6030, .T. ) ;
#11303 = ORIENTED_EDGE ( 'NONE', *, *, #1697, .T. ) ;
#11304 = CARTESIAN_POINT ( 'NONE',  ( -14.25739965507215246, 94.12768161796608979, 9.258863595255558465 ) ) ;
#11305 = EDGE_CURVE ( 'NONE', #5344, #9350, #3284, .T. ) ;
#11306 = DIRECTION ( 'NONE',  ( 0.000000000000000000, 0.000000000000000000, -1.000000000000000000 ) ) ;
#11307 = AXIS2_PLACEMENT_3D ( 'NONE', #5808, #3985, #7495 ) ;
#11308 = DIRECTION ( 'NONE',  ( 2.330464960982432251E-31, -1.000000000000000000, -3.111048790438776325E-16 ) ) ;
#11309 = EDGE_CURVE ( 'NONE', #522, #2703, #8121, .T. ) ;
#11310 = ORIENTED_EDGE ( 'NONE', *, *, #11087, .F. ) ;
#11311 = VERTEX_POINT ( 'NONE', #4439 ) ;
#11312 = DIRECTION ( 'NONE',  ( -3.583126979299020263E-32, 1.000000000000000000, 3.111048790438776325E-16 ) ) ;
#11313 = VERTEX_POINT ( 'NONE', #6456 ) ;
#11314 = CARTESIAN_POINT ( 'NONE',  ( 13.05272692301288906, 1.095000000000012630, -10.89157104706452195 ) ) ;
#11315 = ORIENTED_EDGE ( 'NONE', *, *, #8306, .T. ) ;
#11316 = ADVANCED_FACE ( 'NONE', ( #11071 ), #1213, .T. ) ;
#11317 = ADVANCED_FACE ( 'NONE', ( #9247, #5710 ), #7994, .T. ) ;
#11318 = DIRECTION ( 'NONE',  ( -1.110223024625156540E-16, -3.061276722312012491E-16, 1.000000000000000000 ) ) ;
#11319 = CIRCLE ( 'NONE', #699, 0.2500000000000002220 ) ;
#11320 = DIRECTION ( 'NONE',  ( 3.583126979299020263E-32, -1.000000000000000000, -3.111048790438776325E-16 ) ) ;
#11321 = EDGE_CURVE ( 'NONE', #8976, #7911, #6823, .T. ) ;
#11322 = EDGE_CURVE ( 'NONE', #9015, #8075, #1415, .T. ) ;
#11323 = ORIENTED_EDGE ( 'NONE', *, *, #4617, .T. ) ;
#11324 = VERTEX_POINT ( 'NONE', #10000 ) ;
#11325 = DIRECTION ( 'NONE',  ( 3.583126979299020263E-32, -1.000000000000000000, -3.111048790438776325E-16 ) ) ;
#11326 = ORIENTED_EDGE ( 'NONE', *, *, #8872, .F. ) ;
#11327 = VERTEX_POINT ( 'NONE', #401 ) ;
#11328 = CARTESIAN_POINT ( 'NONE',  ( 13.75328890437417684, -3.904999999999963833, 9.992349288971928090 ) ) ;
#11329 = DIRECTION ( 'NONE',  ( 0.000000000000000000, 0.000000000000000000, -1.000000000000000000 ) ) ;
#11330 = ORIENTED_EDGE ( 'NONE', *, *, #9470, .F. ) ;
#11331 = FACE_OUTER_BOUND ( 'NONE', #6213, .T. ) ;
#11332 = CARTESIAN_POINT ( 'NONE',  ( 5.014963156889030493, 1.095000000000012630, 16.24346467152391327 ) ) ;
#11333 = ORIENTED_EDGE ( 'NONE', *, *, #3197, .T. ) ;
#11334 = AXIS2_PLACEMENT_3D ( 'NONE', #2428, #1372, #4987 ) ;
#11335 = CARTESIAN_POINT ( 'NONE',  ( 6.092255142270220247, -3.904999999999991811, 15.87086725045237046 ) ) ;
#11336 = CIRCLE ( 'NONE', #688, 0.2500000000000006661 ) ;
#11337 = CIRCLE ( 'NONE', #1268, 17.00000000000000000 ) ;
#11338 = DIRECTION ( 'NONE',  ( 0.000000000000000000, 0.000000000000000000, -1.000000000000000000 ) ) ;
#11339 = EDGE_CURVE ( 'NONE', #5536, #8321, #5377, .T. ) ;
#11340 = ORIENTED_EDGE ( 'NONE', *, *, #11242, .F. ) ;
#11341 = EDGE_LOOP ( 'NONE', ( #10841, #9609, #1447, #6038 ) ) ;
#11342 = AXIS2_PLACEMENT_3D ( 'NONE', #7423, #2764, #6384 ) ;
#11343 = ORIENTED_EDGE ( 'NONE', *, *, #8035, .F. ) ;
#11344 = CYLINDRICAL_SURFACE ( 'NONE', #5249, 0.2500000000000002220 ) ;
#11345 = CARTESIAN_POINT ( 'NONE',  ( -12.02081528017123269, -3.904999999999963833, 12.02081528017136947 ) ) ;
#11346 = FACE_OUTER_BOUND ( 'NONE', #3155, .T. ) ;
#11347 = CARTESIAN_POINT ( 'NONE',  ( 2.801843788527009626E-15, -23.40500000000000469, -11.99999999999999289 ) ) ;
#11348 = AXIS2_PLACEMENT_3D ( 'NONE', #3214, #2380, #6695 ) ;
#11349 = DIRECTION ( 'NONE',  ( -3.583126979299020263E-32, 1.000000000000000000, 3.111048790438776325E-16 ) ) ;
#11350 = EDGE_CURVE ( 'NONE', #214, #625, #1977, .T. ) ;
#11351 = CIRCLE ( 'NONE', #2962, 17.00000000000000355 ) ;
#11352 = VECTOR ( 'NONE', #8238, 1000.000000000000000 ) ;
#11353 = DIRECTION ( 'NONE',  ( 0.000000000000000000, 0.000000000000000000, -1.000000000000000000 ) ) ;
#11354 = AXIS2_PLACEMENT_3D ( 'NONE', #1417, #2125, #3239 ) ;
#11355 = VECTOR ( 'NONE', #8849, 1000.000000000000000 ) ;
#11356 = DIRECTION ( 'NONE',  ( -1.110223024625156540E-16, -3.061276722312011998E-16, 1.000000000000000000 ) ) ;
#11357 = VERTEX_POINT ( 'NONE', #3959 ) ;
#11358 = ORIENTED_EDGE ( 'NONE', *, *, #6322, .F. ) ;
#11359 = DIRECTION ( 'NONE',  ( -3.583126979299020263E-32, 1.000000000000000000, 3.111048790438776325E-16 ) ) ;
#11360 = LINE ( 'NONE', #1785, #9894 ) ;
#11361 = DIRECTION ( 'NONE',  ( 0.000000000000000000, 0.000000000000000000, 1.000000000000000000 ) ) ;
#11362 = DIRECTION ( 'NONE',  ( -1.120801499359496587E-31, -1.000000000000000000, -3.111048790438772381E-16 ) ) ;
#11363 = CIRCLE ( 'NONE', #8005, 0.2500000000000002220 ) ;
#11364 = ORIENTED_EDGE ( 'NONE', *, *, #3115, .T. ) ;
#11365 = DIRECTION ( 'NONE',  ( 3.583126979299020263E-32, -1.000000000000000000, -3.111048790438776325E-16 ) ) ;
#11366 = CARTESIAN_POINT ( 'NONE',  ( -4.399923766742857900, 94.12768161796620348, -16.42073904691412167 ) ) ;
#11367 = AXIS2_PLACEMENT_3D ( 'NONE', #9510, #3227, #3342 ) ;
#11368 = AXIS2_PLACEMENT_3D ( 'NONE', #3628, #7179, #10790 ) ;
#11369 = ADVANCED_FACE ( 'NONE', ( #85 ), #7127, .T. ) ;
#11370 = DIRECTION ( 'NONE',  ( -1.120801499359495711E-31, -1.000000000000000000, -3.111048790438776325E-16 ) ) ;
#11371 = AXIS2_PLACEMENT_3D ( 'NONE', #2138, #1432, #449 ) ;
#11372 = CARTESIAN_POINT ( 'NONE',  ( 0.8897112561301585565, -3.904999999999991811, 16.72670209082773596 ) ) ;
#11373 = AXIS2_PLACEMENT_3D ( 'NONE', #134, #4381, #3571 ) ;
#11374 = ORIENTED_EDGE ( 'NONE', *, *, #383, .F. ) ;
#11375 = CARTESIAN_POINT ( 'NONE',  ( 11.37522030810043283, -3.904999999999991811, -12.63346203311583515 ) ) ;
#11376 = DIRECTION ( 'NONE',  ( 3.583126979299020263E-32, -1.000000000000000000, -3.111048790438776325E-16 ) ) ;
#11377 = AXIS2_PLACEMENT_3D ( 'NONE', #9812, #1076, #7259 ) ;
#11378 = CARTESIAN_POINT ( 'NONE',  ( -14.72243186433540707, 1.094999999999984874, 8.500000000000076383 ) ) ;
#11379 = ORIENTED_EDGE ( 'NONE', *, *, #2459, .F. ) ;
#11380 = AXIS2_PLACEMENT_3D ( 'NONE', #10844, #2796, #3666 ) ;
#11381 = AXIS2_PLACEMENT_3D ( 'NONE', #6452, #10116, #175 ) ;
#11382 = DIRECTION ( 'NONE',  ( -3.583126979299020263E-32, 1.000000000000000000, 3.111048790438776325E-16 ) ) ;
#11383 = VERTEX_POINT ( 'NONE', #2696 ) ;
#11384 = CYLINDRICAL_SURFACE ( 'NONE', #968, 17.00000000000000355 ) ;
#11385 = VECTOR ( 'NONE', #8768, 1000.000000000000000 ) ;
#11386 = CARTESIAN_POINT ( 'NONE',  ( -1.540743955509788682E-30, -3.904999999999991811, 6.938893903907228378E-15 ) ) ;
#11387 = EDGE_CURVE ( 'NONE', #2771, #9914, #5531, .T. ) ;
#11388 = CIRCLE ( 'NONE', #9161, 0.2500000000000002220 ) ;
#11389 = CIRCLE ( 'NONE', #11205, 0.2500000000000002220 ) ;
#11390 = ORIENTED_EDGE ( 'NONE', *, *, #3575, .T. ) ;
#11391 = CARTESIAN_POINT ( 'NONE',  ( -1.540743955509788682E-30, 1.095000000000012630, 0.000000000000000000 ) ) ;
#11392 = EDGE_CURVE ( 'NONE', #4804, #1231, #10676, .T. ) ;
#11393 = ORIENTED_EDGE ( 'NONE', *, *, #4262, .T. ) ;
#11394 = AXIS2_PLACEMENT_3D ( 'NONE', #3299, #11287, #5111 ) ;
#11395 = DIRECTION ( 'NONE',  ( -3.583126979299020263E-32, 1.000000000000000000, 3.111048790438776325E-16 ) ) ;
#11396 = VERTEX_POINT ( 'NONE', #2144 ) ;
#11397 = DIRECTION ( 'NONE',  ( -1.110223024625156540E-16, -3.061276722312012491E-16, 1.000000000000000000 ) ) ;
#11398 = CARTESIAN_POINT ( 'NONE',  ( 9.258863595255563794, -3.904999999999991811, 14.00739965507213824 ) ) ;
#11399 = AXIS2_PLACEMENT_3D ( 'NONE', #7690, #3313, #8672 ) ;
#11400 = EDGE_LOOP ( 'NONE', ( #56, #4075 ) ) ;
#11401 = CARTESIAN_POINT ( 'NONE',  ( -5.014963156888713414, -3.904999999999991811, 16.24346467152402340 ) ) ;
#11402 = AXIS2_PLACEMENT_3D ( 'NONE', #7459, #1334, #5886 ) ;
#11403 = EDGE_CURVE ( 'NONE', #2341, #9428, #2156, .T. ) ;
#11404 = EDGE_CURVE ( 'NONE', #3175, #2481, #6445, .T. ) ;
#11405 = AXIS2_PLACEMENT_3D ( 'NONE', #8264, #8203, #10932 ) ;
#11406 = DIRECTION ( 'NONE',  ( 0.000000000000000000, 0.000000000000000000, -1.000000000000000000 ) ) ;
#11407 = CARTESIAN_POINT ( 'NONE',  ( -1.540743955509788682E-30, -3.904999999999991811, 6.938893903907228378E-15 ) ) ;
#11408 = AXIS2_PLACEMENT_3D ( 'NONE', #2463, #7883, #11438 ) ;
#11409 = ORIENTED_EDGE ( 'NONE', *, *, #9555, .F. ) ;
#11410 = EDGE_LOOP ( 'NONE', ( #3814, #4713, #8100, #11451 ) ) ;
#11411 = VECTOR ( 'NONE', #496, 1000.000000000000000 ) ;
#11412 = ORIENTED_EDGE ( 'NONE', *, *, #2560, .F. ) ;
#11413 = FACE_OUTER_BOUND ( 'NONE', #6755, .T. ) ;
#11414 = DIRECTION ( 'NONE',  ( 3.583126979299020263E-32, -1.000000000000000000, -3.111048790438776325E-16 ) ) ;
#11415 = LINE ( 'NONE', #11506, #5885 ) ;
#11416 = LINE ( 'NONE', #3367, #11510 ) ;
#11417 = CARTESIAN_POINT ( 'NONE',  ( 2.659385905683703921, -3.904999999999936300, -16.79070179011737451 ) ) ;
#11418 = EDGE_CURVE ( 'NONE', #11216, #8362, #1045, .T. ) ;
#11419 = CIRCLE ( 'NONE', #2664, 12.74999999999999822 ) ;
#11420 = CARTESIAN_POINT ( 'NONE',  ( 2.412182932283619685, 1.095000000000068141, -16.82799374557761496 ) ) ;
#11421 = DIRECTION ( 'NONE',  ( 0.000000000000000000, 0.000000000000000000, -1.000000000000000000 ) ) ;
#11422 = ORIENTED_EDGE ( 'NONE', *, *, #7774, .T. ) ;
#11423 = VERTEX_POINT ( 'NONE', #8924 ) ;
#11424 = EDGE_CURVE ( 'NONE', #6822, #11209, #8682, .T. ) ;
#11425 = CARTESIAN_POINT ( 'NONE',  ( -1.540743955509788682E-30, 39.99999999999997868, 1.387778780781445676E-14 ) ) ;
#11426 = LINE ( 'NONE', #3536, #3005 ) ;
#11427 = FACE_OUTER_BOUND ( 'NONE', #9168, .T. ) ;
#11428 = FACE_OUTER_BOUND ( 'NONE', #4532, .T. ) ;
#11429 = DIRECTION ( 'NONE',  ( 0.000000000000000000, 0.000000000000000000, -1.000000000000000000 ) ) ;
#11430 = CARTESIAN_POINT ( 'NONE',  ( 16.16796077701764389, -3.904999999999991811, 5.253288904373959234 ) ) ;
#11431 = EDGE_CURVE ( 'NONE', #5470, #305, #9040, .T. ) ;
#11432 = ORIENTED_EDGE ( 'NONE', *, *, #10302, .T. ) ;
#11433 = DIRECTION ( 'NONE',  ( -1.110223024625156540E-16, -4.081702296416015997E-16, 1.000000000000000000 ) ) ;
#11434 = ORIENTED_EDGE ( 'NONE', *, *, #5901, .F. ) ;
#11435 = EDGE_CURVE ( 'NONE', #7465, #9220, #1162, .T. ) ;
#11436 = DIRECTION ( 'NONE',  ( -3.583126979299020263E-32, 1.000000000000000000, 3.111048790438776325E-16 ) ) ;
#11437 = ORIENTED_EDGE ( 'NONE', *, *, #3903, .T. ) ;
#11438 = DIRECTION ( 'NONE',  ( 0.000000000000000000, 0.000000000000000000, -1.000000000000000000 ) ) ;
#11439 = CARTESIAN_POINT ( 'NONE',  ( -1.540743955509788682E-30, 1.095000000000012630, 0.000000000000000000 ) ) ;
#11440 = EDGE_LOOP ( 'NONE', ( #9787, #5976, #2314, #10636 ) ) ;
#11441 = ORIENTED_EDGE ( 'NONE', *, *, #8991, .T. ) ;
#11442 = CARTESIAN_POINT ( 'NONE',  ( -1.540743955509788682E-30, 1.095000000000012630, 0.000000000000000000 ) ) ;
#11443 = VERTEX_POINT ( 'NONE', #4511 ) ;
#11444 = CYLINDRICAL_SURFACE ( 'NONE', #128, 16.00000000000001066 ) ;
#11445 = ORIENTED_EDGE ( 'NONE', *, *, #3823, .T. ) ;
#11446 = CARTESIAN_POINT ( 'NONE',  ( -1.540743955509788682E-30, 39.99999999999997868, 1.387778780781445676E-14 ) ) ;
#11447 = CARTESIAN_POINT ( 'NONE',  ( -13.89874408142000384, 1.095000000000040385, 9.789020020369362030 ) ) ;
#11448 = CARTESIAN_POINT ( 'NONE',  ( 12.19628736797963597, 1.095000000000040385, 11.84274353507920630 ) ) ;
#11449 = EDGE_CURVE ( 'NONE', #158, #5794, #4401, .T. ) ;
#11450 = DIRECTION ( 'NONE',  ( 0.000000000000000000, 0.000000000000000000, -1.000000000000000000 ) ) ;
#11451 = ORIENTED_EDGE ( 'NONE', *, *, #7145, .T. ) ;
#11452 = VERTEX_POINT ( 'NONE', #2448 ) ;
#11453 = EDGE_CURVE ( 'NONE', #9084, #9980, #8491, .T. ) ;
#11454 = ORIENTED_EDGE ( 'NONE', *, *, #2561, .T. ) ;
#11455 = DIRECTION ( 'NONE',  ( -3.583126979299020263E-32, 1.000000000000000000, 3.111048790438776325E-16 ) ) ;
#11456 = AXIS2_PLACEMENT_3D ( 'NONE', #10527, #4411, #8031 ) ;
#11457 = DIRECTION ( 'NONE',  ( 3.583126979299020263E-32, -1.000000000000000000, -3.111048790438776325E-16 ) ) ;
#11458 = CARTESIAN_POINT ( 'NONE',  ( -1.540743955509788682E-30, 1.095000000000012630, 0.000000000000000000 ) ) ;
#11459 = CARTESIAN_POINT ( 'NONE',  ( -1.540743955509788682E-30, -3.904999999999991811, 6.938893903907228378E-15 ) ) ;
#11460 = CARTESIAN_POINT ( 'NONE',  ( 11.37522030810043283, 1.095000000000012630, -12.63346203311584226 ) ) ;
#11461 = CARTESIAN_POINT ( 'NONE',  ( 11.18820910463687746, 1.095000000000012630, -12.79937408746694594 ) ) ;
#11462 = DIRECTION ( 'NONE',  ( 8.090982689360576409E-18, -0.7071067811865461294, 0.7071067811865489050 ) ) ;
#11463 = ORIENTED_EDGE ( 'NONE', *, *, #11526, .F. ) ;
#11464 = ORIENTED_EDGE ( 'NONE', *, *, #652, .T. ) ;
#11465 = EDGE_CURVE ( 'NONE', #438, #2885, #10149, .T. ) ;
#11466 = ORIENTED_EDGE ( 'NONE', *, *, #4428, .T. ) ;
#11467 = DIRECTION ( 'NONE',  ( 0.000000000000000000, 0.000000000000000000, -1.000000000000000000 ) ) ;
#11468 = FACE_OUTER_BOUND ( 'NONE', #3868, .T. ) ;
#11469 = LINE ( 'NONE', #7149, #5820 ) ;
#11470 = DIRECTION ( 'NONE',  ( -1.120801499359495711E-31, -1.000000000000000000, -3.111048790438776325E-16 ) ) ;
#11471 = CARTESIAN_POINT ( 'NONE',  ( 13.89874408141994166, 1.095000000000012630, -9.789020020369450847 ) ) ;
#11472 = ORIENTED_EDGE ( 'NONE', *, *, #3694, .F. ) ;
#11473 = CARTESIAN_POINT ( 'NONE',  ( -1.540743955509788682E-30, 1.095000000000012630, 0.000000000000000000 ) ) ;
#11474 = CIRCLE ( 'NONE', #855, 0.2500000000000002220 ) ;
#11475 = ADVANCED_FACE ( 'NONE', ( #508 ), #4241, .F. ) ;
#11476 = DIRECTION ( 'NONE',  ( -1.110223024625156540E-16, -3.061276722312011998E-16, 1.000000000000000000 ) ) ;
#11477 = CARTESIAN_POINT ( 'NONE',  ( 9.048200446567330246, 94.12768161796608979, -14.39201405914883303 ) ) ;
#11478 = ORIENTED_EDGE ( 'NONE', *, *, #10362, .T. ) ;
#11479 = DIRECTION ( 'NONE',  ( -3.583126979299020263E-32, 1.000000000000000000, 3.111048790438776325E-16 ) ) ;
#11480 = VERTEX_POINT ( 'NONE', #6933 ) ;
#11481 = CARTESIAN_POINT ( 'NONE',  ( -14.25739965507215246, 94.12768161796608979, 9.008863595255558465 ) ) ;
#11482 = ORIENTED_EDGE ( 'NONE', *, *, #3967, .F. ) ;
#11483 = CARTESIAN_POINT ( 'NONE',  ( -4.157973067892629437, 1.095000000000068141, -16.48366646006522984 ) ) ;
#11484 = ADVANCED_FACE ( 'NONE', ( #6011 ), #9369, .F. ) ;
#11485 = CYLINDRICAL_SURFACE ( 'NONE', #10823, 0.2500000000000002220 ) ;
#11486 = CARTESIAN_POINT ( 'NONE',  ( -1.540743955509788682E-30, 1.095000000000012630, 0.000000000000000000 ) ) ;
#11487 = ORIENTED_EDGE ( 'NONE', *, *, #7471, .T. ) ;
#11488 = VERTEX_POINT ( 'NONE', #5940 ) ;
#11489 = ORIENTED_EDGE ( 'NONE', *, *, #2494, .T. ) ;
#11490 = DIRECTION ( 'NONE',  ( 1.097869796574599992E-31, -1.000000000000000000, -3.111048790438772381E-16 ) ) ;
#11491 = CYLINDRICAL_SURFACE ( 'NONE', #10812, 0.2500000000000002220 ) ;
#11492 = VERTEX_POINT ( 'NONE', #6866 ) ;
#11493 = DIRECTION ( 'NONE',  ( 2.330464960982432251E-31, -1.000000000000000000, -3.111048790438776325E-16 ) ) ;
#11494 = VERTEX_POINT ( 'NONE', #11252 ) ;
#11495 = DIRECTION ( 'NONE',  ( 0.000000000000000000, 0.000000000000000000, -1.000000000000000000 ) ) ;
#11496 = LINE ( 'NONE', #8699, #5208 ) ;
#11497 = AXIS2_PLACEMENT_3D ( 'NONE', #7607, #10329, #9231 ) ;
#11498 = FACE_OUTER_BOUND ( 'NONE', #10622, .T. ) ;
#11499 = EDGE_CURVE ( 'NONE', #5242, #11423, #4018, .T. ) ;
#11500 = CARTESIAN_POINT ( 'NONE',  ( 15.53027277992426214, 1.095000000000012630, 6.664522932288467594 ) ) ;
#11501 = CIRCLE ( 'NONE', #7032, 17.00000000000000355 ) ;
#11502 = EDGE_LOOP ( 'NONE', ( #599, #10829, #8674, #11188 ) ) ;
#11503 = ORIENTED_EDGE ( 'NONE', *, *, #7557, .F. ) ;
#11504 = ORIENTED_EDGE ( 'NONE', *, *, #6084, .F. ) ;
#11505 = DIRECTION ( 'NONE',  ( 8.090982689360564083E-18, -0.7071067811865472397, 0.7071067811865477948 ) ) ;
#11506 = CARTESIAN_POINT ( 'NONE',  ( -7.142155445023743887, 94.12768161796620348, -15.42691205650425346 ) ) ;
#11507 = CARTESIAN_POINT ( 'NONE',  ( 10.69844664784733546, -3.904999999999991811, 13.21148134476841918 ) ) ;
#11508 = DIRECTION ( 'NONE',  ( -1.110223024625156540E-16, -4.081702296416015997E-16, 1.000000000000000000 ) ) ;
#11509 = ADVANCED_FACE ( 'NONE', ( #10409 ), #3260, .F. ) ;
#11510 = VECTOR ( 'NONE', #8712, 1000.000000000000000 ) ;
#11511 = DIRECTION ( 'NONE',  ( -1.110223024625156540E-16, -3.061276722312012491E-16, 1.000000000000000000 ) ) ;
#11512 = DIRECTION ( 'NONE',  ( -1.110223024625156540E-16, -3.061276722312012491E-16, 1.000000000000000000 ) ) ;
#11513 = ORIENTED_EDGE ( 'NONE', *, *, #8559, .F. ) ;
#11514 = ORIENTED_EDGE ( 'NONE', *, *, #10003, .F. ) ;
#11515 = VERTEX_POINT ( 'NONE', #5076 ) ;
#11516 = ORIENTED_EDGE ( 'NONE', *, *, #416, .F. ) ;
#11517 = CARTESIAN_POINT ( 'NONE',  ( -1.540743955509788682E-30, -3.904999999999991811, 6.938893903907228378E-15 ) ) ;
#11518 = CARTESIAN_POINT ( 'NONE',  ( 2.801843788527010415E-15, -28.40500000000001180, -12.00000000000000178 ) ) ;
#11519 = CARTESIAN_POINT ( 'NONE',  ( -1.540743955509788682E-30, 39.99999999999997868, 1.387778780781445676E-14 ) ) ;
#11520 = CARTESIAN_POINT ( 'NONE',  ( -14.72243186433546036, -3.904999999999991811, -8.499999999999973355 ) ) ;
#11521 = AXIS2_PLACEMENT_3D ( 'NONE', #4557, #3838, #131 ) ;
#11522 = EDGE_CURVE ( 'NONE', #9914, #1628, #9784, .T. ) ;
#11523 = EDGE_LOOP ( 'NONE', ( #4233, #8383, #749, #420 ) ) ;
#11524 = CARTESIAN_POINT ( 'NONE',  ( 16.42073904691409325, -3.904999999999963833, -4.399923766743030207 ) ) ;
#11525 = EDGE_CURVE ( 'NONE', #9202, #681, #3095, .T. ) ;
#11526 = EDGE_CURVE ( 'NONE', #1515, #11452, #4593, .T. ) ;
#11527 = ADVANCED_FACE ( 'NONE', ( #685 ), #575, .T. ) ;
#11528 = EDGE_CURVE ( 'NONE', #10229, #3800, #4187, .T. ) ;
#11529 = LINE ( 'NONE', #6064, #5641 ) ;
#11530 = CYLINDRICAL_SURFACE ( 'NONE', #359, 0.2500000000000002220 ) ;
ENDSEC;
END-ISO-10303-21;
