ISO-10303-21;
HEADER;
FILE_DESCRIPTION (( 'STEP AP214' ),
    '1' );
FILE_NAME ('pco_edge10_bi_clhs.STEP',
    '2026-06-11T17:41:41',
    ( '' ),
    ( '' ),
    'SwSTEP 2.0',
    'SolidWorks 2025',
    '' );
FILE_SCHEMA (( 'AUTOMOTIVE_DESIGN' ));
ENDSEC;

DATA;
#1 = CARTESIAN_POINT ( 'NONE',  ( -30.00000000000000355, -41.50857997860451576, -83.90000000000003411 ) ) ;
#2 = EDGE_LOOP ( 'NONE', ( #798, #1371, #769, #72 ) ) ;
#3 = CARTESIAN_POINT ( 'NONE',  ( -38.34999999999999432, -42.49999999999998579, -5.000000000000000000 ) ) ;
#4 = DIRECTION ( 'NONE',  ( -0.000000000000000000, -1.000000000000000000, -0.000000000000000000 ) ) ;
#5 = CARTESIAN_POINT ( 'NONE',  ( -43.99999999999999289, -42.49999999999998579, 0.000000000000000000 ) ) ;
#6 = FACE_OUTER_BOUND ( 'NONE', #1850, .T. ) ;
#7 = VERTEX_POINT ( 'NONE', #287 ) ;
#8 = VERTEX_POINT ( 'NONE', #246 ) ;
#9 = EDGE_CURVE ( 'NONE', #1714, #380, #736, .T. ) ;
#10 = AXIS2_PLACEMENT_3D ( 'NONE', #1298, #1933, #1621 ) ;
#11 = CIRCLE ( 'NONE', #677, 1.649999999999998579 ) ;
#12 = CARTESIAN_POINT ( 'NONE',  ( 40.00000000000000000, -46.49999999999998579, -102.2000000000000028 ) ) ;
#13 = CIRCLE ( 'NONE', #1526, 4.999999999999997335 ) ;
#14 = ORIENTED_EDGE ( 'NONE', *, *, #1468, .T. ) ;
#15 = AXIS2_PLACEMENT_3D ( 'NONE', #1826, #1020, #259 ) ;
#16 = CYLINDRICAL_SURFACE ( 'NONE', #1103, 2.552699999999997971 ) ;
#17 = CARTESIAN_POINT ( 'NONE',  ( -44.99999999999999289, -42.49999999999998579, -101.1999999999999886 ) ) ;
#18 = DIRECTION ( 'NONE',  ( 0.000000000000000000, 0.000000000000000000, 1.000000000000000000 ) ) ;
#19 = DIRECTION ( 'NONE',  ( 0.000000000000000000, 0.000000000000000000, 1.000000000000000000 ) ) ;
#20 = ORIENTED_EDGE ( 'NONE', *, *, #1441, .T. ) ;
#21 = ORIENTED_EDGE ( 'NONE', *, *, #565, .F. ) ;
#22 = EDGE_CURVE ( 'NONE', #1598, #1294, #1996, .T. ) ;
#23 = CARTESIAN_POINT ( 'NONE',  ( 27.24999999999999289, 2.500000000000019540, 0.000000000000000000 ) ) ;
#24 = EDGE_LOOP ( 'NONE', ( #801, #808, #896, #1028 ) ) ;
#25 = DIRECTION ( 'NONE',  ( 0.7071067811866027508, 0.000000000000000000, 0.7071067811864922836 ) ) ;
#26 = AXIS2_PLACEMENT_3D ( 'NONE', #1078, #1089, #27 ) ;
#27 = DIRECTION ( 'NONE',  ( 1.000000000000000000, 0.000000000000000000, 0.000000000000000000 ) ) ;
#28 = LINE ( 'NONE', #50, #295 ) ;
#29 = LINE ( 'NONE', #115, #1627 ) ;
#30 = VECTOR ( 'NONE', #70, 999.9999999999998863 ) ;
#31 = ORIENTED_EDGE ( 'NONE', *, *, #1574, .T. ) ;
#32 = ADVANCED_FACE ( 'NONE', ( #910 ), #1704, .F. ) ;
#33 = CARTESIAN_POINT ( 'NONE',  ( -39.99999999999999289, -42.49999999999998579, -0.02500000000000028241 ) ) ;
#34 = EDGE_CURVE ( 'NONE', #552, #1263, #1438, .T. ) ;
#35 = ORIENTED_EDGE ( 'NONE', *, *, #211, .T. ) ;
#36 = DIRECTION ( 'NONE',  ( -0.000000000000000000, -0.000000000000000000, 1.000000000000000000 ) ) ;
#37 = EDGE_CURVE ( 'NONE', #1508, #7, #922, .T. ) ;
#38 = DIRECTION ( 'NONE',  ( -2.191229653865440696E-16, 1.000000000000000000, 0.000000000000000000 ) ) ;
#39 = DIRECTION ( 'NONE',  ( 1.460819769243627377E-16, -1.000000000000000000, 0.000000000000000000 ) ) ;
#40 = FACE_OUTER_BOUND ( 'NONE', #1938, .T. ) ;
#41 = VERTEX_POINT ( 'NONE', #1522 ) ;
#42 = DIRECTION ( 'NONE',  ( -0.000000000000000000, -0.000000000000000000, 1.000000000000000000 ) ) ;
#43 = CIRCLE ( 'NONE', #1723, 12.69999999999999929 ) ;
#44 = EDGE_CURVE ( 'NONE', #503, #1343, #1472, .T. ) ;
#45 = LINE ( 'NONE', #1604, #1622 ) ;
#46 = CONICAL_SURFACE ( 'NONE', #1105, 1.675000000000002931, 0.7853981633975263277 ) ;
#47 = AXIS2_PLACEMENT_3D ( 'NONE', #1188, #1697, #1677 ) ;
#48 = FACE_OUTER_BOUND ( 'NONE', #937, .T. ) ;
#49 = VECTOR ( 'NONE', #903, 1000.000000000000000 ) ;
#50 = CARTESIAN_POINT ( 'NONE',  ( 44.99999999999998579, 42.50000000000001421, -101.1999999999999886 ) ) ;
#51 = ADVANCED_FACE ( 'NONE', ( #1065 ), #361, .F. ) ;
#52 = PLANE ( 'NONE',  #53 ) ;
#53 = AXIS2_PLACEMENT_3D ( 'NONE', #204, #510, #1784 ) ;
#54 = ORIENTED_EDGE ( 'NONE', *, *, #1342, .T. ) ;
#55 = ORIENTED_EDGE ( 'NONE', *, *, #442, .T. ) ;
#56 = AXIS2_PLACEMENT_3D ( 'NONE', #1666, #1676, #1841 ) ;
#57 = CARTESIAN_POINT ( 'NONE',  ( -39.99999999999999289, -42.49999999999998579, -5.000000000000000000 ) ) ;
#58 = VERTEX_POINT ( 'NONE', #1379 ) ;
#59 = CYLINDRICAL_SURFACE ( 'NONE', #275, 29.25000000000000000 ) ;
#60 = CARTESIAN_POINT ( 'NONE',  ( 40.00000000000000000, -42.49999999999998579, -102.2000000000000028 ) ) ;
#61 = DIRECTION ( 'NONE',  ( 0.000000000000000000, 0.000000000000000000, -1.000000000000000000 ) ) ;
#62 = CARTESIAN_POINT ( 'NONE',  ( 39.99999999999998579, 42.50000000000001421, -102.2000000000000028 ) ) ;
#64 = EDGE_CURVE ( 'NONE', #2037, #1444, #91, .T. ) ;
#63 = VERTEX_POINT ( 'NONE', #1533 ) ;
#65 = VECTOR ( 'NONE', #1565, 1000.000000000000000 ) ;
#66 = CARTESIAN_POINT ( 'NONE',  ( 29.99999999999999645, -42.49999999999998579, -85.54999999999999716 ) ) ;
#67 = ORIENTED_EDGE ( 'NONE', *, *, #1937, .T. ) ;
#68 = CARTESIAN_POINT ( 'NONE',  ( 39.99999999999997868, 46.50000000000001421, -102.2000000000000028 ) ) ;
#69 = LINE ( 'NONE', #850, #657 ) ;
#70 = DIRECTION ( 'NONE',  ( 0.000000000000000000, 0.7071067811865425767, 0.7071067811865525687 ) ) ;
#71 = CARTESIAN_POINT ( 'NONE',  ( -6.527367439455391601E-15, -42.49999999999998579, -51.45270000000001431 ) ) ;
#72 = ORIENTED_EDGE ( 'NONE', *, *, #1079, .T. ) ;
#73 = EDGE_CURVE ( 'NONE', #1316, #394, #756, .T. ) ;
#74 = ORIENTED_EDGE ( 'NONE', *, *, #1212, .T. ) ;
#75 = LINE ( 'NONE', #1787, #1332 ) ;
#76 = ORIENTED_EDGE ( 'NONE', *, *, #221, .T. ) ;
#77 = LINE ( 'NONE', #740, #1168 ) ;
#78 = AXIS2_PLACEMENT_3D ( 'NONE', #1624, #365, #1804 ) ;
#79 = CARTESIAN_POINT ( 'NONE',  ( 38.35000000000000142, 42.50000000000002842, -0.02500000000000028241 ) ) ;
#80 = CARTESIAN_POINT ( 'NONE',  ( 40.00000000000000000, -46.49999999999998579, -102.2000000000000028 ) ) ;
#81 = CIRCLE ( 'NONE', #1203, 27.25000000000000000 ) ;
#82 = ORIENTED_EDGE ( 'NONE', *, *, #926, .F. ) ;
#83 = AXIS2_PLACEMENT_3D ( 'NONE', #423, #1322, #562 ) ;
#84 = CARTESIAN_POINT ( 'NONE',  ( -30.00000000000000355, -47.47499999999997300, -83.90000000000003411 ) ) ;
#85 = ORIENTED_EDGE ( 'NONE', *, *, #64, .F. ) ;
#86 = VECTOR ( 'NONE', #1412, 1000.000000000000114 ) ;
#87 = DIRECTION ( 'NONE',  ( -0.000000000000000000, -0.000000000000000000, 1.000000000000000000 ) ) ;
#88 = CARTESIAN_POINT ( 'NONE',  ( 40.00000000000000000, 42.50000000000002842, -0.02500000000000028241 ) ) ;
#89 = LINE ( 'NONE', #735, #1856 ) ;
#90 = EDGE_LOOP ( 'NONE', ( #1756, #35, #492 ) ) ;
#91 = CIRCLE ( 'NONE', #1507, 1.674999999999995826 ) ;
#92 = ORIENTED_EDGE ( 'NONE', *, *, #1087, .T. ) ;
#93 = CARTESIAN_POINT ( 'NONE',  ( 29.24999999999999645, 2.500000000000015987, -1.000000000000000000 ) ) ;
#94 = ORIENTED_EDGE ( 'NONE', *, *, #795, .F. ) ;
#95 = EDGE_CURVE ( 'NONE', #886, #1554, #1510, .T. ) ;
#96 = LINE ( 'NONE', #253, #1558 ) ;
#97 = PRODUCT_DEFINITION_CONTEXT ( 'detailed design', #232, 'design' ) ;
#98 = DIRECTION ( 'NONE',  ( 0.000000000000000000, 0.000000000000000000, 1.000000000000000000 ) ) ;
#99 = ADVANCED_FACE ( 'NONE', ( #256 ), #449, .F. ) ;
#100 = DIRECTION ( 'NONE',  ( 0.000000000000000000, -0.7071067811865425767, 0.7071067811865525687 ) ) ;
#101 = DIRECTION ( 'NONE',  ( 1.000000000000000000, 0.000000000000000000, 0.000000000000000000 ) ) ;
#102 = EDGE_LOOP ( 'NONE', ( #280, #607, #1816, #1038 ) ) ;
#103 = DIRECTION ( 'NONE',  ( 1.000000000000000000, 0.000000000000000000, 0.000000000000000000 ) ) ;
#104 = EDGE_LOOP ( 'NONE', ( #1476, #185, #1580, #1898 ) ) ;
#105 = DIRECTION ( 'NONE',  ( 1.000000000000000000, 0.000000000000000000, 0.000000000000000000 ) ) ;
#106 = CARTESIAN_POINT ( 'NONE',  ( -44.99999999999999289, -42.49999999999998579, -101.1999999999999886 ) ) ;
#107 = DIRECTION ( 'NONE',  ( 0.7071067811865425767, 0.000000000000000000, 0.7071067811865525687 ) ) ;
#108 = CARTESIAN_POINT ( 'NONE',  ( -39.99999999999999289, -42.49999999999998579, -0.02500000000000028241 ) ) ;
#109 = AXIS2_PLACEMENT_3D ( 'NONE', #1613, #668, #535 ) ;
#110 = VECTOR ( 'NONE', #1349, 1000.000000000000114 ) ;
#111 = EDGE_CURVE ( 'NONE', #1227, #410, #1315, .T. ) ;
#112 = AXIS2_PLACEMENT_3D ( 'NONE', #1860, #156, #455 ) ;
#113 = ORIENTED_EDGE ( 'NONE', *, *, #1900, .F. ) ;
#114 = CIRCLE ( 'NONE', #83, 29.25000000000000000 ) ;
#115 = CARTESIAN_POINT ( 'NONE',  ( 39.99999999999997158, -47.49999999999998579, -101.1999999999999886 ) ) ;
#116 = AXIS2_PLACEMENT_3D ( 'NONE', #1945, #529, #1018 ) ;
#117 = EDGE_LOOP ( 'NONE', ( #956, #653, #1769, #692 ) ) ;
#118 = CARTESIAN_POINT ( 'NONE',  ( -30.00000000000000355, -42.49999999999998579, -85.55000000000001137 ) ) ;
#119 = DIRECTION ( 'NONE',  ( 0.000000000000000000, 0.000000000000000000, 1.000000000000000000 ) ) ;
#120 = CARTESIAN_POINT ( 'NONE',  ( -45.00000000000001421, 42.50000000000001421, -101.1999999999999886 ) ) ;
#121 = ADVANCED_FACE ( 'NONE', ( #1731 ), #180, .F. ) ;
#122 = CARTESIAN_POINT ( 'NONE',  ( 29.99999999999999645, -47.49999999999998579, -83.90000000000001990 ) ) ;
#123 = ORIENTED_EDGE ( 'NONE', *, *, #508, .F. ) ;
#124 = CARTESIAN_POINT ( 'NONE',  ( -6.938893903907228378E-15, 2.500000000000015987, -1.000000000000000000 ) ) ;
#125 = VECTOR ( 'NONE', #1257, 1000.000000000000114 ) ;
#126 = EDGE_LOOP ( 'NONE', ( #195, #617, #1120, #758 ) ) ;
#127 = CARTESIAN_POINT ( 'NONE',  ( -29.25000000000000711, 2.500000000000019540, 0.000000000000000000 ) ) ;
#128 = VECTOR ( 'NONE', #18, 1000.000000000000000 ) ;
#129 = ORIENTED_EDGE ( 'NONE', *, *, #1348, .F. ) ;
#130 = DIRECTION ( 'NONE',  ( 0.000000000000000000, -0.7071067811865425767, -0.7071067811865525687 ) ) ;
#131 = DIRECTION ( 'NONE',  ( -0.000000000000000000, -0.000000000000000000, 1.000000000000000000 ) ) ;
#132 = CARTESIAN_POINT ( 'NONE',  ( -39.99999999999999289, -42.49999999999998579, 0.000000000000000000 ) ) ;
#133 = ORIENTED_EDGE ( 'NONE', *, *, #1237, .T. ) ;
#134 = EDGE_CURVE ( 'NONE', #1554, #1919, #338, .T. ) ;
#135 = ORIENTED_EDGE ( 'NONE', *, *, #1359, .T. ) ;
#136 = EDGE_CURVE ( 'NONE', #269, #1631, #1397, .T. ) ;
#137 = CARTESIAN_POINT ( 'NONE',  ( 41.65000000000000568, -42.49999999999997158, -0.02500000000000028241 ) ) ;
#138 = VERTEX_POINT ( 'NONE', #1752 ) ;
#139 = DIRECTION ( 'NONE',  ( 0.000000000000000000, 0.7071067811865475727, -0.7071067811865475727 ) ) ;
#140 = APPLICATION_PROTOCOL_DEFINITION ( 'draft international standard', 'automotive_design', 1998, #371 ) ;
#141 = DIRECTION ( 'NONE',  ( -0.000000000000000000, -1.000000000000000000, -0.000000000000000000 ) ) ;
#142 = DIRECTION ( 'NONE',  ( 1.000000000000000000, 0.000000000000000000, 0.000000000000000000 ) ) ;
#143 = ORIENTED_EDGE ( 'NONE', *, *, #1135, .F. ) ;
#144 = AXIS2_PLACEMENT_3D ( 'NONE', #577, #881, #1377 ) ;
#145 = AXIS2_PLACEMENT_3D ( 'NONE', #1715, #1374, #1887 ) ;
#146 = DIRECTION ( 'NONE',  ( -0.000000000000000000, -0.7071067811865524577, -0.7071067811865425767 ) ) ;
#147 = AXIS2_PLACEMENT_3D ( 'NONE', #1143, #678, #1305 ) ;
#148 = EDGE_CURVE ( 'NONE', #673, #1820, #694, .T. ) ;
#149 = ORIENTED_EDGE ( 'NONE', *, *, #712, .T. ) ;
#150 = DIRECTION ( 'NONE',  ( 0.000000000000000000, 0.000000000000000000, -1.000000000000000000 ) ) ;
#151 = VECTOR ( 'NONE', #1347, 1000.000000000000000 ) ;
#152 = CARTESIAN_POINT ( 'NONE',  ( -30.00000000000000355, -42.49999999999998579, -82.25000000000004263 ) ) ;
#153 = PLANE ( 'NONE',  #1218 ) ;
#154 = AXIS2_PLACEMENT_3D ( 'NONE', #528, #213, #1772 ) ;
#155 = ORIENTED_EDGE ( 'NONE', *, *, #317, .F. ) ;
#156 = DIRECTION ( 'NONE',  ( 0.000000000000000000, -0.000000000000000000, -1.000000000000000000 ) ) ;
#157 = ORIENTED_EDGE ( 'NONE', *, *, #1661, .T. ) ;
#158 = EDGE_CURVE ( 'NONE', #1444, #2037, #1706, .T. ) ;
#159 = VECTOR ( 'NONE', #38, 1000.000000000000000 ) ;
#160 = CARTESIAN_POINT ( 'NONE',  ( -41.64999999999999147, -42.49999999999998579, -5.000000000000000000 ) ) ;
#161 = FACE_BOUND ( 'NONE', #739, .T. ) ;
#162 = DIRECTION ( 'NONE',  ( 1.000000000000000000, 0.000000000000000000, 0.000000000000000000 ) ) ;
#163 = DIRECTION ( 'NONE',  ( -0.000000000000000000, -0.000000000000000000, 1.000000000000000000 ) ) ;
#164 = DIRECTION ( 'NONE',  ( 0.000000000000000000, 0.000000000000000000, 1.000000000000000000 ) ) ;
#165 = ORIENTED_EDGE ( 'NONE', *, *, #712, .F. ) ;
#166 = CARTESIAN_POINT ( 'NONE',  ( -38.34999999999999432, -42.49999999999998579, -5.000000000000000000 ) ) ;
#167 = ORIENTED_EDGE ( 'NONE', *, *, #532, .T. ) ;
#168 = DIRECTION ( 'NONE',  ( -0.000000000000000000, -0.000000000000000000, 1.000000000000000000 ) ) ;
#169 = LINE ( 'NONE', #804, #125 ) ;
#170 = FACE_OUTER_BOUND ( 'NONE', #697, .T. ) ;
#171 = DIRECTION ( 'NONE',  ( -0.000000000000000000, -0.000000000000000000, 1.000000000000000000 ) ) ;
#172 = EDGE_LOOP ( 'NONE', ( #1091, #1080, #675, #1430 ) ) ;
#174 = EDGE_CURVE ( 'NONE', #138, #840, #1575, .T. ) ;
#173 = ORIENTED_EDGE ( 'NONE', *, *, #44, .F. ) ;
#175 = VECTOR ( 'NONE', #2033, 1000.000000000000000 ) ;
#176 = PLANE ( 'NONE',  #1269 ) ;
#177 = ORIENTED_EDGE ( 'NONE', *, *, #706, .F. ) ;
#178 = AXIS2_PLACEMENT_3D ( 'NONE', #550, #1806, #1671 ) ;
#179 = DIRECTION ( 'NONE',  ( -0.000000000000000000, -1.000000000000000000, -0.000000000000000000 ) ) ;
#180 = CYLINDRICAL_SURFACE ( 'NONE', #1375, 1.649999999999998579 ) ;
#181 = CARTESIAN_POINT ( 'NONE',  ( 29.24999999999999645, 2.500000000000015987, 0.000000000000000000 ) ) ;
#182 = EDGE_CURVE ( 'NONE', #707, #451, #225, .T. ) ;
#183 = CARTESIAN_POINT ( 'NONE',  ( -44.99999999999999289, -42.49999999999998579, -1.000000000000000888 ) ) ;
#184 = ORIENTED_EDGE ( 'NONE', *, *, #744, .F. ) ;
#185 = ORIENTED_EDGE ( 'NONE', *, *, #1814, .F. ) ;
#186 = AXIS2_PLACEMENT_3D ( 'NONE', #829, #1448, #1148 ) ;
#187 = EDGE_CURVE ( 'NONE', #718, #199, #292, .T. ) ;
#188 = CARTESIAN_POINT ( 'NONE',  ( -40.00000000000001421, 42.50000000000001421, 0.000000000000000000 ) ) ;
#189 = ORIENTED_EDGE ( 'NONE', *, *, #1656, .F. ) ;
#190 = CARTESIAN_POINT ( 'NONE',  ( 29.99999999999999645, -47.49999999999998579, -85.57500000000001705 ) ) ;
#191 = CONICAL_SURFACE ( 'NONE', #464, 1.649999999999998579, 1.029744258676654090 ) ;
#192 = DIRECTION ( 'NONE',  ( 1.000000000000000000, 0.000000000000000000, 0.000000000000000000 ) ) ;
#193 = DIRECTION ( 'NONE',  ( 0.000000000000000000, 0.000000000000000000, -1.000000000000000000 ) ) ;
#194 = FACE_OUTER_BOUND ( 'NONE', #2022, .T. ) ;
#195 = ORIENTED_EDGE ( 'NONE', *, *, #187, .F. ) ;
#196 = ORIENTED_EDGE ( 'NONE', *, *, #37, .T. ) ;
#197 = EDGE_CURVE ( 'NONE', #1820, #673, #1639, .T. ) ;
#198 = CARTESIAN_POINT ( 'NONE',  ( 38.32499999999999574, 42.50000000000002842, 0.000000000000000000 ) ) ;
#199 = VERTEX_POINT ( 'NONE', #298 ) ;
#200 = EDGE_CURVE ( 'NONE', #627, #1554, #1583, .T. ) ;
#201 = DIRECTION ( 'NONE',  ( -0.000000000000000000, -1.000000000000000000, -0.000000000000000000 ) ) ;
#202 = DIRECTION ( 'NONE',  ( -0.000000000000000000, -0.000000000000000000, 1.000000000000000000 ) ) ;
#203 = PRESENTATION_STYLE_ASSIGNMENT (( #1137 ) ) ;
#204 = CARTESIAN_POINT ( 'NONE',  ( -45.00000000000001421, 47.50000000000001421, -102.2000000000000028 ) ) ;
#205 = ORIENTED_EDGE ( 'NONE', *, *, #1709, .T. ) ;
#206 = DIRECTION ( 'NONE',  ( -0.000000000000000000, -0.000000000000000000, 1.000000000000000000 ) ) ;
#207 = EDGE_LOOP ( 'NONE', ( #1648, #149, #303, #760 ) ) ;
#208 = VECTOR ( 'NONE', #209, 1000.000000000000000 ) ;
#209 = DIRECTION ( 'NONE',  ( -0.000000000000000000, -1.000000000000000000, -0.000000000000000000 ) ) ;
#210 = VECTOR ( 'NONE', #1244, 1000.000000000000000 ) ;
#211 = EDGE_CURVE ( 'NONE', #1192, #748, #637, .T. ) ;
#212 = AXIS2_PLACEMENT_3D ( 'NONE', #1585, #171, #974 ) ;
#213 = DIRECTION ( 'NONE',  ( 0.000000000000000000, -0.000000000000000000, -1.000000000000000000 ) ) ;
#214 = LINE ( 'NONE', #1918, #1205 ) ;
#215 = CIRCLE ( 'NONE', #1265, 1.675000000000002931 ) ;
#216 = ORIENTED_EDGE ( 'NONE', *, *, #251, .F. ) ;
#217 = CONICAL_SURFACE ( 'NONE', #283, 1.649999999999984812, 1.029744258676654090 ) ;
#218 = DIRECTION ( 'NONE',  ( 0.000000000000000000, 0.000000000000000000, 1.000000000000000000 ) ) ;
#219 = ORIENTED_EDGE ( 'NONE', *, *, #379, .F. ) ;
#220 = LINE ( 'NONE', #190, #1761 ) ;
#221 = EDGE_CURVE ( 'NONE', #1598, #642, #1894, .T. ) ;
#222 = CYLINDRICAL_SURFACE ( 'NONE', #789, 4.999999999999997335 ) ;
#223 = CYLINDRICAL_SURFACE ( 'NONE', #915, 1.649999999999998579 ) ;
#224 = CARTESIAN_POINT ( 'NONE',  ( -45.00000000000001421, 47.50000000000001421, -102.2000000000000028 ) ) ;
#225 = CIRCLE ( 'NONE', #825, 4.999999999999997335 ) ;
#226 = ORIENTED_EDGE ( 'NONE', *, *, #237, .T. ) ;
#227 = ADVANCED_FACE ( 'NONE', ( #773 ), #1473, .F. ) ;
#228 = CONICAL_SURFACE ( 'NONE', #496, 1.649999999999984812, 1.029744258676654090 ) ;
#229 = DIRECTION ( 'NONE',  ( 0.000000000000000000, 0.000000000000000000, 1.000000000000000000 ) ) ;
#230 = ORIENTED_EDGE ( 'NONE', *, *, #837, .T. ) ;
#231 = CARTESIAN_POINT ( 'NONE',  ( 38.35000000000000142, 42.50000000000002842, 0.000000000000000000 ) ) ;
#232 = APPLICATION_CONTEXT ( 'automotive_design' ) ;
#233 = CARTESIAN_POINT ( 'NONE',  ( -41.64999999999999858, 42.50000000000001421, -5.000000000000000000 ) ) ;
#234 = PLANE ( 'NONE',  #56 ) ;
#235 = CARTESIAN_POINT ( 'NONE',  ( -40.00000000000000000, 42.50000000000001421, 0.000000000000000000 ) ) ;
#236 = VERTEX_POINT ( 'NONE', #468 ) ;
#237 = EDGE_CURVE ( 'NONE', #7, #1034, #1096, .T. ) ;
#238 = CARTESIAN_POINT ( 'NONE',  ( 29.99999999999999645, -47.49999999999998579, -82.22500000000002274 ) ) ;
#239 = ORIENTED_EDGE ( 'NONE', *, *, #148, .T. ) ;
#240 = DIRECTION ( 'NONE',  ( -0.000000000000000000, -0.000000000000000000, 1.000000000000000000 ) ) ;
#241 = VECTOR ( 'NONE', #130, 999.9999999999998863 ) ;
#242 = CONICAL_SURFACE ( 'NONE', #344, 3.999999999999996447, 0.7853981633974426169 ) ;
#243 = CARTESIAN_POINT ( 'NONE',  ( -30.00000000000000355, -42.49999999999998579, -82.25000000000004263 ) ) ;
#244 = CYLINDRICAL_SURFACE ( 'NONE', #144, 1.649999999999984812 ) ;
#245 = VECTOR ( 'NONE', #1809, 1000.000000000000000 ) ;
#246 = CARTESIAN_POINT ( 'NONE',  ( -43.99999999999999289, -42.49999999999998579, 0.000000000000000000 ) ) ;
#247 = CIRCLE ( 'NONE', #1988, 1.649999999999984812 ) ;
#248 = ORIENTED_EDGE ( 'NONE', *, *, #1313, .T. ) ;
#249 = FACE_OUTER_BOUND ( 'NONE', #1603, .T. ) ;
#250 = ORIENTED_EDGE ( 'NONE', *, *, #872, .F. ) ;
#251 = EDGE_CURVE ( 'NONE', #58, #640, #785, .T. ) ;
#252 = AXIS2_PLACEMENT_3D ( 'NONE', #566, #1488, #427 ) ;
#253 = CARTESIAN_POINT ( 'NONE',  ( 38.35000000000000142, 42.50000000000002842, -5.000000000000000000 ) ) ;
#254 = DIRECTION ( 'NONE',  ( -0.7071067811866027508, 8.659560562355608320E-17, 0.7071067811864922836 ) ) ;
#255 = CARTESIAN_POINT ( 'NONE',  ( 41.64999999999999858, 42.50000000000002842, -0.02500000000000028241 ) ) ;
#256 = FACE_OUTER_BOUND ( 'NONE', #126, .T. ) ;
#257 = ORIENTED_EDGE ( 'NONE', *, *, #1125, .F. ) ;
#258 = AXIS2_PLACEMENT_3D ( 'NONE', #931, #499, #953 ) ;
#259 = DIRECTION ( 'NONE',  ( 1.000000000000000000, 0.000000000000000000, 0.000000000000000000 ) ) ;
#260 = EDGE_CURVE ( 'NONE', #1663, #1820, #2034, .T. ) ;
#261 = EDGE_LOOP ( 'NONE', ( #752, #1670 ) ) ;
#262 = DIRECTION ( 'NONE',  ( -1.000000000000000000, 0.000000000000000000, 0.000000000000000000 ) ) ;
#263 = EDGE_CURVE ( 'NONE', #1034, #1242, #169, .T. ) ;
#264 = CARTESIAN_POINT ( 'NONE',  ( -40.00000000000001421, 42.50000000000001421, -101.1999999999999886 ) ) ;
#265 = DIRECTION ( 'NONE',  ( 0.000000000000000000, 0.000000000000000000, -1.000000000000000000 ) ) ;
#266 = CARTESIAN_POINT ( 'NONE',  ( 40.00000000000000000, 42.50000000000002842, 0.000000000000000000 ) ) ;
#267 = ORIENTED_EDGE ( 'NONE', *, *, #406, .F. ) ;
#268 = CARTESIAN_POINT ( 'NONE',  ( -6.938893903907228378E-15, 2.500000000000015987, -1.000000000000000000 ) ) ;
#269 = VERTEX_POINT ( 'NONE', #17 ) ;
#270 = ADVANCED_FACE ( 'NONE', ( #650 ), #1278, .F. ) ;
#271 = CARTESIAN_POINT ( 'NONE',  ( -41.64999999999999858, 42.50000000000001421, 0.000000000000000000 ) ) ;
#272 = CARTESIAN_POINT ( 'NONE',  ( 29.99999999999999645, -41.50857997860451576, -83.90000000000001990 ) ) ;
#273 = CARTESIAN_POINT ( 'NONE',  ( -12.70000000000000639, 2.500000000000017764, 0.000000000000000000 ) ) ;
#274 = ORIENTED_EDGE ( 'NONE', *, *, #1520, .F. ) ;
#275 = AXIS2_PLACEMENT_3D ( 'NONE', #1446, #36, #1145 ) ;
#276 = VECTOR ( 'NONE', #107, 999.9999999999998863 ) ;
#277 = ORIENTED_EDGE ( 'NONE', *, *, #1814, .T. ) ;
#278 = AXIS2_PLACEMENT_3D ( 'NONE', #188, #1001, #1420 ) ;
#279 = CARTESIAN_POINT ( 'NONE',  ( -6.938893903907228378E-15, 2.500000000000015987, -1.000000000000000000 ) ) ;
#280 = ORIENTED_EDGE ( 'NONE', *, *, #197, .F. ) ;
#281 = DIRECTION ( 'NONE',  ( -0.000000000000000000, -1.000000000000000000, -0.000000000000000000 ) ) ;
#282 = EDGE_LOOP ( 'NONE', ( #1202, #1977, #1665, #177 ) ) ;
#283 = AXIS2_PLACEMENT_3D ( 'NONE', #899, #742, #1653 ) ;
#284 = LINE ( 'NONE', #1422, #241 ) ;
#285 = DIRECTION ( 'NONE',  ( -0.000000000000000000, -1.000000000000000000, -0.000000000000000000 ) ) ;
#286 = ADVANCED_FACE ( 'NONE', ( #662 ), #517, .T. ) ;
#287 = CARTESIAN_POINT ( 'NONE',  ( 39.99999999999997868, 46.50000000000001421, 0.000000000000000000 ) ) ;
#288 = DIRECTION ( 'NONE',  ( -0.000000000000000000, -1.000000000000000000, -0.000000000000000000 ) ) ;
#289 = ORIENTED_EDGE ( 'NONE', *, *, #1511, .F. ) ;
#290 = EDGE_CURVE ( 'NONE', #1334, #1560, #69, .T. ) ;
#291 = EDGE_CURVE ( 'NONE', #357, #1418, #1309, .T. ) ;
#292 = CIRCLE ( 'NONE', #1675, 1.649999999999998579 ) ;
#293 = ORIENTED_EDGE ( 'NONE', *, *, #1610, .F. ) ;
#294 = CARTESIAN_POINT ( 'NONE',  ( -39.99999999999999289, -42.49999999999998579, -5.000000000000000000 ) ) ;
#295 = VECTOR ( 'NONE', #1615, 1000.000000000000000 ) ;
#296 = ORIENTED_EDGE ( 'NONE', *, *, #111, .F. ) ;
#297 = DIRECTION ( 'NONE',  ( 1.000000000000000000, 0.000000000000000000, 0.000000000000000000 ) ) ;
#298 = CARTESIAN_POINT ( 'NONE',  ( 41.64999999999999858, 42.50000000000002842, -5.000000000000000000 ) ) ;
#299 = CARTESIAN_POINT ( 'NONE',  ( 12.69999999999999218, 2.500000000000015987, -1.000000000000000000 ) ) ;
#300 = ORIENTED_EDGE ( 'NONE', *, *, #1359, .F. ) ;
#301 = ADVANCED_FACE ( 'NONE', ( #48 ), #1776, .F. ) ;
#302 = DIRECTION ( 'NONE',  ( 1.000000000000000000, 0.000000000000000000, 0.000000000000000000 ) ) ;
#303 = ORIENTED_EDGE ( 'NONE', *, *, #1445, .F. ) ;
#304 = DIRECTION ( 'NONE',  ( -0.000000000000000000, -1.000000000000000000, -0.000000000000000000 ) ) ;
#305 = CARTESIAN_POINT ( 'NONE',  ( -27.25000000000000711, 2.500000000000015987, -1.000000000000000000 ) ) ;
#306 = CARTESIAN_POINT ( 'NONE',  ( 29.99999999999999645, -47.49999999999998579, -83.90000000000001990 ) ) ;
#307 = DIRECTION ( 'NONE',  ( -0.7071067811865474617, 0.000000000000000000, -0.7071067811865474617 ) ) ;
#308 = EDGE_LOOP ( 'NONE', ( #1578, #1350, #1777 ) ) ;
#309 = AXIS2_PLACEMENT_3D ( 'NONE', #661, #1124, #1633 ) ;
#310 = VECTOR ( 'NONE', #1870, 1000.000000000000000 ) ;
#311 =( GEOMETRIC_REPRESENTATION_CONTEXT ( 3 ) GLOBAL_UNCERTAINTY_ASSIGNED_CONTEXT ( ( #889 ) ) GLOBAL_UNIT_ASSIGNED_CONTEXT ( ( #1238, #1882, #1740 ) ) REPRESENTATION_CONTEXT ( 'NONE', 'WORKASPACE' ) );
#312 = EDGE_CURVE ( 'NONE', #640, #1288, #1440, .T. ) ;
#313 = AXIS2_PLACEMENT_3D ( 'NONE', #1169, #229, #1181 ) ;
#314 = CARTESIAN_POINT ( 'NONE',  ( 38.35000000000000853, -42.49999999999997158, -5.000000000000000000 ) ) ;
#315 = CIRCLE ( 'NONE', #1629, 27.25000000000000000 ) ;
#316 = EDGE_LOOP ( 'NONE', ( #189, #248, #157, #1774 ) ) ;
#317 = EDGE_CURVE ( 'NONE', #410, #1227, #924, .T. ) ;
#318 = CARTESIAN_POINT ( 'NONE',  ( -40.00000000000000000, 42.50000000000001421, 0.000000000000000000 ) ) ;
#319 = DIRECTION ( 'NONE',  ( -0.000000000000000000, 0.000000000000000000, 1.000000000000000000 ) ) ;
#320 = CIRCLE ( 'NONE', #854, 3.187700000000001754 ) ;
#321 = CARTESIAN_POINT ( 'NONE',  ( 29.99999999999999645, -47.49999999999998579, -85.54999999999999716 ) ) ;
#322 = DIRECTION ( 'NONE',  ( 1.000000000000000000, 0.000000000000000000, 0.000000000000000000 ) ) ;
#323 = CARTESIAN_POINT ( 'NONE',  ( -6.938893903907228378E-15, 2.500000000000015987, -1.000000000000000000 ) ) ;
#324 = ORIENTED_EDGE ( 'NONE', *, *, #1259, .T. ) ;
#325 = LINE ( 'NONE', #824, #1013 ) ;
#326 = ORIENTED_EDGE ( 'NONE', *, *, #1644, .T. ) ;
#327 = CARTESIAN_POINT ( 'NONE',  ( -6.938893903907228378E-15, 2.500000000000015987, -1.000000000000000000 ) ) ;
#328 = EDGE_CURVE ( 'NONE', #1242, #1508, #838, .T. ) ;
#329 = CARTESIAN_POINT ( 'NONE',  ( 41.65000000000000568, -42.49999999999997158, -5.000000000000000000 ) ) ;
#330 = DIRECTION ( 'NONE',  ( -0.000000000000000000, -0.000000000000000000, 1.000000000000000000 ) ) ;
#331 = DIRECTION ( 'NONE',  ( 0.000000000000000000, -0.5150380749100549327, -0.8571673007021118895 ) ) ;
#332 = ORIENTED_EDGE ( 'NONE', *, *, #312, .T. ) ;
#333 = ORIENTED_EDGE ( 'NONE', *, *, #1431, .T. ) ;
#334 = DIRECTION ( 'NONE',  ( 1.000000000000000000, 0.000000000000000000, 0.000000000000000000 ) ) ;
#335 = ORIENTED_EDGE ( 'NONE', *, *, #949, .F. ) ;
#336 = EDGE_CURVE ( 'NONE', #1222, #822, #1741, .T. ) ;
#337 = CYLINDRICAL_SURFACE ( 'NONE', #1039, 1.649999999999984812 ) ;
#338 = LINE ( 'NONE', #321, #431 ) ;
#339 = DIRECTION ( 'NONE',  ( -0.000000000000000000, -1.000000000000000000, -0.000000000000000000 ) ) ;
#340 = FACE_OUTER_BOUND ( 'NONE', #1047, .T. ) ;
#341 = ORIENTED_EDGE ( 'NONE', *, *, #1636, .F. ) ;
#342 = ORIENTED_EDGE ( 'NONE', *, *, #328, .T. ) ;
#343 = ADVANCED_FACE ( 'NONE', ( #350 ), #222, .T. ) ;
#344 = AXIS2_PLACEMENT_3D ( 'NONE', #686, #1607, #839 ) ;
#345 = CARTESIAN_POINT ( 'NONE',  ( -6.527367439455391601E-15, -47.49999999999998579, -52.08770000000001232 ) ) ;
#346 = AXIS2_PLACEMENT_3D ( 'NONE', #1549, #1262, #1384 ) ;
#347 = EDGE_LOOP ( 'NONE', ( #821, #1002, #927, #1799 ) ) ;
#348 = VECTOR ( 'NONE', #1587, 999.9999999999998863 ) ;
#349 = CARTESIAN_POINT ( 'NONE',  ( -6.938893903907228378E-15, 2.500000000000015987, 0.000000000000000000 ) ) ;
#350 = FACE_OUTER_BOUND ( 'NONE', #988, .T. ) ;
#351 = FILL_AREA_STYLE ('',( #973 ) ) ;
#352 = DIRECTION ( 'NONE',  ( 1.000000000000000000, 1.460819769243627377E-16, -0.000000000000000000 ) ) ;
#353 = ADVANCED_FACE ( 'NONE', ( #1634 ), #191, .F. ) ;
#354 = ORIENTED_EDGE ( 'NONE', *, *, #1151, .T. ) ;
#355 = CIRCLE ( 'NONE', #719, 2.552699999999997971 ) ;
#356 = ADVANCED_FACE ( 'NONE', ( #373 ), #1252, .F. ) ;
#357 = VERTEX_POINT ( 'NONE', #1005 ) ;
#358 = DIRECTION ( 'NONE',  ( 0.8571673007021121116, 0.000000000000000000, 0.5150380749100544886 ) ) ;
#359 = EDGE_LOOP ( 'NONE', ( #665, #1957, #367, #94 ) ) ;
#360 = DIRECTION ( 'NONE',  ( 0.000000000000000000, 0.000000000000000000, -1.000000000000000000 ) ) ;
#361 = CONICAL_SURFACE ( 'NONE', #589, 1.675000000000002931, 0.7853981633975263277 ) ;
#362 = AXIS2_PLACEMENT_3D ( 'NONE', #861, #1605, #192 ) ;
#363 = CARTESIAN_POINT ( 'NONE',  ( -30.00000000000000355, -47.49999999999998579, -82.22500000000003695 ) ) ;
#364 = LINE ( 'NONE', #869, #884 ) ;
#365 = DIRECTION ( 'NONE',  ( 0.000000000000000000, 0.000000000000000000, -1.000000000000000000 ) ) ;
#366 = ORIENTED_EDGE ( 'NONE', *, *, #897, .F. ) ;
#367 = ORIENTED_EDGE ( 'NONE', *, *, #44, .T. ) ;
#368 = ADVANCED_FACE ( 'NONE', ( #1025 ), #1939, .F. ) ;
#369 = FACE_OUTER_BOUND ( 'NONE', #1167, .T. ) ;
#370 = ORIENTED_EDGE ( 'NONE', *, *, #34, .T. ) ;
#371 = APPLICATION_CONTEXT ( 'automotive_design' ) ;
#372 = CYLINDRICAL_SURFACE ( 'NONE', #10, 1.649999999999998579 ) ;
#373 = FACE_OUTER_BOUND ( 'NONE', #1144, .T. ) ;
#374 = DIRECTION ( 'NONE',  ( 0.000000000000000000, 0.000000000000000000, -1.000000000000000000 ) ) ;
#375 = CARTESIAN_POINT ( 'NONE',  ( 41.67500000000001137, -42.49999999999997158, 0.000000000000000000 ) ) ;
#376 = ORIENTED_EDGE ( 'NONE', *, *, #2024, .F. ) ;
#377 = EDGE_LOOP ( 'NONE', ( #591, #1684, #1066, #1010 ) ) ;
#378 = DIRECTION ( 'NONE',  ( -0.7071067811865474617, 0.000000000000000000, 0.7071067811865476838 ) ) ;
#379 = EDGE_CURVE ( 'NONE', #945, #1689, #1478, .T. ) ;
#380 = VERTEX_POINT ( 'NONE', #1925 ) ;
#381 = AXIS2_PLACEMENT_3D ( 'NONE', #327, #1891, #1864 ) ;
#382 = CONICAL_SURFACE ( 'NONE', #78, 3.999999999999996447, 0.7853981633974496113 ) ;
#383 = CARTESIAN_POINT ( 'NONE',  ( -6.527367439455391601E-15, -47.49999999999998579, -48.90000000000001279 ) ) ;
#384 = VECTOR ( 'NONE', #573, 1000.000000000000114 ) ;
#385 = CARTESIAN_POINT ( 'NONE',  ( -6.938893903907228378E-15, 2.500000000000015987, 0.000000000000000000 ) ) ;
#386 = AXIS2_PLACEMENT_3D ( 'NONE', #1931, #1768, #334 ) ;
#387 = DIRECTION ( 'NONE',  ( 0.000000000000000000, 0.000000000000000000, 1.000000000000000000 ) ) ;
#388 = CARTESIAN_POINT ( 'NONE',  ( -40.00000000000000000, 42.50000000000001421, -0.02500000000000028241 ) ) ;
#389 = VECTOR ( 'NONE', #331, 1000.000000000000000 ) ;
#390 = ORIENTED_EDGE ( 'NONE', *, *, #2035, .F. ) ;
#391 = EDGE_LOOP ( 'NONE', ( #1463, #990, #1515, #239 ) ) ;
#392 = CIRCLE ( 'NONE', #649, 29.25000000000000000 ) ;
#393 = DIRECTION ( 'NONE',  ( 1.000000000000000000, 0.000000000000000000, 0.000000000000000000 ) ) ;
#394 = VERTEX_POINT ( 'NONE', #363 ) ;
#395 = CARTESIAN_POINT ( 'NONE',  ( -40.00000000000001421, 47.50000000000001421, -101.1999999999999886 ) ) ;
#396 = DIRECTION ( 'NONE',  ( 0.000000000000000000, 0.000000000000000000, -1.000000000000000000 ) ) ;
#397 = DIRECTION ( 'NONE',  ( 1.000000000000000000, 0.000000000000000000, 0.000000000000000000 ) ) ;
#398 = ADVANCED_FACE ( 'NONE', ( #995 ), #1614, .F. ) ;
#399 = CARTESIAN_POINT ( 'NONE',  ( -45.00000000000001421, 47.50000000000001421, -1.000000000000000888 ) ) ;
#400 = AXIS2_PLACEMENT_3D ( 'NONE', #1249, #1875, #1719 ) ;
#401 = ORIENTED_EDGE ( 'NONE', *, *, #1426, .T. ) ;
#402 = VECTOR ( 'NONE', #1895, 1000.000000000000114 ) ;
#403 = FACE_OUTER_BOUND ( 'NONE', #2, .T. ) ;
#404 = ORIENTED_EDGE ( 'NONE', *, *, #1724, .T. ) ;
#405 = FACE_BOUND ( 'NONE', #1757, .T. ) ;
#406 = EDGE_CURVE ( 'NONE', #627, #886, #805, .T. ) ;
#407 = FACE_OUTER_BOUND ( 'NONE', #117, .T. ) ;
#408 = PLANE ( 'NONE',  #1139 ) ;
#409 = DIRECTION ( 'NONE',  ( 1.000000000000000000, 0.000000000000000000, 0.000000000000000000 ) ) ;
#410 = VERTEX_POINT ( 'NONE', #2026 ) ;
#411 = ADVANCED_FACE ( 'NONE', ( #1097 ), #153, .F. ) ;
#412 = DIRECTION ( 'NONE',  ( 0.000000000000000000, 0.000000000000000000, -1.000000000000000000 ) ) ;
#413 = ORIENTED_EDGE ( 'NONE', *, *, #406, .T. ) ;
#414 = DIRECTION ( 'NONE',  ( 0.000000000000000000, 0.000000000000000000, -1.000000000000000000 ) ) ;
#415 = AXIS2_PLACEMENT_3D ( 'NONE', #608, #458, #1095 ) ;
#416 = AXIS2_PLACEMENT_3D ( 'NONE', #1531, #1338, #2005 ) ;
#417 = LINE ( 'NONE', #106, #457 ) ;
#418 = DIRECTION ( 'NONE',  ( 1.000000000000000000, 0.000000000000000000, 0.000000000000000000 ) ) ;
#419 = CIRCLE ( 'NONE', #776, 1.675000000000002931 ) ;
#420 = DIRECTION ( 'NONE',  ( 0.000000000000000000, 0.000000000000000000, 1.000000000000000000 ) ) ;
#421 = ADVANCED_FACE ( 'NONE', ( #775 ), #1378, .T. ) ;
#422 = ORIENTED_EDGE ( 'NONE', *, *, #556, .F. ) ;
#423 = CARTESIAN_POINT ( 'NONE',  ( -6.938893903907228378E-15, 2.500000000000015987, 0.000000000000000000 ) ) ;
#424 = EDGE_CURVE ( 'NONE', #1734, #1598, #1743, .T. ) ;
#425 = ORIENTED_EDGE ( 'NONE', *, *, #1313, .F. ) ;
#426 = FACE_BOUND ( 'NONE', #1179, .T. ) ;
#427 = DIRECTION ( 'NONE',  ( -1.000000000000000000, 0.000000000000000000, -0.000000000000000000 ) ) ;
#428 = CARTESIAN_POINT ( 'NONE',  ( 40.00000000000000000, 42.50000000000002842, 0.000000000000000000 ) ) ;
#429 = CARTESIAN_POINT ( 'NONE',  ( 29.99999999999999645, -42.49999999999998579, -83.90000000000001990 ) ) ;
#430 = ORIENTED_EDGE ( 'NONE', *, *, #1035, .F. ) ;
#431 = VECTOR ( 'NONE', #141, 1000.000000000000000 ) ;
#432 = FACE_OUTER_BOUND ( 'NONE', #261, .T. ) ;
#433 = ORIENTED_EDGE ( 'NONE', *, *, #1532, .F. ) ;
#434 = EDGE_CURVE ( 'NONE', #748, #1316, #1720, .T. ) ;
#435 = DIRECTION ( 'NONE',  ( 0.000000000000000000, -1.000000000000000000, 0.000000000000000000 ) ) ;
#436 = FACE_OUTER_BOUND ( 'NONE', #1380, .T. ) ;
#437 = DIRECTION ( 'NONE',  ( 1.000000000000000000, 0.000000000000000000, 0.000000000000000000 ) ) ;
#438 = DIRECTION ( 'NONE',  ( 1.000000000000000000, 0.000000000000000000, 0.000000000000000000 ) ) ;
#439 = EDGE_LOOP ( 'NONE', ( #540, #602, #230, #658, #1421, #1387, #1889, #326 ) ) ;
#440 = DIRECTION ( 'NONE',  ( 0.000000000000000000, 0.000000000000000000, 1.000000000000000000 ) ) ;
#441 = EDGE_LOOP ( 'NONE', ( #2009, #858, #1858, #165 ) ) ;
#442 = EDGE_CURVE ( 'NONE', #1343, #822, #1117, .T. ) ;
#443 = DIRECTION ( 'NONE',  ( 1.000000000000000000, 0.000000000000000000, 0.000000000000000000 ) ) ;
#444 = EDGE_LOOP ( 'NONE', ( #1123, #1109, #1220 ) ) ;
#445 = CARTESIAN_POINT ( 'NONE',  ( 40.00000000000000000, 42.50000000000002842, 0.000000000000000000 ) ) ;
#446 = CARTESIAN_POINT ( 'NONE',  ( 29.99999999999999645, -47.49999999999998579, -83.90000000000001990 ) ) ;
#447 = ADVANCED_FACE ( 'NONE', ( #170 ), #228, .F. ) ;
#448 = CARTESIAN_POINT ( 'NONE',  ( -41.64999999999999858, 42.50000000000001421, -0.02500000000000028241 ) ) ;
#449 = CYLINDRICAL_SURFACE ( 'NONE', #892, 1.649999999999998579 ) ;
#450 = CONICAL_SURFACE ( 'NONE', #676, 3.999999999999996447, 0.7853981633974496113 ) ;
#451 = VERTEX_POINT ( 'NONE', #477 ) ;
#452 = CONICAL_SURFACE ( 'NONE', #946, 1.675000000000002931, 0.7853981633975263277 ) ;
#453 = CARTESIAN_POINT ( 'NONE',  ( -27.25000000000000711, 2.500000000000015987, 0.000000000000000000 ) ) ;
#454 = ORIENTED_EDGE ( 'NONE', *, *, #263, .T. ) ;
#455 = DIRECTION ( 'NONE',  ( 1.000000000000000000, 0.000000000000000000, 0.000000000000000000 ) ) ;
#456 = ORIENTED_EDGE ( 'NONE', *, *, #1940, .F. ) ;
#457 = VECTOR ( 'NONE', #1803, 1000.000000000000000 ) ;
#458 = DIRECTION ( 'NONE',  ( 0.000000000000000000, -0.000000000000000000, -1.000000000000000000 ) ) ;
#459 = DIRECTION ( 'NONE',  ( 1.000000000000000000, 0.000000000000000000, 0.000000000000000000 ) ) ;
#460 = EDGE_CURVE ( 'NONE', #394, #840, #1285, .T. ) ;
#461 = DIRECTION ( 'NONE',  ( 1.000000000000000000, 0.000000000000000000, 0.000000000000000000 ) ) ;
#462 = EDGE_LOOP ( 'NONE', ( #1172, #250, #274, #1968 ) ) ;
#463 = VECTOR ( 'NONE', #579, 1000.000000000000114 ) ;
#464 = AXIS2_PLACEMENT_3D ( 'NONE', #1782, #1136, #984 ) ;
#465 = CARTESIAN_POINT ( 'NONE',  ( -30.00000000000000355, -47.49999999999998579, -83.90000000000003411 ) ) ;
#466 = VERTEX_POINT ( 'NONE', #1258 ) ;
#467 = CARTESIAN_POINT ( 'NONE',  ( -38.34999999999999432, -42.49999999999998579, 0.000000000000000000 ) ) ;
#468 = CARTESIAN_POINT ( 'NONE',  ( 27.24999999999999289, 2.500000000000019540, -1.000000000000000000 ) ) ;
#469 = DIRECTION ( 'NONE',  ( 0.000000000000000000, 0.000000000000000000, -1.000000000000000000 ) ) ;
#470 = ADVANCED_FACE ( 'NONE', ( #965 ), #1398, .F. ) ;
#471 = ORIENTED_EDGE ( 'NONE', *, *, #37, .F. ) ;
#472 = PRODUCT_DEFINITION ( 'UNKNOWN', '', #480, #97 ) ;
#473 = LINE ( 'NONE', #2029, #310 ) ;
#474 = ORIENTED_EDGE ( 'NONE', *, *, #134, .T. ) ;
#475 = FACE_OUTER_BOUND ( 'NONE', #444, .T. ) ;
#476 = DIRECTION ( 'NONE',  ( 0.000000000000000000, 0.000000000000000000, 1.000000000000000000 ) ) ;
#477 = CARTESIAN_POINT ( 'NONE',  ( 45.00000000000000000, -42.49999999999998579, -101.1999999999999886 ) ) ;
#478 = EDGE_LOOP ( 'NONE', ( #1296, #1411, #1620, #1538, #133, #226, #401, #1483 ) ) ;
#479 = CIRCLE ( 'NONE', #112, 3.999999999999996447 ) ;
#480 = PRODUCT_DEFINITION_FORMATION_WITH_SPECIFIED_SOURCE ( 'ANY', '', #1536, .NOT_KNOWN. ) ;
#481 = AXIS2_PLACEMENT_3D ( 'NONE', #1495, #218, #857 ) ;
#482 = EDGE_CURVE ( 'NONE', #1571, #999, #1127, .T. ) ;
#483 = FACE_OUTER_BOUND ( 'NONE', #1306, .T. ) ;
#484 = CONICAL_SURFACE ( 'NONE', #1529, 1.674999999999995826, 0.7853981633974482790 ) ;
#485 = ORIENTED_EDGE ( 'NONE', *, *, #986, .T. ) ;
#486 = CARTESIAN_POINT ( 'NONE',  ( 29.99999999999999645, -42.49999999999998579, -83.90000000000001990 ) ) ;
#487 = CONICAL_SURFACE ( 'NONE', #1830, 1.674999999999995826, 0.7853981633974482790 ) ;
#488 = DIRECTION ( 'NONE',  ( 1.460819769243627377E-16, -1.000000000000000000, 0.000000000000000000 ) ) ;
#489 = CARTESIAN_POINT ( 'NONE',  ( -6.136986779291190475E-15, -47.49999999999998579, -45.71230000000001326 ) ) ;
#490 = LINE ( 'NONE', #1118, #389 ) ;
#491 = EDGE_LOOP ( 'NONE', ( #1504, #1433, #604, #993 ) ) ;
#492 = ORIENTED_EDGE ( 'NONE', *, *, #569, .T. ) ;
#493 = CARTESIAN_POINT ( 'NONE',  ( -30.00000000000000355, -47.47499999999997300, -82.25000000000004263 ) ) ;
#494 = VECTOR ( 'NONE', #972, 1000.000000000000114 ) ;
#495 = ORIENTED_EDGE ( 'NONE', *, *, #911, .T. ) ;
#496 = AXIS2_PLACEMENT_3D ( 'NONE', #954, #786, #469 ) ;
#497 = CARTESIAN_POINT ( 'NONE',  ( 27.24999999999999289, 2.500000000000019540, 0.000000000000000000 ) ) ;
#498 = FACE_BOUND ( 'NONE', #1766, .T. ) ;
#499 = DIRECTION ( 'NONE',  ( -0.000000000000000000, -1.000000000000000000, -0.000000000000000000 ) ) ;
#500 = DIRECTION ( 'NONE',  ( 0.7071067811865463515, 1.549433347385301797E-16, -0.7071067811865487940 ) ) ;
#501 = DIRECTION ( 'NONE',  ( 1.049727191138618079E-16, -0.5150380749100549327, 0.8571673007021118895 ) ) ;
#502 = EDGE_LOOP ( 'NONE', ( #2001, #92, #1980 ) ) ;
#503 = VERTEX_POINT ( 'NONE', #1251 ) ;
#504 = DIRECTION ( 'NONE',  ( 0.7071067811866027508, 0.000000000000000000, 0.7071067811864922836 ) ) ;
#505 = ORIENTED_EDGE ( 'NONE', *, *, #1798, .F. ) ;
#506 = ADVANCED_FACE ( 'NONE', ( #1584 ), #2036, .T. ) ;
#507 = DIRECTION ( 'NONE',  ( 0.000000000000000000, 0.000000000000000000, -1.000000000000000000 ) ) ;
#508 = EDGE_CURVE ( 'NONE', #1828, #673, #943, .T. ) ;
#509 = EDGE_CURVE ( 'NONE', #1481, #1234, #1876, .T. ) ;
#510 = DIRECTION ( 'NONE',  ( -1.000000000000000000, -2.191229653865440696E-16, 0.000000000000000000 ) ) ;
#511 = ORIENTED_EDGE ( 'NONE', *, *, #1074, .F. ) ;
#512 = AXIS2_PLACEMENT_3D ( 'NONE', #1842, #920, #588 ) ;
#513 = DIRECTION ( 'NONE',  ( 0.000000000000000000, -0.7071067811865493491, -0.7071067811865456854 ) ) ;
#514 = VECTOR ( 'NONE', #1802, 1000.000000000000000 ) ;
#515 = ORIENTED_EDGE ( 'NONE', *, *, #1997, .T. ) ;
#516 = DIRECTION ( 'NONE',  ( 0.000000000000000000, 0.000000000000000000, -1.000000000000000000 ) ) ;
#517 = CYLINDRICAL_SURFACE ( 'NONE', #1346, 27.25000000000000000 ) ;
#518 = DIRECTION ( 'NONE',  ( 1.000000000000000000, 0.000000000000000000, 0.000000000000000000 ) ) ;
#519 = CYLINDRICAL_SURFACE ( 'NONE', #1072, 27.25000000000000000 ) ;
#521 = EDGE_CURVE ( 'NONE', #8, #1631, #1415, .T. ) ;
#520 = EDGE_LOOP ( 'NONE', ( #610, #722, #1082, #123 ) ) ;
#522 = CONICAL_SURFACE ( 'NONE', #983, 3.187700000000001754, 0.7853981633974456145 ) ;
#523 = LINE ( 'NONE', #166, #1890 ) ;
#524 = VERTEX_POINT ( 'NONE', #489 ) ;
#525 = FACE_OUTER_BOUND ( 'NONE', #1785, .T. ) ;
#526 = VECTOR ( 'NONE', #1742, 1000.000000000000000 ) ;
#527 = CARTESIAN_POINT ( 'NONE',  ( -39.99999999999999289, -42.49999999999998579, 0.000000000000000000 ) ) ;
#528 = CARTESIAN_POINT ( 'NONE',  ( 40.00000000000000000, -42.49999999999998579, -102.2000000000000028 ) ) ;
#529 = DIRECTION ( 'NONE',  ( 0.000000000000000000, 0.000000000000000000, 1.000000000000000000 ) ) ;
#530 = EDGE_LOOP ( 'NONE', ( #1638, #1369, #1642, #300 ) ) ;
#531 = ADVANCED_FACE ( 'NONE', ( #1545 ), #1907, .F. ) ;
#532 = EDGE_CURVE ( 'NONE', #466, #1978, #932, .T. ) ;
#533 = LINE ( 'NONE', #1162, #644 ) ;
#534 = ORIENTED_EDGE ( 'NONE', *, *, #1506, .T. ) ;
#535 = DIRECTION ( 'NONE',  ( 1.000000000000000000, 0.000000000000000000, 0.000000000000000000 ) ) ;
#536 = DIRECTION ( 'NONE',  ( -0.000000000000000000, -0.000000000000000000, 1.000000000000000000 ) ) ;
#537 = DIRECTION ( 'NONE',  ( 0.000000000000000000, 0.000000000000000000, -1.000000000000000000 ) ) ;
#538 = ORIENTED_EDGE ( 'NONE', *, *, #1930, .T. ) ;
#539 = LINE ( 'NONE', #1660, #1496 ) ;
#540 = ORIENTED_EDGE ( 'NONE', *, *, #556, .T. ) ;
#541 = AXIS2_PLACEMENT_3D ( 'NONE', #224, #862, #704 ) ;
#542 = ADVANCED_FACE ( 'NONE', ( #1754 ), #1623, .T. ) ;
#543 = FACE_BOUND ( 'NONE', #1985, .T. ) ;
#544 = CONICAL_SURFACE ( 'NONE', #812, 1.649999999999998579, 1.029744258676654090 ) ;
#545 = DIRECTION ( 'NONE',  ( -0.000000000000000000, -0.000000000000000000, 1.000000000000000000 ) ) ;
#546 = CARTESIAN_POINT ( 'NONE',  ( -6.938893903907228378E-15, 2.500000000000015987, -1.000000000000000000 ) ) ;
#547 = DIRECTION ( 'NONE',  ( 0.000000000000000000, -0.000000000000000000, 1.000000000000000000 ) ) ;
#548 = ORIENTED_EDGE ( 'NONE', *, *, #509, .F. ) ;
#549 = CIRCLE ( 'NONE', #2027, 12.69999999999999929 ) ;
#550 = CARTESIAN_POINT ( 'NONE',  ( -40.00000000000000000, 42.50000000000001421, 0.000000000000000000 ) ) ;
#551 = EDGE_CURVE ( 'NONE', #1129, #590, #703, .T. ) ;
#552 = VERTEX_POINT ( 'NONE', #181 ) ;
#553 = EDGE_CURVE ( 'NONE', #451, #1734, #28, .T. ) ;
#554 = DIRECTION ( 'NONE',  ( 1.000000000000000000, 0.000000000000000000, 0.000000000000000000 ) ) ;
#555 = CARTESIAN_POINT ( 'NONE',  ( -6.938893903907228378E-15, 2.500000000000015987, 0.000000000000000000 ) ) ;
#556 = EDGE_CURVE ( 'NONE', #1008, #1334, #1745, .T. ) ;
#557 = CARTESIAN_POINT ( 'NONE',  ( 44.00000000000000000, -42.49999999999998579, -102.2000000000000028 ) ) ;
#558 = AXIS2_PLACEMENT_3D ( 'NONE', #527, #536, #1951 ) ;
#559 = EDGE_LOOP ( 'NONE', ( #454, #1972, #705, #1152 ) ) ;
#560 = VECTOR ( 'NONE', #1017, 1000.000000000000000 ) ;
#561 = ORIENTED_EDGE ( 'NONE', *, *, #1532, .T. ) ;
#562 = DIRECTION ( 'NONE',  ( 1.000000000000000000, 0.000000000000000000, 0.000000000000000000 ) ) ;
#563 = ORIENTED_EDGE ( 'NONE', *, *, #986, .F. ) ;
#564 = CARTESIAN_POINT ( 'NONE',  ( 29.99999999999999645, -47.47499999999997300, -82.25000000000002842 ) ) ;
#565 = EDGE_CURVE ( 'NONE', #524, #1213, #1534, .T. ) ;
#566 = CARTESIAN_POINT ( 'NONE',  ( 0.000000000000000000, 46.50000000000001421, 0.000000000000000000 ) ) ;
#567 = FACE_BOUND ( 'NONE', #1114, .T. ) ;
#568 = DIRECTION ( 'NONE',  ( -0.000000000000000000, -0.000000000000000000, 1.000000000000000000 ) ) ;
#569 = EDGE_CURVE ( 'NONE', #748, #883, #1146, .T. ) ;
#570 = ORIENTED_EDGE ( 'NONE', *, *, #1321, .T. ) ;
#571 = CARTESIAN_POINT ( 'NONE',  ( 44.99999999999998579, 42.50000000000001421, -1.000000000000000888 ) ) ;
#572 = ORIENTED_EDGE ( 'NONE', *, *, #1092, .F. ) ;
#573 = DIRECTION ( 'NONE',  ( 0.000000000000000000, -0.7071067811865474617, -0.7071067811865474617 ) ) ;
#574 = CONICAL_SURFACE ( 'NONE', #1491, 3.999999999999996447, 0.7853981633974496113 ) ;
#575 = AXIS2_PLACEMENT_3D ( 'NONE', #1839, #1963, #414 ) ;
#576 = CARTESIAN_POINT ( 'NONE',  ( 41.65000000000000568, -42.49999999999997158, 0.000000000000000000 ) ) ;
#577 = CARTESIAN_POINT ( 'NONE',  ( -30.00000000000000355, -47.49999999999998579, -83.90000000000003411 ) ) ;
#578 = AXIS2_PLACEMENT_3D ( 'NONE', #738, #1362, #103 ) ;
#579 = DIRECTION ( 'NONE',  ( -0.7071067811865474617, 0.000000000000000000, 0.7071067811865474617 ) ) ;
#580 = MANIFOLD_SOLID_BREP ( 'Cut-Extrude2', #788 ) ;
#581 = AXIS2_PLACEMENT_3D ( 'NONE', #955, #594, #1537 ) ;
#582 = ADVANCED_FACE ( 'NONE', ( #1165 ), #487, .F. ) ;
#583 = VERTEX_POINT ( 'NONE', #1006 ) ;
#584 = CARTESIAN_POINT ( 'NONE',  ( 40.00000000000000000, 42.50000000000002842, 0.000000000000000000 ) ) ;
#585 = VERTEX_POINT ( 'NONE', #1310 ) ;
#586 = LINE ( 'NONE', #1981, #384 ) ;
#587 = CARTESIAN_POINT ( 'NONE',  ( -41.67500000000000426, 42.50000000000001421, 0.000000000000000000 ) ) ;
#588 = DIRECTION ( 'NONE',  ( 1.000000000000000000, -1.387778780781446464E-15, 0.000000000000000000 ) ) ;
#589 = AXIS2_PLACEMENT_3D ( 'NONE', #1688, #2015, #409 ) ;
#590 = VERTEX_POINT ( 'NONE', #1935 ) ;
#591 = ORIENTED_EDGE ( 'NONE', *, *, #770, .F. ) ;
#592 = EDGE_CURVE ( 'NONE', #1470, #583, #392, .T. ) ;
#593 = AXIS2_PLACEMENT_3D ( 'NONE', #684, #545, #670 ) ;
#594 = DIRECTION ( 'NONE',  ( 0.000000000000000000, -0.000000000000000000, -1.000000000000000000 ) ) ;
#595 = ORIENTED_EDGE ( 'NONE', *, *, #669, .T. ) ;
#596 = ADVANCED_FACE ( 'NONE', ( #985 ), #223, .F. ) ;
#597 = CARTESIAN_POINT ( 'NONE',  ( -40.00000000000000000, 42.50000000000001421, -5.000000000000000000 ) ) ;
#598 = EDGE_LOOP ( 'NONE', ( #1897, #54, #1150 ) ) ;
#599 = CARTESIAN_POINT ( 'NONE',  ( -6.938893903907228378E-15, 2.500000000000015987, -1.000000000000000000 ) ) ;
#600 = LINE ( 'NONE', #1513, #110 ) ;
#601 = DIRECTION ( 'NONE',  ( 8.659560562354932858E-17, -0.7071067811865474617, 0.7071067811865474617 ) ) ;
#602 = ORIENTED_EDGE ( 'NONE', *, *, #290, .T. ) ;
#603 = CARTESIAN_POINT ( 'NONE',  ( -44.00000000000000000, -9.641410477007939457E-15, 0.000000000000000000 ) ) ;
#604 = ORIENTED_EDGE ( 'NONE', *, *, #1835, .T. ) ;
#605 = LINE ( 'NONE', #753, #1364 ) ;
#606 = ADVANCED_FACE ( 'NONE', ( #1926 ), #522, .F. ) ;
#607 = ORIENTED_EDGE ( 'NONE', *, *, #770, .T. ) ;
#608 = CARTESIAN_POINT ( 'NONE',  ( -39.99999999999999289, -42.49999999999998579, -102.2000000000000028 ) ) ;
#609 = DIRECTION ( 'NONE',  ( 0.8571673007021121116, 0.000000000000000000, 0.5150380749100544886 ) ) ;
#610 = ORIENTED_EDGE ( 'NONE', *, *, #779, .F. ) ;
#611 = CIRCLE ( 'NONE', #1392, 1.649999999999984812 ) ;
#612 = DIRECTION ( 'NONE',  ( 0.000000000000000000, 0.000000000000000000, 1.000000000000000000 ) ) ;
#613 = AXIS2_PLACEMENT_3D ( 'NONE', #616, #1703, #905 ) ;
#614 = EDGE_LOOP ( 'NONE', ( #1599, #205 ) ) ;
#615 = CONICAL_SURFACE ( 'NONE', #1564, 1.649999999999998579, 1.029744258676654090 ) ;
#616 = CARTESIAN_POINT ( 'NONE',  ( 40.00000000000000711, -42.49999999999997158, 0.000000000000000000 ) ) ;
#617 = ORIENTED_EDGE ( 'NONE', *, *, #1099, .T. ) ;
#618 = CIRCLE ( 'NONE', #1243, 4.999999999999997335 ) ;
#619 = ADVANCED_FACE ( 'NONE', ( #671 ), #1735, .T. ) ;
#620 = CARTESIAN_POINT ( 'NONE',  ( -30.00000000000000355, -47.49999999999998579, -83.90000000000003411 ) ) ;
#621 = CARTESIAN_POINT ( 'NONE',  ( 0.000000000000000000, 0.000000000000000000, 0.000000000000000000 ) ) ;
#622 = CARTESIAN_POINT ( 'NONE',  ( -6.527367439455391601E-15, -46.86499999999998067, -48.90000000000001279 ) ) ;
#623 = EDGE_CURVE ( 'NONE', #707, #1224, #364, .T. ) ;
#624 = CARTESIAN_POINT ( 'NONE',  ( -44.00000000000001421, 42.50000000000001421, 0.000000000000000000 ) ) ;
#625 = ORIENTED_EDGE ( 'NONE', *, *, #1753, .T. ) ;
#626 = DIRECTION ( 'NONE',  ( -0.000000000000000000, 0.000000000000000000, 1.000000000000000000 ) ) ;
#627 = VERTEX_POINT ( 'NONE', #272 ) ;
#628 = DIRECTION ( 'NONE',  ( -1.460819769243627377E-16, 1.000000000000000000, 0.000000000000000000 ) ) ;
#629 = EDGE_CURVE ( 'NONE', #1880, #585, #1974, .T. ) ;
#630 = DIRECTION ( 'NONE',  ( -0.000000000000000000, -1.000000000000000000, -0.000000000000000000 ) ) ;
#631 = DIRECTION ( 'NONE',  ( 0.000000000000000000, 0.000000000000000000, -1.000000000000000000 ) ) ;
#632 = ORIENTED_EDGE ( 'NONE', *, *, #1775, .F. ) ;
#633 = EDGE_CURVE ( 'NONE', #1385, #2017, #1800, .T. ) ;
#634 = DIRECTION ( 'NONE',  ( 1.000000000000000000, 0.000000000000000000, 0.000000000000000000 ) ) ;
#635 = EDGE_LOOP ( 'NONE', ( #667, #1838, #376, #918 ) ) ;
#636 = DIRECTION ( 'NONE',  ( -0.000000000000000000, -0.000000000000000000, 1.000000000000000000 ) ) ;
#637 = LINE ( 'NONE', #152, #757 ) ;
#638 = CARTESIAN_POINT ( 'NONE',  ( -30.00000000000000355, -47.49999999999998579, -82.25000000000004263 ) ) ;
#639 = CARTESIAN_POINT ( 'NONE',  ( 40.00000000000000000, 42.50000000000002842, -5.991420021395474471 ) ) ;
#640 = VERTEX_POINT ( 'NONE', #1512 ) ;
#641 = CIRCLE ( 'NONE', #876, 1.675000000000002931 ) ;
#642 = VERTEX_POINT ( 'NONE', #1186 ) ;
#643 = AXIS2_PLACEMENT_3D ( 'NONE', #1390, #1410, #443 ) ;
#644 = VECTOR ( 'NONE', #1274, 1000.000000000000000 ) ;
#645 = DIRECTION ( 'NONE',  ( 1.000000000000000000, 0.000000000000000000, 0.000000000000000000 ) ) ;
#646 = AXIS2_PLACEMENT_3D ( 'NONE', #750, #164, #806 ) ;
#647 = EDGE_LOOP ( 'NONE', ( #155, #1998, #1716, #1320 ) ) ;
#648 = FACE_OUTER_BOUND ( 'NONE', #1813, .T. ) ;
#649 = AXIS2_PLACEMENT_3D ( 'NONE', #546, #387, #1594 ) ;
#650 = FACE_OUTER_BOUND ( 'NONE', #1535, .T. ) ;
#651 = DIRECTION ( 'NONE',  ( 0.7071067811866027508, 0.000000000000000000, 0.7071067811864922836 ) ) ;
#652 = CARTESIAN_POINT ( 'NONE',  ( -38.35000000000000142, 42.50000000000001421, -5.000000000000000000 ) ) ;
#653 = ORIENTED_EDGE ( 'NONE', *, *, #1212, .F. ) ;
#654 = ORIENTED_EDGE ( 'NONE', *, *, #629, .F. ) ;
#655 = ADVANCED_FACE ( 'NONE', ( #436 ), #880, .F. ) ;
#656 = CARTESIAN_POINT ( 'NONE',  ( -40.00000000000000000, 42.50000000000001421, -0.02500000000000028241 ) ) ;
#657 = VECTOR ( 'NONE', #1487, 1000.000000000000000 ) ;
#658 = ORIENTED_EDGE ( 'NONE', *, *, #379, .T. ) ;
#659 = EDGE_CURVE ( 'NONE', #1942, #690, #817, .T. ) ;
#660 = VECTOR ( 'NONE', #651, 1000.000000000000114 ) ;
#661 = CARTESIAN_POINT ( 'NONE',  ( 40.00000000000000000, 42.50000000000002842, -5.000000000000000000 ) ) ;
#662 = FACE_OUTER_BOUND ( 'NONE', #316, .T. ) ;
#663 = DIRECTION ( 'NONE',  ( 0.000000000000000000, 0.000000000000000000, -1.000000000000000000 ) ) ;
#664 = LINE ( 'NONE', #375, #843 ) ;
#665 = ORIENTED_EDGE ( 'NONE', *, *, #683, .F. ) ;
#666 = DIRECTION ( 'NONE',  ( -2.191229653865440696E-16, 1.000000000000000000, -0.000000000000000000 ) ) ;
#667 = ORIENTED_EDGE ( 'NONE', *, *, #424, .F. ) ;
#668 = DIRECTION ( 'NONE',  ( -0.000000000000000000, -0.000000000000000000, 1.000000000000000000 ) ) ;
#669 = EDGE_CURVE ( 'NONE', #1062, #1242, #754, .T. ) ;
#670 = DIRECTION ( 'NONE',  ( 1.000000000000000000, 0.000000000000000000, 0.000000000000000000 ) ) ;
#671 = FACE_OUTER_BOUND ( 'NONE', #1780, .T. ) ;
#672 = FACE_OUTER_BOUND ( 'NONE', #1962, .T. ) ;
#673 = VERTEX_POINT ( 'NONE', #1376 ) ;
#674 = CONICAL_SURFACE ( 'NONE', #1361, 1.674999999999995826, 0.7853981633974482790 ) ;
#675 = ORIENTED_EDGE ( 'NONE', *, *, #1775, .T. ) ;
#676 = AXIS2_PLACEMENT_3D ( 'NONE', #1674, #701, #262 ) ;
#677 = AXIS2_PLACEMENT_3D ( 'NONE', #743, #727, #1976 ) ;
#678 = DIRECTION ( 'NONE',  ( 0.000000000000000000, 0.000000000000000000, 1.000000000000000000 ) ) ;
#679 = AXIS2_PLACEMENT_3D ( 'NONE', #994, #201, #1454 ) ;
#680 = ORIENTED_EDGE ( 'NONE', *, *, #73, .F. ) ;
#681 = VECTOR ( 'NONE', #378, 1000.000000000000000 ) ;
#682 = CARTESIAN_POINT ( 'NONE',  ( -40.00000000000001421, 46.50000000000001421, 0.000000000000000000 ) ) ;
#683 = EDGE_CURVE ( 'NONE', #831, #791, #1339, .T. ) ;
#684 = CARTESIAN_POINT ( 'NONE',  ( 40.00000000000000711, -42.49999999999997158, -5.000000000000000000 ) ) ;
#685 = DIRECTION ( 'NONE',  ( -0.000000000000000000, -1.000000000000000000, -0.000000000000000000 ) ) ;
#686 = CARTESIAN_POINT ( 'NONE',  ( -39.99999999999999289, -42.49999999999998579, -102.2000000000000028 ) ) ;
#687 = PRESENTATION_LAYER_ASSIGNMENT (  '', '', ( #1370 ) ) ;
#688 = VERTEX_POINT ( 'NONE', #2004 ) ;
#689 = EDGE_CURVE ( 'NONE', #1213, #524, #320, .T. ) ;
#690 = VERTEX_POINT ( 'NONE', #79 ) ;
#691 = CYLINDRICAL_SURFACE ( 'NONE', #1827, 4.999999999999997335 ) ;
#692 = ORIENTED_EDGE ( 'NONE', *, *, #1273, .F. ) ;
#693 = DIRECTION ( 'NONE',  ( 1.000000000000000000, 0.000000000000000000, 0.000000000000000000 ) ) ;
#694 = CIRCLE ( 'NONE', #258, 2.552699999999997971 ) ;
#695 = DIRECTION ( 'NONE',  ( -0.000000000000000000, -0.000000000000000000, -1.000000000000000000 ) ) ;
#696 = LINE ( 'NONE', #399, #1762 ) ;
#697 = EDGE_LOOP ( 'NONE', ( #1503, #1959, #354 ) ) ;
#698 = EDGE_CURVE ( 'NONE', #799, #269, #417, .T. ) ;
#699 = DIRECTION ( 'NONE',  ( -0.000000000000000000, -1.000000000000000000, -0.000000000000000000 ) ) ;
#700 = EDGE_LOOP ( 'NONE', ( #1353, #1692 ) ) ;
#701 = DIRECTION ( 'NONE',  ( 0.000000000000000000, 0.000000000000000000, -1.000000000000000000 ) ) ;
#702 = CARTESIAN_POINT ( 'NONE',  ( -44.00000000000000711, 42.50000000000001421, -102.2000000000000028 ) ) ;
#703 = LINE ( 'NONE', #1436, #30 ) ;
#704 = DIRECTION ( 'NONE',  ( 0.000000000000000000, -0.000000000000000000, 1.000000000000000000 ) ) ;
#705 = ORIENTED_EDGE ( 'NONE', *, *, #482, .F. ) ;
#706 = EDGE_CURVE ( 'NONE', #640, #1227, #1831, .T. ) ;
#707 = VERTEX_POINT ( 'NONE', #1026 ) ;
#708 = CARTESIAN_POINT ( 'NONE',  ( -45.00000000000001421, 47.50000000000001421, -101.1999999999999886 ) ) ;
#709 = ORIENTED_EDGE ( 'NONE', *, *, #1250, .T. ) ;
#710 = CIRCLE ( 'NONE', #109, 1.675000000000002931 ) ;
#711 = AXIS2_PLACEMENT_3D ( 'NONE', #388, #853, #870 ) ;
#712 = EDGE_CURVE ( 'NONE', #1062, #799, #618, .T. ) ;
#713 = DIRECTION ( 'NONE',  ( -0.000000000000000000, -0.000000000000000000, 1.000000000000000000 ) ) ;
#714 = CIRCLE ( 'NONE', #1986, 3.999999999999996447 ) ;
#715 = CIRCLE ( 'NONE', #1108, 1.649999999999984812 ) ;
#716 = FACE_OUTER_BOUND ( 'NONE', #1312, .T. ) ;
#717 = DIRECTION ( 'NONE',  ( 1.000000000000000000, 0.000000000000000000, 0.000000000000000000 ) ) ;
#718 = VERTEX_POINT ( 'NONE', #726 ) ;
#719 = AXIS2_PLACEMENT_3D ( 'NONE', #1707, #1404, #1075 ) ;
#720 = CARTESIAN_POINT ( 'NONE',  ( 45.00000000000000000, -42.49999999999998579, -1.000000000000001110 ) ) ;
#721 = EDGE_CURVE ( 'NONE', #1608, #2030, #1966, .T. ) ;
#722 = ORIENTED_EDGE ( 'NONE', *, *, #260, .T. ) ;
#723 = CARTESIAN_POINT ( 'NONE',  ( -39.99999999999999289, -42.49999999999998579, -1.000000000000000888 ) ) ;
#724 = ADVANCED_FACE ( 'NONE', ( #1206, #1054 ), #234, .T. ) ;
#725 = VECTOR ( 'NONE', #728, 1000.000000000000000 ) ;
#726 = CARTESIAN_POINT ( 'NONE',  ( 38.35000000000000142, 42.50000000000002842, -5.000000000000000000 ) ) ;
#727 = DIRECTION ( 'NONE',  ( -0.000000000000000000, -0.000000000000000000, 1.000000000000000000 ) ) ;
#728 = DIRECTION ( 'NONE',  ( -0.000000000000000000, -0.000000000000000000, 1.000000000000000000 ) ) ;
#729 = ORIENTED_EDGE ( 'NONE', *, *, #1649, .F. ) ;
#730 = LINE ( 'NONE', #720, #681 ) ;
#731 = EDGE_LOOP ( 'NONE', ( #2011, #913, #1869, #277 ) ) ;
#732 = PLANE ( 'NONE',  #1888 ) ;
#733 = DIRECTION ( 'NONE',  ( -0.000000000000000000, -0.000000000000000000, 1.000000000000000000 ) ) ;
#734 = ADVANCED_FACE ( 'NONE', ( #716 ), #217, .F. ) ;
#735 = CARTESIAN_POINT ( 'NONE',  ( 41.64999999999999858, 42.50000000000002842, -5.000000000000000000 ) ) ;
#736 = LINE ( 'NONE', #1219, #725 ) ;
#737 = VERTEX_POINT ( 'NONE', #1994 ) ;
#738 = CARTESIAN_POINT ( 'NONE',  ( 40.00000000000000000, -42.49999999999998579, -1.000000000000000888 ) ) ;
#739 = EDGE_LOOP ( 'NONE', ( #257, #933 ) ) ;
#740 = CARTESIAN_POINT ( 'NONE',  ( 38.32500000000000284, -42.49999999999997158, 0.000000000000000000 ) ) ;
#741 = VECTOR ( 'NONE', #836, 1000.000000000000000 ) ;
#742 = DIRECTION ( 'NONE',  ( -0.000000000000000000, -1.000000000000000000, -0.000000000000000000 ) ) ;
#743 = CARTESIAN_POINT ( 'NONE',  ( -40.00000000000000000, 42.50000000000001421, -5.000000000000000000 ) ) ;
#744 = EDGE_CURVE ( 'NONE', #1234, #1978, #549, .T. ) ;
#745 = AXIS2_PLACEMENT_3D ( 'NONE', #268, #1221, #1691 ) ;
#746 = ORIENTED_EDGE ( 'NONE', *, *, #111, .T. ) ;
#747 = AXIS2_PLACEMENT_3D ( 'NONE', #279, #1437, #1744 ) ;
#748 = VERTEX_POINT ( 'NONE', #243 ) ;
#749 = PRODUCT_RELATED_PRODUCT_CATEGORY ( 'part', '', ( #1536 ) ) ;
#750 = CARTESIAN_POINT ( 'NONE',  ( -6.938893903907228378E-15, 2.500000000000015987, 0.000000000000000000 ) ) ;
#751 = MECHANICAL_DESIGN_GEOMETRIC_PRESENTATION_REPRESENTATION (  '', ( #1370 ), #1400 ) ;
#752 = ORIENTED_EDGE ( 'NONE', *, *, #1133, .T. ) ;
#753 = CARTESIAN_POINT ( 'NONE',  ( 38.35000000000000853, -42.49999999999997158, 0.000000000000000000 ) ) ;
#754 = LINE ( 'NONE', #890, #948 ) ;
#755 = DIRECTION ( 'NONE',  ( 0.8571673007021121116, 0.000000000000000000, 0.5150380749100544886 ) ) ;
#756 = LINE ( 'NONE', #2006, #1215 ) ;
#757 = VECTOR ( 'NONE', #1266, 1000.000000000000000 ) ;
#758 = ORIENTED_EDGE ( 'NONE', *, *, #1431, .F. ) ;
#759 = DIRECTION ( 'NONE',  ( 1.000000000000000000, 0.000000000000000000, 0.000000000000000000 ) ) ;
#760 = ORIENTED_EDGE ( 'NONE', *, *, #813, .T. ) ;
#761 = CARTESIAN_POINT ( 'NONE',  ( 40.00000000000000000, -47.49999999999998579, -1.000000000000000888 ) ) ;
#762 = ORIENTED_EDGE ( 'NONE', *, *, #424, .T. ) ;
#763 = DIRECTION ( 'NONE',  ( 1.000000000000000000, 0.000000000000000000, 0.000000000000000000 ) ) ;
#764 = DIRECTION ( 'NONE',  ( 1.000000000000000000, 0.000000000000000000, 0.000000000000000000 ) ) ;
#765 = CARTESIAN_POINT ( 'NONE',  ( 44.99999999999998579, 42.50000000000001421, -102.2000000000000028 ) ) ;
#766 = VERTEX_POINT ( 'NONE', #1063 ) ;
#767 = ADVANCED_FACE ( 'NONE', ( #407 ), #1032, .F. ) ;
#768 = CARTESIAN_POINT ( 'NONE',  ( 12.69999999999999218, 2.500000000000015987, 0.000000000000000000 ) ) ;
#769 = ORIENTED_EDGE ( 'NONE', *, *, #1722, .F. ) ;
#770 = EDGE_CURVE ( 'NONE', #1820, #524, #919, .T. ) ;
#771 = DIRECTION ( 'NONE',  ( -0.000000000000000000, -1.000000000000000000, -0.000000000000000000 ) ) ;
#772 = APPLICATION_PROTOCOL_DEFINITION ( 'draft international standard', 'automotive_design', 1998, #232 ) ;
#773 = FACE_OUTER_BOUND ( 'NONE', #90, .T. ) ;
#774 = AXIS2_PLACEMENT_3D ( 'NONE', #1064, #1812, #1033 ) ;
#775 = FACE_OUTER_BOUND ( 'NONE', #1451, .T. ) ;
#776 = AXIS2_PLACEMENT_3D ( 'NONE', #1193, #1183, #877 ) ;
#777 = EDGE_LOOP ( 'NONE', ( #1727, #167, #1548, #548 ) ) ;
#778 = AXIS2_PLACEMENT_3D ( 'NONE', #84, #699, #1037 ) ;
#779 = EDGE_CURVE ( 'NONE', #1663, #1828, #355, .T. ) ;
#780 = LINE ( 'NONE', #1401, #210 ) ;
#781 = ORIENTED_EDGE ( 'NONE', *, *, #328, .F. ) ;
#782 = CIRCLE ( 'NONE', #1210, 27.25000000000000000 ) ;
#783 = LINE ( 'NONE', #1582, #1556 ) ;
#784 = ADVANCED_FACE ( 'NONE', ( #951 ), #1868, .F. ) ;
#785 = LINE ( 'NONE', #329, #2031 ) ;
#786 = DIRECTION ( 'NONE',  ( -0.000000000000000000, -1.000000000000000000, -0.000000000000000000 ) ) ;
#787 = EDGE_LOOP ( 'NONE', ( #1805, #1695, #977, #74 ) ) ;
#788 = CLOSED_SHELL ( 'NONE', ( #470, #1023, #935, #991, #1686, #921, #847, #582, #823, #227, #784, #1300, #1196, #1471, #99, #353, #356, #121, #1355, #51, #1111, #1619, #286, #1003, #1866, #1161, #1737, #1863, #1903, #2012, #834, #724, #1874, #1673, #1174, #961, #1069, #1801, #531, #1141, #989, #398, #32, #887, #596, #1482, #447, #1984, #368, #734, #270, #874, #301, #1964, #606, #343, #1493, #1381, #1849, #1569, #1975, #1547, #1335, #542, #1789, #421, #1247, #655, #1170, #1823, #411, #1498, #934, #619, #767, #1647, #506 ) ) ;
#789 = AXIS2_PLACEMENT_3D ( 'NONE', #60, #1299, #1916 ) ;
#790 = FACE_OUTER_BOUND ( 'NONE', #491, .T. ) ;
#791 = VERTEX_POINT ( 'NONE', #3 ) ;
#792 = DIRECTION ( 'NONE',  ( 1.000000000000000000, 0.000000000000000000, 0.000000000000000000 ) ) ;
#793 = DIRECTION ( 'NONE',  ( 0.000000000000000000, 0.000000000000000000, 1.000000000000000000 ) ) ;
#794 = DIRECTION ( 'NONE',  ( 0.000000000000000000, 0.000000000000000000, -1.000000000000000000 ) ) ;
#795 = EDGE_CURVE ( 'NONE', #791, #1343, #1248, .T. ) ;
#796 = DIRECTION ( 'NONE',  ( -0.000000000000000000, -0.000000000000000000, 1.000000000000000000 ) ) ;
#797 = DIRECTION ( 'NONE',  ( 0.000000000000000000, 0.000000000000000000, -1.000000000000000000 ) ) ;
#798 = ORIENTED_EDGE ( 'NONE', *, *, #136, .F. ) ;
#799 = VERTEX_POINT ( 'NONE', #1551 ) ;
#800 = LINE ( 'NONE', #1601, #348 ) ;
#801 = ORIENTED_EDGE ( 'NONE', *, *, #569, .F. ) ;
#802 = DIRECTION ( 'NONE',  ( 1.000000000000000000, 0.000000000000000000, 0.000000000000000000 ) ) ;
#803 = LINE ( 'NONE', #940, #1329 ) ;
#804 = CARTESIAN_POINT ( 'NONE',  ( -40.00000000000001421, 46.50000000000001421, 0.000000000000000000 ) ) ;
#805 = LINE ( 'NONE', #1106, #958 ) ;
#806 = DIRECTION ( 'NONE',  ( 1.000000000000000000, 0.000000000000000000, -0.000000000000000000 ) ) ;
#807 = EDGE_CURVE ( 'NONE', #2030, #236, #782, .T. ) ;
#808 = ORIENTED_EDGE ( 'NONE', *, *, #434, .T. ) ;
#809 = CONICAL_SURFACE ( 'NONE', #1590, 1.649999999999998579, 1.029744258676654090 ) ;
#810 = AXIS2_PLACEMENT_3D ( 'NONE', #1654, #1687, #418 ) ;
#811 = ORIENTED_EDGE ( 'NONE', *, *, #1713, .F. ) ;
#812 = AXIS2_PLACEMENT_3D ( 'NONE', #597, #947, #1223 ) ;
#813 = EDGE_CURVE ( 'NONE', #999, #1242, #1993, .T. ) ;
#814 = CARTESIAN_POINT ( 'NONE',  ( -38.34999999999999432, -42.49999999999998579, -0.02500000000000028241 ) ) ;
#815 = ORIENTED_EDGE ( 'NONE', *, *, #1049, .T. ) ;
#816 = LINE ( 'NONE', #1016, #208 ) ;
#817 = CIRCLE ( 'NONE', #1668, 1.649999999999998579 ) ;
#818 = CARTESIAN_POINT ( 'NONE',  ( -39.99999999999999289, -42.49999999999998579, 0.000000000000000000 ) ) ;
#819 = DIRECTION ( 'NONE',  ( 0.7071067811865524577, 1.032955564923543735E-16, -0.7071067811865425767 ) ) ;
#820 = FACE_OUTER_BOUND ( 'NONE', #1198, .T. ) ;
#821 = ORIENTED_EDGE ( 'NONE', *, *, #1555, .F. ) ;
#822 = VERTEX_POINT ( 'NONE', #1873 ) ;
#823 = ADVANCED_FACE ( 'NONE', ( #1115 ), #1542, .F. ) ;
#824 = CARTESIAN_POINT ( 'NONE',  ( 41.64999999999999858, 42.50000000000002842, 0.000000000000000000 ) ) ;
#825 = AXIS2_PLACEMENT_3D ( 'NONE', #1865, #476, #459 ) ;
#826 = ORIENTED_EDGE ( 'NONE', *, *, #1915, .F. ) ;
#827 = FACE_OUTER_BOUND ( 'NONE', #1019, .T. ) ;
#828 = DIRECTION ( 'NONE',  ( 1.000000000000000000, 0.000000000000000000, 0.000000000000000000 ) ) ;
#829 = CARTESIAN_POINT ( 'NONE',  ( 40.00000000000000000, -42.49999999999998579, 0.000000000000000000 ) ) ;
#830 = LINE ( 'NONE', #1616, #1953 ) ;
#831 = VERTEX_POINT ( 'NONE', #160 ) ;
#832 = ORIENTED_EDGE ( 'NONE', *, *, #553, .T. ) ;
#833 = DIRECTION ( 'NONE',  ( -0.7071067811865511255, -1.549433347385312398E-16, -0.7071067811865439090 ) ) ;
#834 = ADVANCED_FACE ( 'NONE', ( #2032 ), #2013, .F. ) ;
#835 = EDGE_LOOP ( 'NONE', ( #433, #1057, #1946, #1567 ) ) ;
#836 = DIRECTION ( 'NONE',  ( -0.8571673007021121116, 1.049727191138618449E-16, 0.5150380749100544886 ) ) ;
#837 = EDGE_CURVE ( 'NONE', #1560, #945, #939, .T. ) ;
#838 = LINE ( 'NONE', #1291, #1154 ) ;
#839 = DIRECTION ( 'NONE',  ( 1.000000000000000000, 0.000000000000000000, 0.000000000000000000 ) ) ;
#840 = VERTEX_POINT ( 'NONE', #1395 ) ;
#841 = ORIENTED_EDGE ( 'NONE', *, *, #174, .T. ) ;
#842 = AXIS2_PLACEMENT_3D ( 'NONE', #1307, #1467, #693 ) ;
#843 = VECTOR ( 'NONE', #1458, 1000.000000000000114 ) ;
#844 = DIRECTION ( 'NONE',  ( -0.000000000000000000, -0.000000000000000000, 1.000000000000000000 ) ) ;
#845 = CIRCLE ( 'NONE', #147, 4.999999999999997335 ) ;
#846 = ORIENTED_EDGE ( 'NONE', *, *, #1079, .F. ) ;
#847 = ADVANCED_FACE ( 'NONE', ( #1717 ), #1952, .F. ) ;
#848 = CIRCLE ( 'NONE', #1990, 1.649999999999984812 ) ;
#849 = FACE_OUTER_BOUND ( 'NONE', #102, .T. ) ;
#850 = CARTESIAN_POINT ( 'NONE',  ( -39.99999999999999289, -46.49999999999998579, -102.2000000000000028 ) ) ;
#851 = CARTESIAN_POINT ( 'NONE',  ( -30.00000000000000355, -42.49999999999998579, -83.90000000000003411 ) ) ;
#852 = EDGE_CURVE ( 'NONE', #1062, #925, #284, .T. ) ;
#853 = DIRECTION ( 'NONE',  ( -0.000000000000000000, -0.000000000000000000, 1.000000000000000000 ) ) ;
#854 = AXIS2_PLACEMENT_3D ( 'NONE', #1194, #1818, #1645 ) ;
#855 = ORIENTED_EDGE ( 'NONE', *, *, #1441, .F. ) ;
#856 = EDGE_LOOP ( 'NONE', ( #1360, #1282, #826, #1160 ) ) ;
#857 = DIRECTION ( 'NONE',  ( 1.000000000000000000, 0.000000000000000000, 0.000000000000000000 ) ) ;
#858 = ORIENTED_EDGE ( 'NONE', *, *, #1297, .F. ) ;
#859 = FACE_OUTER_BOUND ( 'NONE', #1546, .T. ) ;
#860 = AXIS2_PLACEMENT_3D ( 'NONE', #445, #330, #142 ) ;
#861 = CARTESIAN_POINT ( 'NONE',  ( -39.99999999999999289, -42.49999999999998579, 0.000000000000000000 ) ) ;
#862 = DIRECTION ( 'NONE',  ( 0.000000000000000000, 1.000000000000000000, 0.000000000000000000 ) ) ;
#863 = ORIENTED_EDGE ( 'NONE', *, *, #837, .F. ) ;
#864 = ORIENTED_EDGE ( 'NONE', *, *, #1468, .F. ) ;
#865 = PLANE ( 'NONE',  #1694 ) ;
#866 = ORIENTED_EDGE ( 'NONE', *, *, #897, .T. ) ;
#867 = CARTESIAN_POINT ( 'NONE',  ( -6.938893903907228378E-15, 2.500000000000015987, 0.000000000000000000 ) ) ;
#868 = CARTESIAN_POINT ( 'NONE',  ( 40.00000000000000711, -42.49999999999997158, -0.02500000000000028241 ) ) ;
#869 = CARTESIAN_POINT ( 'NONE',  ( 40.00000000000000000, -47.49999999999998579, -102.2000000000000028 ) ) ;
#870 = DIRECTION ( 'NONE',  ( 1.000000000000000000, 0.000000000000000000, 0.000000000000000000 ) ) ;
#871 = EDGE_LOOP ( 'NONE', ( #960, #1854, #1402, #370 ) ) ;
#872 = EDGE_CURVE ( 'NONE', #967, #1294, #783, .T. ) ;
#873 = DIRECTION ( 'NONE',  ( 8.659560562354932858E-17, -0.7071067811865474617, 0.7071067811865474617 ) ) ;
#874 = ADVANCED_FACE ( 'NONE', ( #2023 ), #674, .F. ) ;
#875 = ORIENTED_EDGE ( 'NONE', *, *, #1947, .F. ) ;
#876 = AXIS2_PLACEMENT_3D ( 'NONE', #428, #909, #717 ) ;
#877 = DIRECTION ( 'NONE',  ( 1.000000000000000000, 0.000000000000000000, 0.000000000000000000 ) ) ;
#878 = CIRCLE ( 'NONE', #1956, 1.649999999999998579 ) ;
#879 = CIRCLE ( 'NONE', #278, 3.999999999999996447 ) ;
#880 = PLANE ( 'NONE',  #252 ) ;
#881 = DIRECTION ( 'NONE',  ( -0.000000000000000000, -1.000000000000000000, -0.000000000000000000 ) ) ;
#882 = DIRECTION ( 'NONE',  ( -0.000000000000000000, -1.000000000000000000, -0.000000000000000000 ) ) ;
#883 = VERTEX_POINT ( 'NONE', #1256 ) ;
#884 = VECTOR ( 'NONE', #98, 1000.000000000000000 ) ;
#885 = FACE_OUTER_BOUND ( 'NONE', #462, .T. ) ;
#886 = VERTEX_POINT ( 'NONE', #1881 ) ;
#887 = ADVANCED_FACE ( 'NONE', ( #475 ), #809, .F. ) ;
#888 = CARTESIAN_POINT ( 'NONE',  ( 38.32499999999999574, 42.50000000000002842, 0.000000000000000000 ) ) ;
#889 = UNCERTAINTY_MEASURE_WITH_UNIT (LENGTH_MEASURE( 1.000000000000000082E-05 ), #1238, 'distance_accuracy_value', 'NONE');
#890 = CARTESIAN_POINT ( 'NONE',  ( -40.00000000000001421, 47.50000000000001421, -102.2000000000000028 ) ) ;
#891 = LINE ( 'NONE', #120, #1690 ) ;
#892 = AXIS2_PLACEMENT_3D ( 'NONE', #1514, #893, #101 ) ;
#893 = DIRECTION ( 'NONE',  ( -0.000000000000000000, -0.000000000000000000, 1.000000000000000000 ) ) ;
#894 = ORIENTED_EDGE ( 'NONE', *, *, #1682, .T. ) ;
#895 = CARTESIAN_POINT ( 'NONE',  ( -44.00000000000001421, 42.50000000000001421, 0.000000000000000000 ) ) ;
#896 = ORIENTED_EDGE ( 'NONE', *, *, #1555, .T. ) ;
#897 = EDGE_CURVE ( 'NONE', #1705, #585, #1071, .T. ) ;
#898 = FACE_OUTER_BOUND ( 'NONE', #1453, .T. ) ;
#899 = CARTESIAN_POINT ( 'NONE',  ( 29.99999999999999645, -42.49999999999998579, -83.90000000000001990 ) ) ;
#900 = CYLINDRICAL_SURFACE ( 'NONE', #774, 2.552699999999997971 ) ;
#901 = CARTESIAN_POINT ( 'NONE',  ( 39.99999999999997868, 47.50000000000001421, -1.000000000000000888 ) ) ;
#902 = EDGE_LOOP ( 'NONE', ( #1182, #1383, #1885, #1260 ) ) ;
#903 = DIRECTION ( 'NONE',  ( 1.460819769243627377E-16, -1.000000000000000000, 0.000000000000000000 ) ) ;
#904 = ORIENTED_EDGE ( 'NONE', *, *, #1000, .F. ) ;
#905 = DIRECTION ( 'NONE',  ( 1.000000000000000000, 0.000000000000000000, 0.000000000000000000 ) ) ;
#906 = AXIS2_PLACEMENT_3D ( 'NONE', #1289, #1914, #516 ) ;
#907 = AXIS2_PLACEMENT_3D ( 'NONE', #1829, #240, #1345 ) ;
#908 = DIRECTION ( 'NONE',  ( 0.000000000000000000, 0.000000000000000000, 1.000000000000000000 ) ) ;
#909 = DIRECTION ( 'NONE',  ( -0.000000000000000000, -0.000000000000000000, 1.000000000000000000 ) ) ;
#910 = FACE_OUTER_BOUND ( 'NONE', #1651, .T. ) ;
#911 = EDGE_CURVE ( 'NONE', #737, #831, #1236, .T. ) ;
#912 = VECTOR ( 'NONE', #1280, 1000.000000000000000 ) ;
#913 = ORIENTED_EDGE ( 'NONE', *, *, #698, .T. ) ;
#914 = CARTESIAN_POINT ( 'NONE',  ( -6.214751851037046726E-15, -42.49999999999998579, -46.34730000000001837 ) ) ;
#915 = AXIS2_PLACEMENT_3D ( 'NONE', #1326, #1954, #518 ) ;
#916 = VERTEX_POINT ( 'NONE', #1751 ) ;
#917 = DIRECTION ( 'NONE',  ( 1.000000000000000000, 0.000000000000000000, 0.000000000000000000 ) ) ;
#918 = ORIENTED_EDGE ( 'NONE', *, *, #1940, .T. ) ;
#919 = LINE ( 'NONE', #1562, #86 ) ;
#920 = DIRECTION ( 'NONE',  ( 0.000000000000000000, 0.000000000000000000, -1.000000000000000000 ) ) ;
#921 = ADVANCED_FACE ( 'NONE', ( #1922 ), #337, .F. ) ;
#922 = LINE ( 'NONE', #901, #957 ) ;
#923 = CARTESIAN_POINT ( 'NONE',  ( -6.527367439455391601E-15, -47.49999999999998579, -51.45270000000001431 ) ) ;
#924 = CIRCLE ( 'NONE', #1872, 1.649999999999998579 ) ;
#925 = VERTEX_POINT ( 'NONE', #1943 ) ;
#926 = EDGE_CURVE ( 'NONE', #822, #1222, #710, .T. ) ;
#927 = ORIENTED_EDGE ( 'NONE', *, *, #460, .T. ) ;
#928 = CYLINDRICAL_SURFACE ( 'NONE', #386, 1.649999999999998579 ) ;
#929 = ORIENTED_EDGE ( 'NONE', *, *, #1344, .T. ) ;
#930 = DIRECTION ( 'NONE',  ( -0.000000000000000000, -0.000000000000000000, 1.000000000000000000 ) ) ;
#931 = CARTESIAN_POINT ( 'NONE',  ( -6.527367439455391601E-15, -46.86499999999998067, -48.90000000000001279 ) ) ;
#932 = LINE ( 'NONE', #1553, #560 ) ;
#933 = ORIENTED_EDGE ( 'NONE', *, *, #1261, .F. ) ;
#934 = ADVANCED_FACE ( 'NONE', ( #859 ), #574, .T. ) ;
#935 = ADVANCED_FACE ( 'NONE', ( #1164 ), #16, .F. ) ;
#936 = CARTESIAN_POINT ( 'NONE',  ( -44.99999999999999289, -47.49999999999998579, -1.000000000000000888 ) ) ;
#937 = EDGE_LOOP ( 'NONE', ( #293, #404, #324 ) ) ;
#938 = CARTESIAN_POINT ( 'NONE',  ( -40.00000000000001421, 42.50000000000001421, -1.000000000000000888 ) ) ;
#939 = CIRCLE ( 'NONE', #415, 3.999999999999996447 ) ;
#940 = CARTESIAN_POINT ( 'NONE',  ( -38.35000000000000142, 42.50000000000001421, -5.000000000000000000 ) ) ;
#941 = CARTESIAN_POINT ( 'NONE',  ( 0.000000000000000000, 46.50000000000001421, 0.000000000000000000 ) ) ;
#942 = CIRCLE ( 'NONE', #643, 3.999999999999996447 ) ;
#943 = LINE ( 'NONE', #923, #1442 ) ;
#944 = AXIS2_PLACEMENT_3D ( 'NONE', #323, #1128, #1857 ) ;
#945 = VERTEX_POINT ( 'NONE', #1589 ) ;
#946 = AXIS2_PLACEMENT_3D ( 'NONE', #584, #1960, #393 ) ;
#947 = DIRECTION ( 'NONE',  ( -0.000000000000000000, -0.000000000000000000, 1.000000000000000000 ) ) ;
#948 = VECTOR ( 'NONE', #1337, 1000.000000000000000 ) ;
#949 = EDGE_CURVE ( 'NONE', #1978, #1234, #43, .T. ) ;
#950 = ORIENTED_EDGE ( 'NONE', *, *, #1052, .F. ) ;
#951 = FACE_OUTER_BOUND ( 'NONE', #530, .T. ) ;
#952 = CARTESIAN_POINT ( 'NONE',  ( 29.99999999999999645, -47.49999999999998579, -85.57500000000001705 ) ) ;
#953 = DIRECTION ( 'NONE',  ( 0.000000000000000000, 0.000000000000000000, -1.000000000000000000 ) ) ;
#954 = CARTESIAN_POINT ( 'NONE',  ( -30.00000000000000355, -42.49999999999998579, -83.90000000000003411 ) ) ;
#955 = CARTESIAN_POINT ( 'NONE',  ( 39.99999999999998579, 42.50000000000001421, -102.2000000000000028 ) ) ;
#956 = ORIENTED_EDGE ( 'NONE', *, *, #1074, .T. ) ;
#957 = VECTOR ( 'NONE', #1197, 1000.000000000000114 ) ;
#958 = VECTOR ( 'NONE', #1566, 1000.000000000000000 ) ;
#959 = CARTESIAN_POINT ( 'NONE',  ( 29.99999999999999645, -42.49999999999998579, -83.90000000000001990 ) ) ;
#960 = ORIENTED_EDGE ( 'NONE', *, *, #1049, .F. ) ;
#961 = ADVANCED_FACE ( 'NONE', ( #648 ), #372, .F. ) ;
#962 = DIRECTION ( 'NONE',  ( 0.000000000000000000, 0.000000000000000000, -1.000000000000000000 ) ) ;
#963 = CARTESIAN_POINT ( 'NONE',  ( -6.214751851037046726E-15, -47.49999999999998579, -46.34730000000001837 ) ) ;
#964 = EDGE_CURVE ( 'NONE', #886, #1119, #816, .T. ) ;
#965 = FACE_OUTER_BOUND ( 'NONE', #777, .T. ) ;
#966 = CARTESIAN_POINT ( 'NONE',  ( -6.214751851037046726E-15, -42.49999999999998579, -46.34730000000001837 ) ) ;
#967 = VERTEX_POINT ( 'NONE', #1904 ) ;
#968 = ORIENTED_EDGE ( 'NONE', *, *, #706, .T. ) ;
#969 = DIRECTION ( 'NONE',  ( -0.000000000000000000, -0.000000000000000000, -1.000000000000000000 ) ) ;
#970 = ORIENTED_EDGE ( 'NONE', *, *, #1237, .F. ) ;
#971 = CARTESIAN_POINT ( 'NONE',  ( 29.99999999999999645, -47.49999999999998579, -83.90000000000001990 ) ) ;
#972 = DIRECTION ( 'NONE',  ( 0.000000000000000000, -0.7071067811865474617, -0.7071067811865474617 ) ) ;
#973 = FILL_AREA_STYLE_COLOUR ( '', #1568 ) ;
#974 = DIRECTION ( 'NONE',  ( 1.000000000000000000, 0.000000000000000000, 0.000000000000000000 ) ) ;
#975 = ORIENTED_EDGE ( 'NONE', *, *, #1231, .F. ) ;
#976 = AXIS2_PLACEMENT_3D ( 'NONE', #62, #547, #1319 ) ;
#977 = ORIENTED_EDGE ( 'NONE', *, *, #623, .T. ) ;
#978 = VECTOR ( 'NONE', #1643, 1000.000000000000114 ) ;
#979 = CIRCLE ( 'NONE', #778, 1.649999999999984812 ) ;
#980 = LINE ( 'NONE', #1153, #1958 ) ;
#981 = VERTEX_POINT ( 'NONE', #497 ) ;
#982 = DIRECTION ( 'NONE',  ( 1.000000000000000000, 0.000000000000000000, 0.000000000000000000 ) ) ;
#983 = AXIS2_PLACEMENT_3D ( 'NONE', #1606, #339, #193 ) ;
#984 = DIRECTION ( 'NONE',  ( 1.000000000000000000, 0.000000000000000000, 0.000000000000000000 ) ) ;
#985 = FACE_OUTER_BOUND ( 'NONE', #1358, .T. ) ;
#986 = EDGE_CURVE ( 'NONE', #1942, #2017, #45, .T. ) ;
#987 = CARTESIAN_POINT ( 'NONE',  ( -39.99999999999999289, -42.49999999999998579, -5.000000000000000000 ) ) ;
#988 = EDGE_LOOP ( 'NONE', ( #1767, #1303, #1991, #14 ) ) ;
#989 = ADVANCED_FACE ( 'NONE', ( #525 ), #1200, .F. ) ;
#990 = ORIENTED_EDGE ( 'NONE', *, *, #1259, .F. ) ;
#991 = ADVANCED_FACE ( 'NONE', ( #1156 ), #1456, .F. ) ;
#992 = CARTESIAN_POINT ( 'NONE',  ( -38.32499999999999574, 42.50000000000001421, 0.000000000000000000 ) ) ;
#993 = ORIENTED_EDGE ( 'NONE', *, *, #9, .F. ) ;
#994 = CARTESIAN_POINT ( 'NONE',  ( -6.527367439455391601E-15, -47.49999999999998579, -48.90000000000001279 ) ) ;
#995 = FACE_OUTER_BOUND ( 'NONE', #1180, .T. ) ;
#996 = CARTESIAN_POINT ( 'NONE',  ( -30.00000000000000355, -47.49999999999998579, -83.90000000000003411 ) ) ;
#997 = FACE_OUTER_BOUND ( 'NONE', #731, .T. ) ;
#998 = ORIENTED_EDGE ( 'NONE', *, *, #1284, .F. ) ;
#999 = VERTEX_POINT ( 'NONE', #1134 ) ;
#1000 = EDGE_CURVE ( 'NONE', #1919, #2037, #220, .T. ) ;
#1001 = DIRECTION ( 'NONE',  ( -0.000000000000000000, 0.000000000000000000, 1.000000000000000000 ) ) ;
#1002 = ORIENTED_EDGE ( 'NONE', *, *, #73, .T. ) ;
#1003 = ADVANCED_FACE ( 'NONE', ( #827 ), #59, .F. ) ;
#1004 = DIRECTION ( 'NONE',  ( -1.000000000000000000, 0.000000000000000000, 0.000000000000000000 ) ) ;
#1005 = CARTESIAN_POINT ( 'NONE',  ( -40.00000000000000000, 42.50000000000001421, -5.991420021395474471 ) ) ;
#1006 = CARTESIAN_POINT ( 'NONE',  ( -29.25000000000000711, 2.500000000000019540, -1.000000000000000000 ) ) ;
#1007 = CARTESIAN_POINT ( 'NONE',  ( 29.99999999999999645, -47.47499999999997300, -83.90000000000001990 ) ) ;
#1008 = VERTEX_POINT ( 'NONE', #1770 ) ;
#1009 = CIRCLE ( 'NONE', #711, 1.649999999999998579 ) ;
#1010 = ORIENTED_EDGE ( 'NONE', *, *, #689, .T. ) ;
#1011 = CIRCLE ( 'NONE', #145, 4.999999999999997335 ) ;
#1012 = DIRECTION ( 'NONE',  ( -0.000000000000000000, -0.000000000000000000, 1.000000000000000000 ) ) ;
#1013 = VECTOR ( 'NONE', #206, 1000.000000000000000 ) ;
#1014 = ORIENTED_EDGE ( 'NONE', *, *, #182, .F. ) ;
#1015 = AXIS2_PLACEMENT_3D ( 'NONE', #124, #440, #759 ) ;
#1016 = CARTESIAN_POINT ( 'NONE',  ( 29.99999999999999645, -47.49999999999998579, -82.25000000000002842 ) ) ;
#1017 = DIRECTION ( 'NONE',  ( -0.000000000000000000, -0.000000000000000000, 1.000000000000000000 ) ) ;
#1018 = DIRECTION ( 'NONE',  ( 1.000000000000000000, 0.000000000000000000, 0.000000000000000000 ) ) ;
#1019 = EDGE_LOOP ( 'NONE', ( #341, #815, #31, #289 ) ) ;
#1020 = DIRECTION ( 'NONE',  ( -0.000000000000000000, -0.000000000000000000, 1.000000000000000000 ) ) ;
#1021 = EDGE_LOOP ( 'NONE', ( #1429, #1544, #1921, #20 ) ) ;
#1022 = CARTESIAN_POINT ( 'NONE',  ( -29.25000000000000711, 2.500000000000019540, -1.000000000000000000 ) ) ;
#1023 = ADVANCED_FACE ( 'NONE', ( #849 ), #2018, .F. ) ;
#1024 = AXIS2_PLACEMENT_3D ( 'NONE', #2016, #612, #461 ) ;
#1025 = FACE_OUTER_BOUND ( 'NONE', #1987, .T. ) ;
#1026 = CARTESIAN_POINT ( 'NONE',  ( 40.00000000000000000, -47.49999999999998579, -101.1999999999999886 ) ) ;
#1027 = DIRECTION ( 'NONE',  ( -0.000000000000000000, -0.000000000000000000, 1.000000000000000000 ) ) ;
#1028 = ORIENTED_EDGE ( 'NONE', *, *, #1419, .F. ) ;
#1029 = FACE_OUTER_BOUND ( 'NONE', #1617, .T. ) ;
#1030 = EDGE_LOOP ( 'NONE', ( #1140, #1628 ) ) ;
#1031 = FACE_OUTER_BOUND ( 'NONE', #787, .T. ) ;
#1032 = PLANE ( 'NONE',  #1700 ) ;
#1033 = DIRECTION ( 'NONE',  ( 0.000000000000000000, 0.000000000000000000, -1.000000000000000000 ) ) ;
#1034 = VERTEX_POINT ( 'NONE', #682 ) ;
#1035 = EDGE_CURVE ( 'NONE', #916, #967, #1855, .T. ) ;
#1036 = EDGE_LOOP ( 'NONE', ( #1190, #413, #1328 ) ) ;
#1037 = DIRECTION ( 'NONE',  ( 0.000000000000000000, 0.000000000000000000, -1.000000000000000000 ) ) ;
#1038 = ORIENTED_EDGE ( 'NONE', *, *, #1403, .F. ) ;
#1039 = AXIS2_PLACEMENT_3D ( 'NONE', #971, #179, #1277 ) ;
#1040 = AXIS2_PLACEMENT_3D ( 'NONE', #987, #1792, #1159 ) ;
#1041 = CARTESIAN_POINT ( 'NONE',  ( -44.99999999999999289, -47.49999999999998579, -102.2000000000000028 ) ) ;
#1042 = VECTOR ( 'NONE', #87, 1000.000000000000000 ) ;
#1043 = CIRCLE ( 'NONE', #15, 1.649999999999998579 ) ;
#1044 = DIRECTION ( 'NONE',  ( -0.000000000000000000, -0.000000000000000000, -1.000000000000000000 ) ) ;
#1045 = FACE_BOUND ( 'NONE', #1747, .T. ) ;
#1046 = DIRECTION ( 'NONE',  ( 1.000000000000000000, 0.000000000000000000, 0.000000000000000000 ) ) ;
#1047 = EDGE_LOOP ( 'NONE', ( #216, #929, #894 ) ) ;
#1048 = AXIS2_PLACEMENT_3D ( 'NONE', #938, #1264, #1225 ) ;
#1049 = EDGE_CURVE ( 'NONE', #583, #1263, #1317, .T. ) ;
#1050 = LINE ( 'NONE', #603, #1396 ) ;
#1051 = VERTEX_POINT ( 'NONE', #1992 ) ;
#1052 = EDGE_CURVE ( 'NONE', #1418, #1880, #1173, .T. ) ;
#1053 = FACE_OUTER_BOUND ( 'NONE', #559, .T. ) ;
#1054 = FACE_OUTER_BOUND ( 'NONE', #1030, .T. ) ;
#1055 = DIRECTION ( 'NONE',  ( 0.7071067811865425767, 0.000000000000000000, 0.7071067811865525687 ) ) ;
#1056 = AXIS2_PLACEMENT_3D ( 'NONE', #1447, #1944, #1318 ) ;
#1057 = ORIENTED_EDGE ( 'NONE', *, *, #1937, .F. ) ;
#1058 = ORIENTED_EDGE ( 'NONE', *, *, #1455, .F. ) ;
#1059 = DIRECTION ( 'NONE',  ( -0.000000000000000000, -0.000000000000000000, 1.000000000000000000 ) ) ;
#1060 = ORIENTED_EDGE ( 'NONE', *, *, #1407, .F. ) ;
#1061 = CYLINDRICAL_SURFACE ( 'NONE', #907, 1.649999999999998579 ) ;
#1062 = VERTEX_POINT ( 'NONE', #395 ) ;
#1063 = CARTESIAN_POINT ( 'NONE',  ( -39.99999999999999289, -47.49999999999998579, -101.1999999999999886 ) ) ;
#1064 = CARTESIAN_POINT ( 'NONE',  ( -6.527367439455391601E-15, -47.49999999999998579, -48.90000000000001279 ) ) ;
#1065 = FACE_OUTER_BOUND ( 'NONE', #647, .T. ) ;
#1066 = ORIENTED_EDGE ( 'NONE', *, *, #1403, .T. ) ;
#1067 = DIRECTION ( 'NONE',  ( 2.191229653865440696E-16, -1.000000000000000000, 0.000000000000000000 ) ) ;
#1068 = ORIENTED_EDGE ( 'NONE', *, *, #158, .T. ) ;
#1069 = ADVANCED_FACE ( 'NONE', ( #1499 ), #46, .F. ) ;
#1070 = FACE_OUTER_BOUND ( 'NONE', #1389, .T. ) ;
#1071 = CIRCLE ( 'NONE', #1391, 1.675000000000002931 ) ;
#1072 = AXIS2_PLACEMENT_3D ( 'NONE', #1149, #1773, #1995 ) ;
#1073 = ORIENTED_EDGE ( 'NONE', *, *, #551, .F. ) ;
#1074 = EDGE_CURVE ( 'NONE', #1540, #688, #586, .T. ) ;
#1075 = DIRECTION ( 'NONE',  ( 0.000000000000000000, 0.000000000000000000, -1.000000000000000000 ) ) ;
#1076 = CARTESIAN_POINT ( 'NONE',  ( 43.99999999999998579, 42.50000000000001421, -102.2000000000000028 ) ) ;
#1077 = VECTOR ( 'NONE', #504, 1000.000000000000114 ) ;
#1078 = CARTESIAN_POINT ( 'NONE',  ( 40.00000000000000711, -42.49999999999997158, -0.02500000000000028241 ) ) ;
#1079 = EDGE_CURVE ( 'NONE', #688, #1631, #13, .T. ) ;
#1080 = ORIENTED_EDGE ( 'NONE', *, *, #964, .T. ) ;
#1081 = AXIS2_PLACEMENT_3D ( 'NONE', #1176, #1356, #1500 ) ;
#1082 = ORIENTED_EDGE ( 'NONE', *, *, #197, .T. ) ;
#1083 = DIRECTION ( 'NONE',  ( -0.000000000000000000, -0.000000000000000000, 1.000000000000000000 ) ) ;
#1084 = ORIENTED_EDGE ( 'NONE', *, *, #9, .T. ) ;
#1085 = CARTESIAN_POINT ( 'NONE',  ( -41.64999999999999147, -42.49999999999998579, -5.000000000000000000 ) ) ;
#1086 = SHAPE_DEFINITION_REPRESENTATION ( #1245, #1333 ) ;
#1087 = EDGE_CURVE ( 'NONE', #1702, #718, #96, .T. ) ;
#1088 = AXIS2_PLACEMENT_3D ( 'NONE', #108, #131, #1046 ) ;
#1089 = DIRECTION ( 'NONE',  ( -0.000000000000000000, -0.000000000000000000, 1.000000000000000000 ) ) ;
#1090 = CARTESIAN_POINT ( 'NONE',  ( -30.00000000000000355, -47.49999999999998579, -83.90000000000003411 ) ) ;
#1091 = ORIENTED_EDGE ( 'NONE', *, *, #95, .F. ) ;
#1092 = EDGE_CURVE ( 'NONE', #690, #1385, #1683, .T. ) ;
#1093 = LINE ( 'NONE', #1736, #1726 ) ;
#1094 = ORIENTED_EDGE ( 'NONE', *, *, #1087, .F. ) ;
#1095 = DIRECTION ( 'NONE',  ( 1.000000000000000000, 0.000000000000000000, 0.000000000000000000 ) ) ;
#1096 = LINE ( 'NONE', #941, #65 ) ;
#1097 = FACE_OUTER_BOUND ( 'NONE', #104, .T. ) ;
#1098 = EDGE_LOOP ( 'NONE', ( #875, #855, #55, #1330 ) ) ;
#1099 = EDGE_CURVE ( 'NONE', #718, #690, #1477, .T. ) ;
#1100 = DIRECTION ( 'NONE',  ( 0.000000000000000000, 0.000000000000000000, -1.000000000000000000 ) ) ;
#1101 = ORIENTED_EDGE ( 'NONE', *, *, #551, .T. ) ;
#1102 = DIRECTION ( 'NONE',  ( -0.000000000000000000, -0.000000000000000000, 1.000000000000000000 ) ) ;
#1103 = AXIS2_PLACEMENT_3D ( 'NONE', #383, #1434, #507 ) ;
#1104 = DIRECTION ( 'NONE',  ( 0.000000000000000000, 0.000000000000000000, 1.000000000000000000 ) ) ;
#1105 = AXIS2_PLACEMENT_3D ( 'NONE', #1973, #1950, #1354 ) ;
#1106 = CARTESIAN_POINT ( 'NONE',  ( 29.99999999999999645, -42.49999999999998579, -82.25000000000002842 ) ) ;
#1107 = CYLINDRICAL_SURFACE ( 'NONE', #745, 12.69999999999999929 ) ;
#1108 = AXIS2_PLACEMENT_3D ( 'NONE', #959, #1579, #1331 ) ;
#1109 = ORIENTED_EDGE ( 'NONE', *, *, #2035, .T. ) ;
#1110 = VECTOR ( 'NONE', #1416, 1000.000000000000000 ) ;
#1111 = ADVANCED_FACE ( 'NONE', ( #1214 ), #1061, .F. ) ;
#1112 = LINE ( 'NONE', #936, #1235 ) ;
#1113 = VECTOR ( 'NONE', #254, 1000.000000000000114 ) ;
#1114 = EDGE_LOOP ( 'NONE', ( #366, #1373 ) ) ;
#1115 = FACE_OUTER_BOUND ( 'NONE', #24, .T. ) ;
#1116 = CARTESIAN_POINT ( 'NONE',  ( 40.00000000000000000, 42.50000000000002842, -5.000000000000000000 ) ) ;
#1117 = LINE ( 'NONE', #1267, #660 ) ;
#1118 = CARTESIAN_POINT ( 'NONE',  ( -6.527367439455391601E-15, -42.49999999999998579, -51.45270000000001431 ) ) ;
#1119 = VERTEX_POINT ( 'NONE', #564 ) ;
#1120 = ORIENTED_EDGE ( 'NONE', *, *, #1924, .T. ) ;
#1121 = VECTOR ( 'NONE', #307, 1000.000000000000114 ) ;
#1122 = CARTESIAN_POINT ( 'NONE',  ( 38.35000000000000853, -42.49999999999997158, -5.000000000000000000 ) ) ;
#1123 = ORIENTED_EDGE ( 'NONE', *, *, #291, .F. ) ;
#1124 = DIRECTION ( 'NONE',  ( -0.000000000000000000, -0.000000000000000000, 1.000000000000000000 ) ) ;
#1125 = EDGE_CURVE ( 'NONE', #1051, #1759, #419, .T. ) ;
#1126 = DIRECTION ( 'NONE',  ( -0.000000000000000000, -1.000000000000000000, -0.000000000000000000 ) ) ;
#1127 = LINE ( 'NONE', #624, #1121 ) ;
#1128 = DIRECTION ( 'NONE',  ( 0.000000000000000000, 0.000000000000000000, 1.000000000000000000 ) ) ;
#1129 = VERTEX_POINT ( 'NONE', #68 ) ;
#1130 = ORIENTED_EDGE ( 'NONE', *, *, #336, .F. ) ;
#1131 = DIRECTION ( 'NONE',  ( 0.000000000000000000, 0.000000000000000000, 1.000000000000000000 ) ) ;
#1132 = EDGE_LOOP ( 'NONE', ( #196, #970, #1271, #456 ) ) ;
#1133 = EDGE_CURVE ( 'NONE', #1608, #981, #81, .T. ) ;
#1134 = CARTESIAN_POINT ( 'NONE',  ( -45.00000000000001421, 42.50000000000001421, -1.000000000000000888 ) ) ;
#1135 = EDGE_CURVE ( 'NONE', #410, #1759, #77, .T. ) ;
#1136 = DIRECTION ( 'NONE',  ( -0.000000000000000000, -0.000000000000000000, 1.000000000000000000 ) ) ;
#1137 = SURFACE_STYLE_USAGE ( .BOTH. , #1292 ) ;
#1138 = CARTESIAN_POINT ( 'NONE',  ( 44.99999999999998579, 47.50000000000001421, -102.2000000000000028 ) ) ;
#1139 = AXIS2_PLACEMENT_3D ( 'NONE', #1368, #1983, #437 ) ;
#1140 = ORIENTED_EDGE ( 'NONE', *, *, #592, .T. ) ;
#1141 = ADVANCED_FACE ( 'NONE', ( #1336 ), #1593, .F. ) ;
#1142 = AXIS2_PLACEMENT_3D ( 'NONE', #465, #281, #1100 ) ;
#1143 = CARTESIAN_POINT ( 'NONE',  ( 39.99999999999998579, 42.50000000000001421, -101.1999999999999886 ) ) ;
#1144 = EDGE_LOOP ( 'NONE', ( #173, #1270, #1655, #1497 ) ) ;
#1145 = DIRECTION ( 'NONE',  ( 1.000000000000000000, 0.000000000000000000, 0.000000000000000000 ) ) ;
#1146 = CIRCLE ( 'NONE', #1275, 1.649999999999984812 ) ;
#1147 = DIRECTION ( 'NONE',  ( -1.000000000000000000, 0.000000000000000000, 0.000000000000000000 ) ) ;
#1148 = DIRECTION ( 'NONE',  ( -1.000000000000000000, 0.000000000000000000, 0.000000000000000000 ) ) ;
#1149 = CARTESIAN_POINT ( 'NONE',  ( -6.938893903907228378E-15, 2.500000000000015987, 0.000000000000000000 ) ) ;
#1150 = ORIENTED_EDGE ( 'NONE', *, *, #1209, .T. ) ;
#1151 = EDGE_CURVE ( 'NONE', #883, #748, #1394, .T. ) ;
#1152 = ORIENTED_EDGE ( 'NONE', *, *, #1426, .F. ) ;
#1153 = CARTESIAN_POINT ( 'NONE',  ( -30.00000000000000355, -47.49999999999998579, -85.55000000000001137 ) ) ;
#1154 = VECTOR ( 'NONE', #1175, 1000.000000000000000 ) ;
#1155 = ORIENTED_EDGE ( 'NONE', *, *, #1798, .T. ) ;
#1156 = FACE_OUTER_BOUND ( 'NONE', #308, .T. ) ;
#1157 = CARTESIAN_POINT ( 'NONE',  ( -6.527367439455391601E-15, -42.49999999999998579, -48.90000000000001279 ) ) ;
#1158 =( LENGTH_UNIT ( ) NAMED_UNIT ( * ) SI_UNIT ( .MILLI., .METRE. ) );
#1159 = DIRECTION ( 'NONE',  ( 1.000000000000000000, 0.000000000000000000, 0.000000000000000000 ) ) ;
#1160 = ORIENTED_EDGE ( 'NONE', *, *, #1644, .F. ) ;
#1161 = ADVANCED_FACE ( 'NONE', ( #426, #405, #543, #1031 ), #732, .T. ) ;
#1162 = CARTESIAN_POINT ( 'NONE',  ( -45.00000000000001421, 42.50000000000001421, -102.2000000000000028 ) ) ;
#1163 = ORIENTED_EDGE ( 'NONE', *, *, #532, .F. ) ;
#1164 = FACE_OUTER_BOUND ( 'NONE', #520, .T. ) ;
#1165 = FACE_OUTER_BOUND ( 'NONE', #347, .T. ) ;
#1166 = CARTESIAN_POINT ( 'NONE',  ( 38.32500000000000284, -42.49999999999997158, 0.000000000000000000 ) ) ;
#1167 = EDGE_LOOP ( 'NONE', ( #538, #219, #505, #1902 ) ) ;
#1168 = VECTOR ( 'NONE', #1817, 1000.000000000000114 ) ;
#1169 = CARTESIAN_POINT ( 'NONE',  ( -39.99999999999999289, -42.49999999999998579, -102.2000000000000028 ) ) ;
#1170 = ADVANCED_FACE ( 'NONE', ( #1053 ), #450, .T. ) ;
#1171 = VECTOR ( 'NONE', #873, 1000.000000000000114 ) ;
#1172 = ORIENTED_EDGE ( 'NONE', *, *, #22, .T. ) ;
#1173 = LINE ( 'NONE', #271, #514 ) ;
#1174 = ADVANCED_FACE ( 'NONE', ( #898 ), #1659, .F. ) ;
#1175 = DIRECTION ( 'NONE',  ( 1.000000000000000000, 0.000000000000000000, 0.000000000000000000 ) ) ;
#1176 = CARTESIAN_POINT ( 'NONE',  ( 40.00000000000000000, 42.50000000000002842, 0.000000000000000000 ) ) ;
#1177 = FACE_OUTER_BOUND ( 'NONE', #1132, .T. ) ;
#1178 = VECTOR ( 'NONE', #1044, 1000.000000000000000 ) ;
#1179 = EDGE_LOOP ( 'NONE', ( #1588, #21 ) ) ;
#1180 = EDGE_LOOP ( 'NONE', ( #1439, #1281, #333, #1363 ) ) ;
#1181 = DIRECTION ( 'NONE',  ( 1.000000000000000000, 0.000000000000000000, 0.000000000000000000 ) ) ;
#1182 = ORIENTED_EDGE ( 'NONE', *, *, #434, .F. ) ;
#1183 = DIRECTION ( 'NONE',  ( -0.000000000000000000, -0.000000000000000000, 1.000000000000000000 ) ) ;
#1184 = AXIS2_PLACEMENT_3D ( 'NONE', #429, #1669, #1853 ) ;
#1185 = AXIS2_PLACEMENT_3D ( 'NONE', #132, #1241, #1867 ) ;
#1186 = CARTESIAN_POINT ( 'NONE',  ( 45.00000000000000000, -42.49999999999998579, -1.000000000000000888 ) ) ;
#1187 = EDGE_CURVE ( 'NONE', #831, #503, #1093, .T. ) ;
#1188 = CARTESIAN_POINT ( 'NONE',  ( 40.00000000000000000, 42.50000000000002842, -0.02500000000000028241 ) ) ;
#1189 = ORIENTED_EDGE ( 'NONE', *, *, #1878, .T. ) ;
#1190 = ORIENTED_EDGE ( 'NONE', *, *, #200, .F. ) ;
#1191 = DIRECTION ( 'NONE',  ( -0.000000000000000000, -1.000000000000000000, -0.000000000000000000 ) ) ;
#1192 = VERTEX_POINT ( 'NONE', #1 ) ;
#1193 = CARTESIAN_POINT ( 'NONE',  ( 40.00000000000000711, -42.49999999999997158, 0.000000000000000000 ) ) ;
#1194 = CARTESIAN_POINT ( 'NONE',  ( -6.527367439455391601E-15, -47.49999999999998579, -48.90000000000001279 ) ) ;
#1195 = FACE_OUTER_BOUND ( 'NONE', #478, .T. ) ;
#1196 = ADVANCED_FACE ( 'NONE', ( #1070 ), #544, .F. ) ;
#1197 = DIRECTION ( 'NONE',  ( 0.000000000000000000, -0.7071067811865474617, 0.7071067811865474617 ) ) ;
#1198 = EDGE_LOOP ( 'NONE', ( #1163, #1409, #1351, #1228 ) ) ;
#1199 = EDGE_CURVE ( 'NONE', #269, #766, #1011, .T. ) ;
#1200 = CONICAL_SURFACE ( 'NONE', #309, 1.649999999999998579, 1.029744258676654090 ) ;
#1201 = CARTESIAN_POINT ( 'NONE',  ( 43.99999999999999289, 6.427606984671958586E-15, 0.000000000000000000 ) ) ;
#1202 = ORIENTED_EDGE ( 'NONE', *, *, #1682, .F. ) ;
#1203 = AXIS2_PLACEMENT_3D ( 'NONE', #867, #1486, #1509 ) ;
#1204 = DIRECTION ( 'NONE',  ( 0.000000000000000000, 0.000000000000000000, -1.000000000000000000 ) ) ;
#1205 = VECTOR ( 'NONE', #1301, 1000.000000000000000 ) ;
#1206 = FACE_BOUND ( 'NONE', #700, .T. ) ;
#1207 = DIRECTION ( 'NONE',  ( 0.7071067811865425767, 0.000000000000000000, -0.7071067811865525687 ) ) ;
#1208 = CARTESIAN_POINT ( 'NONE',  ( -6.938893903907228378E-15, 2.500000000000015987, 0.000000000000000000 ) ) ;
#1209 = EDGE_CURVE ( 'NONE', #791, #831, #878, .T. ) ;
#1210 = AXIS2_PLACEMENT_3D ( 'NONE', #599, #1386, #792 ) ;
#1211 = CARTESIAN_POINT ( 'NONE',  ( 40.00000000000000711, -42.49999999999997158, -5.000000000000000000 ) ) ;
#1212 = EDGE_CURVE ( 'NONE', #1224, #688, #1112, .T. ) ;
#1213 = VERTEX_POINT ( 'NONE', #2002 ) ;
#1214 = FACE_OUTER_BOUND ( 'NONE', #282, .T. ) ;
#1215 = VECTOR ( 'NONE', #601, 1000.000000000000114 ) ;
#1216 = DIRECTION ( 'NONE',  ( 1.000000000000000000, 0.000000000000000000, 0.000000000000000000 ) ) ;
#1217 = LINE ( 'NONE', #80, #1657 ) ;
#1218 = AXIS2_PLACEMENT_3D ( 'NONE', #1425, #500, #1884 ) ;
#1219 = CARTESIAN_POINT ( 'NONE',  ( -38.35000000000000142, 42.50000000000001421, 0.000000000000000000 ) ) ;
#1220 = ORIENTED_EDGE ( 'NONE', *, *, #1900, .T. ) ;
#1221 = DIRECTION ( 'NONE',  ( -0.000000000000000000, -0.000000000000000000, 1.000000000000000000 ) ) ;
#1222 = VERTEX_POINT ( 'NONE', #1847 ) ;
#1223 = DIRECTION ( 'NONE',  ( 1.000000000000000000, 0.000000000000000000, 0.000000000000000000 ) ) ;
#1224 = VERTEX_POINT ( 'NONE', #761 ) ;
#1225 = DIRECTION ( 'NONE',  ( 1.000000000000000000, 0.000000000000000000, 0.000000000000000000 ) ) ;
#1226 = CARTESIAN_POINT ( 'NONE',  ( 29.99999999999999645, -47.47499999999997300, -83.90000000000001990 ) ) ;
#1227 = VERTEX_POINT ( 'NONE', #137 ) ;
#1228 = ORIENTED_EDGE ( 'NONE', *, *, #744, .T. ) ;
#1229 = CARTESIAN_POINT ( 'NONE',  ( 39.99999999999995026, 46.50000000000001421, -102.2000000000000028 ) ) ;
#1230 = ORIENTED_EDGE ( 'NONE', *, *, #1961, .T. ) ;
#1231 = EDGE_CURVE ( 'NONE', #8, #1540, #714, .T. ) ;
#1232 = CARTESIAN_POINT ( 'NONE',  ( 43.99999999999998579, 42.50000000000001421, 0.000000000000000000 ) ) ;
#1233 = AXIS2_PLACEMENT_3D ( 'NONE', #486, #1851, #962 ) ;
#1234 = VERTEX_POINT ( 'NONE', #768 ) ;
#1235 = VECTOR ( 'NONE', #1693, 1000.000000000000000 ) ;
#1236 = LINE ( 'NONE', #1085, #741 ) ;
#1237 = EDGE_CURVE ( 'NONE', #1294, #7, #942, .T. ) ;
#1238 =( LENGTH_UNIT ( ) NAMED_UNIT ( * ) SI_UNIT ( .MILLI., .METRE. ) );
#1239 = AXIS2_PLACEMENT_3D ( 'NONE', #656, #1748, #645 ) ;
#1240 = DIRECTION ( 'NONE',  ( 0.000000000000000000, 0.000000000000000000, -1.000000000000000000 ) ) ;
#1241 = DIRECTION ( 'NONE',  ( -0.000000000000000000, -0.000000000000000000, 1.000000000000000000 ) ) ;
#1242 = VERTEX_POINT ( 'NONE', #1539 ) ;
#1243 = AXIS2_PLACEMENT_3D ( 'NONE', #264, #908, #1367 ) ;
#1244 = DIRECTION ( 'NONE',  ( -1.000000000000000000, 0.000000000000000000, 0.000000000000000000 ) ) ;
#1245 = PRODUCT_DEFINITION_SHAPE ( 'NONE', 'NONE',  #472 ) ;
#1246 = ORIENTED_EDGE ( 'NONE', *, *, #200, .T. ) ;
#1247 = ADVANCED_FACE ( 'NONE', ( #483 ), #1557, .T. ) ;
#1248 = LINE ( 'NONE', #467, #1308 ) ;
#1249 = CARTESIAN_POINT ( 'NONE',  ( -30.00000000000000355, -42.49999999999998579, -83.90000000000003411 ) ) ;
#1250 = EDGE_CURVE ( 'NONE', #590, #1062, #780, .T. ) ;
#1251 = CARTESIAN_POINT ( 'NONE',  ( -41.64999999999999147, -42.49999999999998579, -0.02500000000000028241 ) ) ;
#1252 = CONICAL_SURFACE ( 'NONE', #362, 1.675000000000002931, 0.7853981633975263277 ) ;
#1253 = ORIENTED_EDGE ( 'NONE', *, *, #633, .T. ) ;
#1254 = CARTESIAN_POINT ( 'NONE',  ( -39.99999999999999289, -42.49999999999998579, 0.000000000000000000 ) ) ;
#1255 = ORIENTED_EDGE ( 'NONE', *, *, #1886, .F. ) ;
#1256 = CARTESIAN_POINT ( 'NONE',  ( -30.00000000000000355, -42.49999999999998579, -85.55000000000001137 ) ) ;
#1257 = DIRECTION ( 'NONE',  ( 0.000000000000000000, 0.7071067811865474617, -0.7071067811865474617 ) ) ;
#1258 = CARTESIAN_POINT ( 'NONE',  ( -12.70000000000000639, 2.500000000000017764, -1.000000000000000000 ) ) ;
#1259 = EDGE_CURVE ( 'NONE', #1828, #1663, #1561, .T. ) ;
#1260 = ORIENTED_EDGE ( 'NONE', *, *, #1581, .T. ) ;
#1261 = EDGE_CURVE ( 'NONE', #1759, #1051, #1494, .T. ) ;
#1262 = DIRECTION ( 'NONE',  ( -0.000000000000000000, -1.000000000000000000, -0.000000000000000000 ) ) ;
#1263 = VERTEX_POINT ( 'NONE', #127 ) ;
#1264 = DIRECTION ( 'NONE',  ( 0.000000000000000000, 0.000000000000000000, -1.000000000000000000 ) ) ;
#1265 = AXIS2_PLACEMENT_3D ( 'NONE', #235, #1027, #1311 ) ;
#1266 = DIRECTION ( 'NONE',  ( 1.049727191138618449E-16, -0.5150380749100544886, 0.8571673007021121116 ) ) ;
#1267 = CARTESIAN_POINT ( 'NONE',  ( -38.32499999999998863, -42.49999999999998579, 0.000000000000000000 ) ) ;
#1268 = LINE ( 'NONE', #1896, #912 ) ;
#1269 = AXIS2_PLACEMENT_3D ( 'NONE', #1618, #833, #666 ) ;
#1270 = ORIENTED_EDGE ( 'NONE', *, *, #1947, .T. ) ;
#1271 = ORIENTED_EDGE ( 'NONE', *, *, #22, .F. ) ;
#1272 = CIRCLE ( 'NONE', #1015, 12.69999999999999929 ) ;
#1273 = EDGE_CURVE ( 'NONE', #1540, #916, #473, .T. ) ;
#1274 = DIRECTION ( 'NONE',  ( -0.000000000000000000, -0.000000000000000000, -1.000000000000000000 ) ) ;
#1275 = AXIS2_PLACEMENT_3D ( 'NONE', #851, #685, #61 ) ;
#1276 = EDGE_LOOP ( 'NONE', ( #1101, #1060, #1255, #1949 ) ) ;
#1277 = DIRECTION ( 'NONE',  ( 0.000000000000000000, 0.000000000000000000, -1.000000000000000000 ) ) ;
#1278 = CYLINDRICAL_SURFACE ( 'NONE', #1541, 1.649999999999984812 ) ;
#1279 = DIRECTION ( 'NONE',  ( -0.000000000000000000, -1.000000000000000000, -0.000000000000000000 ) ) ;
#1280 = DIRECTION ( 'NONE',  ( -0.000000000000000000, -0.000000000000000000, -1.000000000000000000 ) ) ;
#1281 = ORIENTED_EDGE ( 'NONE', *, *, #1506, .F. ) ;
#1282 = ORIENTED_EDGE ( 'NONE', *, *, #553, .F. ) ;
#1283 = VECTOR ( 'NONE', #488, 1000.000000000000000 ) ;
#1284 = EDGE_CURVE ( 'NONE', #840, #394, #1625, .T. ) ;
#1285 = CIRCLE ( 'NONE', #1807, 1.674999999999995826 ) ;
#1286 = CARTESIAN_POINT ( 'NONE',  ( -40.00000000000001421, 42.50000000000001421, -102.2000000000000028 ) ) ;
#1287 = EDGE_CURVE ( 'NONE', #1192, #883, #1527, .T. ) ;
#1288 = VERTEX_POINT ( 'NONE', #314 ) ;
#1289 = CARTESIAN_POINT ( 'NONE',  ( -6.527367439455391601E-15, -42.49999999999998579, -48.90000000000001279 ) ) ;
#1290 = EDGE_CURVE ( 'NONE', #1288, #410, #605, .T. ) ;
#1291 = CARTESIAN_POINT ( 'NONE',  ( -45.00000000000001421, 47.50000000000001421, -1.000000000000000888 ) ) ;
#1292 = SURFACE_SIDE_STYLE ('',( #1479 ) ) ;
#1293 = PLANE ( 'NONE',  #541 ) ;
#1294 = VERTEX_POINT ( 'NONE', #1232 ) ;
#1295 = LINE ( 'NONE', #992, #1077 ) ;
#1296 = ORIENTED_EDGE ( 'NONE', *, *, #1231, .T. ) ;
#1297 = EDGE_CURVE ( 'NONE', #1689, #925, #479, .T. ) ;
#1298 = CARTESIAN_POINT ( 'NONE',  ( 40.00000000000000711, -42.49999999999997158, 0.000000000000000000 ) ) ;
#1299 = DIRECTION ( 'NONE',  ( 0.000000000000000000, 0.000000000000000000, 1.000000000000000000 ) ) ;
#1300 = ADVANCED_FACE ( 'NONE', ( #790 ), #928, .F. ) ;
#1301 = DIRECTION ( 'NONE',  ( -0.000000000000000000, -0.000000000000000000, -1.000000000000000000 ) ) ;
#1302 = AXIS2_PLACEMENT_3D ( 'NONE', #1138, #352, #1955 ) ;
#1303 = ORIENTED_EDGE ( 'NONE', *, *, #182, .T. ) ;
#1304 = VECTOR ( 'NONE', #1432, 1000.000000000000000 ) ;
#1305 = DIRECTION ( 'NONE',  ( 1.000000000000000000, 0.000000000000000000, 0.000000000000000000 ) ) ;
#1306 = EDGE_LOOP ( 'NONE', ( #570, #1678, #1230, #729 ) ) ;
#1307 = CARTESIAN_POINT ( 'NONE',  ( 40.00000000000000000, -42.49999999999998579, 0.000000000000000000 ) ) ;
#1308 = VECTOR ( 'NONE', #636, 1000.000000000000000 ) ;
#1309 = LINE ( 'NONE', #233, #1609 ) ;
#1310 = CARTESIAN_POINT ( 'NONE',  ( -41.67500000000000426, 42.50000000000001421, 0.000000000000000000 ) ) ;
#1311 = DIRECTION ( 'NONE',  ( 1.000000000000000000, 0.000000000000000000, 0.000000000000000000 ) ) ;
#1313 = EDGE_CURVE ( 'NONE', #981, #236, #1901, .T. ) ;
#1312 = EDGE_LOOP ( 'NONE', ( #267, #1246, #1550 ) ) ;
#1314 = DIRECTION ( 'NONE',  ( 1.000000000000000000, 0.000000000000000000, 0.000000000000000000 ) ) ;
#1315 = CIRCLE ( 'NONE', #26, 1.649999999999998579 ) ;
#1316 = VERTEX_POINT ( 'NONE', #493 ) ;
#1317 = LINE ( 'NONE', #1022, #1042 ) ;
#1318 = DIRECTION ( 'NONE',  ( 0.000000000000000000, 0.000000000000000000, -1.000000000000000000 ) ) ;
#1319 = DIRECTION ( 'NONE',  ( 1.000000000000000000, 0.000000000000000000, 0.000000000000000000 ) ) ;
#1320 = ORIENTED_EDGE ( 'NONE', *, *, #1810, .F. ) ;
#1321 = EDGE_CURVE ( 'NONE', #766, #1560, #800, .T. ) ;
#1322 = DIRECTION ( 'NONE',  ( 0.000000000000000000, 0.000000000000000000, 1.000000000000000000 ) ) ;
#1323 = ORIENTED_EDGE ( 'NONE', *, *, #312, .F. ) ;
#1324 = CARTESIAN_POINT ( 'NONE',  ( -39.99999999999999289, -42.49999999999998579, 0.000000000000000000 ) ) ;
#1325 = DIRECTION ( 'NONE',  ( -0.000000000000000000, -1.000000000000000000, -0.000000000000000000 ) ) ;
#1326 = CARTESIAN_POINT ( 'NONE',  ( -40.00000000000000000, 42.50000000000001421, 0.000000000000000000 ) ) ;
#1327 = PLANE ( 'NONE',  #1302 ) ;
#1328 = ORIENTED_EDGE ( 'NONE', *, *, #95, .T. ) ;
#1329 = VECTOR ( 'NONE', #609, 1000.000000000000000 ) ;
#1330 = ORIENTED_EDGE ( 'NONE', *, *, #926, .T. ) ;
#1331 = DIRECTION ( 'NONE',  ( 0.000000000000000000, 0.000000000000000000, -1.000000000000000000 ) ) ;
#1332 = VECTOR ( 'NONE', #1012, 1000.000000000000000 ) ;
#1333 = ADVANCED_BREP_SHAPE_REPRESENTATION ( 'pco_edge10_bi_clhs', ( #580, #1460 ), #311 ) ;
#1334 = VERTEX_POINT ( 'NONE', #12 ) ;
#1335 = ADVANCED_FACE ( 'NONE', ( #369 ), #176, .T. ) ;
#1336 = FACE_OUTER_BOUND ( 'NONE', #1098, .T. ) ;
#1337 = DIRECTION ( 'NONE',  ( 0.000000000000000000, -0.000000000000000000, 1.000000000000000000 ) ) ;
#1338 = DIRECTION ( 'NONE',  ( -0.000000000000000000, -0.000000000000000000, 1.000000000000000000 ) ) ;
#1339 = CIRCLE ( 'NONE', #1899, 1.649999999999998579 ) ;
#1340 = ORIENTED_EDGE ( 'NONE', *, *, #521, .T. ) ;
#1341 = CARTESIAN_POINT ( 'NONE',  ( -39.99999999999999289, -46.49999999999997868, -102.2000000000000028 ) ) ;
#1342 = EDGE_CURVE ( 'NONE', #737, #791, #523, .T. ) ;
#1343 = VERTEX_POINT ( 'NONE', #814 ) ;
#1344 = EDGE_CURVE ( 'NONE', #58, #1288, #1452, .T. ) ;
#1345 = DIRECTION ( 'NONE',  ( 1.000000000000000000, 0.000000000000000000, 0.000000000000000000 ) ) ;
#1346 = AXIS2_PLACEMENT_3D ( 'NONE', #385, #695, #1147 ) ;
#1347 = DIRECTION ( 'NONE',  ( -0.000000000000000000, -0.000000000000000000, 1.000000000000000000 ) ) ;
#1348 = EDGE_CURVE ( 'NONE', #380, #1880, #1765, .T. ) ;
#1349 = DIRECTION ( 'NONE',  ( -0.7071067811866027508, 8.659560562355608320E-17, 0.7071067811864922836 ) ) ;
#1350 = ORIENTED_EDGE ( 'NONE', *, *, #1610, .T. ) ;
#1351 = ORIENTED_EDGE ( 'NONE', *, *, #509, .T. ) ;
#1352 = DIRECTION ( 'NONE',  ( 0.000000000000000000, 0.7071067811865524577, -0.7071067811865425767 ) ) ;
#1353 = ORIENTED_EDGE ( 'NONE', *, *, #807, .F. ) ;
#1354 = DIRECTION ( 'NONE',  ( 1.000000000000000000, 0.000000000000000000, 0.000000000000000000 ) ) ;
#1355 = ADVANCED_FACE ( 'NONE', ( #1920 ), #615, .F. ) ;
#1356 = DIRECTION ( 'NONE',  ( -0.000000000000000000, -0.000000000000000000, 1.000000000000000000 ) ) ;
#1357 = LINE ( 'NONE', #1076, #276 ) ;
#1358 = EDGE_LOOP ( 'NONE', ( #950, #113, #1084, #1913 ) ) ;
#1359 = EDGE_CURVE ( 'NONE', #380, #1705, #1295, .T. ) ;
#1360 = ORIENTED_EDGE ( 'NONE', *, *, #1886, .T. ) ;
#1361 = AXIS2_PLACEMENT_3D ( 'NONE', #446, #304, #150 ) ;
#1362 = DIRECTION ( 'NONE',  ( 0.000000000000000000, 0.000000000000000000, -1.000000000000000000 ) ) ;
#1363 = ORIENTED_EDGE ( 'NONE', *, *, #659, .T. ) ;
#1364 = VECTOR ( 'NONE', #1570, 1000.000000000000000 ) ;
#1365 = DIRECTION ( 'NONE',  ( -0.000000000000000000, -0.000000000000000000, 1.000000000000000000 ) ) ;
#1366 = CIRCLE ( 'NONE', #1464, 1.649999999999998579 ) ;
#1367 = DIRECTION ( 'NONE',  ( 1.000000000000000000, 0.000000000000000000, 0.000000000000000000 ) ) ;
#1368 = CARTESIAN_POINT ( 'NONE',  ( 0.000000000000000000, 0.000000000000000000, -102.2000000000000028 ) ) ;
#1369 = ORIENTED_EDGE ( 'NONE', *, *, #629, .T. ) ;
#1370 = STYLED_ITEM ( 'NONE', ( #203 ), #580 ) ;
#1371 = ORIENTED_EDGE ( 'NONE', *, *, #1199, .T. ) ;
#1372 = DIRECTION ( 'NONE',  ( -0.000000000000000000, -1.000000000000000000, -0.000000000000000000 ) ) ;
#1373 = ORIENTED_EDGE ( 'NONE', *, *, #1778, .F. ) ;
#1374 = DIRECTION ( 'NONE',  ( 0.000000000000000000, 0.000000000000000000, 1.000000000000000000 ) ) ;
#1375 = AXIS2_PLACEMENT_3D ( 'NONE', #818, #1592, #1883 ) ;
#1376 = CARTESIAN_POINT ( 'NONE',  ( -6.527367439455391601E-15, -46.86499999999998067, -51.45270000000001431 ) ) ;
#1377 = DIRECTION ( 'NONE',  ( 0.000000000000000000, 0.000000000000000000, -1.000000000000000000 ) ) ;
#1378 = CONICAL_SURFACE ( 'NONE', #1024, 3.999999999999996447, 0.7853981633974426169 ) ;
#1379 = CARTESIAN_POINT ( 'NONE',  ( 40.00000000000000711, -42.49999999999997158, -5.991420021395474471 ) ) ;
#1380 = EDGE_LOOP ( 'NONE', ( #471, #781, #1517, #1834 ) ) ;
#1381 = ADVANCED_FACE ( 'NONE', ( #1443 ), #691, .T. ) ;
#1382 = LINE ( 'NONE', #1229, #1110 ) ;
#1383 = ORIENTED_EDGE ( 'NONE', *, *, #1151, .F. ) ;
#1384 = DIRECTION ( 'NONE',  ( 0.000000000000000000, 0.000000000000000000, -1.000000000000000000 ) ) ;
#1385 = VERTEX_POINT ( 'NONE', #198 ) ;
#1386 = DIRECTION ( 'NONE',  ( 0.000000000000000000, 0.000000000000000000, 1.000000000000000000 ) ) ;
#1387 = ORIENTED_EDGE ( 'NONE', *, *, #1713, .T. ) ;
#1388 = DIRECTION ( 'NONE',  ( -0.000000000000000000, -1.000000000000000000, -0.000000000000000000 ) ) ;
#1389 = EDGE_LOOP ( 'NONE', ( #390, #1824, #515 ) ) ;
#1390 = CARTESIAN_POINT ( 'NONE',  ( 39.99999999999998579, 42.50000000000001421, 0.000000000000000000 ) ) ;
#1391 = AXIS2_PLACEMENT_3D ( 'NONE', #318, #168, #802 ) ;
#1392 = AXIS2_PLACEMENT_3D ( 'NONE', #1226, #285, #265 ) ;
#1393 = ORIENTED_EDGE ( 'NONE', *, *, #251, .T. ) ;
#1394 = CIRCLE ( 'NONE', #575, 1.649999999999984812 ) ;
#1395 = CARTESIAN_POINT ( 'NONE',  ( -30.00000000000000355, -47.49999999999998579, -85.57500000000003126 ) ) ;
#1396 = VECTOR ( 'NONE', #1067, 1000.000000000000000 ) ;
#1397 = LINE ( 'NONE', #1435, #1970 ) ;
#1398 = CYLINDRICAL_SURFACE ( 'NONE', #2003, 12.69999999999999929 ) ;
#1399 = EDGE_LOOP ( 'NONE', ( #1844, #495, #1612 ) ) ;
#1400 =( GEOMETRIC_REPRESENTATION_CONTEXT ( 3 ) GLOBAL_UNCERTAINTY_ASSIGNED_CONTEXT ( ( #1848 ) ) GLOBAL_UNIT_ASSIGNED_CONTEXT ( ( #1158, #1917, #1783 ) ) REPRESENTATION_CONTEXT ( 'NONE', 'WORKASPACE' ) );
#1401 = CARTESIAN_POINT ( 'NONE',  ( -40.00000000000001421, 47.50000000000001421, -101.1999999999999886 ) ) ;
#1402 = ORIENTED_EDGE ( 'NONE', *, *, #1511, .T. ) ;
#1403 = EDGE_CURVE ( 'NONE', #673, #1213, #1465, .T. ) ;
#1404 = DIRECTION ( 'NONE',  ( -0.000000000000000000, -1.000000000000000000, -0.000000000000000000 ) ) ;
#1405 = DIRECTION ( 'NONE',  ( 1.000000000000000000, 0.000000000000000000, 0.000000000000000000 ) ) ;
#1406 = DIRECTION ( 'NONE',  ( 0.8571673007021121116, 0.000000000000000000, 0.5150380749100544886 ) ) ;
#1407 = EDGE_CURVE ( 'NONE', #1734, #590, #845, .T. ) ;
#1408 = CARTESIAN_POINT ( 'NONE',  ( -6.938893903907228378E-15, 2.500000000000015987, -1.000000000000000000 ) ) ;
#1409 = ORIENTED_EDGE ( 'NONE', *, *, #1750, .F. ) ;
#1410 = DIRECTION ( 'NONE',  ( -0.000000000000000000, 0.000000000000000000, 1.000000000000000000 ) ) ;
#1411 = ORIENTED_EDGE ( 'NONE', *, *, #1273, .T. ) ;
#1412 = DIRECTION ( 'NONE',  ( 8.659560562354909439E-17, -0.7071067811865493491, 0.7071067811865456854 ) ) ;
#1413 = PRODUCT_CONTEXT ( 'NONE', #371, 'mechanical' ) ;
#1414 = CARTESIAN_POINT ( 'NONE',  ( 29.99999999999999645, -42.49999999999998579, -85.54999999999999716 ) ) ;
#1415 = LINE ( 'NONE', #5, #402 ) ;
#1416 = DIRECTION ( 'NONE',  ( 1.000000000000000000, 0.000000000000000000, 0.000000000000000000 ) ) ;
#1417 = ORIENTED_EDGE ( 'NONE', *, *, #633, .F. ) ;
#1419 = EDGE_CURVE ( 'NONE', #883, #138, #980, .T. ) ;
#1418 = VERTEX_POINT ( 'NONE', #1611 ) ;
#1420 = DIRECTION ( 'NONE',  ( 1.000000000000000000, 0.000000000000000000, 0.000000000000000000 ) ) ;
#1421 = ORIENTED_EDGE ( 'NONE', *, *, #1297, .T. ) ;
#1422 = CARTESIAN_POINT ( 'NONE',  ( -40.00000000000001421, 47.50000000000001421, -101.1999999999999886 ) ) ;
#1423 = VECTOR ( 'NONE', #1055, 999.9999999999998863 ) ;
#1424 = CARTESIAN_POINT ( 'NONE',  ( -30.00000000000000355, -47.49999999999998579, -85.57500000000003126 ) ) ;
#1425 = CARTESIAN_POINT ( 'NONE',  ( -44.00000000000000000, -9.641410477007939457E-15, 0.000000000000000000 ) ) ;
#1426 = EDGE_CURVE ( 'NONE', #1034, #1571, #879, .T. ) ;
#1427 = PLANE ( 'NONE',  #646 ) ;
#1428 = CIRCLE ( 'NONE', #578, 4.999999999999997335 ) ;
#1429 = ORIENTED_EDGE ( 'NONE', *, *, #1187, .F. ) ;
#1430 = ORIENTED_EDGE ( 'NONE', *, *, #134, .F. ) ;
#1431 = EDGE_CURVE ( 'NONE', #199, #1942, #325, .T. ) ;
#1432 = DIRECTION ( 'NONE',  ( -0.8571673007021121116, 1.049727191138618449E-16, 0.5150380749100544886 ) ) ;
#1433 = ORIENTED_EDGE ( 'NONE', *, *, #1052, .T. ) ;
#1434 = DIRECTION ( 'NONE',  ( -0.000000000000000000, -1.000000000000000000, -0.000000000000000000 ) ) ;
#1435 = CARTESIAN_POINT ( 'NONE',  ( -44.99999999999999289, -42.49999999999998579, -102.2000000000000028 ) ) ;
#1436 = CARTESIAN_POINT ( 'NONE',  ( 39.99999999999997868, 46.50000000000001421, -102.2000000000000028 ) ) ;
#1437 = DIRECTION ( 'NONE',  ( 0.000000000000000000, 0.000000000000000000, 1.000000000000000000 ) ) ;
#1438 = CIRCLE ( 'NONE', #1969, 29.25000000000000000 ) ;
#1439 = ORIENTED_EDGE ( 'NONE', *, *, #1099, .F. ) ;
#1440 = CIRCLE ( 'NONE', #593, 1.649999999999998579 ) ;
#1441 = EDGE_CURVE ( 'NONE', #1343, #503, #1928, .T. ) ;
#1442 = VECTOR ( 'NONE', #1388, 1000.000000000000000 ) ;
#1443 = FACE_OUTER_BOUND ( 'NONE', #207, .T. ) ;
#1444 = VERTEX_POINT ( 'NONE', #1941 ) ;
#1445 = EDGE_CURVE ( 'NONE', #999, #799, #533, .T. ) ;
#1446 = CARTESIAN_POINT ( 'NONE',  ( -6.938893903907228378E-15, 2.500000000000015987, -1.000000000000000000 ) ) ;
#1447 = CARTESIAN_POINT ( 'NONE',  ( -30.00000000000000355, -47.49999999999998579, -83.90000000000003411 ) ) ;
#1448 = DIRECTION ( 'NONE',  ( 0.000000000000000000, 0.000000000000000000, -1.000000000000000000 ) ) ;
#1449 = FACE_OUTER_BOUND ( 'NONE', #635, .T. ) ;
#1450 = ORIENTED_EDGE ( 'NONE', *, *, #1596, .F. ) ;
#1451 = EDGE_LOOP ( 'NONE', ( #2007, #1014, #2028, #422 ) ) ;
#1452 = LINE ( 'NONE', #1122, #1304 ) ;
#1453 = EDGE_LOOP ( 'NONE', ( #1808, #1393, #332 ) ) ;
#1454 = DIRECTION ( 'NONE',  ( 0.000000000000000000, 0.000000000000000000, -1.000000000000000000 ) ) ;
#1455 = EDGE_CURVE ( 'NONE', #1554, #886, #715, .T. ) ;
#1456 = CONICAL_SURFACE ( 'NONE', #906, 2.552699999999997971, 1.029744258676653645 ) ;
#1457 = CARTESIAN_POINT ( 'NONE',  ( 44.99999999999998579, 47.50000000000001421, -101.1999999999999886 ) ) ;
#1458 = DIRECTION ( 'NONE',  ( 0.7071067811866027508, 0.000000000000000000, 0.7071067811864922836 ) ) ;
#1459 = VECTOR ( 'NONE', #1725, 1000.000000000000000 ) ;
#1460 = AXIS2_PLACEMENT_3D ( 'NONE', #621, #793, #2014 ) ;
#1461 = ORIENTED_EDGE ( 'NONE', *, *, #852, .F. ) ;
#1462 = CIRCLE ( 'NONE', #944, 29.25000000000000000 ) ;
#1463 = ORIENTED_EDGE ( 'NONE', *, *, #260, .F. ) ;
#1464 = AXIS2_PLACEMENT_3D ( 'NONE', #1211, #1059, #1680 ) ;
#1465 = LINE ( 'NONE', #345, #1597 ) ;
#1466 = ORIENTED_EDGE ( 'NONE', *, *, #2024, .T. ) ;
#1467 = DIRECTION ( 'NONE',  ( -0.000000000000000000, 0.000000000000000000, 1.000000000000000000 ) ) ;
#1468 = EDGE_CURVE ( 'NONE', #642, #1224, #1428, .T. ) ;
#1469 = DIRECTION ( 'NONE',  ( 0.7071067811865451302, 0.000000000000000000, -0.7071067811865500152 ) ) ;
#1470 = VERTEX_POINT ( 'NONE', #93 ) ;
#1471 = ADVANCED_FACE ( 'NONE', ( #1029 ), #452, .F. ) ;
#1472 = CIRCLE ( 'NONE', #1088, 1.649999999999998579 ) ;
#1473 = CONICAL_SURFACE ( 'NONE', #400, 1.649999999999984812, 1.029744258676654090 ) ;
#1474 = LINE ( 'NONE', #238, #1171 ) ;
#1475 = AXIS2_PLACEMENT_3D ( 'NONE', #622, #1711, #794 ) ;
#1476 = ORIENTED_EDGE ( 'NONE', *, *, #482, .T. ) ;
#1477 = LINE ( 'NONE', #231, #245 ) ;
#1478 = LINE ( 'NONE', #702, #159 ) ;
#1479 = SURFACE_STYLE_FILL_AREA ( #351 ) ;
#1480 = DIRECTION ( 'NONE',  ( -2.191229653865440696E-16, 1.000000000000000000, -0.000000000000000000 ) ) ;
#1481 = VERTEX_POINT ( 'NONE', #1640 ) ;
#1482 = ADVANCED_FACE ( 'NONE', ( #249 ), #1795, .F. ) ;
#1483 = ORIENTED_EDGE ( 'NONE', *, *, #1600, .T. ) ;
#1484 = CARTESIAN_POINT ( 'NONE',  ( -39.99999999999999289, -46.49999999999997868, 0.000000000000000000 ) ) ;
#1485 = EDGE_LOOP ( 'NONE', ( #425, #1929, #1746, #1626 ) ) ;
#1486 = DIRECTION ( 'NONE',  ( 0.000000000000000000, 0.000000000000000000, 1.000000000000000000 ) ) ;
#1487 = DIRECTION ( 'NONE',  ( -1.000000000000000000, 0.000000000000000000, -0.000000000000000000 ) ) ;
#1488 = DIRECTION ( 'NONE',  ( 0.000000000000000000, -0.7071067811865475727, -0.7071067811865475727 ) ) ;
#1489 = CYLINDRICAL_SURFACE ( 'NONE', #976, 4.999999999999997335 ) ;
#1490 = ORIENTED_EDGE ( 'NONE', *, *, #1321, .F. ) ;
#1491 = AXIS2_PLACEMENT_3D ( 'NONE', #1790, #360, #1004 ) ;
#1492 = CIRCLE ( 'NONE', #47, 1.649999999999998579 ) ;
#1493 = ADVANCED_FACE ( 'NONE', ( #403 ), #1516, .T. ) ;
#1494 = CIRCLE ( 'NONE', #613, 1.675000000000002931 ) ;
#1495 = CARTESIAN_POINT ( 'NONE',  ( 39.99999999999998579, 42.50000000000001421, -102.2000000000000028 ) ) ;
#1496 = VECTOR ( 'NONE', #1979, 1000.000000000000114 ) ;
#1497 = ORIENTED_EDGE ( 'NONE', *, *, #442, .F. ) ;
#1498 = ADVANCED_FACE ( 'NONE', ( #885 ), #865, .F. ) ;
#1499 = FACE_OUTER_BOUND ( 'NONE', #1525, .T. ) ;
#1500 = DIRECTION ( 'NONE',  ( 1.000000000000000000, 0.000000000000000000, 0.000000000000000000 ) ) ;
#1501 = FACE_OUTER_BOUND ( 'NONE', #391, .T. ) ;
#1502 = AXIS2_PLACEMENT_3D ( 'NONE', #1696, #930, #297 ) ;
#1503 = ORIENTED_EDGE ( 'NONE', *, *, #211, .F. ) ;
#1504 = ORIENTED_EDGE ( 'NONE', *, *, #1997, .F. ) ;
#1505 = FACE_OUTER_BOUND ( 'NONE', #1738, .T. ) ;
#1506 = EDGE_CURVE ( 'NONE', #199, #718, #1043, .T. ) ;
#1507 = AXIS2_PLACEMENT_3D ( 'NONE', #122, #882, #1833 ) ;
#1508 = VERTEX_POINT ( 'NONE', #1650 ) ;
#1509 = DIRECTION ( 'NONE',  ( 1.000000000000000000, 0.000000000000000000, 0.000000000000000000 ) ) ;
#1510 = CIRCLE ( 'NONE', #1184, 1.649999999999984812 ) ;
#1511 = EDGE_CURVE ( 'NONE', #1470, #552, #75, .T. ) ;
#1512 = CARTESIAN_POINT ( 'NONE',  ( 41.65000000000000568, -42.49999999999997158, -5.000000000000000000 ) ) ;
#1513 = CARTESIAN_POINT ( 'NONE',  ( -41.67499999999999716, -42.49999999999998579, 0.000000000000000000 ) ) ;
#1514 = CARTESIAN_POINT ( 'NONE',  ( 40.00000000000000000, 42.50000000000002842, 0.000000000000000000 ) ) ;
#1515 = ORIENTED_EDGE ( 'NONE', *, *, #508, .T. ) ;
#1516 = CYLINDRICAL_SURFACE ( 'NONE', #313, 4.999999999999997335 ) ;
#1517 = ORIENTED_EDGE ( 'NONE', *, *, #263, .F. ) ;
#1518 = CARTESIAN_POINT ( 'NONE',  ( 40.00000000000000711, -42.49999999999997158, -5.000000000000000000 ) ) ;
#1519 = DIRECTION ( 'NONE',  ( 1.000000000000000000, 0.000000000000000000, 0.000000000000000000 ) ) ;
#1520 = EDGE_CURVE ( 'NONE', #642, #967, #730, .T. ) ;
#1521 = FACE_OUTER_BOUND ( 'NONE', #902, .T. ) ;
#1522 = CARTESIAN_POINT ( 'NONE',  ( 43.99999999999998579, 42.50000000000001421, -102.2000000000000028 ) ) ;
#1523 = ORIENTED_EDGE ( 'NONE', *, *, #1250, .F. ) ;
#1524 = CARTESIAN_POINT ( 'NONE',  ( 29.99999999999999645, -47.49999999999998579, -83.90000000000001990 ) ) ;
#1525 = EDGE_LOOP ( 'NONE', ( #143, #296, #1911, #1679 ) ) ;
#1526 = AXIS2_PLACEMENT_3D ( 'NONE', #723, #1204, #554 ) ;
#1527 = LINE ( 'NONE', #118, #1459 ) ;
#1528 = VECTOR ( 'NONE', #969, 1000.000000000000000 ) ;
#1529 = AXIS2_PLACEMENT_3D ( 'NONE', #1524, #1372, #797 ) ;
#1530 = CARTESIAN_POINT ( 'NONE',  ( -27.25000000000000711, 2.500000000000015987, 0.000000000000000000 ) ) ;
#1531 = CARTESIAN_POINT ( 'NONE',  ( -40.00000000000000000, 42.50000000000001421, -5.000000000000000000 ) ) ;
#1532 = EDGE_CURVE ( 'NONE', #1119, #1444, #1474, .T. ) ;
#1533 = CARTESIAN_POINT ( 'NONE',  ( -8.192886482591384741E-15, -40.96618309780833300, -48.90000000000001279 ) ) ;
#1534 = CIRCLE ( 'NONE', #1602, 3.187700000000001754 ) ;
#1535 = EDGE_LOOP ( 'NONE', ( #1846, #1058, #474, #67 ) ) ;
#1536 = PRODUCT ( 'pco_edge10_bi_clhs', 'pco_edge10_bi_clhs', '', ( #1413 ) ) ;
#1537 = DIRECTION ( 'NONE',  ( 1.000000000000000000, 0.000000000000000000, 0.000000000000000000 ) ) ;
#1538 = ORIENTED_EDGE ( 'NONE', *, *, #872, .T. ) ;
#1539 = CARTESIAN_POINT ( 'NONE',  ( -40.00000000000001421, 47.50000000000001421, -1.000000000000000888 ) ) ;
#1540 = VERTEX_POINT ( 'NONE', #1484 ) ;
#1541 = AXIS2_PLACEMENT_3D ( 'NONE', #1906, #1126, #1934 ) ;
#1542 = CYLINDRICAL_SURFACE ( 'NONE', #1632, 1.649999999999984812 ) ;
#1543 = VECTOR ( 'NONE', #288, 1000.000000000000000 ) ;
#1544 = ORIENTED_EDGE ( 'NONE', *, *, #1209, .F. ) ;
#1545 = FACE_OUTER_BOUND ( 'NONE', #1021, .T. ) ;
#1546 = EDGE_LOOP ( 'NONE', ( #1340, #846, #511, #975 ) ) ;
#1547 = ADVANCED_FACE ( 'NONE', ( #1630 ), #1861, .T. ) ;
#1548 = ORIENTED_EDGE ( 'NONE', *, *, #949, .T. ) ;
#1549 = CARTESIAN_POINT ( 'NONE',  ( -6.527367439455391601E-15, -42.49999999999998579, -48.90000000000001279 ) ) ;
#1550 = ORIENTED_EDGE ( 'NONE', *, *, #1455, .T. ) ;
#1551 = CARTESIAN_POINT ( 'NONE',  ( -45.00000000000001421, 42.50000000000001421, -101.1999999999999886 ) ) ;
#1552 = CARTESIAN_POINT ( 'NONE',  ( 44.99999999999998579, 47.50000000000001421, -1.000000000000000888 ) ) ;
#1553 = CARTESIAN_POINT ( 'NONE',  ( -12.70000000000000639, 2.500000000000017764, -1.000000000000000000 ) ) ;
#1554 = VERTEX_POINT ( 'NONE', #66 ) ;
#1555 = EDGE_CURVE ( 'NONE', #1316, #138, #979, .T. ) ;
#1556 = VECTOR ( 'NONE', #628, 1000.000000000000000 ) ;
#1557 = PLANE ( 'NONE',  #1859 ) ;
#1558 = VECTOR ( 'NONE', #1652, 1000.000000000000000 ) ;
#1559 = CIRCLE ( 'NONE', #512, 4.999999999999997335 ) ;
#1560 = VERTEX_POINT ( 'NONE', #1341 ) ;
#1561 = CIRCLE ( 'NONE', #346, 2.552699999999997971 ) ;
#1562 = CARTESIAN_POINT ( 'NONE',  ( -6.136986779291190475E-15, -47.49999999999998579, -45.71230000000001326 ) ) ;
#1563 = CARTESIAN_POINT ( 'NONE',  ( 39.99999999999997868, 47.50000000000001421, -102.2000000000000028 ) ) ;
#1564 = AXIS2_PLACEMENT_3D ( 'NONE', #57, #42, #1912 ) ;
#1565 = DIRECTION ( 'NONE',  ( -1.000000000000000000, 0.000000000000000000, 0.000000000000000000 ) ) ;
#1566 = DIRECTION ( 'NONE',  ( 1.049727191138618449E-16, -0.5150380749100544886, 0.8571673007021121116 ) ) ;
#1567 = ORIENTED_EDGE ( 'NONE', *, *, #64, .T. ) ;
#1568 = COLOUR_RGB ( '',0.7921568627450980005, 0.8196078431372548767, 0.9333333333333333481 ) ;
#1569 = ADVANCED_FACE ( 'NONE', ( #1505 ), #1971, .T. ) ;
#1570 = DIRECTION ( 'NONE',  ( -0.000000000000000000, -0.000000000000000000, 1.000000000000000000 ) ) ;
#1571 = VERTEX_POINT ( 'NONE', #895 ) ;
#1572 = CARTESIAN_POINT ( 'NONE',  ( -40.00000000000000000, 42.50000000000001421, -5.000000000000000000 ) ) ;
#1573 = PLANE ( 'NONE',  #1822 ) ;
#1574 = EDGE_CURVE ( 'NONE', #1263, #552, #114, .T. ) ;
#1575 = LINE ( 'NONE', #1424, #494 ) ;
#1576 = DIRECTION ( 'NONE',  ( 0.000000000000000000, 0.000000000000000000, 1.000000000000000000 ) ) ;
#1577 = CARTESIAN_POINT ( 'NONE',  ( -6.938893903907228378E-15, 2.500000000000015987, 0.000000000000000000 ) ) ;
#1578 = ORIENTED_EDGE ( 'NONE', *, *, #1724, .F. ) ;
#1579 = DIRECTION ( 'NONE',  ( -0.000000000000000000, -1.000000000000000000, -0.000000000000000000 ) ) ;
#1580 = ORIENTED_EDGE ( 'NONE', *, *, #521, .F. ) ;
#1581 = EDGE_CURVE ( 'NONE', #138, #1316, #247, .T. ) ;
#1582 = CARTESIAN_POINT ( 'NONE',  ( 43.99999999999999289, 6.427606984671958586E-15, 0.000000000000000000 ) ) ;
#1583 = LINE ( 'NONE', #1414, #526 ) ;
#1584 = FACE_OUTER_BOUND ( 'NONE', #614, .T. ) ;
#1585 = CARTESIAN_POINT ( 'NONE',  ( 40.00000000000000711, -42.49999999999997158, -5.000000000000000000 ) ) ;
#1586 = ORIENTED_EDGE ( 'NONE', *, *, #1581, .F. ) ;
#1587 = DIRECTION ( 'NONE',  ( 0.000000000000000000, 0.7071067811865425767, -0.7071067811865525687 ) ) ;
#1588 = ORIENTED_EDGE ( 'NONE', *, *, #689, .F. ) ;
#1589 = CARTESIAN_POINT ( 'NONE',  ( -43.99999999999998579, -42.49999999999998579, -102.2000000000000028 ) ) ;
#1590 = AXIS2_PLACEMENT_3D ( 'NONE', #1572, #1102, #1729 ) ;
#1591 = CONICAL_SURFACE ( 'NONE', #1040, 1.649999999999998579, 1.029744258676654090 ) ;
#1592 = DIRECTION ( 'NONE',  ( -0.000000000000000000, -0.000000000000000000, 1.000000000000000000 ) ) ;
#1593 = CONICAL_SURFACE ( 'NONE', #1821, 1.675000000000002931, 0.7853981633975263277 ) ;
#1594 = DIRECTION ( 'NONE',  ( 1.000000000000000000, 0.000000000000000000, 0.000000000000000000 ) ) ;
#1595 = LINE ( 'NONE', #2008, #49 ) ;
#1596 = EDGE_CURVE ( 'NONE', #1224, #916, #539, .T. ) ;
#1597 = VECTOR ( 'NONE', #513, 1000.000000000000114 ) ;
#1598 = VERTEX_POINT ( 'NONE', #571 ) ;
#1599 = ORIENTED_EDGE ( 'NONE', *, *, #1750, .T. ) ;
#1600 = EDGE_CURVE ( 'NONE', #1571, #8, #1050, .T. ) ;
#1601 = CARTESIAN_POINT ( 'NONE',  ( -39.99999999999999289, -47.49999999999997868, -101.1999999999999886 ) ) ;
#1602 = AXIS2_PLACEMENT_3D ( 'NONE', #1635, #1763, #663 ) ;
#1603 = EDGE_LOOP ( 'NONE', ( #654, #129, #135, #866 ) ) ;
#1604 = CARTESIAN_POINT ( 'NONE',  ( 41.67500000000000426, 42.50000000000002842, 0.000000000000000000 ) ) ;
#1605 = DIRECTION ( 'NONE',  ( -0.000000000000000000, -0.000000000000000000, 1.000000000000000000 ) ) ;
#1606 = CARTESIAN_POINT ( 'NONE',  ( -6.527367439455391601E-15, -47.49999999999998579, -48.90000000000001279 ) ) ;
#1607 = DIRECTION ( 'NONE',  ( 0.000000000000000000, 0.000000000000000000, 1.000000000000000000 ) ) ;
#1608 = VERTEX_POINT ( 'NONE', #453 ) ;
#1609 = VECTOR ( 'NONE', #1771, 1000.000000000000000 ) ;
#1610 = EDGE_CURVE ( 'NONE', #63, #1663, #1755, .T. ) ;
#1611 = CARTESIAN_POINT ( 'NONE',  ( -41.64999999999999858, 42.50000000000001421, -5.000000000000000000 ) ) ;
#1612 = ORIENTED_EDGE ( 'NONE', *, *, #683, .T. ) ;
#1613 = CARTESIAN_POINT ( 'NONE',  ( -39.99999999999999289, -42.49999999999998579, 0.000000000000000000 ) ) ;
#1614 = CYLINDRICAL_SURFACE ( 'NONE', #860, 1.649999999999998579 ) ;
#1615 = DIRECTION ( 'NONE',  ( -1.460819769243627377E-16, 1.000000000000000000, 0.000000000000000000 ) ) ;
#1616 = CARTESIAN_POINT ( 'NONE',  ( -44.99999999999999289, -42.49999999999998579, -101.1999999999999886 ) ) ;
#1617 = EDGE_LOOP ( 'NONE', ( #1910, #1862, #1253, #563 ) ) ;
#1618 = CARTESIAN_POINT ( 'NONE',  ( -45.00000000000001421, 47.50000000000001421, -101.1999999999999886 ) ) ;
#1619 = ADVANCED_FACE ( 'NONE', ( #340 ), #1662, .F. ) ;
#1620 = ORIENTED_EDGE ( 'NONE', *, *, #1035, .T. ) ;
#1621 = DIRECTION ( 'NONE',  ( 1.000000000000000000, 0.000000000000000000, 0.000000000000000000 ) ) ;
#1622 = VECTOR ( 'NONE', #25, 1000.000000000000114 ) ;
#1623 = PLANE ( 'NONE',  #1710 ) ;
#1624 = CARTESIAN_POINT ( 'NONE',  ( 39.99999999999998579, 42.50000000000001421, 0.000000000000000000 ) ) ;
#1625 = CIRCLE ( 'NONE', #1142, 1.674999999999995826 ) ;
#1626 = ORIENTED_EDGE ( 'NONE', *, *, #807, .T. ) ;
#1627 = VECTOR ( 'NONE', #1845, 1000.000000000000000 ) ;
#1628 = ORIENTED_EDGE ( 'NONE', *, *, #1636, .T. ) ;
#1629 = AXIS2_PLACEMENT_3D ( 'NONE', #1577, #19, #1836 ) ;
#1630 = FACE_OUTER_BOUND ( 'NONE', #1276, .T. ) ;
#1631 = VERTEX_POINT ( 'NONE', #183 ) ;
#1632 = AXIS2_PLACEMENT_3D ( 'NONE', #620, #771, #1739 ) ;
#1633 = DIRECTION ( 'NONE',  ( 1.000000000000000000, 0.000000000000000000, 0.000000000000000000 ) ) ;
#1634 = FACE_OUTER_BOUND ( 'NONE', #502, .T. ) ;
#1635 = CARTESIAN_POINT ( 'NONE',  ( -6.527367439455391601E-15, -47.49999999999998579, -48.90000000000001279 ) ) ;
#1636 = EDGE_CURVE ( 'NONE', #583, #1470, #1462, .T. ) ;
#1637 = DIRECTION ( 'NONE',  ( -0.000000000000000000, -1.000000000000000000, -0.000000000000000000 ) ) ;
#1638 = ORIENTED_EDGE ( 'NONE', *, *, #1835, .F. ) ;
#1639 = CIRCLE ( 'NONE', #1475, 2.552699999999997971 ) ;
#1640 = CARTESIAN_POINT ( 'NONE',  ( 12.69999999999999218, 2.500000000000015987, -1.000000000000000000 ) ) ;
#1641 = VECTOR ( 'NONE', #163, 1000.000000000000000 ) ;
#1642 = ORIENTED_EDGE ( 'NONE', *, *, #1778, .T. ) ;
#1643 = DIRECTION ( 'NONE',  ( -0.7071067811866027508, 8.659560562355608320E-17, 0.7071067811864922836 ) ) ;
#1644 = EDGE_CURVE ( 'NONE', #41, #1008, #1595, .T. ) ;
#1645 = DIRECTION ( 'NONE',  ( 0.000000000000000000, 0.000000000000000000, -1.000000000000000000 ) ) ;
#1646 = FACE_OUTER_BOUND ( 'NONE', #598, .T. ) ;
#1647 = ADVANCED_FACE ( 'NONE', ( #820 ), #1107, .F. ) ;
#1648 = ORIENTED_EDGE ( 'NONE', *, *, #669, .F. ) ;
#1649 = EDGE_CURVE ( 'NONE', #766, #707, #29, .T. ) ;
#1650 = CARTESIAN_POINT ( 'NONE',  ( 39.99999999999997868, 47.50000000000001421, -1.000000000000000888 ) ) ;
#1651 = EDGE_LOOP ( 'NONE', ( #572, #1877, #485, #1189 ) ) ;
#1652 = DIRECTION ( 'NONE',  ( -0.8571673007021121116, 1.049727191138618449E-16, 0.5150380749100544886 ) ) ;
#1653 = DIRECTION ( 'NONE',  ( 0.000000000000000000, 0.000000000000000000, -1.000000000000000000 ) ) ;
#1654 = CARTESIAN_POINT ( 'NONE',  ( -40.00000000000001421, 42.50000000000001421, -102.2000000000000028 ) ) ;
#1655 = ORIENTED_EDGE ( 'NONE', *, *, #336, .T. ) ;
#1656 = EDGE_CURVE ( 'NONE', #981, #1608, #315, .T. ) ;
#1657 = VECTOR ( 'NONE', #100, 999.9999999999998863 ) ;
#1658 = ORIENTED_EDGE ( 'NONE', *, *, #1284, .T. ) ;
#1659 = CONICAL_SURFACE ( 'NONE', #1793, 1.649999999999998579, 1.029744258676654090 ) ;
#1660 = CARTESIAN_POINT ( 'NONE',  ( 40.00000000000000000, -47.49999999999998579, -1.000000000000000888 ) ) ;
#1661 = EDGE_CURVE ( 'NONE', #236, #2030, #1796, .T. ) ;
#1662 = CONICAL_SURFACE ( 'NONE', #212, 1.649999999999998579, 1.029744258676654090 ) ;
#1663 = VERTEX_POINT ( 'NONE', #914 ) ;
#1664 = DIRECTION ( 'NONE',  ( 0.000000000000000000, -0.000000000000000000, -1.000000000000000000 ) ) ;
#1665 = ORIENTED_EDGE ( 'NONE', *, *, #317, .T. ) ;
#1666 = CARTESIAN_POINT ( 'NONE',  ( -6.938893903907228378E-15, 2.500000000000015987, -1.000000000000000000 ) ) ;
#1667 = FACE_OUTER_BOUND ( 'NONE', #439, .T. ) ;
#1668 = AXIS2_PLACEMENT_3D ( 'NONE', #88, #1982, #397 ) ;
#1669 = DIRECTION ( 'NONE',  ( -0.000000000000000000, -1.000000000000000000, -0.000000000000000000 ) ) ;
#1670 = ORIENTED_EDGE ( 'NONE', *, *, #1656, .T. ) ;
#1671 = DIRECTION ( 'NONE',  ( 1.000000000000000000, 0.000000000000000000, 0.000000000000000000 ) ) ;
#1672 = ORIENTED_EDGE ( 'NONE', *, *, #1199, .F. ) ;
#1673 = ADVANCED_FACE ( 'NONE', ( #1733, #432 ), #1427, .T. ) ;
#1674 = CARTESIAN_POINT ( 'NONE',  ( -40.00000000000001421, 42.50000000000001421, 0.000000000000000000 ) ) ;
#1675 = AXIS2_PLACEMENT_3D ( 'NONE', #1116, #2025, #162 ) ;
#1676 = DIRECTION ( 'NONE',  ( 0.000000000000000000, 0.000000000000000000, 1.000000000000000000 ) ) ;
#1677 = DIRECTION ( 'NONE',  ( 1.000000000000000000, 0.000000000000000000, 0.000000000000000000 ) ) ;
#1678 = ORIENTED_EDGE ( 'NONE', *, *, #290, .F. ) ;
#1679 = ORIENTED_EDGE ( 'NONE', *, *, #1125, .T. ) ;
#1680 = DIRECTION ( 'NONE',  ( 1.000000000000000000, 0.000000000000000000, 0.000000000000000000 ) ) ;
#1681 = ORIENTED_EDGE ( 'NONE', *, *, #1290, .F. ) ;
#1682 = EDGE_CURVE ( 'NONE', #1288, #640, #1366, .T. ) ;
#1683 = LINE ( 'NONE', #888, #978 ) ;
#1684 = ORIENTED_EDGE ( 'NONE', *, *, #148, .F. ) ;
#1685 = CARTESIAN_POINT ( 'NONE',  ( 0.000000000000000000, -46.49999999999998579, 0.000000000000000000 ) ) ;
#1686 = ADVANCED_FACE ( 'NONE', ( #6 ), #484, .F. ) ;
#1687 = DIRECTION ( 'NONE',  ( 0.000000000000000000, 0.000000000000000000, 1.000000000000000000 ) ) ;
#1688 = CARTESIAN_POINT ( 'NONE',  ( 40.00000000000000711, -42.49999999999997158, 0.000000000000000000 ) ) ;
#1689 = VERTEX_POINT ( 'NONE', #1999 ) ;
#1690 = VECTOR ( 'NONE', #1207, 999.9999999999998863 ) ;
#1691 = DIRECTION ( 'NONE',  ( 1.000000000000000000, 0.000000000000000000, 0.000000000000000000 ) ) ;
#1692 = ORIENTED_EDGE ( 'NONE', *, *, #1661, .F. ) ;
#1693 = DIRECTION ( 'NONE',  ( -1.000000000000000000, 0.000000000000000000, 0.000000000000000000 ) ) ;
#1694 = AXIS2_PLACEMENT_3D ( 'NONE', #1201, #1989, #1797 ) ;
#1695 = ORIENTED_EDGE ( 'NONE', *, *, #1649, .T. ) ;
#1696 = CARTESIAN_POINT ( 'NONE',  ( -40.00000000000000000, 42.50000000000001421, 0.000000000000000000 ) ) ;
#1697 = DIRECTION ( 'NONE',  ( -0.000000000000000000, -0.000000000000000000, 1.000000000000000000 ) ) ;
#1698 = ORIENTED_EDGE ( 'NONE', *, *, #1965, .T. ) ;
#1699 = EDGE_CURVE ( 'NONE', #1129, #41, #1893, .T. ) ;
#1700 = AXIS2_PLACEMENT_3D ( 'NONE', #1685, #139, #763 ) ;
#1701 = ORIENTED_EDGE ( 'NONE', *, *, #1520, .T. ) ;
#1702 = VERTEX_POINT ( 'NONE', #639 ) ;
#1703 = DIRECTION ( 'NONE',  ( -0.000000000000000000, -0.000000000000000000, 1.000000000000000000 ) ) ;
#1704 = CONICAL_SURFACE ( 'NONE', #1837, 1.675000000000002931, 0.7853981633975263277 ) ;
#1705 = VERTEX_POINT ( 'NONE', #1908 ) ;
#1706 = CIRCLE ( 'NONE', #1905, 1.674999999999995826 ) ;
#1707 = CARTESIAN_POINT ( 'NONE',  ( -6.527367439455391601E-15, -42.49999999999998579, -48.90000000000001279 ) ) ;
#1708 = LINE ( 'NONE', #1563, #175 ) ;
#1709 = EDGE_CURVE ( 'NONE', #466, #1481, #1272, .T. ) ;
#1710 = AXIS2_PLACEMENT_3D ( 'NONE', #1457, #819, #39 ) ;
#1711 = DIRECTION ( 'NONE',  ( -0.000000000000000000, -1.000000000000000000, -0.000000000000000000 ) ) ;
#1712 = CARTESIAN_POINT ( 'NONE',  ( -6.938893903907228378E-15, 2.500000000000015987, -1.000000000000000000 ) ) ;
#1713 = EDGE_CURVE ( 'NONE', #925, #1129, #1382, .T. ) ;
#1714 = VERTEX_POINT ( 'NONE', #652 ) ;
#1715 = CARTESIAN_POINT ( 'NONE',  ( -39.99999999999999289, -42.49999999999998579, -101.1999999999999886 ) ) ;
#1716 = ORIENTED_EDGE ( 'NONE', *, *, #1261, .T. ) ;
#1717 = FACE_OUTER_BOUND ( 'NONE', #1036, .T. ) ;
#1718 = CARTESIAN_POINT ( 'NONE',  ( 41.67500000000000426, 42.50000000000002842, 0.000000000000000000 ) ) ;
#1719 = DIRECTION ( 'NONE',  ( 0.000000000000000000, 0.000000000000000000, -1.000000000000000000 ) ) ;
#1720 = LINE ( 'NONE', #638, #1543 ) ;
#1721 = ORIENTED_EDGE ( 'NONE', *, *, #34, .F. ) ;
#1722 = EDGE_CURVE ( 'NONE', #688, #766, #1268, .T. ) ;
#1723 = AXIS2_PLACEMENT_3D ( 'NONE', #349, #1760, #982 ) ;
#1724 = EDGE_CURVE ( 'NONE', #63, #1828, #490, .T. ) ;
#1725 = DIRECTION ( 'NONE',  ( 0.000000000000000000, -0.5150380749100544886, -0.8571673007021121116 ) ) ;
#1726 = VECTOR ( 'NONE', #1083, 1000.000000000000000 ) ;
#1727 = ORIENTED_EDGE ( 'NONE', *, *, #1709, .F. ) ;
#1728 = AXIS2_PLACEMENT_3D ( 'NONE', #708, #1352, #1815 ) ;
#1729 = DIRECTION ( 'NONE',  ( 1.000000000000000000, 0.000000000000000000, 0.000000000000000000 ) ) ;
#1730 = CIRCLE ( 'NONE', #116, 12.69999999999999929 ) ;
#1731 = FACE_OUTER_BOUND ( 'NONE', #359, .T. ) ;
#1732 = DIRECTION ( 'NONE',  ( 1.000000000000000000, 0.000000000000000000, -0.000000000000000000 ) ) ;
#1733 = FACE_BOUND ( 'NONE', #1788, .T. ) ;
#1734 = VERTEX_POINT ( 'NONE', #1764 ) ;
#1735 = CONICAL_SURFACE ( 'NONE', #186, 3.999999999999996447, 0.7853981633974496113 ) ;
#1736 = CARTESIAN_POINT ( 'NONE',  ( -41.64999999999999147, -42.49999999999998579, 0.000000000000000000 ) ) ;
#1737 = ADVANCED_FACE ( 'NONE', ( #997 ), #52, .T. ) ;
#1738 = EDGE_LOOP ( 'NONE', ( #1073, #811, #1461, #1523 ) ) ;
#1739 = DIRECTION ( 'NONE',  ( 0.000000000000000000, 0.000000000000000000, -1.000000000000000000 ) ) ;
#1740 =( NAMED_UNIT ( * ) SI_UNIT ( $, .STERADIAN. ) SOLID_ANGLE_UNIT ( ) );
#1741 = CIRCLE ( 'NONE', #558, 1.675000000000002931 ) ;
#1742 = DIRECTION ( 'NONE',  ( 0.000000000000000000, -0.5150380749100544886, -0.8571673007021121116 ) ) ;
#1743 = LINE ( 'NONE', #765, #128 ) ;
#1744 = DIRECTION ( 'NONE',  ( 1.000000000000000000, 0.000000000000000000, 0.000000000000000000 ) ) ;
#1745 = CIRCLE ( 'NONE', #154, 3.999999999999996447 ) ;
#1746 = ORIENTED_EDGE ( 'NONE', *, *, #721, .T. ) ;
#1747 = EDGE_LOOP ( 'NONE', ( #1794, #1417 ) ) ;
#1748 = DIRECTION ( 'NONE',  ( -0.000000000000000000, -0.000000000000000000, 1.000000000000000000 ) ) ;
#1749 = EDGE_LOOP ( 'NONE', ( #82, #1130 ) ) ;
#1750 = EDGE_CURVE ( 'NONE', #1481, #466, #1730, .T. ) ;
#1751 = CARTESIAN_POINT ( 'NONE',  ( 40.00000000000000000, -46.49999999999998579, 0.000000000000000000 ) ) ;
#1752 = CARTESIAN_POINT ( 'NONE',  ( -30.00000000000000355, -47.47499999999997300, -85.55000000000001137 ) ) ;
#1753 = EDGE_CURVE ( 'NONE', #642, #451, #214, .T. ) ;
#1754 = FACE_OUTER_BOUND ( 'NONE', #856, .T. ) ;
#1755 = LINE ( 'NONE', #966, #1825 ) ;
#1756 = ORIENTED_EDGE ( 'NONE', *, *, #1287, .F. ) ;
#1757 = EDGE_LOOP ( 'NONE', ( #85, #1871 ) ) ;
#1758 = DIRECTION ( 'NONE',  ( 1.000000000000000000, 0.000000000000000000, 0.000000000000000000 ) ) ;
#1759 = VERTEX_POINT ( 'NONE', #1166 ) ;
#1760 = DIRECTION ( 'NONE',  ( 0.000000000000000000, 0.000000000000000000, 1.000000000000000000 ) ) ;
#1761 = VECTOR ( 'NONE', #1781, 1000.000000000000114 ) ;
#1762 = VECTOR ( 'NONE', #1480, 1000.000000000000000 ) ;
#1763 = DIRECTION ( 'NONE',  ( -0.000000000000000000, -1.000000000000000000, -0.000000000000000000 ) ) ;
#1764 = CARTESIAN_POINT ( 'NONE',  ( 44.99999999999998579, 42.50000000000001421, -101.1999999999999886 ) ) ;
#1765 = CIRCLE ( 'NONE', #1239, 1.649999999999998579 ) ;
#1766 = EDGE_LOOP ( 'NONE', ( #1721, #1786 ) ) ;
#1767 = ORIENTED_EDGE ( 'NONE', *, *, #623, .F. ) ;
#1768 = DIRECTION ( 'NONE',  ( -0.000000000000000000, -0.000000000000000000, 1.000000000000000000 ) ) ;
#1769 = ORIENTED_EDGE ( 'NONE', *, *, #1596, .T. ) ;
#1770 = CARTESIAN_POINT ( 'NONE',  ( 44.00000000000000000, -42.49999999999998579, -102.2000000000000028 ) ) ;
#1771 = DIRECTION ( 'NONE',  ( -0.8571673007021121116, 1.049727191138618449E-16, 0.5150380749100544886 ) ) ;
#1772 = DIRECTION ( 'NONE',  ( 1.000000000000000000, 0.000000000000000000, 0.000000000000000000 ) ) ;
#1773 = DIRECTION ( 'NONE',  ( -0.000000000000000000, -0.000000000000000000, -1.000000000000000000 ) ) ;
#1774 = ORIENTED_EDGE ( 'NONE', *, *, #721, .F. ) ;
#1775 = EDGE_CURVE ( 'NONE', #1119, #1919, #848, .T. ) ;
#1776 = CONICAL_SURFACE ( 'NONE', #1840, 2.552699999999997971, 1.029744258676653645 ) ;
#1777 = ORIENTED_EDGE ( 'NONE', *, *, #779, .T. ) ;
#1778 = EDGE_CURVE ( 'NONE', #585, #1705, #215, .T. ) ;
#1779 = DIRECTION ( 'NONE',  ( -0.000000000000000000, -1.000000000000000000, -0.000000000000000000 ) ) ;
#1780 = EDGE_LOOP ( 'NONE', ( #1701, #430, #1450, #864 ) ) ;
#1781 = DIRECTION ( 'NONE',  ( 0.000000000000000000, -0.7071067811865474617, -0.7071067811865474617 ) ) ;
#1782 = CARTESIAN_POINT ( 'NONE',  ( 40.00000000000000000, 42.50000000000002842, -5.000000000000000000 ) ) ;
#1783 =( NAMED_UNIT ( * ) SI_UNIT ( $, .STERADIAN. ) SOLID_ANGLE_UNIT ( ) );
#1784 = DIRECTION ( 'NONE',  ( 2.191229653865440696E-16, -1.000000000000000000, 0.000000000000000000 ) ) ;
#1785 = EDGE_LOOP ( 'NONE', ( #1094, #1698, #534 ) ) ;
#1786 = ORIENTED_EDGE ( 'NONE', *, *, #1574, .F. ) ;
#1787 = CARTESIAN_POINT ( 'NONE',  ( 29.24999999999999645, 2.500000000000015987, -1.000000000000000000 ) ) ;
#1788 = EDGE_LOOP ( 'NONE', ( #184, #335 ) ) ;
#1789 = ADVANCED_FACE ( 'NONE', ( #40 ), #242, .T. ) ;
#1790 = CARTESIAN_POINT ( 'NONE',  ( -39.99999999999999289, -42.49999999999998579, 0.000000000000000000 ) ) ;
#1791 = DIRECTION ( 'NONE',  ( -0.000000000000000000, -1.000000000000000000, -0.000000000000000000 ) ) ;
#1792 = DIRECTION ( 'NONE',  ( -0.000000000000000000, -0.000000000000000000, 1.000000000000000000 ) ) ;
#1793 = AXIS2_PLACEMENT_3D ( 'NONE', #1518, #1365, #917 ) ;
#1794 = ORIENTED_EDGE ( 'NONE', *, *, #1878, .F. ) ;
#1795 = CONICAL_SURFACE ( 'NONE', #178, 1.675000000000002931, 0.7853981633975263277 ) ;
#1796 = CIRCLE ( 'NONE', #747, 27.25000000000000000 ) ;
#1797 = DIRECTION ( 'NONE',  ( -1.460819769243627377E-16, 1.000000000000000000, 0.000000000000000000 ) ) ;
#1798 = EDGE_CURVE ( 'NONE', #269, #945, #830, .T. ) ;
#1799 = ORIENTED_EDGE ( 'NONE', *, *, #174, .F. ) ;
#1800 = CIRCLE ( 'NONE', #1081, 1.675000000000002931 ) ;
#1801 = ADVANCED_FACE ( 'NONE', ( #1646 ), #1591, .F. ) ;
#1802 = DIRECTION ( 'NONE',  ( -0.000000000000000000, -0.000000000000000000, 1.000000000000000000 ) ) ;
#1803 = DIRECTION ( 'NONE',  ( 2.191229653865440696E-16, -1.000000000000000000, 0.000000000000000000 ) ) ;
#1804 = DIRECTION ( 'NONE',  ( -1.000000000000000000, 0.000000000000000000, 0.000000000000000000 ) ) ;
#1805 = ORIENTED_EDGE ( 'NONE', *, *, #1722, .T. ) ;
#1806 = DIRECTION ( 'NONE',  ( -0.000000000000000000, -0.000000000000000000, 1.000000000000000000 ) ) ;
#1807 = AXIS2_PLACEMENT_3D ( 'NONE', #1090, #1279, #631 ) ;
#1808 = ORIENTED_EDGE ( 'NONE', *, *, #1344, .F. ) ;
#1809 = DIRECTION ( 'NONE',  ( -0.000000000000000000, -0.000000000000000000, 1.000000000000000000 ) ) ;
#1810 = EDGE_CURVE ( 'NONE', #1227, #1051, #664, .T. ) ;
#1811 = CARTESIAN_POINT ( 'NONE',  ( -39.99999999999999289, -42.49999999999998579, -5.000000000000000000 ) ) ;
#1812 = DIRECTION ( 'NONE',  ( -0.000000000000000000, -1.000000000000000000, -0.000000000000000000 ) ) ;
#1813 = EDGE_LOOP ( 'NONE', ( #1681, #1323, #968, #746 ) ) ;
#1814 = EDGE_CURVE ( 'NONE', #1631, #999, #696, .T. ) ;
#1815 = DIRECTION ( 'NONE',  ( 1.000000000000000000, -0.000000000000000000, 0.000000000000000000 ) ) ;
#1816 = ORIENTED_EDGE ( 'NONE', *, *, #565, .T. ) ;
#1817 = DIRECTION ( 'NONE',  ( -0.7071067811866027508, 8.659560562355608320E-17, 0.7071067811864922836 ) ) ;
#1818 = DIRECTION ( 'NONE',  ( -0.000000000000000000, -1.000000000000000000, -0.000000000000000000 ) ) ;
#1819 = FACE_OUTER_BOUND ( 'NONE', #441, .T. ) ;
#1820 = VERTEX_POINT ( 'NONE', #1936 ) ;
#1821 = AXIS2_PLACEMENT_3D ( 'NONE', #1324, #713, #105 ) ;
#1822 = AXIS2_PLACEMENT_3D ( 'NONE', #1892, #319, #1405 ) ;
#1823 = ADVANCED_FACE ( 'NONE', ( #1177 ), #382, .T. ) ;
#1824 = ORIENTED_EDGE ( 'NONE', *, *, #291, .T. ) ;
#1825 = VECTOR ( 'NONE', #501, 1000.000000000000000 ) ;
#1826 = CARTESIAN_POINT ( 'NONE',  ( 40.00000000000000000, 42.50000000000002842, -5.000000000000000000 ) ) ;
#1827 = AXIS2_PLACEMENT_3D ( 'NONE', #1286, #1131, #1758 ) ;
#1828 = VERTEX_POINT ( 'NONE', #71 ) ;
#1829 = CARTESIAN_POINT ( 'NONE',  ( 40.00000000000000711, -42.49999999999997158, 0.000000000000000000 ) ) ;
#1830 = AXIS2_PLACEMENT_3D ( 'NONE', #996, #1791, #374 ) ;
#1831 = LINE ( 'NONE', #576, #151 ) ;
#1832 = FACE_BOUND ( 'NONE', #1749, .T. ) ;
#1833 = DIRECTION ( 'NONE',  ( 0.000000000000000000, 0.000000000000000000, -1.000000000000000000 ) ) ;
#1834 = ORIENTED_EDGE ( 'NONE', *, *, #237, .F. ) ;
#1835 = EDGE_CURVE ( 'NONE', #1880, #380, #1009, .T. ) ;
#1836 = DIRECTION ( 'NONE',  ( 1.000000000000000000, 0.000000000000000000, 0.000000000000000000 ) ) ;
#1837 = AXIS2_PLACEMENT_3D ( 'NONE', #266, #568, #438 ) ;
#1838 = ORIENTED_EDGE ( 'NONE', *, *, #1407, .T. ) ;
#1839 = CARTESIAN_POINT ( 'NONE',  ( -30.00000000000000355, -42.49999999999998579, -83.90000000000003411 ) ) ;
#1840 = AXIS2_PLACEMENT_3D ( 'NONE', #1157, #1325, #396 ) ;
#1841 = DIRECTION ( 'NONE',  ( 1.000000000000000000, 0.000000000000000000, -0.000000000000000000 ) ) ;
#1842 = CARTESIAN_POINT ( 'NONE',  ( 39.99999999999998579, 42.50000000000001421, -1.000000000000000888 ) ) ;
#1843 = CARTESIAN_POINT ( 'NONE',  ( 44.99999999999998579, 42.50000000000001421, -1.000000000000000888 ) ) ;
#1844 = ORIENTED_EDGE ( 'NONE', *, *, #1342, .F. ) ;
#1845 = DIRECTION ( 'NONE',  ( 1.000000000000000000, 0.000000000000000000, 0.000000000000000000 ) ) ;
#1846 = ORIENTED_EDGE ( 'NONE', *, *, #964, .F. ) ;
#1847 = CARTESIAN_POINT ( 'NONE',  ( -41.67499999999999716, -42.49999999999998579, 0.000000000000000000 ) ) ;
#1848 = UNCERTAINTY_MEASURE_WITH_UNIT (LENGTH_MEASURE( 1.000000000000000082E-05 ), #1158, 'distance_accuracy_value', 'NONE');
#1849 = ADVANCED_FACE ( 'NONE', ( #1449 ), #1489, .T. ) ;
#1850 = EDGE_LOOP ( 'NONE', ( #632, #561, #1068, #904 ) ) ;
#1851 = DIRECTION ( 'NONE',  ( -0.000000000000000000, -1.000000000000000000, -0.000000000000000000 ) ) ;
#1852 = CARTESIAN_POINT ( 'NONE',  ( 29.99999999999999645, -47.47499999999997300, -85.54999999999999716 ) ) ;
#1853 = DIRECTION ( 'NONE',  ( 0.000000000000000000, 0.000000000000000000, -1.000000000000000000 ) ) ;
#1854 = ORIENTED_EDGE ( 'NONE', *, *, #592, .F. ) ;
#1855 = CIRCLE ( 'NONE', #842, 3.999999999999996447 ) ;
#1856 = VECTOR ( 'NONE', #755, 1000.000000000000000 ) ;
#1857 = DIRECTION ( 'NONE',  ( 1.000000000000000000, 0.000000000000000000, 0.000000000000000000 ) ) ;
#1858 = ORIENTED_EDGE ( 'NONE', *, *, #1930, .F. ) ;
#1859 = AXIS2_PLACEMENT_3D ( 'NONE', #1879, #146, #2020 ) ;
#1860 = CARTESIAN_POINT ( 'NONE',  ( -40.00000000000001421, 42.50000000000001421, -102.2000000000000028 ) ) ;
#1861 = CONICAL_SURFACE ( 'NONE', #481, 3.999999999999996447, 0.7853981633974426169 ) ;
#1862 = ORIENTED_EDGE ( 'NONE', *, *, #1092, .T. ) ;
#1863 = ADVANCED_FACE ( 'NONE', ( #194 ), #1293, .T. ) ;
#1864 = DIRECTION ( 'NONE',  ( 1.000000000000000000, 0.000000000000000000, 0.000000000000000000 ) ) ;
#1865 = CARTESIAN_POINT ( 'NONE',  ( 40.00000000000000000, -42.49999999999998579, -101.1999999999999886 ) ) ;
#1866 = ADVANCED_FACE ( 'NONE', ( #672 ), #1327, .T. ) ;
#1867 = DIRECTION ( 'NONE',  ( 1.000000000000000000, 0.000000000000000000, 0.000000000000000000 ) ) ;
#1868 = CONICAL_SURFACE ( 'NONE', #1502, 1.675000000000002931, 0.7853981633975263277 ) ;
#1869 = ORIENTED_EDGE ( 'NONE', *, *, #136, .T. ) ;
#1870 = DIRECTION ( 'NONE',  ( 1.000000000000000000, 0.000000000000000000, 0.000000000000000000 ) ) ;
#1871 = ORIENTED_EDGE ( 'NONE', *, *, #158, .F. ) ;
#1872 = AXIS2_PLACEMENT_3D ( 'NONE', #868, #202, #828 ) ;
#1873 = CARTESIAN_POINT ( 'NONE',  ( -38.32499999999998863, -42.49999999999998579, 0.000000000000000000 ) ) ;
#1874 = ADVANCED_FACE ( 'NONE', ( #1927 ), #519, .T. ) ;
#1875 = DIRECTION ( 'NONE',  ( -0.000000000000000000, -1.000000000000000000, -0.000000000000000000 ) ) ;
#1876 = LINE ( 'NONE', #299, #1641 ) ;
#1877 = ORIENTED_EDGE ( 'NONE', *, *, #659, .F. ) ;
#1878 = EDGE_CURVE ( 'NONE', #2017, #1385, #641, .T. ) ;
#1879 = CARTESIAN_POINT ( 'NONE',  ( -44.99999999999999289, -47.49999999999998579, -101.1999999999999886 ) ) ;
#1880 = VERTEX_POINT ( 'NONE', #448 ) ;
#1881 = CARTESIAN_POINT ( 'NONE',  ( 29.99999999999999645, -42.49999999999998579, -82.25000000000002842 ) ) ;
#1882 =( NAMED_UNIT ( * ) PLANE_ANGLE_UNIT ( ) SI_UNIT ( $, .RADIAN. ) );
#1883 = DIRECTION ( 'NONE',  ( 1.000000000000000000, 0.000000000000000000, 0.000000000000000000 ) ) ;
#1884 = DIRECTION ( 'NONE',  ( 2.191229653865440696E-16, -1.000000000000000000, 0.000000000000000000 ) ) ;
#1885 = ORIENTED_EDGE ( 'NONE', *, *, #1419, .T. ) ;
#1886 = EDGE_CURVE ( 'NONE', #41, #1734, #1357, .T. ) ;
#1887 = DIRECTION ( 'NONE',  ( 1.000000000000000000, 0.000000000000000000, 0.000000000000000000 ) ) ;
#1888 = AXIS2_PLACEMENT_3D ( 'NONE', #1041, #435, #1664 ) ;
#1889 = ORIENTED_EDGE ( 'NONE', *, *, #1699, .T. ) ;
#1890 = VECTOR ( 'NONE', #358, 1000.000000000000000 ) ;
#1891 = DIRECTION ( 'NONE',  ( -0.000000000000000000, -0.000000000000000000, 1.000000000000000000 ) ) ;
#1892 = CARTESIAN_POINT ( 'NONE',  ( 0.000000000000000000, 0.000000000000000000, 0.000000000000000000 ) ) ;
#1893 = CIRCLE ( 'NONE', #581, 3.999999999999996447 ) ;
#1894 = LINE ( 'NONE', #1552, #1283 ) ;
#1895 = DIRECTION ( 'NONE',  ( -0.7071067811865474617, 0.000000000000000000, -0.7071067811865474617 ) ) ;
#1896 = CARTESIAN_POINT ( 'NONE',  ( -39.99999999999999289, -47.49999999999998579, -102.2000000000000028 ) ) ;
#1897 = ORIENTED_EDGE ( 'NONE', *, *, #911, .F. ) ;
#1898 = ORIENTED_EDGE ( 'NONE', *, *, #1600, .F. ) ;
#1899 = AXIS2_PLACEMENT_3D ( 'NONE', #1811, #733, #1519 ) ;
#1900 = EDGE_CURVE ( 'NONE', #1714, #1418, #2019, .T. ) ;
#1901 = LINE ( 'NONE', #23, #1528 ) ;
#1902 = ORIENTED_EDGE ( 'NONE', *, *, #698, .F. ) ;
#1903 = ADVANCED_FACE ( 'NONE', ( #1667 ), #408, .F. ) ;
#1904 = CARTESIAN_POINT ( 'NONE',  ( 44.00000000000000000, -42.49999999999998579, 0.000000000000000000 ) ) ;
#1905 = AXIS2_PLACEMENT_3D ( 'NONE', #306, #4, #1240 ) ;
#1906 = CARTESIAN_POINT ( 'NONE',  ( 29.99999999999999645, -47.49999999999998579, -83.90000000000001990 ) ) ;
#1907 = CYLINDRICAL_SURFACE ( 'NONE', #1185, 1.649999999999998579 ) ;
#1908 = CARTESIAN_POINT ( 'NONE',  ( -38.32499999999999574, 42.50000000000001421, 0.000000000000000000 ) ) ;
#1909 = AXIS2_PLACEMENT_3D ( 'NONE', #1712, #1576, #1732 ) ;
#1910 = ORIENTED_EDGE ( 'NONE', *, *, #1924, .F. ) ;
#1911 = ORIENTED_EDGE ( 'NONE', *, *, #1810, .T. ) ;
#1912 = DIRECTION ( 'NONE',  ( 1.000000000000000000, 0.000000000000000000, 0.000000000000000000 ) ) ;
#1913 = ORIENTED_EDGE ( 'NONE', *, *, #1348, .T. ) ;
#1914 = DIRECTION ( 'NONE',  ( -0.000000000000000000, -1.000000000000000000, -0.000000000000000000 ) ) ;
#1915 = EDGE_CURVE ( 'NONE', #1008, #451, #1967, .T. ) ;
#1916 = DIRECTION ( 'NONE',  ( 1.000000000000000000, 0.000000000000000000, 0.000000000000000000 ) ) ;
#1917 =( NAMED_UNIT ( * ) PLANE_ANGLE_UNIT ( ) SI_UNIT ( $, .RADIAN. ) );
#1918 = CARTESIAN_POINT ( 'NONE',  ( 45.00000000000000000, -42.49999999999998579, -102.2000000000000028 ) ) ;
#1919 = VERTEX_POINT ( 'NONE', #1852 ) ;
#1920 = FACE_OUTER_BOUND ( 'NONE', #1399, .T. ) ;
#1921 = ORIENTED_EDGE ( 'NONE', *, *, #795, .T. ) ;
#1922 = FACE_OUTER_BOUND ( 'NONE', #172, .T. ) ;
#1923 = CONICAL_SURFACE ( 'NONE', #810, 3.999999999999996447, 0.7853981633974426169 ) ;
#1924 = EDGE_CURVE ( 'NONE', #690, #1942, #1492, .T. ) ;
#1925 = CARTESIAN_POINT ( 'NONE',  ( -38.35000000000000142, 42.50000000000001421, -0.02500000000000028241 ) ) ;
#1926 = FACE_OUTER_BOUND ( 'NONE', #377, .T. ) ;
#1927 = FACE_OUTER_BOUND ( 'NONE', #1485, .T. ) ;
#1928 = CIRCLE ( 'NONE', #2021, 1.649999999999998579 ) ;
#1929 = ORIENTED_EDGE ( 'NONE', *, *, #1133, .F. ) ;
#1930 = EDGE_CURVE ( 'NONE', #799, #1689, #891, .T. ) ;
#1931 = CARTESIAN_POINT ( 'NONE',  ( -40.00000000000000000, 42.50000000000001421, 0.000000000000000000 ) ) ;
#1932 = ORIENTED_EDGE ( 'NONE', *, *, #460, .F. ) ;
#1933 = DIRECTION ( 'NONE',  ( -0.000000000000000000, -0.000000000000000000, 1.000000000000000000 ) ) ;
#1934 = DIRECTION ( 'NONE',  ( 0.000000000000000000, 0.000000000000000000, -1.000000000000000000 ) ) ;
#1935 = CARTESIAN_POINT ( 'NONE',  ( 39.99999999999997868, 47.50000000000001421, -101.1999999999999886 ) ) ;
#1936 = CARTESIAN_POINT ( 'NONE',  ( -6.214751851037046726E-15, -46.86499999999998067, -46.34730000000001837 ) ) ;
#1937 = EDGE_CURVE ( 'NONE', #1919, #1119, #611, .T. ) ;
#1938 = EDGE_LOOP ( 'NONE', ( #1155, #863, #1490, #1672 ) ) ;
#1939 = CONICAL_SURFACE ( 'NONE', #1056, 1.674999999999995826, 0.7853981633974482790 ) ;
#1940 = EDGE_CURVE ( 'NONE', #1508, #1598, #1559, .T. ) ;
#1941 = CARTESIAN_POINT ( 'NONE',  ( 29.99999999999999645, -47.49999999999998579, -82.22500000000002274 ) ) ;
#1942 = VERTEX_POINT ( 'NONE', #255 ) ;
#1943 = CARTESIAN_POINT ( 'NONE',  ( -40.00000000000001421, 46.50000000000001421, -102.2000000000000028 ) ) ;
#1944 = DIRECTION ( 'NONE',  ( -0.000000000000000000, -1.000000000000000000, -0.000000000000000000 ) ) ;
#1945 = CARTESIAN_POINT ( 'NONE',  ( -6.938893903907228378E-15, 2.500000000000015987, -1.000000000000000000 ) ) ;
#1946 = ORIENTED_EDGE ( 'NONE', *, *, #1000, .T. ) ;
#1947 = EDGE_CURVE ( 'NONE', #503, #1222, #600, .T. ) ;
#1948 = CARTESIAN_POINT ( 'NONE',  ( -30.00000000000000355, -47.47499999999997300, -83.90000000000003411 ) ) ;
#1949 = ORIENTED_EDGE ( 'NONE', *, *, #1699, .F. ) ;
#1950 = DIRECTION ( 'NONE',  ( -0.000000000000000000, -0.000000000000000000, 1.000000000000000000 ) ) ;
#1951 = DIRECTION ( 'NONE',  ( 1.000000000000000000, 0.000000000000000000, 0.000000000000000000 ) ) ;
#1952 = CONICAL_SURFACE ( 'NONE', #1233, 1.649999999999984812, 1.029744258676654090 ) ;
#1953 = VECTOR ( 'NONE', #1469, 1000.000000000000114 ) ;
#1954 = DIRECTION ( 'NONE',  ( -0.000000000000000000, -0.000000000000000000, 1.000000000000000000 ) ) ;
#1955 = DIRECTION ( 'NONE',  ( -1.460819769243627377E-16, 1.000000000000000000, 0.000000000000000000 ) ) ;
#1956 = AXIS2_PLACEMENT_3D ( 'NONE', #294, #2010, #302 ) ;
#1957 = ORIENTED_EDGE ( 'NONE', *, *, #1187, .T. ) ;
#1958 = VECTOR ( 'NONE', #1779, 1000.000000000000000 ) ;
#1959 = ORIENTED_EDGE ( 'NONE', *, *, #1287, .T. ) ;
#1960 = DIRECTION ( 'NONE',  ( -0.000000000000000000, -0.000000000000000000, 1.000000000000000000 ) ) ;
#1961 = EDGE_CURVE ( 'NONE', #1334, #707, #1217, .T. ) ;
#1962 = EDGE_LOOP ( 'NONE', ( #625, #832, #762, #76 ) ) ;
#1963 = DIRECTION ( 'NONE',  ( -0.000000000000000000, -1.000000000000000000, -0.000000000000000000 ) ) ;
#1964 = ADVANCED_FACE ( 'NONE', ( #1501 ), #900, .F. ) ;
#1965 = EDGE_CURVE ( 'NONE', #1702, #199, #89, .T. ) ;
#1966 = LINE ( 'NONE', #1530, #1178 ) ;
#1967 = LINE ( 'NONE', #557, #1423 ) ;
#1968 = ORIENTED_EDGE ( 'NONE', *, *, #221, .F. ) ;
#1969 = AXIS2_PLACEMENT_3D ( 'NONE', #1208, #420, #764 ) ;
#1970 = VECTOR ( 'NONE', #1104, 1000.000000000000000 ) ;
#1971 = PLANE ( 'NONE',  #1728 ) ;
#1972 = ORIENTED_EDGE ( 'NONE', *, *, #813, .F. ) ;
#1973 = CARTESIAN_POINT ( 'NONE',  ( 40.00000000000000711, -42.49999999999997158, 0.000000000000000000 ) ) ;
#1974 = LINE ( 'NONE', #587, #1113 ) ;
#1975 = ADVANCED_FACE ( 'NONE', ( #1819 ), #1923, .T. ) ;
#1976 = DIRECTION ( 'NONE',  ( 1.000000000000000000, 0.000000000000000000, 0.000000000000000000 ) ) ;
#1977 = ORIENTED_EDGE ( 'NONE', *, *, #1290, .T. ) ;
#1978 = VERTEX_POINT ( 'NONE', #273 ) ;
#1979 = DIRECTION ( 'NONE',  ( 0.000000000000000000, 0.7071067811865474617, 0.7071067811865474617 ) ) ;
#1980 = ORIENTED_EDGE ( 'NONE', *, *, #187, .T. ) ;
#1981 = CARTESIAN_POINT ( 'NONE',  ( -39.99999999999999289, -46.49999999999997868, 0.000000000000000000 ) ) ;
#1982 = DIRECTION ( 'NONE',  ( -0.000000000000000000, -0.000000000000000000, 1.000000000000000000 ) ) ;
#1983 = DIRECTION ( 'NONE',  ( -0.000000000000000000, 0.000000000000000000, 1.000000000000000000 ) ) ;
#1984 = ADVANCED_FACE ( 'NONE', ( #1521 ), #244, .F. ) ;
#1985 = EDGE_LOOP ( 'NONE', ( #998, #1932 ) ) ;
#1986 = AXIS2_PLACEMENT_3D ( 'NONE', #1254, #626, #634 ) ;
#1987 = EDGE_LOOP ( 'NONE', ( #680, #1586, #841, #1658 ) ) ;
#1988 = AXIS2_PLACEMENT_3D ( 'NONE', #1948, #1191, #412 ) ;
#1989 = DIRECTION ( 'NONE',  ( -0.7071067811865475727, -1.032955564923536586E-16, -0.7071067811865475727 ) ) ;
#1990 = AXIS2_PLACEMENT_3D ( 'NONE', #1007, #1637, #537 ) ;
#1991 = ORIENTED_EDGE ( 'NONE', *, *, #1753, .F. ) ;
#1992 = CARTESIAN_POINT ( 'NONE',  ( 41.67500000000001137, -42.49999999999997158, 0.000000000000000000 ) ) ;
#1993 = CIRCLE ( 'NONE', #1048, 4.999999999999997335 ) ;
#1994 = CARTESIAN_POINT ( 'NONE',  ( -39.99999999999999289, -42.49999999999998579, -5.991420021395474471 ) ) ;
#1995 = DIRECTION ( 'NONE',  ( -1.000000000000000000, 0.000000000000000000, 0.000000000000000000 ) ) ;
#1996 = LINE ( 'NONE', #1843, #463 ) ;
#1997 = EDGE_CURVE ( 'NONE', #1418, #1714, #11, .T. ) ;
#1998 = ORIENTED_EDGE ( 'NONE', *, *, #1135, .T. ) ;
#1999 = CARTESIAN_POINT ( 'NONE',  ( -44.00000000000001421, 42.50000000000001421, -102.2000000000000028 ) ) ;
#2000 = VECTOR ( 'NONE', #630, 1000.000000000000000 ) ;
#2001 = ORIENTED_EDGE ( 'NONE', *, *, #1965, .F. ) ;
#2002 = CARTESIAN_POINT ( 'NONE',  ( -6.527367439455391601E-15, -47.49999999999998579, -52.08770000000001232 ) ) ;
#2003 = AXIS2_PLACEMENT_3D ( 'NONE', #1408, #796, #322 ) ;
#2004 = CARTESIAN_POINT ( 'NONE',  ( -39.99999999999999289, -47.49999999999998579, -1.000000000000000888 ) ) ;
#2005 = DIRECTION ( 'NONE',  ( 1.000000000000000000, 0.000000000000000000, 0.000000000000000000 ) ) ;
#2006 = CARTESIAN_POINT ( 'NONE',  ( -30.00000000000000355, -47.49999999999998579, -82.22500000000003695 ) ) ;
#2007 = ORIENTED_EDGE ( 'NONE', *, *, #1915, .T. ) ;
#2008 = CARTESIAN_POINT ( 'NONE',  ( 44.00000000000000000, -42.49999999999998579, -102.2000000000000028 ) ) ;
#2009 = ORIENTED_EDGE ( 'NONE', *, *, #852, .T. ) ;
#2010 = DIRECTION ( 'NONE',  ( -0.000000000000000000, -0.000000000000000000, 1.000000000000000000 ) ) ;
#2011 = ORIENTED_EDGE ( 'NONE', *, *, #1445, .T. ) ;
#2012 = ADVANCED_FACE ( 'NONE', ( #1195, #567, #1045, #1832, #161, #498 ), #1573, .T. ) ;
#2013 = CYLINDRICAL_SURFACE ( 'NONE', #381, 29.25000000000000000 ) ;
#2014 = DIRECTION ( 'NONE',  ( 1.000000000000000000, 0.000000000000000000, 0.000000000000000000 ) ) ;
#2015 = DIRECTION ( 'NONE',  ( -0.000000000000000000, -0.000000000000000000, 1.000000000000000000 ) ) ;
#2016 = CARTESIAN_POINT ( 'NONE',  ( 40.00000000000000000, -42.49999999999998579, -102.2000000000000028 ) ) ;
#2017 = VERTEX_POINT ( 'NONE', #1718 ) ;
#2018 = CONICAL_SURFACE ( 'NONE', #679, 3.187700000000001754, 0.7853981633974456145 ) ;
#2019 = CIRCLE ( 'NONE', #416, 1.649999999999998579 ) ;
#2020 = DIRECTION ( 'NONE',  ( -1.000000000000000000, 0.000000000000000000, 0.000000000000000000 ) ) ;
#2021 = AXIS2_PLACEMENT_3D ( 'NONE', #33, #844, #1314 ) ;
#2022 = EDGE_LOOP ( 'NONE', ( #1466, #709, #595, #342 ) ) ;
#2023 = FACE_OUTER_BOUND ( 'NONE', #835, .T. ) ;
#2024 = EDGE_CURVE ( 'NONE', #1508, #590, #1708, .T. ) ;
#2025 = DIRECTION ( 'NONE',  ( -0.000000000000000000, -0.000000000000000000, 1.000000000000000000 ) ) ;
#2026 = CARTESIAN_POINT ( 'NONE',  ( 38.35000000000000853, -42.49999999999997158, -0.02500000000000028241 ) ) ;
#2027 = AXIS2_PLACEMENT_3D ( 'NONE', #555, #119, #1216 ) ;
#2028 = ORIENTED_EDGE ( 'NONE', *, *, #1961, .F. ) ;
#2029 = CARTESIAN_POINT ( 'NONE',  ( 0.000000000000000000, -46.49999999999998579, 0.000000000000000000 ) ) ;
#2030 = VERTEX_POINT ( 'NONE', #305 ) ;
#2031 = VECTOR ( 'NONE', #1406, 1000.000000000000000 ) ;
#2032 = FACE_OUTER_BOUND ( 'NONE', #871, .T. ) ;
#2033 = DIRECTION ( 'NONE',  ( -0.000000000000000000, 0.000000000000000000, -1.000000000000000000 ) ) ;
#2034 = LINE ( 'NONE', #963, #2000 ) ;
#2035 = EDGE_CURVE ( 'NONE', #357, #1714, #803, .T. ) ;
#2036 = PLANE ( 'NONE',  #1909 ) ;
#2037 = VERTEX_POINT ( 'NONE', #952 ) ;
ENDSEC;
END-ISO-10303-21;
