ISO-10303-21;
HEADER;
FILE_DESCRIPTION (( 'STEP AP214' ),
    '1' );
FILE_NAME ('nikon_mrd77226_20x1.0_water_objective.STEP',
    '2026-06-11T16:16:36',
    ( '' ),
    ( '' ),
    'SwSTEP 2.0',
    'SolidWorks 2025',
    '' );
FILE_SCHEMA (( 'AUTOMOTIVE_DESIGN' ));
ENDSEC;

DATA;
#1 = ORIENTED_EDGE ( 'NONE', *, *, #6474, .T. ) ;
#2 = LINE ( 'NONE', #6254, #8129 ) ;
#3 = DIRECTION ( 'NONE',  ( -0.000000000000000000, 1.000000000000000000, 3.061616997868383141E-16 ) ) ;
#4 = AXIS2_PLACEMENT_3D ( 'NONE', #347, #5766, #3957 ) ;
#5 = FACE_OUTER_BOUND ( 'NONE', #3416, .T. ) ;
#6 = DIRECTION ( 'NONE',  ( 0.000000000000000000, 0.000000000000000000, -1.000000000000000000 ) ) ;
#7 = EDGE_LOOP ( 'NONE', ( #1606, #3333, #7068, #6107 ) ) ;
#8 = CYLINDRICAL_SURFACE ( 'NONE', #1134, 20.50000000000000355 ) ;
#9 = CIRCLE ( 'NONE', #10362, 21.50000000000001066 ) ;
#11 = EDGE_CURVE ( 'NONE', #9391, #5301, #3744, .T. ) ;
#10 = AXIS2_PLACEMENT_3D ( 'NONE', #11623, #8144, #7196 ) ;
#12 = CIRCLE ( 'NONE', #10567, 21.50000000000000000 ) ;
#13 = DIRECTION ( 'NONE',  ( 0.000000000000000000, 0.000000000000000000, 1.000000000000000000 ) ) ;
#14 = CARTESIAN_POINT ( 'NONE',  ( 0.000000000000000000, -5.663991446056491727E-16, 3.699999999999989519 ) ) ;
#15 = VECTOR ( 'NONE', #5065, 1000.000000000000000 ) ;
#16 = ORIENTED_EDGE ( 'NONE', *, *, #828, .T. ) ;
#17 = DIRECTION ( 'NONE',  ( -0.000000000000000000, 1.000000000000000000, 3.061616997868383141E-16 ) ) ;
#18 = VERTEX_POINT ( 'NONE', #245 ) ;
#19 = DIRECTION ( 'NONE',  ( -0.000000000000000000, 1.000000000000000000, 3.061616997868383141E-16 ) ) ;
#20 = EDGE_CURVE ( 'NONE', #9865, #8656, #10333, .T. ) ;
#21 = CARTESIAN_POINT ( 'NONE',  ( 0.000000000000000000, 74.75000000000000000, -1.733764839787674301E-16 ) ) ;
#22 = VECTOR ( 'NONE', #8802, 1000.000000000000000 ) ;
#23 = VERTEX_POINT ( 'NONE', #10038 ) ;
#24 = AXIS2_PLACEMENT_3D ( 'NONE', #9179, #6401, #3828 ) ;
#25 = CIRCLE ( 'NONE', #3591, 0.2500000000000002220 ) ;
#26 = CARTESIAN_POINT ( 'NONE',  ( 0.000000000000000000, 45.20000000000000995, -9.220454712679835547E-15 ) ) ;
#27 = AXIS2_PLACEMENT_3D ( 'NONE', #6939, #7880, #5930 ) ;
#28 = EDGE_LOOP ( 'NONE', ( #7982, #8345, #214, #7214 ) ) ;
#29 = DIRECTION ( 'NONE',  ( 0.000000000000000000, 0.000000000000000000, 1.000000000000000000 ) ) ;
#30 = AXIS2_PLACEMENT_3D ( 'NONE', #3251, #2174, #1302 ) ;
#31 = EDGE_CURVE ( 'NONE', #5057, #6427, #5259, .T. ) ;
#32 = VERTEX_POINT ( 'NONE', #5561 ) ;
#33 = CARTESIAN_POINT ( 'NONE',  ( 0.000000000000000000, 45.20000000000001705, 21.50000000000000000 ) ) ;
#34 = ORIENTED_EDGE ( 'NONE', *, *, #1295, .T. ) ;
#35 = CIRCLE ( 'NONE', #9643, 0.2500000000000002220 ) ;
#36 = FACE_OUTER_BOUND ( 'NONE', #8822, .T. ) ;
#37 = ORIENTED_EDGE ( 'NONE', *, *, #1999, .T. ) ;
#38 = ORIENTED_EDGE ( 'NONE', *, *, #10777, .T. ) ;
#39 = VECTOR ( 'NONE', #8858, 1000.000000000000000 ) ;
#40 = CARTESIAN_POINT ( 'NONE',  ( 0.000000000000000000, 51.20000000000000995, -7.383484513958806747E-15 ) ) ;
#41 = VERTEX_POINT ( 'NONE', #7432 ) ;
#42 = DIRECTION ( 'NONE',  ( 1.000000000000000000, 0.000000000000000000, 0.000000000000000000 ) ) ;
#43 = DIRECTION ( 'NONE',  ( -0.000000000000000000, 1.000000000000000000, 3.061616997868383141E-16 ) ) ;
#44 = EDGE_LOOP ( 'NONE', ( #6405, #4720, #7881, #7754 ) ) ;
#45 = CARTESIAN_POINT ( 'NONE',  ( 12.63738292428807419, 51.19999999999999574, -17.14386537906140973 ) ) ;
#46 = EDGE_CURVE ( 'NONE', #982, #7268, #5672, .T. ) ;
#47 = CIRCLE ( 'NONE', #4729, 0.2500000000000002220 ) ;
#48 = CARTESIAN_POINT ( 'NONE',  ( 3.363340998364822809, 45.19999999999998863, -20.98529932279545562 ) ) ;
#49 = DIRECTION ( 'NONE',  ( 0.000000000000000000, 0.000000000000000000, -1.000000000000000000 ) ) ;
#50 = ORIENTED_EDGE ( 'NONE', *, *, #8357, .F. ) ;
#51 = EDGE_LOOP ( 'NONE', ( #8212, #7586, #9282, #4436 ) ) ;
#52 = DIRECTION ( 'NONE',  ( 0.000000000000000000, -1.000000000000000000, -3.061616997868383141E-16 ) ) ;
#53 = CIRCLE ( 'NONE', #4018, 20.50000000000000000 ) ;
#54 = DIRECTION ( 'NONE',  ( -0.000000000000000000, 1.000000000000000000, 3.061616997868383141E-16 ) ) ;
#55 = ORIENTED_EDGE ( 'NONE', *, *, #2298, .T. ) ;
#56 = LINE ( 'NONE', #6244, #2080 ) ;
#57 = CARTESIAN_POINT ( 'NONE',  ( 0.000000000000000000, 75.00000000000000000, -9.683605903205802417E-17 ) ) ;
#58 = CARTESIAN_POINT ( 'NONE',  ( 0.000000000000000000, 10.27282251965208637, -1.991381873881973871E-14 ) ) ;
#59 = FACE_OUTER_BOUND ( 'NONE', #603, .T. ) ;
#60 = AXIS2_PLACEMENT_3D ( 'NONE', #7882, #11379, #2410 ) ;
#61 = ORIENTED_EDGE ( 'NONE', *, *, #5556, .T. ) ;
#62 = LINE ( 'NONE', #6536, #8504 ) ;
#63 = DIRECTION ( 'NONE',  ( 0.000000000000000000, -1.000000000000000000, -3.061616997868383141E-16 ) ) ;
#64 = CARTESIAN_POINT ( 'NONE',  ( 18.03141721082655380, 51.19999999999999574, -11.70973925282314099 ) ) ;
#65 = DIRECTION ( 'NONE',  ( 0.000000000000000000, -3.604620209821935308E-16, 1.000000000000000000 ) ) ;
#66 = ORIENTED_EDGE ( 'NONE', *, *, #6373, .F. ) ;
#67 = EDGE_CURVE ( 'NONE', #5290, #7813, #2054, .T. ) ;
#68 = CARTESIAN_POINT ( 'NONE',  ( 7.470998869602698989, 45.20000000000000284, 20.16021269457233345 ) ) ;
#69 = EDGE_CURVE ( 'NONE', #7886, #7634, #5440, .T. ) ;
#70 = EDGE_CURVE ( 'NONE', #7660, #4647, #4085, .T. ) ;
#71 = DIRECTION ( 'NONE',  ( -0.000000000000000000, 1.000000000000000000, 3.061616997868383141E-16 ) ) ;
#72 = CYLINDRICAL_SURFACE ( 'NONE', #522, 0.2500000000000002220 ) ;
#73 = EDGE_CURVE ( 'NONE', #6782, #581, #348, .T. ) ;
#74 = CARTESIAN_POINT ( 'NONE',  ( -21.47053499722334280, 45.19999999999998863, -0.8752230592230594297 ) ) ;
#75 = VERTEX_POINT ( 'NONE', #7678 ) ;
#76 = CARTESIAN_POINT ( 'NONE',  ( 2.247361960254553370, 45.20000000000000284, 21.38222075041787917 ) ) ;
#77 = ORIENTED_EDGE ( 'NONE', *, *, #9478, .T. ) ;
#78 = CARTESIAN_POINT ( 'NONE',  ( 0.000000000000000000, 87.50000000000001421, 3.730185188303422936E-15 ) ) ;
#79 = FACE_OUTER_BOUND ( 'NONE', #2286, .T. ) ;
#80 = EDGE_CURVE ( 'NONE', #1518, #9264, #5031, .T. ) ;
#81 = EDGE_CURVE ( 'NONE', #1823, #8750, #3083, .T. ) ;
#82 = VERTEX_POINT ( 'NONE', #11352 ) ;
#83 = CARTESIAN_POINT ( 'NONE',  ( -14.38630803671557956, 51.19999999999999574, -15.97761374776382759 ) ) ;
#84 = ORIENTED_EDGE ( 'NONE', *, *, #267, .F. ) ;
#85 = VERTEX_POINT ( 'NONE', #1502 ) ;
#86 = DIRECTION ( 'NONE',  ( 0.000000000000000000, 0.000000000000000000, 1.000000000000000000 ) ) ;
#87 = VERTEX_POINT ( 'NONE', #7617 ) ;
#88 = EDGE_CURVE ( 'NONE', #11098, #195, #6663, .T. ) ;
#89 = LINE ( 'NONE', #3368, #752 ) ;
#90 = ORIENTED_EDGE ( 'NONE', *, *, #11010, .F. ) ;
#91 = ORIENTED_EDGE ( 'NONE', *, *, #7072, .F. ) ;
#92 = CARTESIAN_POINT ( 'NONE',  ( 0.000000000000000000, 78.75000000000000000, -15.65000000000000746 ) ) ;
#93 = EDGE_LOOP ( 'NONE', ( #7829, #10531, #3257, #6396 ) ) ;
#94 = CARTESIAN_POINT ( 'NONE',  ( 19.53821706942818537, 45.19999999999998863, -8.972629143562341980 ) ) ;
#95 = ORIENTED_EDGE ( 'NONE', *, *, #10878, .F. ) ;
#96 = CARTESIAN_POINT ( 'NONE',  ( -21.45599973288054230, -80.41022924428168039, -1.374800153705915129 ) ) ;
#97 = LINE ( 'NONE', #4535, #3377 ) ;
#98 = CYLINDRICAL_SURFACE ( 'NONE', #5689, 0.2500000000000002220 ) ;
#99 = ADVANCED_FACE ( 'NONE', ( #11283 ), #1390, .T. ) ;
#100 = ORIENTED_EDGE ( 'NONE', *, *, #9270, .F. ) ;
#101 = VERTEX_POINT ( 'NONE', #550 ) ;
#102 = CYLINDRICAL_SURFACE ( 'NONE', #3152, 21.50000000000000355 ) ;
#103 = CYLINDRICAL_SURFACE ( 'NONE', #8282, 0.2500000000000002220 ) ;
#104 = ORIENTED_EDGE ( 'NONE', *, *, #8811, .T. ) ;
#105 = DIRECTION ( 'NONE',  ( -0.000000000000000000, 1.000000000000000000, 3.061616997868383141E-16 ) ) ;
#106 = DIRECTION ( 'NONE',  ( 0.000000000000000000, -3.227392513445222318E-16, 1.000000000000000000 ) ) ;
#107 = CARTESIAN_POINT ( 'NONE',  ( -20.70129763556864333, 45.19999999999998863, 5.805710654484923516 ) ) ;
#108 = EDGE_CURVE ( 'NONE', #9733, #6880, #7800, .T. ) ;
#109 = LINE ( 'NONE', #4605, #804 ) ;
#110 = AXIS2_PLACEMENT_3D ( 'NONE', #2136, #1253, #5785 ) ;
#111 = VERTEX_POINT ( 'NONE', #7557 ) ;
#112 = VECTOR ( 'NONE', #9125, 1000.000000000000000 ) ;
#113 = DIRECTION ( 'NONE',  ( 9.860761315262647568E-32, 1.000000000000000000, 3.061616997868381662E-16 ) ) ;
#114 = CARTESIAN_POINT ( 'NONE',  ( 20.97677464539625447, -80.41022924428168039, 4.714331922580340617 ) ) ;
#115 = CYLINDRICAL_SURFACE ( 'NONE', #10484, 21.50000000000000355 ) ;
#116 = EDGE_CURVE ( 'NONE', #2378, #1569, #4210, .T. ) ;
#117 = DIRECTION ( 'NONE',  ( 0.000000000000000000, 0.000000000000000000, -1.000000000000000000 ) ) ;
#118 = AXIS2_PLACEMENT_3D ( 'NONE', #6583, #4887, #4824 ) ;
#119 = ORIENTED_EDGE ( 'NONE', *, *, #10596, .T. ) ;
#120 = LINE ( 'NONE', #3625, #9605 ) ;
#121 = DIRECTION ( 'NONE',  ( 0.000000000000000000, 0.000000000000000000, 1.000000000000000000 ) ) ;
#122 = AXIS2_PLACEMENT_3D ( 'NONE', #283, #9142, #2008 ) ;
#123 = AXIS2_PLACEMENT_3D ( 'NONE', #3937, #7523, #1286 ) ;
#124 = LINE ( 'NONE', #1850, #7106 ) ;
#125 = CIRCLE ( 'NONE', #2399, 21.50000000000001066 ) ;
#126 = AXIS2_PLACEMENT_3D ( 'NONE', #5572, #6500, #7339 ) ;
#127 = CIRCLE ( 'NONE', #6714, 0.2500000000000002220 ) ;
#128 = ADVANCED_FACE ( 'NONE', ( #484 ), #3268, .F. ) ;
#129 = CARTESIAN_POINT ( 'NONE',  ( 2.241103642439657471E-15, 10.27282251965209170, -18.30000000000003268 ) ) ;
#130 = EDGE_CURVE ( 'NONE', #8659, #10990, #5723, .T. ) ;
#131 = ORIENTED_EDGE ( 'NONE', *, *, #6650, .F. ) ;
#132 = DIRECTION ( 'NONE',  ( -0.000000000000000000, 1.000000000000000000, 3.061616997868383141E-16 ) ) ;
#133 = ORIENTED_EDGE ( 'NONE', *, *, #5915, .T. ) ;
#134 = CIRCLE ( 'NONE', #2595, 21.50000000000001066 ) ;
#135 = CARTESIAN_POINT ( 'NONE',  ( 21.47053499722332504, 51.19999999999999574, -1.125223059223352529 ) ) ;
#136 = CARTESIAN_POINT ( 'NONE',  ( -16.70863817132498141, -80.41022924428168039, -13.53038840757138139 ) ) ;
#137 = VERTEX_POINT ( 'NONE', #2135 ) ;
#138 = AXIS2_PLACEMENT_3D ( 'NONE', #5512, #10816, #2801 ) ;
#139 = AXIS2_PLACEMENT_3D ( 'NONE', #10830, #3589, #5354 ) ;
#140 = LINE ( 'NONE', #5516, #2018 ) ;
#141 = AXIS2_PLACEMENT_3D ( 'NONE', #9780, #3443, #1558 ) ;
#142 = VERTEX_POINT ( 'NONE', #6794 ) ;
#143 = DIRECTION ( 'NONE',  ( 0.000000000000000000, 0.000000000000000000, 1.000000000000000000 ) ) ;
#144 = EDGE_CURVE ( 'NONE', #3835, #11130, #11219, .T. ) ;
#145 = EDGE_CURVE ( 'NONE', #7619, #5423, #7892, .T. ) ;
#146 = ORIENTED_EDGE ( 'NONE', *, *, #9778, .F. ) ;
#147 = CARTESIAN_POINT ( 'NONE',  ( 0.000000000000000000, 45.20000000000000995, -9.220454712679835547E-15 ) ) ;
#148 = ORIENTED_EDGE ( 'NONE', *, *, #2984, .F. ) ;
#149 = CARTESIAN_POINT ( 'NONE',  ( 0.000000000000000000, 45.20000000000000995, -9.220454712679835547E-15 ) ) ;
#150 = EDGE_LOOP ( 'NONE', ( #2292, #3582, #1816, #9833 ) ) ;
#151 = CARTESIAN_POINT ( 'NONE',  ( -1.998583757652899529, 45.19999999999998863, -21.40690689856073092 ) ) ;
#152 = ORIENTED_EDGE ( 'NONE', *, *, #5476, .F. ) ;
#153 = DIRECTION ( 'NONE',  ( -9.860761315262647568E-32, 1.000000000000000000, 3.061616997868382155E-16 ) ) ;
#154 = EDGE_CURVE ( 'NONE', #2185, #11633, #2324, .T. ) ;
#155 = ORIENTED_EDGE ( 'NONE', *, *, #11433, .T. ) ;
#156 = CARTESIAN_POINT ( 'NONE',  ( 17.89404075541366979, 51.19999999999999574, -11.91861172467644359 ) ) ;
#157 = DIRECTION ( 'NONE',  ( 0.000000000000000000, -1.000000000000000000, -3.061616997868383141E-16 ) ) ;
#158 = DIRECTION ( 'NONE',  ( 0.000000000000000000, -1.000000000000000000, -3.061616997868383141E-16 ) ) ;
#159 = ORIENTED_EDGE ( 'NONE', *, *, #1345, .F. ) ;
#160 = ORIENTED_EDGE ( 'NONE', *, *, #8369, .T. ) ;
#161 = CIRCLE ( 'NONE', #8836, 21.50000000000001066 ) ;
#162 = DIRECTION ( 'NONE',  ( 0.000000000000000000, 0.000000000000000000, 1.000000000000000000 ) ) ;
#163 = VERTEX_POINT ( 'NONE', #1442 ) ;
#164 = CARTESIAN_POINT ( 'NONE',  ( -20.83070497094762530, -80.41022924428168039, -5.322755903978459102 ) ) ;
#165 = AXIS2_PLACEMENT_3D ( 'NONE', #9274, #8379, #5444 ) ;
#166 = FACE_OUTER_BOUND ( 'NONE', #9582, .T. ) ;
#167 = DIRECTION ( 'NONE',  ( 0.000000000000000000, 0.000000000000000000, 1.000000000000000000 ) ) ;
#168 = DIRECTION ( 'NONE',  ( -0.000000000000000000, 1.000000000000000000, 3.061616997868383141E-16 ) ) ;
#169 = AXIS2_PLACEMENT_3D ( 'NONE', #5385, #4503, #8105 ) ;
#170 = STYLED_ITEM ( 'NONE', ( #7194 ), #3702 ) ;
#171 = EDGE_CURVE ( 'NONE', #2676, #4493, #11669, .T. ) ;
#172 = ORIENTED_EDGE ( 'NONE', *, *, #920, .F. ) ;
#173 = DIRECTION ( 'NONE',  ( -6.162975822039154730E-33, 1.000000000000000000, 3.061616997868381662E-16 ) ) ;
#174 = CARTESIAN_POINT ( 'NONE',  ( 14.38630803671536462, 45.19999999999998863, -15.97761374776402654 ) ) ;
#175 = DIRECTION ( 'NONE',  ( 0.000000000000000000, -3.227392513445222318E-16, 1.000000000000000000 ) ) ;
#176 = CARTESIAN_POINT ( 'NONE',  ( 20.07197916968979001, 45.19999999999998863, -7.704910915224021828 ) ) ;
#177 = VERTEX_POINT ( 'NONE', #7741 ) ;
#178 = CARTESIAN_POINT ( 'NONE',  ( -20.07197916968989659, 45.19999999999998863, -7.704910915223751822 ) ) ;
#179 = VECTOR ( 'NONE', #9641, 1000.000000000000000 ) ;
#180 = DIRECTION ( 'NONE',  ( 0.000000000000000000, 0.000000000000000000, 1.000000000000000000 ) ) ;
#181 = AXIS2_PLACEMENT_3D ( 'NONE', #5150, #616, #8508 ) ;
#182 = AXIS2_PLACEMENT_3D ( 'NONE', #9594, #3058, #1703 ) ;
#183 = CARTESIAN_POINT ( 'NONE',  ( 21.23529932279543431, 45.19999999999998863, -3.113340998365026646 ) ) ;
#184 = ADVANCED_FACE ( 'NONE', ( #10449 ), #8688, .F. ) ;
#185 = ORIENTED_EDGE ( 'NONE', *, *, #7937, .F. ) ;
#186 = DIRECTION ( 'NONE',  ( 0.000000000000000000, -1.000000000000000000, -3.061616997868383141E-16 ) ) ;
#187 = DIRECTION ( 'NONE',  ( 0.000000000000000000, -1.000000000000000000, -3.061616997868383141E-16 ) ) ;
#188 = CIRCLE ( 'NONE', #5094, 0.2500000000000002220 ) ;
#189 = CARTESIAN_POINT ( 'NONE',  ( -17.53963331177568463, 51.19999999999999574, -12.43427775499843513 ) ) ;
#190 = AXIS2_PLACEMENT_3D ( 'NONE', #4840, #9373, #10080 ) ;
#191 = VECTOR ( 'NONE', #1984, 1000.000000000000000 ) ;
#192 = DIRECTION ( 'NONE',  ( 0.000000000000000000, 0.000000000000000000, 1.000000000000000000 ) ) ;
#193 = EDGE_CURVE ( 'NONE', #9991, #7496, #7509, .T. ) ;
#194 = CARTESIAN_POINT ( 'NONE',  ( 0.000000000000000000, 3.500000000000003109, -2.198739759379099683E-14 ) ) ;
#195 = VERTEX_POINT ( 'NONE', #5262 ) ;
#196 = ADVANCED_FACE ( 'NONE', ( #10739 ), #10512, .T. ) ;
#197 = DIRECTION ( 'NONE',  ( 0.000000000000000000, -1.000000000000000000, -3.061616997868383141E-16 ) ) ;
#198 = CIRCLE ( 'NONE', #7930, 0.2500000000000002220 ) ;
#199 = CIRCLE ( 'NONE', #1725, 0.2500000000000002220 ) ;
#200 = ORIENTED_EDGE ( 'NONE', *, *, #5017, .F. ) ;
#201 = ORIENTED_EDGE ( 'NONE', *, *, #8076, .T. ) ;
#202 = CARTESIAN_POINT ( 'NONE',  ( -5.564609469704350886, -80.41022924428168039, -20.76740526521493990 ) ) ;
#203 = ORIENTED_EDGE ( 'NONE', *, *, #1753, .F. ) ;
#204 = CARTESIAN_POINT ( 'NONE',  ( 0.000000000000000000, 87.50000000000001421, 3.730185188303422936E-15 ) ) ;
#205 = CIRCLE ( 'NONE', #2290, 0.2500000000000002220 ) ;
#206 = DIRECTION ( 'NONE',  ( -0.000000000000000000, 1.000000000000000000, 3.061616997868383141E-16 ) ) ;
#207 = EDGE_LOOP ( 'NONE', ( #2623, #1237, #2889, #1101 ) ) ;
#208 = CARTESIAN_POINT ( 'NONE',  ( -1.998583757652453219, 51.20000000000000995, 21.40690689856073803 ) ) ;
#209 = EDGE_CURVE ( 'NONE', #260, #3315, #4883, .T. ) ;
#210 = EDGE_CURVE ( 'NONE', #4157, #3389, #5324, .T. ) ;
#211 = AXIS2_PLACEMENT_3D ( 'NONE', #4457, #2698, #7998 ) ;
#212 = DIRECTION ( 'NONE',  ( 0.000000000000000000, -3.227392513445222318E-16, 1.000000000000000000 ) ) ;
#213 = CIRCLE ( 'NONE', #10761, 0.2500000000000002220 ) ;
#214 = ORIENTED_EDGE ( 'NONE', *, *, #437, .F. ) ;
#215 = CYLINDRICAL_SURFACE ( 'NONE', #5391, 0.2500000000000002220 ) ;
#216 = VECTOR ( 'NONE', #1466, 1000.000000000000000 ) ;
#217 = CARTESIAN_POINT ( 'NONE',  ( 4.714331922580437428, -80.41022924428169460, 20.97677464539621184 ) ) ;
#218 = CARTESIAN_POINT ( 'NONE',  ( -9.982883740771271164, 51.20000000000000995, 19.04184949573555130 ) ) ;
#219 = AXIS2_PLACEMENT_3D ( 'NONE', #8089, #5372, #3378 ) ;
#220 = EDGE_LOOP ( 'NONE', ( #2112, #9395, #5732, #1256 ) ) ;
#221 = EDGE_LOOP ( 'NONE', ( #761, #591, #10654, #2465 ) ) ;
#222 = CARTESIAN_POINT ( 'NONE',  ( -1.374800153705646899, 51.20000000000000995, 21.45599973288055651 ) ) ;
#223 = ORIENTED_EDGE ( 'NONE', *, *, #1667, .F. ) ;
#224 = EDGE_CURVE ( 'NONE', #9264, #467, #4332, .T. ) ;
#225 = DIRECTION ( 'NONE',  ( 0.000000000000000000, -1.000000000000000000, -3.061616997868383141E-16 ) ) ;
#226 = AXIS2_PLACEMENT_3D ( 'NONE', #6965, #1557, #4139 ) ;
#227 = CIRCLE ( 'NONE', #6627, 0.2500000000000002220 ) ;
#228 = EDGE_CURVE ( 'NONE', #4948, #3910, #1313, .T. ) ;
#229 = CARTESIAN_POINT ( 'NONE',  ( -0.2499957747072304171, 51.19999999999999574, -21.49854651162791441 ) ) ;
#230 = FACE_OUTER_BOUND ( 'NONE', #4708, .T. ) ;
#231 = CARTESIAN_POINT ( 'NONE',  ( -20.83070497094751516, -80.41022924428168039, 5.322755903978847236 ) ) ;
#232 = CIRCLE ( 'NONE', #4206, 0.2500000000000002220 ) ;
#233 = ORIENTED_EDGE ( 'NONE', *, *, #4393, .T. ) ;
#234 = CARTESIAN_POINT ( 'NONE',  ( -9.982883740771804071, 45.19999999999998863, -19.04184949573525287 ) ) ;
#235 = CARTESIAN_POINT ( 'NONE',  ( 0.000000000000000000, 80.00000000000000000, 1.433972439902135161E-15 ) ) ;
#236 = ADVANCED_FACE ( 'NONE', ( #5151 ), #6193, .F. ) ;
#237 = CARTESIAN_POINT ( 'NONE',  ( -19.74158195380349667, 51.19999999999999574, -8.515864134734666635 ) ) ;
#238 = FACE_OUTER_BOUND ( 'NONE', #8283, .T. ) ;
#239 = ORIENTED_EDGE ( 'NONE', *, *, #2695, .F. ) ;
#240 = DIRECTION ( 'NONE',  ( 0.000000000000000000, 0.000000000000000000, 1.000000000000000000 ) ) ;
#241 = DIRECTION ( 'NONE',  ( 0.000000000000000000, 0.000000000000000000, 1.000000000000000000 ) ) ;
#242 = CARTESIAN_POINT ( 'NONE',  ( -1.125223059223438904, 51.19999999999999574, -21.22053499722330727 ) ) ;
#243 = VERTEX_POINT ( 'NONE', #9786 ) ;
#244 = DIRECTION ( 'NONE',  ( 0.000000000000000000, -3.227392513445220839E-16, 1.000000000000000000 ) ) ;
#245 = CARTESIAN_POINT ( 'NONE',  ( -0.8754938253324979769, 45.20000000000000284, 21.48216726873256377 ) ) ;
#246 = ADVANCED_FACE ( 'NONE', ( #8748 ), #6972, .F. ) ;
#247 = CARTESIAN_POINT ( 'NONE',  ( 0.000000000000000000, 87.50000000000001421, 3.730185188303422936E-15 ) ) ;
#248 = DIRECTION ( 'NONE',  ( 0.000000000000000000, 0.000000000000000000, 1.000000000000000000 ) ) ;
#249 = FACE_OUTER_BOUND ( 'NONE', #5067, .T. ) ;
#250 = VERTEX_POINT ( 'NONE', #4386 ) ;
#251 = EDGE_CURVE ( 'NONE', #8084, #5046, #8846, .T. ) ;
#252 = LINE ( 'NONE', #2975, #9919 ) ;
#253 = ORIENTED_EDGE ( 'NONE', *, *, #1062, .F. ) ;
#254 = VERTEX_POINT ( 'NONE', #1671 ) ;
#255 = DIRECTION ( 'NONE',  ( -0.000000000000000000, 1.000000000000000000, 3.061616997868383141E-16 ) ) ;
#256 = ORIENTED_EDGE ( 'NONE', *, *, #4688, .T. ) ;
#257 = DIRECTION ( 'NONE',  ( -0.000000000000000000, 1.000000000000000000, 3.061616997868383141E-16 ) ) ;
#258 = CYLINDRICAL_SURFACE ( 'NONE', #4538, 0.2500000000000002220 ) ;
#259 = EDGE_CURVE ( 'NONE', #10762, #5919, #2252, .T. ) ;
#260 = VERTEX_POINT ( 'NONE', #11576 ) ;
#261 = LINE ( 'NONE', #7452, #1926 ) ;
#262 = ADVANCED_FACE ( 'NONE', ( #10684 ), #2615, .F. ) ;
#263 = ORIENTED_EDGE ( 'NONE', *, *, #10705, .T. ) ;
#264 = LINE ( 'NONE', #2986, #7082 ) ;
#265 = LINE ( 'NONE', #217, #5392 ) ;
#266 = DIRECTION ( 'NONE',  ( -0.000000000000000000, 1.000000000000000000, 3.061616997868383141E-16 ) ) ;
#267 = EDGE_CURVE ( 'NONE', #3477, #269, #8650, .T. ) ;
#268 = EDGE_LOOP ( 'NONE', ( #5236, #3476, #1763, #2120 ) ) ;
#269 = VERTEX_POINT ( 'NONE', #673 ) ;
#270 = DIRECTION ( 'NONE',  ( 0.000000000000000000, 0.000000000000000000, 1.000000000000000000 ) ) ;
#271 = EDGE_LOOP ( 'NONE', ( #6950, #5390, #3081, #781 ) ) ;
#272 = EDGE_CURVE ( 'NONE', #6287, #4013, #3942, .T. ) ;
#273 = FACE_OUTER_BOUND ( 'NONE', #11203, .T. ) ;
#274 = FACE_OUTER_BOUND ( 'NONE', #2521, .T. ) ;
#275 = CARTESIAN_POINT ( 'NONE',  ( 0.000000000000000000, 51.20000000000000995, -7.383484513958806747E-15 ) ) ;
#276 = CARTESIAN_POINT ( 'NONE',  ( 14.38630803671536462, -80.41022924428168039, -15.72761374776406385 ) ) ;
#277 = VERTEX_POINT ( 'NONE', #3381 ) ;
#278 = ADVANCED_FACE ( 'NONE', ( #8803 ), #4434, .T. ) ;
#279 = ADVANCED_FACE ( 'NONE', ( #9847 ), #1785, .F. ) ;
#280 = EDGE_LOOP ( 'NONE', ( #4017, #6013, #7154, #8005 ) ) ;
#281 = CARTESIAN_POINT ( 'NONE',  ( 0.000000000000000000, 51.20000000000000995, -7.383484513958806747E-15 ) ) ;
#282 = DIRECTION ( 'NONE',  ( -0.000000000000000000, 1.000000000000000000, 3.061616997868383141E-16 ) ) ;
#283 = CARTESIAN_POINT ( 'NONE',  ( 0.000000000000000000, 45.20000000000000995, -9.220454712679835547E-15 ) ) ;
#284 = DIRECTION ( 'NONE',  ( -9.860761315262647568E-32, 1.000000000000000000, 3.061616997868382155E-16 ) ) ;
#285 = ORIENTED_EDGE ( 'NONE', *, *, #10069, .T. ) ;
#286 = CARTESIAN_POINT ( 'NONE',  ( 7.470998869602692771, 51.20000000000000995, 20.16021269457231924 ) ) ;
#287 = CARTESIAN_POINT ( 'NONE',  ( -17.53963331177541463, 51.20000000000000995, 12.43427775499880106 ) ) ;
#288 = EDGE_CURVE ( 'NONE', #82, #2749, #3731, .T. ) ;
#289 = CARTESIAN_POINT ( 'NONE',  ( -6.881176337035140200, 45.19999999999998863, -20.36907980785157335 ) ) ;
#290 = AXIS2_PLACEMENT_3D ( 'NONE', #5908, #551, #5088 ) ;
#291 = AXIS2_PLACEMENT_3D ( 'NONE', #937, #6345, #4592 ) ;
#292 = VECTOR ( 'NONE', #7460, 1000.000000000000000 ) ;
#293 = CIRCLE ( 'NONE', #699, 0.2500000000000002220 ) ;
#294 = ORIENTED_EDGE ( 'NONE', *, *, #7274, .F. ) ;
#295 = FACE_OUTER_BOUND ( 'NONE', #10267, .T. ) ;
#296 = DIRECTION ( 'NONE',  ( -0.000000000000000000, 1.000000000000000000, 3.061616997868383141E-16 ) ) ;
#297 = CARTESIAN_POINT ( 'NONE',  ( -7.470998869602420989, 51.20000000000000995, 20.16021269457242227 ) ) ;
#298 = ORIENTED_EDGE ( 'NONE', *, *, #8257, .T. ) ;
#299 = DIRECTION ( 'NONE',  ( -0.000000000000000000, 1.000000000000000000, 3.061616997868383141E-16 ) ) ;
#300 = FACE_OUTER_BOUND ( 'NONE', #4119, .T. ) ;
#301 = AXIS2_PLACEMENT_3D ( 'NONE', #10077, #1128, #3007 ) ;
#302 = AXIS2_PLACEMENT_3D ( 'NONE', #9455, #11110, #6616 ) ;
#303 = ORIENTED_EDGE ( 'NONE', *, *, #4639, .T. ) ;
#304 = VECTOR ( 'NONE', #8165, 1000.000000000000000 ) ;
#305 = EDGE_CURVE ( 'NONE', #1260, #8945, #935, .T. ) ;
#306 = VECTOR ( 'NONE', #3575, 1000.000000000000000 ) ;
#307 = FACE_OUTER_BOUND ( 'NONE', #9987, .T. ) ;
#308 = LINE ( 'NONE', #3921, #4654 ) ;
#309 = CIRCLE ( 'NONE', #2014, 0.2500000000000002220 ) ;
#310 = EDGE_LOOP ( 'NONE', ( #9819, #6907, #652, #10668 ) ) ;
#311 = CIRCLE ( 'NONE', #4101, 21.50000000000001066 ) ;
#312 = CIRCLE ( 'NONE', #8987, 0.2500000000000002220 ) ;
#313 = ORIENTED_EDGE ( 'NONE', *, *, #481, .T. ) ;
#314 = LINE ( 'NONE', #7508, #7851 ) ;
#315 = ORIENTED_EDGE ( 'NONE', *, *, #4689, .T. ) ;
#316 = CARTESIAN_POINT ( 'NONE',  ( 4.225266388133341877, 45.20000000000000284, 21.08072873382964119 ) ) ;
#317 = VECTOR ( 'NONE', #3444, 1000.000000000000000 ) ;
#318 = EDGE_CURVE ( 'NONE', #11418, #1592, #2727, .T. ) ;
#319 = DIRECTION ( 'NONE',  ( 0.000000000000000000, -1.000000000000000000, -3.061616997868383141E-16 ) ) ;
#320 = CARTESIAN_POINT ( 'NONE',  ( 18.16635567040248489, 51.20000000000000995, 11.49928352796100306 ) ) ;
#321 = VERTEX_POINT ( 'NONE', #10982 ) ;
#322 = DIRECTION ( 'NONE',  ( -0.000000000000000000, 1.000000000000000000, 3.061616997868383141E-16 ) ) ;
#323 = AXIS2_PLACEMENT_3D ( 'NONE', #8683, #9721, #6967 ) ;
#324 = CARTESIAN_POINT ( 'NONE',  ( 21.38222075041785786, -80.41022924428168039, -1.997361960254651070 ) ) ;
#325 = AXIS2_PLACEMENT_3D ( 'NONE', #10330, #4036, #3859 ) ;
#326 = EDGE_LOOP ( 'NONE', ( #4212, #1160, #7420, #5582 ) ) ;
#327 = DIRECTION ( 'NONE',  ( 0.000000000000000000, 0.000000000000000000, -1.000000000000000000 ) ) ;
#328 = EDGE_CURVE ( 'NONE', #3056, #1617, #5816, .T. ) ;
#329 = FACE_OUTER_BOUND ( 'NONE', #10701, .T. ) ;
#330 = DIRECTION ( 'NONE',  ( 0.000000000000000000, -1.000000000000000000, -3.061616997868383141E-16 ) ) ;
#331 = VECTOR ( 'NONE', #6061, 1000.000000000000000 ) ;
#332 = VECTOR ( 'NONE', #4603, 1000.000000000000000 ) ;
#333 = ORIENTED_EDGE ( 'NONE', *, *, #8560, .T. ) ;
#334 = ORIENTED_EDGE ( 'NONE', *, *, #2238, .T. ) ;
#335 = DIRECTION ( 'NONE',  ( -0.000000000000000000, 1.000000000000000000, 3.061616997868383141E-16 ) ) ;
#336 = VERTEX_POINT ( 'NONE', #6303 ) ;
#337 = CARTESIAN_POINT ( 'NONE',  ( -5.322755903978798386, -80.41022924428168039, -20.83070497094755780 ) ) ;
#338 = EDGE_CURVE ( 'NONE', #10421, #4953, #2902, .T. ) ;
#339 = CARTESIAN_POINT ( 'NONE',  ( 0.000000000000000000, 51.20000000000000995, -7.383484513958806747E-15 ) ) ;
#340 = CARTESIAN_POINT ( 'NONE',  ( -11.91861172467614338, 45.20000000000000284, 17.89404075541386874 ) ) ;
#341 = CARTESIAN_POINT ( 'NONE',  ( -14.57111852952483844, 45.19999999999998863, -15.80925377108410501 ) ) ;
#342 = DIRECTION ( 'NONE',  ( 0.000000000000000000, 0.000000000000000000, -1.000000000000000000 ) ) ;
#343 = VECTOR ( 'NONE', #1820, 1000.000000000000000 ) ;
#344 = VERTEX_POINT ( 'NONE', #3673 ) ;
#345 = ORIENTED_EDGE ( 'NONE', *, *, #10470, .F. ) ;
#346 = DIRECTION ( 'NONE',  ( -0.000000000000000000, 1.000000000000000000, 3.061616997868383141E-16 ) ) ;
#347 = CARTESIAN_POINT ( 'NONE',  ( 8.744837826129582936, 51.19999999999999574, -19.64122733931593956 ) ) ;
#348 = CIRCLE ( 'NONE', #7501, 21.50000000000001066 ) ;
#349 = DIRECTION ( 'NONE',  ( -0.000000000000000000, 1.000000000000000000, 3.061616997868383141E-16 ) ) ;
#350 = DIRECTION ( 'NONE',  ( -0.000000000000000000, 1.000000000000000000, 3.061616997868383141E-16 ) ) ;
#351 = ORIENTED_EDGE ( 'NONE', *, *, #10930, .T. ) ;
#352 = DIRECTION ( 'NONE',  ( 0.000000000000000000, -3.227392513445220839E-16, 1.000000000000000000 ) ) ;
#353 = CARTESIAN_POINT ( 'NONE',  ( 0.000000000000000000, 74.75000000000000000, -1.733764839787674301E-16 ) ) ;
#354 = AXIS2_PLACEMENT_3D ( 'NONE', #5575, #8392, #1274 ) ;
#355 = ADVANCED_FACE ( 'NONE', ( #7251 ), #9260, .F. ) ;
#356 = CYLINDRICAL_SURFACE ( 'NONE', #6918, 0.2500000000000002220 ) ;
#357 = VECTOR ( 'NONE', #5907, 1000.000000000000000 ) ;
#358 = CIRCLE ( 'NONE', #4333, 0.2500000000000002220 ) ;
#359 = ORIENTED_EDGE ( 'NONE', *, *, #9211, .T. ) ;
#360 = CARTESIAN_POINT ( 'NONE',  ( 0.000000000000000000, 45.20000000000000995, -9.220454712679835547E-15 ) ) ;
#361 = DIRECTION ( 'NONE',  ( 1.232595164407830946E-32, 1.000000000000000000, 3.061616997868381662E-16 ) ) ;
#362 = VECTOR ( 'NONE', #10592, 1000.000000000000000 ) ;
#363 = CARTESIAN_POINT ( 'NONE',  ( 0.000000000000000000, 45.20000000000000995, -9.220454712679835547E-15 ) ) ;
#365 = ORIENTED_EDGE ( 'NONE', *, *, #3524, .F. ) ;
#364 = EDGE_CURVE ( 'NONE', #11651, #269, #961, .T. ) ;
#366 = DIRECTION ( 'NONE',  ( -9.860761315262647568E-32, 1.000000000000000000, 3.061616997868381662E-16 ) ) ;
#367 = VERTEX_POINT ( 'NONE', #10916 ) ;
#368 = AXIS2_PLACEMENT_3D ( 'NONE', #10866, #5509, #10210 ) ;
#369 = DIRECTION ( 'NONE',  ( 0.000000000000000000, 0.000000000000000000, 1.000000000000000000 ) ) ;
#370 = AXIS2_PLACEMENT_3D ( 'NONE', #836, #5363, #6128 ) ;
#371 = VERTEX_POINT ( 'NONE', #4608 ) ;
#372 = ADVANCED_FACE ( 'NONE', ( #11029 ), #9031, .F. ) ;
#373 = DIRECTION ( 'NONE',  ( 0.000000000000000000, 0.000000000000000000, 1.000000000000000000 ) ) ;
#374 = CARTESIAN_POINT ( 'NONE',  ( 0.000000000000000000, 51.19999999999999574, -21.49999999999997158 ) ) ;
#375 = ORIENTED_EDGE ( 'NONE', *, *, #4867, .F. ) ;
#376 = CIRCLE ( 'NONE', #6979, 21.50000000000000000 ) ;
#377 = ORIENTED_EDGE ( 'NONE', *, *, #10420, .F. ) ;
#378 = DIRECTION ( 'NONE',  ( -0.000000000000000000, 1.000000000000000000, 3.061616997868383141E-16 ) ) ;
#379 = VERTEX_POINT ( 'NONE', #8155 ) ;
#380 = CARTESIAN_POINT ( 'NONE',  ( -5.564609469704350886, -80.41022924428168039, -20.76740526521493990 ) ) ;
#381 = LINE ( 'NONE', #3713, #3345 ) ;
#382 = AXIS2_PLACEMENT_3D ( 'NONE', #3988, #4799, #6560 ) ;
#383 = ORIENTED_EDGE ( 'NONE', *, *, #7937, .T. ) ;
#384 = FACE_OUTER_BOUND ( 'NONE', #5827, .T. ) ;
#385 = AXIS2_PLACEMENT_3D ( 'NONE', #9006, #3700, #2040 ) ;
#386 = DIRECTION ( 'NONE',  ( 0.000000000000000000, -3.227392513445222318E-16, 1.000000000000000000 ) ) ;
#387 = EDGE_CURVE ( 'NONE', #8451, #8381, #1689, .T. ) ;
#388 = ORIENTED_EDGE ( 'NONE', *, *, #1747, .T. ) ;
#389 = DIRECTION ( 'NONE',  ( -0.000000000000000000, 1.000000000000000000, 3.061616997868383141E-16 ) ) ;
#390 = CARTESIAN_POINT ( 'NONE',  ( -9.982883740771423930, -80.41022924428169460, 19.04184949573544117 ) ) ;
#391 = CYLINDRICAL_SURFACE ( 'NONE', #6705, 0.2500000000000002220 ) ;
#392 = ORIENTED_EDGE ( 'NONE', *, *, #3602, .T. ) ;
#393 = ORIENTED_EDGE ( 'NONE', *, *, #6071, .F. ) ;
#394 = EDGE_CURVE ( 'NONE', #3908, #18, #4159, .T. ) ;
#395 = AXIS2_PLACEMENT_3D ( 'NONE', #3818, #5961, #7797 ) ;
#396 = DIRECTION ( 'NONE',  ( -0.000000000000000000, 1.000000000000000000, 3.061616997868383141E-16 ) ) ;
#397 = AXIS2_PLACEMENT_3D ( 'NONE', #8119, #8941, #86 ) ;
#398 = ORIENTED_EDGE ( 'NONE', *, *, #6684, .F. ) ;
#399 = DIRECTION ( 'NONE',  ( 0.000000000000000000, -3.227392513445220839E-16, 1.000000000000000000 ) ) ;
#400 = AXIS2_PLACEMENT_3D ( 'NONE', #7033, #9785, #4494 ) ;
#401 = EDGE_CURVE ( 'NONE', #6811, #11319, #3595, .T. ) ;
#402 = VECTOR ( 'NONE', #8948, 1000.000000000000000 ) ;
#403 = AXIS2_PLACEMENT_3D ( 'NONE', #11408, #8751, #676 ) ;
#404 = CARTESIAN_POINT ( 'NONE',  ( -21.35464355025355587, -80.41022924428168039, 2.495836301044890515 ) ) ;
#405 = ORIENTED_EDGE ( 'NONE', *, *, #7347, .T. ) ;
#406 = CARTESIAN_POINT ( 'NONE',  ( -14.19955239679495484, 51.19999999999999574, -16.14381341971824213 ) ) ;
#407 = AXIS2_PLACEMENT_3D ( 'NONE', #670, #9621, #4255 ) ;
#408 = CARTESIAN_POINT ( 'NONE',  ( 7.704910915223833534, -80.41022924428168039, -20.07197916968989304 ) ) ;
#409 = CARTESIAN_POINT ( 'NONE',  ( 19.53821706942827419, 51.19999999999999574, -8.972629143562198095 ) ) ;
#410 = ORIENTED_EDGE ( 'NONE', *, *, #3162, .T. ) ;
#411 = VERTEX_POINT ( 'NONE', #6363 ) ;
#412 = CARTESIAN_POINT ( 'NONE',  ( 0.000000000000000000, 87.50000000000001421, 3.730185188303422936E-15 ) ) ;
#413 = CARTESIAN_POINT ( 'NONE',  ( -18.16635567040265187, -80.41022924428168039, -11.49928352796074371 ) ) ;
#414 = DIRECTION ( 'NONE',  ( -0.000000000000000000, 1.000000000000000000, 3.061616997868383141E-16 ) ) ;
#415 = VECTOR ( 'NONE', #7818, 1000.000000000000000 ) ;
#416 = CYLINDRICAL_SURFACE ( 'NONE', #5273, 0.2500000000000002220 ) ;
#417 = EDGE_LOOP ( 'NONE', ( #8887, #2226, #1403, #8191 ) ) ;
#418 = CARTESIAN_POINT ( 'NONE',  ( 21.49999999999998934, 45.19999999999998863, -6.122833995476223860E-14 ) ) ;
#419 = AXIS2_PLACEMENT_3D ( 'NONE', #656, #4242, #6887 ) ;
#420 = CARTESIAN_POINT ( 'NONE',  ( -8.744837826129849390, 51.19999999999999574, -19.64122733931582587 ) ) ;
#421 = DIRECTION ( 'NONE',  ( 0.000000000000000000, 0.000000000000000000, 1.000000000000000000 ) ) ;
#422 = VECTOR ( 'NONE', #7732, 1000.000000000000000 ) ;
#423 = DIRECTION ( 'NONE',  ( 0.000000000000000000, 0.000000000000000000, 1.000000000000000000 ) ) ;
#424 = EDGE_LOOP ( 'NONE', ( #5419, #2413, #2928, #8190 ) ) ;
#425 = DIRECTION ( 'NONE',  ( -0.000000000000000000, 1.000000000000000000, 3.061616997868383141E-16 ) ) ;
#426 = DIRECTION ( 'NONE',  ( 1.479114197289397354E-31, 1.000000000000000000, 3.061616997868381662E-16 ) ) ;
#427 = EDGE_CURVE ( 'NONE', #797, #4582, #2952, .T. ) ;
#428 = ADVANCED_FACE ( 'NONE', ( #1192 ), #9960, .T. ) ;
#429 = DIRECTION ( 'NONE',  ( 0.000000000000000000, -3.227392513445220839E-16, 1.000000000000000000 ) ) ;
#430 = ORIENTED_EDGE ( 'NONE', *, *, #5175, .F. ) ;
#431 = CARTESIAN_POINT ( 'NONE',  ( 18.61954618136544681, 45.20000000000000284, 10.74999999999996447 ) ) ;
#432 = EDGE_CURVE ( 'NONE', #7496, #4628, #9229, .T. ) ;
#433 = ORIENTED_EDGE ( 'NONE', *, *, #8516, .T. ) ;
#434 = CARTESIAN_POINT ( 'NONE',  ( 0.000000000000000000, 51.20000000000000995, -7.383484513958806747E-15 ) ) ;
#435 = CIRCLE ( 'NONE', #7030, 0.2500000000000002220 ) ;
#436 = ORIENTED_EDGE ( 'NONE', *, *, #4454, .F. ) ;
#437 = EDGE_CURVE ( 'NONE', #111, #5343, #5285, .T. ) ;
#438 = FACE_OUTER_BOUND ( 'NONE', #4417, .T. ) ;
#439 = CARTESIAN_POINT ( 'NONE',  ( -16.14381341971859385, -80.41022924428168039, -14.19955239679456049 ) ) ;
#440 = ORIENTED_EDGE ( 'NONE', *, *, #1888, .F. ) ;
#441 = ORIENTED_EDGE ( 'NONE', *, *, #2528, .T. ) ;
#442 = FACE_OUTER_BOUND ( 'NONE', #10881, .T. ) ;
#443 = ORIENTED_EDGE ( 'NONE', *, *, #10069, .F. ) ;
#444 = ADVANCED_FACE ( 'NONE', ( #9898 ), #1842, .F. ) ;
#445 = EDGE_CURVE ( 'NONE', #1734, #4486, #9052, .T. ) ;
#446 = CARTESIAN_POINT ( 'NONE',  ( 19.26884090911963554, 45.19999999999998863, -9.537388008204258583 ) ) ;
#447 = CARTESIAN_POINT ( 'NONE',  ( 20.44771510034576067, 51.19999999999999574, -6.643865379061435483 ) ) ;
#448 = ORIENTED_EDGE ( 'NONE', *, *, #8640, .F. ) ;
#449 = DIRECTION ( 'NONE',  ( -0.000000000000000000, 1.000000000000000000, 3.061616997868383141E-16 ) ) ;
#450 = DIRECTION ( 'NONE',  ( 0.000000000000000000, 0.000000000000000000, 1.000000000000000000 ) ) ;
#451 = ORIENTED_EDGE ( 'NONE', *, *, #8363, .T. ) ;
#452 = CARTESIAN_POINT ( 'NONE',  ( 0.000000000000000000, 51.20000000000000995, -7.383484513958806747E-15 ) ) ;
#453 = FACE_OUTER_BOUND ( 'NONE', #271, .T. ) ;
#454 = LINE ( 'NONE', #4054, #5039 ) ;
#455 = VERTEX_POINT ( 'NONE', #8493 ) ;
#456 = EDGE_LOOP ( 'NONE', ( #9193, #7762, #383, #4690 ) ) ;
#457 = DIRECTION ( 'NONE',  ( -0.000000000000000000, 1.000000000000000000, 3.061616997868383141E-16 ) ) ;
#458 = ORIENTED_EDGE ( 'NONE', *, *, #1475, .T. ) ;
#459 = DIRECTION ( 'NONE',  ( -0.000000000000000000, 1.000000000000000000, 3.061616997868383141E-16 ) ) ;
#460 = EDGE_CURVE ( 'NONE', #2246, #2815, #4712, .T. ) ;
#461 = CARTESIAN_POINT ( 'NONE',  ( 0.000000000000000000, 87.50000000000001421, 3.730185188303422936E-15 ) ) ;
#462 = EDGE_CURVE ( 'NONE', #10841, #3527, #5099, .T. ) ;
#463 = ORIENTED_EDGE ( 'NONE', *, *, #4563, .F. ) ;
#464 = DIRECTION ( 'NONE',  ( 0.000000000000000000, -3.384826294588890954E-16, 1.000000000000000000 ) ) ;
#465 = DIRECTION ( 'NONE',  ( 3.697785493223493385E-32, 1.000000000000000000, 3.061616997868381662E-16 ) ) ;
#466 = CARTESIAN_POINT ( 'NONE',  ( 0.000000000000000000, 87.50000000000001421, 3.730185188303422936E-15 ) ) ;
#467 = VERTEX_POINT ( 'NONE', #11337 ) ;
#468 = ADVANCED_FACE ( 'NONE', ( #10196, #1375 ), #9430, .T. ) ;
#469 = EDGE_LOOP ( 'NONE', ( #5335, #8308, #10249, #4412 ) ) ;
#470 = DIRECTION ( 'NONE',  ( -4.930380657631323784E-32, 1.000000000000000000, 3.061616997868382648E-16 ) ) ;
#471 = DIRECTION ( 'NONE',  ( 0.000000000000000000, -3.227392513445222318E-16, 1.000000000000000000 ) ) ;
#472 = CARTESIAN_POINT ( 'NONE',  ( 0.000000000000000000, 51.20000000000000995, -7.383484513958806747E-15 ) ) ;
#473 = DIRECTION ( 'NONE',  ( 3.081487911019577365E-33, 1.000000000000000000, 3.061616997868381662E-16 ) ) ;
#474 = EDGE_LOOP ( 'NONE', ( #4571, #3293, #6767, #8365 ) ) ;
#475 = EDGE_CURVE ( 'NONE', #9448, #9649, #1710, .T. ) ;
#476 = CYLINDRICAL_SURFACE ( 'NONE', #3023, 0.2500000000000002220 ) ;
#477 = CYLINDRICAL_SURFACE ( 'NONE', #9462, 0.2500000000000002220 ) ;
#478 = EDGE_CURVE ( 'NONE', #3405, #5670, #3968, .T. ) ;
#479 = DIRECTION ( 'NONE',  ( 2.465190328815661892E-32, 1.000000000000000000, 3.061616997868381662E-16 ) ) ;
#480 = DIRECTION ( 'NONE',  ( -0.000000000000000000, 1.000000000000000000, 3.061616997868383141E-16 ) ) ;
#481 = EDGE_CURVE ( 'NONE', #1722, #6478, #1533, .T. ) ;
#482 = EDGE_LOOP ( 'NONE', ( #6331, #4788, #10178, #4742 ) ) ;
#483 = CARTESIAN_POINT ( 'NONE',  ( 0.000000000000000000, 45.20000000000000995, -9.220454712679835547E-15 ) ) ;
#484 = FACE_OUTER_BOUND ( 'NONE', #8425, .T. ) ;
#485 = DIRECTION ( 'NONE',  ( 0.000000000000000000, -1.000000000000000000, -3.061616997868383141E-16 ) ) ;
#486 = VERTEX_POINT ( 'NONE', #8553 ) ;
#487 = DIRECTION ( 'NONE',  ( 0.000000000000000000, 0.000000000000000000, 1.000000000000000000 ) ) ;
#488 = ORIENTED_EDGE ( 'NONE', *, *, #11630, .T. ) ;
#489 = CARTESIAN_POINT ( 'NONE',  ( 1.065261225492411370E-15, 3.500000000000005773, -8.698518023597419102 ) ) ;
#490 = ORIENTED_EDGE ( 'NONE', *, *, #4297, .F. ) ;
#491 = VECTOR ( 'NONE', #7856, 1000.000000000000000 ) ;
#492 = DIRECTION ( 'NONE',  ( 9.860761315262647568E-32, 1.000000000000000000, 3.061616997868381662E-16 ) ) ;
#493 = CIRCLE ( 'NONE', #2387, 21.50000000000001066 ) ;
#494 = EDGE_CURVE ( 'NONE', #9573, #2633, #8479, .T. ) ;
#495 = ADVANCED_FACE ( 'NONE', ( #4134 ), #7481, .T. ) ;
#496 = CARTESIAN_POINT ( 'NONE',  ( 13.53038840757140804, -80.41022924428168039, -16.45863817132496365 ) ) ;
#497 = ORIENTED_EDGE ( 'NONE', *, *, #1193, .F. ) ;
#498 = ORIENTED_EDGE ( 'NONE', *, *, #1747, .F. ) ;
#499 = DIRECTION ( 'NONE',  ( 2.465190328815661892E-32, 1.000000000000000000, 3.061616997868380676E-16 ) ) ;
#500 = ORIENTED_EDGE ( 'NONE', *, *, #775, .F. ) ;
#501 = VECTOR ( 'NONE', #2903, 1000.000000000000000 ) ;
#502 = DIRECTION ( 'NONE',  ( -0.000000000000000000, 1.000000000000000000, 3.061616997868383141E-16 ) ) ;
#503 = AXIS2_PLACEMENT_3D ( 'NONE', #408, #465, #9041 ) ;
#504 = DIRECTION ( 'NONE',  ( 9.860761315262647568E-32, 1.000000000000000000, 3.061616997868382155E-16 ) ) ;
#505 = ORIENTED_EDGE ( 'NONE', *, *, #1525, .F. ) ;
#506 = AXIS2_PLACEMENT_3D ( 'NONE', #8173, #5623, #6450 ) ;
#507 = CARTESIAN_POINT ( 'NONE',  ( -20.76740526521489372, 51.19999999999999574, 5.564609469704438816 ) ) ;
#508 = DIRECTION ( 'NONE',  ( -0.000000000000000000, 1.000000000000000000, 3.061616997868383141E-16 ) ) ;
#509 = CIRCLE ( 'NONE', #6339, 21.50000000000000000 ) ;
#510 = ADVANCED_FACE ( 'NONE', ( #7663 ), #11272, .F. ) ;
#511 = AXIS2_PLACEMENT_3D ( 'NONE', #6636, #3232, #3054 ) ;
#512 = EDGE_CURVE ( 'NONE', #8019, #5232, #10380, .T. ) ;
#513 = CIRCLE ( 'NONE', #9171, 0.2500000000000002220 ) ;
#514 = ORIENTED_EDGE ( 'NONE', *, *, #6071, .T. ) ;
#515 = DIRECTION ( 'NONE',  ( -0.000000000000000000, 1.000000000000000000, 3.061616997868383141E-16 ) ) ;
#516 = AXIS2_PLACEMENT_3D ( 'NONE', #374, #6862, #3982 ) ;
#517 = DIRECTION ( 'NONE',  ( 0.000000000000000000, 0.000000000000000000, 1.000000000000000000 ) ) ;
#518 = CARTESIAN_POINT ( 'NONE',  ( 0.000000000000000000, 51.20000000000000995, -7.383484513958806747E-15 ) ) ;
#519 = ORIENTED_EDGE ( 'NONE', *, *, #9150, .F. ) ;
#520 = ORIENTED_EDGE ( 'NONE', *, *, #9620, .T. ) ;
#521 = VECTOR ( 'NONE', #4802, 1000.000000000000000 ) ;
#522 = AXIS2_PLACEMENT_3D ( 'NONE', #3680, #1027, #6371 ) ;
#523 = EDGE_CURVE ( 'NONE', #9871, #4704, #10563, .T. ) ;
#524 = CARTESIAN_POINT ( 'NONE',  ( 0.000000000000000000, 51.20000000000000995, -7.383484513958806747E-15 ) ) ;
#525 = VERTEX_POINT ( 'NONE', #10253 ) ;
#526 = AXIS2_PLACEMENT_3D ( 'NONE', #1485, #4418, #8011 ) ;
#527 = CARTESIAN_POINT ( 'NONE',  ( 21.49854651162789310, 45.19999999999998863, -0.2499957747074596781 ) ) ;
#528 = CIRCLE ( 'NONE', #1660, 18.19686085958248967 ) ;
#529 = DIRECTION ( 'NONE',  ( -0.000000000000000000, 1.000000000000000000, 3.061616997868383141E-16 ) ) ;
#530 = VERTEX_POINT ( 'NONE', #6709 ) ;
#531 = DIRECTION ( 'NONE',  ( 0.000000000000000000, 0.000000000000000000, -1.000000000000000000 ) ) ;
#532 = VECTOR ( 'NONE', #10020, 1000.000000000000000 ) ;
#533 = DIRECTION ( 'NONE',  ( 0.000000000000000000, -3.227392513445220839E-16, 1.000000000000000000 ) ) ;
#534 = CARTESIAN_POINT ( 'NONE',  ( 0.000000000000000000, 87.50000000000001421, 3.730185188303422936E-15 ) ) ;
#535 = ORIENTED_EDGE ( 'NONE', *, *, #2239, .T. ) ;
#536 = ORIENTED_EDGE ( 'NONE', *, *, #6931, .T. ) ;
#537 = DIRECTION ( 'NONE',  ( 0.000000000000000000, -3.227392513445220839E-16, 1.000000000000000000 ) ) ;
#538 = EDGE_CURVE ( 'NONE', #3379, #1227, #6779, .T. ) ;
#539 = CARTESIAN_POINT ( 'NONE',  ( -13.53038840757163541, -80.41022924428168039, -16.70863817132477891 ) ) ;
#540 = CARTESIAN_POINT ( 'NONE',  ( 4.714331922580140777, 51.19999999999999574, -20.97677464539632197 ) ) ;
#541 = FACE_OUTER_BOUND ( 'NONE', #2050, .T. ) ;
#542 = VERTEX_POINT ( 'NONE', #2309 ) ;
#543 = DIRECTION ( 'NONE',  ( 9.860761315262647568E-32, 1.000000000000000000, 3.061616997868381662E-16 ) ) ;
#544 = DIRECTION ( 'NONE',  ( 0.000000000000000000, 0.000000000000000000, -1.000000000000000000 ) ) ;
#545 = CARTESIAN_POINT ( 'NONE',  ( 0.000000000000000000, 51.20000000000000995, -7.383484513958806747E-15 ) ) ;
#546 = ADVANCED_FACE ( 'NONE', ( #1430 ), #5012, .F. ) ;
#547 = LINE ( 'NONE', #8281, #5488 ) ;
#548 = ORIENTED_EDGE ( 'NONE', *, *, #11399, .T. ) ;
#549 = CYLINDRICAL_SURFACE ( 'NONE', #8855, 0.2500000000000002220 ) ;
#550 = CARTESIAN_POINT ( 'NONE',  ( -7.470998869602855308, 45.19999999999998863, -20.16021269457229081 ) ) ;
#551 = DIRECTION ( 'NONE',  ( 3.697785493223493385E-32, 1.000000000000000000, 3.061616997868383141E-16 ) ) ;
#552 = ORIENTED_EDGE ( 'NONE', *, *, #10596, .F. ) ;
#553 = CARTESIAN_POINT ( 'NONE',  ( 21.47053499722332504, 51.19999999999999574, -0.8752230592233524176 ) ) ;
#554 = ORIENTED_EDGE ( 'NONE', *, *, #1159, .T. ) ;
#555 = DIRECTION ( 'NONE',  ( 0.000000000000000000, -3.227392513445220839E-16, 1.000000000000000000 ) ) ;
#556 = DIRECTION ( 'NONE',  ( 0.000000000000000000, -3.103659815676441484E-16, 1.000000000000000000 ) ) ;
#557 = ORIENTED_EDGE ( 'NONE', *, *, #6321, .F. ) ;
#558 = AXIS2_PLACEMENT_3D ( 'NONE', #235, #1961, #3847 ) ;
#559 = LINE ( 'NONE', #7571, #3346 ) ;
#560 = EDGE_CURVE ( 'NONE', #3706, #712, #6213, .T. ) ;
#561 = CARTESIAN_POINT ( 'NONE',  ( -10.53277056407847034, 51.20000000000000995, 18.74328531086484162 ) ) ;
#562 = AXIS2_PLACEMENT_3D ( 'NONE', #3823, #257, #2208 ) ;
#563 = VERTEX_POINT ( 'NONE', #1490 ) ;
#564 = VERTEX_POINT ( 'NONE', #2363 ) ;
#565 = DIRECTION ( 'NONE',  ( 0.000000000000000000, 0.000000000000000000, 1.000000000000000000 ) ) ;
#566 = ORIENTED_EDGE ( 'NONE', *, *, #3224, .F. ) ;
#567 = VECTOR ( 'NONE', #684, 1000.000000000000000 ) ;
#568 = ADVANCED_FACE ( 'NONE', ( #2125 ), #5074, .T. ) ;
#569 = CIRCLE ( 'NONE', #3770, 0.2500000000000002220 ) ;
#570 = CARTESIAN_POINT ( 'NONE',  ( -19.53821706942819603, 51.19999999999999574, 8.972629143562350862 ) ) ;
#571 = DIRECTION ( 'NONE',  ( 0.000000000000000000, 0.000000000000000000, -1.000000000000000000 ) ) ;
#572 = VERTEX_POINT ( 'NONE', #10620 ) ;
#573 = CARTESIAN_POINT ( 'NONE',  ( -20.97677464539633974, 51.19999999999999574, -4.714331922580038636 ) ) ;
#574 = AXIS2_PLACEMENT_3D ( 'NONE', #9852, #6367, #5436 ) ;
#575 = AXIS2_PLACEMENT_3D ( 'NONE', #2051, #10840, #270 ) ;
#576 = ORIENTED_EDGE ( 'NONE', *, *, #2610, .F. ) ;
#577 = CARTESIAN_POINT ( 'NONE',  ( 9.760795744400141416, 51.19999999999999574, -19.15664027004993741 ) ) ;
#578 = DIRECTION ( 'NONE',  ( 1.479114197289397354E-31, 1.000000000000000000, 3.061616997868381662E-16 ) ) ;
#579 = AXIS2_PLACEMENT_3D ( 'NONE', #5549, #9141, #1066 ) ;
#580 = ORIENTED_EDGE ( 'NONE', *, *, #70, .T. ) ;
#581 = VERTEX_POINT ( 'NONE', #4245 ) ;
#582 = EDGE_CURVE ( 'NONE', #11477, #9497, #2468, .T. ) ;
#583 = AXIS2_PLACEMENT_3D ( 'NONE', #9322, #1974, #248 ) ;
#584 = CIRCLE ( 'NONE', #10944, 21.50000000000001066 ) ;
#585 = AXIS2_PLACEMENT_3D ( 'NONE', #6116, #765, #10656 ) ;
#586 = DIRECTION ( 'NONE',  ( -0.000000000000000000, 1.000000000000000000, 3.061616997868383141E-16 ) ) ;
#587 = ORIENTED_EDGE ( 'NONE', *, *, #694, .T. ) ;
#588 = DIRECTION ( 'NONE',  ( 0.000000000000000000, 0.000000000000000000, -1.000000000000000000 ) ) ;
#589 = EDGE_CURVE ( 'NONE', #9553, #8260, #3783, .T. ) ;
#590 = DIRECTION ( 'NONE',  ( 0.000000000000000000, -3.227392513445220839E-16, 1.000000000000000000 ) ) ;
#591 = ORIENTED_EDGE ( 'NONE', *, *, #8812, .T. ) ;
#592 = LINE ( 'NONE', #7065, #6532 ) ;
#593 = VECTOR ( 'NONE', #3297, 1000.000000000000000 ) ;
#594 = DIRECTION ( 'NONE',  ( -7.395570986446986770E-32, 1.000000000000000000, 3.061616997868381169E-16 ) ) ;
#595 = DIRECTION ( 'NONE',  ( 0.000000000000000000, 0.000000000000000000, 1.000000000000000000 ) ) ;
#596 = EDGE_LOOP ( 'NONE', ( #7342, #2637, #2237, #1428 ) ) ;
#597 = LINE ( 'NONE', #4195, #6073 ) ;
#598 = DIRECTION ( 'NONE',  ( 0.000000000000000000, -3.227392513445220839E-16, 1.000000000000000000 ) ) ;
#599 = EDGE_CURVE ( 'NONE', #4502, #11432, #293, .T. ) ;
#600 = DIRECTION ( 'NONE',  ( 0.000000000000000000, 0.000000000000000000, 1.000000000000000000 ) ) ;
#601 = AXIS2_PLACEMENT_3D ( 'NONE', #901, #9897, #6092 ) ;
#602 = DIRECTION ( 'NONE',  ( -4.930380657631323784E-32, 1.000000000000000000, 3.061616997868383141E-16 ) ) ;
#603 = EDGE_LOOP ( 'NONE', ( #5803, #7591, #4700, #11255 ) ) ;
#604 = CYLINDRICAL_SURFACE ( 'NONE', #1153, 0.2500000000000002220 ) ;
#605 = VECTOR ( 'NONE', #6566, 1000.000000000000000 ) ;
#606 = EDGE_CURVE ( 'NONE', #101, #7691, #1719, .T. ) ;
#607 = CIRCLE ( 'NONE', #3623, 0.2500000000000002220 ) ;
#608 = DIRECTION ( 'NONE',  ( 0.000000000000000000, 0.000000000000000000, 1.000000000000000000 ) ) ;
#609 = AXIS2_PLACEMENT_3D ( 'NONE', #1979, #3754, #5569 ) ;
#610 = CARTESIAN_POINT ( 'NONE',  ( 0.000000000000000000, 51.20000000000000995, -7.383484513958806747E-15 ) ) ;
#611 = CIRCLE ( 'NONE', #5503, 21.50000000000001066 ) ;
#612 = ADVANCED_FACE ( 'NONE', ( #2485 ), #5137, .F. ) ;
#613 = CARTESIAN_POINT ( 'NONE',  ( 0.000000000000000000, 45.20000000000000995, -9.220454712679835547E-15 ) ) ;
#614 = VECTOR ( 'NONE', #6309, 1000.000000000000000 ) ;
#615 = ORIENTED_EDGE ( 'NONE', *, *, #5424, .F. ) ;
#616 = DIRECTION ( 'NONE',  ( 0.000000000000000000, -1.000000000000000000, -3.061616997868383141E-16 ) ) ;
#617 = CARTESIAN_POINT ( 'NONE',  ( -21.47053499722334280, -80.41022924428168039, -1.125223059223098065 ) ) ;
#618 = AXIS2_PLACEMENT_3D ( 'NONE', #6702, #5825, #6588 ) ;
#619 = CARTESIAN_POINT ( 'NONE',  ( -3.116195710812206254, -80.41022924428169460, 21.27297168455582721 ) ) ;
#620 = ORIENTED_EDGE ( 'NONE', *, *, #4465, .F. ) ;
#621 = CARTESIAN_POINT ( 'NONE',  ( -21.35464355025365890, 45.19999999999998863, -2.495836301044308758 ) ) ;
#622 = ORIENTED_EDGE ( 'NONE', *, *, #3395, .T. ) ;
#623 = DIRECTION ( 'NONE',  ( 6.162975822039154730E-33, 1.000000000000000000, 3.061616997868382155E-16 ) ) ;
#624 = DIRECTION ( 'NONE',  ( 0.000000000000000000, 0.000000000000000000, 1.000000000000000000 ) ) ;
#625 = ORIENTED_EDGE ( 'NONE', *, *, #8793, .F. ) ;
#626 = AXIS2_PLACEMENT_3D ( 'NONE', #909, #71, #13 ) ;
#627 = CYLINDRICAL_SURFACE ( 'NONE', #5226, 0.2500000000000002220 ) ;
#628 = DIRECTION ( 'NONE',  ( -0.000000000000000000, 1.000000000000000000, 3.061616997868383141E-16 ) ) ;
#629 = CIRCLE ( 'NONE', #7205, 0.2500000000000002220 ) ;
#630 = ADVANCED_FACE ( 'NONE', ( #1657 ), #2427, .F. ) ;
#631 = ORIENTED_EDGE ( 'NONE', *, *, #11082, .T. ) ;
#632 = CARTESIAN_POINT ( 'NONE',  ( -20.52358569366456820, 45.19999999999998863, 6.405656115871931178 ) ) ;
#633 = ORIENTED_EDGE ( 'NONE', *, *, #7042, .F. ) ;
#634 = AXIS2_PLACEMENT_3D ( 'NONE', #4487, #3549, #8197 ) ;
#635 = DIRECTION ( 'NONE',  ( -0.000000000000000000, 1.000000000000000000, 3.061616997868383141E-16 ) ) ;
#636 = CARTESIAN_POINT ( 'NONE',  ( 19.15664027004985215, 45.19999999999998863, -9.760795744400320828 ) ) ;
#637 = EDGE_CURVE ( 'NONE', #2799, #4459, #9609, .T. ) ;
#638 = VERTEX_POINT ( 'NONE', #5249 ) ;
#639 = CARTESIAN_POINT ( 'NONE',  ( 0.000000000000000000, 87.50000000000001421, 3.730185188303422936E-15 ) ) ;
#640 = EDGE_LOOP ( 'NONE', ( #6221, #11193, #3641, #1759 ) ) ;
#641 = CARTESIAN_POINT ( 'NONE',  ( 0.000000000000000000, 87.50000000000001421, 3.730185188303422936E-15 ) ) ;
#642 = VECTOR ( 'NONE', #1175, 1000.000000000000000 ) ;
#643 = CYLINDRICAL_SURFACE ( 'NONE', #2795, 0.2500000000000002220 ) ;
#644 = CARTESIAN_POINT ( 'NONE',  ( 0.000000000000000000, 28.86506350946110189, -1.422158663453328212E-14 ) ) ;
#645 = EDGE_CURVE ( 'NONE', #3661, #7645, #6319, .T. ) ;
#646 = EDGE_LOOP ( 'NONE', ( #5162, #3878, #7169, #1210 ) ) ;
#647 = ORIENTED_EDGE ( 'NONE', *, *, #4491, .T. ) ;
#648 = CARTESIAN_POINT ( 'NONE',  ( 14.19955239679459069, -80.41022924428168039, -16.14381341971856543 ) ) ;
#649 = EDGE_CURVE ( 'NONE', #4397, #6943, #4823, .T. ) ;
#650 = ORIENTED_EDGE ( 'NONE', *, *, #7489, .T. ) ;
#651 = CARTESIAN_POINT ( 'NONE',  ( 8.515864134734714597, -80.41022924428169460, 19.74158195380343273 ) ) ;
#652 = ORIENTED_EDGE ( 'NONE', *, *, #10883, .F. ) ;
#653 = ADVANCED_FACE ( 'NONE', ( #8845 ), #6015, .T. ) ;
#654 = CYLINDRICAL_SURFACE ( 'NONE', #8787, 0.2500000000000002220 ) ;
#655 = DIRECTION ( 'NONE',  ( -0.000000000000000000, 1.000000000000000000, 3.061616997868383141E-16 ) ) ;
#656 = CARTESIAN_POINT ( 'NONE',  ( 4.470101352581692389, 45.19999999999998863, -21.03017341577682231 ) ) ;
#657 = ORIENTED_EDGE ( 'NONE', *, *, #8671, .T. ) ;
#658 = CARTESIAN_POINT ( 'NONE',  ( -19.74158195380337588, -80.41022924428168039, 8.515864134734892232 ) ) ;
#659 = EDGE_CURVE ( 'NONE', #10122, #1350, #778, .T. ) ;
#660 = CARTESIAN_POINT ( 'NONE',  ( -21.38222075041788628, 51.19999999999999574, -2.247361960254321556 ) ) ;
#661 = CARTESIAN_POINT ( 'NONE',  ( 14.38630803671536462, 51.19999999999999574, -15.97761374776402299 ) ) ;
#662 = LINE ( 'NONE', #10255, #1693 ) ;
#663 = EDGE_LOOP ( 'NONE', ( #4118, #520, #9305, #8072 ) ) ;
#664 = FACE_OUTER_BOUND ( 'NONE', #4982, .T. ) ;
#665 = CARTESIAN_POINT ( 'NONE',  ( -6.881176337034721868, -80.41022924428169460, 20.36907980785170125 ) ) ;
#666 = DIRECTION ( 'NONE',  ( 0.000000000000000000, -3.227392513445222318E-16, 1.000000000000000000 ) ) ;
#667 = EDGE_CURVE ( 'NONE', #10996, #10026, #2763, .T. ) ;
#668 = CARTESIAN_POINT ( 'NONE',  ( 16.70863817132479667, 45.19999999999998863, -13.53038840757156791 ) ) ;
#669 = EDGE_CURVE ( 'NONE', #5624, #7691, #9337, .T. ) ;
#670 = CARTESIAN_POINT ( 'NONE',  ( 0.000000000000000000, 45.20000000000000995, -9.220454712679835547E-15 ) ) ;
#671 = ORIENTED_EDGE ( 'NONE', *, *, #10162, .F. ) ;
#672 = CARTESIAN_POINT ( 'NONE',  ( 0.000000000000000000, 87.50000000000001421, 3.730185188303422936E-15 ) ) ;
#673 = CARTESIAN_POINT ( 'NONE',  ( 20.97677464539629710, 51.19999999999999574, 4.714331922580218937 ) ) ;
#674 = DIRECTION ( 'NONE',  ( 6.162975822039154730E-33, 1.000000000000000000, 3.061616997868382155E-16 ) ) ;
#675 = ORIENTED_EDGE ( 'NONE', *, *, #5004, .T. ) ;
#676 = DIRECTION ( 'NONE',  ( 0.000000000000000000, 0.000000000000000000, 1.000000000000000000 ) ) ;
#677 = ORIENTED_EDGE ( 'NONE', *, *, #10952, .F. ) ;
#678 = CARTESIAN_POINT ( 'NONE',  ( -3.363340998365109691, -80.41022924428168039, -20.98529932279544852 ) ) ;
#679 = CARTESIAN_POINT ( 'NONE',  ( 0.000000000000000000, 87.50000000000001421, 15.40000000000000036 ) ) ;
#680 = EDGE_CURVE ( 'NONE', #5177, #1518, #1819, .T. ) ;
#681 = VERTEX_POINT ( 'NONE', #6181 ) ;
#682 = CARTESIAN_POINT ( 'NONE',  ( 21.35464355025361982, 51.19999999999999574, 2.495836301044480621 ) ) ;
#683 = VERTEX_POINT ( 'NONE', #5310 ) ;
#684 = DIRECTION ( 'NONE',  ( -0.000000000000000000, 1.000000000000000000, 3.061616997868383141E-16 ) ) ;
#685 = ORIENTED_EDGE ( 'NONE', *, *, #1102, .F. ) ;
#686 = DIRECTION ( 'NONE',  ( 0.000000000000000000, 0.000000000000000000, 1.000000000000000000 ) ) ;
#687 = CARTESIAN_POINT ( 'NONE',  ( 3.363340998364822809, 51.19999999999999574, -20.98529932279545207 ) ) ;
#688 = EDGE_CURVE ( 'NONE', #11306, #6074, #3883, .T. ) ;
#689 = ORIENTED_EDGE ( 'NONE', *, *, #942, .T. ) ;
#690 = CARTESIAN_POINT ( 'NONE',  ( 0.000000000000000000, 51.20000000000000995, -7.383484513958806747E-15 ) ) ;
#691 = CIRCLE ( 'NONE', #6891, 0.2500000000000002220 ) ;
#692 = ORIENTED_EDGE ( 'NONE', *, *, #11318, .T. ) ;
#693 = DIRECTION ( 'NONE',  ( 0.000000000000000000, -3.227392513445222318E-16, 1.000000000000000000 ) ) ;
#694 = EDGE_CURVE ( 'NONE', #3472, #1807, #7788, .T. ) ;
#695 = CIRCLE ( 'NONE', #4821, 21.50000000000001066 ) ;
#696 = EDGE_LOOP ( 'NONE', ( #8233, #11192, #11205, #1043 ) ) ;
#697 = DIRECTION ( 'NONE',  ( 0.000000000000000000, 0.000000000000000000, 1.000000000000000000 ) ) ;
#698 = CARTESIAN_POINT ( 'NONE',  ( -21.03017341577676547, 45.19999999999998863, 4.470101352582064536 ) ) ;
#699 = AXIS2_PLACEMENT_3D ( 'NONE', #660, #834, #2599 ) ;
#700 = ORIENTED_EDGE ( 'NONE', *, *, #669, .F. ) ;
#701 = ORIENTED_EDGE ( 'NONE', *, *, #5768, .F. ) ;
#702 = CARTESIAN_POINT ( 'NONE',  ( -14.38630803671557956, 51.19999999999999574, -15.97761374776382759 ) ) ;
#703 = ORIENTED_EDGE ( 'NONE', *, *, #7945, .F. ) ;
#704 = DIRECTION ( 'NONE',  ( 0.000000000000000000, 0.000000000000000000, 1.000000000000000000 ) ) ;
#705 = DIRECTION ( 'NONE',  ( -0.000000000000000000, 1.000000000000000000, 3.061616997868383141E-16 ) ) ;
#706 = AXIS2_PLACEMENT_3D ( 'NONE', #472, #6892, #6711 ) ;
#707 = CONICAL_SURFACE ( 'NONE', #8796, 16.01785065697083965, 0.9599310885968799223 ) ;
#708 = AXIS2_PLACEMENT_3D ( 'NONE', #7018, #2303, #1486 ) ;
#709 = PRODUCT_DEFINITION ( 'UNKNOWN', '', #7473, #2708 ) ;
#710 = CIRCLE ( 'NONE', #7280, 21.50000000000001066 ) ;
#711 = CONICAL_SURFACE ( 'NONE', #11632, 18.19686085958248967, 0.2094395102393160901 ) ;
#712 = VERTEX_POINT ( 'NONE', #8783 ) ;
#713 = DIRECTION ( 'NONE',  ( 0.000000000000000000, 0.000000000000000000, 1.000000000000000000 ) ) ;
#714 = FACE_OUTER_BOUND ( 'NONE', #1231, .T. ) ;
#715 = DIRECTION ( 'NONE',  ( 0.000000000000000000, -3.061616997868383141E-16, 1.000000000000000000 ) ) ;
#716 = AXIS2_PLACEMENT_3D ( 'NONE', #7300, #3161, #5865 ) ;
#717 = VECTOR ( 'NONE', #854, 1000.000000000000000 ) ;
#718 = ORIENTED_EDGE ( 'NONE', *, *, #2165, .F. ) ;
#719 = CIRCLE ( 'NONE', #7100, 21.50000000000000000 ) ;
#720 = CARTESIAN_POINT ( 'NONE',  ( 2.388061258337339333E-15, 87.50000000000001421, -19.50000000000000000 ) ) ;
#721 = CARTESIAN_POINT ( 'NONE',  ( 0.000000000000000000, 51.20000000000000995, -7.383484513958806747E-15 ) ) ;
#722 = DIRECTION ( 'NONE',  ( -0.000000000000000000, 1.000000000000000000, 3.061616997868383141E-16 ) ) ;
#723 = CARTESIAN_POINT ( 'NONE',  ( 1.916572240665608382E-15, 87.50000000000001421, -15.65000000000000036 ) ) ;
#724 = CIRCLE ( 'NONE', #7292, 21.50000000000000000 ) ;
#725 = ORIENTED_EDGE ( 'NONE', *, *, #1574, .F. ) ;
#726 = DIRECTION ( 'NONE',  ( 0.000000000000000000, 0.000000000000000000, 1.000000000000000000 ) ) ;
#727 = EDGE_CURVE ( 'NONE', #5423, #7619, #5806, .T. ) ;
#728 = DIRECTION ( 'NONE',  ( -3.697785493223493385E-32, 1.000000000000000000, 3.061616997868382648E-16 ) ) ;
#729 = AXIS2_PLACEMENT_3D ( 'NONE', #3313, #3551, #6024 ) ;
#730 = CARTESIAN_POINT ( 'NONE',  ( -20.97677464539623315, 51.19999999999999574, 4.714331922580507594 ) ) ;
#731 = CIRCLE ( 'NONE', #3160, 0.2500000000000002220 ) ;
#732 = CARTESIAN_POINT ( 'NONE',  ( 14.38630803671546765, 45.20000000000000284, 15.97761374776396082 ) ) ;
#733 = ORIENTED_EDGE ( 'NONE', *, *, #9161, .T. ) ;
#734 = CARTESIAN_POINT ( 'NONE',  ( -20.76740526521501096, -80.41022924428168039, -5.564609469704011602 ) ) ;
#735 = DIRECTION ( 'NONE',  ( -0.000000000000000000, 1.000000000000000000, 3.061616997868383141E-16 ) ) ;
#736 = CARTESIAN_POINT ( 'NONE',  ( 15.02499431646291939, -80.41022924428169460, 15.37854173159001725 ) ) ;
#737 = ORIENTED_EDGE ( 'NONE', *, *, #10225, .T. ) ;
#738 = DIRECTION ( 'NONE',  ( 0.000000000000000000, -3.227392513445222318E-16, 1.000000000000000000 ) ) ;
#739 = ORIENTED_EDGE ( 'NONE', *, *, #10389, .T. ) ;
#740 = DIRECTION ( 'NONE',  ( 0.000000000000000000, 0.000000000000000000, 1.000000000000000000 ) ) ;
#741 = ADVANCED_FACE ( 'NONE', ( #9767 ), #3708, .F. ) ;
#742 = CARTESIAN_POINT ( 'NONE',  ( 0.000000000000000000, 51.20000000000000995, -7.383484513958806747E-15 ) ) ;
#743 = ORIENTED_EDGE ( 'NONE', *, *, #9521, .F. ) ;
#744 = CYLINDRICAL_SURFACE ( 'NONE', #5272, 0.2500000000000002220 ) ;
#745 = ORIENTED_EDGE ( 'NONE', *, *, #9867, .T. ) ;
#746 = VECTOR ( 'NONE', #10499, 1000.000000000000000 ) ;
#747 = DIRECTION ( 'NONE',  ( -0.000000000000000000, 1.000000000000000000, 3.061616997868383141E-16 ) ) ;
#748 = EDGE_CURVE ( 'NONE', #3294, #10243, #9945, .T. ) ;
#749 = DIRECTION ( 'NONE',  ( -0.000000000000000000, 1.000000000000000000, 3.061616997868383141E-16 ) ) ;
#750 = VECTOR ( 'NONE', #8214, 1000.000000000000000 ) ;
#751 = ORIENTED_EDGE ( 'NONE', *, *, #538, .F. ) ;
#752 = VECTOR ( 'NONE', #11449, 1000.000000000000000 ) ;
#753 = VECTOR ( 'NONE', #2063, 1000.000000000000000 ) ;
#754 = AXIS2_PLACEMENT_3D ( 'NONE', #7153, #3463, #4338 ) ;
#755 = ORIENTED_EDGE ( 'NONE', *, *, #1463, .T. ) ;
#756 = DIRECTION ( 'NONE',  ( 0.000000000000000000, -3.227392513445222318E-16, 1.000000000000000000 ) ) ;
#757 = AXIS2_PLACEMENT_3D ( 'NONE', #6018, #9611, #4247 ) ;
#758 = VERTEX_POINT ( 'NONE', #8188 ) ;
#759 = DIRECTION ( 'NONE',  ( 0.000000000000000000, 0.000000000000000000, -1.000000000000000000 ) ) ;
#760 = DIRECTION ( 'NONE',  ( -0.000000000000000000, 1.000000000000000000, 3.061616997868383141E-16 ) ) ;
#761 = ORIENTED_EDGE ( 'NONE', *, *, #3174, .F. ) ;
#762 = ORIENTED_EDGE ( 'NONE', *, *, #727, .T. ) ;
#763 = EDGE_LOOP ( 'NONE', ( #10453, #11225, #8524, #8877 ) ) ;
#764 = VECTOR ( 'NONE', #9048, 1000.000000000000000 ) ;
#765 = DIRECTION ( 'NONE',  ( -0.000000000000000000, 1.000000000000000000, 3.061616997868383141E-16 ) ) ;
#766 = ORIENTED_EDGE ( 'NONE', *, *, #2960, .T. ) ;
#767 =( NAMED_UNIT ( * ) PLANE_ANGLE_UNIT ( ) SI_UNIT ( $, .RADIAN. ) );
#768 = CIRCLE ( 'NONE', #11500, 0.2500000000000002220 ) ;
#769 = LINE ( 'NONE', #11604, #1733 ) ;
#770 = AXIS2_PLACEMENT_3D ( 'NONE', #6691, #1479, #1418 ) ;
#771 = ORIENTED_EDGE ( 'NONE', *, *, #6630, .F. ) ;
#772 = DIRECTION ( 'NONE',  ( 4.930380657631323784E-32, 1.000000000000000000, 3.061616997868382648E-16 ) ) ;
#773 = CYLINDRICAL_SURFACE ( 'NONE', #5025, 0.2500000000000002220 ) ;
#774 = DIRECTION ( 'NONE',  ( 0.000000000000000000, 0.000000000000000000, -1.000000000000000000 ) ) ;
#775 = EDGE_CURVE ( 'NONE', #9958, #7116, #6749, .T. ) ;
#776 = VECTOR ( 'NONE', #10032, 1000.000000000000000 ) ;
#777 = ORIENTED_EDGE ( 'NONE', *, *, #950, .T. ) ;
#778 = LINE ( 'NONE', #7965, #7843 ) ;
#779 = DIRECTION ( 'NONE',  ( 0.000000000000000000, 0.000000000000000000, -1.000000000000000000 ) ) ;
#780 =( LENGTH_UNIT ( ) NAMED_UNIT ( * ) SI_UNIT ( .MILLI., .METRE. ) );
#781 = ORIENTED_EDGE ( 'NONE', *, *, #5601, .F. ) ;
#782 = DIRECTION ( 'NONE',  ( 0.000000000000000000, -3.227392513445222318E-16, 1.000000000000000000 ) ) ;
#783 = EDGE_CURVE ( 'NONE', #6344, #7575, #5534, .T. ) ;
#784 = AXIS2_PLACEMENT_3D ( 'NONE', #6220, #5457, #986 ) ;
#785 = CIRCLE ( 'NONE', #7356, 21.50000000000000000 ) ;
#786 = CYLINDRICAL_SURFACE ( 'NONE', #9191, 0.2500000000000002220 ) ;
#787 = DIRECTION ( 'NONE',  ( 0.000000000000000000, -2.991412108253678048E-16, 1.000000000000000000 ) ) ;
#788 = CARTESIAN_POINT ( 'NONE',  ( 17.53963331177551055, 51.19999999999999574, -12.43427775499867494 ) ) ;
#789 = ORIENTED_EDGE ( 'NONE', *, *, #1235, .T. ) ;
#790 = CARTESIAN_POINT ( 'NONE',  ( 0.000000000000000000, 45.20000000000000995, -9.220454712679835547E-15 ) ) ;
#791 = DIRECTION ( 'NONE',  ( -4.930380657631323784E-32, 1.000000000000000000, 3.061616997868382648E-16 ) ) ;
#792 = CARTESIAN_POINT ( 'NONE',  ( 21.47053499722332504, 45.19999999999998863, -1.125223059223354527 ) ) ;
#794 = ORIENTED_EDGE ( 'NONE', *, *, #5316, .T. ) ;
#793 = AXIS2_PLACEMENT_3D ( 'NONE', #1291, #10483, #9532 ) ;
#795 = EDGE_CURVE ( 'NONE', #4292, #8755, #97, .T. ) ;
#796 = DIRECTION ( 'NONE',  ( -0.000000000000000000, 1.000000000000000000, 3.061616997868383141E-16 ) ) ;
#797 = VERTEX_POINT ( 'NONE', #9127 ) ;
#798 = CARTESIAN_POINT ( 'NONE',  ( -21.23529932279548049, -80.41022924428168039, -3.363340998364782841 ) ) ;
#799 = CIRCLE ( 'NONE', #1358, 0.2500000000000002220 ) ;
#800 = CIRCLE ( 'NONE', #5666, 0.2500000000000002220 ) ;
#801 = DIRECTION ( 'NONE',  ( 9.860761315262647568E-32, 1.000000000000000000, 3.061616997868382648E-16 ) ) ;
#802 = AXIS2_PLACEMENT_3D ( 'NONE', #9520, #11237, #8713 ) ;
#803 = EDGE_CURVE ( 'NONE', #10515, #9448, #10835, .T. ) ;
#804 = VECTOR ( 'NONE', #7308, 1000.000000000000000 ) ;
#805 = ORIENTED_EDGE ( 'NONE', *, *, #1127, .F. ) ;
#806 = CARTESIAN_POINT ( 'NONE',  ( 21.27297168455578813, 51.19999999999999574, -3.116195710812717845 ) ) ;
#807 = ORIENTED_EDGE ( 'NONE', *, *, #10928, .T. ) ;
#808 = LINE ( 'NONE', #10759, #6966 ) ;
#809 = EDGE_CURVE ( 'NONE', #4498, #8772, #4594, .T. ) ;
#810 = FACE_OUTER_BOUND ( 'NONE', #11150, .T. ) ;
#811 = AXIS2_PLACEMENT_3D ( 'NONE', #3102, #7763, #4870 ) ;
#812 = EDGE_LOOP ( 'NONE', ( #2033, #8228, #5686, #2150 ) ) ;
#813 = CIRCLE ( 'NONE', #3259, 8.698518023597397786 ) ;
#814 = DIRECTION ( 'NONE',  ( 0.000000000000000000, 0.000000000000000000, 1.000000000000000000 ) ) ;
#815 = ORIENTED_EDGE ( 'NONE', *, *, #8811, .F. ) ;
#816 = CARTESIAN_POINT ( 'NONE',  ( 0.000000000000000000, 51.20000000000000995, -7.383484513958806747E-15 ) ) ;
#817 = EDGE_CURVE ( 'NONE', #11664, #1722, #9882, .T. ) ;
#818 = EDGE_CURVE ( 'NONE', #5456, #10251, #161, .T. ) ;
#819 = VERTEX_POINT ( 'NONE', #2713 ) ;
#820 = DIRECTION ( 'NONE',  ( -0.000000000000000000, 1.000000000000000000, 3.061616997868383141E-16 ) ) ;
#821 = ORIENTED_EDGE ( 'NONE', *, *, #11584, .F. ) ;
#822 = ORIENTED_EDGE ( 'NONE', *, *, #460, .T. ) ;
#823 = ORIENTED_EDGE ( 'NONE', *, *, #7399, .T. ) ;
#824 = CARTESIAN_POINT ( 'NONE',  ( 0.000000000000000000, 87.50000000000001421, 3.730185188303422936E-15 ) ) ;
#825 = ORIENTED_EDGE ( 'NONE', *, *, #3080, .T. ) ;
#826 = CARTESIAN_POINT ( 'NONE',  ( 7.937781193550069503, -80.41022924428168039, -19.98103174821868677 ) ) ;
#827 = CARTESIAN_POINT ( 'NONE',  ( -5.564609469704350886, 51.19999999999999574, -20.76740526521489727 ) ) ;
#828 = EDGE_CURVE ( 'NONE', #6427, #1761, #1861, .T. ) ;
#829 = VERTEX_POINT ( 'NONE', #48 ) ;
#830 = DIRECTION ( 'NONE',  ( 0.000000000000000000, 0.000000000000000000, 1.000000000000000000 ) ) ;
#831 = LINE ( 'NONE', #11611, #2388 ) ;
#832 = CARTESIAN_POINT ( 'NONE',  ( 5.564609469704060452, 45.19999999999998863, -20.76740526521497898 ) ) ;
#833 = EDGE_LOOP ( 'NONE', ( #2573, #6034, #10256, #10527 ) ) ;
#834 = DIRECTION ( 'NONE',  ( -0.000000000000000000, 1.000000000000000000, 3.061616997868383141E-16 ) ) ;
#835 = DIRECTION ( 'NONE',  ( -9.860761315262647568E-32, 1.000000000000000000, 3.061616997868382155E-16 ) ) ;
#836 = CARTESIAN_POINT ( 'NONE',  ( 0.000000000000000000, 51.20000000000000995, -7.383484513958806747E-15 ) ) ;
#837 = VERTEX_POINT ( 'NONE', #3659 ) ;
#838 = DIRECTION ( 'NONE',  ( -0.000000000000000000, 1.000000000000000000, 3.061616997868383141E-16 ) ) ;
#839 = EDGE_CURVE ( 'NONE', #6750, #7202, #6408, .T. ) ;
#840 = DIRECTION ( 'NONE',  ( -0.000000000000000000, 1.000000000000000000, 3.061616997868383141E-16 ) ) ;
#841 = ADVANCED_FACE ( 'NONE', ( #4420 ), #8906, .F. ) ;
#842 = DIRECTION ( 'NONE',  ( 0.000000000000000000, 0.000000000000000000, -1.000000000000000000 ) ) ;
#843 = EDGE_CURVE ( 'NONE', #3354, #10590, #10005, .T. ) ;
#844 = DIRECTION ( 'NONE',  ( -0.000000000000000000, 1.000000000000000000, 3.061616997868383141E-16 ) ) ;
#845 = EDGE_CURVE ( 'NONE', #11657, #9994, #4317, .T. ) ;
#846 = EDGE_LOOP ( 'NONE', ( #514, #4749, #6140, #7225 ) ) ;
#847 = DIRECTION ( 'NONE',  ( -0.000000000000000000, 1.000000000000000000, 3.061616997868383141E-16 ) ) ;
#848 = DIRECTION ( 'NONE',  ( 0.000000000000000000, 0.000000000000000000, 1.000000000000000000 ) ) ;
#849 = DIRECTION ( 'NONE',  ( -0.000000000000000000, 1.000000000000000000, 3.061616997868383141E-16 ) ) ;
#850 = ORIENTED_EDGE ( 'NONE', *, *, #6898, .T. ) ;
#851 = FACE_OUTER_BOUND ( 'NONE', #2565, .T. ) ;
#852 = EDGE_LOOP ( 'NONE', ( #2306, #5656, #3235, #751 ) ) ;
#853 = CARTESIAN_POINT ( 'NONE',  ( 3.363340998364822809, -80.41022924428168039, -21.23529932279549470 ) ) ;
#854 = DIRECTION ( 'NONE',  ( 4.930380657631323784E-32, 1.000000000000000000, 3.061616997868382155E-16 ) ) ;
#855 = EDGE_CURVE ( 'NONE', #3562, #344, #1452, .T. ) ;
#856 = ORIENTED_EDGE ( 'NONE', *, *, #1475, .F. ) ;
#857 = DIRECTION ( 'NONE',  ( -0.000000000000000000, 1.000000000000000000, 3.061616997868383141E-16 ) ) ;
#858 = ORIENTED_EDGE ( 'NONE', *, *, #606, .T. ) ;
#859 = CYLINDRICAL_SURFACE ( 'NONE', #7332, 0.2500000000000002220 ) ;
#860 = CARTESIAN_POINT ( 'NONE',  ( 14.57111852952460218, 51.20000000000000995, 15.80925377108434482 ) ) ;
#861 = ORIENTED_EDGE ( 'NONE', *, *, #599, .F. ) ;
#862 = EDGE_CURVE ( 'NONE', #10274, #1651, #7448, .T. ) ;
#863 = CARTESIAN_POINT ( 'NONE',  ( 0.000000000000000000, 45.20000000000000995, -9.220454712679835547E-15 ) ) ;
#864 = ORIENTED_EDGE ( 'NONE', *, *, #7489, .F. ) ;
#865 = CARTESIAN_POINT ( 'NONE',  ( 0.000000000000000000, 51.20000000000000995, -7.383484513958806747E-15 ) ) ;
#866 = ORIENTED_EDGE ( 'NONE', *, *, #9438, .T. ) ;
#867 = FACE_OUTER_BOUND ( 'NONE', #5835, .T. ) ;
#868 = ORIENTED_EDGE ( 'NONE', *, *, #6735, .F. ) ;
#869 = ORIENTED_EDGE ( 'NONE', *, *, #7346, .T. ) ;
#870 = ORIENTED_EDGE ( 'NONE', *, *, #2736, .T. ) ;
#871 = LINE ( 'NONE', #7887, #6411 ) ;
#872 = ORIENTED_EDGE ( 'NONE', *, *, #3451, .T. ) ;
#873 = LINE ( 'NONE', #4468, #1555 ) ;
#874 = EDGE_CURVE ( 'NONE', #1392, #6811, #831, .T. ) ;
#875 = AXIS2_PLACEMENT_3D ( 'NONE', #6033, #9501, #5967 ) ;
#876 = VECTOR ( 'NONE', #7588, 1000.000000000000000 ) ;
#877 = ORIENTED_EDGE ( 'NONE', *, *, #6848, .T. ) ;
#878 = FACE_OUTER_BOUND ( 'NONE', #10144, .T. ) ;
#879 = DIRECTION ( 'NONE',  ( 0.000000000000000000, -3.227392513445222318E-16, 1.000000000000000000 ) ) ;
#880 = DIRECTION ( 'NONE',  ( 0.000000000000000000, 0.000000000000000000, 1.000000000000000000 ) ) ;
#881 = EDGE_CURVE ( 'NONE', #7171, #371, #8031, .T. ) ;
#882 = ORIENTED_EDGE ( 'NONE', *, *, #4168, .F. ) ;
#883 = ORIENTED_EDGE ( 'NONE', *, *, #1159, .F. ) ;
#884 = AXIS2_PLACEMENT_3D ( 'NONE', #8258, #4723, #3958 ) ;
#886 = CIRCLE ( 'NONE', #4276, 0.2500000000000002220 ) ;
#885 = CARTESIAN_POINT ( 'NONE',  ( 0.000000000000000000, 87.50000000000001421, 3.730185188303422936E-15 ) ) ;
#887 = DIRECTION ( 'NONE',  ( -9.860761315262647568E-32, 1.000000000000000000, 3.061616997868381662E-16 ) ) ;
#888 = ORIENTED_EDGE ( 'NONE', *, *, #6984, .F. ) ;
#889 = DIRECTION ( 'NONE',  ( 0.000000000000000000, 0.000000000000000000, 1.000000000000000000 ) ) ;
#890 = ORIENTED_EDGE ( 'NONE', *, *, #7437, .F. ) ;
#891 = CIRCLE ( 'NONE', #5028, 0.2500000000000002220 ) ;
#892 = CARTESIAN_POINT ( 'NONE',  ( -3.610031534565564471, 51.19999999999999574, -21.19475577399849442 ) ) ;
#893 = LINE ( 'NONE', #3721, #332 ) ;
#894 = AXIS2_PLACEMENT_3D ( 'NONE', #4279, #6869, #8763 ) ;
#895 = DIRECTION ( 'NONE',  ( 0.000000000000000000, 0.000000000000000000, -1.000000000000000000 ) ) ;
#896 = AXIS2_PLACEMENT_3D ( 'NONE', #11023, #10128, #2057 ) ;
#897 = ADVANCED_FACE ( 'NONE', ( #4762 ), #8537, .T. ) ;
#898 = CARTESIAN_POINT ( 'NONE',  ( -16.70863817132498141, 51.19999999999999574, -13.28038840757134231 ) ) ;
#899 = CIRCLE ( 'NONE', #5412, 21.50000000000001066 ) ;
#900 = ORIENTED_EDGE ( 'NONE', *, *, #9197, .T. ) ;
#901 = CARTESIAN_POINT ( 'NONE',  ( 20.07197916968979001, -80.41022924428168039, -7.704910915224060020 ) ) ;
#902 = DIRECTION ( 'NONE',  ( -0.000000000000000000, 1.000000000000000000, 3.061616997868383141E-16 ) ) ;
#903 = DIRECTION ( 'NONE',  ( -9.244463733058733463E-33, 1.000000000000000000, 3.061616997868380676E-16 ) ) ;
#904 = DIRECTION ( 'NONE',  ( 0.000000000000000000, 0.000000000000000000, 1.000000000000000000 ) ) ;
#905 = ORIENTED_EDGE ( 'NONE', *, *, #8560, .F. ) ;
#906 = DIRECTION ( 'NONE',  ( 0.000000000000000000, -1.000000000000000000, -3.061616997868383141E-16 ) ) ;
#907 = AXIS2_PLACEMENT_3D ( 'NONE', #9824, #4363, #42 ) ;
#908 = AXIS2_PLACEMENT_3D ( 'NONE', #7490, #3131, #8620 ) ;
#909 = CARTESIAN_POINT ( 'NONE',  ( 0.000000000000000000, 87.50000000000001421, 3.730185188303422936E-15 ) ) ;
#910 = AXIS2_PLACEMENT_3D ( 'NONE', #434, #2264, #7498 ) ;
#911 = CARTESIAN_POINT ( 'NONE',  ( -19.64122733931598574, -80.41022924428168039, -8.494837826129547409 ) ) ;
#912 = EDGE_CURVE ( 'NONE', #3562, #7048, #4941, .T. ) ;
#913 = AXIS2_PLACEMENT_3D ( 'NONE', #11685, #1013, #8198 ) ;
#914 = ORIENTED_EDGE ( 'NONE', *, *, #3412, .F. ) ;
#915 = CARTESIAN_POINT ( 'NONE',  ( -20.07197916968989659, -80.41022924428168039, -7.704910915223790013 ) ) ;
#916 = EDGE_LOOP ( 'NONE', ( #11040, #10472, #2442, #3989 ) ) ;
#917 = DIRECTION ( 'NONE',  ( -0.000000000000000000, 1.000000000000000000, 3.061616997868383141E-16 ) ) ;
#918 = CARTESIAN_POINT ( 'NONE',  ( -8.744837826129456815, 45.20000000000000284, 19.64122733931603548 ) ) ;
#919 = ORIENTED_EDGE ( 'NONE', *, *, #862, .T. ) ;
#920 = EDGE_CURVE ( 'NONE', #3813, #5911, #2106, .T. ) ;
#921 = DIRECTION ( 'NONE',  ( 0.000000000000000000, 0.000000000000000000, 1.000000000000000000 ) ) ;
#922 = ORIENTED_EDGE ( 'NONE', *, *, #6225, .F. ) ;
#923 = ORIENTED_EDGE ( 'NONE', *, *, #8385, .F. ) ;
#924 = DIRECTION ( 'NONE',  ( 0.000000000000000000, -1.000000000000000000, -3.061616997868383141E-16 ) ) ;
#925 = ORIENTED_EDGE ( 'NONE', *, *, #7182, .T. ) ;
#926 = CLOSED_SHELL ( 'NONE', ( #184, #6057, #9474, #4645, #2203, #3539, #1677, #3124, #11334, #3133, #7104, #1858, #3690, #2332, #8929, #8585, #546, #11662, #4314, #8771, #4843, #10529, #10750, #2153, #1439, #2102, #5181, #262, #1990, #372, #3583, #2341, #8575, #6755, #6177, #10116, #5869, #7458, #11258, #4482, #6157, #11561, #5056, #7092, #1032, #6046, #9122, #5418, #9895, #6546, #841, #11619, #3298, #4886, #8920, #9969, #2318, #6286, #2803, #1455, #8169, #1717, #6695, #11244, #3234, #6554, #6756, #2437, #99, #428, #4779, #7932, #7533, #9879, #5183, #4903, #1315, #7929, #6878, #5366, #7093, #1048, #6632, #7907, #6029, #653, #9808, #6774, #10599, #4593, #4348, #3050, #2397, #1084, #2834, #1560, #4480, #4520, #8462, #8878, #9291, #10359, #10695, #1151, #7040, #11413, #1349, #2530, #3803, #6813, #8436, #8649, #897, #495, #7928, #2636, #11012, #1229, #3769, #9040, #4985, #5123, #10548, #3696, #10795, #11371, #7995, #3173, #10083, #1396, #2029, #7587, #10892, #3038, #6515, #7869, #1277, #2775, #8942, #10024, #9269, #10875, #3932, #8326, #11050, #11605, #9061, #1397, #2878, #9661, #8711, #7689, #7625, #3962, #7122, #6296, #10466, #3854, #11647, #10347, #6054, #8544, #4617, #9146, #3112, #5676, #8952, #2970, #10485, #6134, #2747, #10007, #7579, #11297, #10639, #1025, #11213, #3843, #5821, #11515, #7253, #6921, #9803, #3481, #6527, #7771, #3458, #3905, #7578, #568, #10370, #6273, #8298, #2733, #5622, #278, #4177, #7063, #4813, #4251, #6167, #7078, #10618, #196, #468, #2818, #2370, #8340, #6233, #2065, #8699, #6330, #9861, #11108, #1496, #8901, #8468, #4732, #8040, #2701, #3530, #5439, #1708, #7259, #8852, #6256, #9657, #11582, #8960, #8204, #5962, #8082, #2741, #10772, #10008, #2541, #3824, #5199, #6553, #6424, #5702, #5555, #3798, #3935, #7185, #7687, #7238, #128, #510, #4768, #3649, #7438, #9205, #8229, #11481, #279, #11486, #9890, #5756, #6023, #10298, #9257, #8937, #2151, #10270, #1925, #1148, #1211, #2559, #6739, #3403, #10688, #4149, #741, #3514, #5073, #7290, #8419, #2188, #4613, #10667, #1547, #5346, #8720, #11401, #6044, #10905, #3290, #8347, #8762, #8879, #2715, #444, #8791, #2996, #1303, #236, #10058, #4667, #8435, #7507, #8265, #10220, #8277, #3073, #8329, #8014, #11216, #4267, #7775, #1352, #1382, #6449, #8745, #11548, #9009, #5282, #3838, #7168, #9739, #11129, #246, #355, #10146, #3919, #7070, #5843, #2898, #4831, #2678, #6775, #630, #4719, #612, #3574, #6682, #3506, #9722, #9223, #5345, #3757, #2783, #5883, #8497, #6937, #3252 ) ) ;
#927 = CARTESIAN_POINT ( 'NONE',  ( 0.000000000000000000, 51.20000000000000995, -7.383484513958806747E-15 ) ) ;
#928 = VERTEX_POINT ( 'NONE', #9408 ) ;
#929 = EDGE_LOOP ( 'NONE', ( #8472, #9876, #2350, #10783 ) ) ;
#930 = LINE ( 'NONE', #9875, #7350 ) ;
#931 = ORIENTED_EDGE ( 'NONE', *, *, #10126, .T. ) ;
#932 = DIRECTION ( 'NONE',  ( 3.697785493223493385E-32, 1.000000000000000000, 3.061616997868381662E-16 ) ) ;
#933 = CARTESIAN_POINT ( 'NONE',  ( -3.610031534565135036, 45.20000000000000284, 21.19475577399856547 ) ) ;
#934 = CONICAL_SURFACE ( 'NONE', #9592, 18.19686085958248967, 0.2094395102393160901 ) ;
#935 = CIRCLE ( 'NONE', #11097, 0.2500000000000002220 ) ;
#936 = ORIENTED_EDGE ( 'NONE', *, *, #6679, .T. ) ;
#937 = CARTESIAN_POINT ( 'NONE',  ( -21.49999999999998934, -80.41022924428168039, 2.005820138897033291E-13 ) ) ;
#938 = CARTESIAN_POINT ( 'NONE',  ( -21.38222075041788628, 45.19999999999998863, -2.247361960254323332 ) ) ;
#939 = DIRECTION ( 'NONE',  ( 0.000000000000000000, -0.9781476007338062439, -0.2079116908177562895 ) ) ;
#940 = EDGE_CURVE ( 'NONE', #4493, #3044, #265, .T. ) ;
#941 = CIRCLE ( 'NONE', #5451, 0.2500000000000002220 ) ;
#942 = EDGE_CURVE ( 'NONE', #467, #7575, #2942, .T. ) ;
#943 = ORIENTED_EDGE ( 'NONE', *, *, #10923, .F. ) ;
#944 = ORIENTED_EDGE ( 'NONE', *, *, #1875, .F. ) ;
#945 = AXIS2_PLACEMENT_3D ( 'NONE', #9105, #7322, #6606 ) ;
#946 = CARTESIAN_POINT ( 'NONE',  ( 0.000000000000000000, 51.19999999999999574, 21.50000000000000355 ) ) ;
#947 = VECTOR ( 'NONE', #4199, 1000.000000000000000 ) ;
#948 = FACE_OUTER_BOUND ( 'NONE', #8768, .T. ) ;
#949 = ORIENTED_EDGE ( 'NONE', *, *, #8096, .T. ) ;
#950 = EDGE_CURVE ( 'NONE', #2240, #6478, #7405, .T. ) ;
#951 = DIRECTION ( 'NONE',  ( 0.000000000000000000, 0.000000000000000000, 1.000000000000000000 ) ) ;
#952 = CARTESIAN_POINT ( 'NONE',  ( 14.38630803671536462, 45.19999999999998863, -15.72761374776402654 ) ) ;
#953 = CARTESIAN_POINT ( 'NONE',  ( -17.24574565275901250, 45.19999999999998863, -12.83877941551860857 ) ) ;
#954 = VECTOR ( 'NONE', #9683, 1000.000000000000000 ) ;
#955 = CIRCLE ( 'NONE', #2646, 0.2500000000000002220 ) ;
#956 = CIRCLE ( 'NONE', #7528, 0.2500000000000002220 ) ;
#957 = FACE_OUTER_BOUND ( 'NONE', #5926, .T. ) ;
#958 = EDGE_CURVE ( 'NONE', #10079, #5733, #9346, .T. ) ;
#959 = ORIENTED_EDGE ( 'NONE', *, *, #9508, .T. ) ;
#960 = CARTESIAN_POINT ( 'NONE',  ( -17.89404075541382966, 51.19999999999999574, -11.91861172467619667 ) ) ;
#961 = LINE ( 'NONE', #114, #3766 ) ;
#962 = DIRECTION ( 'NONE',  ( 0.000000000000000000, 0.000000000000000000, 1.000000000000000000 ) ) ;
#963 = CARTESIAN_POINT ( 'NONE',  ( 20.70129763556872149, -80.41022924428168039, 5.805710654484595779 ) ) ;
#964 = ORIENTED_EDGE ( 'NONE', *, *, #3907, .F. ) ;
#965 = CARTESIAN_POINT ( 'NONE',  ( 0.000000000000000000, 87.50000000000001421, 16.01785065697084320 ) ) ;
#966 = AXIS2_PLACEMENT_3D ( 'NONE', #40, #3826, #10888 ) ;
#967 = DIRECTION ( 'NONE',  ( 0.000000000000000000, 0.000000000000000000, 1.000000000000000000 ) ) ;
#968 = FACE_OUTER_BOUND ( 'NONE', #3939, .T. ) ;
#969 = EDGE_CURVE ( 'NONE', #7956, #3648, #3329, .T. ) ;
#970 = DIRECTION ( 'NONE',  ( -0.000000000000000000, 1.000000000000000000, 3.061616997868383141E-16 ) ) ;
#971 = CIRCLE ( 'NONE', #7548, 21.50000000000000000 ) ;
#972 = VERTEX_POINT ( 'NONE', #11014 ) ;
#973 = CARTESIAN_POINT ( 'NONE',  ( -3.363340998365109691, 45.19999999999998863, -21.23529932279540944 ) ) ;
#974 = ORIENTED_EDGE ( 'NONE', *, *, #11204, .T. ) ;
#975 = CIRCLE ( 'NONE', #8136, 0.2500000000000002220 ) ;
#976 = CARTESIAN_POINT ( 'NONE',  ( -1.998583757652287574, -80.41022924428169460, 21.40690689856072737 ) ) ;
#977 = DIRECTION ( 'NONE',  ( -0.000000000000000000, 1.000000000000000000, 3.061616997868383141E-16 ) ) ;
#978 = ORIENTED_EDGE ( 'NONE', *, *, #980, .F. ) ;
#979 = CIRCLE ( 'NONE', #3012, 0.2500000000000002220 ) ;
#980 = EDGE_CURVE ( 'NONE', #137, #5859, #10119, .T. ) ;
#981 = DIRECTION ( 'NONE',  ( 0.000000000000000000, 0.000000000000000000, -1.000000000000000000 ) ) ;
#982 = VERTEX_POINT ( 'NONE', #6465 ) ;
#983 = DIRECTION ( 'NONE',  ( 0.000000000000000000, -2.907839272495698900E-16, 1.000000000000000000 ) ) ;
#984 = AXIS2_PLACEMENT_3D ( 'NONE', #2811, #9872, #1805 ) ;
#985 = ORIENTED_EDGE ( 'NONE', *, *, #1380, .F. ) ;
#986 = DIRECTION ( 'NONE',  ( 0.000000000000000000, -3.227392513445220839E-16, 1.000000000000000000 ) ) ;
#987 = VERTEX_POINT ( 'NONE', #2046 ) ;
#988 = EDGE_CURVE ( 'NONE', #4114, #4502, #5641, .T. ) ;
#989 = CIRCLE ( 'NONE', #4940, 0.2500000000000002220 ) ;
#990 = DIRECTION ( 'NONE',  ( -0.000000000000000000, 1.000000000000000000, 3.061616997868383141E-16 ) ) ;
#991 = ORIENTED_EDGE ( 'NONE', *, *, #6735, .T. ) ;
#992 = ORIENTED_EDGE ( 'NONE', *, *, #2100, .T. ) ;
#993 = CIRCLE ( 'NONE', #1154, 21.50000000000000000 ) ;
#994 = DIRECTION ( 'NONE',  ( 0.000000000000000000, 0.000000000000000000, 1.000000000000000000 ) ) ;
#995 = ORIENTED_EDGE ( 'NONE', *, *, #4365, .F. ) ;
#996 = CARTESIAN_POINT ( 'NONE',  ( -20.44771510034585660, 45.19999999999998863, -6.643865379061155707 ) ) ;
#997 = AXIS2_PLACEMENT_3D ( 'NONE', #11277, #3194, #6785 ) ;
#998 = VERTEX_POINT ( 'NONE', #5698 ) ;
#999 = DIRECTION ( 'NONE',  ( -0.000000000000000000, 1.000000000000000000, 3.061616997868383141E-16 ) ) ;
#1000 = EDGE_CURVE ( 'NONE', #10411, #2699, #7522, .T. ) ;
#1001 = DIRECTION ( 'NONE',  ( 7.395570986446986770E-32, 1.000000000000000000, 3.061616997868381169E-16 ) ) ;
#1002 = DIRECTION ( 'NONE',  ( -0.000000000000000000, 1.000000000000000000, 3.061616997868383141E-16 ) ) ;
#1003 = ORIENTED_EDGE ( 'NONE', *, *, #7787, .F. ) ;
#1004 = ORIENTED_EDGE ( 'NONE', *, *, #9942, .T. ) ;
#1005 = CARTESIAN_POINT ( 'NONE',  ( 9.537388008203910417, -80.41022924428168039, -19.26884090911979186 ) ) ;
#1006 = AXIS2_PLACEMENT_3D ( 'NONE', #3972, #4790, #5618 ) ;
#1007 = CARTESIAN_POINT ( 'NONE',  ( -13.72375690439574925, -80.41022924428169460, 16.55018116000694306 ) ) ;
#1008 = EDGE_LOOP ( 'NONE', ( #5264, #4854, #10865, #1283 ) ) ;
#1009 = DIRECTION ( 'NONE',  ( 0.000000000000000000, -1.000000000000000000, -3.061616997868383141E-16 ) ) ;
#1010 = FACE_OUTER_BOUND ( 'NONE', #207, .T. ) ;
#1011 = EDGE_CURVE ( 'NONE', #9991, #5508, #3053, .T. ) ;
#1012 = EDGE_CURVE ( 'NONE', #6675, #11590, #6573, .T. ) ;
#1013 = DIRECTION ( 'NONE',  ( -0.000000000000000000, 1.000000000000000000, 3.061616997868383141E-16 ) ) ;
#1014 = DIRECTION ( 'NONE',  ( -9.860761315262647568E-32, 1.000000000000000000, 3.061616997868382155E-16 ) ) ;
#1015 = EDGE_CURVE ( 'NONE', #5577, #8123, #10800, .T. ) ;
#1016 = DIRECTION ( 'NONE',  ( -4.930380657631323784E-32, 1.000000000000000000, 3.061616997868382648E-16 ) ) ;
#1017 = ORIENTED_EDGE ( 'NONE', *, *, #8886, .F. ) ;
#1018 = DIRECTION ( 'NONE',  ( 0.000000000000000000, 0.000000000000000000, -1.000000000000000000 ) ) ;
#1019 = CARTESIAN_POINT ( 'NONE',  ( 0.000000000000000000, 51.20000000000000995, -7.383484513958806747E-15 ) ) ;
#1020 = FACE_OUTER_BOUND ( 'NONE', #852, .T. ) ;
#1021 = DIRECTION ( 'NONE',  ( 0.000000000000000000, -3.227392513445220839E-16, 1.000000000000000000 ) ) ;
#1022 = ORIENTED_EDGE ( 'NONE', *, *, #2887, .F. ) ;
#1023 = CARTESIAN_POINT ( 'NONE',  ( -21.08072873382968737, 51.19999999999999574, -4.225266388133103845 ) ) ;
#1024 = CARTESIAN_POINT ( 'NONE',  ( 14.57111852952452757, 45.19999999999998863, -15.80925377108444785 ) ) ;
#1025 = ADVANCED_FACE ( 'NONE', ( #453 ), #6687, .T. ) ;
#1026 = EDGE_CURVE ( 'NONE', #4459, #1617, #4220, .T. ) ;
#1027 = DIRECTION ( 'NONE',  ( -9.860761315262647568E-32, 1.000000000000000000, 3.061616997868382648E-16 ) ) ;
#1028 = CARTESIAN_POINT ( 'NONE',  ( 0.000000000000000000, 45.20000000000000995, -9.220454712679835547E-15 ) ) ;
#1029 = ORIENTED_EDGE ( 'NONE', *, *, #4709, .F. ) ;
#1030 = CARTESIAN_POINT ( 'NONE',  ( -18.03141721082671367, 51.19999999999999574, -11.45973925282289763 ) ) ;
#1031 = EDGE_LOOP ( 'NONE', ( #5773, #6049, #294, #3699 ) ) ;
#1032 = ADVANCED_FACE ( 'NONE', ( #329 ), #2158, .F. ) ;
#1033 = CYLINDRICAL_SURFACE ( 'NONE', #7348, 21.50000000000000355 ) ;
#1034 = DIRECTION ( 'NONE',  ( 0.000000000000000000, 0.000000000000000000, 1.000000000000000000 ) ) ;
#1035 = VERTEX_POINT ( 'NONE', #10293 ) ;
#1036 = FACE_OUTER_BOUND ( 'NONE', #11599, .T. ) ;
#1037 = DIRECTION ( 'NONE',  ( 0.000000000000000000, -1.000000000000000000, -3.061616997868383141E-16 ) ) ;
#1038 = ORIENTED_EDGE ( 'NONE', *, *, #7614, .F. ) ;
#1039 = EDGE_CURVE ( 'NONE', #9406, #6274, #6643, .T. ) ;
#1040 = CYLINDRICAL_SURFACE ( 'NONE', #5771, 21.50000000000000355 ) ;
#1041 = ORIENTED_EDGE ( 'NONE', *, *, #7428, .F. ) ;
#1042 = CARTESIAN_POINT ( 'NONE',  ( -10.74999999999975486, 51.20000000000000995, 18.61954618136557471 ) ) ;
#1043 = ORIENTED_EDGE ( 'NONE', *, *, #6463, .F. ) ;
#1044 = FACE_OUTER_BOUND ( 'NONE', #4445, .T. ) ;
#1045 = VERTEX_POINT ( 'NONE', #11248 ) ;
#1046 = FACE_OUTER_BOUND ( 'NONE', #2725, .T. ) ;
#1047 = FACE_OUTER_BOUND ( 'NONE', #3319, .T. ) ;
#1048 = ADVANCED_FACE ( 'NONE', ( #4116 ), #6823, .T. ) ;
#1049 = ORIENTED_EDGE ( 'NONE', *, *, #2995, .F. ) ;
#1050 = FACE_OUTER_BOUND ( 'NONE', #10056, .T. ) ;
#1051 = DIRECTION ( 'NONE',  ( -0.000000000000000000, 1.000000000000000000, 3.061616997868383141E-16 ) ) ;
#1052 = CARTESIAN_POINT ( 'NONE',  ( -17.53963331177575569, 45.19999999999998863, -12.43427775499828414 ) ) ;
#1053 = EDGE_LOOP ( 'NONE', ( #8643, #1214, #3891, #2579 ) ) ;
#1054 = ORIENTED_EDGE ( 'NONE', *, *, #8974, .T. ) ;
#1055 = CARTESIAN_POINT ( 'NONE',  ( -21.47053499722331793, -80.41022924428168039, 1.125223059223498634 ) ) ;
#1056 = EDGE_LOOP ( 'NONE', ( #3682, #9354, #9349, #10426 ) ) ;
#1057 = CARTESIAN_POINT ( 'NONE',  ( -5.564609469703916567, 45.20000000000000284, 20.76740526521504293 ) ) ;
#1058 = AXIS2_PLACEMENT_3D ( 'NONE', #4474, #5471, #7404 ) ;
#1059 = CYLINDRICAL_SURFACE ( 'NONE', #10513, 21.50000000000000355 ) ;
#1060 = DIRECTION ( 'NONE',  ( 0.000000000000000000, 0.000000000000000000, 1.000000000000000000 ) ) ;
#1061 = DIRECTION ( 'NONE',  ( 9.860761315262647568E-32, 1.000000000000000000, 3.061616997868381662E-16 ) ) ;
#1062 = EDGE_CURVE ( 'NONE', #367, #4295, #9286, .T. ) ;
#1063 = AXIS2_PLACEMENT_3D ( 'NONE', #7801, #6795, #10450 ) ;
#1064 = VERTEX_POINT ( 'NONE', #5997 ) ;
#1065 = DIRECTION ( 'NONE',  ( 0.000000000000000000, -3.227392513445220839E-16, 1.000000000000000000 ) ) ;
#1066 = DIRECTION ( 'NONE',  ( 0.000000000000000000, 0.000000000000000000, -1.000000000000000000 ) ) ;
#1067 = EDGE_CURVE ( 'NONE', #3095, #3648, #6271, .T. ) ;
#1068 = DIRECTION ( 'NONE',  ( -0.000000000000000000, 1.000000000000000000, 3.061616997868383141E-16 ) ) ;
#1069 = CYLINDRICAL_SURFACE ( 'NONE', #3043, 0.2500000000000002220 ) ;
#1070 = CIRCLE ( 'NONE', #4838, 21.50000000000000000 ) ;
#1071 = ORIENTED_EDGE ( 'NONE', *, *, #3609, .F. ) ;
#1072 = CARTESIAN_POINT ( 'NONE',  ( 0.000000000000000000, 45.20000000000000995, -9.220454712679835547E-15 ) ) ;
#1073 = CARTESIAN_POINT ( 'NONE',  ( 0.000000000000000000, 77.00000000000000000, 2.357445088358655073E-14 ) ) ;
#1074 = AXIS2_PLACEMENT_3D ( 'NONE', #5948, #4961, #6841 ) ;
#1075 = AXIS2_PLACEMENT_3D ( 'NONE', #1532, #9651, #5118 ) ;
#1076 = CYLINDRICAL_SURFACE ( 'NONE', #2596, 0.2500000000000002220 ) ;
#1077 = AXIS2_PLACEMENT_3D ( 'NONE', #7600, #11200, #6701 ) ;
#1078 = VECTOR ( 'NONE', #10335, 1000.000000000000000 ) ;
#1079 = DIRECTION ( 'NONE',  ( 0.000000000000000000, -3.227392513445222318E-16, 1.000000000000000000 ) ) ;
#1080 = ORIENTED_EDGE ( 'NONE', *, *, #7407, .F. ) ;
#1081 = LINE ( 'NONE', #8438, #6207 ) ;
#1082 = ORIENTED_EDGE ( 'NONE', *, *, #7787, .T. ) ;
#1083 = AXIS2_PLACEMENT_3D ( 'NONE', #5833, #9431, #6780 ) ;
#1084 = ADVANCED_FACE ( 'NONE', ( #3169 ), #1414, .T. ) ;
#1085 = EDGE_CURVE ( 'NONE', #7088, #9490, #7878, .T. ) ;
#1086 = VECTOR ( 'NONE', #8039, 1000.000000000000000 ) ;
#1087 = DIRECTION ( 'NONE',  ( 0.000000000000000000, -3.227392513445220839E-16, 1.000000000000000000 ) ) ;
#1088 = CARTESIAN_POINT ( 'NONE',  ( -19.15664027004999070, 51.19999999999999574, -9.510795744400050822 ) ) ;
#1089 = AXIS2_PLACEMENT_3D ( 'NONE', #1835, #5427, #4714 ) ;
#1090 = CYLINDRICAL_SURFACE ( 'NONE', #325, 0.2500000000000002220 ) ;
#1091 = ORIENTED_EDGE ( 'NONE', *, *, #969, .F. ) ;
#1092 = AXIS2_PLACEMENT_3D ( 'NONE', #9862, #10871, #5388 ) ;
#1093 = AXIS2_PLACEMENT_3D ( 'NONE', #11491, #10538, #10424 ) ;
#1094 = FACE_OUTER_BOUND ( 'NONE', #6278, .T. ) ;
#1095 = CIRCLE ( 'NONE', #2606, 0.2500000000000002220 ) ;
#1096 = ORIENTED_EDGE ( 'NONE', *, *, #1987, .T. ) ;
#1097 = FACE_OUTER_BOUND ( 'NONE', #4449, .T. ) ;
#1098 = VECTOR ( 'NONE', #3457, 1000.000000000000000 ) ;
#1099 = ORIENTED_EDGE ( 'NONE', *, *, #445, .T. ) ;
#1100 = CARTESIAN_POINT ( 'NONE',  ( 0.000000000000000000, 87.50000000000001421, 3.730185188303422936E-15 ) ) ;
#1101 = ORIENTED_EDGE ( 'NONE', *, *, #5101, .F. ) ;
#1102 = EDGE_CURVE ( 'NONE', #9029, #1643, #3352, .T. ) ;
#1103 = FACE_OUTER_BOUND ( 'NONE', #424, .T. ) ;
#1104 = DIRECTION ( 'NONE',  ( -0.000000000000000000, 1.000000000000000000, 3.061616997868383141E-16 ) ) ;
#1105 = EDGE_LOOP ( 'NONE', ( #6854, #1239 ) ) ;
#1106 = DIRECTION ( 'NONE',  ( 0.000000000000000000, 0.000000000000000000, 1.000000000000000000 ) ) ;
#1107 = ORIENTED_EDGE ( 'NONE', *, *, #5220, .T. ) ;
#1108 = CYLINDRICAL_SURFACE ( 'NONE', #291, 0.2500000000000002220 ) ;
#1109 = DIRECTION ( 'NONE',  ( 9.860761315262647568E-32, 1.000000000000000000, 3.061616997868382648E-16 ) ) ;
#1110 = DIRECTION ( 'NONE',  ( 0.000000000000000000, 0.000000000000000000, 1.000000000000000000 ) ) ;
#1111 = EDGE_LOOP ( 'NONE', ( #10011, #10640, #3776, #5121 ) ) ;
#1112 = ORIENTED_EDGE ( 'NONE', *, *, #6736, .T. ) ;
#1113 = CARTESIAN_POINT ( 'NONE',  ( -8.744837826129849390, -80.41022924428168039, -19.39122733931586851 ) ) ;
#1114 = ORIENTED_EDGE ( 'NONE', *, *, #10653, .T. ) ;
#1115 = DIRECTION ( 'NONE',  ( 0.000000000000000000, 0.000000000000000000, 1.000000000000000000 ) ) ;
#1116 = VECTOR ( 'NONE', #4849, 1000.000000000000000 ) ;
#1117 = DIRECTION ( 'NONE',  ( -0.000000000000000000, 1.000000000000000000, 3.061616997868383141E-16 ) ) ;
#1118 = AXIS2_PLACEMENT_3D ( 'NONE', #3867, #7511, #4693 ) ;
#1119 = EDGE_CURVE ( 'NONE', #10201, #681, #4860, .T. ) ;
#1120 = DIRECTION ( 'NONE',  ( -0.000000000000000000, 1.000000000000000000, 3.061616997868383141E-16 ) ) ;
#1121 = DIRECTION ( 'NONE',  ( 0.000000000000000000, 0.000000000000000000, 1.000000000000000000 ) ) ;
#1122 = CIRCLE ( 'NONE', #3767, 0.2500000000000002220 ) ;
#1123 = AXIS2_PLACEMENT_3D ( 'NONE', #5715, #284, #3897 ) ;
#1124 = VERTEX_POINT ( 'NONE', #10356 ) ;
#1125 = DIRECTION ( 'NONE',  ( -0.000000000000000000, 1.000000000000000000, 3.061616997868383141E-16 ) ) ;
#1126 = DIRECTION ( 'NONE',  ( 0.000000000000000000, 0.000000000000000000, 1.000000000000000000 ) ) ;
#1127 = EDGE_CURVE ( 'NONE', #3354, #9484, #11466, .T. ) ;
#1128 = DIRECTION ( 'NONE',  ( -0.000000000000000000, 1.000000000000000000, 3.061616997868383141E-16 ) ) ;
#1129 = DIRECTION ( 'NONE',  ( 0.000000000000000000, 0.000000000000000000, 1.000000000000000000 ) ) ;
#1130 = ORIENTED_EDGE ( 'NONE', *, *, #11115, .F. ) ;
#1131 = DIRECTION ( 'NONE',  ( 9.860761315262647568E-32, 1.000000000000000000, 3.061616997868381662E-16 ) ) ;
#1132 = DIRECTION ( 'NONE',  ( 0.000000000000000000, 0.000000000000000000, 1.000000000000000000 ) ) ;
#1133 = VECTOR ( 'NONE', #2323, 1000.000000000000000 ) ;
#1134 = AXIS2_PLACEMENT_3D ( 'NONE', #9099, #7209, #11640 ) ;
#1135 = AXIS2_PLACEMENT_3D ( 'NONE', #6760, #8541, #5935 ) ;
#1136 = CYLINDRICAL_SURFACE ( 'NONE', #9738, 21.50000000000000355 ) ;
#1137 = AXIS2_PLACEMENT_3D ( 'NONE', #8999, #6164, #759 ) ;
#1138 = AXIS2_PLACEMENT_3D ( 'NONE', #539, #3253, #2175 ) ;
#1139 = EDGE_CURVE ( 'NONE', #3813, #10131, #2222, .T. ) ;
#1140 = ORIENTED_EDGE ( 'NONE', *, *, #7875, .T. ) ;
#1141 = CARTESIAN_POINT ( 'NONE',  ( 13.53038840757140804, 45.19999999999998863, -16.70863817132492457 ) ) ;
#1142 = VERTEX_POINT ( 'NONE', #8718 ) ;
#1143 = CIRCLE ( 'NONE', #8681, 15.65000000000000036 ) ;
#1144 = DIRECTION ( 'NONE',  ( 0.000000000000000000, 0.000000000000000000, 1.000000000000000000 ) ) ;
#1145 = CIRCLE ( 'NONE', #2283, 0.2500000000000002220 ) ;
#1146 = CIRCLE ( 'NONE', #7735, 0.2500000000000002220 ) ;
#1147 = CARTESIAN_POINT ( 'NONE',  ( 0.000000000000000000, 87.50000000000001421, 3.730185188303422936E-15 ) ) ;
#1148 = ADVANCED_FACE ( 'NONE', ( #6940 ), #643, .F. ) ;
#1149 = CARTESIAN_POINT ( 'NONE',  ( -8.744837826129849390, 45.19999999999998863, -19.39122733931582943 ) ) ;
#1150 = ORIENTED_EDGE ( 'NONE', *, *, #10053, .F. ) ;
#1151 = ADVANCED_FACE ( 'NONE', ( #9470 ), #3414, .T. ) ;
#1152 = DIRECTION ( 'NONE',  ( -0.000000000000000000, 1.000000000000000000, 3.061616997868383141E-16 ) ) ;
#1153 = AXIS2_PLACEMENT_3D ( 'NONE', #7668, #6844, #10443 ) ;
#1154 = AXIS2_PLACEMENT_3D ( 'NONE', #1371, #4892, #5070 ) ;
#1155 = ORIENTED_EDGE ( 'NONE', *, *, #1812, .T. ) ;
#1156 = DIRECTION ( 'NONE',  ( -0.000000000000000000, 1.000000000000000000, 3.061616997868383141E-16 ) ) ;
#1157 = ORIENTED_EDGE ( 'NONE', *, *, #6531, .F. ) ;
#1158 = CARTESIAN_POINT ( 'NONE',  ( -19.15664027004999070, -80.41022924428168039, -9.510795744400091678 ) ) ;
#1159 = EDGE_CURVE ( 'NONE', #5735, #5357, #5794, .T. ) ;
#1160 = ORIENTED_EDGE ( 'NONE', *, *, #2317, .T. ) ;
#1161 = VECTOR ( 'NONE', #10572, 1000.000000000000000 ) ;
#1162 = CARTESIAN_POINT ( 'NONE',  ( 0.000000000000000000, 87.50000000000001421, 3.730185188303422936E-15 ) ) ;
#1163 = CIRCLE ( 'NONE', #4368, 21.50000000000001066 ) ;
#1164 = DIRECTION ( 'NONE',  ( 0.000000000000000000, 0.000000000000000000, 1.000000000000000000 ) ) ;
#1165 = ORIENTED_EDGE ( 'NONE', *, *, #7637, .T. ) ;
#1166 = CARTESIAN_POINT ( 'NONE',  ( 0.000000000000000000, 87.50000000000001421, 3.730185188303422936E-15 ) ) ;
#1167 = AXIS2_PLACEMENT_3D ( 'NONE', #3135, #480, #423 ) ;
#1168 = DIRECTION ( 'NONE',  ( 0.000000000000000000, -1.000000000000000000, -3.061616997868383141E-16 ) ) ;
#1169 = EDGE_CURVE ( 'NONE', #6489, #10576, #6110, .T. ) ;
#1170 = EDGE_CURVE ( 'NONE', #2641, #9000, #5610, .T. ) ;
#1171 = CIRCLE ( 'NONE', #8707, 0.2500000000000002220 ) ;
#1172 = ORIENTED_EDGE ( 'NONE', *, *, #6948, .F. ) ;
#1173 = CARTESIAN_POINT ( 'NONE',  ( 2.231726574532832138E-15, 75.00000000000000000, 18.19686085958248967 ) ) ;
#1174 = CIRCLE ( 'NONE', #5317, 0.2500000000000002220 ) ;
#1175 = DIRECTION ( 'NONE',  ( -0.000000000000000000, 1.000000000000000000, 3.061616997868383141E-16 ) ) ;
#1176 = DIRECTION ( 'NONE',  ( 0.000000000000000000, -1.000000000000000000, -3.061616997868383141E-16 ) ) ;
#1177 = VECTOR ( 'NONE', #8919, 1000.000000000000000 ) ;
#1178 = ORIENTED_EDGE ( 'NONE', *, *, #6187, .T. ) ;
#1179 = ORIENTED_EDGE ( 'NONE', *, *, #6558, .T. ) ;
#1180 = EDGE_CURVE ( 'NONE', #5266, #10708, #11314, .T. ) ;
#1181 = CARTESIAN_POINT ( 'NONE',  ( 19.15664027004985215, 51.19999999999999574, -9.760795744400319052 ) ) ;
#1182 = VERTEX_POINT ( 'NONE', #10475 ) ;
#1183 = FACE_OUTER_BOUND ( 'NONE', #1766, .T. ) ;
#1184 = CIRCLE ( 'NONE', #9085, 10.00000000000000000 ) ;
#1185 = DIRECTION ( 'NONE',  ( -0.000000000000000000, 1.000000000000000000, 3.061616997868383141E-16 ) ) ;
#1186 = CARTESIAN_POINT ( 'NONE',  ( 21.45599973288056006, 45.19999999999998863, 1.374800153705887373 ) ) ;
#1187 = CARTESIAN_POINT ( 'NONE',  ( 0.000000000000000000, 28.86506350946110189, -1.422158663453328212E-14 ) ) ;
#1188 = ORIENTED_EDGE ( 'NONE', *, *, #5999, .T. ) ;
#1189 = VECTOR ( 'NONE', #10732, 1000.000000000000000 ) ;
#1190 = VERTEX_POINT ( 'NONE', #9697 ) ;
#1191 = LINE ( 'NONE', #9202, #10959 ) ;
#1192 = FACE_OUTER_BOUND ( 'NONE', #7950, .T. ) ;
#1193 = EDGE_CURVE ( 'NONE', #9817, #10960, #9783, .T. ) ;
#1194 = DIRECTION ( 'NONE',  ( -0.000000000000000000, 1.000000000000000000, 3.061616997868383141E-16 ) ) ;
#1195 = FACE_OUTER_BOUND ( 'NONE', #8818, .T. ) ;
#1196 = ORIENTED_EDGE ( 'NONE', *, *, #9764, .T. ) ;
#1197 = CYLINDRICAL_SURFACE ( 'NONE', #190, 10.00000000000000000 ) ;
#1198 = EDGE_CURVE ( 'NONE', #2873, #2172, #3581, .T. ) ;
#1199 = CARTESIAN_POINT ( 'NONE',  ( 12.63738292428807419, 45.19999999999998863, -17.39386537906141328 ) ) ;
#1200 = CARTESIAN_POINT ( 'NONE',  ( -12.63738292428830867, -80.41022924428168039, -17.14386537906128183 ) ) ;
#1201 = AXIS2_PLACEMENT_3D ( 'NONE', #11427, #2347, #5058 ) ;
#1202 = EDGE_CURVE ( 'NONE', #2010, #5950, #8891, .T. ) ;
#1203 = ORIENTED_EDGE ( 'NONE', *, *, #818, .F. ) ;
#1204 = CARTESIAN_POINT ( 'NONE',  ( -19.15664027004999070, 51.19999999999999574, -9.760795744400050822 ) ) ;
#1205 = EDGE_LOOP ( 'NONE', ( #16, #3437, #9010, #4543 ) ) ;
#1206 = LINE ( 'NONE', #6550, #10218 ) ;
#1207 = ORIENTED_EDGE ( 'NONE', *, *, #3628, .F. ) ;
#1208 = FACE_OUTER_BOUND ( 'NONE', #5120, .T. ) ;
#1209 = CARTESIAN_POINT ( 'NONE',  ( 1.885956070686923411E-15, 80.00000000000000000, -15.39999999999999503 ) ) ;
#1210 = ORIENTED_EDGE ( 'NONE', *, *, #1528, .T. ) ;
#1211 = ADVANCED_FACE ( 'NONE', ( #867 ), #9059, .F. ) ;
#1212 = CARTESIAN_POINT ( 'NONE',  ( 11.70973925282297579, 51.19999999999999574, -17.78141721082665683 ) ) ;
#1213 = ORIENTED_EDGE ( 'NONE', *, *, #5915, .F. ) ;
#1214 = ORIENTED_EDGE ( 'NONE', *, *, #8285, .T. ) ;
#1215 = DIRECTION ( 'NONE',  ( 0.000000000000000000, -3.227392513445220839E-16, 1.000000000000000000 ) ) ;
#1216 = ORIENTED_EDGE ( 'NONE', *, *, #5189, .F. ) ;
#1217 = DIRECTION ( 'NONE',  ( -0.000000000000000000, 1.000000000000000000, 3.061616997868383141E-16 ) ) ;
#1218 = CARTESIAN_POINT ( 'NONE',  ( 21.49854651162789310, -80.41022924428168039, -0.2499957747074981196 ) ) ;
#1219 = EDGE_CURVE ( 'NONE', #1373, #3710, #8287, .T. ) ;
#1220 = DIRECTION ( 'NONE',  ( -0.000000000000000000, 1.000000000000000000, 3.061616997868383141E-16 ) ) ;
#1221 = ORIENTED_EDGE ( 'NONE', *, *, #11092, .T. ) ;
#1222 = DIRECTION ( 'NONE',  ( 0.000000000000000000, 0.000000000000000000, 1.000000000000000000 ) ) ;
#1223 = EDGE_LOOP ( 'NONE', ( #9476, #9172, #10704, #11250 ) ) ;
#1224 = DIRECTION ( 'NONE',  ( 0.000000000000000000, -3.227392513445222318E-16, 1.000000000000000000 ) ) ;
#1225 = DIRECTION ( 'NONE',  ( -0.000000000000000000, 1.000000000000000000, 3.061616997868383141E-16 ) ) ;
#1226 = CARTESIAN_POINT ( 'NONE',  ( 1.885956070686924989E-15, 87.50000000000001421, -15.40000000000000391 ) ) ;
#1227 = VERTEX_POINT ( 'NONE', #7948 ) ;
#1228 = EDGE_LOOP ( 'NONE', ( #7959, #9838, #7208, #3534 ) ) ;
#1229 = ADVANCED_FACE ( 'NONE', ( #5348 ), #11660, .T. ) ;
#1230 = FACE_OUTER_BOUND ( 'NONE', #1053, .T. ) ;
#1231 = EDGE_LOOP ( 'NONE', ( #8111, #10240, #6549, #1318 ) ) ;
#1232 = DIRECTION ( 'NONE',  ( 0.000000000000000000, 0.000000000000000000, 1.000000000000000000 ) ) ;
#1233 = LINE ( 'NONE', #1292, #5963 ) ;
#1234 = DIRECTION ( 'NONE',  ( 0.000000000000000000, 0.000000000000000000, -1.000000000000000000 ) ) ;
#1235 = EDGE_CURVE ( 'NONE', #10447, #11152, #1921, .T. ) ;
#1236 = CARTESIAN_POINT ( 'NONE',  ( 21.47053499722332504, 51.19999999999999574, -1.125223059223352529 ) ) ;
#1237 = ORIENTED_EDGE ( 'NONE', *, *, #6079, .T. ) ;
#1238 = ORIENTED_EDGE ( 'NONE', *, *, #4218, .F. ) ;
#1239 = ORIENTED_EDGE ( 'NONE', *, *, #8994, .F. ) ;
#1240 = DIRECTION ( 'NONE',  ( 0.000000000000000000, 0.000000000000000000, 1.000000000000000000 ) ) ;
#1241 = DIRECTION ( 'NONE',  ( -0.000000000000000000, 1.000000000000000000, 3.061616997868383141E-16 ) ) ;
#1242 = CARTESIAN_POINT ( 'NONE',  ( 0.000000000000000000, 45.20000000000000995, -9.220454712679835547E-15 ) ) ;
#1243 = DIRECTION ( 'NONE',  ( -0.000000000000000000, 1.000000000000000000, 3.061616997868383141E-16 ) ) ;
#1244 = ORIENTED_EDGE ( 'NONE', *, *, #11187, .F. ) ;
#1245 = CARTESIAN_POINT ( 'NONE',  ( -7.704910915224106205, 51.19999999999999574, -20.07197916968974738 ) ) ;
#1246 = DIRECTION ( 'NONE',  ( 0.000000000000000000, -1.000000000000000000, -3.061616997868383141E-16 ) ) ;
#1247 = CARTESIAN_POINT ( 'NONE',  ( -11.91861172467627839, -80.41022924428169460, 17.89404075541373018 ) ) ;
#1248 = CIRCLE ( 'NONE', #5013, 21.50000000000001066 ) ;
#1249 = VECTOR ( 'NONE', #5640, 1000.000000000000000 ) ;
#1250 = EDGE_LOOP ( 'NONE', ( #11324, #9427, #7603, #5461 ) ) ;
#1251 = DIRECTION ( 'NONE',  ( 0.000000000000000000, -1.000000000000000000, -3.061616997868383141E-16 ) ) ;
#1252 = CARTESIAN_POINT ( 'NONE',  ( 0.000000000000000000, 45.20000000000000995, -9.220454712679835547E-15 ) ) ;
#1253 = DIRECTION ( 'NONE',  ( 0.000000000000000000, -1.000000000000000000, -3.061616997868383141E-16 ) ) ;
#1254 = ORIENTED_EDGE ( 'NONE', *, *, #10852, .F. ) ;
#1255 = FACE_OUTER_BOUND ( 'NONE', #2739, .T. ) ;
#1256 = ORIENTED_EDGE ( 'NONE', *, *, #4510, .F. ) ;
#1257 = DIRECTION ( 'NONE',  ( 0.000000000000000000, 0.000000000000000000, 1.000000000000000000 ) ) ;
#1258 = AXIS2_PLACEMENT_3D ( 'NONE', #2845, #4780, #4609 ) ;
#1259 = VECTOR ( 'NONE', #11072, 1000.000000000000000 ) ;
#1260 = VERTEX_POINT ( 'NONE', #10770 ) ;
#1261 = EDGE_CURVE ( 'NONE', #1643, #542, #3986, .T. ) ;
#1262 = AXIS2_PLACEMENT_3D ( 'NONE', #9664, #6077, #533 ) ;
#1263 = AXIS2_PLACEMENT_3D ( 'NONE', #5626, #2206, #1457 ) ;
#1264 = VECTOR ( 'NONE', #6007, 1000.000000000000000 ) ;
#1265 = CARTESIAN_POINT ( 'NONE',  ( 0.000000000000000000, 45.20000000000000995, -9.220454712679835547E-15 ) ) ;
#1266 = CARTESIAN_POINT ( 'NONE',  ( -19.15664027004999070, 45.19999999999998863, -9.510795744400052598 ) ) ;
#1267 = CIRCLE ( 'NONE', #5597, 21.50000000000001066 ) ;
#1268 = ORIENTED_EDGE ( 'NONE', *, *, #4233, .F. ) ;
#1269 = AXIS2_PLACEMENT_3D ( 'NONE', #7379, #8102, #4730 ) ;
#1270 = CIRCLE ( 'NONE', #3904, 0.2500000000000002220 ) ;
#1271 = ORIENTED_EDGE ( 'NONE', *, *, #1956, .F. ) ;
#1272 = FACE_OUTER_BOUND ( 'NONE', #11221, .T. ) ;
#1273 = ORIENTED_EDGE ( 'NONE', *, *, #4123, .T. ) ;
#1274 = DIRECTION ( 'NONE',  ( 0.000000000000000000, -3.227392513445220839E-16, 1.000000000000000000 ) ) ;
#1275 = CIRCLE ( 'NONE', #5595, 21.50000000000001066 ) ;
#1276 = CARTESIAN_POINT ( 'NONE',  ( 0.000000000000000000, 87.50000000000001421, 3.730185188303422936E-15 ) ) ;
#1277 = ADVANCED_FACE ( 'NONE', ( #10709 ), #9870, .T. ) ;
#1278 = ORIENTED_EDGE ( 'NONE', *, *, #9161, .F. ) ;
#1279 = DIRECTION ( 'NONE',  ( 0.000000000000000000, -1.000000000000000000, -3.061616997868383141E-16 ) ) ;
#1280 = AXIS2_PLACEMENT_3D ( 'NONE', #9935, #4526, #704 ) ;
#1281 = AXIS2_PLACEMENT_3D ( 'NONE', #2073, #7028, #4429 ) ;
#1282 = AXIS2_PLACEMENT_3D ( 'NONE', #5620, #8444, #369 ) ;
#1283 = ORIENTED_EDGE ( 'NONE', *, *, #1590, .F. ) ;
#1284 = LINE ( 'NONE', #4810, #7840 ) ;
#1285 = DIRECTION ( 'NONE',  ( 0.000000000000000000, 0.000000000000000000, 1.000000000000000000 ) ) ;
#1286 = DIRECTION ( 'NONE',  ( 0.000000000000000000, 0.000000000000000000, 1.000000000000000000 ) ) ;
#1287 = EDGE_LOOP ( 'NONE', ( #10296, #9246, #2669, #8244 ) ) ;
#1288 = ORIENTED_EDGE ( 'NONE', *, *, #6469, .F. ) ;
#1289 = FACE_OUTER_BOUND ( 'NONE', #2751, .T. ) ;
#1290 = ORIENTED_EDGE ( 'NONE', *, *, #8685, .F. ) ;
#1291 = CARTESIAN_POINT ( 'NONE',  ( 0.000000000000000000, 75.00000000000000000, -9.683605903205802417E-17 ) ) ;
#1292 = CARTESIAN_POINT ( 'NONE',  ( -16.70863817132498141, -80.41022924428168039, -13.28038840757138139 ) ) ;
#1293 = EDGE_CURVE ( 'NONE', #2864, #7510, #4356, .T. ) ;
#1294 = ORIENTED_EDGE ( 'NONE', *, *, #4426, .T. ) ;
#1295 = EDGE_CURVE ( 'NONE', #1476, #819, #3795, .T. ) ;
#1296 = CARTESIAN_POINT ( 'NONE',  ( 0.000000000000000000, 80.00000000000000000, 10.00000000000002487 ) ) ;
#1297 = EDGE_CURVE ( 'NONE', #3405, #3546, #8872, .T. ) ;
#1298 = DIRECTION ( 'NONE',  ( 0.000000000000000000, 0.000000000000000000, 1.000000000000000000 ) ) ;
#1299 = DIRECTION ( 'NONE',  ( 0.000000000000000000, -3.061616997868383141E-16, 1.000000000000000000 ) ) ;
#1300 = ORIENTED_EDGE ( 'NONE', *, *, #9492, .F. ) ;
#1301 = VERTEX_POINT ( 'NONE', #9756 ) ;
#1302 = DIRECTION ( 'NONE',  ( 0.000000000000000000, 0.000000000000000000, 1.000000000000000000 ) ) ;
#1303 = ADVANCED_FACE ( 'NONE', ( #9928 ), #10823, .F. ) ;
#1304 = CARTESIAN_POINT ( 'NONE',  ( -3.363340998364683809, 45.20000000000000284, 21.23529932279550891 ) ) ;
#1305 = AXIS2_PLACEMENT_3D ( 'NONE', #9318, #5783, #4912 ) ;
#1306 = FACE_OUTER_BOUND ( 'NONE', #10602, .T. ) ;
#1307 = DIRECTION ( 'NONE',  ( 0.000000000000000000, 0.000000000000000000, 1.000000000000000000 ) ) ;
#1308 = ORIENTED_EDGE ( 'NONE', *, *, #9725, .F. ) ;
#1309 = CYLINDRICAL_SURFACE ( 'NONE', #11519, 0.2500000000000002220 ) ;
#1310 = CARTESIAN_POINT ( 'NONE',  ( 16.14381341971849082, 45.20000000000000284, 14.19955239679465819 ) ) ;
#1311 = CIRCLE ( 'NONE', #1118, 21.50000000000001066 ) ;
#1312 = CARTESIAN_POINT ( 'NONE',  ( -16.86483603740587611, 51.20000000000000995, 13.33519049100596376 ) ) ;
#1313 = CIRCLE ( 'NONE', #6016, 21.50000000000000000 ) ;
#1314 = VECTOR ( 'NONE', #8705, 1000.000000000000000 ) ;
#1315 = ADVANCED_FACE ( 'NONE', ( #6329 ), #9815, .T. ) ;
#1316 = EDGE_CURVE ( 'NONE', #7396, #9758, #5844, .T. ) ;
#1317 = CIRCLE ( 'NONE', #3408, 0.2500000000000002220 ) ;
#1318 = ORIENTED_EDGE ( 'NONE', *, *, #3979, .T. ) ;
#1319 = DIRECTION ( 'NONE',  ( 0.000000000000000000, 0.000000000000000000, 1.000000000000000000 ) ) ;
#1320 = CARTESIAN_POINT ( 'NONE',  ( 20.52358569366464280, -80.41022924428168039, -6.405656115871646072 ) ) ;
#1321 = CIRCLE ( 'NONE', #6766, 21.50000000000000000 ) ;
#1322 = CARTESIAN_POINT ( 'NONE',  ( 6.643865379061240972, -80.41022924428168039, -20.44771510034585660 ) ) ;
#1323 = ORIENTED_EDGE ( 'NONE', *, *, #1180, .F. ) ;
#1324 = DIRECTION ( 'NONE',  ( -0.000000000000000000, 1.000000000000000000, 3.061616997868383141E-16 ) ) ;
#1325 = ORIENTED_EDGE ( 'NONE', *, *, #512, .T. ) ;
#1326 = CIRCLE ( 'NONE', #2263, 21.50000000000001066 ) ;
#1327 = CARTESIAN_POINT ( 'NONE',  ( 0.000000000000000000, 87.50000000000001421, 3.730185188303422936E-15 ) ) ;
#1328 = ORIENTED_EDGE ( 'NONE', *, *, #7331, .F. ) ;
#1329 = EDGE_CURVE ( 'NONE', #6366, #6391, #4583, .T. ) ;
#1330 = DIRECTION ( 'NONE',  ( -0.000000000000000000, 1.000000000000000000, 3.061616997868383141E-16 ) ) ;
#1331 = DIRECTION ( 'NONE',  ( 0.000000000000000000, 0.000000000000000000, 1.000000000000000000 ) ) ;
#1332 = EDGE_LOOP ( 'NONE', ( #10737, #5361, #6648, #10941 ) ) ;
#1333 = CIRCLE ( 'NONE', #1556, 0.2500000000000002220 ) ;
#1334 = CIRCLE ( 'NONE', #5645, 21.50000000000001066 ) ;
#1335 = AXIS2_PLACEMENT_3D ( 'NONE', #5882, #10300, #8594 ) ;
#1336 = ORIENTED_EDGE ( 'NONE', *, *, #7891, .T. ) ;
#1337 = DIRECTION ( 'NONE',  ( 0.000000000000000000, 0.000000000000000000, -1.000000000000000000 ) ) ;
#1338 = ORIENTED_EDGE ( 'NONE', *, *, #2250, .F. ) ;
#1339 = DIRECTION ( 'NONE',  ( 0.000000000000000000, -3.227392513445222318E-16, 1.000000000000000000 ) ) ;
#1340 = DIRECTION ( 'NONE',  ( 0.000000000000000000, 0.000000000000000000, 1.000000000000000000 ) ) ;
#1341 = EDGE_CURVE ( 'NONE', #5894, #5786, #10882, .T. ) ;
#1342 = AXIS2_PLACEMENT_3D ( 'NONE', #3647, #820, #7224 ) ;
#1343 = ORIENTED_EDGE ( 'NONE', *, *, #5982, .F. ) ;
#1344 = DIRECTION ( 'NONE',  ( -0.000000000000000000, 1.000000000000000000, 3.061616997868383141E-16 ) ) ;
#1345 = EDGE_CURVE ( 'NONE', #3288, #8630, #5295, .T. ) ;
#1346 = AXIS2_PLACEMENT_3D ( 'NONE', #418, #10921, #5611 ) ;
#1347 = VECTOR ( 'NONE', #7118, 1000.000000000000000 ) ;
#1348 = DIRECTION ( 'NONE',  ( -0.000000000000000000, 1.000000000000000000, 3.061616997868383141E-16 ) ) ;
#1349 = ADVANCED_FACE ( 'NONE', ( #10948 ), #10224, .T. ) ;
#1350 = VERTEX_POINT ( 'NONE', #10275 ) ;
#1351 = DIRECTION ( 'NONE',  ( 4.930380657631323784E-32, 1.000000000000000000, 3.061616997868382648E-16 ) ) ;
#1352 = ADVANCED_FACE ( 'NONE', ( #9226 ), #10160, .F. ) ;
#1353 = DIRECTION ( 'NONE',  ( 0.000000000000000000, -3.227392513445222318E-16, 1.000000000000000000 ) ) ;
#1354 = CARTESIAN_POINT ( 'NONE',  ( 0.000000000000000000, 87.50000000000001421, 3.730185188303422936E-15 ) ) ;
#1355 = CIRCLE ( 'NONE', #3610, 0.2500000000000002220 ) ;
#1356 = ORIENTED_EDGE ( 'NONE', *, *, #7614, .T. ) ;
#1357 = ORIENTED_EDGE ( 'NONE', *, *, #9319, .F. ) ;
#1358 = AXIS2_PLACEMENT_3D ( 'NONE', #11279, #9222, #8623 ) ;
#1359 = DIRECTION ( 'NONE',  ( 0.000000000000000000, -3.227392513445222318E-16, 1.000000000000000000 ) ) ;
#1360 = EDGE_CURVE ( 'NONE', #8078, #3085, #2091, .T. ) ;
#1361 = ORIENTED_EDGE ( 'NONE', *, *, #3275, .F. ) ;
#1362 = DIRECTION ( 'NONE',  ( 0.000000000000000000, 0.000000000000000000, 1.000000000000000000 ) ) ;
#1363 = AXIS2_PLACEMENT_3D ( 'NONE', #11086, #2901, #3790 ) ;
#1364 = CIRCLE ( 'NONE', #5667, 21.50000000000000000 ) ;
#1365 = EDGE_CURVE ( 'NONE', #4083, #2128, #3418, .T. ) ;
#1366 = DIRECTION ( 'NONE',  ( 0.000000000000000000, -3.384826294588890954E-16, 1.000000000000000000 ) ) ;
#1367 = ORIENTED_EDGE ( 'NONE', *, *, #8591, .F. ) ;
#1368 = DIRECTION ( 'NONE',  ( 9.244463733058733463E-33, 1.000000000000000000, 3.061616997868383634E-16 ) ) ;
#1369 = AXIS2_PLACEMENT_3D ( 'NONE', #2034, #6498, #10100 ) ;
#1370 = DIRECTION ( 'NONE',  ( 9.860761315262647568E-32, 1.000000000000000000, 3.061616997868382155E-16 ) ) ;
#1371 = CARTESIAN_POINT ( 'NONE',  ( 0.000000000000000000, 51.20000000000000995, -7.383484513958806747E-15 ) ) ;
#1372 = ORIENTED_EDGE ( 'NONE', *, *, #10215, .F. ) ;
#1373 = VERTEX_POINT ( 'NONE', #10050 ) ;
#1374 = DIRECTION ( 'NONE',  ( -4.930380657631323784E-32, 1.000000000000000000, 3.061616997868383141E-16 ) ) ;
#1375 = FACE_BOUND ( 'NONE', #1105, .T. ) ;
#1376 = FACE_OUTER_BOUND ( 'NONE', #9296, .T. ) ;
#1377 = AXIS2_PLACEMENT_3D ( 'NONE', #420, #4784, #3011 ) ;
#1378 = CARTESIAN_POINT ( 'NONE',  ( -14.57111852952439257, 51.20000000000000995, 15.80925377108453489 ) ) ;
#1379 = VERTEX_POINT ( 'NONE', #3925 ) ;
#1380 = EDGE_CURVE ( 'NONE', #11425, #11539, #4281, .T. ) ;
#1381 = DIRECTION ( 'NONE',  ( 0.000000000000000000, -3.227392513445220839E-16, 1.000000000000000000 ) ) ;
#1382 = ADVANCED_FACE ( 'NONE', ( #4864 ), #8344, .F. ) ;
#1383 = AXIS2_PLACEMENT_3D ( 'NONE', #3182, #4016, #7601 ) ;
#1384 = CYLINDRICAL_SURFACE ( 'NONE', #10025, 0.2500000000000002220 ) ;
#1385 = LINE ( 'NONE', #4967, #11648 ) ;
#1386 = AXIS2_PLACEMENT_3D ( 'NONE', #4075, #5956, #544 ) ;
#1387 = DIRECTION ( 'NONE',  ( 0.000000000000000000, 0.000000000000000000, 1.000000000000000000 ) ) ;
#1388 = ORIENTED_EDGE ( 'NONE', *, *, #7674, .T. ) ;
#1389 = CARTESIAN_POINT ( 'NONE',  ( 11.91861172467652530, 45.20000000000000284, 17.89404075541360584 ) ) ;
#1390 = CYLINDRICAL_SURFACE ( 'NONE', #3189, 20.50000000000000355 ) ;
#1391 = CARTESIAN_POINT ( 'NONE',  ( 0.000000000000000000, 45.20000000000000995, -9.220454712679835547E-15 ) ) ;
#1392 = VERTEX_POINT ( 'NONE', #2977 ) ;
#1393 = DIRECTION ( 'NONE',  ( 0.000000000000000000, 0.000000000000000000, -1.000000000000000000 ) ) ;
#1394 = ORIENTED_EDGE ( 'NONE', *, *, #4331, .F. ) ;
#1395 = CARTESIAN_POINT ( 'NONE',  ( 0.000000000000000000, 87.50000000000001421, 3.730185188303422936E-15 ) ) ;
#1396 = ADVANCED_FACE ( 'NONE', ( #1272 ), #1040, .T. ) ;
#1397 = ADVANCED_FACE ( 'NONE', ( #3865 ), #7442, .T. ) ;
#1398 = ORIENTED_EDGE ( 'NONE', *, *, #11584, .T. ) ;
#1399 = DIRECTION ( 'NONE',  ( -0.000000000000000000, 1.000000000000000000, 3.061616997868383141E-16 ) ) ;
#1400 = DIRECTION ( 'NONE',  ( -9.860761315262647568E-32, 1.000000000000000000, 3.061616997868381662E-16 ) ) ;
#1401 = ORIENTED_EDGE ( 'NONE', *, *, #2132, .T. ) ;
#1402 = EDGE_CURVE ( 'NONE', #11418, #1412, #4837, .T. ) ;
#1403 = ORIENTED_EDGE ( 'NONE', *, *, #6901, .F. ) ;
#1404 = DIRECTION ( 'NONE',  ( 0.000000000000000000, -3.227392513445220839E-16, 1.000000000000000000 ) ) ;
#1405 = ORIENTED_EDGE ( 'NONE', *, *, #1698, .T. ) ;
#1406 = CARTESIAN_POINT ( 'NONE',  ( 18.16635567040257726, 45.20000000000000284, 11.49928352796085740 ) ) ;
#1407 = CARTESIAN_POINT ( 'NONE',  ( 1.998583757652438120, 45.19999999999998863, -21.40690689856072737 ) ) ;
#1408 = ORIENTED_EDGE ( 'NONE', *, *, #5720, .F. ) ;
#1409 = CARTESIAN_POINT ( 'NONE',  ( -16.55018116000691464, -80.41022924428168039, -13.72375690439583273 ) ) ;
#1410 = CARTESIAN_POINT ( 'NONE',  ( 10.75000000000001421, 51.20000000000000995, 18.61954618136542550 ) ) ;
#1411 = EDGE_CURVE ( 'NONE', #819, #10369, #710, .T. ) ;
#1412 = VERTEX_POINT ( 'NONE', #7576 ) ;
#1413 = CARTESIAN_POINT ( 'NONE',  ( 14.57111852952451869, 51.19999999999999574, -15.80925377108443541 ) ) ;
#1414 = CYLINDRICAL_SURFACE ( 'NONE', #9004, 21.50000000000000355 ) ;
#1415 = DIRECTION ( 'NONE',  ( 0.000000000000000000, 0.000000000000000000, -1.000000000000000000 ) ) ;
#1416 = ORIENTED_EDGE ( 'NONE', *, *, #11022, .F. ) ;
#1417 = ORIENTED_EDGE ( 'NONE', *, *, #31, .F. ) ;
#1418 = DIRECTION ( 'NONE',  ( 0.000000000000000000, 0.000000000000000000, 1.000000000000000000 ) ) ;
#1419 = ORIENTED_EDGE ( 'NONE', *, *, #9234, .T. ) ;
#1420 = LINE ( 'NONE', #10546, #593 ) ;
#1421 = EDGE_CURVE ( 'NONE', #6856, #3758, #8799, .T. ) ;
#1422 = DIRECTION ( 'NONE',  ( -9.860761315262647568E-32, 1.000000000000000000, 3.061616997868381662E-16 ) ) ;
#1423 = ORIENTED_EDGE ( 'NONE', *, *, #4280, .T. ) ;
#1424 = CYLINDRICAL_SURFACE ( 'NONE', #3533, 21.50000000000000355 ) ;
#1425 = CARTESIAN_POINT ( 'NONE',  ( -21.03017341577685784, -80.41022924428168039, -4.470101352581633769 ) ) ;
#1426 = CARTESIAN_POINT ( 'NONE',  ( 5.564609469704060452, -80.41022924428168039, -20.76740526521501451 ) ) ;
#1427 = ORIENTED_EDGE ( 'NONE', *, *, #3426, .F. ) ;
#1428 = ORIENTED_EDGE ( 'NONE', *, *, #4804, .T. ) ;
#1429 = CARTESIAN_POINT ( 'NONE',  ( -10.53277056407832823, -80.41022924428169460, 18.74328531086489136 ) ) ;
#1430 = FACE_OUTER_BOUND ( 'NONE', #3419, .T. ) ;
#1431 = FACE_OUTER_BOUND ( 'NONE', #2576, .T. ) ;
#1432 = CARTESIAN_POINT ( 'NONE',  ( 8.515864134734867363, 51.20000000000000995, 19.74158195380339720 ) ) ;
#1433 = ORIENTED_EDGE ( 'NONE', *, *, #9778, .T. ) ;
#1434 = EDGE_CURVE ( 'NONE', #8268, #1872, #314, .T. ) ;
#1435 = CYLINDRICAL_SURFACE ( 'NONE', #6226, 21.50000000000000355 ) ;
#1436 = CARTESIAN_POINT ( 'NONE',  ( -21.35464355025355587, 45.19999999999998863, 2.495836301044929151 ) ) ;
#1437 = CARTESIAN_POINT ( 'NONE',  ( 17.39386537906138841, -80.41022924428169460, 12.63738292428810439 ) ) ;
#1438 = DIRECTION ( 'NONE',  ( -0.000000000000000000, 1.000000000000000000, 3.061616997868383141E-16 ) ) ;
#1439 = ADVANCED_FACE ( 'NONE', ( #3756 ), #3036, .F. ) ;
#1440 = ORIENTED_EDGE ( 'NONE', *, *, #3469, .F. ) ;
#1441 = LINE ( 'NONE', #9378, #4340 ) ;
#1442 = CARTESIAN_POINT ( 'NONE',  ( -12.43427775499823973, 45.20000000000000284, 17.53963331177581608 ) ) ;
#1443 = CARTESIAN_POINT ( 'NONE',  ( 11.91861172467637964, 51.20000000000000995, 17.89404075541369821 ) ) ;
#1444 = EDGE_LOOP ( 'NONE', ( #4900, #7344, #377, #10250 ) ) ;
#1445 = EDGE_LOOP ( 'NONE', ( #8116, #11555, #7239, #10226 ) ) ;
#1446 = DIRECTION ( 'NONE',  ( 4.930380657631323784E-32, 1.000000000000000000, 3.061616997868381662E-16 ) ) ;
#1447 = CARTESIAN_POINT ( 'NONE',  ( 20.44771510034576067, 51.19999999999999574, -6.643865379061435483 ) ) ;
#1448 = VERTEX_POINT ( 'NONE', #3096 ) ;
#1449 = AXIS2_PLACEMENT_3D ( 'NONE', #247, #11043, #8270 ) ;
#1450 = CARTESIAN_POINT ( 'NONE',  ( -15.97761374776379739, -80.41022924428169460, 14.38630803671561154 ) ) ;
#1451 = AXIS2_PLACEMENT_3D ( 'NONE', #10290, #9293, #327 ) ;
#1452 = CIRCLE ( 'NONE', #5954, 0.2500000000000002220 ) ;
#1453 = DIRECTION ( 'NONE',  ( 0.000000000000000000, -1.000000000000000000, -3.061616997868383141E-16 ) ) ;
#1454 = ORIENTED_EDGE ( 'NONE', *, *, #8306, .F. ) ;
#1455 = ADVANCED_FACE ( 'NONE', ( #3820 ), #2037, .F. ) ;
#1456 = EDGE_LOOP ( 'NONE', ( #10899, #388, #3819, #5114 ) ) ;
#1457 = DIRECTION ( 'NONE',  ( 0.000000000000000000, 0.000000000000000000, -1.000000000000000000 ) ) ;
#1458 = ORIENTED_EDGE ( 'NONE', *, *, #5450, .T. ) ;
#1459 = AXIS2_PLACEMENT_3D ( 'NONE', #3675, #7252, #9961 ) ;
#1460 = AXIS2_PLACEMENT_3D ( 'NONE', #518, #7704, #10425 ) ;
#1461 = FACE_OUTER_BOUND ( 'NONE', #6001, .T. ) ;
#1462 = CIRCLE ( 'NONE', #2950, 0.2500000000000002220 ) ;
#1463 = EDGE_CURVE ( 'NONE', #7456, #6245, #1649, .T. ) ;
#1464 = CYLINDRICAL_SURFACE ( 'NONE', #2404, 0.2500000000000002220 ) ;
#1465 = ORIENTED_EDGE ( 'NONE', *, *, #1463, .F. ) ;
#1466 = DIRECTION ( 'NONE',  ( -9.860761315262647568E-32, 1.000000000000000000, 3.061616997868381662E-16 ) ) ;
#1467 = AXIS2_PLACEMENT_3D ( 'NONE', #14, #7258, #1967 ) ;
#1468 = AXIS2_PLACEMENT_3D ( 'NONE', #275, #6768, #10246 ) ;
#1469 = EDGE_CURVE ( 'NONE', #2109, #712, #1577, .T. ) ;
#1470 = ORIENTED_EDGE ( 'NONE', *, *, #9749, .F. ) ;
#1471 = CARTESIAN_POINT ( 'NONE',  ( -5.805710654484836475, 45.19999999999998863, -20.70129763556864688 ) ) ;
#1472 = AXIS2_PLACEMENT_3D ( 'NONE', #7270, #7391, #3862 ) ;
#1473 = DIRECTION ( 'NONE',  ( -0.000000000000000000, 1.000000000000000000, 3.061616997868383141E-16 ) ) ;
#1474 = DIRECTION ( 'NONE',  ( -4.930380657631323784E-32, 1.000000000000000000, 3.061616997868383141E-16 ) ) ;
#1475 = EDGE_CURVE ( 'NONE', #6722, #3004, #8404, .T. ) ;
#1476 = VERTEX_POINT ( 'NONE', #6810 ) ;
#1477 = ORIENTED_EDGE ( 'NONE', *, *, #4145, .T. ) ;
#1478 = CIRCLE ( 'NONE', #6925, 0.2500000000000002220 ) ;
#1479 = DIRECTION ( 'NONE',  ( -4.930380657631323784E-32, 1.000000000000000000, 3.061616997868382648E-16 ) ) ;
#1480 = VERTEX_POINT ( 'NONE', #7630 ) ;
#1481 = CARTESIAN_POINT ( 'NONE',  ( 0.000000000000000000, 45.20000000000000995, -9.220454712679835547E-15 ) ) ;
#1482 = AXIS2_PLACEMENT_3D ( 'NONE', #21, #3639, #8935 ) ;
#1483 = CARTESIAN_POINT ( 'NONE',  ( 18.49328953615749427, 51.20000000000000995, 10.96577594754915452 ) ) ;
#1484 = ORIENTED_EDGE ( 'NONE', *, *, #2858, .F. ) ;
#1485 = CARTESIAN_POINT ( 'NONE',  ( 10.74999999999988454, 45.19999999999998863, -18.61954618136547168 ) ) ;
#1486 = DIRECTION ( 'NONE',  ( 0.000000000000000000, 0.000000000000000000, -1.000000000000000000 ) ) ;
#1487 = DIRECTION ( 'NONE',  ( 0.000000000000000000, 0.000000000000000000, 1.000000000000000000 ) ) ;
#1488 = ORIENTED_EDGE ( 'NONE', *, *, #10417, .F. ) ;
#1489 = CARTESIAN_POINT ( 'NONE',  ( -20.44771510034585660, 51.19999999999999574, -6.643865379061153931 ) ) ;
#1490 = CARTESIAN_POINT ( 'NONE',  ( 0.000000000000000000, 24.19999999999999218, 18.29999999999999005 ) ) ;
#1491 = DIRECTION ( 'NONE',  ( 0.000000000000000000, 0.000000000000000000, -1.000000000000000000 ) ) ;
#1492 = CYLINDRICAL_SURFACE ( 'NONE', #3401, 0.2500000000000002220 ) ;
#1493 = ORIENTED_EDGE ( 'NONE', *, *, #2921, .T. ) ;
#1494 = CARTESIAN_POINT ( 'NONE',  ( 13.53038840757140804, 45.19999999999998863, -16.70863817132492457 ) ) ;
#1495 = CARTESIAN_POINT ( 'NONE',  ( 0.000000000000000000, 51.20000000000000995, -7.383484513958806747E-15 ) ) ;
#1496 = ADVANCED_FACE ( 'NONE', ( #10526 ), #4142, .T. ) ;
#1497 = DIRECTION ( 'NONE',  ( -0.000000000000000000, 1.000000000000000000, 3.061616997868383141E-16 ) ) ;
#1498 = DIRECTION ( 'NONE',  ( 0.000000000000000000, 0.000000000000000000, 1.000000000000000000 ) ) ;
#1499 = EDGE_CURVE ( 'NONE', #4504, #10421, #9038, .T. ) ;
#1500 = ORIENTED_EDGE ( 'NONE', *, *, #6745, .F. ) ;
#1501 = DIRECTION ( 'NONE',  ( 0.000000000000000000, -3.227392513445222318E-16, 1.000000000000000000 ) ) ;
#1502 = CARTESIAN_POINT ( 'NONE',  ( 11.49928352796104214, 51.20000000000000995, 18.16635567040245647 ) ) ;
#1503 = CARTESIAN_POINT ( 'NONE',  ( 12.63738292428807419, -80.41022924428168039, -17.14386537906144881 ) ) ;
#1504 = ORIENTED_EDGE ( 'NONE', *, *, #9336, .T. ) ;
#1505 = FACE_OUTER_BOUND ( 'NONE', #4993, .T. ) ;
#1506 = ORIENTED_EDGE ( 'NONE', *, *, #1329, .F. ) ;
#1507 = LINE ( 'NONE', #6915, #1098 ) ;
#1508 = DIRECTION ( 'NONE',  ( 0.000000000000000000, 0.000000000000000000, -1.000000000000000000 ) ) ;
#1509 = ORIENTED_EDGE ( 'NONE', *, *, #5738, .F. ) ;
#1510 = AXIS2_PLACEMENT_3D ( 'NONE', #2551, #2501, #4258 ) ;
#1511 = DIRECTION ( 'NONE',  ( 0.000000000000000000, 0.000000000000000000, 1.000000000000000000 ) ) ;
#1512 = DIRECTION ( 'NONE',  ( 0.000000000000000000, -1.000000000000000000, -3.061616997868383141E-16 ) ) ;
#1513 = EDGE_CURVE ( 'NONE', #7400, #5861, #8272, .T. ) ;
#1514 = AXIS2_PLACEMENT_3D ( 'NONE', #6812, #4106, #8708 ) ;
#1515 = EDGE_CURVE ( 'NONE', #2936, #928, #9772, .T. ) ;
#1516 = ORIENTED_EDGE ( 'NONE', *, *, #881, .T. ) ;
#1517 = CYLINDRICAL_SURFACE ( 'NONE', #7711, 21.50000000000000355 ) ;
#1518 = VERTEX_POINT ( 'NONE', #11478 ) ;
#1519 = VECTOR ( 'NONE', #11650, 1000.000000000000000 ) ;
#1520 = AXIS2_PLACEMENT_3D ( 'NONE', #4962, #7728, #10441 ) ;
#1521 = CARTESIAN_POINT ( 'NONE',  ( 0.000000000000000000, 87.50000000000001421, 3.730185188303422936E-15 ) ) ;
#1522 = DIRECTION ( 'NONE',  ( 0.000000000000000000, 0.000000000000000000, -1.000000000000000000 ) ) ;
#1523 = ORIENTED_EDGE ( 'NONE', *, *, #3554, .T. ) ;
#1524 = FACE_BOUND ( 'NONE', #1869, .T. ) ;
#1525 = EDGE_CURVE ( 'NONE', #4479, #11613, #2456, .T. ) ;
#1526 = CIRCLE ( 'NONE', #8107, 16.01785065697083965 ) ;
#1527 = AXIS2_PLACEMENT_3D ( 'NONE', #9035, #10690, #8208 ) ;
#1528 = EDGE_CURVE ( 'NONE', #2753, #5788, #1877, .T. ) ;
#1529 = VERTEX_POINT ( 'NONE', #3157 ) ;
#1530 = DIRECTION ( 'NONE',  ( -0.000000000000000000, 1.000000000000000000, 3.061616997868383141E-16 ) ) ;
#1531 = DIRECTION ( 'NONE',  ( -0.000000000000000000, 1.000000000000000000, 3.061616997868383141E-16 ) ) ;
#1532 = CARTESIAN_POINT ( 'NONE',  ( 4.470101352581692389, -80.41022924428168039, -21.03017341577686139 ) ) ;
#1533 = CIRCLE ( 'NONE', #1904, 0.2500000000000002220 ) ;
#1534 = VERTEX_POINT ( 'NONE', #9639 ) ;
#1535 = ORIENTED_EDGE ( 'NONE', *, *, #5148, .T. ) ;
#1536 = AXIS2_PLACEMENT_3D ( 'NONE', #10214, #9158, #2138 ) ;
#1537 = AXIS2_PLACEMENT_3D ( 'NONE', #1057, #225, #6419 ) ;
#1538 = CARTESIAN_POINT ( 'NONE',  ( -4.225266388133319673, -80.41022924428168039, -21.08072873382965184 ) ) ;
#1539 = ORIENTED_EDGE ( 'NONE', *, *, #7500, .T. ) ;
#1540 = DIRECTION ( 'NONE',  ( 0.000000000000000000, -1.000000000000000000, -3.061616997868383141E-16 ) ) ;
#1541 = EDGE_CURVE ( 'NONE', #6838, #8339, #6568, .T. ) ;
#1542 = EDGE_CURVE ( 'NONE', #6730, #10623, #4983, .T. ) ;
#1543 = ORIENTED_EDGE ( 'NONE', *, *, #4303, .F. ) ;
#1544 = DIRECTION ( 'NONE',  ( 0.000000000000000000, 0.000000000000000000, 1.000000000000000000 ) ) ;
#1545 = DIRECTION ( 'NONE',  ( -7.395570986446986770E-32, 1.000000000000000000, 3.061616997868382648E-16 ) ) ;
#1546 = DIRECTION ( 'NONE',  ( 0.000000000000000000, 0.000000000000000000, 1.000000000000000000 ) ) ;
#1547 = ADVANCED_FACE ( 'NONE', ( #442 ), #2338, .F. ) ;
#1548 = ORIENTED_EDGE ( 'NONE', *, *, #10733, .T. ) ;
#1549 = CARTESIAN_POINT ( 'NONE',  ( -13.53038840757163541, 51.19999999999999574, -16.70863817132473628 ) ) ;
#1550 = DIRECTION ( 'NONE',  ( 9.860761315262647568E-32, 1.000000000000000000, 3.061616997868382648E-16 ) ) ;
#1551 = CARTESIAN_POINT ( 'NONE',  ( 0.000000000000000000, 45.20000000000000995, -9.220454712679835547E-15 ) ) ;
#1552 = CARTESIAN_POINT ( 'NONE',  ( 21.35464355025363403, 45.19999999999998863, 2.495836301044480177 ) ) ;
#1553 = ORIENTED_EDGE ( 'NONE', *, *, #3445, .F. ) ;
#1554 = DIRECTION ( 'NONE',  ( 0.000000000000000000, -1.000000000000000000, -3.061616997868383141E-16 ) ) ;
#1555 = VECTOR ( 'NONE', #6070, 1000.000000000000000 ) ;
#1556 = AXIS2_PLACEMENT_3D ( 'NONE', #3008, #350, #8206 ) ;
#1557 = DIRECTION ( 'NONE',  ( -0.000000000000000000, 1.000000000000000000, 3.061616997868383141E-16 ) ) ;
#1558 = DIRECTION ( 'NONE',  ( 0.000000000000000000, 0.000000000000000000, 1.000000000000000000 ) ) ;
#1559 = AXIS2_PLACEMENT_3D ( 'NONE', #9429, #9548, #3305 ) ;
#1560 = ADVANCED_FACE ( 'NONE', ( #7693 ), #1517, .T. ) ;
#1561 = CIRCLE ( 'NONE', #11544, 0.2500000000000002220 ) ;
#1562 = EDGE_LOOP ( 'NONE', ( #974, #2704, #1091, #6142 ) ) ;
#1563 = PLANE ( 'NONE',  #400 ) ;
#1564 = DIRECTION ( 'NONE',  ( 0.000000000000000000, -3.227392513445222318E-16, 1.000000000000000000 ) ) ;
#1565 = CIRCLE ( 'NONE', #6818, 0.2500000000000002220 ) ;
#1566 = CARTESIAN_POINT ( 'NONE',  ( 0.000000000000000000, 87.50000000000001421, 3.730185188303422936E-15 ) ) ;
#1567 = EDGE_LOOP ( 'NONE', ( #1213, #5276 ) ) ;
#1568 = DIRECTION ( 'NONE',  ( 0.000000000000000000, -3.227392513445220839E-16, 1.000000000000000000 ) ) ;
#1569 = VERTEX_POINT ( 'NONE', #11299 ) ;
#1570 = CARTESIAN_POINT ( 'NONE',  ( -15.20279579551089455, 51.19999999999999574, -14.95279579551061389 ) ) ;
#1571 = FACE_OUTER_BOUND ( 'NONE', #6690, .T. ) ;
#1572 = ORIENTED_EDGE ( 'NONE', *, *, #1011, .T. ) ;
#1573 = DIRECTION ( 'NONE',  ( 4.930380657631323784E-32, 1.000000000000000000, 3.061616997868382648E-16 ) ) ;
#1574 = EDGE_CURVE ( 'NONE', #7243, #101, #10534, .T. ) ;
#1575 = AXIS2_PLACEMENT_3D ( 'NONE', #5247, #8731, #774 ) ;
#1576 = ORIENTED_EDGE ( 'NONE', *, *, #2659, .F. ) ;
#1577 = LINE ( 'NONE', #5862, #3148 ) ;
#1578 = ORIENTED_EDGE ( 'NONE', *, *, #4452, .F. ) ;
#1579 = VECTOR ( 'NONE', #7433, 1000.000000000000000 ) ;
#1580 = DIRECTION ( 'NONE',  ( -0.000000000000000000, 1.000000000000000000, 3.061616997868383141E-16 ) ) ;
#1581 = FACE_OUTER_BOUND ( 'NONE', #5798, .T. ) ;
#1582 = EDGE_CURVE ( 'NONE', #9227, #2693, #5447, .T. ) ;
#1583 = ORIENTED_EDGE ( 'NONE', *, *, #3614, .F. ) ;
#1584 = CARTESIAN_POINT ( 'NONE',  ( -2.247361960254701252, -80.41022924428168039, -21.13222075041787207 ) ) ;
#1585 = ORIENTED_EDGE ( 'NONE', *, *, #9500, .T. ) ;
#1586 = CARTESIAN_POINT ( 'NONE',  ( 0.000000000000000000, 77.00000000000000000, 10.00000000000002487 ) ) ;
#1587 = AXIS2_PLACEMENT_3D ( 'NONE', #9588, #4293, #5233 ) ;
#1588 = CARTESIAN_POINT ( 'NONE',  ( 0.000000000000000000, 87.50000000000001421, 3.730185188303422936E-15 ) ) ;
#1589 = CYLINDRICAL_SURFACE ( 'NONE', #8976, 0.2500000000000002220 ) ;
#1590 = EDGE_CURVE ( 'NONE', #6444, #10996, #11417, .T. ) ;
#1591 = EDGE_LOOP ( 'NONE', ( #5716, #2879, #9638, #11574 ) ) ;
#1592 = VERTEX_POINT ( 'NONE', #6741 ) ;
#1593 = DIRECTION ( 'NONE',  ( -0.000000000000000000, 1.000000000000000000, 3.061616997868383141E-16 ) ) ;
#1594 = ORIENTED_EDGE ( 'NONE', *, *, #7707, .F. ) ;
#1595 = CARTESIAN_POINT ( 'NONE',  ( 21.47053499722333214, 45.19999999999998863, 1.125223059223236843 ) ) ;
#1596 = VERTEX_POINT ( 'NONE', #632 ) ;
#1597 = DIRECTION ( 'NONE',  ( 1.003171929053523391E-16, 0.5735764363510478248, -0.8191520442889905773 ) ) ;
#1598 = CARTESIAN_POINT ( 'NONE',  ( 19.15664027004991965, 51.19999999999999574, 9.760795744400219576 ) ) ;
#1599 = CARTESIAN_POINT ( 'NONE',  ( 0.000000000000000000, 45.20000000000000995, -9.220454712679835547E-15 ) ) ;
#1600 = EDGE_CURVE ( 'NONE', #8656, #8381, #4223, .T. ) ;
#1601 = EDGE_LOOP ( 'NONE', ( #8507, #7050, #745, #1754 ) ) ;
#1602 = DIRECTION ( 'NONE',  ( 0.000000000000000000, -3.227392513445222318E-16, 1.000000000000000000 ) ) ;
#1603 = DIRECTION ( 'NONE',  ( -0.000000000000000000, 1.000000000000000000, 3.061616997868383141E-16 ) ) ;
#1604 = CARTESIAN_POINT ( 'NONE',  ( -21.27297168455577747, -80.41022924428168039, 3.116195710812683206 ) ) ;
#1605 = DIRECTION ( 'NONE',  ( 0.000000000000000000, 0.000000000000000000, 1.000000000000000000 ) ) ;
#1606 = ORIENTED_EDGE ( 'NONE', *, *, #1360, .F. ) ;
#1607 = DIRECTION ( 'NONE',  ( 0.000000000000000000, 1.000000000000000000, 3.061616997868381662E-16 ) ) ;
#1608 = CARTESIAN_POINT ( 'NONE',  ( 11.49928352796093911, 51.19999999999999574, -18.16635567040253818 ) ) ;
#1609 = DIRECTION ( 'NONE',  ( -0.000000000000000000, 1.000000000000000000, 3.061616997868383141E-16 ) ) ;
#1610 = DIRECTION ( 'NONE',  ( 0.000000000000000000, -3.227392513445220839E-16, 1.000000000000000000 ) ) ;
#1611 = EDGE_CURVE ( 'NONE', #5296, #4006, #2821, .T. ) ;
#1612 = EDGE_CURVE ( 'NONE', #1770, #563, #7990, .T. ) ;
#1613 = EDGE_LOOP ( 'NONE', ( #2910, #11368, #3128, #131 ) ) ;
#1614 = DIRECTION ( 'NONE',  ( 0.000000000000000000, 0.000000000000000000, -1.000000000000000000 ) ) ;
#1615 = DIRECTION ( 'NONE',  ( 0.000000000000000000, 1.000000000000000000, 3.061616997868381662E-16 ) ) ;
#1616 = LINE ( 'NONE', #6094, #9151 ) ;
#1617 = VERTEX_POINT ( 'NONE', #5277 ) ;
#1618 = CARTESIAN_POINT ( 'NONE',  ( 20.97677464539622605, 45.19999999999998863, -4.714331922580495160 ) ) ;
#1619 = ORIENTED_EDGE ( 'NONE', *, *, #3723, .T. ) ;
#1620 = DIRECTION ( 'NONE',  ( 0.000000000000000000, -1.000000000000000000, -3.061616997868383141E-16 ) ) ;
#1621 = DIRECTION ( 'NONE',  ( 0.000000000000000000, 0.000000000000000000, 1.000000000000000000 ) ) ;
#1622 = ORIENTED_EDGE ( 'NONE', *, *, #9832, .F. ) ;
#1623 = CARTESIAN_POINT ( 'NONE',  ( -21.40690689856069895, 51.19999999999999574, 1.998583757652975912 ) ) ;
#1624 = ORIENTED_EDGE ( 'NONE', *, *, #6963, .F. ) ;
#1625 = CARTESIAN_POINT ( 'NONE',  ( -20.36907980785161953, 51.19999999999999574, 6.881176337035060264 ) ) ;
#1626 = EDGE_CURVE ( 'NONE', #9799, #5135, #358, .T. ) ;
#1627 = CARTESIAN_POINT ( 'NONE',  ( 19.98103174821870454, 51.19999999999999574, 7.937781193549996672 ) ) ;
#1628 = ORIENTED_EDGE ( 'NONE', *, *, #10197, .F. ) ;
#1629 = EDGE_CURVE ( 'NONE', #10578, #6803, #2253, .T. ) ;
#1630 = AXIS2_PLACEMENT_3D ( 'NONE', #7206, #6305, #2787 ) ;
#1631 = ORIENTED_EDGE ( 'NONE', *, *, #1365, .T. ) ;
#1632 = DIRECTION ( 'NONE',  ( 0.000000000000000000, -3.227392513445220839E-16, 1.000000000000000000 ) ) ;
#1633 = CIRCLE ( 'NONE', #8220, 21.50000000000000000 ) ;
#1634 = ORIENTED_EDGE ( 'NONE', *, *, #3792, .F. ) ;
#1635 = DIRECTION ( 'NONE',  ( -0.000000000000000000, 1.000000000000000000, 3.061616997868383141E-16 ) ) ;
#1636 = CARTESIAN_POINT ( 'NONE',  ( 16.14381341971839490, -80.41022924428168039, -14.19955239679477721 ) ) ;
#1637 = VERTEX_POINT ( 'NONE', #4398 ) ;
#1638 = EDGE_CURVE ( 'NONE', #11062, #7268, #6200, .T. ) ;
#1639 = AXIS2_PLACEMENT_3D ( 'NONE', #5066, #8992, #921 ) ;
#1640 = ORIENTED_EDGE ( 'NONE', *, *, #7049, .F. ) ;
#1641 = VERTEX_POINT ( 'NONE', #806 ) ;
#1642 = DIRECTION ( 'NONE',  ( 0.000000000000000000, 0.000000000000000000, 1.000000000000000000 ) ) ;
#1643 = VERTEX_POINT ( 'NONE', #1853 ) ;
#1644 = LINE ( 'NONE', #826, #7867 ) ;
#1645 = DIRECTION ( 'NONE',  ( 0.000000000000000000, 0.000000000000000000, -1.000000000000000000 ) ) ;
#1646 = CIRCLE ( 'NONE', #5759, 20.50000000000000711 ) ;
#1647 = AXIS2_PLACEMENT_3D ( 'NONE', #8407, #330, #9347 ) ;
#1648 = CIRCLE ( 'NONE', #1262, 21.50000000000001066 ) ;
#1649 = CIRCLE ( 'NONE', #1263, 0.2500000000000002220 ) ;
#1650 = AXIS2_PLACEMENT_3D ( 'NONE', #4923, #6805, #11228 ) ;
#1651 = VERTEX_POINT ( 'NONE', #8932 ) ;
#1652 = CARTESIAN_POINT ( 'NONE',  ( -21.08072873382960566, 45.19999999999998863, 4.225266388133577244 ) ) ;
#1653 = CARTESIAN_POINT ( 'NONE',  ( -14.38630803671525804, -80.41022924428169460, 15.97761374776411003 ) ) ;
#1654 = CARTESIAN_POINT ( 'NONE',  ( 17.39386537906129604, -80.41022924428168039, -12.38738292428827314 ) ) ;
#1655 = VERTEX_POINT ( 'NONE', #3683 ) ;
#1656 = CONICAL_SURFACE ( 'NONE', #896, 15.39999999999999858, 0.7853981633974725929 ) ;
#1657 = FACE_OUTER_BOUND ( 'NONE', #9546, .T. ) ;
#1658 = CARTESIAN_POINT ( 'NONE',  ( 9.760795744400141416, -80.41022924428168039, -19.15664027004997649 ) ) ;
#1659 = DIRECTION ( 'NONE',  ( -0.000000000000000000, 1.000000000000000000, 3.061616997868383141E-16 ) ) ;
#1660 = AXIS2_PLACEMENT_3D ( 'NONE', #4793, #7388, #4683 ) ;
#1661 = ORIENTED_EDGE ( 'NONE', *, *, #8053, .T. ) ;
#1662 = FACE_OUTER_BOUND ( 'NONE', #8239, .T. ) ;
#1663 = EDGE_CURVE ( 'NONE', #6943, #6125, #7095, .T. ) ;
#1664 = EDGE_CURVE ( 'NONE', #2052, #6489, #9957, .T. ) ;
#1665 = FACE_OUTER_BOUND ( 'NONE', #10401, .T. ) ;
#1666 = DIRECTION ( 'NONE',  ( -0.000000000000000000, 1.000000000000000000, 3.061616997868383141E-16 ) ) ;
#1667 = EDGE_CURVE ( 'NONE', #8130, #2357, #2632, .T. ) ;
#1668 = LINE ( 'NONE', #7914, #39 ) ;
#1669 = ORIENTED_EDGE ( 'NONE', *, *, #7159, .F. ) ;
#1670 = CARTESIAN_POINT ( 'NONE',  ( -6.643865379061518084, -80.41022924428168039, -20.44771510034576423 ) ) ;
#1671 = CARTESIAN_POINT ( 'NONE',  ( 16.86483603740598625, 51.19999999999999574, -13.33519049100583942 ) ) ;
#1672 = CYLINDRICAL_SURFACE ( 'NONE', #2940, 21.50000000000000355 ) ;
#1673 = VERTEX_POINT ( 'NONE', #1623 ) ;
#1674 = DIRECTION ( 'NONE',  ( 0.000000000000000000, 1.000000000000000000, 3.061616997868381662E-16 ) ) ;
#1675 = ORIENTED_EDGE ( 'NONE', *, *, #10782, .T. ) ;
#1676 = DIRECTION ( 'NONE',  ( -0.000000000000000000, 1.000000000000000000, 3.061616997868383141E-16 ) ) ;
#1677 = ADVANCED_FACE ( 'NONE', ( #8817 ), #744, .F. ) ;
#1678 = EDGE_CURVE ( 'NONE', #8995, #9755, #1793, .T. ) ;
#1679 = LINE ( 'NONE', #6043, #717 ) ;
#1680 = ORIENTED_EDGE ( 'NONE', *, *, #1698, .F. ) ;
#1681 = CARTESIAN_POINT ( 'NONE',  ( -13.53038840757129968, 51.20000000000000995, 16.70863817132504536 ) ) ;
#1682 = EDGE_LOOP ( 'NONE', ( #1539, #1548, #536, #2743 ) ) ;
#1683 = DIRECTION ( 'NONE',  ( -0.000000000000000000, 1.000000000000000000, 3.061616997868383141E-16 ) ) ;
#1684 = CYLINDRICAL_SURFACE ( 'NONE', #2214, 0.2500000000000002220 ) ;
#1685 = VECTOR ( 'NONE', #2375, 1000.000000000000000 ) ;
#1686 = ORIENTED_EDGE ( 'NONE', *, *, #5393, .T. ) ;
#1687 = CIRCLE ( 'NONE', #2630, 21.50000000000001066 ) ;
#1688 = DIRECTION ( 'NONE',  ( 1.479114197289397354E-31, 1.000000000000000000, 3.061616997868381662E-16 ) ) ;
#1689 = CIRCLE ( 'NONE', #558, 15.39999999999999680 ) ;
#1690 = AXIS2_PLACEMENT_3D ( 'NONE', #6148, #17, #3635 ) ;
#1691 = EDGE_LOOP ( 'NONE', ( #1783, #8908, #4237, #11568 ) ) ;
#1692 = CARTESIAN_POINT ( 'NONE',  ( -6.881176337034991874, 51.19999999999999574, -20.36907980785165151 ) ) ;
#1693 = VECTOR ( 'NONE', #4023, 1000.000000000000000 ) ;
#1694 = ORIENTED_EDGE ( 'NONE', *, *, #11204, .F. ) ;
#1695 = DIRECTION ( 'NONE',  ( -1.479114197289397354E-31, 1.000000000000000000, 3.061616997868382155E-16 ) ) ;
#1696 = CARTESIAN_POINT ( 'NONE',  ( -18.49328953615748361, -80.41022924428168039, -10.96577594754917762 ) ) ;
#1697 = VERTEX_POINT ( 'NONE', #2738 ) ;
#1698 = EDGE_CURVE ( 'NONE', #7499, #9490, #10912, .T. ) ;
#1699 = ORIENTED_EDGE ( 'NONE', *, *, #2908, .T. ) ;
#1700 = ORIENTED_EDGE ( 'NONE', *, *, #2659, .T. ) ;
#1701 = AXIS2_PLACEMENT_3D ( 'NONE', #10528, #7759, #4225 ) ;
#1702 = EDGE_CURVE ( 'NONE', #11598, #681, #1122, .T. ) ;
#1703 = DIRECTION ( 'NONE',  ( 0.000000000000000000, -3.227392513445222318E-16, 1.000000000000000000 ) ) ;
#1704 = VERTEX_POINT ( 'NONE', #2687 ) ;
#1705 = DIRECTION ( 'NONE',  ( 0.000000000000000000, -3.227392513445222318E-16, 1.000000000000000000 ) ) ;
#1706 = DIRECTION ( 'NONE',  ( -9.860761315262647568E-32, 1.000000000000000000, 3.061616997868382648E-16 ) ) ;
#1707 = AXIS2_PLACEMENT_3D ( 'NONE', #5173, #1473, #8769 ) ;
#1708 = ADVANCED_FACE ( 'NONE', ( #9688 ), #6265, .T. ) ;
#1709 = ORIENTED_EDGE ( 'NONE', *, *, #9426, .T. ) ;
#1710 = CIRCLE ( 'NONE', #9787, 0.2500000000000002220 ) ;
#1711 = CARTESIAN_POINT ( 'NONE',  ( 11.70973925282309835, -80.41022924428169460, 18.03141721082656801 ) ) ;
#1712 = DIRECTION ( 'NONE',  ( -0.000000000000000000, 1.000000000000000000, 3.061616997868383141E-16 ) ) ;
#1713 = DIRECTION ( 'NONE',  ( -0.000000000000000000, 1.000000000000000000, 3.061616997868383141E-16 ) ) ;
#1714 = CIRCLE ( 'NONE', #9616, 18.30000000000000782 ) ;
#1715 = AXIS2_PLACEMENT_3D ( 'NONE', #4783, #6597, #10257 ) ;
#1716 = AXIS2_PLACEMENT_3D ( 'NONE', #9177, #1104, #3274 ) ;
#1717 = ADVANCED_FACE ( 'NONE', ( #11540 ), #2561, .T. ) ;
#1718 = ORIENTED_EDGE ( 'NONE', *, *, #11399, .F. ) ;
#1719 = LINE ( 'NONE', #4196, #11430 ) ;
#1720 = CARTESIAN_POINT ( 'NONE',  ( -21.47053499722334280, 51.19999999999999574, -0.8752230592230575423 ) ) ;
#1721 = CARTESIAN_POINT ( 'NONE',  ( -14.19955239679480918, -80.41022924428168039, -16.14381341971837358 ) ) ;
#1722 = VERTEX_POINT ( 'NONE', #7215 ) ;
#1723 = CARTESIAN_POINT ( 'NONE',  ( 0.000000000000000000, 51.20000000000000995, -7.383484513958806747E-15 ) ) ;
#1724 = LINE ( 'NONE', #5484, #1189 ) ;
#1725 = AXIS2_PLACEMENT_3D ( 'NONE', #10455, #2382, #1508 ) ;
#1726 = DIRECTION ( 'NONE',  ( 0.000000000000000000, 0.000000000000000000, 1.000000000000000000 ) ) ;
#1727 = DIRECTION ( 'NONE',  ( -0.000000000000000000, 1.000000000000000000, 3.061616997868383141E-16 ) ) ;
#1728 = ORIENTED_EDGE ( 'NONE', *, *, #5638, .T. ) ;
#1729 = DIRECTION ( 'NONE',  ( 0.000000000000000000, -1.000000000000000000, -3.061616997868383141E-16 ) ) ;
#1730 = CARTESIAN_POINT ( 'NONE',  ( -2.247361960254701252, -80.41022924428168039, -21.38222075041787562 ) ) ;
#1731 = EDGE_CURVE ( 'NONE', #137, #6782, #5637, .T. ) ;
#1732 = CARTESIAN_POINT ( 'NONE',  ( 8.744837826129582936, 51.19999999999999574, -19.39122733931593956 ) ) ;
#1734 = VERTEX_POINT ( 'NONE', #9043 ) ;
#1733 = VECTOR ( 'NONE', #8071, 1000.000000000000000 ) ;
#1735 = DIRECTION ( 'NONE',  ( 0.000000000000000000, 1.000000000000000000, 3.061616997868383141E-16 ) ) ;
#1736 = ORIENTED_EDGE ( 'NONE', *, *, #9356, .T. ) ;
#1737 = CARTESIAN_POINT ( 'NONE',  ( 0.000000000000000000, 45.19999999999998863, -21.49999999999997513 ) ) ;
#1738 = AXIS2_PLACEMENT_3D ( 'NONE', #7222, #5455, #9812 ) ;
#1739 = CIRCLE ( 'NONE', #10183, 0.2500000000000002220 ) ;
#1740 = DIRECTION ( 'NONE',  ( 0.000000000000000000, -3.227392513445222318E-16, 1.000000000000000000 ) ) ;
#1741 = AXIS2_PLACEMENT_3D ( 'NONE', #9339, #4048, #7635 ) ;
#1742 = CIRCLE ( 'NONE', #4569, 0.2500000000000002220 ) ;
#1743 = ORIENTED_EDGE ( 'NONE', *, *, #1170, .F. ) ;
#1744 = DIRECTION ( 'NONE',  ( 0.000000000000000000, 0.000000000000000000, -1.000000000000000000 ) ) ;
#1745 = ORIENTED_EDGE ( 'NONE', *, *, #4342, .T. ) ;
#1746 = EDGE_CURVE ( 'NONE', #2892, #4061, #7149, .T. ) ;
#1747 = EDGE_CURVE ( 'NONE', #1182, #7706, #11041, .T. ) ;
#1748 = DIRECTION ( 'NONE',  ( 0.000000000000000000, 0.000000000000000000, 1.000000000000000000 ) ) ;
#1749 = FACE_OUTER_BOUND ( 'NONE', #7631, .T. ) ;
#1750 = ORIENTED_EDGE ( 'NONE', *, *, #10043, .F. ) ;
#1751 = AXIS2_PLACEMENT_3D ( 'NONE', #7784, #9543, #342 ) ;
#1752 = CARTESIAN_POINT ( 'NONE',  ( 0.000000000000000000, 45.20000000000000995, -9.220454712679835547E-15 ) ) ;
#1753 = EDGE_CURVE ( 'NONE', #5046, #3813, #2450, .T. ) ;
#1754 = ORIENTED_EDGE ( 'NONE', *, *, #4376, .F. ) ;
#1755 = LINE ( 'NONE', #9925, #6808 ) ;
#1756 = AXIS2_PLACEMENT_3D ( 'NONE', #9720, #840, #2604 ) ;
#1757 = ORIENTED_EDGE ( 'NONE', *, *, #9190, .F. ) ;
#1758 = DIRECTION ( 'NONE',  ( 0.000000000000000000, 0.000000000000000000, 1.000000000000000000 ) ) ;
#1759 = ORIENTED_EDGE ( 'NONE', *, *, #1886, .T. ) ;
#1760 = EDGE_LOOP ( 'NONE', ( #11602, #5164, #11198, #4132 ) ) ;
#1761 = VERTEX_POINT ( 'NONE', #3018 ) ;
#1762 = CARTESIAN_POINT ( 'NONE',  ( -21.40690689856074158, 45.19999999999998863, -1.998583757652348858 ) ) ;
#1763 = ORIENTED_EDGE ( 'NONE', *, *, #9539, .F. ) ;
#1764 = DIRECTION ( 'NONE',  ( 0.000000000000000000, -3.227392513445220839E-16, 1.000000000000000000 ) ) ;
#1765 = AXIS2_PLACEMENT_3D ( 'NONE', #11596, #7053, #7170 ) ;
#1766 = EDGE_LOOP ( 'NONE', ( #3976, #10822, #1970, #160 ) ) ;
#1767 = CYLINDRICAL_SURFACE ( 'NONE', #8588, 21.50000000000000355 ) ;
#1768 = DIRECTION ( 'NONE',  ( 0.000000000000000000, -3.227392513445220839E-16, 1.000000000000000000 ) ) ;
#1769 = DIRECTION ( 'NONE',  ( 0.000000000000000000, -3.227392513445220839E-16, 1.000000000000000000 ) ) ;
#1770 = VERTEX_POINT ( 'NONE', #3743 ) ;
#1771 = CARTESIAN_POINT ( 'NONE',  ( 20.76740526521493635, 45.19999999999998863, -5.564609469704264733 ) ) ;
#1772 = DIRECTION ( 'NONE',  ( 0.000000000000000000, 0.000000000000000000, 1.000000000000000000 ) ) ;
#1773 = DIRECTION ( 'NONE',  ( -0.000000000000000000, 1.000000000000000000, 3.061616997868383141E-16 ) ) ;
#1774 = ORIENTED_EDGE ( 'NONE', *, *, #3396, .T. ) ;
#1775 = EDGE_CURVE ( 'NONE', #10274, #3477, #10932, .T. ) ;
#1776 = DIRECTION ( 'NONE',  ( 0.000000000000000000, 0.000000000000000000, 1.000000000000000000 ) ) ;
#1777 = EDGE_LOOP ( 'NONE', ( #1535, #6656, #6184, #869 ) ) ;
#1778 = CARTESIAN_POINT ( 'NONE',  ( 21.03017341577679389, -80.41022924428168039, -4.470101352581928644 ) ) ;
#1779 = CARTESIAN_POINT ( 'NONE',  ( 21.19475577399851574, 51.19999999999999574, 3.610031534565363742 ) ) ;
#1780 = DIRECTION ( 'NONE',  ( -2.465190328815661892E-32, 1.000000000000000000, 3.061616997868381662E-16 ) ) ;
#1781 = DIRECTION ( 'NONE',  ( 2.465190328815661892E-32, 1.000000000000000000, 3.061616997868383141E-16 ) ) ;
#1782 = EDGE_CURVE ( 'NONE', #3085, #6085, #11677, .T. ) ;
#1783 = ORIENTED_EDGE ( 'NONE', *, *, #8562, .F. ) ;
#1784 = CYLINDRICAL_SURFACE ( 'NONE', #2487, 0.2500000000000002220 ) ;
#1785 = CYLINDRICAL_SURFACE ( 'NONE', #5271, 0.2500000000000002220 ) ;
#1786 = DIRECTION ( 'NONE',  ( 0.000000000000000000, 0.000000000000000000, 1.000000000000000000 ) ) ;
#1787 = CARTESIAN_POINT ( 'NONE',  ( 16.70863817132489260, 45.20000000000000284, 13.53038840757147909 ) ) ;
#1788 = ORIENTED_EDGE ( 'NONE', *, *, #11115, .T. ) ;
#1789 = CYLINDRICAL_SURFACE ( 'NONE', #7156, 0.2500000000000002220 ) ;
#1790 = CYLINDRICAL_SURFACE ( 'NONE', #3447, 0.2500000000000002220 ) ;
#1791 = CARTESIAN_POINT ( 'NONE',  ( -14.38630803671557956, -80.41022924428168039, -15.72761374776387022 ) ) ;
#1792 = ORIENTED_EDGE ( 'NONE', *, *, #1663, .F. ) ;
#1793 = LINE ( 'NONE', #7934, #9028 ) ;
#1794 = ORIENTED_EDGE ( 'NONE', *, *, #9199, .T. ) ;
#1795 = DIRECTION ( 'NONE',  ( -9.860761315262647568E-32, 1.000000000000000000, 3.061616997868382648E-16 ) ) ;
#1796 = CARTESIAN_POINT ( 'NONE',  ( -20.76740526521489372, 45.19999999999998863, 5.564609469704437039 ) ) ;
#1797 = EDGE_LOOP ( 'NONE', ( #2192, #3607, #1585, #9762 ) ) ;
#1798 = EDGE_CURVE ( 'NONE', #10131, #11484, #9596, .T. ) ;
#1799 = CARTESIAN_POINT ( 'NONE',  ( 18.49328953615733440, -80.41022924428168039, -10.96577594754943696 ) ) ;
#1800 = ORIENTED_EDGE ( 'NONE', *, *, #8624, .F. ) ;
#1801 = ORIENTED_EDGE ( 'NONE', *, *, #9574, .F. ) ;
#1802 = CARTESIAN_POINT ( 'NONE',  ( 0.000000000000000000, -80.41022924428168039, -21.25000000000001066 ) ) ;
#1803 = EDGE_CURVE ( 'NONE', #1142, #10067, #4513, .T. ) ;
#1804 = ORIENTED_EDGE ( 'NONE', *, *, #7519, .F. ) ;
#1805 = DIRECTION ( 'NONE',  ( 0.000000000000000000, 0.000000000000000000, -1.000000000000000000 ) ) ;
#1806 = ORIENTED_EDGE ( 'NONE', *, *, #589, .T. ) ;
#1807 = VERTEX_POINT ( 'NONE', #1030 ) ;
#1808 = DIRECTION ( 'NONE',  ( 0.000000000000000000, 0.000000000000000000, 1.000000000000000000 ) ) ;
#1809 = ORIENTED_EDGE ( 'NONE', *, *, #7731, .F. ) ;
#1810 = DIRECTION ( 'NONE',  ( 0.000000000000000000, -3.384826294588891447E-16, 1.000000000000000000 ) ) ;
#1811 = CARTESIAN_POINT ( 'NONE',  ( 10.74999999999988454, -80.41022924428168039, -18.36954618136551076 ) ) ;
#1812 = EDGE_CURVE ( 'NONE', #411, #455, #8279, .T. ) ;
#1813 = CIRCLE ( 'NONE', #7836, 21.50000000000001066 ) ;
#1814 = AXIS2_PLACEMENT_3D ( 'NONE', #8300, #4534, #2762 ) ;
#1815 = AXIS2_PLACEMENT_3D ( 'NONE', #3773, #2593, #4475 ) ;
#1816 = ORIENTED_EDGE ( 'NONE', *, *, #80, .T. ) ;
#1817 = LINE ( 'NONE', #96, #4073 ) ;
#1818 = EDGE_CURVE ( 'NONE', #928, #11651, #1326, .T. ) ;
#1819 = CIRCLE ( 'NONE', #7450, 0.2500000000000002220 ) ;
#1820 = DIRECTION ( 'NONE',  ( 9.860761315262647568E-32, 1.000000000000000000, 3.061616997868382155E-16 ) ) ;
#1821 = LINE ( 'NONE', #10787, #1938 ) ;
#1822 = ORIENTED_EDGE ( 'NONE', *, *, #5601, .T. ) ;
#1823 = VERTEX_POINT ( 'NONE', #1917 ) ;
#1824 = VECTOR ( 'NONE', #10381, 1000.000000000000000 ) ;
#1826 = VECTOR ( 'NONE', #6688, 1000.000000000000114 ) ;
#1825 = DIRECTION ( 'NONE',  ( 0.000000000000000000, 0.000000000000000000, 1.000000000000000000 ) ) ;
#1827 = CARTESIAN_POINT ( 'NONE',  ( -0.8754938253331091547, 45.19999999999998863, -21.48216726873256022 ) ) ;
#1828 = ORIENTED_EDGE ( 'NONE', *, *, #11378, .F. ) ;
#1829 = VECTOR ( 'NONE', #7320, 1000.000000000000114 ) ;
#1830 = DIRECTION ( 'NONE',  ( 0.000000000000000000, -3.227392513445220839E-16, 1.000000000000000000 ) ) ;
#1831 = EDGE_CURVE ( 'NONE', #5091, #7484, #5453, .T. ) ;
#1832 = AXIS2_PLACEMENT_3D ( 'NONE', #11386, #9984, #7333 ) ;
#1833 = CARTESIAN_POINT ( 'NONE',  ( -15.97761374776409227, 51.19999999999999574, -14.13630803671529179 ) ) ;
#1834 = CIRCLE ( 'NONE', #8606, 0.2500000000000011102 ) ;
#1835 = CARTESIAN_POINT ( 'NONE',  ( 20.44771510034576067, -80.41022924428168039, -6.643865379061475451 ) ) ;
#1836 = AXIS2_PLACEMENT_3D ( 'NONE', #4859, #8448, #373 ) ;
#1837 = CIRCLE ( 'NONE', #4094, 0.2500000000000002220 ) ;
#1838 = DIRECTION ( 'NONE',  ( 0.000000000000000000, 0.000000000000000000, 1.000000000000000000 ) ) ;
#1839 = CIRCLE ( 'NONE', #2601, 0.2500000000000002220 ) ;
#1840 = ORIENTED_EDGE ( 'NONE', *, *, #7795, .F. ) ;
#1841 = DIRECTION ( 'NONE',  ( 0.000000000000000000, -3.227392513445222318E-16, 1.000000000000000000 ) ) ;
#1842 = CYLINDRICAL_SURFACE ( 'NONE', #5650, 0.2500000000000002220 ) ;
#1843 = DIRECTION ( 'NONE',  ( 0.000000000000000000, 0.000000000000000000, 1.000000000000000000 ) ) ;
#1844 = DIRECTION ( 'NONE',  ( 0.000000000000000000, -3.248981738798774652E-16, 1.000000000000000000 ) ) ;
#1845 = ORIENTED_EDGE ( 'NONE', *, *, #8648, .T. ) ;
#1846 = DIRECTION ( 'NONE',  ( 0.000000000000000000, 0.000000000000000000, 1.000000000000000000 ) ) ;
#1847 = EDGE_CURVE ( 'NONE', #3796, #5536, #11309, .T. ) ;
#1848 = AXIS2_PLACEMENT_3D ( 'NONE', #10678, #2607, #5957 ) ;
#1849 = DIRECTION ( 'NONE',  ( -0.000000000000000000, 1.000000000000000000, 3.061616997868383141E-16 ) ) ;
#1850 = CARTESIAN_POINT ( 'NONE',  ( 21.48216726873253535, -80.41022924428168039, -0.8754938253328928832 ) ) ;
#1851 = EDGE_CURVE ( 'NONE', #11432, #8339, #3207, .T. ) ;
#1852 = EDGE_LOOP ( 'NONE', ( #9237, #2869, #9078, #7436 ) ) ;
#1853 = CARTESIAN_POINT ( 'NONE',  ( -4.714331922580424106, 51.19999999999999574, -20.97677464539626158 ) ) ;
#1854 = VERTEX_POINT ( 'NONE', #10037 ) ;
#1855 = CARTESIAN_POINT ( 'NONE',  ( 15.37854173158988758, 51.19999999999999574, -15.02499431646310057 ) ) ;
#1856 = CYLINDRICAL_SURFACE ( 'NONE', #11067, 0.2500000000000002220 ) ;
#1857 = EDGE_LOOP ( 'NONE', ( #10103, #8317, #2737, #4169 ) ) ;
#1858 = ADVANCED_FACE ( 'NONE', ( #5722 ), #1971, .F. ) ;
#1859 = CARTESIAN_POINT ( 'NONE',  ( -18.03141721082671367, 51.19999999999999574, -11.70973925282289763 ) ) ;
#1860 = ORIENTED_EDGE ( 'NONE', *, *, #3949, .F. ) ;
#1861 = CIRCLE ( 'NONE', #6370, 21.50000000000001066 ) ;
#1862 = DIRECTION ( 'NONE',  ( -0.000000000000000000, 1.000000000000000000, 3.061616997868383141E-16 ) ) ;
#1863 = ORIENTED_EDGE ( 'NONE', *, *, #8812, .F. ) ;
#1864 = DIRECTION ( 'NONE',  ( 0.000000000000000000, 0.000000000000000000, 1.000000000000000000 ) ) ;
#1865 = ORIENTED_EDGE ( 'NONE', *, *, #8837, .F. ) ;
#1866 = AXIS2_PLACEMENT_3D ( 'NONE', #8439, #9379, #8509 ) ;
#1867 = DIRECTION ( 'NONE',  ( -0.000000000000000000, 1.000000000000000000, 3.061616997868383141E-16 ) ) ;
#1868 = ORIENTED_EDGE ( 'NONE', *, *, #6901, .T. ) ;
#1869 = EDGE_LOOP ( 'NONE', ( #4576, #1980 ) ) ;
#1870 = EDGE_CURVE ( 'NONE', #5559, #4944, #1081, .T. ) ;
#1871 = CARTESIAN_POINT ( 'NONE',  ( 18.03141721082655380, 45.19999999999998863, -11.70973925282314276 ) ) ;
#1872 = VERTEX_POINT ( 'NONE', #6490 ) ;
#1873 = DIRECTION ( 'NONE',  ( -0.000000000000000000, 1.000000000000000000, 3.061616997868383141E-16 ) ) ;
#1874 = FACE_OUTER_BOUND ( 'NONE', #8180, .T. ) ;
#1875 = EDGE_CURVE ( 'NONE', #7116, #6413, #8464, .T. ) ;
#1876 = AXIS2_PLACEMENT_3D ( 'NONE', #7034, #6255, #6138 ) ;
#1877 = CIRCLE ( 'NONE', #9396, 0.2500000000000002220 ) ;
#1878 = ORIENTED_EDGE ( 'NONE', *, *, #9794, .T. ) ;
#1879 = DIRECTION ( 'NONE',  ( 8.659560562354934091E-17, 0.7071067811865477948, -0.7071067811865473507 ) ) ;
#1880 = CARTESIAN_POINT ( 'NONE',  ( 19.15664027004985215, -80.41022924428168039, -9.760795744400358132 ) ) ;
#1881 = DIRECTION ( 'NONE',  ( 0.000000000000000000, -1.000000000000000000, -3.061616997868383141E-16 ) ) ;
#1882 = AXIS2_PLACEMENT_3D ( 'NONE', #6268, #19, #1748 ) ;
#1883 = EDGE_LOOP ( 'NONE', ( #9381, #6324, #743, #7583 ) ) ;
#1884 = ORIENTED_EDGE ( 'NONE', *, *, #4393, .F. ) ;
#1885 = AXIS2_PLACEMENT_3D ( 'NONE', #5560, #2798, #9155 ) ;
#1886 = EDGE_CURVE ( 'NONE', #7299, #7191, #768, .T. ) ;
#1887 = DIRECTION ( 'NONE',  ( 0.000000000000000000, -3.227392513445220839E-16, 1.000000000000000000 ) ) ;
#1888 = EDGE_CURVE ( 'NONE', #7722, #3488, #2829, .T. ) ;
#1889 = VECTOR ( 'NONE', #1659, 1000.000000000000000 ) ;
#1890 = DIRECTION ( 'NONE',  ( 0.000000000000000000, 0.000000000000000000, 1.000000000000000000 ) ) ;
#1891 = ORIENTED_EDGE ( 'NONE', *, *, #9693, .T. ) ;
#1892 = CARTESIAN_POINT ( 'NONE',  ( 0.000000000000000000, 79.00000000000000000, -15.39999999999999680 ) ) ;
#1893 = DIRECTION ( 'NONE',  ( -0.000000000000000000, 1.000000000000000000, 3.061616997868383141E-16 ) ) ;
#1894 = DIRECTION ( 'NONE',  ( 0.000000000000000000, 0.000000000000000000, 1.000000000000000000 ) ) ;
#1895 = CARTESIAN_POINT ( 'NONE',  ( -9.760795744400400764, 51.19999999999999574, -19.15664027004980596 ) ) ;
#1896 = CIRCLE ( 'NONE', #8473, 0.2500000000000002220 ) ;
#1898 = EDGE_CURVE ( 'NONE', #7056, #5266, #9966, .T. ) ;
#1897 = VECTOR ( 'NONE', #4215, 1000.000000000000000 ) ;
#1899 = AXIS2_PLACEMENT_3D ( 'NONE', #8193, #5590, #9194 ) ;
#1900 = DIRECTION ( 'NONE',  ( 0.000000000000000000, -3.384826294588890954E-16, 1.000000000000000000 ) ) ;
#1901 = ORIENTED_EDGE ( 'NONE', *, *, #10565, .F. ) ;
#1902 = DIRECTION ( 'NONE',  ( -0.000000000000000000, 1.000000000000000000, 3.061616997868383141E-16 ) ) ;
#1903 = DIRECTION ( 'NONE',  ( -2.465190328815661892E-32, 1.000000000000000000, 3.061616997868381169E-16 ) ) ;
#1904 = AXIS2_PLACEMENT_3D ( 'NONE', #9308, #3895, #4021 ) ;
#1905 = DIRECTION ( 'NONE',  ( -0.000000000000000000, 1.000000000000000000, 3.061616997868383141E-16 ) ) ;
#1906 = CARTESIAN_POINT ( 'NONE',  ( 0.000000000000000000, 87.50000000000001421, 3.730185188303422936E-15 ) ) ;
#1907 = VECTOR ( 'NONE', #8227, 1000.000000000000000 ) ;
#1908 = ORIENTED_EDGE ( 'NONE', *, *, #3091, .F. ) ;
#1909 = CYLINDRICAL_SURFACE ( 'NONE', #2071, 0.2500000000000002220 ) ;
#1910 = AXIS2_PLACEMENT_3D ( 'NONE', #7970, #9889, #1830 ) ;
#1911 = VECTOR ( 'NONE', #6336, 1000.000000000000000 ) ;
#1912 = CARTESIAN_POINT ( 'NONE',  ( -11.70973925282321915, -80.41022924428168039, -17.78141721082653604 ) ) ;
#1913 = CARTESIAN_POINT ( 'NONE',  ( 0.000000000000000000, 45.20000000000000995, -9.220454712679835547E-15 ) ) ;
#1914 = CARTESIAN_POINT ( 'NONE',  ( 19.64122733931587206, 45.19999999999998863, -8.494837826129771230 ) ) ;
#1915 = CIRCLE ( 'NONE', #7940, 0.2500000000000002220 ) ;
#1916 = ORIENTED_EDGE ( 'NONE', *, *, #11178, .F. ) ;
#1917 = CARTESIAN_POINT ( 'NONE',  ( -5.564609469704350886, 45.19999999999998863, -20.51740526521490082 ) ) ;
#1918 = VERTEX_POINT ( 'NONE', #4787 ) ;
#1919 = AXIS2_PLACEMENT_3D ( 'NONE', #641, #3471, #2571 ) ;
#1920 = LINE ( 'NONE', #976, #10350 ) ;
#1921 = CIRCLE ( 'NONE', #6997, 19.50000000000000355 ) ;
#1922 = CARTESIAN_POINT ( 'NONE',  ( -4.714331922579997780, 45.20000000000000284, 20.97677464539635039 ) ) ;
#1923 = AXIS2_PLACEMENT_3D ( 'NONE', #790, #7083, #10683 ) ;
#1924 = ORIENTED_EDGE ( 'NONE', *, *, #10758, .F. ) ;
#1925 = ADVANCED_FACE ( 'NONE', ( #295 ), #3909, .F. ) ;
#1926 = VECTOR ( 'NONE', #10957, 1000.000000000000000 ) ;
#1927 = DIRECTION ( 'NONE',  ( 0.000000000000000000, 0.000000000000000000, 1.000000000000000000 ) ) ;
#1928 = CIRCLE ( 'NONE', #219, 20.50000000000000355 ) ;
#1929 = ORIENTED_EDGE ( 'NONE', *, *, #11630, .F. ) ;
#1930 = AXIS2_PLACEMENT_3D ( 'NONE', #927, #9667, #1602 ) ;
#1931 = ORIENTED_EDGE ( 'NONE', *, *, #4818, .T. ) ;
#1932 = CARTESIAN_POINT ( 'NONE',  ( -9.760795744400400764, -80.41022924428168039, -19.15664027004984504 ) ) ;
#1933 = ORIENTED_EDGE ( 'NONE', *, *, #11028, .T. ) ;
#1934 = AXIS2_PLACEMENT_3D ( 'NONE', #10081, #5837, #241 ) ;
#1935 = DIRECTION ( 'NONE',  ( -0.000000000000000000, 1.000000000000000000, 3.061616997868383141E-16 ) ) ;
#1936 = ORIENTED_EDGE ( 'NONE', *, *, #3629, .T. ) ;
#1937 = VERTEX_POINT ( 'NONE', #4030 ) ;
#1938 = VECTOR ( 'NONE', #2886, 1000.000000000000000 ) ;
#1939 = DIRECTION ( 'NONE',  ( -2.465190328815661892E-32, 1.000000000000000000, 3.061616997868381662E-16 ) ) ;
#1940 = ORIENTED_EDGE ( 'NONE', *, *, #10611, .T. ) ;
#1941 = CARTESIAN_POINT ( 'NONE',  ( -21.23529932279548049, 45.19999999999998863, -3.363340998364744650 ) ) ;
#1942 = CARTESIAN_POINT ( 'NONE',  ( 20.36907980785160532, -80.41022924428168039, -6.881176337035097568 ) ) ;
#1943 = CIRCLE ( 'NONE', #8527, 21.50000000000000000 ) ;
#1944 = VERTEX_POINT ( 'NONE', #1389 ) ;
#1945 = EDGE_CURVE ( 'NONE', #3056, #4570, #10352, .T. ) ;
#1946 = CARTESIAN_POINT ( 'NONE',  ( 18.03141721082655380, -80.41022924428168039, -11.45973925282318007 ) ) ;
#1947 = DIRECTION ( 'NONE',  ( -4.930380657631323784E-32, 1.000000000000000000, 3.061616997868383634E-16 ) ) ;
#1948 = CARTESIAN_POINT ( 'NONE',  ( -6.643865379061097975, 51.20000000000000995, 20.44771510034589213 ) ) ;
#1949 = VERTEX_POINT ( 'NONE', #6723 ) ;
#1950 = ORIENTED_EDGE ( 'NONE', *, *, #6830, .F. ) ;
#1951 = DIRECTION ( 'NONE',  ( 1.848892746611746693E-32, 1.000000000000000000, 3.061616997868380676E-16 ) ) ;
#1952 = LINE ( 'NONE', #1113, #7925 ) ;
#1953 = ORIENTED_EDGE ( 'NONE', *, *, #7971, .T. ) ;
#1954 = DIRECTION ( 'NONE',  ( -2.465190328815661892E-32, 1.000000000000000000, 3.061616997868381169E-16 ) ) ;
#1955 = CARTESIAN_POINT ( 'NONE',  ( 0.000000000000000000, 87.50000000000001421, 3.730185188303422936E-15 ) ) ;
#1956 = EDGE_CURVE ( 'NONE', #10251, #6665, #4970, .T. ) ;
#1957 = EDGE_CURVE ( 'NONE', #336, #11319, #11218, .T. ) ;
#1958 = CYLINDRICAL_SURFACE ( 'NONE', #2494, 0.2500000000000002220 ) ;
#1959 = ORIENTED_EDGE ( 'NONE', *, *, #7412, .T. ) ;
#1960 = CARTESIAN_POINT ( 'NONE',  ( -20.44771510034585660, 45.19999999999998863, -6.393865379061154819 ) ) ;
#1961 = DIRECTION ( 'NONE',  ( -0.000000000000000000, 1.000000000000000000, 3.061616997868383141E-16 ) ) ;
#1962 = DIRECTION ( 'NONE',  ( 0.000000000000000000, 0.000000000000000000, -1.000000000000000000 ) ) ;
#1963 = DIRECTION ( 'NONE',  ( 0.000000000000000000, 0.000000000000000000, 1.000000000000000000 ) ) ;
#1964 = ORIENTED_EDGE ( 'NONE', *, *, #4625, .T. ) ;
#1965 = DIRECTION ( 'NONE',  ( 0.000000000000000000, -1.000000000000000000, -3.061616997868383141E-16 ) ) ;
#1966 = CARTESIAN_POINT ( 'NONE',  ( -5.322755903978973357, 45.19999999999998863, -20.83070497094752582 ) ) ;
#1967 = DIRECTION ( 'NONE',  ( 0.000000000000000000, 3.061616997868383141E-16, -1.000000000000000000 ) ) ;
#1968 = EDGE_CURVE ( 'NONE', #2639, #32, #10925, .T. ) ;
#1969 = LINE ( 'NONE', #11148, #304 ) ;
#1970 = ORIENTED_EDGE ( 'NONE', *, *, #7976, .F. ) ;
#1971 = CYLINDRICAL_SURFACE ( 'NONE', #1885, 0.2500000000000002220 ) ;
#1972 = ORIENTED_EDGE ( 'NONE', *, *, #10968, .F. ) ;
#1973 = CARTESIAN_POINT ( 'NONE',  ( -5.564609469704350886, 45.19999999999998863, -20.76740526521490082 ) ) ;
#1974 = DIRECTION ( 'NONE',  ( -4.930380657631323784E-32, 1.000000000000000000, 3.061616997868381662E-16 ) ) ;
#1975 = DIRECTION ( 'NONE',  ( 0.000000000000000000, 0.000000000000000000, 1.000000000000000000 ) ) ;
#1976 = ORIENTED_EDGE ( 'NONE', *, *, #4698, .T. ) ;
#1977 = FACE_OUTER_BOUND ( 'NONE', #3752, .T. ) ;
#1978 = ORIENTED_EDGE ( 'NONE', *, *, #10758, .T. ) ;
#1979 = CARTESIAN_POINT ( 'NONE',  ( -21.38222075041784365, 45.19999999999998863, 2.247361960254779856 ) ) ;
#1980 = ORIENTED_EDGE ( 'NONE', *, *, #7725, .T. ) ;
#1981 = DIRECTION ( 'NONE',  ( -0.000000000000000000, 1.000000000000000000, 3.061616997868383141E-16 ) ) ;
#1982 = ORIENTED_EDGE ( 'NONE', *, *, #1316, .F. ) ;
#1983 = DIRECTION ( 'NONE',  ( -0.000000000000000000, 1.000000000000000000, 3.061616997868383141E-16 ) ) ;
#1984 = DIRECTION ( 'NONE',  ( -4.930380657631323784E-32, 1.000000000000000000, 3.061616997868381169E-16 ) ) ;
#1985 = VERTEX_POINT ( 'NONE', #8564 ) ;
#1986 = DIRECTION ( 'NONE',  ( -0.000000000000000000, 1.000000000000000000, 3.061616997868383141E-16 ) ) ;
#1987 = EDGE_CURVE ( 'NONE', #3758, #260, #1441, .T. ) ;
#1988 = ORIENTED_EDGE ( 'NONE', *, *, #6356, .F. ) ;
#1989 = CARTESIAN_POINT ( 'NONE',  ( 0.000000000000000000, 45.20000000000000995, -9.220454712679835547E-15 ) ) ;
#1990 = ADVANCED_FACE ( 'NONE', ( #5782 ), #549, .F. ) ;
#1991 = DIRECTION ( 'NONE',  ( 2.465190328815661892E-32, 1.000000000000000000, 3.061616997868383141E-16 ) ) ;
#1992 = CARTESIAN_POINT ( 'NONE',  ( 0.000000000000000000, 87.50000000000001421, 3.730185188303422936E-15 ) ) ;
#1993 = VERTEX_POINT ( 'NONE', #3137 ) ;
#1994 = ORIENTED_EDGE ( 'NONE', *, *, #272, .T. ) ;
#1995 = FACE_OUTER_BOUND ( 'NONE', #4938, .T. ) ;
#1996 = VERTEX_POINT ( 'NONE', #10325 ) ;
#1997 = LINE ( 'NONE', #11020, #8873 ) ;
#1998 = AXIS2_PLACEMENT_3D ( 'NONE', #1989, #9186, #2651 ) ;
#1999 = EDGE_CURVE ( 'NONE', #2207, #3117, #5279, .T. ) ;
#2000 = CYLINDRICAL_SURFACE ( 'NONE', #6543, 15.40000000000000746 ) ;
#2001 = DIRECTION ( 'NONE',  ( 0.000000000000000000, 0.000000000000000000, 1.000000000000000000 ) ) ;
#2002 = FACE_OUTER_BOUND ( 'NONE', #2271, .T. ) ;
#2003 = VECTOR ( 'NONE', #7918, 1000.000000000000000 ) ;
#2004 = ORIENTED_EDGE ( 'NONE', *, *, #7988, .T. ) ;
#2005 = CONICAL_SURFACE ( 'NONE', #8041, 18.49999999999999645, 0.2094395102393203645 ) ;
#2006 = DIRECTION ( 'NONE',  ( -0.000000000000000000, 1.000000000000000000, 3.061616997868383141E-16 ) ) ;
#2007 = CARTESIAN_POINT ( 'NONE',  ( 16.70863817132489260, 51.20000000000000995, 13.53038840757148087 ) ) ;
#2008 = DIRECTION ( 'NONE',  ( 0.000000000000000000, -3.227392513445220839E-16, 1.000000000000000000 ) ) ;
#2009 = CARTESIAN_POINT ( 'NONE',  ( -10.75000000000014744, 51.19999999999999574, -18.61954618136531892 ) ) ;
#2010 = VERTEX_POINT ( 'NONE', #2256 ) ;
#2011 = DIRECTION ( 'NONE',  ( 0.000000000000000000, 0.000000000000000000, 1.000000000000000000 ) ) ;
#2012 = EDGE_CURVE ( 'NONE', #3488, #9991, #7719, .T. ) ;
#2013 = DIRECTION ( 'NONE',  ( -0.000000000000000000, 1.000000000000000000, 3.061616997868383141E-16 ) ) ;
#2014 = AXIS2_PLACEMENT_3D ( 'NONE', #4373, #2486, #5250 ) ;
#2015 = CIRCLE ( 'NONE', #123, 0.2500000000000011102 ) ;
#2016 = CYLINDRICAL_SURFACE ( 'NONE', #11055, 0.2500000000000002220 ) ;
#2017 = EDGE_CURVE ( 'NONE', #2799, #6819, #6771, .T. ) ;
#2018 = VECTOR ( 'NONE', #3750, 1000.000000000000000 ) ;
#2019 = ORIENTED_EDGE ( 'NONE', *, *, #11, .F. ) ;
#2020 = DIRECTION ( 'NONE',  ( 9.860761315262647568E-32, 1.000000000000000000, 3.061616997868382155E-16 ) ) ;
#2021 = ORIENTED_EDGE ( 'NONE', *, *, #2893, .F. ) ;
#2022 = CIRCLE ( 'NONE', #1280, 0.2500000000000002220 ) ;
#2023 = AXIS2_PLACEMENT_3D ( 'NONE', #1913, #4785, #11347 ) ;
#2024 = CARTESIAN_POINT ( 'NONE',  ( 19.74158195380339365, 45.19999999999998863, -8.515864134734938418 ) ) ;
#2025 = CYLINDRICAL_SURFACE ( 'NONE', #10168, 21.50000000000000355 ) ;
#2026 = VECTOR ( 'NONE', #772, 1000.000000000000000 ) ;
#2027 = DIRECTION ( 'NONE',  ( 0.000000000000000000, 0.000000000000000000, -1.000000000000000000 ) ) ;
#2028 = EDGE_CURVE ( 'NONE', #6856, #3831, #11351, .T. ) ;
#2029 = ADVANCED_FACE ( 'NONE', ( #4084 ), #6851, .T. ) ;
#2030 = VERTEX_POINT ( 'NONE', #6793 ) ;
#2031 = AXIS2_PLACEMENT_3D ( 'NONE', #5931, #7002, #517 ) ;
#2032 = CARTESIAN_POINT ( 'NONE',  ( 15.97761374776389331, 45.19999999999998863, -14.38630803671551028 ) ) ;
#2033 = ORIENTED_EDGE ( 'NONE', *, *, #3629, .F. ) ;
#2034 = CARTESIAN_POINT ( 'NONE',  ( 7.704910915223833534, -80.41022924428168039, -20.07197916968989304 ) ) ;
#2035 = EDGE_CURVE ( 'NONE', #982, #10634, #11339, .T. ) ;
#2036 = ORIENTED_EDGE ( 'NONE', *, *, #10316, .T. ) ;
#2037 = CYLINDRICAL_SURFACE ( 'NONE', #8230, 10.00000000000000000 ) ;
#2038 = ORIENTED_EDGE ( 'NONE', *, *, #4992, .T. ) ;
#2039 = FACE_OUTER_BOUND ( 'NONE', #4058, .T. ) ;
#2040 = DIRECTION ( 'NONE',  ( 0.000000000000000000, 0.000000000000000000, -1.000000000000000000 ) ) ;
#2041 = ORIENTED_EDGE ( 'NONE', *, *, #11142, .T. ) ;
#2042 = CARTESIAN_POINT ( 'NONE',  ( 3.116195710812345254, 45.19999999999998863, -21.27297168455581655 ) ) ;
#2043 = EDGE_CURVE ( 'NONE', #8186, #5739, #10448, .T. ) ;
#2044 = ORIENTED_EDGE ( 'NONE', *, *, #11280, .T. ) ;
#2045 = CARTESIAN_POINT ( 'NONE',  ( 0.000000000000000000, 3.750000000000000000, 8.948518023597374693 ) ) ;
#2046 = CARTESIAN_POINT ( 'NONE',  ( -20.16021269457240805, 51.19999999999999574, -7.470998869602486714 ) ) ;
#2047 = DIRECTION ( 'NONE',  ( 0.000000000000000000, 0.000000000000000000, 1.000000000000000000 ) ) ;
#2048 = EDGE_CURVE ( 'NONE', #11425, #7240, #5312, .T. ) ;
#2049 = ORIENTED_EDGE ( 'NONE', *, *, #1803, .T. ) ;
#2050 = EDGE_LOOP ( 'NONE', ( #1794, #7935, #6270, #755 ) ) ;
#2051 = CARTESIAN_POINT ( 'NONE',  ( -5.564609469704350886, 51.19999999999999574, -20.76740526521489727 ) ) ;
#2052 = VERTEX_POINT ( 'NONE', #8687 ) ;
#2053 = CARTESIAN_POINT ( 'NONE',  ( -17.53963331177542528, 45.20000000000000284, 12.43427775499880994 ) ) ;
#2054 = CIRCLE ( 'NONE', #165, 0.2500000000000002220 ) ;
#2055 = EDGE_CURVE ( 'NONE', #4358, #9573, #4731, .T. ) ;
#2056 = DIRECTION ( 'NONE',  ( -4.930380657631323784E-32, 1.000000000000000000, 3.061616997868381662E-16 ) ) ;
#2057 = DIRECTION ( 'NONE',  ( 0.000000000000000000, 0.000000000000000000, -1.000000000000000000 ) ) ;
#2058 = LINE ( 'NONE', #231, #5870 ) ;
#2059 = VECTOR ( 'NONE', #2020, 1000.000000000000000 ) ;
#2060 = EDGE_LOOP ( 'NONE', ( #3017, #6129, #8830, #5029 ) ) ;
#2061 = ORIENTED_EDGE ( 'NONE', *, *, #809, .T. ) ;
#2062 = DIRECTION ( 'NONE',  ( 0.000000000000000000, 0.000000000000000000, 1.000000000000000000 ) ) ;
#2063 = DIRECTION ( 'NONE',  ( 0.000000000000000000, 1.000000000000000000, 3.061616997868381662E-16 ) ) ;
#2064 = CARTESIAN_POINT ( 'NONE',  ( -21.49999999999998934, 45.19999999999998863, 2.390390551857470406E-13 ) ) ;
#2065 = ADVANCED_FACE ( 'NONE', ( #2439, #9623 ), #1563, .T. ) ;
#2066 = DIRECTION ( 'NONE',  ( -0.000000000000000000, 1.000000000000000000, 3.061616997868383141E-16 ) ) ;
#2067 = ORIENTED_EDGE ( 'NONE', *, *, #1678, .F. ) ;
#2068 = DIRECTION ( 'NONE',  ( -0.000000000000000000, 1.000000000000000000, 3.061616997868383141E-16 ) ) ;
#2069 = DIRECTION ( 'NONE',  ( -0.000000000000000000, 1.000000000000000000, 3.061616997868383141E-16 ) ) ;
#2070 = CIRCLE ( 'NONE', #8670, 10.00000000000000000 ) ;
#2071 = AXIS2_PLACEMENT_3D ( 'NONE', #853, #5501, #2620 ) ;
#2072 = AXIS2_PLACEMENT_3D ( 'NONE', #524, #457, #1359 ) ;
#2073 = CARTESIAN_POINT ( 'NONE',  ( 0.000000000000000000, 45.20000000000000995, -9.220454712679835547E-15 ) ) ;
#2074 = EDGE_CURVE ( 'NONE', #6295, #3027, #9805, .T. ) ;
#2075 = ORIENTED_EDGE ( 'NONE', *, *, #8103, .F. ) ;
#2076 = CARTESIAN_POINT ( 'NONE',  ( -21.38222075041788628, 51.19999999999999574, -2.247361960254321556 ) ) ;
#2077 = CARTESIAN_POINT ( 'NONE',  ( -11.70973925282284966, 45.20000000000000284, 18.03141721082676696 ) ) ;
#2078 = CIRCLE ( 'NONE', #4715, 0.2500000000000002220 ) ;
#2079 = DIRECTION ( 'NONE',  ( -0.000000000000000000, 1.000000000000000000, 3.061616997868383141E-16 ) ) ;
#2080 = VECTOR ( 'NONE', #6185, 1000.000000000000000 ) ;
#2081 = CIRCLE ( 'NONE', #11322, 16.76785065697083965 ) ;
#2082 = DIRECTION ( 'NONE',  ( 0.000000000000000000, -1.000000000000000000, -3.061616997868383141E-16 ) ) ;
#2083 = DIRECTION ( 'NONE',  ( 0.000000000000000000, -3.227392513445220839E-16, 1.000000000000000000 ) ) ;
#2084 = ORIENTED_EDGE ( 'NONE', *, *, #1663, .T. ) ;
#2085 = CYLINDRICAL_SURFACE ( 'NONE', #10108, 21.50000000000000355 ) ;
#2086 = CIRCLE ( 'NONE', #793, 15.40000000000001279 ) ;
#2087 = AXIS2_PLACEMENT_3D ( 'NONE', #1992, #11015, #1110 ) ;
#2088 = ORIENTED_EDGE ( 'NONE', *, *, #10523, .F. ) ;
#2089 = EDGE_CURVE ( 'NONE', #683, #5944, #11525, .T. ) ;
#2090 = ORIENTED_EDGE ( 'NONE', *, *, #9016, .T. ) ;
#2091 = LINE ( 'NONE', #1158, #1907 ) ;
#2092 = ORIENTED_EDGE ( 'NONE', *, *, #394, .F. ) ;
#2093 = CIRCLE ( 'NONE', #3039, 0.2500000000000002220 ) ;
#2094 = DIRECTION ( 'NONE',  ( -0.000000000000000000, 1.000000000000000000, 3.061616997868383141E-16 ) ) ;
#2095 = CARTESIAN_POINT ( 'NONE',  ( 15.20279579551068316, 51.19999999999999574, -15.20279579551082705 ) ) ;
#2096 = CIRCLE ( 'NONE', #4559, 19.25000000000000711 ) ;
#2097 = ORIENTED_EDGE ( 'NONE', *, *, #6475, .T. ) ;
#2098 = CARTESIAN_POINT ( 'NONE',  ( 6.881176337034839108, 51.20000000000000995, 20.36907980785169059 ) ) ;
#2099 = CIRCLE ( 'NONE', #2679, 21.50000000000000000 ) ;
#2100 = EDGE_CURVE ( 'NONE', #10649, #4498, #800, .T. ) ;
#2101 = VECTOR ( 'NONE', #1374, 1000.000000000000000 ) ;
#2102 = ADVANCED_FACE ( 'NONE', ( #10631 ), #1784, .F. ) ;
#2103 = ORIENTED_EDGE ( 'NONE', *, *, #6910, .F. ) ;
#2104 = CARTESIAN_POINT ( 'NONE',  ( 0.000000000000000000, 51.20000000000000995, -7.383484513958806747E-15 ) ) ;
#2105 = CIRCLE ( 'NONE', #7014, 15.40000000000000036 ) ;
#2106 = LINE ( 'NONE', #3833, #4451 ) ;
#2107 = CARTESIAN_POINT ( 'NONE',  ( 17.24574565275890592, 45.20000000000000284, 12.83877941551873469 ) ) ;
#2108 = CIRCLE ( 'NONE', #8714, 0.2500000000000002220 ) ;
#2109 = VERTEX_POINT ( 'NONE', #11634 ) ;
#2110 = VERTEX_POINT ( 'NONE', #11575 ) ;
#2111 = CARTESIAN_POINT ( 'NONE',  ( 0.000000000000000000, 87.50000000000001421, 3.730185188303422936E-15 ) ) ;
#2112 = ORIENTED_EDGE ( 'NONE', *, *, #10646, .T. ) ;
#2113 = CARTESIAN_POINT ( 'NONE',  ( 3.363340998364822809, 45.19999999999998863, -21.23529932279545562 ) ) ;
#2114 = AXIS2_PLACEMENT_3D ( 'NONE', #10113, #4699, #11009 ) ;
#2115 = VECTOR ( 'NONE', #9941, 1000.000000000000000 ) ;
#2116 = DIRECTION ( 'NONE',  ( -4.930380657631323784E-32, 1.000000000000000000, 3.061616997868383141E-16 ) ) ;
#2117 = CARTESIAN_POINT ( 'NONE',  ( 13.53038840757140804, -80.41022924428168039, -16.70863817132496365 ) ) ;
#2118 = CARTESIAN_POINT ( 'NONE',  ( -10.96577594754893958, 51.20000000000000995, 18.49328953615761861 ) ) ;
#2119 = EDGE_LOOP ( 'NONE', ( #5252, #4514, #8291, #4927 ) ) ;
#2120 = ORIENTED_EDGE ( 'NONE', *, *, #2089, .F. ) ;
#2121 = CIRCLE ( 'NONE', #8717, 21.50000000000000000 ) ;
#2122 = EDGE_CURVE ( 'NONE', #2973, #3644, #213, .T. ) ;
#2123 = EDGE_LOOP ( 'NONE', ( #4406, #4300, #7382, #3076 ) ) ;
#2124 = DIRECTION ( 'NONE',  ( 0.000000000000000000, 0.000000000000000000, 1.000000000000000000 ) ) ;
#2125 = FACE_OUTER_BOUND ( 'NONE', #8304, .T. ) ;
#2126 = CARTESIAN_POINT ( 'NONE',  ( 9.760795744400141416, 51.19999999999999574, -18.90664027004993741 ) ) ;
#2127 = CYLINDRICAL_SURFACE ( 'NONE', #6604, 21.50000000000000355 ) ;
#2128 = VERTEX_POINT ( 'NONE', #3556 ) ;
#2129 = CARTESIAN_POINT ( 'NONE',  ( -21.49999999999998934, 51.19999999999999574, 2.408760253844680426E-13 ) ) ;
#2130 = DIRECTION ( 'NONE',  ( 0.000000000000000000, -3.227392513445220839E-16, 1.000000000000000000 ) ) ;
#2131 = DIRECTION ( 'NONE',  ( 0.000000000000000000, 0.000000000000000000, 1.000000000000000000 ) ) ;
#2132 = EDGE_CURVE ( 'NONE', #9716, #11425, #2550, .T. ) ;
#2133 = ORIENTED_EDGE ( 'NONE', *, *, #3105, .T. ) ;
#2134 = CARTESIAN_POINT ( 'NONE',  ( -1.125223059223438904, 45.19999999999998863, -21.47053499722331082 ) ) ;
#2135 = CARTESIAN_POINT ( 'NONE',  ( 19.04184949573545538, 45.19999999999998863, 9.982883740771482550 ) ) ;
#2136 = CARTESIAN_POINT ( 'NONE',  ( 9.760795744400141416, 45.19999999999998863, -19.15664027004994097 ) ) ;
#2137 = ORIENTED_EDGE ( 'NONE', *, *, #11284, .F. ) ;
#2138 = DIRECTION ( 'NONE',  ( 0.000000000000000000, 0.000000000000000000, 1.000000000000000000 ) ) ;
#2139 = ORIENTED_EDGE ( 'NONE', *, *, #3332, .F. ) ;
#2140 = CARTESIAN_POINT ( 'NONE',  ( -21.49854651162791086, 51.19999999999999574, -0.2499957747069895542 ) ) ;
#2141 = ORIENTED_EDGE ( 'NONE', *, *, #11065, .T. ) ;
#2142 = DIRECTION ( 'NONE',  ( 0.000000000000000000, -3.227392513445222318E-16, 1.000000000000000000 ) ) ;
#2143 = CARTESIAN_POINT ( 'NONE',  ( 9.760795744400269314, 45.20000000000000284, 19.15664027004989833 ) ) ;
#2144 = ORIENTED_EDGE ( 'NONE', *, *, #10628, .T. ) ;
#2145 = VERTEX_POINT ( 'NONE', #6137 ) ;
#2146 = DIRECTION ( 'NONE',  ( -0.000000000000000000, 1.000000000000000000, 3.061616997868383141E-16 ) ) ;
#2147 = EDGE_LOOP ( 'NONE', ( #8825, #1675, #9243, #1840 ) ) ;
#2148 = CARTESIAN_POINT ( 'NONE',  ( 17.39386537906129604, 51.19999999999999574, -12.38738292428823407 ) ) ;
#2149 = DIRECTION ( 'NONE',  ( 0.000000000000000000, 0.000000000000000000, -1.000000000000000000 ) ) ;
#2150 = ORIENTED_EDGE ( 'NONE', *, *, #1039, .T. ) ;
#2151 = ADVANCED_FACE ( 'NONE', ( #7139 ), #4385, .F. ) ;
#2152 = CARTESIAN_POINT ( 'NONE',  ( 0.000000000000000000, 87.50000000000001421, 20.50000000000001066 ) ) ;
#2153 = ADVANCED_FACE ( 'NONE', ( #9730 ), #4433, .F. ) ;
#2154 = CARTESIAN_POINT ( 'NONE',  ( 0.000000000000000000, 80.00000000000000000, 2.449293598294706434E-14 ) ) ;
#2155 = EDGE_CURVE ( 'NONE', #3488, #7221, #2, .T. ) ;
#2156 = ORIENTED_EDGE ( 'NONE', *, *, #7611, .T. ) ;
#2157 = CARTESIAN_POINT ( 'NONE',  ( 19.98103174821858374, 45.19999999999998863, -7.937781193550256909 ) ) ;
#2158 = CYLINDRICAL_SURFACE ( 'NONE', #5160, 0.2500000000000002220 ) ;
#2159 = DIRECTION ( 'NONE',  ( -0.000000000000000000, 1.000000000000000000, 3.061616997868383141E-16 ) ) ;
#2160 = ORIENTED_EDGE ( 'NONE', *, *, #11096, .F. ) ;
#2161 = ORIENTED_EDGE ( 'NONE', *, *, #2351, .F. ) ;
#2162 = CARTESIAN_POINT ( 'NONE',  ( -1.374800153705647787, 45.20000000000000284, 21.45599973288056717 ) ) ;
#2163 = VERTEX_POINT ( 'NONE', #5261 ) ;
#2164 = CARTESIAN_POINT ( 'NONE',  ( 0.000000000000000000, 87.50000000000001421, 3.730185188303422936E-15 ) ) ;
#2165 = EDGE_CURVE ( 'NONE', #10715, #6287, #5375, .T. ) ;
#2166 = EDGE_CURVE ( 'NONE', #3044, #3315, #2668, .T. ) ;
#2167 = CARTESIAN_POINT ( 'NONE',  ( 0.000000000000000000, 87.50000000000001421, 3.730185188303422936E-15 ) ) ;
#2168 = DIRECTION ( 'NONE',  ( 0.000000000000000000, 0.000000000000000000, 1.000000000000000000 ) ) ;
#2169 = DIRECTION ( 'NONE',  ( -0.000000000000000000, 1.000000000000000000, 3.061616997868383141E-16 ) ) ;
#2170 = DIRECTION ( 'NONE',  ( 0.000000000000000000, 0.000000000000000000, -1.000000000000000000 ) ) ;
#2171 = ORIENTED_EDGE ( 'NONE', *, *, #6488, .T. ) ;
#2172 = VERTEX_POINT ( 'NONE', #5431 ) ;
#2173 = ORIENTED_EDGE ( 'NONE', *, *, #6105, .T. ) ;
#2174 = DIRECTION ( 'NONE',  ( -0.000000000000000000, 1.000000000000000000, 3.061616997868383141E-16 ) ) ;
#2175 = DIRECTION ( 'NONE',  ( 0.000000000000000000, 0.000000000000000000, 1.000000000000000000 ) ) ;
#2176 = EDGE_CURVE ( 'NONE', #6444, #7817, #3435, .T. ) ;
#2177 = DIRECTION ( 'NONE',  ( 0.000000000000000000, 0.000000000000000000, 1.000000000000000000 ) ) ;
#2178 = DIRECTION ( 'NONE',  ( -0.000000000000000000, 1.000000000000000000, 3.061616997868383141E-16 ) ) ;
#2179 = ORIENTED_EDGE ( 'NONE', *, *, #8503, .T. ) ;
#2180 = CARTESIAN_POINT ( 'NONE',  ( 6.881176337034716539, 51.19999999999999574, -20.36907980785174388 ) ) ;
#2181 = CYLINDRICAL_SURFACE ( 'NONE', #9454, 0.2500000000000002220 ) ;
#2182 = CARTESIAN_POINT ( 'NONE',  ( 2.241103642439657471E-15, 10.27282251965209170, -18.30000000000003268 ) ) ;
#2183 = CIRCLE ( 'NONE', #3704, 21.50000000000000000 ) ;
#2184 = CIRCLE ( 'NONE', #5212, 21.50000000000000000 ) ;
#2185 = VERTEX_POINT ( 'NONE', #9030 ) ;
#2186 = DIRECTION ( 'NONE',  ( 4.930380657631323784E-32, 1.000000000000000000, 3.061616997868382648E-16 ) ) ;
#2187 = CARTESIAN_POINT ( 'NONE',  ( -15.37854173159019666, -80.41022924428168039, -15.02499431646278261 ) ) ;
#2188 = ADVANCED_FACE ( 'NONE', ( #2614 ), #9846, .F. ) ;
#2189 = DIRECTION ( 'NONE',  ( 4.930380657631323784E-32, 1.000000000000000000, 3.061616997868383141E-16 ) ) ;
#2190 = ORIENTED_EDGE ( 'NONE', *, *, #6684, .T. ) ;
#2191 = CYLINDRICAL_SURFACE ( 'NONE', #583, 0.2500000000000002220 ) ;
#2192 = ORIENTED_EDGE ( 'NONE', *, *, #8741, .T. ) ;
#2193 = CARTESIAN_POINT ( 'NONE',  ( 21.40690689856073448, -80.41022924428168039, 1.998583757652483195 ) ) ;
#2194 = CIRCLE ( 'NONE', #4099, 0.2500000000000002220 ) ;
#2195 = ORIENTED_EDGE ( 'NONE', *, *, #4076, .T. ) ;
#2196 = EDGE_CURVE ( 'NONE', #2745, #8186, #2093, .T. ) ;
#2197 = AXIS2_PLACEMENT_3D ( 'NONE', #4748, #1981, #11002 ) ;
#2198 = AXIS2_PLACEMENT_3D ( 'NONE', #2167, #9302, #2300 ) ;
#2199 = DIRECTION ( 'NONE',  ( -0.000000000000000000, 1.000000000000000000, 3.061616997868383141E-16 ) ) ;
#2200 = DIRECTION ( 'NONE',  ( 0.000000000000000000, -1.000000000000000000, -3.061616997868383141E-16 ) ) ;
#2201 = ORIENTED_EDGE ( 'NONE', *, *, #6373, .T. ) ;
#2202 = CIRCLE ( 'NONE', #3902, 21.50000000000000000 ) ;
#2203 = ADVANCED_FACE ( 'NONE', ( #5202 ), #2726, .F. ) ;
#2204 = AXIS2_PLACEMENT_3D ( 'NONE', #3428, #3364, #6885 ) ;
#2205 = ORIENTED_EDGE ( 'NONE', *, *, #10153, .F. ) ;
#2206 = DIRECTION ( 'NONE',  ( 0.000000000000000000, -1.000000000000000000, -3.061616997868383141E-16 ) ) ;
#2207 = VERTEX_POINT ( 'NONE', #4777 ) ;
#2208 = DIRECTION ( 'NONE',  ( 0.000000000000000000, -3.227392513445220839E-16, 1.000000000000000000 ) ) ;
#2209 = AXIS2_PLACEMENT_3D ( 'NONE', #8700, #1453, #5979 ) ;
#2210 = DIRECTION ( 'NONE',  ( 0.000000000000000000, 0.000000000000000000, -1.000000000000000000 ) ) ;
#2211 = EDGE_CURVE ( 'NONE', #2693, #11062, #8255, .T. ) ;
#2212 = ORIENTED_EDGE ( 'NONE', *, *, #2351, .T. ) ;
#2213 = CARTESIAN_POINT ( 'NONE',  ( -12.63738292428795340, 45.20000000000000284, 17.39386537906152697 ) ) ;
#2214 = AXIS2_PLACEMENT_3D ( 'NONE', #4167, #3340, #5052 ) ;
#2215 = CIRCLE ( 'NONE', #9558, 21.50000000000000000 ) ;
#2216 = CARTESIAN_POINT ( 'NONE',  ( 0.000000000000000000, 87.50000000000001421, 3.730185188303422936E-15 ) ) ;
#2217 = CIRCLE ( 'NONE', #8622, 0.2500000000000002220 ) ;
#2218 = ORIENTED_EDGE ( 'NONE', *, *, #5668, .F. ) ;
#2219 = DIRECTION ( 'NONE',  ( 0.000000000000000000, -1.000000000000000000, -3.061616997868383141E-16 ) ) ;
#2220 = CARTESIAN_POINT ( 'NONE',  ( 2.247361960254412150, 51.19999999999999574, -21.38222075041786496 ) ) ;
#2221 = DIRECTION ( 'NONE',  ( -1.232595164407830946E-32, 1.000000000000000000, 3.061616997868383141E-16 ) ) ;
#2222 = CIRCLE ( 'NONE', #2420, 0.2500000000000002220 ) ;
#2223 = EDGE_CURVE ( 'NONE', #10319, #3294, #3990, .T. ) ;
#2224 = EDGE_CURVE ( 'NONE', #1534, #3171, #2843, .T. ) ;
#2225 = ORIENTED_EDGE ( 'NONE', *, *, #5938, .T. ) ;
#2226 = ORIENTED_EDGE ( 'NONE', *, *, #1026, .T. ) ;
#2227 = CARTESIAN_POINT ( 'NONE',  ( 16.70863817132489260, -80.41022924428169460, 13.53038840757144179 ) ) ;
#2228 = ORIENTED_EDGE ( 'NONE', *, *, #6846, .F. ) ;
#2229 = EDGE_CURVE ( 'NONE', #1937, #5691, #1739, .T. ) ;
#2230 = DIRECTION ( 'NONE',  ( 0.000000000000000000, -3.227392513445220839E-16, 1.000000000000000000 ) ) ;
#2231 = CARTESIAN_POINT ( 'NONE',  ( 0.000000000000000000, 45.20000000000000995, -9.220454712679835547E-15 ) ) ;
#2232 = ORIENTED_EDGE ( 'NONE', *, *, #7558, .T. ) ;
#2233 = DIRECTION ( 'NONE',  ( -1.232595164407830946E-32, 1.000000000000000000, 3.061616997868383141E-16 ) ) ;
#2234 = CARTESIAN_POINT ( 'NONE',  ( 0.000000000000000000, 87.50000000000001421, 19.50000000000000711 ) ) ;
#2235 = DIRECTION ( 'NONE',  ( 2.465190328815661892E-32, 1.000000000000000000, 3.061616997868380676E-16 ) ) ;
#2236 = VECTOR ( 'NONE', #7188, 1000.000000000000000 ) ;
#2237 = ORIENTED_EDGE ( 'NONE', *, *, #5542, .T. ) ;
#2238 = EDGE_CURVE ( 'NONE', #8002, #10159, #9633, .T. ) ;
#2239 = EDGE_CURVE ( 'NONE', #1761, #10121, #8316, .T. ) ;
#2240 = VERTEX_POINT ( 'NONE', #8154 ) ;
#2241 = DIRECTION ( 'NONE',  ( 0.000000000000000000, 0.000000000000000000, 1.000000000000000000 ) ) ;
#2242 = DIRECTION ( 'NONE',  ( -0.000000000000000000, 1.000000000000000000, 3.061616997868383141E-16 ) ) ;
#2243 = AXIS2_PLACEMENT_3D ( 'NONE', #2077, #187, #10211 ) ;
#2244 = CARTESIAN_POINT ( 'NONE',  ( 19.04184949573539853, 51.19999999999999574, -9.982883740771583803 ) ) ;
#2245 = DIRECTION ( 'NONE',  ( -0.000000000000000000, 1.000000000000000000, 3.061616997868383141E-16 ) ) ;
#2246 = VERTEX_POINT ( 'NONE', #234 ) ;
#2247 = CARTESIAN_POINT ( 'NONE',  ( 4.225266388133034567, 45.19999999999998863, -21.08072873382966961 ) ) ;
#2248 = LINE ( 'NONE', #10321, #9268 ) ;
#2249 = AXIS2_PLACEMENT_3D ( 'NONE', #9116, #3697, #7281 ) ;
#2250 = EDGE_CURVE ( 'NONE', #9678, #6240, #62, .T. ) ;
#2251 = FACE_OUTER_BOUND ( 'NONE', #268, .T. ) ;
#2252 = CIRCLE ( 'NONE', #6561, 0.2500000000000002220 ) ;
#2253 = CIRCLE ( 'NONE', #8456, 0.2500000000000002220 ) ;
#2254 = CARTESIAN_POINT ( 'NONE',  ( -16.14381341971859385, 45.19999999999998863, -14.19955239679452141 ) ) ;
#2255 = ORIENTED_EDGE ( 'NONE', *, *, #5027, .F. ) ;
#2256 = CARTESIAN_POINT ( 'NONE',  ( 17.53963331177552121, 45.19999999999998863, -12.43427775499868382 ) ) ;
#2257 = CARTESIAN_POINT ( 'NONE',  ( -5.564609469704350886, -80.41022924428168039, -20.51740526521493990 ) ) ;
#2258 = AXIS2_PLACEMENT_3D ( 'NONE', #7099, #8880, #7046 ) ;
#2259 = DIRECTION ( 'NONE',  ( 0.000000000000000000, -3.227392513445222318E-16, 1.000000000000000000 ) ) ;
#2260 = ORIENTED_EDGE ( 'NONE', *, *, #6581, .F. ) ;
#2261 = CARTESIAN_POINT ( 'NONE',  ( -1.125223059223438904, -80.41022924428168039, -21.47053499722334990 ) ) ;
#2262 = VERTEX_POINT ( 'NONE', #960 ) ;
#2263 = AXIS2_PLACEMENT_3D ( 'NONE', #7492, #7431, #2911 ) ;
#2264 = DIRECTION ( 'NONE',  ( -0.000000000000000000, 1.000000000000000000, 3.061616997868383141E-16 ) ) ;
#2265 = CIRCLE ( 'NONE', #9224, 21.50000000000000000 ) ;
#2266 = ORIENTED_EDGE ( 'NONE', *, *, #9521, .T. ) ;
#2267 = EDGE_CURVE ( 'NONE', #5520, #7706, #4930, .T. ) ;
#2268 = CARTESIAN_POINT ( 'NONE',  ( -13.72375690439561424, 51.20000000000000995, 16.55018116000708517 ) ) ;
#2269 = AXIS2_PLACEMENT_3D ( 'NONE', #7021, #3369, #6126 ) ;
#2270 = DIRECTION ( 'NONE',  ( -0.000000000000000000, 1.000000000000000000, 3.061616997868383141E-16 ) ) ;
#2271 = EDGE_LOOP ( 'NONE', ( #6867, #5110, #8065, #4663 ) ) ;
#2272 = VECTOR ( 'NONE', #4792, 1000.000000000000000 ) ;
#2273 = CIRCLE ( 'NONE', #5839, 21.50000000000000000 ) ;
#2274 = VERTEX_POINT ( 'NONE', #1960 ) ;
#2275 = DIRECTION ( 'NONE',  ( 0.000000000000000000, -3.227392513445220839E-16, 1.000000000000000000 ) ) ;
#2276 = ORIENTED_EDGE ( 'NONE', *, *, #5209, .T. ) ;
#2277 = CARTESIAN_POINT ( 'NONE',  ( -15.37854173158988402, -80.41022924428169460, 15.02499431646305617 ) ) ;
#2278 = EDGE_CURVE ( 'NONE', #11235, #6191, #3241, .T. ) ;
#2279 = DIRECTION ( 'NONE',  ( 0.000000000000000000, 0.000000000000000000, 1.000000000000000000 ) ) ;
#2280 = VECTOR ( 'NONE', #1695, 1000.000000000000000 ) ;
#2281 = ORIENTED_EDGE ( 'NONE', *, *, #10379, .T. ) ;
#2282 = DIRECTION ( 'NONE',  ( 0.000000000000000000, 3.061616997868383141E-16, -1.000000000000000000 ) ) ;
#2283 = AXIS2_PLACEMENT_3D ( 'NONE', #4544, #11569, #8195 ) ;
#2284 = VECTOR ( 'NONE', #6858, 1000.000000000000114 ) ;
#2285 = DIRECTION ( 'NONE',  ( -0.000000000000000000, 1.000000000000000000, 3.061616997868383141E-16 ) ) ;
#2286 = EDGE_LOOP ( 'NONE', ( #3049, #3586, #4055, #11474 ) ) ;
#2287 = DIRECTION ( 'NONE',  ( 0.000000000000000000, 0.000000000000000000, -1.000000000000000000 ) ) ;
#2288 = DIRECTION ( 'NONE',  ( 0.000000000000000000, -3.227392513445220839E-16, 1.000000000000000000 ) ) ;
#2289 = CARTESIAN_POINT ( 'NONE',  ( 0.000000000000000000, 87.50000000000001421, 3.730185188303422936E-15 ) ) ;
#2290 = AXIS2_PLACEMENT_3D ( 'NONE', #3425, #4415, #8007 ) ;
#2291 = EDGE_LOOP ( 'NONE', ( #6673, #6234, #10833, #5364 ) ) ;
#2292 = ORIENTED_EDGE ( 'NONE', *, *, #5393, .F. ) ;
#2293 = VECTOR ( 'NONE', #9695, 1000.000000000000000 ) ;
#2294 = LINE ( 'NONE', #9475, #4906 ) ;
#2295 = ORIENTED_EDGE ( 'NONE', *, *, #3393, .F. ) ;
#2296 = EDGE_CURVE ( 'NONE', #3059, #9943, #7946, .T. ) ;
#2297 = LINE ( 'NONE', #8478, #8883 ) ;
#2298 = EDGE_CURVE ( 'NONE', #5964, #371, #4374, .T. ) ;
#2299 = CIRCLE ( 'NONE', #10004, 21.50000000000000000 ) ;
#2300 = DIRECTION ( 'NONE',  ( 0.000000000000000000, 0.000000000000000000, 1.000000000000000000 ) ) ;
#2301 = ORIENTED_EDGE ( 'NONE', *, *, #3092, .T. ) ;
#2302 = CARTESIAN_POINT ( 'NONE',  ( 21.45599973288052809, -80.41022924428168039, 1.374800153706015493 ) ) ;
#2303 = DIRECTION ( 'NONE',  ( 0.000000000000000000, -1.000000000000000000, -3.061616997868383141E-16 ) ) ;
#2304 = DIRECTION ( 'NONE',  ( 0.000000000000000000, 1.000000000000000000, 3.061616997868383141E-16 ) ) ;
#2305 = ORIENTED_EDGE ( 'NONE', *, *, #10504, .F. ) ;
#2306 = ORIENTED_EDGE ( 'NONE', *, *, #4041, .T. ) ;
#2307 = ORIENTED_EDGE ( 'NONE', *, *, #9364, .F. ) ;
#2308 = LINE ( 'NONE', #11336, #4186 ) ;
#2309 = CARTESIAN_POINT ( 'NONE',  ( -5.322755903978969805, 51.19999999999999574, -20.83070497094750806 ) ) ;
#2310 = DIRECTION ( 'NONE',  ( 0.000000000000000000, 0.000000000000000000, 1.000000000000000000 ) ) ;
#2311 = CIRCLE ( 'NONE', #8902, 21.50000000000001066 ) ;
#2312 = CARTESIAN_POINT ( 'NONE',  ( -12.63738292428795340, -80.41022924428169460, 17.39386537906148789 ) ) ;
#2313 = ORIENTED_EDGE ( 'NONE', *, *, #3945, .T. ) ;
#2314 = CARTESIAN_POINT ( 'NONE',  ( 0.000000000000000000, 87.50000000000001421, 3.730185188303422936E-15 ) ) ;
#2315 = CIRCLE ( 'NONE', #4004, 21.50000000000001066 ) ;
#2316 = LINE ( 'NONE', #665, #11163 ) ;
#2317 = EDGE_CURVE ( 'NONE', #8630, #3027, #1191, .T. ) ;
#2318 = ADVANCED_FACE ( 'NONE', ( #4554 ), #10195, .F. ) ;
#2319 = CARTESIAN_POINT ( 'NONE',  ( -17.89404075541384387, 45.19999999999998863, -11.91861172467620555 ) ) ;
#2320 = AXIS2_PLACEMENT_3D ( 'NONE', #9951, #1893, #9779 ) ;
#2321 = FACE_OUTER_BOUND ( 'NONE', #2535, .T. ) ;
#2322 = EDGE_LOOP ( 'NONE', ( #3176, #4957, #1294, #7086 ) ) ;
#2323 = DIRECTION ( 'NONE',  ( 4.930380657631323784E-32, 1.000000000000000000, 3.061616997868383141E-16 ) ) ;
#2324 = LINE ( 'NONE', #4971, #357 ) ;
#2325 = FACE_OUTER_BOUND ( 'NONE', #929, .T. ) ;
#2326 = ORIENTED_EDGE ( 'NONE', *, *, #1198, .F. ) ;
#2327 = LINE ( 'NONE', #5034, #5102 ) ;
#2328 = VERTEX_POINT ( 'NONE', #7311 ) ;
#2329 = DIRECTION ( 'NONE',  ( 0.000000000000000000, 0.000000000000000000, 1.000000000000000000 ) ) ;
#2330 = DIRECTION ( 'NONE',  ( 0.000000000000000000, -1.000000000000000000, -3.061616997868383141E-16 ) ) ;
#2331 = ORIENTED_EDGE ( 'NONE', *, *, #9453, .F. ) ;
#2332 = ADVANCED_FACE ( 'NONE', ( #6362 ), #7421, .F. ) ;
#2333 = DIRECTION ( 'NONE',  ( 0.000000000000000000, -3.227392513445220839E-16, 1.000000000000000000 ) ) ;
#2334 = CARTESIAN_POINT ( 'NONE',  ( 15.02499431646304906, 45.20000000000000284, 15.37854173158994264 ) ) ;
#2335 = EDGE_CURVE ( 'NONE', #5733, #486, #3812, .T. ) ;
#2336 = ORIENTED_EDGE ( 'NONE', *, *, #3685, .T. ) ;
#2337 = ORIENTED_EDGE ( 'NONE', *, *, #3749, .T. ) ;
#2338 = CYLINDRICAL_SURFACE ( 'NONE', #10726, 0.2500000000000002220 ) ;
#2339 = ORIENTED_EDGE ( 'NONE', *, *, #5490, .F. ) ;
#2340 = CARTESIAN_POINT ( 'NONE',  ( 19.04184949573529906, 45.19999999999998863, -9.982883740771724135 ) ) ;
#2341 = ADVANCED_FACE ( 'NONE', ( #9259 ), #3893, .F. ) ;
#2342 = FACE_OUTER_BOUND ( 'NONE', #4945, .T. ) ;
#2343 = ORIENTED_EDGE ( 'NONE', *, *, #2984, .T. ) ;
#2344 = FACE_OUTER_BOUND ( 'NONE', #11174, .T. ) ;
#2345 = ORIENTED_EDGE ( 'NONE', *, *, #7399, .F. ) ;
#2346 = DIRECTION ( 'NONE',  ( 0.000000000000000000, 1.000000000000000000, 3.061616997868381662E-16 ) ) ;
#2347 = DIRECTION ( 'NONE',  ( -0.000000000000000000, 1.000000000000000000, 3.061616997868383141E-16 ) ) ;
#2348 = CARTESIAN_POINT ( 'NONE',  ( 10.96577594754908880, 51.19999999999999574, -18.49328953615754401 ) ) ;
#2349 = ORIENTED_EDGE ( 'NONE', *, *, #8008, .F. ) ;
#2350 = ORIENTED_EDGE ( 'NONE', *, *, #6113, .F. ) ;
#2351 = EDGE_CURVE ( 'NONE', #7772, #11355, #2681, .T. ) ;
#2352 = DIRECTION ( 'NONE',  ( -7.395570986446986770E-32, 1.000000000000000000, 3.061616997868381169E-16 ) ) ;
#2353 = ORIENTED_EDGE ( 'NONE', *, *, #6267, .F. ) ;
#2354 = CARTESIAN_POINT ( 'NONE',  ( 8.744837826129582936, 51.19999999999999574, -19.64122733931593956 ) ) ;
#2355 = EDGE_CURVE ( 'NONE', #10243, #11432, #7604, .T. ) ;
#2356 = LINE ( 'NONE', #9809, #8405 ) ;
#2357 = VERTEX_POINT ( 'NONE', #7723 ) ;
#2358 = CARTESIAN_POINT ( 'NONE',  ( 7.937781193549932723, 45.19999999999998863, -19.98103174821875783 ) ) ;
#2359 = DIRECTION ( 'NONE',  ( -0.000000000000000000, 1.000000000000000000, 3.061616997868383141E-16 ) ) ;
#2360 = DIRECTION ( 'NONE',  ( 0.000000000000000000, 0.000000000000000000, -1.000000000000000000 ) ) ;
#2361 = ORIENTED_EDGE ( 'NONE', *, *, #10723, .F. ) ;
#2362 = CARTESIAN_POINT ( 'NONE',  ( 0.000000000000000000, 74.75000000000000000, 18.24999999999999645 ) ) ;
#2363 = CARTESIAN_POINT ( 'NONE',  ( 6.405656115871707357, 51.20000000000000995, 20.52358569366461793 ) ) ;
#2364 = CARTESIAN_POINT ( 'NONE',  ( -20.16021269457244358, -80.41022924428168039, -7.470998869602361481 ) ) ;
#2365 = CARTESIAN_POINT ( 'NONE',  ( -21.19475577399843402, 45.19999999999998863, 3.610031534565813160 ) ) ;
#2366 = ORIENTED_EDGE ( 'NONE', *, *, #3324, .F. ) ;
#2367 = DIRECTION ( 'NONE',  ( -0.000000000000000000, 1.000000000000000000, 3.061616997868383141E-16 ) ) ;
#2368 = EDGE_CURVE ( 'NONE', #10121, #8118, #5945, .T. ) ;
#2369 = DIRECTION ( 'NONE',  ( 0.000000000000000000, 0.000000000000000000, 1.000000000000000000 ) ) ;
#2370 = ADVANCED_FACE ( 'NONE', ( #11153, #4833 ), #6889, .T. ) ;
#2371 = CARTESIAN_POINT ( 'NONE',  ( 8.744837826129582936, -80.41022924428168039, -19.64122733931598219 ) ) ;
#2372 = FACE_OUTER_BOUND ( 'NONE', #7249, .T. ) ;
#2373 = EDGE_LOOP ( 'NONE', ( #11074, #9702, #557, #6361 ) ) ;
#2374 = CARTESIAN_POINT ( 'NONE',  ( 0.000000000000000000, 51.20000000000000995, -7.383484513958806747E-15 ) ) ;
#2375 = DIRECTION ( 'NONE',  ( -2.465190328815661892E-32, 1.000000000000000000, 3.061616997868381169E-16 ) ) ;
#2376 = EDGE_CURVE ( 'NONE', #1944, #10776, #3123, .T. ) ;
#2377 = CARTESIAN_POINT ( 'NONE',  ( 12.83877941551868851, 45.19999999999998863, -17.24574565275895921 ) ) ;
#2378 = VERTEX_POINT ( 'NONE', #4067 ) ;
#2379 = CARTESIAN_POINT ( 'NONE',  ( 8.972629143562288689, 45.20000000000000284, 19.53821706942823155 ) ) ;
#2380 = ORIENTED_EDGE ( 'NONE', *, *, #5027, .T. ) ;
#2381 = DIRECTION ( 'NONE',  ( -0.000000000000000000, 1.000000000000000000, 3.061616997868383141E-16 ) ) ;
#2382 = DIRECTION ( 'NONE',  ( 0.000000000000000000, -1.000000000000000000, -3.061616997868383141E-16 ) ) ;
#2383 = ORIENTED_EDGE ( 'NONE', *, *, #3174, .T. ) ;
#2384 = EDGE_CURVE ( 'NONE', #3342, #6283, #1171, .T. ) ;
#2385 = AXIS2_PLACEMENT_3D ( 'NONE', #10327, #9681, #3203 ) ;
#2386 = CARTESIAN_POINT ( 'NONE',  ( -21.27297168455583076, 51.19999999999999574, -3.116195710812433628 ) ) ;
#2387 = AXIS2_PLACEMENT_3D ( 'NONE', #8352, #9238, #4000 ) ;
#2388 = VECTOR ( 'NONE', #8074, 1000.000000000000000 ) ;
#2389 = DIRECTION ( 'NONE',  ( 0.000000000000000000, 0.000000000000000000, 1.000000000000000000 ) ) ;
#2390 = VECTOR ( 'NONE', #1550, 1000.000000000000000 ) ;
#2391 = ORIENTED_EDGE ( 'NONE', *, *, #4972, .F. ) ;
#2392 = EDGE_LOOP ( 'NONE', ( #9918, #6400, #2919, #11509 ) ) ;
#2393 = CARTESIAN_POINT ( 'NONE',  ( 0.000000000000000000, 45.20000000000000995, -9.220454712679835547E-15 ) ) ;
#2394 = VERTEX_POINT ( 'NONE', #7662 ) ;
#2395 = CIRCLE ( 'NONE', #7271, 0.2500000000000002220 ) ;
#2396 = EDGE_CURVE ( 'NONE', #4600, #11300, #2308, .T. ) ;
#2397 = ADVANCED_FACE ( 'NONE', ( #8674 ), #6839, .T. ) ;
#2398 = CARTESIAN_POINT ( 'NONE',  ( -2.495836301044245698, 45.20000000000000284, 21.35464355025365180 ) ) ;
#2399 = AXIS2_PLACEMENT_3D ( 'NONE', #1028, #970, #8211 ) ;
#2400 = DIRECTION ( 'NONE',  ( -0.000000000000000000, 1.000000000000000000, 3.061616997868383141E-16 ) ) ;
#2401 = ORIENTED_EDGE ( 'NONE', *, *, #10504, .T. ) ;
#2402 = CIRCLE ( 'NONE', #11441, 0.2500000000000002220 ) ;
#2403 = CARTESIAN_POINT ( 'NONE',  ( -8.744837826129849390, 51.19999999999999574, -19.39122733931582587 ) ) ;
#2404 = AXIS2_PLACEMENT_3D ( 'NONE', #9750, #10467, #10593 ) ;
#2405 = AXIS2_PLACEMENT_3D ( 'NONE', #7987, #2557, #11583 ) ;
#2406 = EDGE_CURVE ( 'NONE', #1190, #10609, #9813, .T. ) ;
#2407 = AXIS2_PLACEMENT_3D ( 'NONE', #4604, #8252, #167 ) ;
#2408 = ORIENTED_EDGE ( 'NONE', *, *, #8798, .F. ) ;
#2409 = DIRECTION ( 'NONE',  ( -0.000000000000000000, 1.000000000000000000, 3.061616997868383141E-16 ) ) ;
#2410 = DIRECTION ( 'NONE',  ( 0.000000000000000000, 0.000000000000000000, 1.000000000000000000 ) ) ;
#2411 = FACE_OUTER_BOUND ( 'NONE', #9050, .T. ) ;
#2412 = ORIENTED_EDGE ( 'NONE', *, *, #4655, .F. ) ;
#2413 = ORIENTED_EDGE ( 'NONE', *, *, #7707, .T. ) ;
#2414 = CIRCLE ( 'NONE', #4850, 0.2500000000000002220 ) ;
#2415 = CIRCLE ( 'NONE', #6726, 21.50000000000001066 ) ;
#2416 = CARTESIAN_POINT ( 'NONE',  ( 0.000000000000000000, 45.20000000000000995, -9.220454712679835547E-15 ) ) ;
#2417 = VERTEX_POINT ( 'NONE', #6778 ) ;
#2418 = CARTESIAN_POINT ( 'NONE',  ( 17.53963331177567397, 45.20000000000000284, 12.43427775499842980 ) ) ;
#2419 = DIRECTION ( 'NONE',  ( -0.000000000000000000, 1.000000000000000000, 3.061616997868383141E-16 ) ) ;
#2420 = AXIS2_PLACEMENT_3D ( 'NONE', #7768, #5877, #2522 ) ;
#2421 = ORIENTED_EDGE ( 'NONE', *, *, #3751, .F. ) ;
#2422 = DIRECTION ( 'NONE',  ( -7.395570986446986770E-32, 1.000000000000000000, 3.061616997868381662E-16 ) ) ;
#2423 = DIRECTION ( 'NONE',  ( 0.000000000000000000, -3.227392513445222318E-16, 1.000000000000000000 ) ) ;
#2424 = CARTESIAN_POINT ( 'NONE',  ( 20.83070497094754003, 45.19999999999998863, -5.322755903978881875 ) ) ;
#2425 = EDGE_LOOP ( 'NONE', ( #4963, #5405, #5796, #91 ) ) ;
#2426 = CARTESIAN_POINT ( 'NONE',  ( -19.26884090911980962, 45.19999999999998863, -9.537388008203821599 ) ) ;
#2427 = CYLINDRICAL_SURFACE ( 'NONE', #5753, 0.2500000000000002220 ) ;
#2428 = CARTESIAN_POINT ( 'NONE',  ( 4.470101352581692389, 45.19999999999998863, -20.78017341577682231 ) ) ;
#2429 = DIRECTION ( 'NONE',  ( -6.162975822039154730E-33, 1.000000000000000000, 3.061616997868383141E-16 ) ) ;
#2430 = ORIENTED_EDGE ( 'NONE', *, *, #4131, .T. ) ;
#2431 = EDGE_CURVE ( 'NONE', #9943, #5591, #10378, .T. ) ;
#2432 = LINE ( 'NONE', #4138, #9233 ) ;
#2433 = CARTESIAN_POINT ( 'NONE',  ( -21.45599973288053164, 51.19999999999999574, 1.374800153706188466 ) ) ;
#2434 = CARTESIAN_POINT ( 'NONE',  ( -6.643865379061518084, -80.41022924428168039, -20.19771510034576423 ) ) ;
#2435 = CARTESIAN_POINT ( 'NONE',  ( 21.23529932279543431, 51.19999999999999574, -3.363340998365024870 ) ) ;
#2436 = VECTOR ( 'NONE', #6909, 1000.000000000000000 ) ;
#2437 = ADVANCED_FACE ( 'NONE', ( #8426 ), #5895, .T. ) ;
#2438 = VERTEX_POINT ( 'NONE', #8492 ) ;
#2439 = FACE_OUTER_BOUND ( 'NONE', #4809, .T. ) ;
#2440 = CARTESIAN_POINT ( 'NONE',  ( 15.97761374776389331, -80.41022924428168039, -14.13630803671554759 ) ) ;
#2441 = CARTESIAN_POINT ( 'NONE',  ( 13.33519049100564757, -80.41022924428169460, 16.86483603740608572 ) ) ;
#2442 = ORIENTED_EDGE ( 'NONE', *, *, #5161, .T. ) ;
#2443 = DIRECTION ( 'NONE',  ( 0.000000000000000000, 0.000000000000000000, 1.000000000000000000 ) ) ;
#2444 = ORIENTED_EDGE ( 'NONE', *, *, #6995, .F. ) ;
#2445 = CARTESIAN_POINT ( 'NONE',  ( -6.643865379061097975, 45.20000000000000284, 20.44771510034588857 ) ) ;
#2446 = CIRCLE ( 'NONE', #562, 21.50000000000001066 ) ;
#2447 = CARTESIAN_POINT ( 'NONE',  ( 0.000000000000000000, 87.50000000000001421, 3.730185188303422936E-15 ) ) ;
#2448 = VERTEX_POINT ( 'NONE', #4133 ) ;
#2449 = AXIS2_PLACEMENT_3D ( 'NONE', #1019, #7422, #10028 ) ;
#2450 = CIRCLE ( 'NONE', #8660, 0.2500000000000002220 ) ;
#2451 = CARTESIAN_POINT ( 'NONE',  ( 9.982883740771674397, -80.41022924428169460, 19.04184949573530616 ) ) ;
#2452 = EDGE_CURVE ( 'NONE', #3456, #2378, #8141, .T. ) ;
#2453 = ORIENTED_EDGE ( 'NONE', *, *, #3918, .F. ) ;
#2454 = DIRECTION ( 'NONE',  ( 0.000000000000000000, 0.000000000000000000, 1.000000000000000000 ) ) ;
#2455 = ORIENTED_EDGE ( 'NONE', *, *, #5747, .F. ) ;
#2456 = CIRCLE ( 'NONE', #3197, 15.40000000000000036 ) ;
#2457 = VECTOR ( 'NONE', #9432, 1000.000000000000000 ) ;
#2458 = LINE ( 'NONE', #6050, #179 ) ;
#2459 = CARTESIAN_POINT ( 'NONE',  ( 2.510525938252074481E-15, 61.70000000000001705, -20.50000000000000355 ) ) ;
#2460 = ORIENTED_EDGE ( 'NONE', *, *, #9853, .T. ) ;
#2461 = CARTESIAN_POINT ( 'NONE',  ( 0.000000000000000000, 45.20000000000000995, -9.220454712679835547E-15 ) ) ;
#2462 = EDGE_CURVE ( 'NONE', #9733, #11341, #611, .T. ) ;
#2463 = CIRCLE ( 'NONE', #10763, 21.50000000000000000 ) ;
#2464 = CIRCLE ( 'NONE', #3407, 21.50000000000000000 ) ;
#2465 = ORIENTED_EDGE ( 'NONE', *, *, #7945, .T. ) ;
#2466 = CARTESIAN_POINT ( 'NONE',  ( -17.53963331177575569, -80.41022924428168039, -12.43427775499832322 ) ) ;
#2467 = CARTESIAN_POINT ( 'NONE',  ( 16.70863817132479667, -80.41022924428168039, -13.53038840757160521 ) ) ;
#2468 = CIRCLE ( 'NONE', #2269, 0.2500000000000002220 ) ;
#2469 = VERTEX_POINT ( 'NONE', #10498 ) ;
#2470 = ORIENTED_EDGE ( 'NONE', *, *, #1999, .F. ) ;
#2472 = EDGE_CURVE ( 'NONE', #581, #758, #10252, .T. ) ;
#2471 = AXIS2_PLACEMENT_3D ( 'NONE', #9084, #7075, #2663 ) ;
#2473 = CIRCLE ( 'NONE', #5840, 21.50000000000001066 ) ;
#2474 = DIRECTION ( 'NONE',  ( 0.000000000000000000, 1.000000000000000000, 3.061616997868382648E-16 ) ) ;
#2475 = ORIENTED_EDGE ( 'NONE', *, *, #845, .F. ) ;
#2476 = DIRECTION ( 'NONE',  ( 9.860761315262647568E-32, 1.000000000000000000, 3.061616997868382648E-16 ) ) ;
#2477 = ORIENTED_EDGE ( 'NONE', *, *, #7875, .F. ) ;
#2478 = CYLINDRICAL_SURFACE ( 'NONE', #10692, 0.2500000000000002220 ) ;
#2479 = VECTOR ( 'NONE', #4885, 1000.000000000000000 ) ;
#2480 = CARTESIAN_POINT ( 'NONE',  ( 0.000000000000000000, 70.04536989052154183, -19.50000000000000000 ) ) ;
#2481 = DIRECTION ( 'NONE',  ( -0.000000000000000000, 1.000000000000000000, 3.061616997868383141E-16 ) ) ;
#2482 = AXIS2_PLACEMENT_3D ( 'NONE', #7167, #1037, #10946 ) ;
#2483 = ORIENTED_EDGE ( 'NONE', *, *, #4573, .T. ) ;
#2484 = FACE_OUTER_BOUND ( 'NONE', #93, .T. ) ;
#2485 = FACE_OUTER_BOUND ( 'NONE', #5193, .T. ) ;
#2486 = DIRECTION ( 'NONE',  ( -0.000000000000000000, 1.000000000000000000, 3.061616997868383141E-16 ) ) ;
#2487 = AXIS2_PLACEMENT_3D ( 'NONE', #4257, #7978, #8029 ) ;
#2488 = DIRECTION ( 'NONE',  ( 0.000000000000000000, -3.227392513445220839E-16, 1.000000000000000000 ) ) ;
#2489 = VERTEX_POINT ( 'NONE', #11206 ) ;
#2490 = CARTESIAN_POINT ( 'NONE',  ( 7.470998869602577308, 51.19999999999999574, -20.16021269457237963 ) ) ;
#2491 = CIRCLE ( 'NONE', #24, 18.30000000000000782 ) ;
#2492 = AXIS2_PLACEMENT_3D ( 'NONE', #6196, #1674, #3455 ) ;
#2493 = CARTESIAN_POINT ( 'NONE',  ( -21.38222075041788628, 45.19999999999998863, -1.997361960254323110 ) ) ;
#2494 = AXIS2_PLACEMENT_3D ( 'NONE', #8200, #10978, #1121 ) ;
#2495 = CARTESIAN_POINT ( 'NONE',  ( -21.08072873382970513, 45.19999999999998863, -4.225266388132938644 ) ) ;
#2496 = AXIS2_PLACEMENT_3D ( 'NONE', #7899, #6394, #2752 ) ;
#2497 = EDGE_CURVE ( 'NONE', #7886, #7088, #7193, .T. ) ;
#2498 = CIRCLE ( 'NONE', #226, 21.50000000000000000 ) ;
#2499 = ORIENTED_EDGE ( 'NONE', *, *, #6416, .F. ) ;
#2500 = DIRECTION ( 'NONE',  ( 0.000000000000000000, 0.000000000000000000, 1.000000000000000000 ) ) ;
#2501 = DIRECTION ( 'NONE',  ( 0.000000000000000000, -1.000000000000000000, -3.061616997868383141E-16 ) ) ;
#2502 = AXIS2_PLACEMENT_3D ( 'NONE', #1599, #9768, #1769 ) ;
#2503 = CARTESIAN_POINT ( 'NONE',  ( 0.000000000000000000, 51.20000000000000995, -7.383484513958806747E-15 ) ) ;
#2504 = ORIENTED_EDGE ( 'NONE', *, *, #259, .F. ) ;
#2505 = ORIENTED_EDGE ( 'NONE', *, *, #6341, .F. ) ;
#2506 = CARTESIAN_POINT ( 'NONE',  ( 11.70973925282297579, 51.19999999999999574, -18.03141721082665683 ) ) ;
#2507 = EDGE_CURVE ( 'NONE', #9258, #6147, #4565, .T. ) ;
#2508 = ORIENTED_EDGE ( 'NONE', *, *, #10928, .F. ) ;
#2509 = CIRCLE ( 'NONE', #4950, 0.2500000000000002220 ) ;
#2510 = LINE ( 'NONE', #1791, #7289 ) ;
#2511 = EDGE_CURVE ( 'NONE', #11463, #9406, #597, .T. ) ;
#2512 = ORIENTED_EDGE ( 'NONE', *, *, #958, .T. ) ;
#2513 = DIRECTION ( 'NONE',  ( 0.000000000000000000, -1.000000000000000000, -3.061616997868383141E-16 ) ) ;
#2514 = VERTEX_POINT ( 'NONE', #2426 ) ;
#2515 = AXIS2_PLACEMENT_3D ( 'NONE', #8335, #9215, #8510 ) ;
#2516 = CARTESIAN_POINT ( 'NONE',  ( -3.116195710812806663, 45.19999999999998863, -21.27297168455579879 ) ) ;
#2517 = DIRECTION ( 'NONE',  ( 0.000000000000000000, 0.000000000000000000, 1.000000000000000000 ) ) ;
#2518 = ORIENTED_EDGE ( 'NONE', *, *, #5209, .F. ) ;
#2519 = ORIENTED_EDGE ( 'NONE', *, *, #4624, .F. ) ;
#2520 = LINE ( 'NONE', #6108, #2293 ) ;
#2521 = EDGE_LOOP ( 'NONE', ( #3136, #351, #9627, #10059 ) ) ;
#2522 = DIRECTION ( 'NONE',  ( 0.000000000000000000, 0.000000000000000000, -1.000000000000000000 ) ) ;
#2523 = CARTESIAN_POINT ( 'NONE',  ( -11.70973925282284966, -80.41022924428169460, 18.03141721082672788 ) ) ;
#2524 = VERTEX_POINT ( 'NONE', #4633 ) ;
#2525 = VERTEX_POINT ( 'NONE', #10885 ) ;
#2526 = ORIENTED_EDGE ( 'NONE', *, *, #9026, .T. ) ;
#2527 = EDGE_CURVE ( 'NONE', #2815, #10049, #11348, .T. ) ;
#2528 = EDGE_CURVE ( 'NONE', #7015, #9410, #7567, .T. ) ;
#2529 = DIRECTION ( 'NONE',  ( -0.000000000000000000, 1.000000000000000000, 3.061616997868383141E-16 ) ) ;
#2530 = ADVANCED_FACE ( 'NONE', ( #2484 ), #6081, .T. ) ;
#2531 = ORIENTED_EDGE ( 'NONE', *, *, #10852, .T. ) ;
#2532 = CARTESIAN_POINT ( 'NONE',  ( -21.08072873382959145, 51.19999999999999574, 4.225266388133576356 ) ) ;
#2533 = DIRECTION ( 'NONE',  ( 0.000000000000000000, -3.227392513445222318E-16, 1.000000000000000000 ) ) ;
#2534 = EDGE_CURVE ( 'NONE', #3342, #6740, #9081, .T. ) ;
#2535 = EDGE_LOOP ( 'NONE', ( #3781, #931, #5648, #2171 ) ) ;
#2536 = DIRECTION ( 'NONE',  ( 0.000000000000000000, -1.000000000000000000, -3.061616997868383141E-16 ) ) ;
#2537 = CARTESIAN_POINT ( 'NONE',  ( 20.07197916968984686, -80.41022924428168039, 7.704910915223875278 ) ) ;
#2538 = DIRECTION ( 'NONE',  ( 9.860761315262647568E-32, 1.000000000000000000, 3.061616997868382155E-16 ) ) ;
#2539 = VERTEX_POINT ( 'NONE', #4309 ) ;
#2540 = CARTESIAN_POINT ( 'NONE',  ( -13.53038840757129968, -80.41022924428169460, 16.70863817132500273 ) ) ;
#2541 = ADVANCED_FACE ( 'NONE', ( #7172 ), #4521, .F. ) ;
#2542 = CARTESIAN_POINT ( 'NONE',  ( -21.23529932279548049, 51.19999999999999574, -3.363340998364742873 ) ) ;
#2543 = EDGE_CURVE ( 'NONE', #9770, #6266, #9992, .T. ) ;
#2544 = CYLINDRICAL_SURFACE ( 'NONE', #9598, 21.50000000000000355 ) ;
#2545 = ORIENTED_EDGE ( 'NONE', *, *, #1012, .T. ) ;
#2546 = DIRECTION ( 'NONE',  ( -0.000000000000000000, 1.000000000000000000, 3.061616997868383141E-16 ) ) ;
#2547 = CARTESIAN_POINT ( 'NONE',  ( -15.20279579551089455, 51.19999999999999574, -15.20279579551061389 ) ) ;
#2548 = CARTESIAN_POINT ( 'NONE',  ( 20.44771510034576067, -80.41022924428168039, -6.393865379061475451 ) ) ;
#2549 = ORIENTED_EDGE ( 'NONE', *, *, #1898, .F. ) ;
#2550 = LINE ( 'NONE', #8922, #22 ) ;
#2551 = CARTESIAN_POINT ( 'NONE',  ( 14.38630803671536462, 45.19999999999998863, -15.97761374776402654 ) ) ;
#2552 = DIRECTION ( 'NONE',  ( -0.000000000000000000, 1.000000000000000000, 3.061616997868383141E-16 ) ) ;
#2553 = EDGE_LOOP ( 'NONE', ( #3228, #1361, #2090, #11578 ) ) ;
#2554 = DIRECTION ( 'NONE',  ( -0.000000000000000000, 1.000000000000000000, 3.061616997868383141E-16 ) ) ;
#2555 = VERTEX_POINT ( 'NONE', #8122 ) ;
#2556 = CARTESIAN_POINT ( 'NONE',  ( 0.000000000000000000, 45.20000000000000995, -9.220454712679835547E-15 ) ) ;
#2557 = DIRECTION ( 'NONE',  ( -0.000000000000000000, 1.000000000000000000, 3.061616997868383141E-16 ) ) ;
#2558 = EDGE_CURVE ( 'NONE', #10121, #2240, #4505, .T. ) ;
#2559 = ADVANCED_FACE ( 'NONE', ( #36 ), #3650, .F. ) ;
#2560 = ORIENTED_EDGE ( 'NONE', *, *, #2960, .F. ) ;
#2561 = CYLINDRICAL_SURFACE ( 'NONE', #1690, 8.698518023597397786 ) ;
#2562 = ORIENTED_EDGE ( 'NONE', *, *, #8671, .F. ) ;
#2563 = DIRECTION ( 'NONE',  ( 0.000000000000000000, -3.227392513445222318E-16, 1.000000000000000000 ) ) ;
#2564 = DIRECTION ( 'NONE',  ( 0.000000000000000000, -1.000000000000000000, -3.061616997868383141E-16 ) ) ;
#2565 = EDGE_LOOP ( 'NONE', ( #9577, #5207, #9776, #7654 ) ) ;
#2566 = EDGE_CURVE ( 'NONE', #6000, #1770, #5188, .T. ) ;
#2567 = AXIS2_PLACEMENT_3D ( 'NONE', #3535, #11388, #3301 ) ;
#2568 = EDGE_CURVE ( 'NONE', #3172, #5357, #8450, .T. ) ;
#2569 = AXIS2_PLACEMENT_3D ( 'NONE', #4556, #9732, #9900 ) ;
#2570 = EDGE_LOOP ( 'NONE', ( #8351, #9814, #8143, #430 ) ) ;
#2571 = DIRECTION ( 'NONE',  ( 0.000000000000000000, 0.000000000000000000, 1.000000000000000000 ) ) ;
#2572 = AXIS2_PLACEMENT_3D ( 'NONE', #11330, #5133, #10435 ) ;
#2573 = ORIENTED_EDGE ( 'NONE', *, *, #3674, .T. ) ;
#2574 = DIRECTION ( 'NONE',  ( 9.860761315262647568E-32, 1.000000000000000000, 3.061616997868382155E-16 ) ) ;
#2575 = CARTESIAN_POINT ( 'NONE',  ( 7.937781193550203618, 45.20000000000000284, 19.98103174821862638 ) ) ;
#2576 = EDGE_LOOP ( 'NONE', ( #8746, #6311, #10894, #2190 ) ) ;
#2577 = EDGE_CURVE ( 'NONE', #5531, #2489, #10825, .T. ) ;
#2578 = CIRCLE ( 'NONE', #5584, 21.50000000000001066 ) ;
#2579 = ORIENTED_EDGE ( 'NONE', *, *, #9375, .F. ) ;
#2580 = EDGE_LOOP ( 'NONE', ( #807, #1868, #3483, #6223 ) ) ;
#2581 = DIRECTION ( 'NONE',  ( -0.000000000000000000, 1.000000000000000000, 3.061616997868383141E-16 ) ) ;
#2582 = EDGE_LOOP ( 'NONE', ( #2276, #8176, #9523, #7919 ) ) ;
#2583 = CYLINDRICAL_SURFACE ( 'NONE', #5980, 21.50000000000000355 ) ;
#2584 = DIRECTION ( 'NONE',  ( 0.000000000000000000, 0.000000000000000000, -1.000000000000000000 ) ) ;
#2585 = CIRCLE ( 'NONE', #706, 21.50000000000000000 ) ;
#2586 = AXIS2_PLACEMENT_3D ( 'NONE', #644, #7823, #7502 ) ;
#2587 = VECTOR ( 'NONE', #2422, 1000.000000000000000 ) ;
#2588 = VECTOR ( 'NONE', #4861, 1000.000000000000000 ) ;
#2589 = EDGE_CURVE ( 'NONE', #11152, #4704, #7834, .T. ) ;
#2590 = ORIENTED_EDGE ( 'NONE', *, *, #11284, .T. ) ;
#2591 = EDGE_CURVE ( 'NONE', #11659, #10002, #1687, .T. ) ;
#2592 = LINE ( 'NONE', #8839, #2026 ) ;
#2593 = DIRECTION ( 'NONE',  ( -0.000000000000000000, 1.000000000000000000, 3.061616997868383141E-16 ) ) ;
#2594 = CARTESIAN_POINT ( 'NONE',  ( 0.000000000000000000, 51.20000000000000995, -7.383484513958806747E-15 ) ) ;
#2595 = AXIS2_PLACEMENT_3D ( 'NONE', #10727, #8957, #8079 ) ;
#2596 = AXIS2_PLACEMENT_3D ( 'NONE', #7429, #4501, #6486 ) ;
#2597 = EDGE_LOOP ( 'NONE', ( #8944, #8305, #6212, #11597 ) ) ;
#2598 = VECTOR ( 'NONE', #9709, 1000.000000000000000 ) ;
#2599 = DIRECTION ( 'NONE',  ( 0.000000000000000000, 0.000000000000000000, 1.000000000000000000 ) ) ;
#2600 = DIRECTION ( 'NONE',  ( 4.930380657631323784E-32, 1.000000000000000000, 3.061616997868382155E-16 ) ) ;
#2601 = AXIS2_PLACEMENT_3D ( 'NONE', #7029, #1666, #5257 ) ;
#2602 = ORIENTED_EDGE ( 'NONE', *, *, #1818, .T. ) ;
#2603 = CYLINDRICAL_SURFACE ( 'NONE', #9422, 0.2500000000000002220 ) ;
#2604 = DIRECTION ( 'NONE',  ( 0.000000000000000000, 0.000000000000000000, 1.000000000000000000 ) ) ;
#2605 = AXIS2_PLACEMENT_3D ( 'NONE', #3466, #3404, #7047 ) ;
#2606 = AXIS2_PLACEMENT_3D ( 'NONE', #10071, #2836, #10907 ) ;
#2607 = DIRECTION ( 'NONE',  ( 0.000000000000000000, -1.000000000000000000, -3.061616997868383141E-16 ) ) ;
#2608 = EDGE_CURVE ( 'NONE', #10213, #3158, #2817, .T. ) ;
#2609 = DIRECTION ( 'NONE',  ( -0.000000000000000000, 1.000000000000000000, 3.061616997868383141E-16 ) ) ;
#2610 = EDGE_CURVE ( 'NONE', #7825, #8595, #89, .T. ) ;
#2611 = VECTOR ( 'NONE', #7860, 1000.000000000000000 ) ;
#2612 = DIRECTION ( 'NONE',  ( -0.000000000000000000, 1.000000000000000000, 3.061616997868383141E-16 ) ) ;
#2613 = VERTEX_POINT ( 'NONE', #6956 ) ;
#2614 = FACE_OUTER_BOUND ( 'NONE', #4146, .T. ) ;
#2615 = CYLINDRICAL_SURFACE ( 'NONE', #6762, 0.2500000000000002220 ) ;
#2616 = FACE_OUTER_BOUND ( 'NONE', #9056, .T. ) ;
#2617 = ORIENTED_EDGE ( 'NONE', *, *, #4050, .F. ) ;
#2618 = CARTESIAN_POINT ( 'NONE',  ( 0.000000000000000000, 51.20000000000000995, -7.383484513958806747E-15 ) ) ;
#2619 = EDGE_LOOP ( 'NONE', ( #1978, #10307, #10332, #1506 ) ) ;
#2620 = DIRECTION ( 'NONE',  ( 0.000000000000000000, 0.000000000000000000, 1.000000000000000000 ) ) ;
#2621 = EDGE_CURVE ( 'NONE', #6344, #5177, #8269, .T. ) ;
#2622 = DIRECTION ( 'NONE',  ( -0.000000000000000000, 1.000000000000000000, 3.061616997868383141E-16 ) ) ;
#2623 = ORIENTED_EDGE ( 'NONE', *, *, #10719, .T. ) ;
#2624 = DIRECTION ( 'NONE',  ( 2.465190328815661892E-32, 1.000000000000000000, 3.061616997868383141E-16 ) ) ;
#2625 = ORIENTED_EDGE ( 'NONE', *, *, #3021, .T. ) ;
#2626 = CARTESIAN_POINT ( 'NONE',  ( 0.2499957747072304171, 51.19999999999999574, -21.49854651162791441 ) ) ;
#2627 = EDGE_CURVE ( 'NONE', #8118, #6191, #11485, .T. ) ;
#2628 = CYLINDRICAL_SURFACE ( 'NONE', #3739, 21.50000000000000355 ) ;
#2629 = ORIENTED_EDGE ( 'NONE', *, *, #5505, .T. ) ;
#2630 = AXIS2_PLACEMENT_3D ( 'NONE', #10774, #9062, #2703 ) ;
#2631 = DIRECTION ( 'NONE',  ( -0.000000000000000000, 1.000000000000000000, 3.061616997868383141E-16 ) ) ;
#2632 = CIRCLE ( 'NONE', #7902, 0.2500000000000002220 ) ;
#2633 = VERTEX_POINT ( 'NONE', #10557 ) ;
#2634 = CARTESIAN_POINT ( 'NONE',  ( -7.937781193549776404, 45.20000000000000284, 19.98103174821880046 ) ) ;
#2635 = AXIS2_PLACEMENT_3D ( 'NONE', #7545, #8430, #3959 ) ;
#2636 = ADVANCED_FACE ( 'NONE', ( #10950 ), #10052, .T. ) ;
#2637 = ORIENTED_EDGE ( 'NONE', *, *, #6602, .T. ) ;
#2638 = CARTESIAN_POINT ( 'NONE',  ( 0.000000000000000000, 87.50000000000001421, 3.730185188303422936E-15 ) ) ;
#2639 = VERTEX_POINT ( 'NONE', #9175 ) ;
#2640 = ORIENTED_EDGE ( 'NONE', *, *, #1062, .T. ) ;
#2641 = VERTEX_POINT ( 'NONE', #9333 ) ;
#2642 = DIRECTION ( 'NONE',  ( 0.000000000000000000, -3.227392513445220839E-16, 1.000000000000000000 ) ) ;
#2643 = EDGE_LOOP ( 'NONE', ( #4040, #9751, #11017, #11124 ) ) ;
#2644 =( NAMED_UNIT ( * ) SI_UNIT ( $, .STERADIAN. ) SOLID_ANGLE_UNIT ( ) );
#2645 = CARTESIAN_POINT ( 'NONE',  ( 0.000000000000000000, 51.20000000000000995, -7.383484513958806747E-15 ) ) ;
#2646 = AXIS2_PLACEMENT_3D ( 'NONE', #1737, #906, #5331 ) ;
#2647 = AXIS2_PLACEMENT_3D ( 'NONE', #6392, #2574, #5400 ) ;
#2648 = EDGE_CURVE ( 'NONE', #1704, #10110, #7146, .T. ) ;
#2649 = ORIENTED_EDGE ( 'NONE', *, *, #2858, .T. ) ;
#2650 = VECTOR ( 'NONE', #8256, 1000.000000000000000 ) ;
#2651 = DIRECTION ( 'NONE',  ( 0.000000000000000000, -3.227392513445220839E-16, 1.000000000000000000 ) ) ;
#2652 = DIRECTION ( 'NONE',  ( -0.000000000000000000, 1.000000000000000000, 3.061616997868383141E-16 ) ) ;
#2653 = CARTESIAN_POINT ( 'NONE',  ( -8.972629143562281584, 51.19999999999999574, -19.53821706942823866 ) ) ;
#2654 = AXIS2_PLACEMENT_3D ( 'NONE', #8382, #299, #5619 ) ;
#2655 = AXIS2_PLACEMENT_3D ( 'NONE', #7730, #543, #3129 ) ;
#2656 = CIRCLE ( 'NONE', #10364, 21.50000000000001066 ) ;
#2657 = ORIENTED_EDGE ( 'NONE', *, *, #9593, .T. ) ;
#2658 = DIRECTION ( 'NONE',  ( -3.697785493223493385E-32, 1.000000000000000000, 3.061616997868381662E-16 ) ) ;
#2659 = EDGE_CURVE ( 'NONE', #10985, #10159, #9953, .T. ) ;
#2660 = CARTESIAN_POINT ( 'NONE',  ( 18.61954618136544681, 51.20000000000000995, 10.74999999999996625 ) ) ;
#2661 = FACE_OUTER_BOUND ( 'NONE', #9823, .T. ) ;
#2662 = ORIENTED_EDGE ( 'NONE', *, *, #11036, .F. ) ;
#2663 = DIRECTION ( 'NONE',  ( 0.000000000000000000, 0.000000000000000000, 1.000000000000000000 ) ) ;
#2664 = VECTOR ( 'NONE', #4769, 1000.000000000000000 ) ;
#2665 = AXIS2_PLACEMENT_3D ( 'NONE', #534, #7718, #11331 ) ;
#2666 = CARTESIAN_POINT ( 'NONE',  ( 0.000000000000000000, 51.20000000000000995, -7.383484513958806747E-15 ) ) ;
#2667 = CARTESIAN_POINT ( 'NONE',  ( 15.37854173158997106, 51.20000000000000995, 15.02499431646299932 ) ) ;
#2668 = CIRCLE ( 'NONE', #9249, 0.2500000000000002220 ) ;
#2669 = ORIENTED_EDGE ( 'NONE', *, *, #1119, .F. ) ;
#2670 = DIRECTION ( 'NONE',  ( -2.465190328815661892E-32, 1.000000000000000000, 3.061616997868381169E-16 ) ) ;
#2671 = DIRECTION ( 'NONE',  ( -0.000000000000000000, 1.000000000000000000, 3.061616997868383141E-16 ) ) ;
#2672 = CARTESIAN_POINT ( 'NONE',  ( 0.000000000000000000, 87.50000000000001421, 3.730185188303422936E-15 ) ) ;
#2674 = ORIENTED_EDGE ( 'NONE', *, *, #5679, .F. ) ;
#2673 = AXIS2_PLACEMENT_3D ( 'NONE', #6693, #10303, #10367 ) ;
#2675 = DIRECTION ( 'NONE',  ( -0.000000000000000000, 1.000000000000000000, 3.061616997868383141E-16 ) ) ;
#2676 = VERTEX_POINT ( 'NONE', #316 ) ;
#2677 = FACE_OUTER_BOUND ( 'NONE', #4089, .T. ) ;
#2678 = ADVANCED_FACE ( 'NONE', ( #1103 ), #3040, .F. ) ;
#2679 = AXIS2_PLACEMENT_3D ( 'NONE', #3314, #6905, #6028 ) ;
#2680 = FACE_OUTER_BOUND ( 'NONE', #9595, .T. ) ;
#2681 = CIRCLE ( 'NONE', #3630, 21.50000000000000000 ) ;
#2682 = FACE_OUTER_BOUND ( 'NONE', #6102, .T. ) ;
#2683 = EDGE_CURVE ( 'NONE', #2892, #1035, #8457, .T. ) ;
#2684 = AXIS2_PLACEMENT_3D ( 'NONE', #7889, #5408, #1764 ) ;
#2685 = AXIS2_PLACEMENT_3D ( 'NONE', #8364, #5429, #10073 ) ;
#2686 = ORIENTED_EDGE ( 'NONE', *, *, #7971, .F. ) ;
#2687 = CARTESIAN_POINT ( 'NONE',  ( -18.49328953615725268, 45.20000000000000284, 10.96577594754955243 ) ) ;
#2688 = ORIENTED_EDGE ( 'NONE', *, *, #11616, .T. ) ;
#2689 = DIRECTION ( 'NONE',  ( 1.232595164407830946E-32, 1.000000000000000000, 3.061616997868383141E-16 ) ) ;
#2690 = EDGE_CURVE ( 'NONE', #1944, #2469, #1311, .T. ) ;
#2691 = CARTESIAN_POINT ( 'NONE',  ( -21.03017341577685784, 51.19999999999999574, -4.470101352581593801 ) ) ;
#2692 = AXIS2_PLACEMENT_3D ( 'NONE', #9436, #2069, #2130 ) ;
#2693 = VERTEX_POINT ( 'NONE', #3099 ) ;
#2694 = CIRCLE ( 'NONE', #9087, 21.50000000000000000 ) ;
#2695 = EDGE_CURVE ( 'NONE', #3117, #411, #4140, .T. ) ;
#2696 = LINE ( 'NONE', #5939, #1264 ) ;
#2697 = VERTEX_POINT ( 'NONE', #9285 ) ;
#2698 = DIRECTION ( 'NONE',  ( 0.000000000000000000, -1.000000000000000000, -3.061616997868383141E-16 ) ) ;
#2699 = VERTEX_POINT ( 'NONE', #6625 ) ;
#2700 = DIRECTION ( 'NONE',  ( -0.000000000000000000, 1.000000000000000000, 3.061616997868383141E-16 ) ) ;
#2701 = ADVANCED_FACE ( 'NONE', ( #8288 ), #8528, .T. ) ;
#2702 = ORIENTED_EDGE ( 'NONE', *, *, #8150, .F. ) ;
#2703 = DIRECTION ( 'NONE',  ( 0.000000000000000000, -3.227392513445220839E-16, 1.000000000000000000 ) ) ;
#2704 = ORIENTED_EDGE ( 'NONE', *, *, #8663, .T. ) ;
#2705 = ORIENTED_EDGE ( 'NONE', *, *, #9018, .F. ) ;
#2706 = DIRECTION ( 'NONE',  ( 0.000000000000000000, -1.000000000000000000, -3.061616997868383141E-16 ) ) ;
#2707 = EDGE_LOOP ( 'NONE', ( #1196, #4137, #566, #6069 ) ) ;
#2708 = PRODUCT_DEFINITION_CONTEXT ( 'detailed design', #2881, 'design' ) ;
#2709 = CARTESIAN_POINT ( 'NONE',  ( 20.97677464539631131, 45.19999999999998863, 4.714331922580220713 ) ) ;
#2710 = CARTESIAN_POINT ( 'NONE',  ( -8.515864134734449920, 45.20000000000000284, 19.74158195380358904 ) ) ;
#2711 = ORIENTED_EDGE ( 'NONE', *, *, #7013, .T. ) ;
#2712 = DIRECTION ( 'NONE',  ( 9.244463733058733463E-33, 1.000000000000000000, 3.061616997868383634E-16 ) ) ;
#2713 = CARTESIAN_POINT ( 'NONE',  ( 0.2499957747073984216, 45.19999999999996021, 21.49854651162790731 ) ) ;
#2714 = CARTESIAN_POINT ( 'NONE',  ( 13.53038840757152173, -80.41022924428169460, 16.70863817132482154 ) ) ;
#2715 = ADVANCED_FACE ( 'NONE', ( #5630 ), #7397, .F. ) ;
#2716 = VERTEX_POINT ( 'NONE', #2148 ) ;
#2717 = VERTEX_POINT ( 'NONE', #6563 ) ;
#2718 = CARTESIAN_POINT ( 'NONE',  ( 6.405656115871711798, 45.20000000000000284, 20.52358569366463215 ) ) ;
#2719 = DIRECTION ( 'NONE',  ( -0.000000000000000000, 1.000000000000000000, 3.061616997868383141E-16 ) ) ;
#2720 = ORIENTED_EDGE ( 'NONE', *, *, #8162, .T. ) ;
#2721 = DIRECTION ( 'NONE',  ( -0.000000000000000000, 1.000000000000000000, 3.061616997868383141E-16 ) ) ;
#2722 = EDGE_CURVE ( 'NONE', #9391, #2010, #4697, .T. ) ;
#2723 = CARTESIAN_POINT ( 'NONE',  ( 16.14381341971832029, 45.19999999999998863, -14.19955239679489445 ) ) ;
#2724 = CARTESIAN_POINT ( 'NONE',  ( 19.64122733931592535, 45.19999999999998863, 8.744837826129664649 ) ) ;
#2725 = EDGE_LOOP ( 'NONE', ( #9869, #5374, #7284, #3836 ) ) ;
#2726 = CYLINDRICAL_SURFACE ( 'NONE', #11141, 0.2500000000000002220 ) ;
#2727 = LINE ( 'NONE', #9095, #9394 ) ;
#2728 = DIRECTION ( 'NONE',  ( 0.000000000000000000, 0.000000000000000000, 1.000000000000000000 ) ) ;
#2729 = EDGE_CURVE ( 'NONE', #163, #5057, #2446, .T. ) ;
#2730 = DIRECTION ( 'NONE',  ( 2.465190328815661892E-32, 1.000000000000000000, 3.061616997868383141E-16 ) ) ;
#2731 = ORIENTED_EDGE ( 'NONE', *, *, #462, .T. ) ;
#2732 = CARTESIAN_POINT ( 'NONE',  ( 0.000000000000000000, 51.20000000000000995, -7.383484513958806747E-15 ) ) ;
#2733 = ADVANCED_FACE ( 'NONE', ( #2039 ), #9228, .T. ) ;
#2734 = CARTESIAN_POINT ( 'NONE',  ( -20.36907980785178651, 45.19999999999998863, -6.881176337034629498 ) ) ;
#2735 = CARTESIAN_POINT ( 'NONE',  ( 0.000000000000000000, 87.50000000000001421, 3.730185188303422936E-15 ) ) ;
#2736 = EDGE_CURVE ( 'NONE', #8925, #11590, #10533, .T. ) ;
#2737 = ORIENTED_EDGE ( 'NONE', *, *, #1434, .F. ) ;
#2738 = CARTESIAN_POINT ( 'NONE',  ( 16.55018116000685779, 51.19999999999999574, -13.72375690439589846 ) ) ;
#2739 = EDGE_LOOP ( 'NONE', ( #5853, #4997, #10951, #9507 ) ) ;
#2740 = DIRECTION ( 'NONE',  ( 0.000000000000000000, -3.227392513445222318E-16, 1.000000000000000000 ) ) ;
#2741 = ADVANCED_FACE ( 'NONE', ( #5736 ), #7581, .F. ) ;
#2742 = DIRECTION ( 'NONE',  ( -4.930380657631323784E-32, 1.000000000000000000, 3.061616997868382648E-16 ) ) ;
#2743 = ORIENTED_EDGE ( 'NONE', *, *, #2926, .F. ) ;
#2744 = CARTESIAN_POINT ( 'NONE',  ( 19.74158195380348602, 45.19999999999998863, 8.515864134734663082 ) ) ;
#2745 = VERTEX_POINT ( 'NONE', #446 ) ;
#2746 = CARTESIAN_POINT ( 'NONE',  ( 20.70129763556877478, 51.19999999999999574, 5.805710654484474986 ) ) ;
#2747 = ADVANCED_FACE ( 'NONE', ( #6457 ), #4045, .T. ) ;
#2748 = EDGE_CURVE ( 'NONE', #10155, #486, #6743, .T. ) ;
#2749 = VERTEX_POINT ( 'NONE', #9517 ) ;
#2750 = DIRECTION ( 'NONE',  ( 0.000000000000000000, 0.000000000000000000, 1.000000000000000000 ) ) ;
#2751 = EDGE_LOOP ( 'NONE', ( #8349, #5430, #8903, #7685 ) ) ;
#2752 = DIRECTION ( 'NONE',  ( 0.000000000000000000, -3.227392513445222318E-16, 1.000000000000000000 ) ) ;
#2753 = VERTEX_POINT ( 'NONE', #5987 ) ;
#2754 = ORIENTED_EDGE ( 'NONE', *, *, #11333, .F. ) ;
#2755 = DIRECTION ( 'NONE',  ( -0.000000000000000000, 1.000000000000000000, 3.061616997868383141E-16 ) ) ;
#2756 = VERTEX_POINT ( 'NONE', #2340 ) ;
#2757 = DIRECTION ( 'NONE',  ( -9.860761315262647568E-32, 1.000000000000000000, 3.061616997868381662E-16 ) ) ;
#2758 = EDGE_CURVE ( 'NONE', #7827, #2185, #9390, .T. ) ;
#2759 = AXIS2_PLACEMENT_3D ( 'NONE', #363, #4681, #7386 ) ;
#2760 = AXIS2_PLACEMENT_3D ( 'NONE', #3934, #2219, #8536 ) ;
#2761 = VERTEX_POINT ( 'NONE', #7695 ) ;
#2762 = DIRECTION ( 'NONE',  ( 0.000000000000000000, 0.000000000000000000, -1.000000000000000000 ) ) ;
#2763 = CIRCLE ( 'NONE', #5394, 0.2500000000000002220 ) ;
#2764 = DIRECTION ( 'NONE',  ( 0.000000000000000000, -3.227392513445220839E-16, 1.000000000000000000 ) ) ;
#2765 = CARTESIAN_POINT ( 'NONE',  ( -18.61954618136529760, 45.20000000000000284, 10.75000000000022382 ) ) ;
#2766 = ORIENTED_EDGE ( 'NONE', *, *, #4254, .F. ) ;
#2767 = EDGE_LOOP ( 'NONE', ( #10276, #3276, #7231, #5621 ) ) ;
#2768 = AXIS2_PLACEMENT_3D ( 'NONE', #10029, #7313, #11088 ) ;
#2770 = CIRCLE ( 'NONE', #4092, 0.2500000000000002220 ) ;
#2769 = LINE ( 'NONE', #1005, #4286 ) ;
#2771 = CARTESIAN_POINT ( 'NONE',  ( 12.83877941551879687, -80.41022924428168039, -17.24574565275885618 ) ) ;
#2772 = ORIENTED_EDGE ( 'NONE', *, *, #6641, .T. ) ;
#2773 = CIRCLE ( 'NONE', #11622, 21.50000000000000000 ) ;
#2774 = LINE ( 'NONE', #8961, #9798 ) ;
#2775 = ADVANCED_FACE ( 'NONE', ( #5165 ), #3159, .T. ) ;
#2776 = CARTESIAN_POINT ( 'NONE',  ( -8.972629143561874798, 45.20000000000000284, 19.53821706942841985 ) ) ;
#2777 = AXIS2_PLACEMENT_3D ( 'NONE', #885, #9715, #1772 ) ;
#2778 = DIRECTION ( 'NONE',  ( -4.930380657631323784E-32, 1.000000000000000000, 3.061616997868382648E-16 ) ) ;
#2779 = VECTOR ( 'NONE', #8930, 1000.000000000000000 ) ;
#2780 = VECTOR ( 'NONE', #7474, 1000.000000000000000 ) ;
#2781 = CARTESIAN_POINT ( 'NONE',  ( 0.000000000000000000, 9.199999999999993960, 16.76785065697081833 ) ) ;
#2782 = CIRCLE ( 'NONE', #516, 0.2500000000000002220 ) ;
#2783 = ADVANCED_FACE ( 'NONE', ( #9580 ), #5864, .F. ) ;
#2784 = ORIENTED_EDGE ( 'NONE', *, *, #11480, .T. ) ;
#2785 = CARTESIAN_POINT ( 'NONE',  ( 0.000000000000000000, 51.20000000000000995, -7.383484513958806747E-15 ) ) ;
#2786 = DIRECTION ( 'NONE',  ( 9.860761315262647568E-32, 1.000000000000000000, 3.061616997868382155E-16 ) ) ;
#2787 = DIRECTION ( 'NONE',  ( 0.000000000000000000, -3.227392513445220839E-16, 1.000000000000000000 ) ) ;
#2788 = CARTESIAN_POINT ( 'NONE',  ( 14.19955239679481984, 51.20000000000000995, 16.14381341971834871 ) ) ;
#2789 = VERTEX_POINT ( 'NONE', #570 ) ;
#2790 = FACE_OUTER_BOUND ( 'NONE', #5940, .T. ) ;
#2791 = AXIS2_PLACEMENT_3D ( 'NONE', #11499, #8899, #1810 ) ;
#2792 = CIRCLE ( 'NONE', #4111, 0.2500000000000002220 ) ;
#2793 = DIRECTION ( 'NONE',  ( 0.000000000000000000, 0.000000000000000000, 1.000000000000000000 ) ) ;
#2794 = FACE_OUTER_BOUND ( 'NONE', #6281, .T. ) ;
#2795 = AXIS2_PLACEMENT_3D ( 'NONE', #7822, #8653, #3291 ) ;
#2796 = FACE_OUTER_BOUND ( 'NONE', #44, .T. ) ;
#2797 = ORIENTED_EDGE ( 'NONE', *, *, #7346, .F. ) ;
#2798 = DIRECTION ( 'NONE',  ( -4.930380657631323784E-32, 1.000000000000000000, 3.061616997868381662E-16 ) ) ;
#2799 = VERTEX_POINT ( 'NONE', #1406 ) ;
#2800 = CARTESIAN_POINT ( 'NONE',  ( -19.64122733931581166, 45.19999999999998863, 8.744837826129931102 ) ) ;
#2801 = DIRECTION ( 'NONE',  ( 0.000000000000000000, 0.000000000000000000, 1.000000000000000000 ) ) ;
#2802 = ORIENTED_EDGE ( 'NONE', *, *, #10939, .T. ) ;
#2803 = ADVANCED_FACE ( 'NONE', ( #4166 ), #5108, .F. ) ;
#2804 = DIRECTION ( 'NONE',  ( 0.000000000000000000, -1.000000000000000000, -3.061616997868383141E-16 ) ) ;
#2805 = ORIENTED_EDGE ( 'NONE', *, *, #3461, .F. ) ;
#2806 = VECTOR ( 'NONE', #1947, 1000.000000000000000 ) ;
#2807 = DIRECTION ( 'NONE',  ( 0.000000000000000000, -1.000000000000000000, -3.061616997868383141E-16 ) ) ;
#2808 = ORIENTED_EDGE ( 'NONE', *, *, #659, .F. ) ;
#2809 = CARTESIAN_POINT ( 'NONE',  ( -21.48216726873253180, -80.41022924428168039, 0.8754938253329985764 ) ) ;
#2810 = ORIENTED_EDGE ( 'NONE', *, *, #3656, .T. ) ;
#2811 = CARTESIAN_POINT ( 'NONE',  ( -10.75000000000014744, 45.19999999999998863, -18.61954618136532247 ) ) ;
#2812 = ORIENTED_EDGE ( 'NONE', *, *, #4875, .T. ) ;
#2813 = EDGE_LOOP ( 'NONE', ( #949, #4791, #1049, #34 ) ) ;
#2814 = DIRECTION ( 'NONE',  ( 0.000000000000000000, -1.000000000000000000, -3.061616997868383141E-16 ) ) ;
#2815 = VERTEX_POINT ( 'NONE', #10465 ) ;
#2816 = DIRECTION ( 'NONE',  ( 0.000000000000000000, 0.000000000000000000, 1.000000000000000000 ) ) ;
#2817 = CIRCLE ( 'NONE', #5813, 21.50000000000001066 ) ;
#2818 = ADVANCED_FACE ( 'NONE', ( #11419 ), #934, .T. ) ;
#2819 = LINE ( 'NONE', #5693, #9278 ) ;
#2820 = AXIS2_PLACEMENT_3D ( 'NONE', #11635, #11465, #9680 ) ;
#2821 = CIRCLE ( 'NONE', #6025, 0.2500000000000002220 ) ;
#2822 = AXIS2_PLACEMENT_3D ( 'NONE', #11620, #1773, #2488 ) ;
#2823 = ORIENTED_EDGE ( 'NONE', *, *, #2166, .T. ) ;
#2824 = FACE_OUTER_BOUND ( 'NONE', #10571, .T. ) ;
#2825 = CARTESIAN_POINT ( 'NONE',  ( 19.64122733931587206, -80.41022924428168039, -8.494837826129808533 ) ) ;
#2826 = DIRECTION ( 'NONE',  ( 0.000000000000000000, 0.000000000000000000, -1.000000000000000000 ) ) ;
#2827 = ORIENTED_EDGE ( 'NONE', *, *, #4471, .T. ) ;
#2828 = ORIENTED_EDGE ( 'NONE', *, *, #31, .T. ) ;
#2829 = CIRCLE ( 'NONE', #9405, 0.2500000000000002220 ) ;
#2830 = CYLINDRICAL_SURFACE ( 'NONE', #2959, 0.2500000000000002220 ) ;
#2831 = AXIS2_PLACEMENT_3D ( 'NONE', #10970, #2891, #4707 ) ;
#2832 = DIRECTION ( 'NONE',  ( -0.000000000000000000, 1.000000000000000000, 3.061616997868383141E-16 ) ) ;
#2833 = ORIENTED_EDGE ( 'NONE', *, *, #130, .T. ) ;
#2834 = ADVANCED_FACE ( 'NONE', ( #5924 ), #3222, .T. ) ;
#2835 = CARTESIAN_POINT ( 'NONE',  ( 20.52358569366468544, -80.41022924428168039, 6.405656115871457779 ) ) ;
#2836 = DIRECTION ( 'NONE',  ( 0.000000000000000000, -1.000000000000000000, -3.061616997868383141E-16 ) ) ;
#2837 = DIRECTION ( 'NONE',  ( 0.000000000000000000, 0.000000000000000000, 1.000000000000000000 ) ) ;
#2838 = AXIS2_PLACEMENT_3D ( 'NONE', #6141, #9901, #6 ) ;
#2839 = AXIS2_PLACEMENT_3D ( 'NONE', #8753, #11472, #10579 ) ;
#2840 = AXIS2_PLACEMENT_3D ( 'NONE', #3423, #8946, #8833 ) ;
#2841 = CARTESIAN_POINT ( 'NONE',  ( 0.000000000000000000, 87.50000000000001421, 3.730185188303422936E-15 ) ) ;
#2842 = EDGE_LOOP ( 'NONE', ( #303, #4467, #1576, #6471 ) ) ;
#2843 = LINE ( 'NONE', #2951, #3616 ) ;
#2844 = DIRECTION ( 'NONE',  ( 0.000000000000000000, 0.000000000000000000, 1.000000000000000000 ) ) ;
#2845 = CARTESIAN_POINT ( 'NONE',  ( -1.125223059223438904, 45.19999999999998863, -21.47053499722331082 ) ) ;
#2846 = FACE_OUTER_BOUND ( 'NONE', #2147, .T. ) ;
#2847 = ORIENTED_EDGE ( 'NONE', *, *, #9832, .T. ) ;
#2848 = CARTESIAN_POINT ( 'NONE',  ( -7.704910915224106205, -80.41022924428168039, -20.07197916968979001 ) ) ;
#2849 = AXIS2_PLACEMENT_3D ( 'NONE', #9839, #6297, #9021 ) ;
#2850 = AXIS2_PLACEMENT_3D ( 'NONE', #824, #7059, #8774 ) ;
#2851 = CARTESIAN_POINT ( 'NONE',  ( 21.27297168455580234, 45.19999999999998863, -3.116195710812720954 ) ) ;
#2852 = DIRECTION ( 'NONE',  ( 0.000000000000000000, 1.000000000000000000, 3.061616997868382648E-16 ) ) ;
#2853 = FACE_OUTER_BOUND ( 'NONE', #2119, .T. ) ;
#2854 = CIRCLE ( 'NONE', #10753, 0.2500000000000002220 ) ;
#2855 = VERTEX_POINT ( 'NONE', #1625 ) ;
#2856 = DIRECTION ( 'NONE',  ( 0.000000000000000000, -1.000000000000000000, -3.061616997868383141E-16 ) ) ;
#2857 = CARTESIAN_POINT ( 'NONE',  ( 0.000000000000000000, 79.00000000000000000, 1.127810740115296699E-15 ) ) ;
#2858 = EDGE_CURVE ( 'NONE', #1993, #5670, #9584, .T. ) ;
#2859 = AXIS2_PLACEMENT_3D ( 'NONE', #6325, #2807, #3645 ) ;
#2860 = FACE_OUTER_BOUND ( 'NONE', #8459, .T. ) ;
#2861 = FACE_OUTER_BOUND ( 'NONE', #696, .T. ) ;
#2862 = DIRECTION ( 'NONE',  ( 0.000000000000000000, 1.000000000000000000, 3.061616997868382648E-16 ) ) ;
#2863 = AXIS2_PLACEMENT_3D ( 'NONE', #4209, #3316, #10511 ) ;
#2864 = VERTEX_POINT ( 'NONE', #2398 ) ;
#2865 = EDGE_CURVE ( 'NONE', #4044, #9178, #10542, .T. ) ;
#2866 = AXIS2_PLACEMENT_3D ( 'NONE', #507, #1344, #5868 ) ;
#2867 = DIRECTION ( 'NONE',  ( 0.000000000000000000, 0.000000000000000000, -1.000000000000000000 ) ) ;
#2868 = CIRCLE ( 'NONE', #6435, 21.50000000000001066 ) ;
#2869 = ORIENTED_EDGE ( 'NONE', *, *, #10612, .T. ) ;
#2870 = CARTESIAN_POINT ( 'NONE',  ( 0.000000000000000000, 51.20000000000000995, -7.383484513958806747E-15 ) ) ;
#2871 = ORIENTED_EDGE ( 'NONE', *, *, #5369, .F. ) ;
#2872 = DIRECTION ( 'NONE',  ( -9.860761315262647568E-32, 1.000000000000000000, 3.061616997868382155E-16 ) ) ;
#2873 = VERTEX_POINT ( 'NONE', #7873 ) ;
#2874 = CIRCLE ( 'NONE', #3632, 18.24999999999999645 ) ;
#2875 = CARTESIAN_POINT ( 'NONE',  ( 0.000000000000000000, 51.20000000000000995, -7.383484513958806747E-15 ) ) ;
#2876 = VECTOR ( 'NONE', #5134, 1000.000000000000000 ) ;
#2877 = DIRECTION ( 'NONE',  ( 0.000000000000000000, -1.000000000000000000, -3.061616997868383141E-16 ) ) ;
#2878 = ADVANCED_FACE ( 'NONE', ( #1461 ), #8644, .T. ) ;
#2879 = ORIENTED_EDGE ( 'NONE', *, *, #10751, .T. ) ;
#2880 = DIRECTION ( 'NONE',  ( -4.930380657631323784E-32, 1.000000000000000000, 3.061616997868382648E-16 ) ) ;
#2881 = APPLICATION_CONTEXT ( 'automotive_design' ) ;
#2882 = AXIS2_PLACEMENT_3D ( 'NONE', #5144, #7027, #11457 ) ;
#2883 = VERTEX_POINT ( 'NONE', #7814 ) ;
#2884 = CARTESIAN_POINT ( 'NONE',  ( 4.470101352581692389, -80.41022924428168039, -21.03017341577686139 ) ) ;
#2885 = CARTESIAN_POINT ( 'NONE',  ( 14.57111852952462527, -80.41022924428168039, -15.80925377108433771 ) ) ;
#2886 = DIRECTION ( 'NONE',  ( 2.465190328815661892E-32, 1.000000000000000000, 3.061616997868383141E-16 ) ) ;
#2887 = EDGE_CURVE ( 'NONE', #1190, #10642, #2458, .T. ) ;
#2888 = EDGE_CURVE ( 'NONE', #4024, #6085, #8761, .T. ) ;
#2889 = ORIENTED_EDGE ( 'NONE', *, *, #1513, .F. ) ;
#2890 = ORIENTED_EDGE ( 'NONE', *, *, #427, .F. ) ;
#2891 = DIRECTION ( 'NONE',  ( 0.000000000000000000, -1.000000000000000000, -3.061616997868383141E-16 ) ) ;
#2892 = VERTEX_POINT ( 'NONE', #2516 ) ;
#2893 = EDGE_CURVE ( 'NONE', #11531, #85, #1321, .T. ) ;
#2894 = CARTESIAN_POINT ( 'NONE',  ( 13.33519049100578613, 45.20000000000000284, 16.86483603740602888 ) ) ;
#2895 = CARTESIAN_POINT ( 'NONE',  ( -14.38630803671557956, -80.41022924428168039, -15.97761374776387022 ) ) ;
#2896 = DIRECTION ( 'NONE',  ( 0.000000000000000000, 0.000000000000000000, 1.000000000000000000 ) ) ;
#2897 = CYLINDRICAL_SURFACE ( 'NONE', #7764, 21.50000000000000355 ) ;
#2898 = ADVANCED_FACE ( 'NONE', ( #6151 ), #4506, .F. ) ;
#2899 = EDGE_CURVE ( 'NONE', #5735, #3219, #941, .T. ) ;
#2900 = ORIENTED_EDGE ( 'NONE', *, *, #6320, .F. ) ;
#2901 = DIRECTION ( 'NONE',  ( -0.000000000000000000, 1.000000000000000000, 3.061616997868383141E-16 ) ) ;
#2902 = LINE ( 'NONE', #6480, #753 ) ;
#2903 = DIRECTION ( 'NONE',  ( -9.244463733058733463E-33, 1.000000000000000000, 3.061616997868380676E-16 ) ) ;
#2904 = CARTESIAN_POINT ( 'NONE',  ( 2.326828918379970970E-15, 74.75000000000000000, 18.49999999999999645 ) ) ;
#2905 = ORIENTED_EDGE ( 'NONE', *, *, #5694, .T. ) ;
#2906 = DIRECTION ( 'NONE',  ( -0.000000000000000000, 1.000000000000000000, 3.061616997868383141E-16 ) ) ;
#2907 = CARTESIAN_POINT ( 'NONE',  ( -6.643865379061518084, 51.19999999999999574, -20.44771510034572159 ) ) ;
#2908 = EDGE_CURVE ( 'NONE', #2745, #7032, #808, .T. ) ;
#2909 = CARTESIAN_POINT ( 'NONE',  ( -19.15664027004978465, -80.41022924428168039, 9.760795744400443397 ) ) ;
#2910 = ORIENTED_EDGE ( 'NONE', *, *, #6531, .T. ) ;
#2911 = DIRECTION ( 'NONE',  ( 0.000000000000000000, -3.227392513445220839E-16, 1.000000000000000000 ) ) ;
#2912 = ORIENTED_EDGE ( 'NONE', *, *, #475, .F. ) ;
#2913 = DIRECTION ( 'NONE',  ( 2.465190328815661892E-32, 1.000000000000000000, 3.061616997868381169E-16 ) ) ;
#2914 = CARTESIAN_POINT ( 'NONE',  ( 17.39386537906129604, 45.19999999999998863, -12.38738292428823584 ) ) ;
#2915 = CYLINDRICAL_SURFACE ( 'NONE', #1282, 18.30000000000001137 ) ;
#2916 = ORIENTED_EDGE ( 'NONE', *, *, #2558, .T. ) ;
#2917 = EDGE_CURVE ( 'NONE', #9799, #681, #8170, .T. ) ;
#2918 = LINE ( 'NONE', #4577, #5780 ) ;
#2919 = ORIENTED_EDGE ( 'NONE', *, *, #9190, .T. ) ;
#2920 = CYLINDRICAL_SURFACE ( 'NONE', #10765, 0.2500000000000002220 ) ;
#2921 = EDGE_CURVE ( 'NONE', #3864, #2489, #9403, .T. ) ;
#2922 = ORIENTED_EDGE ( 'NONE', *, *, #3554, .F. ) ;
#2923 = CARTESIAN_POINT ( 'NONE',  ( -20.44771510034585660, -80.41022924428168039, -6.643865379061193899 ) ) ;
#2924 = ORIENTED_EDGE ( 'NONE', *, *, #5823, .F. ) ;
#2925 = DIRECTION ( 'NONE',  ( -2.465190328815661892E-32, 1.000000000000000000, 3.061616997868381169E-16 ) ) ;
#2926 = EDGE_CURVE ( 'NONE', #3636, #9443, #9860, .T. ) ;
#2927 = CARTESIAN_POINT ( 'NONE',  ( 8.744837826129582936, 45.19999999999998863, -19.64122733931594311 ) ) ;
#2928 = ORIENTED_EDGE ( 'NONE', *, *, #46, .F. ) ;
#2929 = CYLINDRICAL_SURFACE ( 'NONE', #8506, 0.2500000000000002220 ) ;
#2930 = ORIENTED_EDGE ( 'NONE', *, *, #2055, .F. ) ;
#2931 = CARTESIAN_POINT ( 'NONE',  ( 9.982883740771674397, 45.20000000000000284, 19.04184949573534524 ) ) ;
#2932 = EDGE_CURVE ( 'NONE', #277, #3807, #4511, .T. ) ;
#2933 = DIRECTION ( 'NONE',  ( -0.000000000000000000, 1.000000000000000000, 3.061616997868383141E-16 ) ) ;
#2934 = DIRECTION ( 'NONE',  ( 0.000000000000000000, 0.000000000000000000, -1.000000000000000000 ) ) ;
#2935 = ORIENTED_EDGE ( 'NONE', *, *, #1402, .F. ) ;
#2936 = VERTEX_POINT ( 'NONE', #6379 ) ;
#2937 = CARTESIAN_POINT ( 'NONE',  ( -19.98103174821869032, -80.41022924428168039, -7.937781193550025982 ) ) ;
#2938 = ORIENTED_EDGE ( 'NONE', *, *, #2406, .T. ) ;
#2939 = DIRECTION ( 'NONE',  ( 4.930380657631323784E-32, 1.000000000000000000, 3.061616997868382155E-16 ) ) ;
#2940 = AXIS2_PLACEMENT_3D ( 'NONE', #2672, #7035, #10685 ) ;
#2941 = VECTOR ( 'NONE', #2712, 1000.000000000000000 ) ;
#2942 = CIRCLE ( 'NONE', #11608, 0.2500000000000002220 ) ;
#2943 = EDGE_CURVE ( 'NONE', #6000, #10348, #11496, .T. ) ;
#2944 = DIRECTION ( 'NONE',  ( 0.000000000000000000, 0.000000000000000000, 1.000000000000000000 ) ) ;
#2945 = DIRECTION ( 'NONE',  ( 0.000000000000000000, 0.000000000000000000, -1.000000000000000000 ) ) ;
#2946 = FACE_OUTER_BOUND ( 'NONE', #5304, .T. ) ;
#2947 = VECTOR ( 'NONE', #5138, 1000.000000000000000 ) ;
#2948 = CONICAL_SURFACE ( 'NONE', #2586, 20.50000000000000711, 0.2617993877991493523 ) ;
#2949 = ORIENTED_EDGE ( 'NONE', *, *, #8821, .T. ) ;
#2950 = AXIS2_PLACEMENT_3D ( 'NONE', #3724, #5653, #10909 ) ;
#2951 = CARTESIAN_POINT ( 'NONE',  ( -2.495836301044850103, -80.41022924428168039, -21.35464355025358785 ) ) ;
#2952 = LINE ( 'NONE', #10851, #2650 ) ;
#2953 = CARTESIAN_POINT ( 'NONE',  ( -5.564609469703916567, 51.20000000000000995, 20.76740526521504648 ) ) ;
#2954 = CARTESIAN_POINT ( 'NONE',  ( -19.98103174821877204, 51.19999999999999574, -7.937781193549837688 ) ) ;
#2955 = AXIS2_PLACEMENT_3D ( 'NONE', #863, #8665, #11656 ) ;
#2956 = ORIENTED_EDGE ( 'NONE', *, *, #7213, .F. ) ;
#2957 = DIRECTION ( 'NONE',  ( -3.697785493223493385E-32, 1.000000000000000000, 3.061616997868381662E-16 ) ) ;
#2958 = DIRECTION ( 'NONE',  ( 0.000000000000000000, 0.000000000000000000, 1.000000000000000000 ) ) ;
#2959 = AXIS2_PLACEMENT_3D ( 'NONE', #9400, #1951, #2279 ) ;
#2960 = EDGE_CURVE ( 'NONE', #4228, #9443, #7909, .T. ) ;
#2961 = FACE_OUTER_BOUND ( 'NONE', #10525, .T. ) ;
#2962 = AXIS2_PLACEMENT_3D ( 'NONE', #8603, #8547, #1234 ) ;
#2963 = CIRCLE ( 'NONE', #7470, 0.2500000000000002220 ) ;
#2964 = ORIENTED_EDGE ( 'NONE', *, *, #4965, .T. ) ;
#2965 = DIRECTION ( 'NONE',  ( -0.000000000000000000, 1.000000000000000000, 3.061616997868383141E-16 ) ) ;
#2966 = DIRECTION ( 'NONE',  ( -9.860761315262647568E-32, 1.000000000000000000, 3.061616997868382648E-16 ) ) ;
#2967 = CIRCLE ( 'NONE', #3356, 0.2500000000000002220 ) ;
#2968 = AXIS2_PLACEMENT_3D ( 'NONE', #545, #5841, #9440 ) ;
#2969 = FACE_OUTER_BOUND ( 'NONE', #9576, .T. ) ;
#2970 = ADVANCED_FACE ( 'NONE', ( #3638 ), #7217, .T. ) ;
#2971 = DIRECTION ( 'NONE',  ( -3.697785493223493385E-32, 1.000000000000000000, 3.061616997868382648E-16 ) ) ;
#2972 = DIRECTION ( 'NONE',  ( 0.000000000000000000, 0.000000000000000000, 1.000000000000000000 ) ) ;
#2973 = VERTEX_POINT ( 'NONE', #9978 ) ;
#2974 = CIRCLE ( 'NONE', #1092, 21.50000000000000000 ) ;
#2975 = CARTESIAN_POINT ( 'NONE',  ( -13.72375690439608320, -80.41022924428168039, -16.55018116000671213 ) ) ;
#2976 = ORIENTED_EDGE ( 'NONE', *, *, #4011, .T. ) ;
#2977 = CARTESIAN_POINT ( 'NONE',  ( 16.86483603740616033, 45.20000000000000284, 13.33519049100560494 ) ) ;
#2978 = ORIENTED_EDGE ( 'NONE', *, *, #1127, .T. ) ;
#2979 = DIRECTION ( 'NONE',  ( 0.000000000000000000, -1.000000000000000000, -3.061616997868383141E-16 ) ) ;
#2980 = DIRECTION ( 'NONE',  ( -0.000000000000000000, 1.000000000000000000, 3.061616997868383141E-16 ) ) ;
#2981 = ORIENTED_EDGE ( 'NONE', *, *, #1702, .F. ) ;
#2982 = CARTESIAN_POINT ( 'NONE',  ( 2.510525938252074876E-15, 28.86506350946110899, -20.50000000000002132 ) ) ;
#2983 = DIRECTION ( 'NONE',  ( 0.000000000000000000, -1.000000000000000000, -3.061616997868383141E-16 ) ) ;
#2984 = EDGE_CURVE ( 'NONE', #1592, #10036, #9036, .T. ) ;
#2985 = ORIENTED_EDGE ( 'NONE', *, *, #10878, .T. ) ;
#2986 = CARTESIAN_POINT ( 'NONE',  ( 20.76740526521493635, -80.41022924428168039, -5.314609469704302924 ) ) ;
#2987 = CARTESIAN_POINT ( 'NONE',  ( 0.000000000000000000, 45.20000000000000995, -9.220454712679835547E-15 ) ) ;
#2988 = LINE ( 'NONE', #5744, #1259 ) ;
#2989 = ORIENTED_EDGE ( 'NONE', *, *, #11433, .F. ) ;
#2990 = ORIENTED_EDGE ( 'NONE', *, *, #10842, .F. ) ;
#2991 = FACE_OUTER_BOUND ( 'NONE', #4800, .T. ) ;
#2992 = EDGE_LOOP ( 'NONE', ( #5292, #10265 ) ) ;
#2993 = AXIS2_PLACEMENT_3D ( 'NONE', #7855, #8030, #10632 ) ;
#2994 = DIRECTION ( 'NONE',  ( -7.395570986446986770E-32, 1.000000000000000000, 3.061616997868383634E-16 ) ) ;
#2995 = EDGE_CURVE ( 'NONE', #1476, #8051, #7265, .T. ) ;
#2996 = ADVANCED_FACE ( 'NONE', ( #3686 ), #859, .F. ) ;
#2997 = FACE_OUTER_BOUND ( 'NONE', #10879, .T. ) ;
#2998 = FACE_OUTER_BOUND ( 'NONE', #10012, .T. ) ;
#2999 = FACE_OUTER_BOUND ( 'NONE', #8898, .T. ) ;
#3000 = AXIS2_PLACEMENT_3D ( 'NONE', #1204, #6376, #3806 ) ;
#3001 = ORIENTED_EDGE ( 'NONE', *, *, #5373, .F. ) ;
#3002 = ORIENTED_EDGE ( 'NONE', *, *, #8418, .T. ) ;
#3003 = CIRCLE ( 'NONE', #757, 0.2500000000000002220 ) ;
#3004 = VERTEX_POINT ( 'NONE', #1855 ) ;
#3005 = DIRECTION ( 'NONE',  ( 0.000000000000000000, 1.000000000000000000, 3.061616997868381169E-16 ) ) ;
#3006 = CARTESIAN_POINT ( 'NONE',  ( -20.52358569366473162, -80.41022924428168039, -6.405656115871362744 ) ) ;
#3007 = DIRECTION ( 'NONE',  ( 0.000000000000000000, 0.000000000000000000, 1.000000000000000000 ) ) ;
#3008 = CARTESIAN_POINT ( 'NONE',  ( -19.64122733931581166, 51.19999999999999574, 8.744837826129932878 ) ) ;
#3009 = ORIENTED_EDGE ( 'NONE', *, *, #8843, .T. ) ;
#3010 = LINE ( 'NONE', #11160, #3013 ) ;
#3011 = DIRECTION ( 'NONE',  ( 0.000000000000000000, 0.000000000000000000, 1.000000000000000000 ) ) ;
#3012 = AXIS2_PLACEMENT_3D ( 'NONE', #1787, #7920, #5378 ) ;
#3013 = VECTOR ( 'NONE', #6541, 1000.000000000000000 ) ;
#3014 = VECTOR ( 'NONE', #10242, 1000.000000000000000 ) ;
#3015 = CYLINDRICAL_SURFACE ( 'NONE', #7297, 21.50000000000000355 ) ;
#3016 = AXIS2_PLACEMENT_3D ( 'NONE', #2007, #4665, #9203 ) ;
#3017 = ORIENTED_EDGE ( 'NONE', *, *, #6005, .T. ) ;
#3018 = CARTESIAN_POINT ( 'NONE',  ( -10.96577594754894669, 45.20000000000000284, 18.49328953615763282 ) ) ;
#3019 = VERTEX_POINT ( 'NONE', #5446 ) ;
#3020 = EDGE_CURVE ( 'NONE', #7510, #9684, #1920, .T. ) ;
#3021 = EDGE_CURVE ( 'NONE', #6692, #6444, #3775, .T. ) ;
#3022 = DIRECTION ( 'NONE',  ( 0.000000000000000000, -3.227392513445220839E-16, 1.000000000000000000 ) ) ;
#3024 = EDGE_LOOP ( 'NONE', ( #11357, #7392, #8120, #152 ) ) ;
#3023 = AXIS2_PLACEMENT_3D ( 'NONE', #5194, #4249, #11342 ) ;
#3025 = VECTOR ( 'NONE', #6227, 1000.000000000000000 ) ;
#3026 = CARTESIAN_POINT ( 'NONE',  ( -5.322755903978362291, -80.41022924428169460, 20.83070497094761819 ) ) ;
#3027 = VERTEX_POINT ( 'NONE', #2626 ) ;
#3028 = DIRECTION ( 'NONE',  ( -0.000000000000000000, 1.000000000000000000, 3.061616997868383141E-16 ) ) ;
#3029 = ORIENTED_EDGE ( 'NONE', *, *, #3918, .T. ) ;
#3030 = EDGE_CURVE ( 'NONE', #5531, #6935, #5275, .T. ) ;
#3031 = DIRECTION ( 'NONE',  ( 0.000000000000000000, 0.000000000000000000, 1.000000000000000000 ) ) ;
#3032 = DIRECTION ( 'NONE',  ( 0.000000000000000000, 0.000000000000000000, 1.000000000000000000 ) ) ;
#3033 = CIRCLE ( 'NONE', #9626, 0.2500000000000002220 ) ;
#3034 = ORIENTED_EDGE ( 'NONE', *, *, #11092, .F. ) ;
#3035 = ORIENTED_EDGE ( 'NONE', *, *, #9365, .F. ) ;
#3036 = CYLINDRICAL_SURFACE ( 'NONE', #5222, 0.2500000000000002220 ) ;
#3037 = ORIENTED_EDGE ( 'NONE', *, *, #9677, .F. ) ;
#3038 = ADVANCED_FACE ( 'NONE', ( #5511 ), #1033, .T. ) ;
#3039 = AXIS2_PLACEMENT_3D ( 'NONE', #6302, #10802, #1614 ) ;
#3040 = CYLINDRICAL_SURFACE ( 'NONE', #7504, 0.2500000000000002220 ) ;
#3041 = CARTESIAN_POINT ( 'NONE',  ( 10.53277056407845791, 45.19999999999998863, -18.74328531086482741 ) ) ;
#3042 = CARTESIAN_POINT ( 'NONE',  ( 0.000000000000000000, 9.199999999999999289, -2.024227590500601781E-14 ) ) ;
#3043 = AXIS2_PLACEMENT_3D ( 'NONE', #7375, #10919, #4781 ) ;
#3044 = VERTEX_POINT ( 'NONE', #4853 ) ;
#3045 = CARTESIAN_POINT ( 'NONE',  ( 0.000000000000000000, 79.00000000000000000, 15.40000000000000213 ) ) ;
#3046 = VECTOR ( 'NONE', #11658, 1000.000000000000000 ) ;
#3047 = CARTESIAN_POINT ( 'NONE',  ( -15.02499431646317696, 45.19999999999998863, -15.37854173158983251 ) ) ;
#3048 = AXIS2_PLACEMENT_3D ( 'NONE', #2362, #6652, #4959 ) ;
#3049 = ORIENTED_EDGE ( 'NONE', *, *, #10016, .F. ) ;
#3050 = ADVANCED_FACE ( 'NONE', ( #8271 ), #7326, .T. ) ;
#3051 = DIRECTION ( 'NONE',  ( -9.860761315262647568E-32, 1.000000000000000000, 3.061616997868382648E-16 ) ) ;
#3052 = AXIS2_PLACEMENT_3D ( 'NONE', #4672, #2013, #8374 ) ;
#3053 = LINE ( 'NONE', #2885, #11377 ) ;
#3054 = DIRECTION ( 'NONE',  ( 0.000000000000000000, 0.000000000000000000, 1.000000000000000000 ) ) ;
#3055 = CIRCLE ( 'NONE', #4936, 0.2500000000000002220 ) ;
#3056 = VERTEX_POINT ( 'NONE', #8336 ) ;
#3057 = ORIENTED_EDGE ( 'NONE', *, *, #1421, .F. ) ;
#3058 = DIRECTION ( 'NONE',  ( -0.000000000000000000, 1.000000000000000000, 3.061616997868383141E-16 ) ) ;
#3059 = VERTEX_POINT ( 'NONE', #2914 ) ;
#3060 = CARTESIAN_POINT ( 'NONE',  ( -18.03141721082671367, 45.19999999999998863, -11.70973925282289940 ) ) ;
#3061 = CIRCLE ( 'NONE', #9648, 0.2500000000000002220 ) ;
#3062 = DIRECTION ( 'NONE',  ( 9.860761315262647568E-32, 1.000000000000000000, 3.061616997868382648E-16 ) ) ;
#3063 = EDGE_CURVE ( 'NONE', #1985, #7602, #7434, .T. ) ;
#3064 = LINE ( 'NONE', #11263, #5041 ) ;
#3065 = CARTESIAN_POINT ( 'NONE',  ( 4.714331922580437428, 45.20000000000000284, 20.97677464539625092 ) ) ;
#3066 = CARTESIAN_POINT ( 'NONE',  ( 20.44771510034576067, 45.19999999999998863, -6.643865379061437260 ) ) ;
#3067 = ORIENTED_EDGE ( 'NONE', *, *, #6475, .F. ) ;
#3068 = ORIENTED_EDGE ( 'NONE', *, *, #6320, .T. ) ;
#3069 = AXIS2_PLACEMENT_3D ( 'NONE', #1410, #4991, #8584 ) ;
#3070 = ORIENTED_EDGE ( 'NONE', *, *, #7072, .T. ) ;
#3071 = DIRECTION ( 'NONE',  ( 4.930380657631323784E-32, 1.000000000000000000, 3.061616997868382648E-16 ) ) ;
#3072 = DIRECTION ( 'NONE',  ( -0.000000000000000000, 1.000000000000000000, 3.061616997868383141E-16 ) ) ;
#3073 = ADVANCED_FACE ( 'NONE', ( #1208 ), #2191, .F. ) ;
#3074 = CARTESIAN_POINT ( 'NONE',  ( 0.000000000000000000, 70.04536989052154183, -1.613754035165033947E-15 ) ) ;
#3075 = DIRECTION ( 'NONE',  ( 0.000000000000000000, 0.000000000000000000, 1.000000000000000000 ) ) ;
#3076 = ORIENTED_EDGE ( 'NONE', *, *, #2566, .F. ) ;
#3077 = LINE ( 'NONE', #6484, #3592 ) ;
#3078 = CYLINDRICAL_SURFACE ( 'NONE', #8710, 0.2500000000000002220 ) ;
#3079 = CARTESIAN_POINT ( 'NONE',  ( 13.72375690439583984, 51.20000000000000995, 16.55018116000689687 ) ) ;
#3080 = EDGE_CURVE ( 'NONE', #9896, #3244, #2078, .T. ) ;
#3081 = ORIENTED_EDGE ( 'NONE', *, *, #3945, .F. ) ;
#3082 = DIRECTION ( 'NONE',  ( 4.930380657631323784E-32, 1.000000000000000000, 3.061616997868381662E-16 ) ) ;
#3083 = LINE ( 'NONE', #2257, #1685 ) ;
#3084 = DIRECTION ( 'NONE',  ( 0.000000000000000000, 1.000000000000000000, 3.061616997868381169E-16 ) ) ;
#3085 = VERTEX_POINT ( 'NONE', #1088 ) ;
#3086 = CARTESIAN_POINT ( 'NONE',  ( -6.405656115871267708, -80.41022924428169460, 20.52358569366472807 ) ) ;
#3087 = ORIENTED_EDGE ( 'NONE', *, *, #9102, .F. ) ;
#3088 = CYLINDRICAL_SURFACE ( 'NONE', #8238, 0.2500000000000002220 ) ;
#3089 = ORIENTED_EDGE ( 'NONE', *, *, #6072, .T. ) ;
#3090 = LINE ( 'NONE', #6670, #7465 ) ;
#3091 = EDGE_CURVE ( 'NONE', #10155, #9343, #8293, .T. ) ;
#3092 = EDGE_CURVE ( 'NONE', #3019, #8655, #7163, .T. ) ;
#3093 = CARTESIAN_POINT ( 'NONE',  ( -20.52358569366473162, 45.19999999999998863, -6.405656115871324552 ) ) ;
#3094 = ORIENTED_EDGE ( 'NONE', *, *, #1119, .T. ) ;
#3095 = VERTEX_POINT ( 'NONE', #4682 ) ;
#3096 = CARTESIAN_POINT ( 'NONE',  ( 10.96577594754934459, 45.20000000000000284, 18.49328953615738058 ) ) ;
#3097 = EDGE_CURVE ( 'NONE', #7645, #2030, #9276, .T. ) ;
#3098 = ORIENTED_EDGE ( 'NONE', *, *, #688, .F. ) ;
#3099 = CARTESIAN_POINT ( 'NONE',  ( -17.24574565275862170, 45.20000000000000284, 12.83877941551909352 ) ) ;
#3100 = DIRECTION ( 'NONE',  ( -0.000000000000000000, 1.000000000000000000, 3.061616997868383141E-16 ) ) ;
#3101 = VERTEX_POINT ( 'NONE', #4739 ) ;
#3102 = CARTESIAN_POINT ( 'NONE',  ( 21.47053499722332504, -80.41022924428168039, -1.125223059223392941 ) ) ;
#3103 = CARTESIAN_POINT ( 'NONE',  ( 0.000000000000000000, 51.20000000000000995, -7.383484513958806747E-15 ) ) ;
#3104 = EDGE_CURVE ( 'NONE', #11003, #1996, #1143, .T. ) ;
#3105 = EDGE_CURVE ( 'NONE', #10707, #9989, #10092, .T. ) ;
#3106 = ORIENTED_EDGE ( 'NONE', *, *, #7781, .T. ) ;
#3107 = DIRECTION ( 'NONE',  ( 0.000000000000000000, 0.000000000000000000, -1.000000000000000000 ) ) ;
#3108 = DIRECTION ( 'NONE',  ( 0.000000000000000000, 0.000000000000000000, 1.000000000000000000 ) ) ;
#3109 = CARTESIAN_POINT ( 'NONE',  ( 1.961620953627966510E-15, 8.700000000000004619, -16.01785065697086097 ) ) ;
#3110 = ORIENTED_EDGE ( 'NONE', *, *, #1067, .T. ) ;
#3111 = ORIENTED_EDGE ( 'NONE', *, *, #7147, .F. ) ;
#3112 = ADVANCED_FACE ( 'NONE', ( #2861 ), #10040, .T. ) ;
#3113 = DIRECTION ( 'NONE',  ( -0.000000000000000000, 1.000000000000000000, 3.061616997868383141E-16 ) ) ;
#3114 = ORIENTED_EDGE ( 'NONE', *, *, #8862, .F. ) ;
#3115 = LINE ( 'NONE', #9416, #6420 ) ;
#3116 = DIRECTION ( 'NONE',  ( -9.860761315262647568E-32, 1.000000000000000000, 3.061616997868382648E-16 ) ) ;
#3117 = VERTEX_POINT ( 'NONE', #3914 ) ;
#3118 = CARTESIAN_POINT ( 'NONE',  ( 13.72375690439585760, -80.41022924428168039, -16.55018116000689687 ) ) ;
#3119 = DIRECTION ( 'NONE',  ( 0.000000000000000000, -3.227392513445222318E-16, 1.000000000000000000 ) ) ;
#3120 = CARTESIAN_POINT ( 'NONE',  ( 20.52358569366468544, 45.19999999999998863, 6.405656115871495970 ) ) ;
#3121 = ORIENTED_EDGE ( 'NONE', *, *, #11600, .F. ) ;
#3122 = VERTEX_POINT ( 'NONE', #5564 ) ;
#3123 = LINE ( 'NONE', #8552, #10193 ) ;
#3124 = ADVANCED_FACE ( 'NONE', ( #7497 ), #6611, .F. ) ;
#3125 = DIRECTION ( 'NONE',  ( 0.000000000000000000, 0.000000000000000000, 1.000000000000000000 ) ) ;
#3126 = CYLINDRICAL_SURFACE ( 'NONE', #1083, 0.2500000000000002220 ) ;
#3127 = CARTESIAN_POINT ( 'NONE',  ( 1.125223059223148248, -80.41022924428168039, -21.47053499722336056 ) ) ;
#3128 = ORIENTED_EDGE ( 'NONE', *, *, #7646, .T. ) ;
#3129 = DIRECTION ( 'NONE',  ( 0.000000000000000000, 0.000000000000000000, 1.000000000000000000 ) ) ;
#3130 = DIRECTION ( 'NONE',  ( -2.465190328815661892E-32, 1.000000000000000000, 3.061616997868381662E-16 ) ) ;
#3131 = DIRECTION ( 'NONE',  ( -0.000000000000000000, 1.000000000000000000, 3.061616997868383141E-16 ) ) ;
#3132 = AXIS2_PLACEMENT_3D ( 'NONE', #8032, #2552, #1786 ) ;
#3133 = ADVANCED_FACE ( 'NONE', ( #1255 ), #5726, .F. ) ;
#3134 = VECTOR ( 'NONE', #9647, 1000.000000000000000 ) ;
#3135 = CARTESIAN_POINT ( 'NONE',  ( 0.000000000000000000, 74.75000000000000000, -1.733764839787674301E-16 ) ) ;
#3136 = ORIENTED_EDGE ( 'NONE', *, *, #1316, .T. ) ;
#3137 = CARTESIAN_POINT ( 'NONE',  ( 20.83070497094755424, 51.19999999999999574, 5.322755903978759306 ) ) ;
#3138 = CARTESIAN_POINT ( 'NONE',  ( -17.89404075541347794, -80.41022924428169460, 11.91861172467667629 ) ) ;
#3139 = CARTESIAN_POINT ( 'NONE',  ( -19.26884090911975278, 51.19999999999999574, -9.537388008203979695 ) ) ;
#3140 = ORIENTED_EDGE ( 'NONE', *, *, #3396, .F. ) ;
#3141 = CARTESIAN_POINT ( 'NONE',  ( 5.564609469704206113, 51.20000000000000995, 20.76740526521497188 ) ) ;
#3142 = ORIENTED_EDGE ( 'NONE', *, *, #427, .T. ) ;
#3143 = FACE_OUTER_BOUND ( 'NONE', #5130, .T. ) ;
#3144 = AXIS2_PLACEMENT_3D ( 'NONE', #1242, #6430, #10134 ) ;
#3145 = AXIS2_PLACEMENT_3D ( 'NONE', #2523, #1474, #4232 ) ;
#3146 = ORIENTED_EDGE ( 'NONE', *, *, #3609, .T. ) ;
#3147 = AXIS2_PLACEMENT_3D ( 'NONE', #7783, #6886, #2423 ) ;
#3148 = VECTOR ( 'NONE', #3334, 1000.000000000000000 ) ;
#3149 = CIRCLE ( 'NONE', #8052, 0.2500000000000002220 ) ;
#3150 = FACE_OUTER_BOUND ( 'NONE', #9997, .T. ) ;
#3151 = CARTESIAN_POINT ( 'NONE',  ( 18.74328531086472438, 51.20000000000000995, 10.53277056407868528 ) ) ;
#3152 = AXIS2_PLACEMENT_3D ( 'NONE', #1276, #5737, #1340 ) ;
#3153 = ORIENTED_EDGE ( 'NONE', *, *, #8662, .F. ) ;
#3154 = VECTOR ( 'NONE', #9039, 1000.000000000000000 ) ;
#3155 = CIRCLE ( 'NONE', #10102, 0.2500000000000002220 ) ;
#3156 = ORIENTED_EDGE ( 'NONE', *, *, #1957, .F. ) ;
#3157 = CARTESIAN_POINT ( 'NONE',  ( 13.72375690439575813, 45.19999999999998863, -16.55018116000699990 ) ) ;
#3158 = VERTEX_POINT ( 'NONE', #9216 ) ;
#3159 = CYLINDRICAL_SURFACE ( 'NONE', #10908, 21.50000000000000355 ) ;
#3160 = AXIS2_PLACEMENT_3D ( 'NONE', #5677, #9277, #740 ) ;
#3161 = DIRECTION ( 'NONE',  ( 1.972152263052529514E-31, 1.000000000000000000, 3.061616997868382648E-16 ) ) ;
#3162 = EDGE_CURVE ( 'NONE', #9350, #5790, #6786, .T. ) ;
#3163 = EDGE_LOOP ( 'NONE', ( #8455, #6519, #10887, #10789 ) ) ;
#3164 = CARTESIAN_POINT ( 'NONE',  ( -10.75000000000014744, 51.19999999999999574, -18.61954618136531892 ) ) ;
#3165 = DIRECTION ( 'NONE',  ( -0.000000000000000000, 1.000000000000000000, 3.061616997868383141E-16 ) ) ;
#3166 = AXIS2_PLACEMENT_3D ( 'NONE', #10402, #7684, #4978 ) ;
#3167 = ORIENTED_EDGE ( 'NONE', *, *, #10997, .F. ) ;
#3168 = DIRECTION ( 'NONE',  ( -0.000000000000000000, 1.000000000000000000, 3.061616997868383141E-16 ) ) ;
#3169 = FACE_OUTER_BOUND ( 'NONE', #9791, .T. ) ;
#3170 = DIRECTION ( 'NONE',  ( -0.000000000000000000, 1.000000000000000000, 3.061616997868383141E-16 ) ) ;
#3171 = VERTEX_POINT ( 'NONE', #9382 ) ;
#3172 = VERTEX_POINT ( 'NONE', #10994 ) ;
#3173 = ADVANCED_FACE ( 'NONE', ( #3746 ), #2025, .T. ) ;
#3174 = EDGE_CURVE ( 'NONE', #11375, #8546, #2327, .T. ) ;
#3175 = CARTESIAN_POINT ( 'NONE',  ( 0.000000000000000000, 76.25000000000000000, 15.65000000000000036 ) ) ;
#3176 = ORIENTED_EDGE ( 'NONE', *, *, #6247, .T. ) ;
#3177 = CARTESIAN_POINT ( 'NONE',  ( 0.000000000000000000, 51.20000000000000995, -7.383484513958806747E-15 ) ) ;
#3178 = FACE_OUTER_BOUND ( 'NONE', #417, .T. ) ;
#3179 = ORIENTED_EDGE ( 'NONE', *, *, #5685, .F. ) ;
#3180 = CARTESIAN_POINT ( 'NONE',  ( 0.000000000000000000, 24.19999999999999218, 19.24999999999998934 ) ) ;
#3181 = CARTESIAN_POINT ( 'NONE',  ( 0.000000000000000000, 87.50000000000001421, 3.730185188303422936E-15 ) ) ;
#3182 = CARTESIAN_POINT ( 'NONE',  ( 17.39386537906129604, 51.19999999999999574, -12.63738292428823407 ) ) ;
#3183 = EDGE_LOOP ( 'NONE', ( #2201, #5205, #1308, #633 ) ) ;
#3184 = ORIENTED_EDGE ( 'NONE', *, *, #4342, .F. ) ;
#3185 = ORIENTED_EDGE ( 'NONE', *, *, #2507, .T. ) ;
#3186 = CARTESIAN_POINT ( 'NONE',  ( 5.564609469704060452, 45.19999999999998863, -20.76740526521497898 ) ) ;
#3187 = DIRECTION ( 'NONE',  ( 0.000000000000000000, 0.000000000000000000, 1.000000000000000000 ) ) ;
#3188 = EDGE_CURVE ( 'NONE', #3214, #3572, #9, .T. ) ;
#3189 = AXIS2_PLACEMENT_3D ( 'NONE', #9499, #10326, #5087 ) ;
#3190 = DIRECTION ( 'NONE',  ( -0.000000000000000000, 1.000000000000000000, 3.061616997868383141E-16 ) ) ;
#3191 = CYLINDRICAL_SURFACE ( 'NONE', #10547, 0.2500000000000002220 ) ;
#3192 = ORIENTED_EDGE ( 'NONE', *, *, #73, .F. ) ;
#3193 = FACE_OUTER_BOUND ( 'NONE', #9185, .T. ) ;
#3194 = DIRECTION ( 'NONE',  ( -0.000000000000000000, 1.000000000000000000, 3.061616997868383141E-16 ) ) ;
#3195 = VECTOR ( 'NONE', #11060, 1000.000000000000000 ) ;
#3196 = DIRECTION ( 'NONE',  ( 0.000000000000000000, 0.000000000000000000, 1.000000000000000000 ) ) ;
#3197 = AXIS2_PLACEMENT_3D ( 'NONE', #4928, #5985, #2454 ) ;
#3198 = AXIS2_PLACEMENT_3D ( 'NONE', #7129, #7024, #10622 ) ;
#3199 = DIRECTION ( 'NONE',  ( 0.000000000000000000, -3.227392513445220839E-16, 1.000000000000000000 ) ) ;
#3200 = ORIENTED_EDGE ( 'NONE', *, *, #9677, .T. ) ;
#3201 = DIRECTION ( 'NONE',  ( 0.000000000000000000, 0.000000000000000000, 1.000000000000000000 ) ) ;
#3202 = DIRECTION ( 'NONE',  ( 2.465190328815661892E-32, 1.000000000000000000, 3.061616997868383141E-16 ) ) ;
#3203 = DIRECTION ( 'NONE',  ( 0.000000000000000000, 0.000000000000000000, 1.000000000000000000 ) ) ;
#3204 = ORIENTED_EDGE ( 'NONE', *, *, #5373, .T. ) ;
#3205 = CARTESIAN_POINT ( 'NONE',  ( -9.537388008204343848, 45.19999999999998863, -19.26884090911959646 ) ) ;
#3206 = EDGE_LOOP ( 'NONE', ( #1, #4560, #10811, #11077 ) ) ;
#3207 = CIRCLE ( 'NONE', #3778, 0.2500000000000002220 ) ;
#3208 = LINE ( 'NONE', #5092, #1897 ) ;
#3209 = ORIENTED_EDGE ( 'NONE', *, *, #7897, .F. ) ;
#3210 = VECTOR ( 'NONE', #8177, 1000.000000000000000 ) ;
#3211 = DIRECTION ( 'NONE',  ( 0.000000000000000000, -3.227392513445220839E-16, 1.000000000000000000 ) ) ;
#3212 = AXIS2_PLACEMENT_3D ( 'NONE', #1304, #7605, #7543 ) ;
#3213 = FACE_OUTER_BOUND ( 'NONE', #11291, .T. ) ;
#3214 = VERTEX_POINT ( 'NONE', #6799 ) ;
#3215 = EDGE_CURVE ( 'NONE', #4006, #4894, #6585, .T. ) ;
#3216 = VECTOR ( 'NONE', #2971, 1000.000000000000000 ) ;
#3217 = CIRCLE ( 'NONE', #4716, 0.2500000000000002220 ) ;
#3218 = CIRCLE ( 'NONE', #9796, 0.2500000000000002220 ) ;
#3219 = VERTEX_POINT ( 'NONE', #10452 ) ;
#3220 = DIRECTION ( 'NONE',  ( -0.000000000000000000, 1.000000000000000000, 3.061616997868383141E-16 ) ) ;
#3221 = VERTEX_POINT ( 'NONE', #2379 ) ;
#3222 = CYLINDRICAL_SURFACE ( 'NONE', #9024, 21.50000000000000355 ) ;
#3223 = DIRECTION ( 'NONE',  ( 0.000000000000000000, 0.000000000000000000, 1.000000000000000000 ) ) ;
#3224 = EDGE_CURVE ( 'NONE', #563, #4163, #1714, .T. ) ;
#3225 = EDGE_LOOP ( 'NONE', ( #2179, #2380, #9563, #6334 ) ) ;
#3226 = CARTESIAN_POINT ( 'NONE',  ( 19.26884090911973857, -80.41022924428168039, 9.537388008203949497 ) ) ;
#3227 = AXIS2_PLACEMENT_3D ( 'NONE', #1494, #1554, #5142 ) ;
#3228 = ORIENTED_EDGE ( 'NONE', *, *, #9516, .F. ) ;
#3229 = CARTESIAN_POINT ( 'NONE',  ( -9.982883740771804071, -80.41022924428168039, -19.04184949573529195 ) ) ;
#3230 = AXIS2_PLACEMENT_3D ( 'NONE', #5604, #3730, #7250 ) ;
#3231 = DIRECTION ( 'NONE',  ( 0.000000000000000000, -3.227392513445222318E-16, 1.000000000000000000 ) ) ;
#3232 = DIRECTION ( 'NONE',  ( 4.930380657631323784E-32, 1.000000000000000000, 3.061616997868383141E-16 ) ) ;
#3233 = AXIS2_PLACEMENT_3D ( 'NONE', #5303, #11501, #10716 ) ;
#3234 = ADVANCED_FACE ( 'NONE', ( #6096 ), #9795, .T. ) ;
#3235 = ORIENTED_EDGE ( 'NONE', *, *, #5515, .F. ) ;
#3236 = ORIENTED_EDGE ( 'NONE', *, *, #5872, .F. ) ;
#3237 = VECTOR ( 'NONE', #8888, 1000.000000000000000 ) ;
#3238 = CARTESIAN_POINT ( 'NONE',  ( 0.000000000000000000, 51.20000000000000995, -7.383484513958806747E-15 ) ) ;
#3239 = ORIENTED_EDGE ( 'NONE', *, *, #6105, .F. ) ;
#3240 = LINE ( 'NONE', #11257, #2479 ) ;
#3241 = CIRCLE ( 'NONE', #6426, 21.50000000000000000 ) ;
#3242 = CIRCLE ( 'NONE', #4187, 0.2500000000000002220 ) ;
#3243 = CYLINDRICAL_SURFACE ( 'NONE', #5403, 21.50000000000000355 ) ;
#3244 = VERTEX_POINT ( 'NONE', #553 ) ;
#3245 = EDGE_CURVE ( 'NONE', #6819, #7467, #188, .T. ) ;
#3246 = CARTESIAN_POINT ( 'NONE',  ( 1.125223059223148248, 51.19999999999999574, -21.47053499722331793 ) ) ;
#3247 = CONICAL_SURFACE ( 'NONE', #618, 15.39999999999999858, 0.7853981633974725929 ) ;
#3248 = CARTESIAN_POINT ( 'NONE',  ( -6.405656115871687817, -80.41022924428168039, -20.52358569366464636 ) ) ;
#3249 = CYLINDRICAL_SURFACE ( 'NONE', #4752, 19.50000000000000355 ) ;
#3250 = ORIENTED_EDGE ( 'NONE', *, *, #11157, .T. ) ;
#3251 = CARTESIAN_POINT ( 'NONE',  ( -1.125223059223438904, 51.19999999999999574, -21.47053499722330727 ) ) ;
#3252 = ADVANCED_FACE ( 'NONE', ( #11287 ), #4975, .F. ) ;
#3253 = DIRECTION ( 'NONE',  ( -7.395570986446986770E-32, 1.000000000000000000, 3.061616997868381169E-16 ) ) ;
#3254 = DIRECTION ( 'NONE',  ( 4.930380657631323784E-32, 1.000000000000000000, 3.061616997868380676E-16 ) ) ;
#3255 = CIRCLE ( 'NONE', #3052, 0.2500000000000002220 ) ;
#3256 = FACE_OUTER_BOUND ( 'NONE', #2597, .T. ) ;
#3257 = ORIENTED_EDGE ( 'NONE', *, *, #4533, .F. ) ;
#3258 = DIRECTION ( 'NONE',  ( -0.000000000000000000, 1.000000000000000000, 3.061616997868383141E-16 ) ) ;
#3259 = AXIS2_PLACEMENT_3D ( 'NONE', #8422, #5008, #10375 ) ;
#3260 = DIRECTION ( 'NONE',  ( -0.000000000000000000, 1.000000000000000000, 3.061616997868383141E-16 ) ) ;
#3261 = CARTESIAN_POINT ( 'NONE',  ( 2.495836301044398020, 51.19999999999999574, -21.35464355025363759 ) ) ;
#3262 = EDGE_CURVE ( 'NONE', #3657, #5964, #3384, .T. ) ;
#3263 = EDGE_CURVE ( 'NONE', #7229, #3910, #7155, .T. ) ;
#3264 = AXIS2_PLACEMENT_3D ( 'NONE', #4428, #6248, #4602 ) ;
#3265 = CARTESIAN_POINT ( 'NONE',  ( 14.38630803671536462, 51.19999999999999574, -15.72761374776402299 ) ) ;
#3266 = ORIENTED_EDGE ( 'NONE', *, *, #4452, .T. ) ;
#3267 = DIRECTION ( 'NONE',  ( -0.000000000000000000, 1.000000000000000000, 3.061616997868383141E-16 ) ) ;
#3268 = CYLINDRICAL_SURFACE ( 'NONE', #1305, 0.2500000000000002220 ) ;
#3269 = DIRECTION ( 'NONE',  ( 0.000000000000000000, -1.000000000000000000, -3.061616997868383141E-16 ) ) ;
#3270 = ORIENTED_EDGE ( 'NONE', *, *, #4098, .T. ) ;
#3271 = DIRECTION ( 'NONE',  ( 0.000000000000000000, -3.227392513445222318E-16, 1.000000000000000000 ) ) ;
#3272 = ORIENTED_EDGE ( 'NONE', *, *, #5580, .T. ) ;
#3273 = LINE ( 'NONE', #10637, #9748 ) ;
#3274 = DIRECTION ( 'NONE',  ( 0.000000000000000000, -3.227392513445220839E-16, 1.000000000000000000 ) ) ;
#3275 = EDGE_CURVE ( 'NONE', #8656, #9865, #9604, .T. ) ;
#3276 = ORIENTED_EDGE ( 'NONE', *, *, #6696, .T. ) ;
#3277 = CARTESIAN_POINT ( 'NONE',  ( 0.000000000000000000, 45.20000000000000995, -9.220454712679835547E-15 ) ) ;
#3278 = VERTEX_POINT ( 'NONE', #3205 ) ;
#3279 = ORIENTED_EDGE ( 'NONE', *, *, #5938, .F. ) ;
#3280 = DIRECTION ( 'NONE',  ( 0.000000000000000000, 0.000000000000000000, 1.000000000000000000 ) ) ;
#3281 = EDGE_LOOP ( 'NONE', ( #1096, #2141, #8081, #5568 ) ) ;
#3282 = DIRECTION ( 'NONE',  ( -0.000000000000000000, 1.000000000000000000, 3.061616997868383141E-16 ) ) ;
#3283 = DIRECTION ( 'NONE',  ( 0.000000000000000000, -1.000000000000000000, -3.061616997868383141E-16 ) ) ;
#3284 = EDGE_CURVE ( 'NONE', #3454, #9323, #11113, .T. ) ;
#3285 = ORIENTED_EDGE ( 'NONE', *, *, #8741, .F. ) ;
#3286 = CYLINDRICAL_SURFACE ( 'NONE', #10406, 0.2500000000000002220 ) ;
#3287 = EDGE_CURVE ( 'NONE', #6880, #2163, #25, .T. ) ;
#3288 = VERTEX_POINT ( 'NONE', #9569 ) ;
#3289 = CARTESIAN_POINT ( 'NONE',  ( 0.000000000000000000, 45.20000000000000995, -9.220454712679835547E-15 ) ) ;
#3290 = ADVANCED_FACE ( 'NONE', ( #1505 ), #5090, .F. ) ;
#3291 = DIRECTION ( 'NONE',  ( 0.000000000000000000, 0.000000000000000000, 1.000000000000000000 ) ) ;
#3292 = CYLINDRICAL_SURFACE ( 'NONE', #3145, 0.2500000000000002220 ) ;
#3293 = ORIENTED_EDGE ( 'NONE', *, *, #8215, .T. ) ;
#3294 = VERTEX_POINT ( 'NONE', #621 ) ;
#3295 = CARTESIAN_POINT ( 'NONE',  ( -3.363340998365109691, 45.19999999999998863, -20.98529932279540944 ) ) ;
#3296 = ORIENTED_EDGE ( 'NONE', *, *, #874, .T. ) ;
#3297 = DIRECTION ( 'NONE',  ( 4.930380657631323784E-32, 1.000000000000000000, 3.061616997868382155E-16 ) ) ;
#3298 = ADVANCED_FACE ( 'NONE', ( #4213 ), #7803, .F. ) ;
#3299 = FACE_OUTER_BOUND ( 'NONE', #221, .T. ) ;
#3300 = ORIENTED_EDGE ( 'NONE', *, *, #3324, .T. ) ;
#3301 = DIRECTION ( 'NONE',  ( 0.000000000000000000, 0.000000000000000000, -1.000000000000000000 ) ) ;
#3302 = CARTESIAN_POINT ( 'NONE',  ( -14.19955239679448589, -80.41022924428169460, 16.14381341971860806 ) ) ;
#3303 = LINE ( 'NONE', #1654, #2876 ) ;
#3304 = ORIENTED_EDGE ( 'NONE', *, *, #5563, .F. ) ;
#3305 = DIRECTION ( 'NONE',  ( 0.000000000000000000, 0.000000000000000000, 1.000000000000000000 ) ) ;
#3306 = DIRECTION ( 'NONE',  ( 0.000000000000000000, 0.000000000000000000, 1.000000000000000000 ) ) ;
#3307 = CYLINDRICAL_SURFACE ( 'NONE', #7453, 0.2500000000000002220 ) ;
#3308 = DIRECTION ( 'NONE',  ( 0.000000000000000000, 0.000000000000000000, 1.000000000000000000 ) ) ;
#3309 = ORIENTED_EDGE ( 'NONE', *, *, #2899, .T. ) ;
#3310 = FACE_OUTER_BOUND ( 'NONE', #6990, .T. ) ;
#3311 = EDGE_CURVE ( 'NONE', #10642, #1045, #5466, .T. ) ;
#3312 = DIRECTION ( 'NONE',  ( 0.000000000000000000, -3.227392513445220839E-16, 1.000000000000000000 ) ) ;
#3313 = CARTESIAN_POINT ( 'NONE',  ( -17.39386537906147012, 45.19999999999998863, -12.63738292428799781 ) ) ;
#3314 = CARTESIAN_POINT ( 'NONE',  ( 0.000000000000000000, 51.20000000000000995, -7.383484513958806747E-15 ) ) ;
#3315 = VERTEX_POINT ( 'NONE', #5265 ) ;
#3316 = DIRECTION ( 'NONE',  ( -0.000000000000000000, 1.000000000000000000, 3.061616997868383141E-16 ) ) ;
#3317 = DIRECTION ( 'NONE',  ( 0.000000000000000000, 0.000000000000000000, 1.000000000000000000 ) ) ;
#3318 = DIRECTION ( 'NONE',  ( 0.000000000000000000, -3.227392513445220839E-16, 1.000000000000000000 ) ) ;
#3319 = EDGE_LOOP ( 'NONE', ( #8332, #866, #11112, #8398 ) ) ;
#3320 = CARTESIAN_POINT ( 'NONE',  ( 0.000000000000000000, 24.19999999999999929, -1.564985040820344345E-14 ) ) ;
#3321 = VERTEX_POINT ( 'NONE', #6258 ) ;
#3322 = CARTESIAN_POINT ( 'NONE',  ( -20.83070497094749030, 45.19999999999998863, 5.322755903979053294 ) ) ;
#3323 = CARTESIAN_POINT ( 'NONE',  ( -20.36907980785155914, 45.19999999999998863, 6.881176337035215695 ) ) ;
#3324 = EDGE_CURVE ( 'NONE', #11657, #10366, #10854, .T. ) ;
#3325 = ORIENTED_EDGE ( 'NONE', *, *, #5606, .T. ) ;
#3326 = CIRCLE ( 'NONE', #3512, 0.2500000000000002220 ) ;
#3327 = CARTESIAN_POINT ( 'NONE',  ( 4.470101352581692389, 51.19999999999999574, -20.78017341577681876 ) ) ;
#3328 = CIRCLE ( 'NONE', #3705, 0.2500000000000002220 ) ;
#3329 = CIRCLE ( 'NONE', #4822, 21.50000000000000000 ) ;
#3330 = CARTESIAN_POINT ( 'NONE',  ( 18.03141721082655380, 45.19999999999998863, -11.45973925282314276 ) ) ;
#3331 = AXIS2_PLACEMENT_3D ( 'NONE', #6957, #6082, #10558 ) ;
#3332 = EDGE_CURVE ( 'NONE', #10715, #3397, #7554, .T. ) ;
#3333 = ORIENTED_EDGE ( 'NONE', *, *, #11600, .T. ) ;
#3334 = DIRECTION ( 'NONE',  ( 9.860761315262647568E-32, 1.000000000000000000, 3.061616997868382155E-16 ) ) ;
#3335 = ORIENTED_EDGE ( 'NONE', *, *, #2497, .F. ) ;
#3336 = CIRCLE ( 'NONE', #4275, 0.2500000000000002220 ) ;
#3337 = CIRCLE ( 'NONE', #4830, 21.50000000000000000 ) ;
#3338 = DIRECTION ( 'NONE',  ( -3.697785493223493385E-32, 1.000000000000000000, 3.061616997868383141E-16 ) ) ;
#3339 = EDGE_CURVE ( 'NONE', #4944, #2417, #2070, .T. ) ;
#3340 = DIRECTION ( 'NONE',  ( 9.244463733058733463E-33, 1.000000000000000000, 3.061616997868383634E-16 ) ) ;
#3341 = AXIS2_PLACEMENT_3D ( 'NONE', #7871, #5163, #565 ) ;
#3342 = VERTEX_POINT ( 'NONE', #8806 ) ;
#3343 = CIRCLE ( 'NONE', #3720, 21.50000000000000000 ) ;
#3344 = CARTESIAN_POINT ( 'NONE',  ( -19.64122733931598574, 51.19999999999999574, -8.494837826129506553 ) ) ;
#3345 = VECTOR ( 'NONE', #11234, 1000.000000000000000 ) ;
#3346 = VECTOR ( 'NONE', #11175, 1000.000000000000000 ) ;
#3347 = AXIS2_PLACEMENT_3D ( 'NONE', #7535, #4014, #7599 ) ;
#3348 = EDGE_CURVE ( 'NONE', #4399, #2555, #2463, .T. ) ;
#3349 = ORIENTED_EDGE ( 'NONE', *, *, #6822, .T. ) ;
#3350 = CYLINDRICAL_SURFACE ( 'NONE', #6136, 0.2500000000000002220 ) ;
#3351 = CIRCLE ( 'NONE', #6343, 0.2500000000000002220 ) ;
#3352 = LINE ( 'NONE', #7703, #5992 ) ;
#3353 = DIRECTION ( 'NONE',  ( -0.000000000000000000, 1.000000000000000000, 3.061616997868383141E-16 ) ) ;
#3354 = VERTEX_POINT ( 'NONE', #4327 ) ;
#3355 = VERTEX_POINT ( 'NONE', #7143 ) ;
#3356 = AXIS2_PLACEMENT_3D ( 'NONE', #5990, #2564, #571 ) ;
#3357 = AXIS2_PLACEMENT_3D ( 'NONE', #11400, #5080, #5255 ) ;
#3358 = FACE_OUTER_BOUND ( 'NONE', #5223, .T. ) ;
#3359 = ORIENTED_EDGE ( 'NONE', *, *, #3868, .T. ) ;
#3360 = CARTESIAN_POINT ( 'NONE',  ( 17.89404075541355610, 45.19999999999998863, -11.91861172467656971 ) ) ;
#3361 = VECTOR ( 'NONE', #9217, 1000.000000000000000 ) ;
#3362 = EDGE_CURVE ( 'NONE', #6524, #10328, #11579, .T. ) ;
#3363 = EDGE_LOOP ( 'NONE', ( #5061, #6927, #2985, #4352 ) ) ;
#3364 = DIRECTION ( 'NONE',  ( 4.930380657631323784E-32, 1.000000000000000000, 3.061616997868381662E-16 ) ) ;
#3365 = DIRECTION ( 'NONE',  ( -0.000000000000000000, 1.000000000000000000, 3.061616997868383141E-16 ) ) ;
#3366 = FACE_BOUND ( 'NONE', #1567, .T. ) ;
#3367 = ORIENTED_EDGE ( 'NONE', *, *, #8685, .T. ) ;
#3368 = CARTESIAN_POINT ( 'NONE',  ( -15.20279579551089455, -80.41022924428168039, -14.95279579551065297 ) ) ;
#3369 = DIRECTION ( 'NONE',  ( 0.000000000000000000, -1.000000000000000000, -3.061616997868383141E-16 ) ) ;
#3370 = CARTESIAN_POINT ( 'NONE',  ( 0.000000000000000000, 87.50000000000001421, 3.730185188303422936E-15 ) ) ;
#3371 = CARTESIAN_POINT ( 'NONE',  ( -2.247361960254701252, 45.19999999999998863, -21.38222075041783654 ) ) ;
#3372 = ORIENTED_EDGE ( 'NONE', *, *, #7988, .F. ) ;
#3373 = DIRECTION ( 'NONE',  ( 0.000000000000000000, 3.061616997868383141E-16, -1.000000000000000000 ) ) ;
#3374 = EDGE_CURVE ( 'NONE', #7096, #4051, #1526, .T. ) ;
#3375 = CARTESIAN_POINT ( 'NONE',  ( 6.643865379061240972, 51.19999999999999574, -20.44771510034581397 ) ) ;
#3376 = DIRECTION ( 'NONE',  ( 0.000000000000000000, -3.227392513445220839E-16, 1.000000000000000000 ) ) ;
#3377 = VECTOR ( 'NONE', #7295, 1000.000000000000000 ) ;
#3378 = DIRECTION ( 'NONE',  ( 0.000000000000000000, -3.384826294588891447E-16, 1.000000000000000000 ) ) ;
#3379 = VERTEX_POINT ( 'NONE', #9850 ) ;
#3380 = DIRECTION ( 'NONE',  ( 0.000000000000000000, 0.000000000000000000, 1.000000000000000000 ) ) ;
#3381 = CARTESIAN_POINT ( 'NONE',  ( -0.8754938253326652875, 51.20000000000000995, 21.48216726873254601 ) ) ;
#3382 = LINE ( 'NONE', #1503, #7444 ) ;
#3383 = ORIENTED_EDGE ( 'NONE', *, *, #3441, .F. ) ;
#3384 = LINE ( 'NONE', #4917, #10156 ) ;
#3385 = ORIENTED_EDGE ( 'NONE', *, *, #1515, .T. ) ;
#3386 = CARTESIAN_POINT ( 'NONE',  ( -18.74328531086458938, 45.20000000000000284, 10.53277056407895174 ) ) ;
#3387 = AXIS2_PLACEMENT_3D ( 'NONE', #1042, #3760, #7341 ) ;
#3388 = LINE ( 'NONE', #9572, #2284 ) ;
#3389 = VERTEX_POINT ( 'NONE', #8866 ) ;
#3390 = AXIS2_PLACEMENT_3D ( 'NONE', #7917, #2671, #848 ) ;
#3391 = VECTOR ( 'NONE', #10412, 1000.000000000000000 ) ;
#3392 = DIRECTION ( 'NONE',  ( 0.000000000000000000, 0.000000000000000000, 1.000000000000000000 ) ) ;
#3393 = EDGE_CURVE ( 'NONE', #336, #1392, #979, .T. ) ;
#3394 = AXIS2_PLACEMENT_3D ( 'NONE', #11652, #1795, #3570 ) ;
#3395 = EDGE_CURVE ( 'NONE', #10222, #1673, #5499, .T. ) ;
#3396 = EDGE_CURVE ( 'NONE', #11341, #564, #9734, .T. ) ;
#3397 = VERTEX_POINT ( 'NONE', #1618 ) ;
#3398 = DIRECTION ( 'NONE',  ( 0.000000000000000000, -3.384826294588890954E-16, 1.000000000000000000 ) ) ;
#3399 = VERTEX_POINT ( 'NONE', #8926 ) ;
#3400 = AXIS2_PLACEMENT_3D ( 'NONE', #2134, #2856, #8378 ) ;
#3401 = AXIS2_PLACEMENT_3D ( 'NONE', #2312, #602, #3075 ) ;
#3402 = CARTESIAN_POINT ( 'NONE',  ( 20.76740526521497543, 51.19999999999999574, 5.564609469704148381 ) ) ;
#3403 = ADVANCED_FACE ( 'NONE', ( #851 ), #8034, .F. ) ;
#3404 = DIRECTION ( 'NONE',  ( 7.395570986446986770E-32, 1.000000000000000000, 3.061616997868381662E-16 ) ) ;
#3405 = VERTEX_POINT ( 'NONE', #7087 ) ;
#3406 = AXIS2_PLACEMENT_3D ( 'NONE', #10687, #2554, #904 ) ;
#3407 = AXIS2_PLACEMENT_3D ( 'NONE', #2732, #3736, #4612 ) ;
#3408 = AXIS2_PLACEMENT_3D ( 'NONE', #6294, #4542, #9887 ) ;
#3409 = VERTEX_POINT ( 'NONE', #2788 ) ;
#3410 = LINE ( 'NONE', #6999, #10189 ) ;
#3411 = EDGE_CURVE ( 'NONE', #10766, #9410, #10553, .T. ) ;
#3412 = EDGE_CURVE ( 'NONE', #5964, #11675, #376, .T. ) ;
#3413 = ORIENTED_EDGE ( 'NONE', *, *, #6488, .F. ) ;
#3414 = CYLINDRICAL_SURFACE ( 'NONE', #2031, 21.50000000000000355 ) ;
#3415 = CARTESIAN_POINT ( 'NONE',  ( 0.000000000000000000, 8.699999999999999289, -2.039535675489943990E-14 ) ) ;
#3416 = EDGE_LOOP ( 'NONE', ( #2326, #675, #119, #11181 ) ) ;
#3417 = AXIS2_PLACEMENT_3D ( 'NONE', #4897, #6840, #10439 ) ;
#3418 = CIRCLE ( 'NONE', #9983, 21.50000000000001066 ) ;
#3419 = EDGE_LOOP ( 'NONE', ( #2301, #6929, #7999, #7036 ) ) ;
#3420 = ORIENTED_EDGE ( 'NONE', *, *, #3348, .F. ) ;
#3421 = AXIS2_PLACEMENT_3D ( 'NONE', #8083, #6355, #7026 ) ;
#3422 = AXIS2_PLACEMENT_3D ( 'NONE', #4588, #8348, #3762 ) ;
#3423 = CARTESIAN_POINT ( 'NONE',  ( -18.61954618136552142, 51.19999999999999574, -10.74999999999980460 ) ) ;
#3424 = ORIENTED_EDGE ( 'NONE', *, *, #4921, .F. ) ;
#3425 = CARTESIAN_POINT ( 'NONE',  ( -21.47053499722334280, 51.19999999999999574, -1.125223059223057653 ) ) ;
#3426 = EDGE_CURVE ( 'NONE', #2052, #10766, #3622, .T. ) ;
#3427 = ORIENTED_EDGE ( 'NONE', *, *, #1574, .T. ) ;
#3428 = CARTESIAN_POINT ( 'NONE',  ( 11.70973925282297579, -80.41022924428168039, -18.03141721082669591 ) ) ;
#3429 = CIRCLE ( 'NONE', #6806, 21.50000000000001066 ) ;
#3430 = DIRECTION ( 'NONE',  ( 0.000000000000000000, 0.000000000000000000, -1.000000000000000000 ) ) ;
#3431 = CYLINDRICAL_SURFACE ( 'NONE', #4387, 21.50000000000000355 ) ;
#3432 = VERTEX_POINT ( 'NONE', #8095 ) ;
#3433 = CARTESIAN_POINT ( 'NONE',  ( -15.20279579551057658, -80.41022924428169460, 15.20279579551092297 ) ) ;
#3434 = CARTESIAN_POINT ( 'NONE',  ( 16.14381341971830963, 51.19999999999999574, -14.19955239679488201 ) ) ;
#3435 = CIRCLE ( 'NONE', #1923, 21.50000000000001066 ) ;
#3436 = DIRECTION ( 'NONE',  ( 0.000000000000000000, 0.000000000000000000, -1.000000000000000000 ) ) ;
#3437 = ORIENTED_EDGE ( 'NONE', *, *, #10338, .T. ) ;
#3438 = CARTESIAN_POINT ( 'NONE',  ( 16.70863817132479667, -80.41022924428168039, -13.53038840757160521 ) ) ;
#3439 = VECTOR ( 'NONE', #2757, 1000.000000000000000 ) ;
#3440 = CARTESIAN_POINT ( 'NONE',  ( 19.64122733931587206, -80.41022924428168039, -8.744837826129808533 ) ) ;
#3441 = EDGE_CURVE ( 'NONE', #9840, #1569, #1896, .T. ) ;
#3442 = VECTOR ( 'NONE', #11573, 1000.000000000000000 ) ;
#3443 = DIRECTION ( 'NONE',  ( -0.000000000000000000, 1.000000000000000000, 3.061616997868383141E-16 ) ) ;
#3444 = DIRECTION ( 'NONE',  ( 9.860761315262647568E-32, 1.000000000000000000, 3.061616997868382648E-16 ) ) ;
#3445 = EDGE_CURVE ( 'NONE', #2936, #5670, #9033, .T. ) ;
#3446 = LINE ( 'NONE', #9782, #1177 ) ;
#3447 = AXIS2_PLACEMENT_3D ( 'NONE', #8161, #10033, #8099 ) ;
#3448 = ORIENTED_EDGE ( 'NONE', *, *, #8821, .F. ) ;
#3449 = CARTESIAN_POINT ( 'NONE',  ( 8.744837826129717939, 51.20000000000000995, 19.64122733931591469 ) ) ;
#3450 = CARTESIAN_POINT ( 'NONE',  ( 21.47053499722333214, -80.41022924428168039, 1.125223059223198430 ) ) ;
#3451 = EDGE_CURVE ( 'NONE', #3399, #5016, #2096, .T. ) ;
#3452 = CIRCLE ( 'NONE', #1751, 0.2500000000000002220 ) ;
#3453 = DIRECTION ( 'NONE',  ( 0.000000000000000000, 0.000000000000000000, 1.000000000000000000 ) ) ;
#3454 = VERTEX_POINT ( 'NONE', #7254 ) ;
#3455 = DIRECTION ( 'NONE',  ( 0.000000000000000000, 0.000000000000000000, 1.000000000000000000 ) ) ;
#3456 = VERTEX_POINT ( 'NONE', #10635 ) ;
#3457 = DIRECTION ( 'NONE',  ( 4.930380657631323784E-32, 1.000000000000000000, 3.061616997868382648E-16 ) ) ;
#3458 = ADVANCED_FACE ( 'NONE', ( #5498 ), #9097, .T. ) ;
#3459 = AXIS2_PLACEMENT_3D ( 'NONE', #2547, #10625, #6087 ) ;
#3460 = CARTESIAN_POINT ( 'NONE',  ( 19.26884090911962133, 51.19999999999999574, -9.537388008204249701 ) ) ;
#3461 = EDGE_CURVE ( 'NONE', #9716, #1655, #4904, .T. ) ;
#3462 = ORIENTED_EDGE ( 'NONE', *, *, #4323, .F. ) ;
#3463 = DIRECTION ( 'NONE',  ( -0.000000000000000000, 1.000000000000000000, 3.061616997868383141E-16 ) ) ;
#3464 = ORIENTED_EDGE ( 'NONE', *, *, #3412, .T. ) ;
#3465 = CARTESIAN_POINT ( 'NONE',  ( 0.000000000000000000, 87.50000000000001421, 3.730185188303422936E-15 ) ) ;
#3466 = CARTESIAN_POINT ( 'NONE',  ( 12.63738292428807419, -80.41022924428168039, -17.39386537906144881 ) ) ;
#3467 = ORIENTED_EDGE ( 'NONE', *, *, #8024, .T. ) ;
#3468 = EDGE_CURVE ( 'NONE', #7893, #10985, #3734, .T. ) ;
#3469 = EDGE_CURVE ( 'NONE', #3805, #8366, #607, .T. ) ;
#3470 = ORIENTED_EDGE ( 'NONE', *, *, #6398, .T. ) ;
#3471 = DIRECTION ( 'NONE',  ( -0.000000000000000000, 1.000000000000000000, 3.061616997868383141E-16 ) ) ;
#3472 = VERTEX_POINT ( 'NONE', #8259 ) ;
#3473 = DIRECTION ( 'NONE',  ( -2.465190328815661892E-32, 1.000000000000000000, 3.061616997868381662E-16 ) ) ;
#3474 = DIRECTION ( 'NONE',  ( 0.000000000000000000, 0.000000000000000000, 1.000000000000000000 ) ) ;
#3475 = ORIENTED_EDGE ( 'NONE', *, *, #1434, .T. ) ;
#3476 = ORIENTED_EDGE ( 'NONE', *, *, #8251, .T. ) ;
#3477 = VERTEX_POINT ( 'NONE', #4610 ) ;
#3478 = DIRECTION ( 'NONE',  ( 4.930380657631323784E-32, 1.000000000000000000, 3.061616997868383141E-16 ) ) ;
#3479 = ORIENTED_EDGE ( 'NONE', *, *, #11028, .F. ) ;
#3480 = CARTESIAN_POINT ( 'NONE',  ( 0.000000000000000000, 51.20000000000000995, -7.383484513958806747E-15 ) ) ;
#3481 = ADVANCED_FACE ( 'NONE', ( #2846 ), #2127, .T. ) ;
#3482 = EDGE_CURVE ( 'NONE', #2789, #2489, #1333, .T. ) ;
#3483 = ORIENTED_EDGE ( 'NONE', *, *, #328, .F. ) ;
#3484 = DIRECTION ( 'NONE',  ( 0.000000000000000000, 0.000000000000000000, 1.000000000000000000 ) ) ;
#3485 = FACE_OUTER_BOUND ( 'NONE', #3024, .T. ) ;
#3486 = CARTESIAN_POINT ( 'NONE',  ( 0.000000000000000000, 51.20000000000000284, 20.49999999999999645 ) ) ;
#3487 = EDGE_CURVE ( 'NONE', #7015, #5916, #4347, .T. ) ;
#3488 = VERTEX_POINT ( 'NONE', #8323 ) ;
#3489 = DIRECTION ( 'NONE',  ( 9.860761315262647568E-32, 1.000000000000000000, 3.061616997868382648E-16 ) ) ;
#3490 = LINE ( 'NONE', #1604, #7097 ) ;
#3491 = CARTESIAN_POINT ( 'NONE',  ( -16.70863817132498141, -80.41022924428168039, -13.53038840757138139 ) ) ;
#3492 = ORIENTED_EDGE ( 'NONE', *, *, #9516, .T. ) ;
#3493 = LINE ( 'NONE', #1892, #10372 ) ;
#3494 = DIRECTION ( 'NONE',  ( -4.930380657631323784E-32, 1.000000000000000000, 3.061616997868383141E-16 ) ) ;
#3495 = CARTESIAN_POINT ( 'NONE',  ( 18.74328531086480609, 45.20000000000000284, 10.53277056407853784 ) ) ;
#3496 = EDGE_CURVE ( 'NONE', #2109, #1182, #4179, .T. ) ;
#3497 = EDGE_LOOP ( 'NONE', ( #1933, #8955, #914, #3840 ) ) ;
#3498 = DIRECTION ( 'NONE',  ( 7.395570986446986770E-32, 1.000000000000000000, 3.061616997868381169E-16 ) ) ;
#3499 = DIRECTION ( 'NONE',  ( 0.000000000000000000, 0.000000000000000000, 1.000000000000000000 ) ) ;
#3500 = DIRECTION ( 'NONE',  ( 0.000000000000000000, 0.000000000000000000, -1.000000000000000000 ) ) ;
#3501 = ORIENTED_EDGE ( 'NONE', *, *, #494, .T. ) ;
#3502 = DIRECTION ( 'NONE',  ( 0.000000000000000000, 0.000000000000000000, 1.000000000000000000 ) ) ;
#3503 = VERTEX_POINT ( 'NONE', #2954 ) ;
#3504 = CYLINDRICAL_SURFACE ( 'NONE', #4529, 0.2500000000000002220 ) ;
#3505 = DIRECTION ( 'NONE',  ( 0.000000000000000000, -1.000000000000000000, -3.061616997868383141E-16 ) ) ;
#3506 = ADVANCED_FACE ( 'NONE', ( #3794 ), #1069, .F. ) ;
#3507 = VERTEX_POINT ( 'NONE', #2904 ) ;
#3508 = CARTESIAN_POINT ( 'NONE',  ( -20.16021269457229437, -80.41022924428168039, 7.470998869602716752 ) ) ;
#3509 = ORIENTED_EDGE ( 'NONE', *, *, #5580, .F. ) ;
#3510 = DIRECTION ( 'NONE',  ( -0.000000000000000000, 1.000000000000000000, 3.061616997868383141E-16 ) ) ;
#3511 = DIRECTION ( 'NONE',  ( 0.000000000000000000, 0.000000000000000000, 1.000000000000000000 ) ) ;
#3512 = AXIS2_PLACEMENT_3D ( 'NONE', #10090, #3269, #6853 ) ;
#3513 = ORIENTED_EDGE ( 'NONE', *, *, #171, .F. ) ;
#3514 = ADVANCED_FACE ( 'NONE', ( #238 ), #5661, .F. ) ;
#3515 = VECTOR ( 'NONE', #5583, 1000.000000000000000 ) ;
#3516 = DIRECTION ( 'NONE',  ( 0.000000000000000000, 0.000000000000000000, 1.000000000000000000 ) ) ;
#3517 = VECTOR ( 'NONE', #3733, 1000.000000000000000 ) ;
#3518 = ORIENTED_EDGE ( 'NONE', *, *, #3751, .T. ) ;
#3519 = DIRECTION ( 'NONE',  ( 0.000000000000000000, -3.227392513445222318E-16, 1.000000000000000000 ) ) ;
#3520 = AXIS2_PLACEMENT_3D ( 'NONE', #4241, #2359, #7831 ) ;
#3521 = EDGE_LOOP ( 'NONE', ( #8483, #11275, #345, #2019 ) ) ;
#3522 = DIRECTION ( 'NONE',  ( 0.000000000000000000, -3.558407130208834256E-16, 1.000000000000000000 ) ) ;
#3523 = ORIENTED_EDGE ( 'NONE', *, *, #538, .T. ) ;
#3524 = EDGE_CURVE ( 'NONE', #1592, #6728, #4516, .T. ) ;
#3525 = CIRCLE ( 'NONE', #4642, 0.2500000000000002220 ) ;
#3526 = ORIENTED_EDGE ( 'NONE', *, *, #1411, .F. ) ;
#3527 = VERTEX_POINT ( 'NONE', #6595 ) ;
#3528 = CARTESIAN_POINT ( 'NONE',  ( -20.76740526521501096, -80.41022924428168039, -5.314609469704011602 ) ) ;
#3529 = ORIENTED_EDGE ( 'NONE', *, *, #9700, .T. ) ;
#3530 = ADVANCED_FACE ( 'NONE', ( #7483 ), #10728, .T. ) ;
#3531 = CARTESIAN_POINT ( 'NONE',  ( -6.881176337034565549, 45.20000000000000284, 20.36907980785179362 ) ) ;
#3532 = CIRCLE ( 'NONE', #10098, 0.2500000000000002220 ) ;
#3533 = AXIS2_PLACEMENT_3D ( 'NONE', #6700, #5006, #10308 ) ;
#3534 = ORIENTED_EDGE ( 'NONE', *, *, #2908, .F. ) ;
#3535 = CARTESIAN_POINT ( 'NONE',  ( -19.15664027004999070, 45.19999999999998863, -9.760795744400052598 ) ) ;
#3536 = DIRECTION ( 'NONE',  ( 1.479114197289397354E-31, 1.000000000000000000, 3.061616997868381662E-16 ) ) ;
#3537 = CARTESIAN_POINT ( 'NONE',  ( 20.36907980785165151, -80.41022924428168039, 6.881176337034911050 ) ) ;
#3538 = AXIS2_PLACEMENT_3D ( 'NONE', #11304, #8645, #6934 ) ;
#3539 = ADVANCED_FACE ( 'NONE', ( #1195 ), #8371, .F. ) ;
#3540 = VECTOR ( 'NONE', #8502, 1000.000000000000000 ) ;
#3541 = ORIENTED_EDGE ( 'NONE', *, *, #2317, .F. ) ;
#3542 = DIRECTION ( 'NONE',  ( 0.000000000000000000, 0.000000000000000000, -1.000000000000000000 ) ) ;
#3543 = DIRECTION ( 'NONE',  ( 0.000000000000000000, 0.000000000000000000, 1.000000000000000000 ) ) ;
#3544 = CYLINDRICAL_SURFACE ( 'NONE', #3198, 0.2500000000000002220 ) ;
#3545 = VECTOR ( 'NONE', #2742, 1000.000000000000000 ) ;
#3546 = VERTEX_POINT ( 'NONE', #11089 ) ;
#3547 = EDGE_CURVE ( 'NONE', #9684, #2438, #7329, .T. ) ;
#3548 = DIRECTION ( 'NONE',  ( -0.000000000000000000, 1.000000000000000000, 3.061616997868383141E-16 ) ) ;
#3549 = DIRECTION ( 'NONE',  ( -0.000000000000000000, 1.000000000000000000, 3.061616997868383141E-16 ) ) ;
#3550 = CIRCLE ( 'NONE', #7868, 0.2500000000000002220 ) ;
#3551 = DIRECTION ( 'NONE',  ( 0.000000000000000000, -1.000000000000000000, -3.061616997868383141E-16 ) ) ;
#3552 = DIRECTION ( 'NONE',  ( -0.000000000000000000, 1.000000000000000000, 3.061616997868383141E-16 ) ) ;
#3553 = DIRECTION ( 'NONE',  ( 9.860761315262647568E-32, 1.000000000000000000, 3.061616997868381662E-16 ) ) ;
#3554 = EDGE_CURVE ( 'NONE', #5091, #9401, #10151, .T. ) ;
#3555 = ORIENTED_EDGE ( 'NONE', *, *, #1945, .F. ) ;
#3556 = CARTESIAN_POINT ( 'NONE',  ( -11.49928352796119668, 45.19999999999998863, -18.16635567040239607 ) ) ;
#3557 = CARTESIAN_POINT ( 'NONE',  ( 0.000000000000000000, 87.50000000000001421, 3.730185188303422936E-15 ) ) ;
#3558 = LINE ( 'NONE', #9788, #10277 ) ;
#3559 = VERTEX_POINT ( 'NONE', #9962 ) ;
#3560 = CARTESIAN_POINT ( 'NONE',  ( 0.000000000000000000, 80.00000000000000000, 2.449293598294706434E-14 ) ) ;
#3561 = EDGE_CURVE ( 'NONE', #9178, #4044, #7713, .T. ) ;
#3562 = VERTEX_POINT ( 'NONE', #1552 ) ;
#3563 = FACE_OUTER_BOUND ( 'NONE', #4033, .T. ) ;
#3564 = CARTESIAN_POINT ( 'NONE',  ( -13.53038840757163541, 45.19999999999998863, -16.70863817132473983 ) ) ;
#3565 = DIRECTION ( 'NONE',  ( -0.000000000000000000, 1.000000000000000000, 3.061616997868383141E-16 ) ) ;
#3566 = EDGE_CURVE ( 'NONE', #7915, #3456, #569, .T. ) ;
#3567 = ORIENTED_EDGE ( 'NONE', *, *, #1193, .T. ) ;
#3568 = DIRECTION ( 'NONE',  ( 0.000000000000000000, 0.000000000000000000, -1.000000000000000000 ) ) ;
#3569 = ORIENTED_EDGE ( 'NONE', *, *, #7891, .F. ) ;
#3570 = DIRECTION ( 'NONE',  ( 0.000000000000000000, 0.000000000000000000, 1.000000000000000000 ) ) ;
#3571 = DIRECTION ( 'NONE',  ( 0.000000000000000000, 1.000000000000000000, 3.061616997868381662E-16 ) ) ;
#3572 = VERTEX_POINT ( 'NONE', #9371 ) ;
#3573 = VECTOR ( 'NONE', #4987, 1000.000000000000000 ) ;
#3574 = ADVANCED_FACE ( 'NONE', ( #10318 ), #1492, .F. ) ;
#3575 = DIRECTION ( 'NONE',  ( 4.930380657631323784E-32, 1.000000000000000000, 3.061616997868383141E-16 ) ) ;
#3576 = AXIS2_PLACEMENT_3D ( 'NONE', #8044, #10641, #11586 ) ;
#3577 = ORIENTED_EDGE ( 'NONE', *, *, #1664, .T. ) ;
#3578 = CARTESIAN_POINT ( 'NONE',  ( 14.38630803671546765, -80.41022924428169460, 15.97761374776392174 ) ) ;
#3579 = AXIS2_PLACEMENT_3D ( 'NONE', #9311, #1243, #4836 ) ;
#3580 = ORIENTED_EDGE ( 'NONE', *, *, #2012, .T. ) ;
#3581 = LINE ( 'NONE', #1802, #3210 ) ;
#3582 = ORIENTED_EDGE ( 'NONE', *, *, #680, .T. ) ;
#3583 = ADVANCED_FACE ( 'NONE', ( #3256 ), #3191, .F. ) ;
#3584 = DIRECTION ( 'NONE',  ( -0.000000000000000000, 1.000000000000000000, 3.061616997868383141E-16 ) ) ;
#3585 = ORIENTED_EDGE ( 'NONE', *, *, #2534, .F. ) ;
#3586 = ORIENTED_EDGE ( 'NONE', *, *, #7147, .T. ) ;
#3587 = DIRECTION ( 'NONE',  ( 0.000000000000000000, 0.000000000000000000, 1.000000000000000000 ) ) ;
#3588 = ORIENTED_EDGE ( 'NONE', *, *, #11164, .F. ) ;
#3589 = DIRECTION ( 'NONE',  ( -7.395570986446986770E-32, 1.000000000000000000, 3.061616997868381169E-16 ) ) ;
#3590 = CARTESIAN_POINT ( 'NONE',  ( 11.70973925282309835, 51.20000000000000995, 18.03141721082661064 ) ) ;
#3591 = AXIS2_PLACEMENT_3D ( 'NONE', #3141, #11222, #2443 ) ;
#3592 = VECTOR ( 'NONE', #1131, 1000.000000000000000 ) ;
#3593 = AXIS2_PLACEMENT_3D ( 'NONE', #5647, #54, #162 ) ;
#3594 = ORIENTED_EDGE ( 'NONE', *, *, #4110, .F. ) ;
#3595 = CIRCLE ( 'NONE', #3016, 0.2500000000000002220 ) ;
#3596 = CARTESIAN_POINT ( 'NONE',  ( 21.38222075041785786, 45.19999999999998863, -2.247361960254612434 ) ) ;
#3597 = EDGE_CURVE ( 'NONE', #5559, #5573, #5082, .T. ) ;
#3598 = DIRECTION ( 'NONE',  ( 9.860761315262647568E-32, 1.000000000000000000, 3.061616997868381662E-16 ) ) ;
#3599 = DIRECTION ( 'NONE',  ( 0.000000000000000000, 0.000000000000000000, 1.000000000000000000 ) ) ;
#3600 = AXIS2_PLACEMENT_3D ( 'NONE', #8442, #366, #3975 ) ;
#3601 = CIRCLE ( 'NONE', #9618, 21.50000000000000000 ) ;
#3602 = EDGE_CURVE ( 'NONE', #411, #10194, #7665, .T. ) ;
#3603 = ORIENTED_EDGE ( 'NONE', *, *, #11157, .F. ) ;
#3604 = VERTEX_POINT ( 'NONE', #6712 ) ;
#3605 = CYLINDRICAL_SURFACE ( 'NONE', #8410, 0.2500000000000002220 ) ;
#3606 = CYLINDRICAL_SURFACE ( 'NONE', #10555, 21.50000000000000355 ) ;
#3607 = ORIENTED_EDGE ( 'NONE', *, *, #81, .T. ) ;
#3608 = CARTESIAN_POINT ( 'NONE',  ( 0.000000000000000000, 87.50000000000001421, 3.730185188303422936E-15 ) ) ;
#3609 = EDGE_CURVE ( 'NONE', #6637, #2641, #9774, .T. ) ;
#3610 = AXIS2_PLACEMENT_3D ( 'NONE', #5001, #1540, #588 ) ;
#3611 = DIRECTION ( 'NONE',  ( 0.000000000000000000, 0.000000000000000000, -1.000000000000000000 ) ) ;
#3612 = AXIS2_PLACEMENT_3D ( 'NONE', #9240, #1176, #5932 ) ;
#3613 = CARTESIAN_POINT ( 'NONE',  ( -16.55018116000674411, 51.20000000000000995, 13.72375690439601925 ) ) ;
#3614 = EDGE_CURVE ( 'NONE', #11152, #10447, #7150, .T. ) ;
#3615 = CARTESIAN_POINT ( 'NONE',  ( -21.19475577399846955, 51.19999999999999574, 3.610031534565650180 ) ) ;
#3616 = VECTOR ( 'NONE', #173, 1000.000000000000000 ) ;
#3617 = EDGE_LOOP ( 'NONE', ( #7005, #872, #10324, #677 ) ) ;
#3618 = CARTESIAN_POINT ( 'NONE',  ( 15.37854173159009186, -80.41022924428169460, 15.02499431646284300 ) ) ;
#3619 = DIRECTION ( 'NONE',  ( -0.000000000000000000, 1.000000000000000000, 3.061616997868383141E-16 ) ) ;
#3620 = CARTESIAN_POINT ( 'NONE',  ( 0.000000000000000000, -80.41022924428168039, -21.50000000000001066 ) ) ;
#3621 = CIRCLE ( 'NONE', #1741, 0.2500000000000002220 ) ;
#3622 = LINE ( 'NONE', #5206, #11144 ) ;
#3623 = AXIS2_PLACEMENT_3D ( 'NONE', #2009, #6432, #10200 ) ;
#3624 = ORIENTED_EDGE ( 'NONE', *, *, #7807, .F. ) ;
#3625 = CARTESIAN_POINT ( 'NONE',  ( -14.57111852952451869, -80.41022924428169460, 15.80925377108438568 ) ) ;
#3626 = VECTOR ( 'NONE', #9587, 1000.000000000000000 ) ;
#3627 = CYLINDRICAL_SURFACE ( 'NONE', #5129, 0.2500000000000002220 ) ;
#3628 = EDGE_CURVE ( 'NONE', #6661, #4570, #6842, .T. ) ;
#3629 = EDGE_CURVE ( 'NONE', #7451, #6274, #9551, .T. ) ;
#3630 = AXIS2_PLACEMENT_3D ( 'NONE', #5712, #1902, #5494 ) ;
#3631 = LINE ( 'NONE', #7212, #3154 ) ;
#3632 = AXIS2_PLACEMENT_3D ( 'NONE', #353, #4026, #180 ) ;
#3633 = AXIS2_PLACEMENT_3D ( 'NONE', #6133, #10736, #4492 ) ;
#3634 = ORIENTED_EDGE ( 'NONE', *, *, #8974, .F. ) ;
#3635 = DIRECTION ( 'NONE',  ( 0.000000000000000000, 0.000000000000000000, 1.000000000000000000 ) ) ;
#3636 = VERTEX_POINT ( 'NONE', #8737 ) ;
#3637 = EDGE_CURVE ( 'NONE', #4894, #9410, #662, .T. ) ;
#3638 = FACE_OUTER_BOUND ( 'NONE', #3225, .T. ) ;
#3639 = DIRECTION ( 'NONE',  ( 0.000000000000000000, -1.000000000000000000, -3.061616997868383141E-16 ) ) ;
#3640 = AXIS2_PLACEMENT_3D ( 'NONE', #1778, #7972, #4545 ) ;
#3641 = ORIENTED_EDGE ( 'NONE', *, *, #8798, .T. ) ;
#3642 = AXIS2_PLACEMENT_3D ( 'NONE', #3774, #158, #49 ) ;
#3643 = CARTESIAN_POINT ( 'NONE',  ( 12.83877941551867963, 51.19999999999999574, -17.24574565275894500 ) ) ;
#3644 = VERTEX_POINT ( 'NONE', #1432 ) ;
#3645 = DIRECTION ( 'NONE',  ( 0.000000000000000000, 0.000000000000000000, -1.000000000000000000 ) ) ;
#3646 = ORIENTED_EDGE ( 'NONE', *, *, #8994, .T. ) ;
#3647 = CARTESIAN_POINT ( 'NONE',  ( 20.44771510034580686, 51.19999999999999574, 6.643865379061328014 ) ) ;
#3648 = VERTEX_POINT ( 'NONE', #1378 ) ;
#3649 = ADVANCED_FACE ( 'NONE', ( #541 ), #5015, .F. ) ;
#3650 = CYLINDRICAL_SURFACE ( 'NONE', #10722, 0.2500000000000002220 ) ;
#3651 = ORIENTED_EDGE ( 'NONE', *, *, #4113, .T. ) ;
#3652 = ORIENTED_EDGE ( 'NONE', *, *, #10420, .T. ) ;
#3653 = DIRECTION ( 'NONE',  ( -0.000000000000000000, 1.000000000000000000, 3.061616997868383141E-16 ) ) ;
#3654 = EDGE_LOOP ( 'NONE', ( #3325, #6462, #5481, #2890 ) ) ;
#3655 = CARTESIAN_POINT ( 'NONE',  ( -21.23529932279548049, 45.19999999999998863, -3.113340998364744205 ) ) ;
#3656 = EDGE_CURVE ( 'NONE', #23, #3796, #9967, .T. ) ;
#3657 = VERTEX_POINT ( 'NONE', #2365 ) ;
#3658 = CARTESIAN_POINT ( 'NONE',  ( -16.70863817132498141, 45.19999999999998863, -13.28038840757134409 ) ) ;
#3659 = CARTESIAN_POINT ( 'NONE',  ( 8.515864134734750124, 51.19999999999999574, -19.74158195380346470 ) ) ;
#3660 = DIRECTION ( 'NONE',  ( -0.000000000000000000, 1.000000000000000000, 3.061616997868383141E-16 ) ) ;
#3661 = VERTEX_POINT ( 'NONE', #5949 ) ;
#3662 = ORIENTED_EDGE ( 'NONE', *, *, #6225, .T. ) ;
#3663 = FACE_OUTER_BOUND ( 'NONE', #6160, .T. ) ;
#3664 = CARTESIAN_POINT ( 'NONE',  ( 0.000000000000000000, 87.50000000000001421, 3.730185188303422936E-15 ) ) ;
#3665 = ORIENTED_EDGE ( 'NONE', *, *, #4639, .F. ) ;
#3666 = CYLINDRICAL_SURFACE ( 'NONE', #2471, 21.50000000000000355 ) ;
#3667 = EDGE_CURVE ( 'NONE', #5899, #6740, #5076, .T. ) ;
#3668 = DIRECTION ( 'NONE',  ( 0.000000000000000000, -1.000000000000000000, -3.061616997868383141E-16 ) ) ;
#3669 = DIRECTION ( 'NONE',  ( -0.000000000000000000, 1.000000000000000000, 3.061616997868383141E-16 ) ) ;
#3670 = DIRECTION ( 'NONE',  ( 0.000000000000000000, 0.000000000000000000, -1.000000000000000000 ) ) ;
#3671 = ORIENTED_EDGE ( 'NONE', *, *, #9147, .T. ) ;
#3672 = CARTESIAN_POINT ( 'NONE',  ( 20.07197916968979001, 51.19999999999999574, -7.704910915224020052 ) ) ;
#3673 = CARTESIAN_POINT ( 'NONE',  ( 21.40690689856073448, 45.19999999999998863, 1.998583757652521831 ) ) ;
#3674 = EDGE_CURVE ( 'NONE', #18, #277, #11395, .T. ) ;
#3675 = CARTESIAN_POINT ( 'NONE',  ( 0.000000000000000000, 45.20000000000000995, -9.220454712679835547E-15 ) ) ;
#3676 = DIRECTION ( 'NONE',  ( 0.000000000000000000, -3.227392513445222318E-16, 1.000000000000000000 ) ) ;
#3677 = ORIENTED_EDGE ( 'NONE', *, *, #2926, .T. ) ;
#3678 = CARTESIAN_POINT ( 'NONE',  ( 18.61954618136537576, 51.19999999999999574, -10.75000000000006750 ) ) ;
#3679 = FACE_OUTER_BOUND ( 'NONE', #5570, .T. ) ;
#3680 = CARTESIAN_POINT ( 'NONE',  ( -21.38222075041784365, -80.41022924428168039, 2.247361960254741220 ) ) ;
#3681 = CARTESIAN_POINT ( 'NONE',  ( 0.000000000000000000, 51.20000000000000995, -7.383484513958806747E-15 ) ) ;
#3682 = ORIENTED_EDGE ( 'NONE', *, *, #5914, .T. ) ;
#3683 = CARTESIAN_POINT ( 'NONE',  ( 2.495836301044400241, 45.19999999999998863, -21.35464355025365535 ) ) ;
#3684 = ORIENTED_EDGE ( 'NONE', *, *, #6679, .F. ) ;
#3685 = EDGE_CURVE ( 'NONE', #7484, #6240, #3003, .T. ) ;
#3686 = FACE_OUTER_BOUND ( 'NONE', #1250, .T. ) ;
#3687 = DIRECTION ( 'NONE',  ( -6.162975822039154730E-33, 1.000000000000000000, 3.061616997868381662E-16 ) ) ;
#3688 = ORIENTED_EDGE ( 'NONE', *, *, #5428, .F. ) ;
#3689 = CARTESIAN_POINT ( 'NONE',  ( 0.000000000000000000, 87.50000000000001421, 3.730185188303422936E-15 ) ) ;
#3690 = ADVANCED_FACE ( 'NONE', ( #5770 ), #416, .F. ) ;
#3691 = ORIENTED_EDGE ( 'NONE', *, *, #11239, .T. ) ;
#3692 = DIRECTION ( 'NONE',  ( 0.000000000000000000, 0.000000000000000000, 1.000000000000000000 ) ) ;
#3693 = ORIENTED_EDGE ( 'NONE', *, *, #3561, .F. ) ;
#3694 = CARTESIAN_POINT ( 'NONE',  ( -8.972629143562418363, -80.41022924428168039, -19.53821706942818182 ) ) ;
#3695 = VERTEX_POINT ( 'NONE', #5251 ) ;
#3696 = ADVANCED_FACE ( 'NONE', ( #9775 ), #2544, .T. ) ;
#3697 = DIRECTION ( 'NONE',  ( 0.000000000000000000, -1.000000000000000000, -3.061616997868383141E-16 ) ) ;
#3698 = ORIENTED_EDGE ( 'NONE', *, *, #523, .F. ) ;
#3699 = ORIENTED_EDGE ( 'NONE', *, *, #8576, .F. ) ;
#3700 = DIRECTION ( 'NONE',  ( 0.000000000000000000, -1.000000000000000000, -3.061616997868383141E-16 ) ) ;
#3701 = EDGE_LOOP ( 'NONE', ( #6834, #7853, #2161, #9063 ) ) ;
#3702 = MANIFOLD_SOLID_BREP ( 'CirPattern9', #926 ) ;
#3703 = CARTESIAN_POINT ( 'NONE',  ( -15.80925377108450824, 45.19999999999998863, -14.57111852952446007 ) ) ;
#3704 = AXIS2_PLACEMENT_3D ( 'NONE', #2503, #11285, #2259 ) ;
#3705 = AXIS2_PLACEMENT_3D ( 'NONE', #8131, #10895, #10060 ) ;
#3706 = VERTEX_POINT ( 'NONE', #5192 ) ;
#3707 = CARTESIAN_POINT ( 'NONE',  ( 0.8754938253327942954, -80.41022924428169460, 21.48216726873251758 ) ) ;
#3708 = CYLINDRICAL_SURFACE ( 'NONE', #6947, 0.2500000000000002220 ) ;
#3709 = LINE ( 'NONE', #9013, #8721 ) ;
#3710 = VERTEX_POINT ( 'NONE', #6183 ) ;
#3711 = ORIENTED_EDGE ( 'NONE', *, *, #2893, .T. ) ;
#3712 = CIRCLE ( 'NONE', #3144, 21.50000000000001066 ) ;
#3714 = VECTOR ( 'NONE', #5059, 1000.000000000000000 ) ;
#3713 = CARTESIAN_POINT ( 'NONE',  ( 5.322755903978507064, -80.41022924428168039, -20.83070497094763240 ) ) ;
#3715 = DIRECTION ( 'NONE',  ( -1.479114197289397354E-31, 1.000000000000000000, 3.061616997868382155E-16 ) ) ;
#3716 = ORIENTED_EDGE ( 'NONE', *, *, #1293, .F. ) ;
#3717 = EDGE_CURVE ( 'NONE', #3572, #4969, #8912, .T. ) ;
#3718 = AXIS2_PLACEMENT_3D ( 'NONE', #1653, #1545, #5246 ) ;
#3719 = LINE ( 'NONE', #164, #4914 ) ;
#3720 = AXIS2_PLACEMENT_3D ( 'NONE', #339, #5754, #7534 ) ;
#3721 = CARTESIAN_POINT ( 'NONE',  ( 1.224646799147353256E-15, 77.00000000000000000, -9.999999999999975131 ) ) ;
#3722 = VECTOR ( 'NONE', #2600, 1000.000000000000000 ) ;
#3723 = EDGE_CURVE ( 'NONE', #2789, #7705, #3954, .T. ) ;
#3724 = CARTESIAN_POINT ( 'NONE',  ( -14.38630803671525804, 45.20000000000000284, 15.97761374776414733 ) ) ;
#3725 = CIRCLE ( 'NONE', #5777, 21.50000000000000000 ) ;
#3726 = AXIS2_PLACEMENT_3D ( 'NONE', #10976, #9025, #2896 ) ;
#3727 = FACE_OUTER_BOUND ( 'NONE', #640, .T. ) ;
#3728 = AXIS2_PLACEMENT_3D ( 'NONE', #5320, #6026, #5146 ) ;
#3729 = EDGE_LOOP ( 'NONE', ( #7409, #7102, #6383, #8641 ) ) ;
#3730 = DIRECTION ( 'NONE',  ( -0.000000000000000000, 1.000000000000000000, 3.061616997868383141E-16 ) ) ;
#3731 = LINE ( 'NONE', #10076, #4507 ) ;
#3732 = EDGE_CURVE ( 'NONE', #2514, #6689, #6968, .T. ) ;
#3733 = DIRECTION ( 'NONE',  ( -9.860761315262647568E-32, 1.000000000000000000, 3.061616997868382155E-16 ) ) ;
#3734 = LINE ( 'NONE', #10030, #8702 ) ;
#3735 = ORIENTED_EDGE ( 'NONE', *, *, #6222, .F. ) ;
#3736 = DIRECTION ( 'NONE',  ( -0.000000000000000000, 1.000000000000000000, 3.061616997868383141E-16 ) ) ;
#3737 = CONICAL_SURFACE ( 'NONE', #908, 8.698518023597397786, 0.9599310885968793672 ) ;
#3738 = DIRECTION ( 'NONE',  ( -0.000000000000000000, 1.000000000000000000, 3.061616997868383141E-16 ) ) ;
#3739 = AXIS2_PLACEMENT_3D ( 'NONE', #8110, #977, #1975 ) ;
#3740 = CARTESIAN_POINT ( 'NONE',  ( 4.470101352581692389, 45.19999999999998863, -21.03017341577682231 ) ) ;
#3741 = DIRECTION ( 'NONE',  ( 0.000000000000000000, 0.000000000000000000, 1.000000000000000000 ) ) ;
#3742 = ORIENTED_EDGE ( 'NONE', *, *, #1525, .T. ) ;
#3743 = CARTESIAN_POINT ( 'NONE',  ( 0.000000000000000000, 10.27282251965208104, 18.29999999999999005 ) ) ;
#3744 = LINE ( 'NONE', #8334, #750 ) ;
#3745 = DIRECTION ( 'NONE',  ( -0.000000000000000000, 1.000000000000000000, 3.061616997868383141E-16 ) ) ;
#3746 = FACE_OUTER_BOUND ( 'NONE', #2619, .T. ) ;
#3747 = FACE_OUTER_BOUND ( 'NONE', #11117, .T. ) ;
#3748 = ORIENTED_EDGE ( 'NONE', *, *, #20, .T. ) ;
#3749 = EDGE_CURVE ( 'NONE', #1996, #4295, #7904, .T. ) ;
#3750 = DIRECTION ( 'NONE',  ( -0.000000000000000000, 1.000000000000000000, 3.061616997868383141E-16 ) ) ;
#3751 = EDGE_CURVE ( 'NONE', #4260, #379, #8465, .T. ) ;
#3752 = EDGE_LOOP ( 'NONE', ( #10510, #4879, #9231, #5071 ) ) ;
#3753 = AXIS2_PLACEMENT_3D ( 'NONE', #1880, #9075, #6289 ) ;
#3754 = DIRECTION ( 'NONE',  ( 0.000000000000000000, -1.000000000000000000, -3.061616997868383141E-16 ) ) ;
#3755 = EDGE_LOOP ( 'NONE', ( #9806, #1774, #3037, #10689 ) ) ;
#3756 = FACE_OUTER_BOUND ( 'NONE', #1797, .T. ) ;
#3757 = ADVANCED_FACE ( 'NONE', ( #2661 ), #3544, .F. ) ;
#3758 = VERTEX_POINT ( 'NONE', #11452 ) ;
#3759 = VECTOR ( 'NONE', #2966, 1000.000000000000000 ) ;
#3760 = DIRECTION ( 'NONE',  ( -0.000000000000000000, 1.000000000000000000, 3.061616997868383141E-16 ) ) ;
#3761 = ORIENTED_EDGE ( 'NONE', *, *, #817, .T. ) ;
#3762 = DIRECTION ( 'NONE',  ( 0.000000000000000000, 0.000000000000000000, -1.000000000000000000 ) ) ;
#3763 = ORIENTED_EDGE ( 'NONE', *, *, #6863, .F. ) ;
#3764 = CARTESIAN_POINT ( 'NONE',  ( 12.63738292428807419, 45.19999999999998863, -17.39386537906141328 ) ) ;
#3765 = AXIS2_PLACEMENT_3D ( 'NONE', #2875, #3927, #1339 ) ;
#3766 = VECTOR ( 'NONE', #2786, 1000.000000000000000 ) ;
#3767 = AXIS2_PLACEMENT_3D ( 'NONE', #8167, #10755, #7044 ) ;
#3768 = EDGE_CURVE ( 'NONE', #8118, #6478, #11502, .T. ) ;
#3769 = ADVANCED_FACE ( 'NONE', ( #7968 ), #3606, .T. ) ;
#3770 = AXIS2_PLACEMENT_3D ( 'NONE', #4071, #11340, #7790 ) ;
#3771 = ORIENTED_EDGE ( 'NONE', *, *, #10751, .F. ) ;
#3772 = DIRECTION ( 'NONE',  ( -4.930380657631323784E-32, 1.000000000000000000, 3.061616997868383634E-16 ) ) ;
#3773 = CARTESIAN_POINT ( 'NONE',  ( 0.000000000000000000, 45.20000000000000995, -9.220454712679835547E-15 ) ) ;
#3774 = CARTESIAN_POINT ( 'NONE',  ( -12.63738292428830867, 45.19999999999998863, -17.39386537906124275 ) ) ;
#3775 = CIRCLE ( 'NONE', #2258, 0.2500000000000002220 ) ;
#3776 = ORIENTED_EDGE ( 'NONE', *, *, #4123, .F. ) ;
#3777 = ORIENTED_EDGE ( 'NONE', *, *, #10952, .T. ) ;
#3778 = AXIS2_PLACEMENT_3D ( 'NONE', #2076, #2965, #3970 ) ;
#3779 = AXIS2_PLACEMENT_3D ( 'NONE', #6828, #4947, #7647 ) ;
#3780 = CARTESIAN_POINT ( 'NONE',  ( -10.96577594754934815, 51.19999999999999574, -18.49328953615738769 ) ) ;
#3781 = ORIENTED_EDGE ( 'NONE', *, *, #10597, .T. ) ;
#3782 = DIRECTION ( 'NONE',  ( 0.000000000000000000, 0.000000000000000000, 1.000000000000000000 ) ) ;
#3783 = CIRCLE ( 'NONE', #5955, 18.24999999999999645 ) ;
#3784 = DIRECTION ( 'NONE',  ( -0.000000000000000000, 1.000000000000000000, 3.061616997868383141E-16 ) ) ;
#3785 = CARTESIAN_POINT ( 'NONE',  ( 0.000000000000000000, 51.20000000000000995, -7.383484513958806747E-15 ) ) ;
#3786 = CIRCLE ( 'NONE', #11688, 21.50000000000000000 ) ;
#3787 = VECTOR ( 'NONE', #3478, 1000.000000000000000 ) ;
#3788 = CARTESIAN_POINT ( 'NONE',  ( 1.125223059223148248, -80.41022924428168039, -21.47053499722336056 ) ) ;
#3789 = EDGE_LOOP ( 'NONE', ( #3359, #1423, #3304, #8693 ) ) ;
#3790 = DIRECTION ( 'NONE',  ( 0.000000000000000000, 0.000000000000000000, 1.000000000000000000 ) ) ;
#3791 = DIRECTION ( 'NONE',  ( 0.000000000000000000, -1.000000000000000000, -3.061616997868383141E-16 ) ) ;
#3792 = EDGE_CURVE ( 'NONE', #8542, #4375, #1317, .T. ) ;
#3793 = CARTESIAN_POINT ( 'NONE',  ( -21.23529932279548049, -80.41022924428168039, -3.113340998364782841 ) ) ;
#3794 = FACE_OUTER_BOUND ( 'NONE', #9699, .T. ) ;
#3795 = CIRCLE ( 'NONE', #7927, 0.2500000000000002220 ) ;
#3796 = VERTEX_POINT ( 'NONE', #1827 ) ;
#3797 = CARTESIAN_POINT ( 'NONE',  ( 0.000000000000000000, 51.20000000000000995, -7.383484513958806747E-15 ) ) ;
#3798 = ADVANCED_FACE ( 'NONE', ( #948 ), #5422, .F. ) ;
#3799 = AXIS2_PLACEMENT_3D ( 'NONE', #3608, #2546, #7906 ) ;
#3800 = VECTOR ( 'NONE', #7513, 1000.000000000000000 ) ;
#3801 = FACE_OUTER_BOUND ( 'NONE', #8712, .T. ) ;
#3802 = LINE ( 'NONE', #911, #8411 ) ;
#3803 = ADVANCED_FACE ( 'NONE', ( #1230 ), #7360, .T. ) ;
#3804 = VECTOR ( 'NONE', #1706, 1000.000000000000000 ) ;
#3805 = VERTEX_POINT ( 'NONE', #3780 ) ;
#3806 = DIRECTION ( 'NONE',  ( 0.000000000000000000, 0.000000000000000000, 1.000000000000000000 ) ) ;
#3807 = VERTEX_POINT ( 'NONE', #222 ) ;
#3808 = DIRECTION ( 'NONE',  ( 0.000000000000000000, -1.000000000000000000, -3.061616997868383141E-16 ) ) ;
#3809 = CARTESIAN_POINT ( 'NONE',  ( 0.000000000000000000, 45.20000000000000995, -9.220454712679835547E-15 ) ) ;
#3810 = EDGE_CURVE ( 'NONE', #5739, #7032, #10158, .T. ) ;
#3811 = CARTESIAN_POINT ( 'NONE',  ( 0.000000000000000000, 80.00000000000000000, 15.39999999999999858 ) ) ;
#3812 = CIRCLE ( 'NONE', #10391, 21.50000000000000000 ) ;
#3813 = VERTEX_POINT ( 'NONE', #9082 ) ;
#3814 = CIRCLE ( 'NONE', #7951, 0.2500000000000002220 ) ;
#3815 = DIRECTION ( 'NONE',  ( -0.000000000000000000, 1.000000000000000000, 3.061616997868383141E-16 ) ) ;
#3816 = AXIS2_PLACEMENT_3D ( 'NONE', #2841, #6425, #5709 ) ;
#3817 = ORIENTED_EDGE ( 'NONE', *, *, #828, .F. ) ;
#3818 = CARTESIAN_POINT ( 'NONE',  ( 0.000000000000000000, 87.50000000000001421, 3.730185188303422936E-15 ) ) ;
#3819 = ORIENTED_EDGE ( 'NONE', *, *, #7390, .T. ) ;
#3820 = FACE_OUTER_BOUND ( 'NONE', #1760, .T. ) ;
#3821 = ORIENTED_EDGE ( 'NONE', *, *, #5197, .T. ) ;
#3822 = CIRCLE ( 'NONE', #6821, 0.2500000000000002220 ) ;
#3823 = CARTESIAN_POINT ( 'NONE',  ( 0.000000000000000000, 45.20000000000000995, -9.220454712679835547E-15 ) ) ;
#3824 = ADVANCED_FACE ( 'NONE', ( #1995 ), #4599, .F. ) ;
#3825 = CIRCLE ( 'NONE', #2502, 21.50000000000001066 ) ;
#3826 = DIRECTION ( 'NONE',  ( -0.000000000000000000, 1.000000000000000000, 3.061616997868383141E-16 ) ) ;
#3827 = ORIENTED_EDGE ( 'NONE', *, *, #2028, .T. ) ;
#3828 = DIRECTION ( 'NONE',  ( 0.000000000000000000, -3.791745302681544101E-16, 1.000000000000000000 ) ) ;
#3829 = DIRECTION ( 'NONE',  ( 0.000000000000000000, 0.000000000000000000, -1.000000000000000000 ) ) ;
#3830 = AXIS2_PLACEMENT_3D ( 'NONE', #2154, #4757, #9123 ) ;
#3831 = VERTEX_POINT ( 'NONE', #7301 ) ;
#3832 = DIRECTION ( 'NONE',  ( 0.000000000000000000, 0.000000000000000000, 1.000000000000000000 ) ) ;
#3833 = CARTESIAN_POINT ( 'NONE',  ( 7.704910915223833534, -80.41022924428168039, -19.82197916968989304 ) ) ;
#3834 = CARTESIAN_POINT ( 'NONE',  ( 11.70973925282297579, -80.41022924428168039, -17.78141721082669591 ) ) ;
#3835 = VERTEX_POINT ( 'NONE', #9132 ) ;
#3836 = ORIENTED_EDGE ( 'NONE', *, *, #4124, .F. ) ;
#3837 = EDGE_CURVE ( 'NONE', #8490, #9840, #1952, .T. ) ;
#3838 = ADVANCED_FACE ( 'NONE', ( #10180 ), #103, .F. ) ;
#3839 = CARTESIAN_POINT ( 'NONE',  ( 0.000000000000000000, 87.50000000000001421, 3.730185188303422936E-15 ) ) ;
#3840 = ORIENTED_EDGE ( 'NONE', *, *, #3262, .F. ) ;
#3841 = LINE ( 'NONE', #2835, #9241 ) ;
#3842 = DIRECTION ( 'NONE',  ( 0.000000000000000000, -3.227392513445222318E-16, 1.000000000000000000 ) ) ;
#3843 = ADVANCED_FACE ( 'NONE', ( #9947 ), #9245, .T. ) ;
#3844 = DIRECTION ( 'NONE',  ( 0.000000000000000000, -1.000000000000000000, -3.061616997868383141E-16 ) ) ;
#3845 = VERTEX_POINT ( 'NONE', #4766 ) ;
#3846 = CARTESIAN_POINT ( 'NONE',  ( 21.23529932279543431, -80.41022924428168039, -3.363340998365065282 ) ) ;
#3847 = DIRECTION ( 'NONE',  ( 0.000000000000000000, 0.000000000000000000, 1.000000000000000000 ) ) ;
#3848 = DIRECTION ( 'NONE',  ( 0.000000000000000000, -1.000000000000000000, -3.061616997868383141E-16 ) ) ;
#3849 = DIRECTION ( 'NONE',  ( 0.000000000000000000, 0.000000000000000000, 1.000000000000000000 ) ) ;
#3850 = ORIENTED_EDGE ( 'NONE', *, *, #4858, .T. ) ;
#3851 = CYLINDRICAL_SURFACE ( 'NONE', #6410, 21.50000000000000355 ) ;
#3852 = CARTESIAN_POINT ( 'NONE',  ( -20.07197916968974027, -80.41022924428168039, 7.704910915224142620 ) ) ;
#3853 = DIRECTION ( 'NONE',  ( 0.000000000000000000, 0.000000000000000000, 1.000000000000000000 ) ) ;
#3854 = ADVANCED_FACE ( 'NONE', ( #5539 ), #6417, .T. ) ;
#3855 = ORIENTED_EDGE ( 'NONE', *, *, #10171, .F. ) ;
#3856 = EDGE_LOOP ( 'NONE', ( #1631, #4103, #3603, #7780 ) ) ;
#3857 = DIRECTION ( 'NONE',  ( -0.000000000000000000, 1.000000000000000000, 3.061616997868383141E-16 ) ) ;
#3858 = CARTESIAN_POINT ( 'NONE',  ( -15.20279579551057658, 45.20000000000000284, 15.20279579551096028 ) ) ;
#3859 = DIRECTION ( 'NONE',  ( 0.000000000000000000, 0.000000000000000000, 1.000000000000000000 ) ) ;
#3860 = ORIENTED_EDGE ( 'NONE', *, *, #8306, .T. ) ;
#3861 = EDGE_CURVE ( 'NONE', #10931, #9292, #5828, .T. ) ;
#3862 = DIRECTION ( 'NONE',  ( 0.000000000000000000, 0.000000000000000000, 1.000000000000000000 ) ) ;
#3863 = ORIENTED_EDGE ( 'NONE', *, *, #5797, .T. ) ;
#3864 = VERTEX_POINT ( 'NONE', #3880 ) ;
#3865 = FACE_OUTER_BOUND ( 'NONE', #2842, .T. ) ;
#3866 = ORIENTED_EDGE ( 'NONE', *, *, #11536, .T. ) ;
#3867 = CARTESIAN_POINT ( 'NONE',  ( 0.000000000000000000, 45.20000000000000995, -9.220454712679835547E-15 ) ) ;
#3868 = EDGE_CURVE ( 'NONE', #572, #3101, #7721, .T. ) ;
#3869 = CARTESIAN_POINT ( 'NONE',  ( 16.70863817132479667, 51.19999999999999574, -13.28038840757156613 ) ) ;
#3870 = ORIENTED_EDGE ( 'NONE', *, *, #1812, .F. ) ;
#3871 = CARTESIAN_POINT ( 'NONE',  ( -1.125223059223438904, -80.41022924428168039, -21.22053499722334990 ) ) ;
#3872 = CARTESIAN_POINT ( 'NONE',  ( 5.564609469704206113, 45.20000000000000284, 20.76740526521496832 ) ) ;
#3873 = ORIENTED_EDGE ( 'NONE', *, *, #2239, .F. ) ;
#3874 = DIRECTION ( 'NONE',  ( 1.479114197289397354E-31, 1.000000000000000000, 3.061616997868381662E-16 ) ) ;
#3875 = EDGE_CURVE ( 'NONE', #7817, #3503, #7242, .T. ) ;
#3876 = CARTESIAN_POINT ( 'NONE',  ( 20.76740526521493635, 51.19999999999999574, -5.564609469704262956 ) ) ;
#3877 = CARTESIAN_POINT ( 'NONE',  ( -20.70129763556876412, -80.41022924428168039, -5.805710654484498967 ) ) ;
#3878 = ORIENTED_EDGE ( 'NONE', *, *, #432, .T. ) ;
#3879 = EDGE_LOOP ( 'NONE', ( #4008, #4274, #625, #10282 ) ) ;
#3880 = CARTESIAN_POINT ( 'NONE',  ( -19.98103174821859795, 51.19999999999999574, 7.937781193550262238 ) ) ;
#3881 = EDGE_LOOP ( 'NONE', ( #10967, #9646, #7939, #6589 ) ) ;
#3882 = CARTESIAN_POINT ( 'NONE',  ( 0.000000000000000000, 87.50000000000001421, 3.730185188303422936E-15 ) ) ;
#3883 = CIRCLE ( 'NONE', #9902, 21.50000000000001066 ) ;
#3884 = DIRECTION ( 'NONE',  ( 0.000000000000000000, 0.000000000000000000, 1.000000000000000000 ) ) ;
#3885 = EDGE_CURVE ( 'NONE', #7562, #8750, #4343, .T. ) ;
#3886 = LINE ( 'NONE', #11328, #2780 ) ;
#3887 = DIRECTION ( 'NONE',  ( 0.000000000000000000, 0.000000000000000000, 1.000000000000000000 ) ) ;
#3888 = CIRCLE ( 'NONE', #4648, 0.2500000000000002220 ) ;
#3889 = ORIENTED_EDGE ( 'NONE', *, *, #2017, .F. ) ;
#3890 = CIRCLE ( 'NONE', #7098, 21.50000000000001066 ) ;
#3891 = ORIENTED_EDGE ( 'NONE', *, *, #1541, .F. ) ;
#3892 = CIRCLE ( 'NONE', #6327, 0.2500000000000002220 ) ;
#3893 = CYLINDRICAL_SURFACE ( 'NONE', #4741, 0.2500000000000002220 ) ;
#3894 = EDGE_CURVE ( 'NONE', #10708, #7813, #7466, .T. ) ;
#3895 = DIRECTION ( 'NONE',  ( -0.000000000000000000, 1.000000000000000000, 3.061616997868383141E-16 ) ) ;
#3896 = DIRECTION ( 'NONE',  ( 0.000000000000000000, -3.384826294588890954E-16, 1.000000000000000000 ) ) ;
#3897 = DIRECTION ( 'NONE',  ( 0.000000000000000000, 0.000000000000000000, 1.000000000000000000 ) ) ;
#3898 = ORIENTED_EDGE ( 'NONE', *, *, #2621, .F. ) ;
#3899 = DIRECTION ( 'NONE',  ( -0.000000000000000000, 1.000000000000000000, 3.061616997868383141E-16 ) ) ;
#3900 = DIRECTION ( 'NONE',  ( 0.000000000000000000, 0.000000000000000000, -1.000000000000000000 ) ) ;
#3901 = CIRCLE ( 'NONE', #10868, 0.2500000000000002220 ) ;
#3902 = AXIS2_PLACEMENT_3D ( 'NONE', #742, #8871, #1740 ) ;
#3903 = CARTESIAN_POINT ( 'NONE',  ( 0.000000000000000000, 87.50000000000001421, 3.730185188303422936E-15 ) ) ;
#3904 = AXIS2_PLACEMENT_3D ( 'NONE', #7655, #6645, #531 ) ;
#3905 = ADVANCED_FACE ( 'NONE', ( #2991 ), #6578, .T. ) ;
#3906 = AXIS2_PLACEMENT_3D ( 'NONE', #4430, #4381, #11522 ) ;
#3907 = EDGE_CURVE ( 'NONE', #8130, #6803, #5480, .T. ) ;
#3908 = VERTEX_POINT ( 'NONE', #2162 ) ;
#3909 = CYLINDRICAL_SURFACE ( 'NONE', #7911, 0.2500000000000002220 ) ;
#3910 = VERTEX_POINT ( 'NONE', #11323 ) ;
#3911 = AXIS2_PLACEMENT_3D ( 'NONE', #7133, #6250, #9023 ) ;
#3912 = CARTESIAN_POINT ( 'NONE',  ( -18.49328953615725268, -80.41022924428169460, 10.96577594754951512 ) ) ;
#3913 = VERTEX_POINT ( 'NONE', #7529 ) ;
#3914 = CARTESIAN_POINT ( 'NONE',  ( 11.70973925282297579, 45.19999999999998863, -17.78141721082666038 ) ) ;
#3915 = DIRECTION ( 'NONE',  ( -0.000000000000000000, 1.000000000000000000, 3.061616997868383141E-16 ) ) ;
#3916 = ORIENTED_EDGE ( 'NONE', *, *, #8914, .F. ) ;
#3917 = VECTOR ( 'NONE', #6552, 1000.000000000000000 ) ;
#3918 = EDGE_CURVE ( 'NONE', #7202, #3644, #6577, .T. ) ;
#3919 = ADVANCED_FACE ( 'NONE', ( #1289 ), #4999, .F. ) ;
#3920 = CYLINDRICAL_SURFACE ( 'NONE', #4458, 0.2500000000000002220 ) ;
#3921 = CARTESIAN_POINT ( 'NONE',  ( 0.000000000000000000, 28.86506350946109478, 20.49999999999999289 ) ) ;
#3922 = AXIS2_PLACEMENT_3D ( 'NONE', #7246, #1117, #106 ) ;
#3923 = ORIENTED_EDGE ( 'NONE', *, *, #11421, .F. ) ;
#3924 = ORIENTED_EDGE ( 'NONE', *, *, #8503, .F. ) ;
#3925 = CARTESIAN_POINT ( 'NONE',  ( 21.40690689856072737, 51.19999999999999574, 1.998583757652691917 ) ) ;
#3926 = ORIENTED_EDGE ( 'NONE', *, *, #6072, .F. ) ;
#3927 = DIRECTION ( 'NONE',  ( -0.000000000000000000, 1.000000000000000000, 3.061616997868383141E-16 ) ) ;
#3928 = DIRECTION ( 'NONE',  ( 0.000000000000000000, 0.000000000000000000, 1.000000000000000000 ) ) ;
#3929 = CARTESIAN_POINT ( 'NONE',  ( -19.04184949573530972, 51.19999999999999574, 9.982883740771740122 ) ) ;
#3930 = ORIENTED_EDGE ( 'NONE', *, *, #8053, .F. ) ;
#3931 = CARTESIAN_POINT ( 'NONE',  ( -19.53821706942830261, -80.41022924428168039, -8.972629143562119935 ) ) ;
#3932 = ADVANCED_FACE ( 'NONE', ( #3940 ), #4007, .T. ) ;
#3933 = ORIENTED_EDGE ( 'NONE', *, *, #69, .F. ) ;
#3934 = CARTESIAN_POINT ( 'NONE',  ( -21.38222075041788628, 45.19999999999998863, -2.247361960254323332 ) ) ;
#3935 = ADVANCED_FACE ( 'NONE', ( #5063 ), #5814, .F. ) ;
#3936 = CARTESIAN_POINT ( 'NONE',  ( -15.80925377108406416, -80.41022924428169460, 14.57111852952486863 ) ) ;
#3937 = CARTESIAN_POINT ( 'NONE',  ( 20.07197916968984686, 51.19999999999999574, 7.704910915223915246 ) ) ;
#3938 = ORIENTED_EDGE ( 'NONE', *, *, #7626, .F. ) ;
#3939 = EDGE_LOOP ( 'NONE', ( #4977, #9689, #11327, #6317 ) ) ;
#3940 = FACE_OUTER_BOUND ( 'NONE', #1111, .T. ) ;
#3941 = ORIENTED_EDGE ( 'NONE', *, *, #1515, .F. ) ;
#3942 = CIRCLE ( 'NONE', #2820, 0.2500000000000002220 ) ;
#3943 = AXIS2_PLACEMENT_3D ( 'NONE', #6312, #9912, #5443 ) ;
#3944 = CARTESIAN_POINT ( 'NONE',  ( 21.40690689856071671, -80.41022924428168039, -1.998583757652677040 ) ) ;
#3945 = EDGE_CURVE ( 'NONE', #8045, #5859, #2265, .T. ) ;
#3946 = CARTESIAN_POINT ( 'NONE',  ( -20.76740526521501096, 51.19999999999999574, -5.564609469703971634 ) ) ;
#3947 = AXIS2_PLACEMENT_3D ( 'NONE', #11370, #635, #4344 ) ;
#3948 = LINE ( 'NONE', #4305, #4470 ) ;
#3949 = EDGE_CURVE ( 'NONE', #7229, #3409, #9977, .T. ) ;
#3950 = DIRECTION ( 'NONE',  ( -0.000000000000000000, 1.000000000000000000, 3.061616997868383141E-16 ) ) ;
#3951 = DIRECTION ( 'NONE',  ( -0.000000000000000000, 1.000000000000000000, 3.061616997868383141E-16 ) ) ;
#3952 = AXIS2_PLACEMENT_3D ( 'NONE', #483, #425, #6031 ) ;
#3953 = ORIENTED_EDGE ( 'NONE', *, *, #5994, .T. ) ;
#3954 = CIRCLE ( 'NONE', #370, 21.50000000000000000 ) ;
#3955 = ORIENTED_EDGE ( 'NONE', *, *, #67, .F. ) ;
#3956 = CARTESIAN_POINT ( 'NONE',  ( 17.24574565275870697, -80.41022924428168039, -12.83877941551899227 ) ) ;
#3957 = DIRECTION ( 'NONE',  ( 0.000000000000000000, 0.000000000000000000, 1.000000000000000000 ) ) ;
#3958 = DIRECTION ( 'NONE',  ( 0.000000000000000000, 0.000000000000000000, 1.000000000000000000 ) ) ;
#3959 = DIRECTION ( 'NONE',  ( 0.000000000000000000, -3.227392513445222318E-16, 1.000000000000000000 ) ) ;
#3960 = ORIENTED_EDGE ( 'NONE', *, *, #4145, .F. ) ;
#3961 = DIRECTION ( 'NONE',  ( -0.000000000000000000, 1.000000000000000000, 3.061616997868383141E-16 ) ) ;
#3962 = ADVANCED_FACE ( 'NONE', ( #5748 ), #8412, .T. ) ;
#3963 = CARTESIAN_POINT ( 'NONE',  ( 0.000000000000000000, 87.50000000000001421, 3.730185188303422936E-15 ) ) ;
#3964 = AXIS2_PLACEMENT_3D ( 'NONE', #8570, #4329, #10518 ) ;
#3965 = CIRCLE ( 'NONE', #5468, 0.2500000000000002220 ) ;
#3966 = DIRECTION ( 'NONE',  ( -2.465190328815661892E-32, 1.000000000000000000, 3.061616997868381662E-16 ) ) ;
#3967 = EDGE_CURVE ( 'NONE', #10707, #8268, #9047, .T. ) ;
#3968 = CIRCLE ( 'NONE', #6582, 21.50000000000000000 ) ;
#3969 = ORIENTED_EDGE ( 'NONE', *, *, #6342, .T. ) ;
#3970 = DIRECTION ( 'NONE',  ( 0.000000000000000000, 0.000000000000000000, 1.000000000000000000 ) ) ;
#3971 = DIRECTION ( 'NONE',  ( 0.000000000000000000, 1.000000000000000000, 3.061616997868381662E-16 ) ) ;
#3972 = CARTESIAN_POINT ( 'NONE',  ( 0.000000000000000000, 51.20000000000000995, -7.383484513958806747E-15 ) ) ;
#3973 = ORIENTED_EDGE ( 'NONE', *, *, #305, .F. ) ;
#3974 = CIRCLE ( 'NONE', #6987, 21.50000000000000000 ) ;
#3975 = DIRECTION ( 'NONE',  ( 0.000000000000000000, 0.000000000000000000, 1.000000000000000000 ) ) ;
#3976 = ORIENTED_EDGE ( 'NONE', *, *, #6882, .T. ) ;
#3977 = DIRECTION ( 'NONE',  ( 0.000000000000000000, -2.991412108253678048E-16, 1.000000000000000000 ) ) ;
#3978 = EDGE_CURVE ( 'NONE', #1379, #7048, #6776, .T. ) ;
#3979 = EDGE_CURVE ( 'NONE', #2185, #9729, #5280, .T. ) ;
#3980 = ORIENTED_EDGE ( 'NONE', *, *, #4689, .F. ) ;
#3981 = CARTESIAN_POINT ( 'NONE',  ( -12.83877941551854462, 45.20000000000000284, 17.24574565275904448 ) ) ;
#3982 = DIRECTION ( 'NONE',  ( 0.000000000000000000, 0.000000000000000000, 1.000000000000000000 ) ) ;
#3983 = ORIENTED_EDGE ( 'NONE', *, *, #10723, .T. ) ;
#3984 = CIRCLE ( 'NONE', #10581, 21.50000000000000000 ) ;
#3985 = EDGE_CURVE ( 'NONE', #11613, #11003, #11254, .T. ) ;
#3986 = CIRCLE ( 'NONE', #1765, 21.50000000000000000 ) ;
#3987 = ORIENTED_EDGE ( 'NONE', *, *, #3245, .T. ) ;
#3988 = CARTESIAN_POINT ( 'NONE',  ( 0.000000000000000000, 87.50000000000001421, 3.730185188303422936E-15 ) ) ;
#3989 = ORIENTED_EDGE ( 'NONE', *, *, #4081, .T. ) ;
#3990 = CIRCLE ( 'NONE', #7369, 21.50000000000001066 ) ;
#3991 = CARTESIAN_POINT ( 'NONE',  ( 0.000000000000000000, 61.70000000000000995, -4.168786666197004375E-15 ) ) ;
#3992 = CYLINDRICAL_SURFACE ( 'NONE', #716, 0.2500000000000002220 ) ;
#3993 = CIRCLE ( 'NONE', #4743, 0.2500000000000002220 ) ;
#3994 = AXIS2_PLACEMENT_3D ( 'NONE', #11356, #5969, #3271 ) ;
#3995 = ORIENTED_EDGE ( 'NONE', *, *, #2627, .F. ) ;
#3996 = CYLINDRICAL_SURFACE ( 'NONE', #7374, 21.50000000000000355 ) ;
#3997 = CARTESIAN_POINT ( 'NONE',  ( 0.000000000000000000, 87.50000000000001421, 3.730185188303422936E-15 ) ) ;
#3998 = AXIS2_PLACEMENT_3D ( 'NONE', #412, #346, #1240 ) ;
#3999 = ORIENTED_EDGE ( 'NONE', *, *, #10681, .F. ) ;
#4000 = DIRECTION ( 'NONE',  ( 0.000000000000000000, -3.227392513445220839E-16, 1.000000000000000000 ) ) ;
#4001 = CONICAL_SURFACE ( 'NONE', #8518, 15.65000000000000036, 0.7853981633974482790 ) ;
#4002 = CARTESIAN_POINT ( 'NONE',  ( -21.40690689856074158, -80.41022924428168039, -1.998583757652387494 ) ) ;
#4003 = LINE ( 'NONE', #3109, #1826 ) ;
#4004 = AXIS2_PLACEMENT_3D ( 'NONE', #5307, #2481, #6078 ) ;
#4005 = EDGE_LOOP ( 'NONE', ( #4121, #6621, #4184, #9632 ) ) ;
#4006 = VERTEX_POINT ( 'NONE', #8476 ) ;
#4007 = CYLINDRICAL_SURFACE ( 'NONE', #1335, 21.50000000000000355 ) ;
#4008 = ORIENTED_EDGE ( 'NONE', *, *, #2591, .T. ) ;
#4009 = DIRECTION ( 'NONE',  ( -9.860761315262647568E-32, 1.000000000000000000, 3.061616997868382155E-16 ) ) ;
#4010 = AXIS2_PLACEMENT_3D ( 'NONE', #3872, #2983, #7517 ) ;
#4011 = EDGE_CURVE ( 'NONE', #9528, #3172, #4530, .T. ) ;
#4012 = CARTESIAN_POINT ( 'NONE',  ( -17.39386537906147012, 51.19999999999999574, -12.63738292428799603 ) ) ;
#4013 = VERTEX_POINT ( 'NONE', #4881 ) ;
#4014 = DIRECTION ( 'NONE',  ( -0.000000000000000000, 1.000000000000000000, 3.061616997868383141E-16 ) ) ;
#4015 = CYLINDRICAL_SURFACE ( 'NONE', #1077, 21.50000000000000355 ) ;
#4016 = DIRECTION ( 'NONE',  ( -0.000000000000000000, 1.000000000000000000, 3.061616997868383141E-16 ) ) ;
#4017 = ORIENTED_EDGE ( 'NONE', *, *, #6898, .F. ) ;
#4018 = AXIS2_PLACEMENT_3D ( 'NONE', #9275, #2079, #5724 ) ;
#4019 = EDGE_LOOP ( 'NONE', ( #9120, #7183, #10482, #9002 ) ) ;
#4020 = CARTESIAN_POINT ( 'NONE',  ( 19.53821706942824576, -80.41022924428168039, 8.972629143562198095 ) ) ;
#4021 = DIRECTION ( 'NONE',  ( 0.000000000000000000, 0.000000000000000000, 1.000000000000000000 ) ) ;
#4022 = DIRECTION ( 'NONE',  ( -9.860761315262647568E-32, 1.000000000000000000, 3.061616997868381662E-16 ) ) ;
#4023 = DIRECTION ( 'NONE',  ( -4.930380657631323784E-32, 1.000000000000000000, 3.061616997868381662E-16 ) ) ;
#4024 = VERTEX_POINT ( 'NONE', #6639 ) ;
#4025 = FACE_OUTER_BOUND ( 'NONE', #4384, .T. ) ;
#4026 = DIRECTION ( 'NONE',  ( -0.000000000000000000, 1.000000000000000000, 3.061616997868383141E-16 ) ) ;
#4027 = CARTESIAN_POINT ( 'NONE',  ( 21.27297168455582010, -80.41022924428168039, 3.116195710812394992 ) ) ;
#4028 = EDGE_CURVE ( 'NONE', #3019, #5357, #2294, .T. ) ;
#4029 = ORIENTED_EDGE ( 'NONE', *, *, #8979, .T. ) ;
#4030 = CARTESIAN_POINT ( 'NONE',  ( -7.937781193550198289, 51.19999999999999574, -19.98103174821863348 ) ) ;
#4031 = DIRECTION ( 'NONE',  ( -0.000000000000000000, 1.000000000000000000, 3.061616997868383141E-16 ) ) ;
#4032 = DIRECTION ( 'NONE',  ( 0.000000000000000000, 0.000000000000000000, 1.000000000000000000 ) ) ;
#4033 = EDGE_LOOP ( 'NONE', ( #3580, #1572, #2307, #10342 ) ) ;
#4034 = CARTESIAN_POINT ( 'NONE',  ( 0.000000000000000000, 45.20000000000000995, -9.220454712679835547E-15 ) ) ;
#4035 = ORIENTED_EDGE ( 'NONE', *, *, #2048, .T. ) ;
#4036 = DIRECTION ( 'NONE',  ( -7.395570986446986770E-32, 1.000000000000000000, 3.061616997868381169E-16 ) ) ;
#4037 = ORIENTED_EDGE ( 'NONE', *, *, #11655, .T. ) ;
#4038 = CARTESIAN_POINT ( 'NONE',  ( 0.000000000000000000, 87.50000000000001421, 3.730185188303422936E-15 ) ) ;
#4039 = CYLINDRICAL_SURFACE ( 'NONE', #6526, 0.2500000000000002220 ) ;
#4040 = ORIENTED_EDGE ( 'NONE', *, *, #9562, .F. ) ;
#4041 = EDGE_CURVE ( 'NONE', #3379, #11637, #10353, .T. ) ;
#4042 = EDGE_LOOP ( 'NONE', ( #6180, #3106, #3693, #4910 ) ) ;
#4043 = DIRECTION ( 'NONE',  ( -0.000000000000000000, 1.000000000000000000, 3.061616997868383141E-16 ) ) ;
#4044 = VERTEX_POINT ( 'NONE', #11194 ) ;
#4045 = CYLINDRICAL_SURFACE ( 'NONE', #8657, 21.50000000000000355 ) ;
#4046 = LINE ( 'NONE', #4932, #5037 ) ;
#4047 = ORIENTED_EDGE ( 'NONE', *, *, #11082, .F. ) ;
#4048 = DIRECTION ( 'NONE',  ( -0.000000000000000000, 1.000000000000000000, 3.061616997868383141E-16 ) ) ;
#4049 = CYLINDRICAL_SURFACE ( 'NONE', #6624, 21.50000000000000355 ) ;
#4050 = EDGE_CURVE ( 'NONE', #8844, #5531, #11508, .T. ) ;
#4051 = VERTEX_POINT ( 'NONE', #6002 ) ;
#4052 = LINE ( 'NONE', #8403, #10086 ) ;
#4053 = DIRECTION ( 'NONE',  ( -2.465190328815661892E-32, 1.000000000000000000, 3.061616997868381169E-16 ) ) ;
#4054 = CARTESIAN_POINT ( 'NONE',  ( -4.225266388132896900, -80.41022924428169460, 21.08072873382969092 ) ) ;
#4055 = ORIENTED_EDGE ( 'NONE', *, *, #2224, .T. ) ;
#4056 = ORIENTED_EDGE ( 'NONE', *, *, #3487, .T. ) ;
#4057 = DIRECTION ( 'NONE',  ( -0.000000000000000000, 1.000000000000000000, 3.061616997868383141E-16 ) ) ;
#4058 = EDGE_LOOP ( 'NONE', ( #6557, #3827, #9760, #8104 ) ) ;
#4059 = CARTESIAN_POINT ( 'NONE',  ( 0.000000000000000000, 45.20000000000000995, -9.220454712679835547E-15 ) ) ;
#4060 = DIRECTION ( 'NONE',  ( 0.000000000000000000, 0.000000000000000000, 1.000000000000000000 ) ) ;
#4061 = VERTEX_POINT ( 'NONE', #3295 ) ;
#4062 = FACE_OUTER_BOUND ( 'NONE', #1444, .T. ) ;
#4063 = DIRECTION ( 'NONE',  ( -0.000000000000000000, 1.000000000000000000, 3.061616997868383141E-16 ) ) ;
#4064 = DIRECTION ( 'NONE',  ( 0.000000000000000000, 0.000000000000000000, 1.000000000000000000 ) ) ;
#4065 = ORIENTED_EDGE ( 'NONE', *, *, #6725, .T. ) ;
#4066 = ORIENTED_EDGE ( 'NONE', *, *, #3566, .T. ) ;
#4067 = CARTESIAN_POINT ( 'NONE',  ( -8.515864134735020130, 45.19999999999998863, -19.74158195380336522 ) ) ;
#4068 = CARTESIAN_POINT ( 'NONE',  ( 0.000000000000000000, 87.50000000000001421, 3.730185188303422936E-15 ) ) ;
#4069 = AXIS2_PLACEMENT_3D ( 'NONE', #11527, #6364, #9032 ) ;
#4070 = DIRECTION ( 'NONE',  ( -0.000000000000000000, 1.000000000000000000, 3.061616997868383141E-16 ) ) ;
#4071 = CARTESIAN_POINT ( 'NONE',  ( -7.704910915224106205, 45.19999999999998863, -20.07197916968975093 ) ) ;
#4072 = ORIENTED_EDGE ( 'NONE', *, *, #9708, .F. ) ;
#4073 = VECTOR ( 'NONE', #7235, 1000.000000000000000 ) ;
#4074 = CARTESIAN_POINT ( 'NONE',  ( 13.72375690439574747, 51.19999999999999574, -16.55018116000698569 ) ) ;
#4075 = CARTESIAN_POINT ( 'NONE',  ( -14.38630803671557956, 45.19999999999998863, -15.97761374776383114 ) ) ;
#4076 = EDGE_CURVE ( 'NONE', #6266, #7032, #6041, .T. ) ;
#4077 = CYLINDRICAL_SURFACE ( 'NONE', #7117, 0.2500000000000002220 ) ;
#4078 = CIRCLE ( 'NONE', #7090, 0.2500000000000002220 ) ;
#4079 = VECTOR ( 'NONE', #4618, 1000.000000000000000 ) ;
#4080 = DIRECTION ( 'NONE',  ( -9.860761315262647568E-32, 1.000000000000000000, 3.061616997868382648E-16 ) ) ;
#4081 = EDGE_CURVE ( 'NONE', #2448, #3845, #956, .T. ) ;
#4082 = VECTOR ( 'NONE', #1688, 1000.000000000000000 ) ;
#4083 = VERTEX_POINT ( 'NONE', #6282 ) ;
#4084 = FACE_OUTER_BOUND ( 'NONE', #4337, .T. ) ;
#4085 = LINE ( 'NONE', #2187, #6006 ) ;
#4086 = CARTESIAN_POINT ( 'NONE',  ( 21.03017341577679389, 45.19999999999998863, -4.220101352581890453 ) ) ;
#4087 = ORIENTED_EDGE ( 'NONE', *, *, #6910, .T. ) ;
#4088 = DIRECTION ( 'NONE',  ( -0.000000000000000000, 1.000000000000000000, 3.061616997868383141E-16 ) ) ;
#4089 = EDGE_LOOP ( 'NONE', ( #90, #1433, #6120, #11454 ) ) ;
#4090 = CYLINDRICAL_SURFACE ( 'NONE', #11269, 21.50000000000000355 ) ;
#4091 = AXIS2_PLACEMENT_3D ( 'NONE', #661, #5769, #2310 ) ;
#4092 = AXIS2_PLACEMENT_3D ( 'NONE', #8538, #10238, #4877 ) ;
#4093 = ORIENTED_EDGE ( 'NONE', *, *, #9686, .T. ) ;
#4094 = AXIS2_PLACEMENT_3D ( 'NONE', #6299, #7307, #895 ) ;
#4095 = CIRCLE ( 'NONE', #5042, 21.50000000000001066 ) ;
#4096 = CARTESIAN_POINT ( 'NONE',  ( 21.27297168455579879, -80.41022924428168039, -3.116195710812588171 ) ) ;
#4097 = DIRECTION ( 'NONE',  ( 0.000000000000000000, -1.000000000000000000, -3.061616997868383141E-16 ) ) ;
#4098 = EDGE_CURVE ( 'NONE', #7956, #486, #3965, .T. ) ;
#4099 = AXIS2_PLACEMENT_3D ( 'NONE', #2660, #9886, #6083 ) ;
#4100 = ORIENTED_EDGE ( 'NONE', *, *, #3091, .T. ) ;
#4101 = AXIS2_PLACEMENT_3D ( 'NONE', #8330, #4566, #5382 ) ;
#4102 = AXIS2_PLACEMENT_3D ( 'NONE', #5245, #6009, #10550 ) ;
#4103 = ORIENTED_EDGE ( 'NONE', *, *, #7213, .T. ) ;
#4104 = DIRECTION ( 'NONE',  ( 0.000000000000000000, 0.000000000000000000, 1.000000000000000000 ) ) ;
#4105 = ORIENTED_EDGE ( 'NONE', *, *, #4419, .T. ) ;
#4106 = DIRECTION ( 'NONE',  ( 4.930380657631323784E-32, 1.000000000000000000, 3.061616997868382155E-16 ) ) ;
#4107 = DIRECTION ( 'NONE',  ( 0.000000000000000000, 0.000000000000000000, -1.000000000000000000 ) ) ;
#4108 = ORIENTED_EDGE ( 'NONE', *, *, #2100, .F. ) ;
#4109 = DIRECTION ( 'NONE',  ( -0.000000000000000000, 1.000000000000000000, 3.061616997868383141E-16 ) ) ;
#4110 = EDGE_CURVE ( 'NONE', #5510, #2394, #6403, .T. ) ;
#4111 = AXIS2_PLACEMENT_3D ( 'NONE', #7794, #11626, #1726 ) ;
#4112 = CARTESIAN_POINT ( 'NONE',  ( -7.704910915223695866, 51.20000000000000995, 20.07197916968994633 ) ) ;
#4113 = EDGE_CURVE ( 'NONE', #9994, #5214, #10608, .T. ) ;
#4114 = VERTEX_POINT ( 'NONE', #1762 ) ;
#4115 = FACE_BOUND ( 'NONE', #5696, .T. ) ;
#4116 = FACE_OUTER_BOUND ( 'NONE', #4626, .T. ) ;
#4117 = CYLINDRICAL_SURFACE ( 'NONE', #11629, 18.30000000000001137 ) ;
#4118 = ORIENTED_EDGE ( 'NONE', *, *, #7796, .T. ) ;
#4119 = EDGE_LOOP ( 'NONE', ( #2049, #2156, #9207, #1757 ) ) ;
#4120 = DIRECTION ( 'NONE',  ( 0.000000000000000000, -3.227392513445220839E-16, 1.000000000000000000 ) ) ;
#4121 = ORIENTED_EDGE ( 'NONE', *, *, #10523, .T. ) ;
#4122 = DIRECTION ( 'NONE',  ( -0.000000000000000000, 1.000000000000000000, 3.061616997868383141E-16 ) ) ;
#4123 = EDGE_CURVE ( 'NONE', #8998, #8834, #10748, .T. ) ;
#4124 = EDGE_CURVE ( 'NONE', #4628, #2753, #9656, .T. ) ;
#4125 = FACE_OUTER_BOUND ( 'NONE', #10410, .T. ) ;
#4126 = ORIENTED_EDGE ( 'NONE', *, *, #9247, .F. ) ;
#4127 = DIRECTION ( 'NONE',  ( 9.860761315262647568E-32, 1.000000000000000000, 3.061616997868382155E-16 ) ) ;
#4128 = CARTESIAN_POINT ( 'NONE',  ( 15.97761374776399457, 45.20000000000000284, 14.38630803671543035 ) ) ;
#4129 = CARTESIAN_POINT ( 'NONE',  ( -12.83877941551853752, 51.20000000000000995, 17.24574565275903382 ) ) ;
#4130 = ORIENTED_EDGE ( 'NONE', *, *, #8515, .F. ) ;
#4131 = EDGE_CURVE ( 'NONE', #1643, #2699, #11127, .T. ) ;
#4132 = ORIENTED_EDGE ( 'NONE', *, *, #1870, .F. ) ;
#4133 = CARTESIAN_POINT ( 'NONE',  ( -14.57111852952473541, 51.19999999999999574, -15.80925377108423646 ) ) ;
#4134 = FACE_OUTER_BOUND ( 'NONE', #1008, .T. ) ;
#4135 = CARTESIAN_POINT ( 'NONE',  ( 9.760795744400141416, -80.41022924428168039, -18.90664027004997649 ) ) ;
#4136 = DIRECTION ( 'NONE',  ( 0.000000000000000000, -3.227392513445220839E-16, 1.000000000000000000 ) ) ;
#4137 = ORIENTED_EDGE ( 'NONE', *, *, #7986, .T. ) ;
#4138 = CARTESIAN_POINT ( 'NONE',  ( 2.495836301044702221, -80.41022924428169460, 21.35464355025355587 ) ) ;
#4139 = DIRECTION ( 'NONE',  ( 0.000000000000000000, -3.227392513445222318E-16, 1.000000000000000000 ) ) ;
#4140 = CIRCLE ( 'NONE', #4880, 0.2500000000000002220 ) ;
#4141 = CARTESIAN_POINT ( 'NONE',  ( 7.937781193550041969, 51.20000000000000995, 19.98103174821868322 ) ) ;
#4142 = CONICAL_SURFACE ( 'NONE', #5081, 20.50000000000000711, 0.2617993877991493523 ) ;
#4143 = AXIS2_PLACEMENT_3D ( 'NONE', #6893, #8495, #5140 ) ;
#4144 = CYLINDRICAL_SURFACE ( 'NONE', #395, 21.50000000000000355 ) ;
#4145 = EDGE_CURVE ( 'NONE', #11267, #4600, #4162, .T. ) ;
#4146 = EDGE_LOOP ( 'NONE', ( #11407, #10898, #5454, #8387 ) ) ;
#4147 = DIRECTION ( 'NONE',  ( 0.000000000000000000, 0.000000000000000000, 1.000000000000000000 ) ) ;
#4148 = DIRECTION ( 'NONE',  ( 0.000000000000000000, -1.000000000000000000, -3.061616997868383141E-16 ) ) ;
#4149 = ADVANCED_FACE ( 'NONE', ( #7826 ), #6171, .F. ) ;
#4150 = CARTESIAN_POINT ( 'NONE',  ( -9.982883740771669068, 51.19999999999999574, -19.04184949573535590 ) ) ;
#4151 = ORIENTED_EDGE ( 'NONE', *, *, #4323, .T. ) ;
#4152 = DIRECTION ( 'NONE',  ( -9.860761315262647568E-32, 1.000000000000000000, 3.061616997868382155E-16 ) ) ;
#4153 = ORIENTED_EDGE ( 'NONE', *, *, #5269, .F. ) ;
#4154 = LINE ( 'NONE', #678, #4662 ) ;
#4155 = CARTESIAN_POINT ( 'NONE',  ( 15.97761374776389331, 51.19999999999999574, -14.38630803671550851 ) ) ;
#4156 = AXIS2_PLACEMENT_3D ( 'NONE', #8358, #8142, #10066 ) ;
#4157 = VERTEX_POINT ( 'NONE', #4361 ) ;
#4158 = EDGE_CURVE ( 'NONE', #1373, #7705, #871, .T. ) ;
#4159 = CIRCLE ( 'NONE', #579, 0.2500000000000002220 ) ;
#4160 = DIRECTION ( 'NONE',  ( 0.000000000000000000, -3.227392513445220839E-16, 1.000000000000000000 ) ) ;
#4161 = ORIENTED_EDGE ( 'NONE', *, *, #10711, .T. ) ;
#4162 = CIRCLE ( 'NONE', #6045, 0.2500000000000002220 ) ;
#4163 = VERTEX_POINT ( 'NONE', #9761 ) ;
#4164 = DIRECTION ( 'NONE',  ( -0.000000000000000000, 1.000000000000000000, 3.061616997868383141E-16 ) ) ;
#4165 = ORIENTED_EDGE ( 'NONE', *, *, #10135, .F. ) ;
#4166 = FACE_OUTER_BOUND ( 'NONE', #2425, .T. ) ;
#4167 = CARTESIAN_POINT ( 'NONE',  ( 1.125223059223294575, -80.41022924428169460, 21.47053499722330727 ) ) ;
#4168 = EDGE_CURVE ( 'NONE', #1448, #11531, #11558, .T. ) ;
#4169 = ORIENTED_EDGE ( 'NONE', *, *, #6581, .T. ) ;
#4170 = LINE ( 'NONE', #3226, #7186 ) ;
#4171 = AXIS2_PLACEMENT_3D ( 'NONE', #10125, #2994, #5705 ) ;
#4172 = CIRCLE ( 'NONE', #3612, 0.2500000000000002220 ) ;
#4173 = ORIENTED_EDGE ( 'NONE', *, *, #3215, .T. ) ;
#4174 = FACE_OUTER_BOUND ( 'NONE', #310, .T. ) ;
#4175 = DIRECTION ( 'NONE',  ( -0.000000000000000000, 1.000000000000000000, 3.061616997868383141E-16 ) ) ;
#4176 = CARTESIAN_POINT ( 'NONE',  ( 15.20279579551068316, 51.19999999999999574, -14.95279579551082705 ) ) ;
#4177 = ADVANCED_FACE ( 'NONE', ( #8897 ), #4236, .T. ) ;
#4178 = VECTOR ( 'NONE', #10057, 1000.000000000000000 ) ;
#4179 = CIRCLE ( 'NONE', #10185, 0.2500000000000002220 ) ;
#4180 = ORIENTED_EDGE ( 'NONE', *, *, #2497, .T. ) ;
#4181 = ORIENTED_EDGE ( 'NONE', *, *, #11070, .F. ) ;
#4182 = AXIS2_PLACEMENT_3D ( 'NONE', #8224, #7273, #143 ) ;
#4183 = CARTESIAN_POINT ( 'NONE',  ( 0.000000000000000000, 45.20000000000000995, -9.220454712679835547E-15 ) ) ;
#4184 = ORIENTED_EDGE ( 'NONE', *, *, #9026, .F. ) ;
#4185 = DIRECTION ( 'NONE',  ( -0.000000000000000000, 1.000000000000000000, 3.061616997868383141E-16 ) ) ;
#4186 = VECTOR ( 'NONE', #11271, 1000.000000000000000 ) ;
#4187 = AXIS2_PLACEMENT_3D ( 'NONE', #3164, #8583, #6747 ) ;
#4188 = CARTESIAN_POINT ( 'NONE',  ( -21.03017341577676547, 51.19999999999999574, 4.470101352582066312 ) ) ;
#4189 = EDGE_LOOP ( 'NONE', ( #9712, #55, #4391, #7043 ) ) ;
#4190 = DIRECTION ( 'NONE',  ( -1.848892746611746693E-32, 1.000000000000000000, 3.061616997868381662E-16 ) ) ;
#4191 = CYLINDRICAL_SURFACE ( 'NONE', #3718, 0.2500000000000002220 ) ;
#4192 = CARTESIAN_POINT ( 'NONE',  ( -19.98103174821853045, -80.41022924428168039, 7.937781193550378589 ) ) ;
#4193 = EDGE_CURVE ( 'NONE', #1637, #3695, #12, .T. ) ;
#4194 = ORIENTED_EDGE ( 'NONE', *, *, #73, .T. ) ;
#4195 = CARTESIAN_POINT ( 'NONE',  ( 1.998583757652438120, -80.41022924428168039, -21.40690689856076290 ) ) ;
#4196 = CARTESIAN_POINT ( 'NONE',  ( -7.470998869602680337, -80.41022924428168039, -20.16021269457234411 ) ) ;
#4197 = LINE ( 'NONE', #7789, #1824 ) ;
#4198 = AXIS2_PLACEMENT_3D ( 'NONE', #2461, #7317, #4564 ) ;
#4199 = DIRECTION ( 'NONE',  ( -7.395570986446986770E-32, 1.000000000000000000, 3.061616997868381169E-16 ) ) ;
#4200 = ORIENTED_EDGE ( 'NONE', *, *, #116, .T. ) ;
#4201 = FACE_OUTER_BOUND ( 'NONE', #10730, .T. ) ;
#4202 = AXIS2_PLACEMENT_3D ( 'NONE', #2714, #9076, #7237 ) ;
#4203 = DIRECTION ( 'NONE',  ( 0.000000000000000000, 0.000000000000000000, -1.000000000000000000 ) ) ;
#4204 = EDGE_CURVE ( 'NONE', #2110, #9007, #11601, .T. ) ;
#4205 = DIRECTION ( 'NONE',  ( 0.000000000000000000, -1.000000000000000000, -3.061616997868383141E-16 ) ) ;
#4206 = AXIS2_PLACEMENT_3D ( 'NONE', #5368, #7305, #7076 ) ;
#4207 = DIRECTION ( 'NONE',  ( 0.000000000000000000, -1.000000000000000000, -3.061616997868383141E-16 ) ) ;
#4208 = ORIENTED_EDGE ( 'NONE', *, *, #8103, .T. ) ;
#4209 = CARTESIAN_POINT ( 'NONE',  ( 0.000000000000000000, 45.20000000000000995, -9.220454712679835547E-15 ) ) ;
#4210 = LINE ( 'NONE', #11167, #6949 ) ;
#4211 = LINE ( 'NONE', #11220, #491 ) ;
#4212 = ORIENTED_EDGE ( 'NONE', *, *, #1345, .T. ) ;
#4213 = FACE_OUTER_BOUND ( 'NONE', #1456, .T. ) ;
#4214 = EDGE_LOOP ( 'NONE', ( #3068, #1178, #5929, #8678 ) ) ;
#4215 = DIRECTION ( 'NONE',  ( -7.395570986446986770E-32, 1.000000000000000000, 3.061616997868382648E-16 ) ) ;
#4216 = DIRECTION ( 'NONE',  ( 0.000000000000000000, 0.5735764363510469366, 0.8191520442889912434 ) ) ;
#4217 = ORIENTED_EDGE ( 'NONE', *, *, #11036, .T. ) ;
#4218 = EDGE_CURVE ( 'NONE', #7361, #11477, #2656, .T. ) ;
#4220 = CIRCLE ( 'NONE', #10228, 0.2500000000000002220 ) ;
#4219 = CARTESIAN_POINT ( 'NONE',  ( -19.53821706942812497, 45.19999999999998863, 8.972629143562501852 ) ) ;
#4221 = FACE_BOUND ( 'NONE', #7255, .T. ) ;
#4222 = ORIENTED_EDGE ( 'NONE', *, *, #4268, .T. ) ;
#4223 = LINE ( 'NONE', #8759, #567 ) ;
#4224 = ORIENTED_EDGE ( 'NONE', *, *, #8076, .F. ) ;
#4225 = DIRECTION ( 'NONE',  ( 0.000000000000000000, -3.248981738798774652E-16, 1.000000000000000000 ) ) ;
#4226 = EDGE_CURVE ( 'NONE', #10427, #1872, #7931, .T. ) ;
#4227 = DIRECTION ( 'NONE',  ( 9.860761315262647568E-32, 1.000000000000000000, 3.061616997868381662E-16 ) ) ;
#4228 = VERTEX_POINT ( 'NONE', #10778 ) ;
#4229 = CARTESIAN_POINT ( 'NONE',  ( 13.33519049100553211, -80.41022924428168039, -16.86483603740622783 ) ) ;
#4230 = ORIENTED_EDGE ( 'NONE', *, *, #7495, .F. ) ;
#4231 = DIRECTION ( 'NONE',  ( -0.000000000000000000, 1.000000000000000000, 3.061616997868383141E-16 ) ) ;
#4232 = DIRECTION ( 'NONE',  ( 0.000000000000000000, 0.000000000000000000, 1.000000000000000000 ) ) ;
#4233 = EDGE_CURVE ( 'NONE', #243, #3221, #6587, .T. ) ;
#4234 = ORIENTED_EDGE ( 'NONE', *, *, #1968, .F. ) ;
#4235 = ORIENTED_EDGE ( 'NONE', *, *, #8133, .T. ) ;
#4236 = CYLINDRICAL_SURFACE ( 'NONE', #2850, 21.50000000000000355 ) ;
#4237 = ORIENTED_EDGE ( 'NONE', *, *, #10082, .T. ) ;
#4238 = CARTESIAN_POINT ( 'NONE',  ( 21.49854651162790731, 51.19999999999999574, -0.2499957747072898417 ) ) ;
#4239 = ORIENTED_EDGE ( 'NONE', *, *, #8090, .F. ) ;
#4240 = LINE ( 'NONE', #6075, #9740 ) ;
#4241 = CARTESIAN_POINT ( 'NONE',  ( 0.000000000000000000, 10.27282251965208637, -1.991381873881973871E-14 ) ) ;
#4242 = DIRECTION ( 'NONE',  ( 0.000000000000000000, -1.000000000000000000, -3.061616997868383141E-16 ) ) ;
#4243 = ORIENTED_EDGE ( 'NONE', *, *, #11671, .F. ) ;
#4244 = DIRECTION ( 'NONE',  ( 0.000000000000000000, 0.5735764363510481578, 0.8191520442889904663 ) ) ;
#4245 = CARTESIAN_POINT ( 'NONE',  ( 19.53821706942833103, 45.19999999999998863, 8.972629143562093290 ) ) ;
#4246 = DIRECTION ( 'NONE',  ( 0.000000000000000000, -3.227392513445220839E-16, 1.000000000000000000 ) ) ;
#4247 = DIRECTION ( 'NONE',  ( 0.000000000000000000, 0.000000000000000000, 1.000000000000000000 ) ) ;
#4248 = ORIENTED_EDGE ( 'NONE', *, *, #2865, .T. ) ;
#4249 = DIRECTION ( 'NONE',  ( 1.479114197289397354E-31, 1.000000000000000000, 3.061616997868381662E-16 ) ) ;
#4250 = CARTESIAN_POINT ( 'NONE',  ( -21.47053499722334280, 45.19999999999998863, -1.125223059223059652 ) ) ;
#4251 = ADVANCED_FACE ( 'NONE', ( #3358 ), #10543, .T. ) ;
#4252 = DIRECTION ( 'NONE',  ( 0.000000000000000000, -3.227392513445220839E-16, 1.000000000000000000 ) ) ;
#4253 = CARTESIAN_POINT ( 'NONE',  ( 19.15664027004985215, 45.19999999999998863, -9.510795744400319052 ) ) ;
#4254 = EDGE_CURVE ( 'NONE', #4815, #1637, #930, .T. ) ;
#4255 = DIRECTION ( 'NONE',  ( 0.000000000000000000, -3.227392513445220839E-16, 1.000000000000000000 ) ) ;
#4256 = ORIENTED_EDGE ( 'NONE', *, *, #5383, .F. ) ;
#4257 = CARTESIAN_POINT ( 'NONE',  ( -4.470101352581976606, -80.41022924428168039, -21.03017341577680099 ) ) ;
#4258 = DIRECTION ( 'NONE',  ( 0.000000000000000000, 0.000000000000000000, -1.000000000000000000 ) ) ;
#4259 = DIRECTION ( 'NONE',  ( -0.000000000000000000, 1.000000000000000000, 3.061616997868383141E-16 ) ) ;
#4260 = VERTEX_POINT ( 'NONE', #151 ) ;
#4261 = CARTESIAN_POINT ( 'NONE',  ( 5.564609469704060452, 51.19999999999999574, -20.76740526521497543 ) ) ;
#4262 = ORIENTED_EDGE ( 'NONE', *, *, #3287, .T. ) ;
#4263 = CARTESIAN_POINT ( 'NONE',  ( -18.74328531086487715, -80.41022924428168039, -10.53277056407841883 ) ) ;
#4264 = CARTESIAN_POINT ( 'NONE',  ( 0.000000000000000000, 45.20000000000000995, -9.220454712679835547E-15 ) ) ;
#4265 = ORIENTED_EDGE ( 'NONE', *, *, #10570, .T. ) ;
#4266 = CIRCLE ( 'NONE', #4069, 0.2500000000000002220 ) ;
#4267 = ADVANCED_FACE ( 'NONE', ( #1044 ), #8290, .F. ) ;
#4268 = EDGE_CURVE ( 'NONE', #9896, #3432, #3601, .T. ) ;
#4269 = DIRECTION ( 'NONE',  ( -0.000000000000000000, 1.000000000000000000, 3.061616997868383141E-16 ) ) ;
#4270 = CIRCLE ( 'NONE', #10849, 21.50000000000000000 ) ;
#4271 = AXIS2_PLACEMENT_3D ( 'NONE', #6890, #9668, #4423 ) ;
#4272 = ORIENTED_EDGE ( 'NONE', *, *, #1600, .T. ) ;
#4273 = DIRECTION ( 'NONE',  ( 0.000000000000000000, -1.000000000000000000, -3.061616997868383141E-16 ) ) ;
#4274 = ORIENTED_EDGE ( 'NONE', *, *, #9018, .T. ) ;
#4275 = AXIS2_PLACEMENT_3D ( 'NONE', #10317, #6017, #1491 ) ;
#4276 = AXIS2_PLACEMENT_3D ( 'NONE', #10175, #8354, #1415 ) ;
#4277 = CARTESIAN_POINT ( 'NONE',  ( 0.000000000000000000, 87.50000000000001421, 3.730185188303422936E-15 ) ) ;
#4278 = CIRCLE ( 'NONE', #2572, 0.2500000000000002220 ) ;
#4279 = CARTESIAN_POINT ( 'NONE',  ( 0.000000000000000000, 51.20000000000000995, -7.383484513958806747E-15 ) ) ;
#4280 = EDGE_CURVE ( 'NONE', #3101, #5035, #9996, .T. ) ;
#4281 = CIRCLE ( 'NONE', #2197, 0.2500000000000002220 ) ;
#4282 = ORIENTED_EDGE ( 'NONE', *, *, #7261, .F. ) ;
#4283 = CIRCLE ( 'NONE', #2955, 21.50000000000001066 ) ;
#4284 = DIRECTION ( 'NONE',  ( 2.465190328815661892E-32, 1.000000000000000000, 3.061616997868383141E-16 ) ) ;
#4285 = PRODUCT ( 'nikon_mrd77226_20x1.0_water_objective', 'nikon_mrd77226_20x1.0_water_objective', '', ( #5464 ) ) ;
#4286 = VECTOR ( 'NONE', #9335, 1000.000000000000000 ) ;
#4287 = CIRCLE ( 'NONE', #11253, 0.2500000000000002220 ) ;
#4288 = AXIS2_PLACEMENT_3D ( 'NONE', #2117, #5755, #8420 ) ;
#4289 = VERTEX_POINT ( 'NONE', #9933 ) ;
#4290 = DIRECTION ( 'NONE',  ( 0.000000000000000000, 0.000000000000000000, 1.000000000000000000 ) ) ;
#4291 = AXIS2_PLACEMENT_3D ( 'NONE', #10459, #11176, #2389 ) ;
#4292 = VERTEX_POINT ( 'NONE', #6506 ) ;
#4293 = DIRECTION ( 'NONE',  ( -0.000000000000000000, 1.000000000000000000, 3.061616997868383141E-16 ) ) ;
#4294 = CARTESIAN_POINT ( 'NONE',  ( 2.510525938252075270E-15, 28.86506350946110899, -20.50000000000002132 ) ) ;
#4295 = VERTEX_POINT ( 'NONE', #92 ) ;
#4296 = ORIENTED_EDGE ( 'NONE', *, *, #9437, .F. ) ;
#4297 = EDGE_CURVE ( 'NONE', #8127, #9391, #4349, .T. ) ;
#4298 = CIRCLE ( 'NONE', #6348, 21.50000000000001066 ) ;
#4299 = DIRECTION ( 'NONE',  ( 0.000000000000000000, -1.000000000000000000, -3.061616997868383141E-16 ) ) ;
#4300 = ORIENTED_EDGE ( 'NONE', *, *, #7245, .T. ) ;
#4301 = LINE ( 'NONE', #9763, #3804 ) ;
#4302 = CIRCLE ( 'NONE', #7110, 8.698518023597397786 ) ;
#4303 = EDGE_CURVE ( 'NONE', #3472, #3379, #8870, .T. ) ;
#4304 = ORIENTED_EDGE ( 'NONE', *, *, #5334, .F. ) ;
#4305 = CARTESIAN_POINT ( 'NONE',  ( -6.881176337035140200, -80.41022924428168039, -20.36907980785160888 ) ) ;
#4306 = CYLINDRICAL_SURFACE ( 'NONE', #10674, 0.2499999999999993616 ) ;
#4307 = DIRECTION ( 'NONE',  ( 4.930380657631323784E-32, 1.000000000000000000, 3.061616997868382155E-16 ) ) ;
#4308 = ORIENTED_EDGE ( 'NONE', *, *, #8363, .F. ) ;
#4309 = CARTESIAN_POINT ( 'NONE',  ( -20.70129763556882807, 51.19999999999999574, -5.805710654484300903 ) ) ;
#4310 = DIRECTION ( 'NONE',  ( 0.000000000000000000, 0.000000000000000000, -1.000000000000000000 ) ) ;
#4311 = DIRECTION ( 'NONE',  ( -0.000000000000000000, 1.000000000000000000, 3.061616997868383141E-16 ) ) ;
#4312 = VERTEX_POINT ( 'NONE', #8126 ) ;
#4313 = DIRECTION ( 'NONE',  ( 4.930380657631323784E-32, 1.000000000000000000, 3.061616997868382648E-16 ) ) ;
#4314 = ADVANCED_FACE ( 'NONE', ( #5631 ), #258, .F. ) ;
#4315 = DIRECTION ( 'NONE',  ( 0.000000000000000000, 0.000000000000000000, 1.000000000000000000 ) ) ;
#4316 = DIRECTION ( 'NONE',  ( 4.930380657631323784E-32, 1.000000000000000000, 3.061616997868382648E-16 ) ) ;
#4317 = CIRCLE ( 'NONE', #10900, 21.50000000000001066 ) ;
#4318 = DIRECTION ( 'NONE',  ( 0.000000000000000000, 0.000000000000000000, 1.000000000000000000 ) ) ;
#4319 = DIRECTION ( 'NONE',  ( 0.000000000000000000, 0.000000000000000000, -1.000000000000000000 ) ) ;
#4320 = VERTEX_POINT ( 'NONE', #3869 ) ;
#4321 = CARTESIAN_POINT ( 'NONE',  ( 4.470101352581833609, 51.20000000000000995, 21.03017341577682586 ) ) ;
#4322 = DIRECTION ( 'NONE',  ( 0.000000000000000000, -3.227392513445220839E-16, 1.000000000000000000 ) ) ;
#4323 = EDGE_CURVE ( 'NONE', #8343, #8807, #10937, .T. ) ;
#4324 = EDGE_CURVE ( 'NONE', #2697, #8127, #7165, .T. ) ;
#4325 = CARTESIAN_POINT ( 'NONE',  ( 15.37854173158998528, -80.41022924428168039, -15.02499431646299755 ) ) ;
#4326 = ORIENTED_EDGE ( 'NONE', *, *, #3637, .T. ) ;
#4327 = CARTESIAN_POINT ( 'NONE',  ( -7.470998869602268222, 45.20000000000000284, 20.16021269457248977 ) ) ;
#4328 = ORIENTED_EDGE ( 'NONE', *, *, #7261, .T. ) ;
#4329 = DIRECTION ( 'NONE',  ( 0.000000000000000000, -1.000000000000000000, -3.061616997868383141E-16 ) ) ;
#4330 = AXIS2_PLACEMENT_3D ( 'NONE', #6868, #3338, #5051 ) ;
#4331 = EDGE_CURVE ( 'NONE', #7660, #9678, #2473, .T. ) ;
#4332 = CIRCLE ( 'NONE', #2993, 0.2500000000000002220 ) ;
#4333 = AXIS2_PLACEMENT_3D ( 'NONE', #76, #10812, #1744 ) ;
#4334 = AXIS2_PLACEMENT_3D ( 'NONE', #10078, #5608, #3849 ) ;
#4335 = FACE_OUTER_BOUND ( 'NONE', #9612, .T. ) ;
#4336 = VECTOR ( 'NONE', #10870, 1000.000000000000000 ) ;
#4337 = EDGE_LOOP ( 'NONE', ( #4765, #1976, #3184, #6019 ) ) ;
#4338 = DIRECTION ( 'NONE',  ( 0.000000000000000000, -3.227392513445222318E-16, 1.000000000000000000 ) ) ;
#4339 = ORIENTED_EDGE ( 'NONE', *, *, #8418, .F. ) ;
#4340 = VECTOR ( 'NONE', #5906, 1000.000000000000000 ) ;
#4341 = EDGE_CURVE ( 'NONE', #6535, #250, #9055, .T. ) ;
#4342 = EDGE_CURVE ( 'NONE', #7562, #5367, #3974, .T. ) ;
#4343 = CIRCLE ( 'NONE', #575, 0.2500000000000002220 ) ;
#4344 = DIRECTION ( 'NONE',  ( 0.000000000000000000, 0.000000000000000000, 1.000000000000000000 ) ) ;
#4345 = DIRECTION ( 'NONE',  ( 0.000000000000000000, -1.000000000000000000, -3.061616997868383141E-16 ) ) ;
#4346 = ORIENTED_EDGE ( 'NONE', *, *, #11456, .T. ) ;
#4347 = CIRCLE ( 'NONE', #10934, 0.2500000000000002220 ) ;
#4348 = ADVANCED_FACE ( 'NONE', ( #5576 ), #10828, .T. ) ;
#4349 = CIRCLE ( 'NONE', #3422, 0.2500000000000002220 ) ;
#4350 = ORIENTED_EDGE ( 'NONE', *, *, #2224, .F. ) ;
#4351 = CARTESIAN_POINT ( 'NONE',  ( 17.24574565275882776, 51.19999999999999574, -12.83877941551883595 ) ) ;
#4352 = ORIENTED_EDGE ( 'NONE', *, *, #5594, .F. ) ;
#4353 = DIRECTION ( 'NONE',  ( -0.000000000000000000, 1.000000000000000000, 3.061616997868383141E-16 ) ) ;
#4354 = DIRECTION ( 'NONE',  ( 0.000000000000000000, 0.000000000000000000, -1.000000000000000000 ) ) ;
#4355 = ORIENTED_EDGE ( 'NONE', *, *, #5989, .F. ) ;
#4356 = CIRCLE ( 'NONE', #11517, 0.2500000000000002220 ) ;
#4357 = ORIENTED_EDGE ( 'NONE', *, *, #659, .T. ) ;
#4358 = VERTEX_POINT ( 'NONE', #4694 ) ;
#4359 = CIRCLE ( 'NONE', #10, 21.50000000000001066 ) ;
#4360 = AXIS2_PLACEMENT_3D ( 'NONE', #5239, #2474, #11665 ) ;
#4361 = CARTESIAN_POINT ( 'NONE',  ( 15.97761374776389331, 45.19999999999998863, -14.13630803671550851 ) ) ;
#4362 = VERTEX_POINT ( 'NONE', #5462 ) ;
#4363 = DIRECTION ( 'NONE',  ( 0.000000000000000000, 0.000000000000000000, 1.000000000000000000 ) ) ;
#4364 = DIRECTION ( 'NONE',  ( 2.465190328815661892E-32, 1.000000000000000000, 3.061616997868381662E-16 ) ) ;
#4365 = EDGE_CURVE ( 'NONE', #5639, #3354, #4916, .T. ) ;
#4366 = ORIENTED_EDGE ( 'NONE', *, *, #328, .T. ) ;
#4367 = CARTESIAN_POINT ( 'NONE',  ( -3.363340998365109691, -80.41022924428168039, -21.23529932279544852 ) ) ;
#4368 = AXIS2_PLACEMENT_3D ( 'NONE', #4059, #4185, #2230 ) ;
#4369 = DIRECTION ( 'NONE',  ( -7.395570986446986770E-32, 1.000000000000000000, 3.061616997868382648E-16 ) ) ;
#4370 = CARTESIAN_POINT ( 'NONE',  ( -11.70973925282321915, 51.19999999999999574, -17.78141721082649696 ) ) ;
#4371 = EDGE_LOOP ( 'NONE', ( #6575, #6169, #4934, #3735 ) ) ;
#4372 = DIRECTION ( 'NONE',  ( -0.000000000000000000, 1.000000000000000000, 3.061616997868383141E-16 ) ) ;
#4373 = CARTESIAN_POINT ( 'NONE',  ( 12.63738292428807419, 51.19999999999999574, -17.39386537906140973 ) ) ;
#4374 = CIRCLE ( 'NONE', #3230, 0.2500000000000002220 ) ;
#4375 = VERTEX_POINT ( 'NONE', #7449 ) ;
#4376 = EDGE_CURVE ( 'NONE', #2815, #9111, #11061, .T. ) ;
#4377 = DIRECTION ( 'NONE',  ( 0.000000000000000000, 0.000000000000000000, 1.000000000000000000 ) ) ;
#4378 = CIRCLE ( 'NONE', #8893, 18.30000000000001137 ) ;
#4379 = AXIS2_PLACEMENT_3D ( 'NONE', #3788, #7476, #8253 ) ;
#4380 = DIRECTION ( 'NONE',  ( 0.000000000000000000, 0.000000000000000000, 1.000000000000000000 ) ) ;
#4381 = DIRECTION ( 'NONE',  ( 2.465190328815661892E-32, 1.000000000000000000, 3.061616997868383634E-16 ) ) ;
#4382 = DIRECTION ( 'NONE',  ( 0.000000000000000000, -1.000000000000000000, -3.061616997868383141E-16 ) ) ;
#4383 = CIRCLE ( 'NONE', #11156, 21.50000000000000000 ) ;
#4384 = EDGE_LOOP ( 'NONE', ( #9654, #2084, #7303, #5975 ) ) ;
#4385 = CYLINDRICAL_SURFACE ( 'NONE', #601, 0.2500000000000002220 ) ;
#4386 = CARTESIAN_POINT ( 'NONE',  ( 8.744837826129582936, 45.19999999999998863, -19.39122733931594311 ) ) ;
#4387 = AXIS2_PLACEMENT_3D ( 'NONE', #9711, #7832, #7067 ) ;
#4388 = CARTESIAN_POINT ( 'NONE',  ( 0.000000000000000000, 51.20000000000000995, -7.383484513958806747E-15 ) ) ;
#4389 = ORIENTED_EDGE ( 'NONE', *, *, #4440, .F. ) ;
#4390 = CARTESIAN_POINT ( 'NONE',  ( 0.000000000000000000, 8.699999999999999289, -2.039535675489943990E-14 ) ) ;
#4391 = ORIENTED_EDGE ( 'NONE', *, *, #11239, .F. ) ;
#4392 = CARTESIAN_POINT ( 'NONE',  ( -17.89404075541347794, 45.20000000000000284, 11.91861172467671359 ) ) ;
#4393 = EDGE_CURVE ( 'NONE', #3710, #8602, #6789, .T. ) ;
#4394 = CIRCLE ( 'NONE', #3459, 0.2500000000000002220 ) ;
#4395 = CARTESIAN_POINT ( 'NONE',  ( 0.000000000000000000, 87.50000000000001421, 3.730185188303422936E-15 ) ) ;
#4396 = EDGE_CURVE ( 'NONE', #3908, #3807, #11411, .T. ) ;
#4397 = VERTEX_POINT ( 'NONE', #3323 ) ;
#4398 = CARTESIAN_POINT ( 'NONE',  ( -20.70129763556869307, 51.19999999999999574, 5.805710654484764532 ) ) ;
#4399 = VERTEX_POINT ( 'NONE', #3929 ) ;
#4400 = CARTESIAN_POINT ( 'NONE',  ( 0.000000000000000000, 51.20000000000000995, -7.383484513958806747E-15 ) ) ;
#4401 = LINE ( 'NONE', #7101, #3545 ) ;
#4402 = EDGE_LOOP ( 'NONE', ( #8057, #8722, #7411, #5889 ) ) ;
#4403 = EDGE_CURVE ( 'NONE', #3389, #11296, #3218, .T. ) ;
#4404 = EDGE_CURVE ( 'NONE', #1734, #7096, #6564, .T. ) ;
#4405 = DIRECTION ( 'NONE',  ( -9.860761315262647568E-32, 1.000000000000000000, 3.061616997868381662E-16 ) ) ;
#4406 = ORIENTED_EDGE ( 'NONE', *, *, #2943, .T. ) ;
#4407 = DIRECTION ( 'NONE',  ( 0.000000000000000000, -3.227392513445222318E-16, 1.000000000000000000 ) ) ;
#4408 = ORIENTED_EDGE ( 'NONE', *, *, #2690, .F. ) ;
#4409 = DIRECTION ( 'NONE',  ( 4.930380657631323784E-32, 1.000000000000000000, 3.061616997868382648E-16 ) ) ;
#4410 = ORIENTED_EDGE ( 'NONE', *, *, #3667, .T. ) ;
#4411 = ORIENTED_EDGE ( 'NONE', *, *, #2267, .T. ) ;
#4412 = ORIENTED_EDGE ( 'NONE', *, *, #8096, .F. ) ;
#4413 = CARTESIAN_POINT ( 'NONE',  ( 0.000000000000000000, 51.20000000000000995, -7.383484513958806747E-15 ) ) ;
#4414 = ORIENTED_EDGE ( 'NONE', *, *, #5383, .T. ) ;
#4415 = DIRECTION ( 'NONE',  ( -0.000000000000000000, 1.000000000000000000, 3.061616997868383141E-16 ) ) ;
#4416 = EDGE_CURVE ( 'NONE', #10348, #6000, #2081, .T. ) ;
#4417 = EDGE_LOOP ( 'NONE', ( #8592, #4161, #7321, #10130 ) ) ;
#4418 = DIRECTION ( 'NONE',  ( 0.000000000000000000, -1.000000000000000000, -3.061616997868383141E-16 ) ) ;
#4419 = EDGE_CURVE ( 'NONE', #9865, #8451, #9287, .T. ) ;
#4420 = FACE_OUTER_BOUND ( 'NONE', #1228, .T. ) ;
#4421 = DIRECTION ( 'NONE',  ( 0.000000000000000000, 0.000000000000000000, -1.000000000000000000 ) ) ;
#4422 = EDGE_LOOP ( 'NONE', ( #6106, #5721, #7661, #2228 ) ) ;
#4423 = DIRECTION ( 'NONE',  ( 0.000000000000000000, 0.000000000000000000, 1.000000000000000000 ) ) ;
#4424 = CARTESIAN_POINT ( 'NONE',  ( 8.744837826129582936, -80.41022924428168039, -19.39122733931598219 ) ) ;
#4425 = ORIENTED_EDGE ( 'NONE', *, *, #803, .T. ) ;
#4426 = EDGE_CURVE ( 'NONE', #1124, #195, #1146, .T. ) ;
#4427 = CARTESIAN_POINT ( 'NONE',  ( 0.000000000000000000, 51.20000000000000995, -7.383484513958806747E-15 ) ) ;
#4428 = CARTESIAN_POINT ( 'NONE',  ( 0.000000000000000000, 45.20000000000000995, -9.220454712679835547E-15 ) ) ;
#4429 = DIRECTION ( 'NONE',  ( 0.000000000000000000, -3.227392513445220839E-16, 1.000000000000000000 ) ) ;
#4430 = CARTESIAN_POINT ( 'NONE',  ( 3.363340998364969359, -80.41022924428169460, 21.23529932279542720 ) ) ;
#4431 = LINE ( 'NONE', #7137, #10009 ) ;
#4432 = ORIENTED_EDGE ( 'NONE', *, *, #3348, .T. ) ;
#4433 = CYLINDRICAL_SURFACE ( 'NONE', #7000, 0.2500000000000002220 ) ;
#4434 = CYLINDRICAL_SURFACE ( 'NONE', #9955, 21.50000000000000355 ) ;
#4435 = DIRECTION ( 'NONE',  ( 0.000000000000000000, -3.227392513445222318E-16, 1.000000000000000000 ) ) ;
#4436 = ORIENTED_EDGE ( 'NONE', *, *, #10135, .T. ) ;
#4437 = DIRECTION ( 'NONE',  ( -4.930380657631323784E-32, 1.000000000000000000, 3.061616997868381662E-16 ) ) ;
#4438 = ORIENTED_EDGE ( 'NONE', *, *, #318, .F. ) ;
#4439 = DIRECTION ( 'NONE',  ( -0.000000000000000000, 1.000000000000000000, 3.061616997868383141E-16 ) ) ;
#4440 = EDGE_CURVE ( 'NONE', #3158, #3657, #9235, .T. ) ;
#4441 = CARTESIAN_POINT ( 'NONE',  ( 6.643865379061379528, 51.20000000000000995, 20.44771510034580331 ) ) ;
#4442 = EDGE_CURVE ( 'NONE', #10079, #10155, #10373, .T. ) ;
#4443 = ORIENTED_EDGE ( 'NONE', *, *, #7058, .F. ) ;
#4444 = CARTESIAN_POINT ( 'NONE',  ( -17.39386537906147012, 45.19999999999998863, -12.63738292428799781 ) ) ;
#4445 = EDGE_LOOP ( 'NONE', ( #8437, #2625, #9392, #11670 ) ) ;
#4446 = DIRECTION ( 'NONE',  ( 0.000000000000000000, 0.000000000000000000, -1.000000000000000000 ) ) ;
#4447 = CYLINDRICAL_SURFACE ( 'NONE', #6534, 0.2500000000000002220 ) ;
#4448 = AXIS2_PLACEMENT_3D ( 'NONE', #7141, #849, #3453 ) ;
#4449 = EDGE_LOOP ( 'NONE', ( #5725, #9129, #5540, #7539 ) ) ;
#4450 = CIRCLE ( 'NONE', #1998, 21.50000000000001066 ) ;
#4451 = VECTOR ( 'NONE', #8301, 1000.000000000000000 ) ;
#4452 = EDGE_CURVE ( 'NONE', #5384, #9553, #3388, .T. ) ;
#4453 = CARTESIAN_POINT ( 'NONE',  ( -8.515864134734600910, 51.20000000000000995, 19.74158195380351444 ) ) ;
#4454 = EDGE_CURVE ( 'NONE', #4797, #4157, #199, .T. ) ;
#4455 = AXIS2_PLACEMENT_3D ( 'NONE', #7837, #8554, #600 ) ;
#4456 = ORIENTED_EDGE ( 'NONE', *, *, #11421, .T. ) ;
#4457 = CARTESIAN_POINT ( 'NONE',  ( -15.97761374776379739, 45.20000000000000284, 14.38630803671565062 ) ) ;
#4458 = AXIS2_PLACEMENT_3D ( 'NONE', #1450, #5730, #3031 ) ;
#4459 = VERTEX_POINT ( 'NONE', #320 ) ;
#4460 = CARTESIAN_POINT ( 'NONE',  ( -2.247361960254262048, 45.20000000000000284, 21.38222075041790760 ) ) ;
#4461 = ORIENTED_EDGE ( 'NONE', *, *, #817, .F. ) ;
#4462 = AXIS2_PLACEMENT_3D ( 'NONE', #9251, #3062, #7414 ) ;
#4463 = ORIENTED_EDGE ( 'NONE', *, *, #5505, .F. ) ;
#4464 = ORIENTED_EDGE ( 'NONE', *, *, #6822, .F. ) ;
#4465 = EDGE_CURVE ( 'NONE', #6354, #5386, #5913, .T. ) ;
#4466 = CARTESIAN_POINT ( 'NONE',  ( 10.96577594754934459, -80.41022924428169460, 18.49328953615734505 ) ) ;
#4467 = ORIENTED_EDGE ( 'NONE', *, *, #10565, .T. ) ;
#4468 = CARTESIAN_POINT ( 'NONE',  ( -15.97761374776409227, -80.41022924428168039, -14.13630803671533265 ) ) ;
#4469 = CIRCLE ( 'NONE', #7670, 0.2500000000000002220 ) ;
#4470 = VECTOR ( 'NONE', #5305, 1000.000000000000000 ) ;
#4471 = EDGE_CURVE ( 'NONE', #10201, #7462, #6798, .T. ) ;
#4472 = AXIS2_PLACEMENT_3D ( 'NONE', #83, #6386, #3032 ) ;
#4473 = ORIENTED_EDGE ( 'NONE', *, *, #5308, .T. ) ;
#4474 = CARTESIAN_POINT ( 'NONE',  ( 0.000000000000000000, 51.20000000000000995, -7.383484513958806747E-15 ) ) ;
#4475 = DIRECTION ( 'NONE',  ( 0.000000000000000000, -3.227392513445220839E-16, 1.000000000000000000 ) ) ;
#4476 = CARTESIAN_POINT ( 'NONE',  ( 2.247361960254412150, 51.19999999999999574, -21.13222075041786496 ) ) ;
#4477 = CIRCLE ( 'NONE', #7475, 21.50000000000001066 ) ;
#4478 = VERTEX_POINT ( 'NONE', #6917 ) ;
#4479 = VERTEX_POINT ( 'NONE', #11123 ) ;
#4480 = ADVANCED_FACE ( 'NONE', ( #8754 ), #5038, .T. ) ;
#4481 = CARTESIAN_POINT ( 'NONE',  ( 14.19955239679482872, 45.20000000000000284, 16.14381341971835582 ) ) ;
#4482 = ADVANCED_FACE ( 'NONE', ( #1571 ), #7861, .F. ) ;
#4483 = DIRECTION ( 'NONE',  ( 0.000000000000000000, -3.227392513445222318E-16, 1.000000000000000000 ) ) ;
#4484 = ORIENTED_EDGE ( 'NONE', *, *, #1782, .F. ) ;
#4485 = DIRECTION ( 'NONE',  ( -0.000000000000000000, 1.000000000000000000, 3.061616997868383141E-16 ) ) ;
#4486 = VERTEX_POINT ( 'NONE', #5690 ) ;
#4487 = CARTESIAN_POINT ( 'NONE',  ( 0.000000000000000000, 87.50000000000001421, 3.730185188303422936E-15 ) ) ;
#4488 = AXIS2_PLACEMENT_3D ( 'NONE', #57, #8963, #1894 ) ;
#4489 = CARTESIAN_POINT ( 'NONE',  ( 11.49928352796105280, 45.20000000000000284, 18.16635567040246357 ) ) ;
#4490 = CARTESIAN_POINT ( 'NONE',  ( 0.000000000000000000, 80.00000000000000000, 7.217593954060189491E-31 ) ) ;
#4491 = EDGE_CURVE ( 'NONE', #7221, #6722, #3892, .T. ) ;
#4492 = DIRECTION ( 'NONE',  ( 0.000000000000000000, -3.227392513445220839E-16, 1.000000000000000000 ) ) ;
#4493 = VERTEX_POINT ( 'NONE', #3065 ) ;
#4494 = DIRECTION ( 'NONE',  ( 0.000000000000000000, -3.061616997868383141E-16, 1.000000000000000000 ) ) ;
#4495 = DIRECTION ( 'NONE',  ( 0.000000000000000000, 0.000000000000000000, 1.000000000000000000 ) ) ;
#4496 = DIRECTION ( 'NONE',  ( 0.000000000000000000, -1.000000000000000000, -3.061616997868383141E-16 ) ) ;
#4497 = CARTESIAN_POINT ( 'NONE',  ( 9.537388008204040091, -80.41022924428169460, 19.26884090911968173 ) ) ;
#4498 = VERTEX_POINT ( 'NONE', #1914 ) ;
#4499 = CARTESIAN_POINT ( 'NONE',  ( 19.74158195380337943, 51.19999999999999574, -8.515864134734931312 ) ) ;
#4500 = DIRECTION ( 'NONE',  ( 0.000000000000000000, 0.000000000000000000, 1.000000000000000000 ) ) ;
#4501 = DIRECTION ( 'NONE',  ( 0.000000000000000000, 1.000000000000000000, 3.061616997868382648E-16 ) ) ;
#4502 = VERTEX_POINT ( 'NONE', #5558 ) ;
#4503 = DIRECTION ( 'NONE',  ( -0.000000000000000000, 1.000000000000000000, 3.061616997868383141E-16 ) ) ;
#4504 = VERTEX_POINT ( 'NONE', #341 ) ;
#4505 = CIRCLE ( 'NONE', #5268, 21.50000000000001066 ) ;
#4506 = CYLINDRICAL_SURFACE ( 'NONE', #3394, 0.2500000000000002220 ) ;
#4507 = VECTOR ( 'NONE', #7312, 1000.000000000000000 ) ;
#4508 = CYLINDRICAL_SURFACE ( 'NONE', #4857, 21.50000000000000355 ) ;
#4509 = ORIENTED_EDGE ( 'NONE', *, *, #7412, .F. ) ;
#4510 = EDGE_CURVE ( 'NONE', #5449, #5520, #10929, .T. ) ;
#4511 = CIRCLE ( 'NONE', #1882, 0.2500000000000002220 ) ;
#4512 = DIRECTION ( 'NONE',  ( -1.479114197289397354E-31, 1.000000000000000000, 3.061616997868382155E-16 ) ) ;
#4513 = CIRCLE ( 'NONE', #11105, 21.50000000000001066 ) ;
#4514 = ORIENTED_EDGE ( 'NONE', *, *, #3907, .T. ) ;
#4515 = DIRECTION ( 'NONE',  ( 0.000000000000000000, 0.5735764363510473807, 0.8191520442889909104 ) ) ;
#4516 = CIRCLE ( 'NONE', #10913, 0.2500000000000002220 ) ;
#4517 = ORIENTED_EDGE ( 'NONE', *, *, #2155, .T. ) ;
#4518 = DIRECTION ( 'NONE',  ( 0.000000000000000000, -1.000000000000000000, -3.061616997868383141E-16 ) ) ;
#4519 = ORIENTED_EDGE ( 'NONE', *, *, #6660, .T. ) ;
#4520 = ADVANCED_FACE ( 'NONE', ( #2796 ), #8487, .T. ) ;
#4521 = CYLINDRICAL_SURFACE ( 'NONE', #11094, 0.2500000000000002220 ) ;
#4522 = ORIENTED_EDGE ( 'NONE', *, *, #10611, .F. ) ;
#4523 = ORIENTED_EDGE ( 'NONE', *, *, #10215, .T. ) ;
#4524 = DIRECTION ( 'NONE',  ( 0.000000000000000000, -3.227392513445222318E-16, 1.000000000000000000 ) ) ;
#4525 = VERTEX_POINT ( 'NONE', #8264 ) ;
#4526 = DIRECTION ( 'NONE',  ( -0.000000000000000000, 1.000000000000000000, 3.061616997868383141E-16 ) ) ;
#4527 = CARTESIAN_POINT ( 'NONE',  ( 21.38222075041785786, 51.19999999999999574, -1.997361960254610658 ) ) ;
#4528 = AXIS2_PLACEMENT_3D ( 'NONE', #6729, #7620, #8568 ) ;
#4529 = AXIS2_PLACEMENT_3D ( 'NONE', #8098, #9792, #1846 ) ;
#4530 = CIRCLE ( 'NONE', #11116, 0.2500000000000002220 ) ;
#4531 = ORIENTED_EDGE ( 'NONE', *, *, #9620, .F. ) ;
#4532 = AXIS2_PLACEMENT_3D ( 'NONE', #9549, #3072, #3187 ) ;
#4533 = EDGE_CURVE ( 'NONE', #4502, #9079, #2773, .T. ) ;
#4534 = DIRECTION ( 'NONE',  ( 0.000000000000000000, -1.000000000000000000, -3.061616997868383141E-16 ) ) ;
#4535 = CARTESIAN_POINT ( 'NONE',  ( -21.48216726873254956, -80.41022924428168039, -0.8754938253325977859 ) ) ;
#4536 = CYLINDRICAL_SURFACE ( 'NONE', #4202, 0.2500000000000002220 ) ;
#4537 = AXIS2_PLACEMENT_3D ( 'NONE', #1723, #8915, #8851 ) ;
#4538 = AXIS2_PLACEMENT_3D ( 'NONE', #7285, #1939, #7343 ) ;
#4539 = ORIENTED_EDGE ( 'NONE', *, *, #2376, .T. ) ;
#4540 = ORIENTED_EDGE ( 'NONE', *, *, #144, .F. ) ;
#4541 = CYLINDRICAL_SURFACE ( 'NONE', #2777, 21.50000000000000355 ) ;
#4542 = DIRECTION ( 'NONE',  ( -0.000000000000000000, 1.000000000000000000, 3.061616997868383141E-16 ) ) ;
#4543 = ORIENTED_EDGE ( 'NONE', *, *, #7637, .F. ) ;
#4544 = CARTESIAN_POINT ( 'NONE',  ( 19.64122733931587206, 45.19999999999998863, -8.744837826129771230 ) ) ;
#4545 = DIRECTION ( 'NONE',  ( 0.000000000000000000, 0.000000000000000000, 1.000000000000000000 ) ) ;
#4546 = CIRCLE ( 'NONE', #11134, 21.50000000000000000 ) ;
#4547 = CYLINDRICAL_SURFACE ( 'NONE', #7679, 0.2500000000000002220 ) ;
#4548 = EDGE_CURVE ( 'NONE', #3507, #9871, #7260, .T. ) ;
#4549 = CARTESIAN_POINT ( 'NONE',  ( 14.38630803671546765, 51.20000000000000995, 15.97761374776396437 ) ) ;
#4550 = AXIS2_PLACEMENT_3D ( 'NONE', #5291, #7702, #11313 ) ;
#4551 = FACE_OUTER_BOUND ( 'NONE', #8752, .T. ) ;
#4552 = VECTOR ( 'NONE', #5846, 1000.000000000000000 ) ;
#4553 = ORIENTED_EDGE ( 'NONE', *, *, #1600, .F. ) ;
#4554 = FACE_OUTER_BOUND ( 'NONE', #4422, .T. ) ;
#4555 = DIRECTION ( 'NONE',  ( 0.000000000000000000, 0.000000000000000000, 1.000000000000000000 ) ) ;
#4556 = CARTESIAN_POINT ( 'NONE',  ( 19.64122733931587206, 51.19999999999999574, -8.744837826129769454 ) ) ;
#4557 = CIRCLE ( 'NONE', #11143, 21.50000000000000000 ) ;
#4558 = DIRECTION ( 'NONE',  ( 9.860761315262647568E-32, 1.000000000000000000, 3.061616997868382648E-16 ) ) ;
#4559 = AXIS2_PLACEMENT_3D ( 'NONE', #7037, #8158, #65 ) ;
#4560 = ORIENTED_EDGE ( 'NONE', *, *, #7210, .T. ) ;
#4561 = CARTESIAN_POINT ( 'NONE',  ( -21.48216726873255311, 51.19999999999999574, -0.8754938253327259057 ) ) ;
#4562 = CIRCLE ( 'NONE', #9069, 0.2500000000000002220 ) ;
#4563 = EDGE_CURVE ( 'NONE', #1227, #1807, #10288, .T. ) ;
#4564 = DIRECTION ( 'NONE',  ( 0.000000000000000000, -3.227392513445220839E-16, 1.000000000000000000 ) ) ;
#4565 = CIRCLE ( 'NONE', #11151, 0.2500000000000002220 ) ;
#4566 = DIRECTION ( 'NONE',  ( -0.000000000000000000, 1.000000000000000000, 3.061616997868383141E-16 ) ) ;
#4567 = AXIS2_PLACEMENT_3D ( 'NONE', #3852, #7427, #4315 ) ;
#4568 = FACE_OUTER_BOUND ( 'NONE', #4214, .T. ) ;
#4569 = AXIS2_PLACEMENT_3D ( 'NONE', #9956, #7368, #3670 ) ;
#4570 = VERTEX_POINT ( 'NONE', #5441 ) ;
#4571 = ORIENTED_EDGE ( 'NONE', *, *, #10165, .T. ) ;
#4572 = DIRECTION ( 'NONE',  ( -1.232595164407830946E-32, 1.000000000000000000, 3.061616997868383141E-16 ) ) ;
#4573 = EDGE_CURVE ( 'NONE', #1651, #7524, #1969, .T. ) ;
#4574 = CARTESIAN_POINT ( 'NONE',  ( -21.35464355025364114, 51.19999999999999574, -2.495836301044305650 ) ) ;
#4575 = CIRCLE ( 'NONE', #10206, 0.2500000000000002220 ) ;
#4576 = ORIENTED_EDGE ( 'NONE', *, *, #4946, .T. ) ;
#4577 = CARTESIAN_POINT ( 'NONE',  ( -8.972629143562027565, -80.41022924428169460, 19.53821706942831327 ) ) ;
#4578 = ORIENTED_EDGE ( 'NONE', *, *, #7495, .T. ) ;
#4579 = DIRECTION ( 'NONE',  ( 7.395570986446986770E-32, 1.000000000000000000, 3.061616997868383141E-16 ) ) ;
#4580 = CIRCLE ( 'NONE', #8727, 21.50000000000001066 ) ;
#4581 = EDGE_CURVE ( 'NONE', #7715, #11633, #9726, .T. ) ;
#4582 = VERTEX_POINT ( 'NONE', #9424 ) ;
#4583 = LINE ( 'NONE', #3694, #7353 ) ;
#4584 = ORIENTED_EDGE ( 'NONE', *, *, #11523, .F. ) ;
#4585 = DIRECTION ( 'NONE',  ( 0.000000000000000000, -3.227392513445220839E-16, 1.000000000000000000 ) ) ;
#4586 = ORIENTED_EDGE ( 'NONE', *, *, #1402, .T. ) ;
#4587 = VERTEX_POINT ( 'NONE', #10247 ) ;
#4588 = CARTESIAN_POINT ( 'NONE',  ( 18.03141721082655380, 45.19999999999998863, -11.70973925282314276 ) ) ;
#4589 = ORIENTED_EDGE ( 'NONE', *, *, #4404, .T. ) ;
#4590 = CARTESIAN_POINT ( 'NONE',  ( 0.000000000000000000, 51.20000000000000995, -7.383484513958806747E-15 ) ) ;
#4591 = ORIENTED_EDGE ( 'NONE', *, *, #9635, .T. ) ;
#4592 = DIRECTION ( 'NONE',  ( 0.000000000000000000, 0.000000000000000000, 1.000000000000000000 ) ) ;
#4593 = ADVANCED_FACE ( 'NONE', ( #2853 ), #6440, .T. ) ;
#4594 = LINE ( 'NONE', #2825, #9385 ) ;
#4595 = CARTESIAN_POINT ( 'NONE',  ( 9.537388008204194634, 45.20000000000000284, 19.26884090911964975 ) ) ;
#4596 = ORIENTED_EDGE ( 'NONE', *, *, #2012, .F. ) ;
#4597 = ORIENTED_EDGE ( 'NONE', *, *, #10048, .F. ) ;
#4598 = DIRECTION ( 'NONE',  ( -0.000000000000000000, 1.000000000000000000, 3.061616997868383141E-16 ) ) ;
#4599 = CYLINDRICAL_SURFACE ( 'NONE', #1899, 0.2500000000000002220 ) ;
#4600 = VERTEX_POINT ( 'NONE', #74 ) ;
#4601 = CYLINDRICAL_SURFACE ( 'NONE', #10575, 21.50000000000000355 ) ;
#4602 = DIRECTION ( 'NONE',  ( 0.000000000000000000, -3.227392513445220839E-16, 1.000000000000000000 ) ) ;
#4603 = DIRECTION ( 'NONE',  ( -0.000000000000000000, 1.000000000000000000, 3.061616997868383141E-16 ) ) ;
#4604 = CARTESIAN_POINT ( 'NONE',  ( -9.760795744400400764, -80.41022924428168039, -19.15664027004984504 ) ) ;
#4605 = CARTESIAN_POINT ( 'NONE',  ( 7.470998869602540005, -80.41022924428169460, 20.16021269457234766 ) ) ;
#4606 = ORIENTED_EDGE ( 'NONE', *, *, #5482, .F. ) ;
#4607 = DIRECTION ( 'NONE',  ( -9.860761315262647568E-32, 1.000000000000000000, 3.061616997868380676E-16 ) ) ;
#4608 = CARTESIAN_POINT ( 'NONE',  ( -21.27297168455575971, 51.19999999999999574, 3.116195710812890152 ) ) ;
#4609 = DIRECTION ( 'NONE',  ( 0.000000000000000000, 0.000000000000000000, -1.000000000000000000 ) ) ;
#4610 = CARTESIAN_POINT ( 'NONE',  ( 21.08072873382964829, 51.19999999999999574, 4.225266388133285922 ) ) ;
#4611 = ORIENTED_EDGE ( 'NONE', *, *, #10733, .F. ) ;
#4612 = DIRECTION ( 'NONE',  ( 0.000000000000000000, -3.227392513445222318E-16, 1.000000000000000000 ) ) ;
#4613 = ADVANCED_FACE ( 'NONE', ( #9103 ), #10864, .F. ) ;
#4614 = EDGE_CURVE ( 'NONE', #5733, #2717, #9535, .T. ) ;
#4615 = DIRECTION ( 'NONE',  ( -0.000000000000000000, 1.000000000000000000, 3.061616997868383141E-16 ) ) ;
#4616 = PLANE ( 'NONE',  #1467 ) ;
#4617 = ADVANCED_FACE ( 'NONE', ( #4891 ), #4015, .T. ) ;
#4618 = DIRECTION ( 'NONE',  ( 2.465190328815661892E-32, 1.000000000000000000, 3.061616997868383141E-16 ) ) ;
#4619 = EDGE_LOOP ( 'NONE', ( #2232, #10329, #9653, #9863 ) ) ;
#4620 = DIRECTION ( 'NONE',  ( -0.000000000000000000, 1.000000000000000000, 3.061616997868383141E-16 ) ) ;
#4621 = ORIENTED_EDGE ( 'NONE', *, *, #3188, .T. ) ;
#4622 = CARTESIAN_POINT ( 'NONE',  ( 0.000000000000000000, 76.25000000000000000, 2.858660657014905341E-16 ) ) ;
#4623 = DIRECTION ( 'NONE',  ( 0.000000000000000000, 0.000000000000000000, -1.000000000000000000 ) ) ;
#4624 = EDGE_CURVE ( 'NONE', #10447, #9871, #8548, .T. ) ;
#4625 = EDGE_CURVE ( 'NONE', #2676, #3315, #5824, .T. ) ;
#4626 = EDGE_LOOP ( 'NONE', ( #4414, #10095, #9973, #11580 ) ) ;
#4627 = CARTESIAN_POINT ( 'NONE',  ( -7.704910915224106205, 45.19999999999998863, -19.82197916968975093 ) ) ;
#4628 = VERTEX_POINT ( 'NONE', #11265 ) ;
#4629 = CARTESIAN_POINT ( 'NONE',  ( 19.15664027004985215, 51.19999999999999574, -9.510795744400317275 ) ) ;
#4630 = ORIENTED_EDGE ( 'NONE', *, *, #7973, .T. ) ;
#4631 = DIRECTION ( 'NONE',  ( 0.000000000000000000, 0.000000000000000000, 1.000000000000000000 ) ) ;
#4632 = EDGE_LOOP ( 'NONE', ( #8003, #1082, #7623, #1828 ) ) ;
#4633 = CARTESIAN_POINT ( 'NONE',  ( 15.80925377108437502, 51.20000000000000995, 14.57111852952456665 ) ) ;
#4634 = ORIENTED_EDGE ( 'NONE', *, *, #2608, .F. ) ;
#4635 = DIRECTION ( 'NONE',  ( -4.930380657631323784E-32, 1.000000000000000000, 3.061616997868382648E-16 ) ) ;
#4636 = ORIENTED_EDGE ( 'NONE', *, *, #11005, .F. ) ;
#4637 = DIRECTION ( 'NONE',  ( 0.000000000000000000, -1.000000000000000000, -3.061616997868383141E-16 ) ) ;
#4638 = AXIS2_PLACEMENT_3D ( 'NONE', #8767, #1530, #4290 ) ;
#4639 = EDGE_CURVE ( 'NONE', #7893, #2207, #125, .T. ) ;
#4640 = VERTEX_POINT ( 'NONE', #129 ) ;
#4641 = DIRECTION ( 'NONE',  ( 0.000000000000000000, -3.604620209821935308E-16, 1.000000000000000000 ) ) ;
#4642 = AXIS2_PLACEMENT_3D ( 'NONE', #4188, #6833, #3516 ) ;
#4643 = CARTESIAN_POINT ( 'NONE',  ( 0.000000000000000000, 45.20000000000000995, -9.220454712679835547E-15 ) ) ;
#4644 = DIRECTION ( 'NONE',  ( -0.000000000000000000, 1.000000000000000000, 3.061616997868383141E-16 ) ) ;
#4645 = ADVANCED_FACE ( 'NONE', ( #4568 ), #773, .F. ) ;
#4646 = ORIENTED_EDGE ( 'NONE', *, *, #9856, .F. ) ;
#4647 = VERTEX_POINT ( 'NONE', #5007 ) ;
#4648 = AXIS2_PLACEMENT_3D ( 'NONE', #2064, #10198, #5496 ) ;
#4649 = AXIS2_PLACEMENT_3D ( 'NONE', #7769, #11554, #3474 ) ;
#4650 = DIRECTION ( 'NONE',  ( -0.000000000000000000, 1.000000000000000000, 3.061616997868383141E-16 ) ) ;
#4651 = ORIENTED_EDGE ( 'NONE', *, *, #5792, .F. ) ;
#4652 = CIRCLE ( 'NONE', #6707, 21.50000000000000000 ) ;
#4653 = DIRECTION ( 'NONE',  ( 0.000000000000000000, 0.000000000000000000, -1.000000000000000000 ) ) ;
#4654 = VECTOR ( 'NONE', #11111, 1000.000000000000000 ) ;
#4655 = EDGE_CURVE ( 'NONE', #177, #10122, #8598, .T. ) ;
#4656 = EDGE_CURVE ( 'NONE', #11350, #1035, #8797, .T. ) ;
#4657 = CARTESIAN_POINT ( 'NONE',  ( 0.000000000000000000, 87.50000000000001421, 3.730185188303422936E-15 ) ) ;
#4658 = CYLINDRICAL_SURFACE ( 'NONE', #2407, 0.2500000000000002220 ) ;
#4659 = EDGE_CURVE ( 'NONE', #75, #3095, #6122, .T. ) ;
#4660 = AXIS2_PLACEMENT_3D ( 'NONE', #11443, #6176, #713 ) ;
#4661 = DIRECTION ( 'NONE',  ( 0.000000000000000000, 0.000000000000000000, -1.000000000000000000 ) ) ;
#4662 = VECTOR ( 'NONE', #11410, 1000.000000000000000 ) ;
#4663 = ORIENTED_EDGE ( 'NONE', *, *, #80, .F. ) ;
#4664 = DIRECTION ( 'NONE',  ( -0.000000000000000000, 1.000000000000000000, 3.061616997868383141E-16 ) ) ;
#4665 = DIRECTION ( 'NONE',  ( -0.000000000000000000, 1.000000000000000000, 3.061616997868383141E-16 ) ) ;
#4666 = CARTESIAN_POINT ( 'NONE',  ( 7.704910915223966761, 51.20000000000000995, 20.07197916968983975 ) ) ;
#4667 = ADVANCED_FACE ( 'NONE', ( #7895 ), #8604, .F. ) ;
#4668 = DIRECTION ( 'NONE',  ( -0.000000000000000000, 1.000000000000000000, 3.061616997868383141E-16 ) ) ;
#4669 = ORIENTED_EDGE ( 'NONE', *, *, #3547, .F. ) ;
#4670 = CARTESIAN_POINT ( 'NONE',  ( 0.000000000000000000, 51.20000000000000995, -7.383484513958806747E-15 ) ) ;
#4671 = CIRCLE ( 'NONE', #11264, 21.50000000000000000 ) ;
#4672 = CARTESIAN_POINT ( 'NONE',  ( 6.643865379061240972, 51.19999999999999574, -20.44771510034581397 ) ) ;
#4673 = CIRCLE ( 'NONE', #6174, 0.2500000000000002220 ) ;
#4674 = CARTESIAN_POINT ( 'NONE',  ( 0.000000000000000000, 8.699999999999993960, 16.01785065697081833 ) ) ;
#4675 = EDGE_CURVE ( 'NONE', #4628, #1529, #1648, .T. ) ;
#4676 = CARTESIAN_POINT ( 'NONE',  ( -18.03141721082671367, 51.19999999999999574, -11.70973925282289763 ) ) ;
#4677 = EDGE_CURVE ( 'NONE', #6391, #32, #8225, .T. ) ;
#4678 = ORIENTED_EDGE ( 'NONE', *, *, #8991, .T. ) ;
#4679 = DIRECTION ( 'NONE',  ( -0.000000000000000000, 1.000000000000000000, 3.061616997868383141E-16 ) ) ;
#4680 = ORIENTED_EDGE ( 'NONE', *, *, #11, .T. ) ;
#4681 = DIRECTION ( 'NONE',  ( -0.000000000000000000, 1.000000000000000000, 3.061616997868383141E-16 ) ) ;
#4682 = CARTESIAN_POINT ( 'NONE',  ( -14.19955239679460668, 51.20000000000000995, 16.14381341971853345 ) ) ;
#4683 = DIRECTION ( 'NONE',  ( 0.000000000000000000, 0.000000000000000000, 1.000000000000000000 ) ) ;
#4684 = ORIENTED_EDGE ( 'NONE', *, *, #4376, .T. ) ;
#4685 = CARTESIAN_POINT ( 'NONE',  ( 0.000000000000000000, 75.00000000000000000, -9.683605903205802417E-17 ) ) ;
#4686 = ORIENTED_EDGE ( 'NONE', *, *, #6963, .T. ) ;
#4687 = CYLINDRICAL_SURFACE ( 'NONE', #1369, 0.2500000000000002220 ) ;
#4688 = EDGE_CURVE ( 'NONE', #7574, #1944, #4278, .T. ) ;
#4689 = EDGE_CURVE ( 'NONE', #8413, #1045, #6512, .T. ) ;
#4690 = ORIENTED_EDGE ( 'NONE', *, *, #3717, .F. ) ;
#4691 = DIRECTION ( 'NONE',  ( -0.000000000000000000, 1.000000000000000000, 3.061616997868383141E-16 ) ) ;
#4692 = ORIENTED_EDGE ( 'NONE', *, *, #9536, .F. ) ;
#4693 = DIRECTION ( 'NONE',  ( 0.000000000000000000, -3.227392513445220839E-16, 1.000000000000000000 ) ) ;
#4694 = CARTESIAN_POINT ( 'NONE',  ( -4.225266388132896900, 45.20000000000000284, 21.08072873382973000 ) ) ;
#4695 = ORIENTED_EDGE ( 'NONE', *, *, #3104, .T. ) ;
#4696 = CYLINDRICAL_SURFACE ( 'NONE', #9442, 21.50000000000000355 ) ;
#4697 = CIRCLE ( 'NONE', #5635, 21.50000000000001066 ) ;
#4698 = EDGE_CURVE ( 'NONE', #8123, #5367, #6010, .T. ) ;
#4699 = DIRECTION ( 'NONE',  ( -0.000000000000000000, 1.000000000000000000, 3.061616997868383141E-16 ) ) ;
#4700 = ORIENTED_EDGE ( 'NONE', *, *, #5901, .T. ) ;
#4701 = FACE_OUTER_BOUND ( 'NONE', #7710, .T. ) ;
#4702 = CARTESIAN_POINT ( 'NONE',  ( 0.000000000000000000, 87.50000000000001421, 3.730185188303422936E-15 ) ) ;
#4703 = CARTESIAN_POINT ( 'NONE',  ( -21.03017341577685784, -80.41022924428168039, -4.470101352581633769 ) ) ;
#4704 = VERTEX_POINT ( 'NONE', #2480 ) ;
#4705 = EDGE_LOOP ( 'NONE', ( #11298, #5413, #1207, #8781 ) ) ;
#4706 = VECTOR ( 'NONE', #2186, 1000.000000000000000 ) ;
#4707 = DIRECTION ( 'NONE',  ( 0.000000000000000000, 0.000000000000000000, -1.000000000000000000 ) ) ;
#4708 = EDGE_LOOP ( 'NONE', ( #10717, #3492, #2640, #7264 ) ) ;
#4709 = EDGE_CURVE ( 'NONE', #41, #2613, #5764, .T. ) ;
#4710 = CYLINDRICAL_SURFACE ( 'NONE', #4171, 0.2500000000000002220 ) ;
#4711 = AXIS2_PLACEMENT_3D ( 'NONE', #577, #1635, #8589 ) ;
#4712 = CIRCLE ( 'NONE', #5470, 21.50000000000001066 ) ;
#4713 = CARTESIAN_POINT ( 'NONE',  ( 0.000000000000000000, 51.20000000000000995, -7.383484513958806747E-15 ) ) ;
#4714 = DIRECTION ( 'NONE',  ( 0.000000000000000000, 0.000000000000000000, 1.000000000000000000 ) ) ;
#4715 = AXIS2_PLACEMENT_3D ( 'NONE', #135, #10266, #6493 ) ;
#4716 = AXIS2_PLACEMENT_3D ( 'NONE', #2129, #2906, #240 ) ;
#4717 = VECTOR ( 'NONE', #4216, 1000.000000000000000 ) ;
#4718 = DIRECTION ( 'NONE',  ( 0.000000000000000000, 0.000000000000000000, -1.000000000000000000 ) ) ;
#4719 = ADVANCED_FACE ( 'NONE', ( #9710 ), #4191, .F. ) ;
#4720 = ORIENTED_EDGE ( 'NONE', *, *, #4158, .T. ) ;
#4721 = DIRECTION ( 'NONE',  ( 0.000000000000000000, 0.000000000000000000, 1.000000000000000000 ) ) ;
#4722 = CARTESIAN_POINT ( 'NONE',  ( -20.44771510034571804, -80.41022924428168039, 6.643865379061556276 ) ) ;
#4723 = DIRECTION ( 'NONE',  ( -0.000000000000000000, 1.000000000000000000, 3.061616997868383141E-16 ) ) ;
#4724 = DIRECTION ( 'NONE',  ( -0.000000000000000000, 1.000000000000000000, 3.061616997868383141E-16 ) ) ;
#4725 = EDGE_LOOP ( 'NONE', ( #2602, #6792, #5235, #1357 ) ) ;
#4726 = CARTESIAN_POINT ( 'NONE',  ( 15.02499431646303663, 51.20000000000000995, 15.37854173158993376 ) ) ;
#4727 = CIRCLE ( 'NONE', #1910, 21.50000000000001066 ) ;
#4728 = FACE_OUTER_BOUND ( 'NONE', #9658, .T. ) ;
#4729 = AXIS2_PLACEMENT_3D ( 'NONE', #9188, #3660, #10836 ) ;
#4730 = DIRECTION ( 'NONE',  ( 0.000000000000000000, 0.000000000000000000, -1.000000000000000000 ) ) ;
#4731 = CIRCLE ( 'NONE', #2863, 21.50000000000001066 ) ;
#4732 = ADVANCED_FACE ( 'NONE', ( #6836 ), #5219, .T. ) ;
#4733 = VECTOR ( 'NONE', #7649, 1000.000000000000000 ) ;
#4734 = ORIENTED_EDGE ( 'NONE', *, *, #2074, .T. ) ;
#4735 = CARTESIAN_POINT ( 'NONE',  ( 20.07197916968979001, -80.41022924428168039, -7.454910915224060020 ) ) ;
#4736 = ORIENTED_EDGE ( 'NONE', *, *, #10524, .F. ) ;
#4737 = CIRCLE ( 'NONE', #4926, 21.50000000000001066 ) ;
#4738 = DIRECTION ( 'NONE',  ( -0.000000000000000000, 1.000000000000000000, 3.061616997868383141E-16 ) ) ;
#4739 = CARTESIAN_POINT ( 'NONE',  ( 21.49854651162792152, 45.19999999999998863, 0.2499957747071692160 ) ) ;
#4740 = DIRECTION ( 'NONE',  ( 0.000000000000000000, -1.000000000000000000, -3.061616997868383141E-16 ) ) ;
#4741 = AXIS2_PLACEMENT_3D ( 'NONE', #7480, #6591, #2124 ) ;
#4742 = ORIENTED_EDGE ( 'NONE', *, *, #9920, .F. ) ;
#4743 = AXIS2_PLACEMENT_3D ( 'NONE', #3590, #10780, #9659 ) ;
#4744 = DIRECTION ( 'NONE',  ( -0.000000000000000000, 1.000000000000000000, 3.061616997868383141E-16 ) ) ;
#4745 = CIRCLE ( 'NONE', #5132, 0.2500000000000002220 ) ;
#4746 = ORIENTED_EDGE ( 'NONE', *, *, #3395, .F. ) ;
#4747 = EDGE_LOOP ( 'NONE', ( #4611, #900, #1401, #9332 ) ) ;
#4748 = CARTESIAN_POINT ( 'NONE',  ( 3.363340998364822809, 51.19999999999999574, -21.23529932279545207 ) ) ;
#4749 = ORIENTED_EDGE ( 'NONE', *, *, #6304, .T. ) ;
#4750 = AXIS2_PLACEMENT_3D ( 'NONE', #3963, #10139, #5718 ) ;
#4751 = CARTESIAN_POINT ( 'NONE',  ( -16.70863817132470786, -80.41022924428169460, 13.53038840757166739 ) ) ;
#4752 = AXIS2_PLACEMENT_3D ( 'NONE', #466, #3951, #4064 ) ;
#4753 = DIRECTION ( 'NONE',  ( 0.000000000000000000, -1.000000000000000000, -3.061616997868383141E-16 ) ) ;
#4754 = ORIENTED_EDGE ( 'NONE', *, *, #2995, .T. ) ;
#4755 = DIRECTION ( 'NONE',  ( 0.000000000000000000, 0.000000000000000000, -1.000000000000000000 ) ) ;
#4756 = EDGE_CURVE ( 'NONE', #4459, #7839, #4652, .T. ) ;
#4757 = DIRECTION ( 'NONE',  ( 0.000000000000000000, 1.000000000000000000, 3.061616997868383141E-16 ) ) ;
#4758 = CIRCLE ( 'NONE', #4010, 0.2500000000000002220 ) ;
#4759 = EDGE_CURVE ( 'NONE', #4865, #5859, #11243, .T. ) ;
#4760 = ORIENTED_EDGE ( 'NONE', *, *, #3810, .F. ) ;
#4761 = PLANE ( 'NONE',  #11607 ) ;
#4762 = FACE_OUTER_BOUND ( 'NONE', #3879, .T. ) ;
#4763 = DIRECTION ( 'NONE',  ( 1.479114197289397354E-31, 1.000000000000000000, 3.061616997868381662E-16 ) ) ;
#4764 = ORIENTED_EDGE ( 'NONE', *, *, #2462, .F. ) ;
#4765 = ORIENTED_EDGE ( 'NONE', *, *, #1015, .T. ) ;
#4766 = CARTESIAN_POINT ( 'NONE',  ( -14.38630803671557956, 51.19999999999999574, -15.72761374776382759 ) ) ;
#4767 = ORIENTED_EDGE ( 'NONE', *, *, #5122, .T. ) ;
#4768 = ADVANCED_FACE ( 'NONE', ( #714 ), #4306, .F. ) ;
#4769 = DIRECTION ( 'NONE',  ( 9.860761315262647568E-32, 1.000000000000000000, 3.061616997868382155E-16 ) ) ;
#4770 = AXIS2_PLACEMENT_3D ( 'NONE', #2987, #10174, #9294 ) ;
#4771 = EDGE_CURVE ( 'NONE', #3171, #1035, #7651, .T. ) ;
#4772 = CARTESIAN_POINT ( 'NONE',  ( -7.470998869602851755, 51.19999999999999574, -20.16021269457227660 ) ) ;
#4773 = LINE ( 'NONE', #2302, #9547 ) ;
#4774 = CYLINDRICAL_SURFACE ( 'NONE', #2685, 0.2500000000000002220 ) ;
#4775 = EDGE_LOOP ( 'NONE', ( #5260, #433, #4798, #9707 ) ) ;
#4776 = ORIENTED_EDGE ( 'NONE', *, *, #2229, .F. ) ;
#4777 = CARTESIAN_POINT ( 'NONE',  ( 11.91861172467628904, 45.19999999999998863, -17.89404075541379413 ) ) ;
#4778 = CARTESIAN_POINT ( 'NONE',  ( 0.000000000000000000, 87.50000000000001421, 3.730185188303422936E-15 ) ) ;
#4779 = ADVANCED_FACE ( 'NONE', ( #3485 ), #2005, .T. ) ;
#4780 = DIRECTION ( 'NONE',  ( 0.000000000000000000, -1.000000000000000000, -3.061616997868383141E-16 ) ) ;
#4781 = DIRECTION ( 'NONE',  ( 0.000000000000000000, 0.000000000000000000, 1.000000000000000000 ) ) ;
#4782 = ORIENTED_EDGE ( 'NONE', *, *, #5989, .T. ) ;
#4783 = CARTESIAN_POINT ( 'NONE',  ( 21.03017341577679389, 45.19999999999998863, -4.470101352581890453 ) ) ;
#4784 = DIRECTION ( 'NONE',  ( -0.000000000000000000, 1.000000000000000000, 3.061616997868383141E-16 ) ) ;
#4785 = DIRECTION ( 'NONE',  ( -0.000000000000000000, 1.000000000000000000, 3.061616997868383141E-16 ) ) ;
#4786 = ORIENTED_EDGE ( 'NONE', *, *, #10010, .T. ) ;
#4787 = CARTESIAN_POINT ( 'NONE',  ( 16.86483603740599690, 45.19999999999998863, -13.33519049100585185 ) ) ;
#4788 = ORIENTED_EDGE ( 'NONE', *, *, #9326, .T. ) ;
#4789 = EDGE_CURVE ( 'NONE', #4478, #75, #1462, .T. ) ;
#4790 = DIRECTION ( 'NONE',  ( -0.000000000000000000, 1.000000000000000000, 3.061616997868383141E-16 ) ) ;
#4791 = ORIENTED_EDGE ( 'NONE', *, *, #11346, .T. ) ;
#4792 = DIRECTION ( 'NONE',  ( -3.697785493223493385E-32, 1.000000000000000000, 3.061616997868383141E-16 ) ) ;
#4793 = CARTESIAN_POINT ( 'NONE',  ( 0.000000000000000000, 75.00000000000000000, -9.683605903205802417E-17 ) ) ;
#4794 = ORIENTED_EDGE ( 'NONE', *, *, #10537, .T. ) ;
#4795 = EDGE_CURVE ( 'NONE', #4640, #1770, #9916, .T. ) ;
#4796 = CARTESIAN_POINT ( 'NONE',  ( 12.43427775499836230, 45.19999999999998863, -17.53963331177569884 ) ) ;
#4797 = VERTEX_POINT ( 'NONE', #2723 ) ;
#4798 = ORIENTED_EDGE ( 'NONE', *, *, #4656, .T. ) ;
#4799 = DIRECTION ( 'NONE',  ( -0.000000000000000000, 1.000000000000000000, 3.061616997868383141E-16 ) ) ;
#4800 = EDGE_LOOP ( 'NONE', ( #1114, #8248, #9117, #4606 ) ) ;
#4801 = CARTESIAN_POINT ( 'NONE',  ( 6.643865379061379528, -80.41022924428169460, 20.44771510034576067 ) ) ;
#4802 = DIRECTION ( 'NONE',  ( 9.860761315262647568E-32, 1.000000000000000000, 3.061616997868382155E-16 ) ) ;
#4803 = DIRECTION ( 'NONE',  ( 0.000000000000000000, 0.000000000000000000, 1.000000000000000000 ) ) ;
#4804 = EDGE_CURVE ( 'NONE', #10699, #2639, #513, .T. ) ;
#4805 = ORIENTED_EDGE ( 'NONE', *, *, #2589, .F. ) ;
#4806 = CYLINDRICAL_SURFACE ( 'NONE', #11349, 0.2500000000000002220 ) ;
#4807 = EDGE_CURVE ( 'NONE', #10049, #4083, #1837, .T. ) ;
#4808 = DIRECTION ( 'NONE',  ( -4.930380657631323784E-32, 1.000000000000000000, 3.061616997868382648E-16 ) ) ;
#4809 = EDGE_LOOP ( 'NONE', ( #870, #4265 ) ) ;
#4810 = CARTESIAN_POINT ( 'NONE',  ( 0.000000000000000000, 74.75000000000000000, -18.49999999999999645 ) ) ;
#4811 = CARTESIAN_POINT ( 'NONE',  ( 18.03141721082663196, 51.20000000000000995, 11.70973925282305395 ) ) ;
#4812 = CARTESIAN_POINT ( 'NONE',  ( -12.83877941551902957, 45.19999999999998863, -17.24574565275865012 ) ) ;
#4813 = ADVANCED_FACE ( 'NONE', ( #8199, #10845 ), #7415, .T. ) ;
#4814 = ORIENTED_EDGE ( 'NONE', *, *, #2511, .F. ) ;
#4815 = VERTEX_POINT ( 'NONE', #107 ) ;
#4816 = DIRECTION ( 'NONE',  ( 0.000000000000000000, -3.227392513445222318E-16, 1.000000000000000000 ) ) ;
#4817 = ORIENTED_EDGE ( 'NONE', *, *, #6745, .T. ) ;
#4818 = EDGE_CURVE ( 'NONE', #572, #10600, #6529, .T. ) ;
#4819 = DIRECTION ( 'NONE',  ( 0.000000000000000000, -1.000000000000000000, -3.061616997868383141E-16 ) ) ;
#4820 = AXIS2_PLACEMENT_3D ( 'NONE', #8157, #10805, #4435 ) ;
#4821 = AXIS2_PLACEMENT_3D ( 'NONE', #11131, #7640, #11189 ) ;
#4822 = AXIS2_PLACEMENT_3D ( 'NONE', #7354, #5809, #1353 ) ;
#4823 = CIRCLE ( 'NONE', #3331, 21.50000000000001066 ) ;
#4824 = DIRECTION ( 'NONE',  ( 0.000000000000000000, 0.000000000000000000, -1.000000000000000000 ) ) ;
#4825 = DIRECTION ( 'NONE',  ( -0.000000000000000000, 1.000000000000000000, 3.061616997868383141E-16 ) ) ;
#4826 = CARTESIAN_POINT ( 'NONE',  ( -21.03017341577685784, -80.41022924428168039, -4.220101352581633769 ) ) ;
#4827 = CIRCLE ( 'NONE', #884, 0.2500000000000002220 ) ;
#4828 = ORIENTED_EDGE ( 'NONE', *, *, #1297, .F. ) ;
#4829 = EDGE_CURVE ( 'NONE', #2274, #9258, #10798, .T. ) ;
#4830 = AXIS2_PLACEMENT_3D ( 'NONE', #10458, #6861, #2142 ) ;
#4831 = ADVANCED_FACE ( 'NONE', ( #7366 ), #9137, .F. ) ;
#4832 = ORIENTED_EDGE ( 'NONE', *, *, #589, .F. ) ;
#4833 = FACE_BOUND ( 'NONE', #7514, .T. ) ;
#4834 = CARTESIAN_POINT ( 'NONE',  ( 21.38222075041785786, 51.19999999999999574, -2.247361960254610658 ) ) ;
#4835 = DIRECTION ( 'NONE',  ( -0.000000000000000000, 1.000000000000000000, 3.061616997868383141E-16 ) ) ;
#4836 = DIRECTION ( 'NONE',  ( 0.000000000000000000, 0.000000000000000000, 1.000000000000000000 ) ) ;
#4837 = CIRCLE ( 'NONE', #6713, 21.50000000000001066 ) ;
#4838 = AXIS2_PLACEMENT_3D ( 'NONE', #10706, #529, #10818 ) ;
#4839 = VERTEX_POINT ( 'NONE', #3613 ) ;
#4840 = CARTESIAN_POINT ( 'NONE',  ( 0.000000000000000000, 77.00000000000000000, 2.357445088358655073E-14 ) ) ;
#4841 = FACE_OUTER_BOUND ( 'NONE', #482, .T. ) ;
#4842 = CIRCLE ( 'NONE', #8984, 0.2500000000000002220 ) ;
#4843 = ADVANCED_FACE ( 'NONE', ( #11687 ), #4658, .F. ) ;
#4844 = CARTESIAN_POINT ( 'NONE',  ( -9.537388008204171541, -80.41022924428168039, -19.26884090911966751 ) ) ;
#4845 = CIRCLE ( 'NONE', #3726, 15.65000000000000036 ) ;
#4846 = AXIS2_PLACEMENT_3D ( 'NONE', #9575, #1400, #9328 ) ;
#4847 = ORIENTED_EDGE ( 'NONE', *, *, #9585, .F. ) ;
#4848 = CARTESIAN_POINT ( 'NONE',  ( 0.000000000000000000, 45.20000000000000995, -9.220454712679835547E-15 ) ) ;
#4849 = DIRECTION ( 'NONE',  ( -9.860761315262647568E-32, 1.000000000000000000, 3.061616997868382648E-16 ) ) ;
#4850 = AXIS2_PLACEMENT_3D ( 'NONE', #636, #8881, #6051 ) ;
#4851 = CARTESIAN_POINT ( 'NONE',  ( 0.000000000000000000, 45.20000000000000995, -9.220454712679835547E-15 ) ) ;
#4852 = ORIENTED_EDGE ( 'NONE', *, *, #6620, .F. ) ;
#4853 = CARTESIAN_POINT ( 'NONE',  ( 4.714331922580272227, 51.20000000000000995, 20.97677464539628289 ) ) ;
#4854 = ORIENTED_EDGE ( 'NONE', *, *, #3875, .T. ) ;
#4855 = DIRECTION ( 'NONE',  ( -0.000000000000000000, 1.000000000000000000, 3.061616997868383141E-16 ) ) ;
#4856 = ORIENTED_EDGE ( 'NONE', *, *, #940, .T. ) ;
#4857 = AXIS2_PLACEMENT_3D ( 'NONE', #9108, #7993, #1034 ) ;
#4858 = EDGE_CURVE ( 'NONE', #277, #8051, #719, .T. ) ;
#4859 = CARTESIAN_POINT ( 'NONE',  ( 0.000000000000000000, 87.50000000000001421, 3.730185188303422936E-15 ) ) ;
#4860 = CIRCLE ( 'NONE', #10696, 21.50000000000000000 ) ;
#4861 = DIRECTION ( 'NONE',  ( 7.395570986446986770E-32, 1.000000000000000000, 3.061616997868381169E-16 ) ) ;
#4862 = ORIENTED_EDGE ( 'NONE', *, *, #1803, .F. ) ;
#4863 = ORIENTED_EDGE ( 'NONE', *, *, #818, .T. ) ;
#4864 = FACE_OUTER_BOUND ( 'NONE', #2392, .T. ) ;
#4865 = VERTEX_POINT ( 'NONE', #5487 ) ;
#4866 = DIRECTION ( 'NONE',  ( 0.000000000000000000, 0.000000000000000000, 1.000000000000000000 ) ) ;
#4867 = EDGE_CURVE ( 'NONE', #1996, #11003, #4845, .T. ) ;
#4868 = FACE_OUTER_BOUND ( 'NONE', #812, .T. ) ;
#4869 = ORIENTED_EDGE ( 'NONE', *, *, #5767, .F. ) ;
#4870 = DIRECTION ( 'NONE',  ( 0.000000000000000000, 0.000000000000000000, 1.000000000000000000 ) ) ;
#4871 = DIRECTION ( 'NONE',  ( -0.000000000000000000, 1.000000000000000000, 3.061616997868383141E-16 ) ) ;
#4872 = ORIENTED_EDGE ( 'NONE', *, *, #10977, .T. ) ;
#4873 = AXIS2_PLACEMENT_3D ( 'NONE', #2857, #296, #9044 ) ;
#4874 = CARTESIAN_POINT ( 'NONE',  ( 8.972629143562288689, -80.41022924428169460, 19.53821706942819247 ) ) ;
#4875 = EDGE_CURVE ( 'NONE', #5301, #3321, #312, .T. ) ;
#4876 = CARTESIAN_POINT ( 'NONE',  ( 15.20279579551068316, -80.41022924428168039, -15.20279579551086790 ) ) ;
#4877 = DIRECTION ( 'NONE',  ( 0.000000000000000000, 0.000000000000000000, -1.000000000000000000 ) ) ;
#4878 = ORIENTED_EDGE ( 'NONE', *, *, #3245, .F. ) ;
#4879 = ORIENTED_EDGE ( 'NONE', *, *, #4396, .T. ) ;
#4880 = AXIS2_PLACEMENT_3D ( 'NONE', #11004, #2979, #6503 ) ;
#4881 = CARTESIAN_POINT ( 'NONE',  ( 21.08072873382963053, 51.19999999999999574, -4.225266388133399609 ) ) ;
#4882 = VERTEX_POINT ( 'NONE', #9892 ) ;
#4883 = CIRCLE ( 'NONE', #8088, 21.50000000000000000 ) ;
#4884 = AXIS2_PLACEMENT_3D ( 'NONE', #4444, #8982, #3568 ) ;
#4885 = DIRECTION ( 'NONE',  ( 3.697785493223493385E-32, 1.000000000000000000, 3.061616997868381662E-16 ) ) ;
#4886 = ADVANCED_FACE ( 'NONE', ( #5598 ), #9198, .F. ) ;
#4887 = DIRECTION ( 'NONE',  ( 0.000000000000000000, -1.000000000000000000, -3.061616997868383141E-16 ) ) ;
#4888 = ADVANCED_BREP_SHAPE_REPRESENTATION ( 'nikon_mrd77226_20x1.0_water_objective', ( #3702, #907 ), #9189 ) ;
#4889 = VERTEX_POINT ( 'NONE', #8313 ) ;
#4890 = DIRECTION ( 'NONE',  ( 0.000000000000000000, -3.227392513445222318E-16, 1.000000000000000000 ) ) ;
#4891 = FACE_OUTER_BOUND ( 'NONE', #8390, .T. ) ;
#4892 = DIRECTION ( 'NONE',  ( -0.000000000000000000, 1.000000000000000000, 3.061616997868383141E-16 ) ) ;
#4893 = AXIS2_PLACEMENT_3D ( 'NONE', #9444, #3267, #1319 ) ;
#4894 = VERTEX_POINT ( 'NONE', #953 ) ;
#4895 = ORIENTED_EDGE ( 'NONE', *, *, #69, .T. ) ;
#4896 = DIRECTION ( 'NONE',  ( -0.000000000000000000, 1.000000000000000000, 3.061616997868383141E-16 ) ) ;
#4897 = CARTESIAN_POINT ( 'NONE',  ( 0.000000000000000000, 51.20000000000000995, -7.383484513958806747E-15 ) ) ;
#4898 = FACE_OUTER_BOUND ( 'NONE', #7, .T. ) ;
#4899 = CARTESIAN_POINT ( 'NONE',  ( 11.49928352796078102, -80.41022924428168039, -18.16635567040264121 ) ) ;
#4900 = ORIENTED_EDGE ( 'NONE', *, *, #4331, .T. ) ;
#4901 = DIRECTION ( 'NONE',  ( 0.000000000000000000, 0.000000000000000000, 1.000000000000000000 ) ) ;
#4902 = FACE_OUTER_BOUND ( 'NONE', #6259, .T. ) ;
#4903 = ADVANCED_FACE ( 'NONE', ( #230 ), #1656, .T. ) ;
#4904 = CIRCLE ( 'NONE', #11507, 21.50000000000001066 ) ;
#4905 = AXIS2_PLACEMENT_3D ( 'NONE', #3678, #4439, #7089 ) ;
#4906 = VECTOR ( 'NONE', #2352, 1000.000000000000000 ) ;
#4907 = LINE ( 'NONE', #1200, #3540 ) ;
#4908 = CARTESIAN_POINT ( 'NONE',  ( 6.643865379061240972, 51.19999999999999574, -20.19771510034581397 ) ) ;
#4909 = AXIS2_PLACEMENT_3D ( 'NONE', #7112, #11553, #1758 ) ;
#4910 = ORIENTED_EDGE ( 'NONE', *, *, #8756, .F. ) ;
#4911 = DIRECTION ( 'NONE',  ( -9.244463733058733463E-33, 1.000000000000000000, 3.061616997868380676E-16 ) ) ;
#4912 = DIRECTION ( 'NONE',  ( 0.000000000000000000, 0.000000000000000000, 1.000000000000000000 ) ) ;
#4913 = CARTESIAN_POINT ( 'NONE',  ( 5.564609469704060452, 51.19999999999999574, -20.51740526521497543 ) ) ;
#4915 = ORIENTED_EDGE ( 'NONE', *, *, #4614, .F. ) ;
#4914 = VECTOR ( 'NONE', #10972, 1000.000000000000000 ) ;
#4916 = CIRCLE ( 'NONE', #11520, 0.2500000000000002220 ) ;
#4917 = CARTESIAN_POINT ( 'NONE',  ( -21.19475577399843402, -80.41022924428168039, 3.610031534565774525 ) ) ;
#4918 = ORIENTED_EDGE ( 'NONE', *, *, #7107, .T. ) ;
#4919 = CARTESIAN_POINT ( 'NONE',  ( 0.000000000000000000, 87.50000000000001421, 3.730185188303422936E-15 ) ) ;
#4920 = EDGE_LOOP ( 'NONE', ( #4586, #6816, #148, #4438 ) ) ;
#4921 = EDGE_CURVE ( 'NONE', #8343, #3409, #3155, .T. ) ;
#4922 = CYLINDRICAL_SURFACE ( 'NONE', #1836, 21.50000000000000355 ) ;
#4923 = CARTESIAN_POINT ( 'NONE',  ( -7.704910915224106205, 45.19999999999998863, -20.07197916968975093 ) ) ;
#4924 = CIRCLE ( 'NONE', #7753, 21.50000000000001066 ) ;
#4925 = ORIENTED_EDGE ( 'NONE', *, *, #512, .F. ) ;
#4926 = AXIS2_PLACEMENT_3D ( 'NONE', #613, #1156, #3199 ) ;
#4927 = ORIENTED_EDGE ( 'NONE', *, *, #4659, .F. ) ;
#4928 = CARTESIAN_POINT ( 'NONE',  ( 0.000000000000000000, 76.00000000000000000, 2.093256407547811404E-16 ) ) ;
#4929 = EDGE_LOOP ( 'NONE', ( #718, #9156, #9980, #9459 ) ) ;
#4930 = CIRCLE ( 'NONE', #11534, 0.2500000000000002220 ) ;
#4931 = DIRECTION ( 'NONE',  ( 0.000000000000000000, 0.000000000000000000, 1.000000000000000000 ) ) ;
#4932 = CARTESIAN_POINT ( 'NONE',  ( -21.08072873382962342, -80.41022924428168039, 4.225266388133370299 ) ) ;
#4933 = CIRCLE ( 'NONE', #8322, 0.2500000000000002220 ) ;
#4934 = ORIENTED_EDGE ( 'NONE', *, *, #2921, .F. ) ;
#4935 = CARTESIAN_POINT ( 'NONE',  ( 9.537388008204075618, 51.19999999999999574, -19.26884090911971015 ) ) ;
#4936 = AXIS2_PLACEMENT_3D ( 'NONE', #2724, #4382, #7975 ) ;
#4937 = CARTESIAN_POINT ( 'NONE',  ( 0.000000000000000000, 51.20000000000000995, -7.383484513958806747E-15 ) ) ;
#4938 = EDGE_LOOP ( 'NONE', ( #11007, #4794, #1271, #7094 ) ) ;
#4939 = CARTESIAN_POINT ( 'NONE',  ( -7.937781193550342174, -80.41022924428168039, -19.98103174821858019 ) ) ;
#4940 = AXIS2_PLACEMENT_3D ( 'NONE', #1199, #11212, #3900 ) ;
#4941 = LINE ( 'NONE', #6635, #10477 ) ;
#4942 = DIRECTION ( 'NONE',  ( -0.000000000000000000, 1.000000000000000000, 3.061616997868383141E-16 ) ) ;
#4943 = CIRCLE ( 'NONE', #1575, 0.2500000000000002220 ) ;
#4944 = VERTEX_POINT ( 'NONE', #1296 ) ;
#4945 = EDGE_LOOP ( 'NONE', ( #9377, #10710, #5463, #7811 ) ) ;
#4946 = EDGE_CURVE ( 'NONE', #5662, #10623, #7291, .T. ) ;
#4947 = DIRECTION ( 'NONE',  ( 0.000000000000000000, -1.000000000000000000, -3.061616997868383141E-16 ) ) ;
#4948 = VERTEX_POINT ( 'NONE', #11199 ) ;
#4949 = CARTESIAN_POINT ( 'NONE',  ( 5.564609469704060452, 51.19999999999999574, -20.76740526521497543 ) ) ;
#4950 = AXIS2_PLACEMENT_3D ( 'NONE', #9556, #7908, #608 ) ;
#4951 = EDGE_CURVE ( 'NONE', #2030, #2761, #8609, .T. ) ;
#4952 = CARTESIAN_POINT ( 'NONE',  ( 19.64122733931592535, 51.19999999999999574, 8.744837826129666425 ) ) ;
#4953 = VERTEX_POINT ( 'NONE', #5890 ) ;
#4954 = CARTESIAN_POINT ( 'NONE',  ( 9.982883740771546499, -80.41022924428168039, -19.04184949573541985 ) ) ;
#4955 = CARTESIAN_POINT ( 'NONE',  ( 0.000000000000000000, 51.20000000000000995, -7.383484513958806747E-15 ) ) ;
#4956 = CYLINDRICAL_SURFACE ( 'NONE', #7198, 0.2500000000000002220 ) ;
#4957 = ORIENTED_EDGE ( 'NONE', *, *, #5928, .T. ) ;
#4958 = ORIENTED_EDGE ( 'NONE', *, *, #9754, .T. ) ;
#4959 = DIRECTION ( 'NONE',  ( 0.000000000000000000, -3.061616997868383141E-16, 1.000000000000000000 ) ) ;
#4960 = DIRECTION ( 'NONE',  ( 0.000000000000000000, -2.907839272495698900E-16, 1.000000000000000000 ) ) ;
#4961 = DIRECTION ( 'NONE',  ( -0.000000000000000000, 1.000000000000000000, 3.061616997868383141E-16 ) ) ;
#4962 = CARTESIAN_POINT ( 'NONE',  ( 20.44771510034580686, -80.41022924428168039, 6.643865379061288046 ) ) ;
#4963 = ORIENTED_EDGE ( 'NONE', *, *, #5083, .T. ) ;
#4964 = DIRECTION ( 'NONE',  ( 0.000000000000000000, -3.227392513445222318E-16, 1.000000000000000000 ) ) ;
#4965 = EDGE_CURVE ( 'NONE', #11598, #3831, #10497, .T. ) ;
#4966 = DIRECTION ( 'NONE',  ( 0.000000000000000000, 0.000000000000000000, 1.000000000000000000 ) ) ;
#4967 = CARTESIAN_POINT ( 'NONE',  ( -16.14381341971829897, -80.41022924428169460, 14.19955239679484293 ) ) ;
#4968 = LINE ( 'NONE', #11000, #6996 ) ;
#4969 = VERTEX_POINT ( 'NONE', #406 ) ;
#4970 = LINE ( 'NONE', #8626, #1133 ) ;
#4971 = CARTESIAN_POINT ( 'NONE',  ( 19.98103174821864059, -80.41022924428168039, 7.937781193550111247 ) ) ;
#4972 = EDGE_CURVE ( 'NONE', #1529, #9000, #9303, .T. ) ;
#4973 = DIRECTION ( 'NONE',  ( -0.000000000000000000, 1.000000000000000000, 3.061616997868383141E-16 ) ) ;
#4974 = ORIENTED_EDGE ( 'NONE', *, *, #3461, .T. ) ;
#4975 = CYLINDRICAL_SURFACE ( 'NONE', #4528, 0.2500000000000002220 ) ;
#4976 = EDGE_CURVE ( 'NONE', #1412, #10036, #5822, .T. ) ;
#4977 = ORIENTED_EDGE ( 'NONE', *, *, #7708, .T. ) ;
#4978 = DIRECTION ( 'NONE',  ( 0.000000000000000000, 0.000000000000000000, 1.000000000000000000 ) ) ;
#4979 = ORIENTED_EDGE ( 'NONE', *, *, #10842, .T. ) ;
#4980 = EDGE_CURVE ( 'NONE', #4493, #142, #11256, .T. ) ;
#4981 = CARTESIAN_POINT ( 'NONE',  ( 0.000000000000000000, 9.199999999999999289, 16.76785065697081833 ) ) ;
#4982 = EDGE_LOOP ( 'NONE', ( #10460, #11139, #11435, #6335 ) ) ;
#4983 = LINE ( 'NONE', #10589, #3391 ) ;
#4984 = ORIENTED_EDGE ( 'NONE', *, *, #783, .F. ) ;
#4985 = ADVANCED_FACE ( 'NONE', ( #4062 ), #1424, .T. ) ;
#4986 = EDGE_CURVE ( 'NONE', #2864, #2438, #3064, .T. ) ;
#4987 = DIRECTION ( 'NONE',  ( -7.395570986446986770E-32, 1.000000000000000000, 3.061616997868382648E-16 ) ) ;
#4988 = FACE_OUTER_BOUND ( 'NONE', #4402, .T. ) ;
#4989 = ORIENTED_EDGE ( 'NONE', *, *, #10819, .T. ) ;
#4990 = DIRECTION ( 'NONE',  ( 0.000000000000000000, 0.000000000000000000, 1.000000000000000000 ) ) ;
#4991 = DIRECTION ( 'NONE',  ( -0.000000000000000000, 1.000000000000000000, 3.061616997868383141E-16 ) ) ;
#4992 = EDGE_CURVE ( 'NONE', #3604, #10201, #9421, .T. ) ;
#4993 = EDGE_LOOP ( 'NONE', ( #8035, #5923, #2531, #4180 ) ) ;
#4994 = CARTESIAN_POINT ( 'NONE',  ( -18.61954618136552142, 51.19999999999999574, -10.49999999999980460 ) ) ;
#4995 = DIRECTION ( 'NONE',  ( -0.000000000000000000, 1.000000000000000000, 3.061616997868383141E-16 ) ) ;
#4996 = DIRECTION ( 'NONE',  ( -0.000000000000000000, 1.000000000000000000, 3.061616997868383141E-16 ) ) ;
#4997 = ORIENTED_EDGE ( 'NONE', *, *, #8480, .T. ) ;
#4998 = ORIENTED_EDGE ( 'NONE', *, *, #2043, .F. ) ;
#4999 = CYLINDRICAL_SURFACE ( 'NONE', #770, 0.2500000000000002220 ) ;
#5000 = ORIENTED_EDGE ( 'NONE', *, *, #3547, .T. ) ;
#5001 = CARTESIAN_POINT ( 'NONE',  ( -18.03141721082647919, 45.20000000000000284, 11.70973925282328842 ) ) ;
#5002 = EDGE_CURVE ( 'NONE', #10421, #7825, #7468, .T. ) ;
#5003 = CARTESIAN_POINT ( 'NONE',  ( -15.37854173159019666, 45.19999999999998863, -15.02499431646274530 ) ) ;
#5004 = EDGE_CURVE ( 'NONE', #2873, #23, #1270, .T. ) ;
#5005 = ORIENTED_EDGE ( 'NONE', *, *, #6397, .T. ) ;
#5006 = DIRECTION ( 'NONE',  ( -0.000000000000000000, 1.000000000000000000, 3.061616997868383141E-16 ) ) ;
#5007 = CARTESIAN_POINT ( 'NONE',  ( -15.37854173159010074, 51.19999999999999574, -15.02499431646288386 ) ) ;
#5008 = DIRECTION ( 'NONE',  ( -0.000000000000000000, 1.000000000000000000, 3.061616997868383141E-16 ) ) ;
#5009 = ORIENTED_EDGE ( 'NONE', *, *, #1198, .T. ) ;
#5010 = ORIENTED_EDGE ( 'NONE', *, *, #2223, .F. ) ;
#5011 = DIRECTION ( 'NONE',  ( 0.000000000000000000, -1.000000000000000000, -3.061616997868383141E-16 ) ) ;
#5012 = CYLINDRICAL_SURFACE ( 'NONE', #1138, 0.2500000000000002220 ) ;
#5013 = AXIS2_PLACEMENT_3D ( 'NONE', #11354, #4259, #3318 ) ;
#5014 = CARTESIAN_POINT ( 'NONE',  ( 4.470101352581692389, -80.41022924428168039, -20.78017341577686139 ) ) ;
#5015 = CYLINDRICAL_SURFACE ( 'NONE', #1520, 0.2500000000000002220 ) ;
#5016 = VERTEX_POINT ( 'NONE', #3180 ) ;
#5017 = EDGE_CURVE ( 'NONE', #6637, #7813, #6159, .T. ) ;
#5018 = CIRCLE ( 'NONE', #11037, 0.2500000000000002220 ) ;
#5019 = PLANE ( 'NONE',  #8115 ) ;
#5020 = FACE_OUTER_BOUND ( 'NONE', #4929, .T. ) ;
#5021 = EDGE_CURVE ( 'NONE', #11235, #6610, #8414, .T. ) ;
#5022 = CARTESIAN_POINT ( 'NONE',  ( 0.000000000000000000, 45.20000000000000995, -9.220454712679835547E-15 ) ) ;
#5023 = VECTOR ( 'NONE', #7726, 1000.000000000000000 ) ;
#5024 = CIRCLE ( 'NONE', #9907, 0.2500000000000002220 ) ;
#5025 = AXIS2_PLACEMENT_3D ( 'NONE', #1425, #10551, #11389 ) ;
#5026 = CARTESIAN_POINT ( 'NONE',  ( 19.04184949573544472, 51.19999999999999574, 9.982883740771477221 ) ) ;
#5027 = EDGE_CURVE ( 'NONE', #5048, #6264, #4773, .T. ) ;
#5028 = AXIS2_PLACEMENT_3D ( 'NONE', #1859, #2631, #9864 ) ;
#5029 = ORIENTED_EDGE ( 'NONE', *, *, #4113, .F. ) ;
#5030 = CARTESIAN_POINT ( 'NONE',  ( 19.15664027004985215, -80.41022924428168039, -9.760795744400358132 ) ) ;
#5031 = LINE ( 'NONE', #9565, #6751 ) ;
#5032 = LINE ( 'NONE', #619, #8965 ) ;
#5033 = ORIENTED_EDGE ( 'NONE', *, *, #10208, .F. ) ;
#5034 = CARTESIAN_POINT ( 'NONE',  ( -20.07197916968989659, -80.41022924428168039, -7.454910915223789125 ) ) ;
#5035 = VERTEX_POINT ( 'NONE', #10434 ) ;
#5036 = FACE_OUTER_BOUND ( 'NONE', #9330, .T. ) ;
#5037 = VECTOR ( 'NONE', #6415, 1000.000000000000000 ) ;
#5038 = CYLINDRICAL_SURFACE ( 'NONE', #7357, 21.50000000000000355 ) ;
#5039 = VECTOR ( 'NONE', #2221, 1000.000000000000000 ) ;
#5040 = ORIENTED_EDGE ( 'NONE', *, *, #4624, .T. ) ;
#5041 = VECTOR ( 'NONE', #2233, 1000.000000000000000 ) ;
#5042 = AXIS2_PLACEMENT_3D ( 'NONE', #5045, #628, #4160 ) ;
#5043 = CARTESIAN_POINT ( 'NONE',  ( -21.23529932279548049, 51.19999999999999574, -3.113340998364742429 ) ) ;
#5044 = EDGE_CURVE ( 'NONE', #2514, #10712, #3886, .T. ) ;
#5045 = CARTESIAN_POINT ( 'NONE',  ( 0.000000000000000000, 45.20000000000000995, -9.220454712679835547E-15 ) ) ;
#5046 = VERTEX_POINT ( 'NONE', #2358 ) ;
#5047 = AXIS2_PLACEMENT_3D ( 'NONE', #3740, #6545, #8263 ) ;
#5048 = VERTEX_POINT ( 'NONE', #1186 ) ;
#5049 = DIRECTION ( 'NONE',  ( 0.000000000000000000, -3.227392513445222318E-16, 1.000000000000000000 ) ) ;
#5050 = VERTEX_POINT ( 'NONE', #11081 ) ;
#5051 = DIRECTION ( 'NONE',  ( 0.000000000000000000, 0.000000000000000000, 1.000000000000000000 ) ) ;
#5052 = DIRECTION ( 'NONE',  ( 0.000000000000000000, 0.000000000000000000, 1.000000000000000000 ) ) ;
#5053 = ORIENTED_EDGE ( 'NONE', *, *, #7419, .F. ) ;
#5054 = LINE ( 'NONE', #4229, #10393 ) ;
#5055 = AXIS2_PLACEMENT_3D ( 'NONE', #5486, #3668, #3611 ) ;
#5056 = ADVANCED_FACE ( 'NONE', ( #2998 ), #10188, .F. ) ;
#5057 = VERTEX_POINT ( 'NONE', #340 ) ;
#5058 = DIRECTION ( 'NONE',  ( 0.000000000000000000, 0.000000000000000000, 1.000000000000000000 ) ) ;
#5059 = DIRECTION ( 'NONE',  ( -9.860761315262647568E-32, 1.000000000000000000, 3.061616997868381662E-16 ) ) ;
#5060 = ORIENTED_EDGE ( 'NONE', *, *, #6860, .F. ) ;
#5061 = ORIENTED_EDGE ( 'NONE', *, *, #4324, .T. ) ;
#5062 = EDGE_CURVE ( 'NONE', #7243, #5624, #3948, .T. ) ;
#5063 = FACE_OUTER_BOUND ( 'NONE', #6706, .T. ) ;
#5064 = ORIENTED_EDGE ( 'NONE', *, *, #209, .T. ) ;
#5065 = DIRECTION ( 'NONE',  ( 1.479114197289397354E-31, 1.000000000000000000, 3.061616997868381662E-16 ) ) ;
#5066 = CARTESIAN_POINT ( 'NONE',  ( 0.000000000000000000, 87.50000000000001421, 3.730185188303422936E-15 ) ) ;
#5067 = EDGE_LOOP ( 'NONE', ( #7430, #1953, #11382, #3567 ) ) ;
#5068 = LINE ( 'NONE', #7894, #9182 ) ;
#5069 = DIRECTION ( 'NONE',  ( 0.000000000000000000, -1.000000000000000000, -3.061616997868383141E-16 ) ) ;
#5070 = DIRECTION ( 'NONE',  ( 0.000000000000000000, -3.227392513445222318E-16, 1.000000000000000000 ) ) ;
#5071 = ORIENTED_EDGE ( 'NONE', *, *, #3020, .F. ) ;
#5072 = DIRECTION ( 'NONE',  ( 4.930380657631323784E-32, 1.000000000000000000, 3.061616997868383141E-16 ) ) ;
#5073 = ADVANCED_FACE ( 'NONE', ( #5941 ), #7123, .F. ) ;
#5074 = CYLINDRICAL_SURFACE ( 'NONE', #9981, 21.50000000000000355 ) ;
#5075 = CARTESIAN_POINT ( 'NONE',  ( -11.70973925282321915, 51.19999999999999574, -18.03141721082649696 ) ) ;
#5076 = LINE ( 'NONE', #8677, #947 ) ;
#5077 = ORIENTED_EDGE ( 'NONE', *, *, #10653, .F. ) ;
#5078 = DIRECTION ( 'NONE',  ( -0.000000000000000000, 1.000000000000000000, 3.061616997868383141E-16 ) ) ;
#5079 = FACE_OUTER_BOUND ( 'NONE', #11431, .T. ) ;
#5080 = DIRECTION ( 'NONE',  ( 0.000000000000000000, -1.000000000000000000, -3.061616997868383141E-16 ) ) ;
#5081 = AXIS2_PLACEMENT_3D ( 'NONE', #9578, #8525, #3398 ) ;
#5082 = CIRCLE ( 'NONE', #11679, 10.00000000000000000 ) ;
#5083 = EDGE_CURVE ( 'NONE', #5790, #972, #7864, .T. ) ;
#5084 = CARTESIAN_POINT ( 'NONE',  ( 12.83877941551890522, 45.20000000000000284, 17.24574565275876736 ) ) ;
#5085 = ORIENTED_EDGE ( 'NONE', *, *, #4980, .F. ) ;
#5086 = CARTESIAN_POINT ( 'NONE',  ( 3.116195710812492692, -80.41022924428169460, 21.27297168455578813 ) ) ;
#5087 = DIRECTION ( 'NONE',  ( 0.000000000000000000, 0.000000000000000000, 1.000000000000000000 ) ) ;
#5088 = DIRECTION ( 'NONE',  ( 0.000000000000000000, 0.000000000000000000, 1.000000000000000000 ) ) ;
#5089 = ORIENTED_EDGE ( 'NONE', *, *, #1956, .T. ) ;
#5090 = CYLINDRICAL_SURFACE ( 'NONE', #7187, 0.2500000000000002220 ) ;
#5091 = VERTEX_POINT ( 'NONE', #8778 ) ;
#5092 = CARTESIAN_POINT ( 'NONE',  ( -15.02499431646270622, -80.41022924428169460, 15.37854173159022331 ) ) ;
#5093 = DIRECTION ( 'NONE',  ( 0.000000000000000000, 0.000000000000000000, 1.000000000000000000 ) ) ;
#5094 = AXIS2_PLACEMENT_3D ( 'NONE', #431, #6913, #1393 ) ;
#5095 = AXIS2_PLACEMENT_3D ( 'NONE', #7922, #2381, #11532 ) ;
#5096 = VECTOR ( 'NONE', #11076, 1000.000000000000000 ) ;
#5097 = ORIENTED_EDGE ( 'NONE', *, *, #10233, .F. ) ;
#5098 = CARTESIAN_POINT ( 'NONE',  ( 21.48216726873253890, 51.19999999999999574, -0.8754938253330210030 ) ) ;
#5099 = CIRCLE ( 'NONE', #4, 0.2500000000000002220 ) ;
#5100 = DIRECTION ( 'NONE',  ( 0.000000000000000000, 0.000000000000000000, -1.000000000000000000 ) ) ;
#5101 = EDGE_CURVE ( 'NONE', #8324, #7400, #6121, .T. ) ;
#5102 = VECTOR ( 'NONE', #9503, 1000.000000000000000 ) ;
#5103 = CIRCLE ( 'NONE', #3227, 0.2500000000000002220 ) ;
#5104 = AXIS2_PLACEMENT_3D ( 'NONE', #9822, #8068, #7176 ) ;
#5105 = ORIENTED_EDGE ( 'NONE', *, *, #2589, .T. ) ;
#5106 = CARTESIAN_POINT ( 'NONE',  ( -17.39386537906121788, 45.20000000000000284, 12.63738292428837440 ) ) ;
#5107 = ORIENTED_EDGE ( 'NONE', *, *, #11039, .F. ) ;
#5108 = CYLINDRICAL_SURFACE ( 'NONE', #1514, 0.2500000000000002220 ) ;
#5109 = CARTESIAN_POINT ( 'NONE',  ( 0.000000000000000000, 76.00000000000000000, 15.40000000000000036 ) ) ;
#5110 = ORIENTED_EDGE ( 'NONE', *, *, #88, .T. ) ;
#5111 = CYLINDRICAL_SURFACE ( 'NONE', #802, 21.50000000000000355 ) ;
#5112 = CIRCLE ( 'NONE', #10954, 0.2500000000000002220 ) ;
#5113 = VECTOR ( 'NONE', #2056, 1000.000000000000000 ) ;
#5114 = ORIENTED_EDGE ( 'NONE', *, *, #1469, .F. ) ;
#5115 = LINE ( 'NONE', #8652, #9717 ) ;
#5116 = VECTOR ( 'NONE', #6192, 1000.000000000000000 ) ;
#5117 = CARTESIAN_POINT ( 'NONE',  ( 0.000000000000000000, 45.20000000000000995, -9.220454712679835547E-15 ) ) ;
#5118 = DIRECTION ( 'NONE',  ( 0.000000000000000000, 0.000000000000000000, 1.000000000000000000 ) ) ;
#5119 = CIRCLE ( 'NONE', #8701, 0.2500000000000002220 ) ;
#5120 = EDGE_LOOP ( 'NONE', ( #1427, #3577, #11566, #9752 ) ) ;
#5121 = ORIENTED_EDGE ( 'NONE', *, *, #9336, .F. ) ;
#5122 = EDGE_CURVE ( 'NONE', #3661, #2761, #7016, .T. ) ;
#5123 = ADVANCED_FACE ( 'NONE', ( #10615 ), #9663, .T. ) ;
#5124 = AXIS2_PLACEMENT_3D ( 'NONE', #3289, #2409, #1632 ) ;
#5125 = DIRECTION ( 'NONE',  ( 0.000000000000000000, 0.000000000000000000, -1.000000000000000000 ) ) ;
#5126 = ORIENTED_EDGE ( 'NONE', *, *, #7944, .F. ) ;
#5127 = CARTESIAN_POINT ( 'NONE',  ( 21.35464355025360916, 51.19999999999999574, -2.495836301044594752 ) ) ;
#5128 = EDGE_CURVE ( 'NONE', #7619, #8582, #4240, .T. ) ;
#5129 = AXIS2_PLACEMENT_3D ( 'NONE', #7257, #4284, #2793 ) ;
#5130 = EDGE_LOOP ( 'NONE', ( #10595, #10520, #2004, #2976 ) ) ;
#5131 = FACE_OUTER_BOUND ( 'NONE', #7130, .T. ) ;
#5132 = AXIS2_PLACEMENT_3D ( 'NONE', #732, #10799, #4319 ) ;
#5133 = DIRECTION ( 'NONE',  ( 0.000000000000000000, -1.000000000000000000, -3.061616997868383141E-16 ) ) ;
#5134 = DIRECTION ( 'NONE',  ( 4.930380657631323784E-32, 1.000000000000000000, 3.061616997868382648E-16 ) ) ;
#5135 = VERTEX_POINT ( 'NONE', #11504 ) ;
#5136 = CARTESIAN_POINT ( 'NONE',  ( 19.53821706942818537, -80.41022924428168039, -8.972629143562379284 ) ) ;
#5137 = CYLINDRICAL_SURFACE ( 'NONE', #6899, 0.2500000000000002220 ) ;
#5138 = DIRECTION ( 'NONE',  ( 1.232595164407830946E-32, 1.000000000000000000, 3.061616997868381662E-16 ) ) ;
#5139 = VECTOR ( 'NONE', #6567, 1000.000000000000000 ) ;
#5140 = DIRECTION ( 'NONE',  ( 0.000000000000000000, -3.558407130208834256E-16, 1.000000000000000000 ) ) ;
#5141 = VERTEX_POINT ( 'NONE', #1652 ) ;
#5142 = DIRECTION ( 'NONE',  ( 0.000000000000000000, 0.000000000000000000, -1.000000000000000000 ) ) ;
#5143 = AXIS2_PLACEMENT_3D ( 'NONE', #7355, #1002, #2047 ) ;
#5144 = CARTESIAN_POINT ( 'NONE',  ( 0.000000000000000000, 45.20000000000000995, -9.220454712679835547E-15 ) ) ;
#5145 = CARTESIAN_POINT ( 'NONE',  ( 13.53038840757152173, 45.20000000000000284, 16.70863817132485707 ) ) ;
#5146 = DIRECTION ( 'NONE',  ( 0.000000000000000000, 0.000000000000000000, 1.000000000000000000 ) ) ;
#5147 = AXIS2_PLACEMENT_3D ( 'NONE', #8463, #8532, #450 ) ;
#5148 = EDGE_CURVE ( 'NONE', #10074, #7229, #5068, .T. ) ;
#5149 = ORIENTED_EDGE ( 'NONE', *, *, #958, .F. ) ;
#5150 = CARTESIAN_POINT ( 'NONE',  ( 11.70973925282297579, 45.19999999999998863, -18.03141721082666038 ) ) ;
#5151 = FACE_OUTER_BOUND ( 'NONE', #2643, .T. ) ;
#5152 = DIRECTION ( 'NONE',  ( 7.395570986446986770E-32, 1.000000000000000000, 3.061616997868382648E-16 ) ) ;
#5153 = ORIENTED_EDGE ( 'NONE', *, *, #7182, .F. ) ;
#5154 = DIRECTION ( 'NONE',  ( -0.000000000000000000, 1.000000000000000000, 3.061616997868383141E-16 ) ) ;
#5155 = ORIENTED_EDGE ( 'NONE', *, *, #5128, .F. ) ;
#5156 = CARTESIAN_POINT ( 'NONE',  ( 0.2499957747072304726, 45.19999999999998863, -21.49854651162793218 ) ) ;
#5157 = DIRECTION ( 'NONE',  ( -0.000000000000000000, 1.000000000000000000, 3.061616997868383141E-16 ) ) ;
#5158 = ORIENTED_EDGE ( 'NONE', *, *, #8599, .F. ) ;
#5160 = AXIS2_PLACEMENT_3D ( 'NONE', #4876, #8469, #3108 ) ;
#5159 = CYLINDRICAL_SURFACE ( 'NONE', #9545, 21.50000000000000355 ) ;
#5161 = EDGE_CURVE ( 'NONE', #4504, #2448, #5184, .T. ) ;
#5162 = ORIENTED_EDGE ( 'NONE', *, *, #6124, .F. ) ;
#5163 = DIRECTION ( 'NONE',  ( -0.000000000000000000, 1.000000000000000000, 3.061616997868383141E-16 ) ) ;
#5164 = ORIENTED_EDGE ( 'NONE', *, *, #7569, .T. ) ;
#5165 = FACE_OUTER_BOUND ( 'NONE', #5297, .T. ) ;
#5166 = CARTESIAN_POINT ( 'NONE',  ( 19.64122733931587206, -80.41022924428168039, -8.744837826129808533 ) ) ;
#5167 = EDGE_CURVE ( 'NONE', #11165, #6154, #11643, .T. ) ;
#5168 = ORIENTED_EDGE ( 'NONE', *, *, #3732, .T. ) ;
#5169 = DIRECTION ( 'NONE',  ( 0.000000000000000000, 0.000000000000000000, -1.000000000000000000 ) ) ;
#5170 = ORIENTED_EDGE ( 'NONE', *, *, #2943, .F. ) ;
#5171 = CARTESIAN_POINT ( 'NONE',  ( -16.86483603740624559, -80.41022924428168039, -13.33519049100550724 ) ) ;
#5172 = ORIENTED_EDGE ( 'NONE', *, *, #10997, .T. ) ;
#5173 = CARTESIAN_POINT ( 'NONE',  ( 0.000000000000000000, 45.20000000000000995, -9.220454712679835547E-15 ) ) ;
#5174 = LINE ( 'NONE', #1696, #3714 ) ;
#5175 = EDGE_CURVE ( 'NONE', #1918, #254, #2592, .T. ) ;
#5176 = ORIENTED_EDGE ( 'NONE', *, *, #9290, .T. ) ;
#5177 = VERTEX_POINT ( 'NONE', #9601 ) ;
#5178 = CARTESIAN_POINT ( 'NONE',  ( -21.47053499722334280, 45.19999999999998863, -1.125223059223059652 ) ) ;
#5179 = ORIENTED_EDGE ( 'NONE', *, *, #855, .T. ) ;
#5180 = FACE_OUTER_BOUND ( 'NONE', #2813, .T. ) ;
#5181 = ADVANCED_FACE ( 'NONE', ( #8667 ), #2478, .F. ) ;
#5182 = EDGE_LOOP ( 'NONE', ( #133, #2545, #7115, #7138 ) ) ;
#5183 = ADVANCED_FACE ( 'NONE', ( #5131 ), #7960, .T. ) ;
#5184 = LINE ( 'NONE', #6951, #2587 ) ;
#5185 = DIRECTION ( 'NONE',  ( -0.000000000000000000, 1.000000000000000000, 3.061616997868383141E-16 ) ) ;
#5186 = DIRECTION ( 'NONE',  ( 0.000000000000000000, 0.000000000000000000, 1.000000000000000000 ) ) ;
#5187 = ORIENTED_EDGE ( 'NONE', *, *, #5563, .T. ) ;
#5188 = LINE ( 'NONE', #9608, #10336 ) ;
#5189 = EDGE_CURVE ( 'NONE', #3710, #4399, #592, .T. ) ;
#5190 = CARTESIAN_POINT ( 'NONE',  ( -18.03141721082671367, -80.41022924428168039, -11.45973925282293848 ) ) ;
#5191 = DIRECTION ( 'NONE',  ( 0.000000000000000000, -3.227392513445222318E-16, 1.000000000000000000 ) ) ;
#5192 = CARTESIAN_POINT ( 'NONE',  ( 20.36907980785167638, 51.19999999999999574, -6.881176337034904833 ) ) ;
#5193 = EDGE_LOOP ( 'NONE', ( #10418, #10399, #964, #6501 ) ) ;
#5194 = CARTESIAN_POINT ( 'NONE',  ( 20.76740526521493635, -80.41022924428168039, -5.564609469704302924 ) ) ;
#5195 = DIRECTION ( 'NONE',  ( 0.000000000000000000, -1.000000000000000000, -3.061616997868383141E-16 ) ) ;
#5196 = LINE ( 'NONE', #2434, #8628 ) ;
#5197 = EDGE_CURVE ( 'NONE', #455, #2145, #10114, .T. ) ;
#5198 = FACE_OUTER_BOUND ( 'NONE', #3281, .T. ) ;
#5199 = ADVANCED_FACE ( 'NONE', ( #10663 ), #654, .F. ) ;
#5200 = CARTESIAN_POINT ( 'NONE',  ( 21.38222075041785786, 45.19999999999998863, -1.997361960254612434 ) ) ;
#5201 = EDGE_LOOP ( 'NONE', ( #7359, #8409, #5514, #1669 ) ) ;
#5202 = FACE_OUTER_BOUND ( 'NONE', #1613, .T. ) ;
#5203 = DIRECTION ( 'NONE',  ( -6.162975822039154730E-33, 1.000000000000000000, 3.061616997868381662E-16 ) ) ;
#5204 = DIRECTION ( 'NONE',  ( 7.395570986446986770E-32, 1.000000000000000000, 3.061616997868381662E-16 ) ) ;
#5205 = ORIENTED_EDGE ( 'NONE', *, *, #783, .T. ) ;
#5206 = CARTESIAN_POINT ( 'NONE',  ( -17.39386537906147012, -80.41022924428168039, -12.38738292428803511 ) ) ;
#5207 = ORIENTED_EDGE ( 'NONE', *, *, #7897, .T. ) ;
#5208 = FACE_OUTER_BOUND ( 'NONE', #456, .T. ) ;
#5209 = EDGE_CURVE ( 'NONE', #4024, #8078, #8621, .T. ) ;
#5210 = AXIS2_PLACEMENT_3D ( 'NONE', #7680, #10574, #4032 ) ;
#5211 = DIRECTION ( 'NONE',  ( -7.395570986446986770E-32, 1.000000000000000000, 3.061616997868381662E-16 ) ) ;
#5212 = AXIS2_PLACEMENT_3D ( 'NONE', #8587, #515, #11426 ) ;
#5213 = CIRCLE ( 'NONE', #11051, 0.2500000000000002220 ) ;
#5214 = VERTEX_POINT ( 'NONE', #5532 ) ;
#5215 = DIRECTION ( 'NONE',  ( 0.000000000000000000, 0.000000000000000000, 1.000000000000000000 ) ) ;
#5216 = ORIENTED_EDGE ( 'NONE', *, *, #8447, .F. ) ;
#5217 = AXIS2_PLACEMENT_3D ( 'NONE', #7883, #3353, #5998 ) ;
#5218 = DIRECTION ( 'NONE',  ( 0.000000000000000000, 0.000000000000000000, 1.000000000000000000 ) ) ;
#5219 = CONICAL_SURFACE ( 'NONE', #3520, 18.30000000000001137, 0.9599310885968784790 ) ;
#5220 = EDGE_CURVE ( 'NONE', #9817, #3527, #10474, .T. ) ;
#5221 = CARTESIAN_POINT ( 'NONE',  ( -18.49328953615760440, 45.19999999999998863, -10.96577594754901419 ) ) ;
#5222 = AXIS2_PLACEMENT_3D ( 'NONE', #202, #6622, #11180 ) ;
#5223 = EDGE_LOOP ( 'NONE', ( #4553, #10235, #4105, #10142 ) ) ;
#5224 = CIRCLE ( 'NONE', #1650, 0.2500000000000002220 ) ;
#5225 = CIRCLE ( 'NONE', #6916, 21.50000000000001066 ) ;
#5226 = AXIS2_PLACEMENT_3D ( 'NONE', #9855, #11645, #3392 ) ;
#5227 = VECTOR ( 'NONE', #8362, 1000.000000000000000 ) ;
#5228 = ORIENTED_EDGE ( 'NONE', *, *, #9508, .F. ) ;
#5229 = DIRECTION ( 'NONE',  ( -0.000000000000000000, 1.000000000000000000, 3.061616997868383141E-16 ) ) ;
#5230 = AXIS2_PLACEMENT_3D ( 'NONE', #8743, #3552, #787 ) ;
#5231 = EDGE_CURVE ( 'NONE', #5232, #2539, #9334, .T. ) ;
#5232 = VERTEX_POINT ( 'NONE', #8187 ) ;
#5233 = DIRECTION ( 'NONE',  ( 0.000000000000000000, 0.000000000000000000, 1.000000000000000000 ) ) ;
#5234 = DIRECTION ( 'NONE',  ( 0.000000000000000000, 1.000000000000000000, 3.061616997868381662E-16 ) ) ;
#5235 = ORIENTED_EDGE ( 'NONE', *, *, #9942, .F. ) ;
#5236 = ORIENTED_EDGE ( 'NONE', *, *, #7842, .T. ) ;
#5237 = ORIENTED_EDGE ( 'NONE', *, *, #5679, .T. ) ;
#5238 = VECTOR ( 'NONE', #7612, 1000.000000000000000 ) ;
#5239 = CARTESIAN_POINT ( 'NONE',  ( 14.38630803671536462, -80.41022924428168039, -15.97761374776406385 ) ) ;
#5240 = ORIENTED_EDGE ( 'NONE', *, *, #2472, .T. ) ;
#5241 = CARTESIAN_POINT ( 'NONE',  ( 0.000000000000000000, 87.50000000000001421, 3.730185188303422936E-15 ) ) ;
#5242 = DIRECTION ( 'NONE',  ( 0.000000000000000000, 0.000000000000000000, 1.000000000000000000 ) ) ;
#5243 = CIRCLE ( 'NONE', #910, 21.50000000000000000 ) ;
#5244 = ORIENTED_EDGE ( 'NONE', *, *, #1847, .F. ) ;
#5245 = CARTESIAN_POINT ( 'NONE',  ( -12.63738292428795340, 51.20000000000000995, 17.39386537906153052 ) ) ;
#5246 = DIRECTION ( 'NONE',  ( 0.000000000000000000, 0.000000000000000000, 1.000000000000000000 ) ) ;
#5247 = CARTESIAN_POINT ( 'NONE',  ( -21.03017341577685784, 45.19999999999998863, -4.470101352581595577 ) ) ;
#5248 = ORIENTED_EDGE ( 'NONE', *, *, #2296, .T. ) ;
#5249 = CARTESIAN_POINT ( 'NONE',  ( -12.63738292428830867, 45.19999999999998863, -17.14386537906124275 ) ) ;
#5250 = DIRECTION ( 'NONE',  ( 0.000000000000000000, 0.000000000000000000, 1.000000000000000000 ) ) ;
#5251 = CARTESIAN_POINT ( 'NONE',  ( -20.52358569366455754, 51.19999999999999574, 6.405656115871929401 ) ) ;
#5252 = ORIENTED_EDGE ( 'NONE', *, *, #7437, .T. ) ;
#5253 = FACE_OUTER_BOUND ( 'NONE', #8384, .T. ) ;
#5254 = EDGE_CURVE ( 'NONE', #7827, #7715, #6235, .T. ) ;
#5255 = DIRECTION ( 'NONE',  ( 0.000000000000000000, 0.000000000000000000, -1.000000000000000000 ) ) ;
#5256 = VECTOR ( 'NONE', #3536, 1000.000000000000000 ) ;
#5257 = DIRECTION ( 'NONE',  ( 0.000000000000000000, 0.000000000000000000, 1.000000000000000000 ) ) ;
#5258 = CARTESIAN_POINT ( 'NONE',  ( 4.470101352581833609, -80.41022924428169460, 21.03017341577678323 ) ) ;
#5259 = CIRCLE ( 'NONE', #2243, 0.2500000000000002220 ) ;
#5260 = ORIENTED_EDGE ( 'NONE', *, *, #1746, .T. ) ;
#5261 = CARTESIAN_POINT ( 'NONE',  ( 5.322755903978812597, 51.20000000000000995, 20.83070497094753293 ) ) ;
#5262 = CARTESIAN_POINT ( 'NONE',  ( 20.52358569366460728, 51.19999999999999574, -6.405656115871772194 ) ) ;
#5263 = CARTESIAN_POINT ( 'NONE',  ( 10.75000000000001421, 45.20000000000000284, 18.61954618136542194 ) ) ;
#5264 = ORIENTED_EDGE ( 'NONE', *, *, #2176, .T. ) ;
#5265 = CARTESIAN_POINT ( 'NONE',  ( 4.225266388133338324, 51.20000000000000995, 21.08072873382963408 ) ) ;
#5266 = VERTEX_POINT ( 'NONE', #6406 ) ;
#5267 = DIRECTION ( 'NONE',  ( -9.860761315262647568E-32, 1.000000000000000000, 3.061616997868382155E-16 ) ) ;
#5268 = AXIS2_PLACEMENT_3D ( 'NONE', #149, #3584, #6279 ) ;
#5269 = EDGE_CURVE ( 'NONE', #5016, #3399, #6895, .T. ) ;
#5270 = EDGE_CURVE ( 'NONE', #7645, #3288, #3328, .T. ) ;
#5271 = AXIS2_PLACEMENT_3D ( 'NONE', #3450, #5376, #4495 ) ;
#5272 = AXIS2_PLACEMENT_3D ( 'NONE', #915, #9858, #5215 ) ;
#5273 = AXIS2_PLACEMENT_3D ( 'NONE', #3491, #887, #6961 ) ;
#5274 = DIRECTION ( 'NONE',  ( 0.000000000000000000, -3.227392513445222318E-16, 1.000000000000000000 ) ) ;
#5275 = CIRCLE ( 'NONE', #7516, 0.2500000000000002220 ) ;
#5276 = ORIENTED_EDGE ( 'NONE', *, *, #11686, .F. ) ;
#5277 = CARTESIAN_POINT ( 'NONE',  ( 17.89404075541372308, 51.20000000000000995, 11.91861172467634233 ) ) ;
#5278 = ORIENTED_EDGE ( 'NONE', *, *, #6848, .F. ) ;
#5279 = CIRCLE ( 'NONE', #181, 0.2500000000000002220 ) ;
#5280 = CIRCLE ( 'NONE', #3779, 0.2500000000000002220 ) ;
#5281 = CARTESIAN_POINT ( 'NONE',  ( -8.744837826129849390, -80.41022924428168039, -19.64122733931586851 ) ) ;
#5282 = ADVANCED_FACE ( 'NONE', ( #2824 ), #1108, .F. ) ;
#5283 = CARTESIAN_POINT ( 'NONE',  ( -19.15664027004999070, 45.19999999999998863, -9.760795744400052598 ) ) ;
#5284 = ORIENTED_EDGE ( 'NONE', *, *, #1219, .F. ) ;
#5285 = CIRCLE ( 'NONE', #10740, 21.50000000000000000 ) ;
#5286 = AXIS2_PLACEMENT_3D ( 'NONE', #3809, #7563, #11170 ) ;
#5287 = FACE_OUTER_BOUND ( 'NONE', #5729, .T. ) ;
#5288 = CIRCLE ( 'NONE', #11310, 0.2500000000000002220 ) ;
#5289 = AXIS2_PLACEMENT_3D ( 'NONE', #2927, #2877, #11006 ) ;
#5290 = VERTEX_POINT ( 'NONE', #45 ) ;
#5291 = CARTESIAN_POINT ( 'NONE',  ( -21.38222075041784365, 51.19999999999999574, 2.247361960254781632 ) ) ;
#5292 = ORIENTED_EDGE ( 'NONE', *, *, #727, .F. ) ;
#5293 = DIRECTION ( 'NONE',  ( 0.000000000000000000, -3.227392513445220839E-16, 1.000000000000000000 ) ) ;
#5294 = ORIENTED_EDGE ( 'NONE', *, *, #4442, .T. ) ;
#5295 = CIRCLE ( 'NONE', #6407, 21.50000000000001066 ) ;
#5296 = VERTEX_POINT ( 'NONE', #3658 ) ;
#5297 = EDGE_LOOP ( 'NONE', ( #7859, #4767, #923, #4814 ) ) ;
#5298 = CIRCLE ( 'NONE', #9985, 15.40000000000001279 ) ;
#5299 = AXIS2_PLACEMENT_3D ( 'NONE', #10519, #2330, #7748 ) ;
#5300 = CARTESIAN_POINT ( 'NONE',  ( -4.470101352581976606, 51.19999999999999574, -21.03017341577675836 ) ) ;
#5301 = VERTEX_POINT ( 'NONE', #156 ) ;
#5302 = CARTESIAN_POINT ( 'NONE',  ( -9.537388008203786072, 45.20000000000000284, 19.26884090911984870 ) ) ;
#5303 = CARTESIAN_POINT ( 'NONE',  ( 21.23529932279545918, 45.19999999999998863, 3.363340998364910739 ) ) ;
#5304 = EDGE_LOOP ( 'NONE', ( #488, #5517, #771, #4461 ) ) ;
#5305 = DIRECTION ( 'NONE',  ( -2.465190328815661892E-32, 1.000000000000000000, 3.061616997868381169E-16 ) ) ;
#5306 = CARTESIAN_POINT ( 'NONE',  ( -7.470998869602268222, -80.41022924428169460, 20.16021269457245069 ) ) ;
#5307 = CARTESIAN_POINT ( 'NONE',  ( 0.000000000000000000, 45.20000000000000995, -9.220454712679835547E-15 ) ) ;
#5308 = EDGE_CURVE ( 'NONE', #4479, #1996, #10834, .T. ) ;
#5309 = ORIENTED_EDGE ( 'NONE', *, *, #4655, .T. ) ;
#5310 = CARTESIAN_POINT ( 'NONE',  ( 15.37854173159009186, 45.20000000000000284, 15.02499431646288208 ) ) ;
#5311 = DIRECTION ( 'NONE',  ( -0.000000000000000000, 1.000000000000000000, 3.061616997868383141E-16 ) ) ;
#5312 = CIRCLE ( 'NONE', #7552, 21.50000000000000000 ) ;
#5313 = DIRECTION ( 'NONE',  ( -7.395570986446986770E-32, 1.000000000000000000, 3.061616997868381662E-16 ) ) ;
#5314 = EDGE_LOOP ( 'NONE', ( #11286, #11585, #6393, #5609 ) ) ;
#5315 = CARTESIAN_POINT ( 'NONE',  ( -4.714331922580580425, 45.19999999999998863, -20.97677464539619052 ) ) ;
#5316 = EDGE_CURVE ( 'NONE', #2128, #2883, #7641, .T. ) ;
#5317 = AXIS2_PLACEMENT_3D ( 'NONE', #2213, #1279, #6680 ) ;
#5318 = LINE ( 'NONE', #8021, #9836 ) ;
#5319 = CARTESIAN_POINT ( 'NONE',  ( 20.36907980785172612, 45.19999999999998863, 6.881176337034796475 ) ) ;
#5320 = CARTESIAN_POINT ( 'NONE',  ( -8.744837826129456815, 51.20000000000000995, 19.64122733931603904 ) ) ;
#5321 = CARTESIAN_POINT ( 'NONE',  ( -12.43427775499876198, 45.19999999999998863, -17.53963331177547502 ) ) ;
#5322 = ORIENTED_EDGE ( 'NONE', *, *, #2122, .T. ) ;
#5323 = DIRECTION ( 'NONE',  ( 0.000000000000000000, 0.000000000000000000, 1.000000000000000000 ) ) ;
#5324 = LINE ( 'NONE', #2440, #10910 ) ;
#5325 = CIRCLE ( 'NONE', #419, 0.2500000000000002220 ) ;
#5326 = DIRECTION ( 'NONE',  ( 0.000000000000000000, 0.000000000000000000, 1.000000000000000000 ) ) ;
#5327 = ORIENTED_EDGE ( 'NONE', *, *, #5695, .F. ) ;
#5328 = EDGE_CURVE ( 'NONE', #11267, #9079, #1817, .T. ) ;
#5329 = DIRECTION ( 'NONE',  ( -0.000000000000000000, 1.000000000000000000, 3.061616997868383141E-16 ) ) ;
#5330 = VERTEX_POINT ( 'NONE', #10003 ) ;
#5331 = DIRECTION ( 'NONE',  ( 0.000000000000000000, 0.000000000000000000, -1.000000000000000000 ) ) ;
#5332 = AXIS2_PLACEMENT_3D ( 'NONE', #3997, #2285, #6748 ) ;
#5333 = FACE_OUTER_BOUND ( 'NONE', #2992, .T. ) ;
#5334 = EDGE_CURVE ( 'NONE', #10369, #7462, #10784, .T. ) ;
#5335 = ORIENTED_EDGE ( 'NONE', *, *, #1411, .T. ) ;
#5336 = DIRECTION ( 'NONE',  ( -0.000000000000000000, 1.000000000000000000, 3.061616997868383141E-16 ) ) ;
#5337 = ORIENTED_EDGE ( 'NONE', *, *, #4756, .F. ) ;
#5338 = CARTESIAN_POINT ( 'NONE',  ( 0.000000000000000000, 51.20000000000000995, -7.383484513958806747E-15 ) ) ;
#5339 = EDGE_CURVE ( 'NONE', #8127, #3321, #6288, .T. ) ;
#5340 = FACE_OUTER_BOUND ( 'NONE', #3163, .T. ) ;
#5341 = ORIENTED_EDGE ( 'NONE', *, *, #288, .F. ) ;
#5342 = DIRECTION ( 'NONE',  ( 0.000000000000000000, -3.227392513445220839E-16, 1.000000000000000000 ) ) ;
#5343 = VERTEX_POINT ( 'NONE', #5414 ) ;
#5344 = CARTESIAN_POINT ( 'NONE',  ( -1.998583757652727000, -80.41022924428168039, -21.40690689856073092 ) ) ;
#5345 = ADVANCED_FACE ( 'NONE', ( #1050 ), #215, .F. ) ;
#5346 = ADVANCED_FACE ( 'NONE', ( #4701 ), #10961, .F. ) ;
#5347 = ORIENTED_EDGE ( 'NONE', *, *, #5842, .T. ) ;
#5348 = FACE_OUTER_BOUND ( 'NONE', #7144, .T. ) ;
#5349 = ORIENTED_EDGE ( 'NONE', *, *, #6304, .F. ) ;
#5350 = ORIENTED_EDGE ( 'NONE', *, *, #10234, .T. ) ;
#5351 = ORIENTED_EDGE ( 'NONE', *, *, #2591, .F. ) ;
#5352 = CARTESIAN_POINT ( 'NONE',  ( -15.20279579551057658, 51.20000000000000995, 15.20279579551096205 ) ) ;
#5353 = ORIENTED_EDGE ( 'NONE', *, *, #460, .F. ) ;
#5354 = DIRECTION ( 'NONE',  ( 0.000000000000000000, 0.000000000000000000, 1.000000000000000000 ) ) ;
#5355 = CARTESIAN_POINT ( 'NONE',  ( -10.75000000000014744, -80.41022924428168039, -18.36954618136536155 ) ) ;
#5356 = EDGE_CURVE ( 'NONE', #9292, #4024, #4450, .T. ) ;
#5357 = VERTEX_POINT ( 'NONE', #9828 ) ;
#5358 = CARTESIAN_POINT ( 'NONE',  ( 0.000000000000000000, 87.50000000000001421, 3.730185188303422936E-15 ) ) ;
#5359 = DIRECTION ( 'NONE',  ( 0.000000000000000000, -1.000000000000000000, -3.061616997868383141E-16 ) ) ;
#5360 = CARTESIAN_POINT ( 'NONE',  ( -18.03141721082647919, 51.20000000000000995, 11.70973925282329020 ) ) ;
#5361 = ORIENTED_EDGE ( 'NONE', *, *, #1702, .T. ) ;
#5362 = DIRECTION ( 'NONE',  ( -0.000000000000000000, 1.000000000000000000, 3.061616997868383141E-16 ) ) ;
#5363 = DIRECTION ( 'NONE',  ( -0.000000000000000000, 1.000000000000000000, 3.061616997868383141E-16 ) ) ;
#5364 = ORIENTED_EDGE ( 'NONE', *, *, #3339, .T. ) ;
#5365 = DIRECTION ( 'NONE',  ( 0.000000000000000000, -3.227392513445222318E-16, 1.000000000000000000 ) ) ;
#5366 = ADVANCED_FACE ( 'NONE', ( #878 ), #1767, .T. ) ;
#5367 = VERTEX_POINT ( 'NONE', #11672 ) ;
#5368 = CARTESIAN_POINT ( 'NONE',  ( -2.247361960254701252, 51.19999999999999574, -21.38222075041783299 ) ) ;
#5369 = EDGE_CURVE ( 'NONE', #5919, #10515, #8393, .T. ) ;
#5370 = DIRECTION ( 'NONE',  ( 0.000000000000000000, 0.000000000000000000, 1.000000000000000000 ) ) ;
#5371 = CARTESIAN_POINT ( 'NONE',  ( 21.23529932279545918, -80.41022924428168039, 3.363340998364872103 ) ) ;
#5372 = DIRECTION ( 'NONE',  ( -0.000000000000000000, 1.000000000000000000, 3.061616997868383141E-16 ) ) ;
#5373 = EDGE_CURVE ( 'NONE', #1596, #3695, #4052, .T. ) ;
#5374 = ORIENTED_EDGE ( 'NONE', *, *, #4972, .T. ) ;
#5375 = LINE ( 'NONE', #8860, #1161 ) ;
#5376 = DIRECTION ( 'NONE',  ( 9.860761315262647568E-32, 1.000000000000000000, 3.061616997868382155E-16 ) ) ;
#5377 = DIRECTION ( 'NONE',  ( -0.000000000000000000, 1.000000000000000000, 3.061616997868383141E-16 ) ) ;
#5378 = DIRECTION ( 'NONE',  ( 0.000000000000000000, 0.000000000000000000, -1.000000000000000000 ) ) ;
#5379 = ORIENTED_EDGE ( 'NONE', *, *, #3894, .T. ) ;
#5380 = DIRECTION ( 'NONE',  ( 0.000000000000000000, 0.000000000000000000, 1.000000000000000000 ) ) ;
#5381 = CARTESIAN_POINT ( 'NONE',  ( 21.45599973288054585, 51.19999999999999574, -1.374800153706002614 ) ) ;
#5382 = DIRECTION ( 'NONE',  ( 0.000000000000000000, -3.227392513445220839E-16, 1.000000000000000000 ) ) ;
#5383 = EDGE_CURVE ( 'NONE', #1985, #6354, #493, .T. ) ;
#5384 = VERTEX_POINT ( 'NONE', #1173 ) ;
#5385 = CARTESIAN_POINT ( 'NONE',  ( 0.000000000000000000, 87.50000000000001421, 3.730185188303422936E-15 ) ) ;
#5386 = VERTEX_POINT ( 'NONE', #10118 ) ;
#5387 = CARTESIAN_POINT ( 'NONE',  ( 0.000000000000000000, 9.199999999999999289, -2.024227590500601781E-14 ) ) ;
#5388 = DIRECTION ( 'NONE',  ( 0.000000000000000000, -3.227392513445222318E-16, 1.000000000000000000 ) ) ;
#5389 = CIRCLE ( 'NONE', #4820, 21.50000000000000000 ) ;
#5390 = ORIENTED_EDGE ( 'NONE', *, *, #980, .T. ) ;
#5391 = AXIS2_PLACEMENT_3D ( 'NONE', #8240, #3772, #3832 ) ;
#5392 = VECTOR ( 'NONE', #1991, 1000.000000000000000 ) ;
#5393 = EDGE_CURVE ( 'NONE', #5177, #467, #264, .T. ) ;
#5394 = AXIS2_PLACEMENT_3D ( 'NONE', #7127, #1603, #10725 ) ;
#5395 = CYLINDRICAL_SURFACE ( 'NONE', #1639, 21.50000000000000355 ) ;
#5396 = AXIS2_PLACEMENT_3D ( 'NONE', #3074, #1068, #9096 ) ;
#5397 = ORIENTED_EDGE ( 'NONE', *, *, #1499, .T. ) ;
#5398 = AXIS2_PLACEMENT_3D ( 'NONE', #3181, #2169, #10035 ) ;
#5399 = ORIENTED_EDGE ( 'NONE', *, *, #2296, .F. ) ;
#5400 = DIRECTION ( 'NONE',  ( 0.000000000000000000, 0.000000000000000000, 1.000000000000000000 ) ) ;
#5401 = VERTEX_POINT ( 'NONE', #7457 ) ;
#5402 = CARTESIAN_POINT ( 'NONE',  ( 9.760795744400269314, -80.41022924428169460, 19.15664027004985925 ) ) ;
#5403 = AXIS2_PLACEMENT_3D ( 'NONE', #6215, #7164, #7714 ) ;
#5404 = EDGE_LOOP ( 'NONE', ( #5397, #7621, #3688, #11559 ) ) ;
#5405 = ORIENTED_EDGE ( 'NONE', *, *, #9417, .T. ) ;
#5406 = CARTESIAN_POINT ( 'NONE',  ( 0.000000000000000000, 51.20000000000000995, -7.383484513958806747E-15 ) ) ;
#5407 = ORIENTED_EDGE ( 'NONE', *, *, #7638, .T. ) ;
#5408 = DIRECTION ( 'NONE',  ( -0.000000000000000000, 1.000000000000000000, 3.061616997868383141E-16 ) ) ;
#5409 = AXIS2_PLACEMENT_3D ( 'NONE', #8847, #52, #779 ) ;
#5410 = EDGE_CURVE ( 'NONE', #6750, #243, #695, .T. ) ;
#5411 = AXIS2_PLACEMENT_3D ( 'NONE', #10810, #2852, #3853 ) ;
#5412 = AXIS2_PLACEMENT_3D ( 'NONE', #3277, #11294, #6924 ) ;
#5413 = ORIENTED_EDGE ( 'NONE', *, *, #1945, .T. ) ;
#5414 = CARTESIAN_POINT ( 'NONE',  ( -18.16635567040233568, 51.20000000000000995, 11.49928352796124109 ) ) ;
#5415 = DIRECTION ( 'NONE',  ( 0.000000000000000000, -3.061616997868383634E-16, 1.000000000000000000 ) ) ;
#5416 = DIRECTION ( 'NONE',  ( -0.000000000000000000, 1.000000000000000000, 3.061616997868383141E-16 ) ) ;
#5417 = CIRCLE ( 'NONE', #10309, 21.50000000000000000 ) ;
#5418 = ADVANCED_FACE ( 'NONE', ( #9407 ), #6634, .F. ) ;
#5419 = ORIENTED_EDGE ( 'NONE', *, *, #9706, .T. ) ;
#5420 = ORIENTED_EDGE ( 'NONE', *, *, #10023, .F. ) ;
#5421 = DIRECTION ( 'NONE',  ( 0.000000000000000000, 0.000000000000000000, 1.000000000000000000 ) ) ;
#5422 = CYLINDRICAL_SURFACE ( 'NONE', #4156, 0.2500000000000002220 ) ;
#5423 = VERTEX_POINT ( 'NONE', #10173 ) ;
#5424 = EDGE_CURVE ( 'NONE', #7451, #11463, #5018, .T. ) ;
#5425 = CARTESIAN_POINT ( 'NONE',  ( 0.000000000000000000, 87.50000000000001421, 3.730185188303422936E-15 ) ) ;
#5426 = CIRCLE ( 'NONE', #7487, 0.2500000000000002220 ) ;
#5427 = DIRECTION ( 'NONE',  ( 9.860761315262647568E-32, 1.000000000000000000, 3.061616997868381662E-16 ) ) ;
#5428 = EDGE_CURVE ( 'NONE', #2448, #4953, #6318, .T. ) ;
#5429 = DIRECTION ( 'NONE',  ( 0.000000000000000000, 1.000000000000000000, 3.061616997868381662E-16 ) ) ;
#5430 = ORIENTED_EDGE ( 'NONE', *, *, #3482, .T. ) ;
#5431 = CARTESIAN_POINT ( 'NONE',  ( 0.000000000000000000, 51.19999999999999574, -21.24999999999997158 ) ) ;
#5432 = CARTESIAN_POINT ( 'NONE',  ( -6.643865379061518084, -80.41022924428168039, -20.44771510034576423 ) ) ;
#5433 = LINE ( 'NONE', #7085, #5574 ) ;
#5434 = DIRECTION ( 'NONE',  ( 0.000000000000000000, 0.000000000000000000, 1.000000000000000000 ) ) ;
#5435 = ORIENTED_EDGE ( 'NONE', *, *, #6368, .T. ) ;
#5436 = DIRECTION ( 'NONE',  ( 0.000000000000000000, 0.000000000000000000, 1.000000000000000000 ) ) ;
#5437 = CARTESIAN_POINT ( 'NONE',  ( 17.24574565275870697, 45.19999999999998863, -12.83877941551895496 ) ) ;
#5438 = DIRECTION ( 'NONE',  ( 0.000000000000000000, 0.000000000000000000, 1.000000000000000000 ) ) ;
#5439 = ADVANCED_FACE ( 'NONE', ( #4115, #10236 ), #4761, .T. ) ;
#5440 = CIRCLE ( 'NONE', #1866, 21.50000000000000000 ) ;
#5441 = CARTESIAN_POINT ( 'NONE',  ( 17.24574565275889526, 51.20000000000000995, 12.83877941551873114 ) ) ;
#5442 = VERTEX_POINT ( 'NONE', #11246 ) ;
#5443 = DIRECTION ( 'NONE',  ( 0.000000000000000000, 0.000000000000000000, -1.000000000000000000 ) ) ;
#5444 = DIRECTION ( 'NONE',  ( 0.000000000000000000, 0.000000000000000000, 1.000000000000000000 ) ) ;
#5445 = VECTOR ( 'NONE', #5459, 1000.000000000000000 ) ;
#5446 = CARTESIAN_POINT ( 'NONE',  ( -13.33519049100592468, 45.19999999999998863, -16.86483603740594006 ) ) ;
#5447 = CIRCLE ( 'NONE', #6380, 0.2500000000000002220 ) ;
#5448 = DIRECTION ( 'NONE',  ( 0.000000000000000000, 0.000000000000000000, -1.000000000000000000 ) ) ;
#5449 = VERTEX_POINT ( 'NONE', #2157 ) ;
#5450 = EDGE_CURVE ( 'NONE', #3456, #1937, #9344, .T. ) ;
#5451 = AXIS2_PLACEMENT_3D ( 'NONE', #9107, #8048, #7936 ) ;
#5452 = DIRECTION ( 'NONE',  ( 0.000000000000000000, 0.000000000000000000, 1.000000000000000000 ) ) ;
#5453 = CIRCLE ( 'NONE', #368, 0.2500000000000002220 ) ;
#5454 = ORIENTED_EDGE ( 'NONE', *, *, #6984, .T. ) ;
#5455 = DIRECTION ( 'NONE',  ( -0.000000000000000000, 1.000000000000000000, 3.061616997868383141E-16 ) ) ;
#5456 = VERTEX_POINT ( 'NONE', #2931 ) ;
#5457 = DIRECTION ( 'NONE',  ( -0.000000000000000000, 1.000000000000000000, 3.061616997868383141E-16 ) ) ;
#5458 = ORIENTED_EDGE ( 'NONE', *, *, #9399, .T. ) ;
#5459 = DIRECTION ( 'NONE',  ( -4.930380657631323784E-32, 1.000000000000000000, 3.061616997868382648E-16 ) ) ;
#5460 = ORIENTED_EDGE ( 'NONE', *, *, #6681, .F. ) ;
#5461 = ORIENTED_EDGE ( 'NONE', *, *, #10054, .T. ) ;
#5462 = CARTESIAN_POINT ( 'NONE',  ( -9.760795744400400764, 45.19999999999998863, -18.90664027004980952 ) ) ;
#5463 = ORIENTED_EDGE ( 'NONE', *, *, #988, .T. ) ;
#5464 = PRODUCT_CONTEXT ( 'NONE', #9494, 'mechanical' ) ;
#5465 = CARTESIAN_POINT ( 'NONE',  ( 0.000000000000000000, 10.27282251965208637, -1.991381873881973871E-14 ) ) ;
#5466 = CIRCLE ( 'NONE', #7923, 0.2500000000000002220 ) ;
#5467 = AXIS2_PLACEMENT_3D ( 'NONE', #2506, #6098, #2329 ) ;
#5468 = AXIS2_PLACEMENT_3D ( 'NONE', #5352, #6944, #3587 ) ;
#5469 = ORIENTED_EDGE ( 'NONE', *, *, #10187, .F. ) ;
#5470 = AXIS2_PLACEMENT_3D ( 'NONE', #8428, #5832, #10315 ) ;
#5471 = DIRECTION ( 'NONE',  ( -0.000000000000000000, 1.000000000000000000, 3.061616997868383141E-16 ) ) ;
#5472 = DIRECTION ( 'NONE',  ( 0.000000000000000000, 0.000000000000000000, -1.000000000000000000 ) ) ;
#5473 = CARTESIAN_POINT ( 'NONE',  ( 9.760795744400269314, 51.20000000000000995, 19.15664027004990189 ) ) ;
#5474 = EDGE_CURVE ( 'NONE', #5401, #5781, #6504, .T. ) ;
#5475 = AXIS2_PLACEMENT_3D ( 'NONE', #3438, #4313, #4377 ) ;
#5476 = EDGE_CURVE ( 'NONE', #11026, #4704, #1284, .T. ) ;
#5477 = ORIENTED_EDGE ( 'NONE', *, *, #1611, .T. ) ;
#5478 = VERTEX_POINT ( 'NONE', #8467 ) ;
#5479 = LINE ( 'NONE', #1218, #521 ) ;
#5480 = LINE ( 'NONE', #1007, #7157 ) ;
#5481 = ORIENTED_EDGE ( 'NONE', *, *, #6201, .F. ) ;
#5482 = EDGE_CURVE ( 'NONE', #3221, #2973, #7521, .T. ) ;
#5483 = CARTESIAN_POINT ( 'NONE',  ( 21.03017341577679389, 51.19999999999999574, -4.470101352581888676 ) ) ;
#5484 = CARTESIAN_POINT ( 'NONE',  ( 21.08072873382964829, -80.41022924428168039, -4.225266388133271711 ) ) ;
#5485 = AXIS2_PLACEMENT_3D ( 'NONE', #9248, #8415, #1115 ) ;
#5486 = CARTESIAN_POINT ( 'NONE',  ( 3.363340998364822809, 45.19999999999998863, -21.23529932279545562 ) ) ;
#5487 = CARTESIAN_POINT ( 'NONE',  ( 19.26884090911966751, 51.19999999999999574, 9.537388008204141343 ) ) ;
#5488 = VECTOR ( 'NONE', #6849, 1000.000000000000000 ) ;
#5489 = DIRECTION ( 'NONE',  ( 0.000000000000000000, 0.000000000000000000, 1.000000000000000000 ) ) ;
#5490 = EDGE_CURVE ( 'NONE', #10243, #4114, #8028, .T. ) ;
#5491 = EDGE_CURVE ( 'NONE', #11177, #4375, #4270, .T. ) ;
#5492 = AXIS2_PLACEMENT_3D ( 'NONE', #6479, #7371, #1018 ) ;
#5493 = ORIENTED_EDGE ( 'NONE', *, *, #10461, .F. ) ;
#5494 = DIRECTION ( 'NONE',  ( 0.000000000000000000, -3.227392513445222318E-16, 1.000000000000000000 ) ) ;
#5495 = CARTESIAN_POINT ( 'NONE',  ( 0.000000000000000000, 3.750000000000003553, -2.191085716884428736E-14 ) ) ;
#5496 = DIRECTION ( 'NONE',  ( 0.000000000000000000, 0.000000000000000000, -1.000000000000000000 ) ) ;
#5497 = CIRCLE ( 'NONE', #10184, 0.2500000000000002220 ) ;
#5498 = FACE_OUTER_BOUND ( 'NONE', #5867, .T. ) ;
#5499 = CIRCLE ( 'NONE', #7526, 21.50000000000000000 ) ;
#5500 = ORIENTED_EDGE ( 'NONE', *, *, #11361, .T. ) ;
#5501 = DIRECTION ( 'NONE',  ( 6.162975822039154730E-33, 1.000000000000000000, 3.061616997868382155E-16 ) ) ;
#5502 = CYLINDRICAL_SURFACE ( 'NONE', #626, 21.50000000000000355 ) ;
#5503 = AXIS2_PLACEMENT_3D ( 'NONE', #7542, #8610, #537 ) ;
#5504 = DIRECTION ( 'NONE',  ( -0.000000000000000000, 1.000000000000000000, 3.061616997868383141E-16 ) ) ;
#5505 = EDGE_CURVE ( 'NONE', #2883, #998, #5752, .T. ) ;
#5506 = DIRECTION ( 'NONE',  ( -0.000000000000000000, 1.000000000000000000, 3.061616997868383141E-16 ) ) ;
#5507 = AXIS2_PLACEMENT_3D ( 'NONE', #3066, #6647, #2170 ) ;
#5508 = VERTEX_POINT ( 'NONE', #1413 ) ;
#5509 = DIRECTION ( 'NONE',  ( -0.000000000000000000, 1.000000000000000000, 3.061616997868383141E-16 ) ) ;
#5510 = VERTEX_POINT ( 'NONE', #4994 ) ;
#5511 = FACE_OUTER_BOUND ( 'NONE', #5522, .T. ) ;
#5512 = CARTESIAN_POINT ( 'NONE',  ( 4.470101352581692389, 51.19999999999999574, -21.03017341577681876 ) ) ;
#5513 = VECTOR ( 'NONE', #10232, 1000.000000000000000 ) ;
#5514 = ORIENTED_EDGE ( 'NONE', *, *, #11536, .F. ) ;
#5515 = EDGE_CURVE ( 'NONE', #1227, #2394, #2184, .T. ) ;
#5516 = CARTESIAN_POINT ( 'NONE',  ( 2.241103642439657471E-15, 87.50000000000001421, -18.30000000000000782 ) ) ;
#5517 = ORIENTED_EDGE ( 'NONE', *, *, #7976, .T. ) ;
#5518 = CYLINDRICAL_SURFACE ( 'NONE', #11147, 21.50000000000000355 ) ;
#5519 = AXIS2_PLACEMENT_3D ( 'NONE', #2216, #3745, #1144 ) ;
#5520 = VERTEX_POINT ( 'NONE', #10536 ) ;
#5521 = DIRECTION ( 'NONE',  ( -4.930380657631323784E-32, 1.000000000000000000, 3.061616997868381169E-16 ) ) ;
#5522 = EDGE_LOOP ( 'NONE', ( #6448, #6876, #7798, #4350 ) ) ;
#5523 = CARTESIAN_POINT ( 'NONE',  ( 0.000000000000000000, 87.50000000000001421, 3.730185188303422936E-15 ) ) ;
#5524 = EDGE_LOOP ( 'NONE', ( #10889, #4410, #3585, #3279 ) ) ;
#5525 = ORIENTED_EDGE ( 'NONE', *, *, #7309, .F. ) ;
#5526 = CARTESIAN_POINT ( 'NONE',  ( -7.704910915223695866, 45.20000000000000284, 20.07197916968994278 ) ) ;
#5527 = ORIENTED_EDGE ( 'NONE', *, *, #2211, .F. ) ;
#5528 = DIRECTION ( 'NONE',  ( 0.000000000000000000, -1.000000000000000000, -3.061616997868383141E-16 ) ) ;
#5529 = EDGE_CURVE ( 'NONE', #9452, #5035, #6697, .T. ) ;
#5530 = DIRECTION ( 'NONE',  ( -0.000000000000000000, 1.000000000000000000, 3.061616997868383141E-16 ) ) ;
#5531 = VERTEX_POINT ( 'NONE', #10473 ) ;
#5532 = CARTESIAN_POINT ( 'NONE',  ( -4.225266388133492867, 51.19999999999999574, -21.08072873382961632 ) ) ;
#5533 = EDGE_CURVE ( 'NONE', #9684, #3807, #1633, .T. ) ;
#5534 = LINE ( 'NONE', #9940, #5256 ) ;
#5535 = FACE_OUTER_BOUND ( 'NONE', #8517, .T. ) ;
#5536 = VERTEX_POINT ( 'NONE', #7820 ) ;
#5537 = ORIENTED_EDGE ( 'NONE', *, *, #9554, .F. ) ;
#5538 = CARTESIAN_POINT ( 'NONE',  ( 3.116195710812518005, 51.19999999999999574, -21.27297168455582366 ) ) ;
#5539 = FACE_OUTER_BOUND ( 'NONE', #9963, .T. ) ;
#5540 = ORIENTED_EDGE ( 'NONE', *, *, #7385, .T. ) ;
#5541 = CARTESIAN_POINT ( 'NONE',  ( 20.76740526521493635, -80.41022924428168039, -5.564609469704302924 ) ) ;
#5542 = EDGE_CURVE ( 'NONE', #2246, #10699, #6059, .T. ) ;
#5543 = EDGE_CURVE ( 'NONE', #7396, #7443, #5115, .T. ) ;
#5544 = CYLINDRICAL_SURFACE ( 'NONE', #11073, 21.50000000000000355 ) ;
#5545 = DIRECTION ( 'NONE',  ( -0.000000000000000000, 1.000000000000000000, 3.061616997868383141E-16 ) ) ;
#5546 = DIRECTION ( 'NONE',  ( 0.000000000000000000, -1.000000000000000000, -3.061616997868383141E-16 ) ) ;
#5547 = EDGE_LOOP ( 'NONE', ( #7272, #1398, #4754, #9124 ) ) ;
#5548 = DIRECTION ( 'NONE',  ( 0.000000000000000000, -3.227392513445222318E-16, 1.000000000000000000 ) ) ;
#5549 = CARTESIAN_POINT ( 'NONE',  ( -1.125223059222998367, 45.20000000000000284, 21.47053499722335701 ) ) ;
#5550 = CARTESIAN_POINT ( 'NONE',  ( -17.24574565275872473, 51.20000000000000995, 12.83877941551895852 ) ) ;
#5551 = DIRECTION ( 'NONE',  ( 0.000000000000000000, -1.000000000000000000, -3.061616997868383141E-16 ) ) ;
#5552 = ORIENTED_EDGE ( 'NONE', *, *, #969, .T. ) ;
#5553 = LINE ( 'NONE', #7547, #776 ) ;
#5554 = CARTESIAN_POINT ( 'NONE',  ( 0.000000000000000000, 51.20000000000000995, -7.383484513958806747E-15 ) ) ;
#5555 = ADVANCED_FACE ( 'NONE', ( #4174 ), #3350, .F. ) ;
#5556 = EDGE_CURVE ( 'NONE', #4815, #1596, #11227, .T. ) ;
#5557 = DIRECTION ( 'NONE',  ( 0.000000000000000000, 0.000000000000000000, 1.000000000000000000 ) ) ;
#5558 = CARTESIAN_POINT ( 'NONE',  ( -21.40690689856074158, 51.19999999999999574, -1.998583757652515835 ) ) ;
#5559 = VERTEX_POINT ( 'NONE', #1586 ) ;
#5560 = CARTESIAN_POINT ( 'NONE',  ( -17.39386537906147012, -80.41022924428168039, -12.63738292428803511 ) ) ;
#5561 = CARTESIAN_POINT ( 'NONE',  ( -9.537388008204334966, 51.19999999999999574, -19.26884090911958225 ) ) ;
#5562 = DIRECTION ( 'NONE',  ( 0.000000000000000000, 0.000000000000000000, -1.000000000000000000 ) ) ;
#5563 = EDGE_CURVE ( 'NONE', #10600, #5035, #5673, .T. ) ;
#5564 = CARTESIAN_POINT ( 'NONE',  ( -11.49928352796118780, 51.19999999999999574, -18.16635567040237831 ) ) ;
#5565 = CARTESIAN_POINT ( 'NONE',  ( -15.20279579551089455, -80.41022924428168039, -15.20279579551065297 ) ) ;
#5566 = VERTEX_POINT ( 'NONE', #7943 ) ;
#5567 = DIRECTION ( 'NONE',  ( 0.000000000000000000, 0.000000000000000000, -1.000000000000000000 ) ) ;
#5568 = ORIENTED_EDGE ( 'NONE', *, *, #1421, .T. ) ;
#5569 = DIRECTION ( 'NONE',  ( 0.000000000000000000, 0.000000000000000000, -1.000000000000000000 ) ) ;
#5570 = EDGE_LOOP ( 'NONE', ( #7425, #5322, #10971, #9115 ) ) ;
#5571 = EDGE_CURVE ( 'NONE', #4006, #7015, #9524, .T. ) ;
#5572 = CARTESIAN_POINT ( 'NONE',  ( -20.76740526521501096, -80.41022924428168039, -5.564609469704011602 ) ) ;
#5573 = VERTEX_POINT ( 'NONE', #8824 ) ;
#5574 = VECTOR ( 'NONE', #903, 1000.000000000000000 ) ;
#5575 = CARTESIAN_POINT ( 'NONE',  ( 0.000000000000000000, 45.20000000000000995, -9.220454712679835547E-15 ) ) ;
#5576 = FACE_OUTER_BOUND ( 'NONE', #1562, .T. ) ;
#5577 = VERTEX_POINT ( 'NONE', #1471 ) ;
#5578 = DIRECTION ( 'NONE',  ( 0.000000000000000000, 0.000000000000000000, -1.000000000000000000 ) ) ;
#5579 = AXIS2_PLACEMENT_3D ( 'NONE', #7482, #349, #175 ) ;
#5580 = EDGE_CURVE ( 'NONE', #7915, #5691, #3410, .T. ) ;
#5581 = AXIS2_PLACEMENT_3D ( 'NONE', #10616, #8840, #7962 ) ;
#5582 = ORIENTED_EDGE ( 'NONE', *, *, #5901, .F. ) ;
#5583 = DIRECTION ( 'NONE',  ( 9.860761315262647568E-32, 1.000000000000000000, 3.061616997868382648E-16 ) ) ;
#5584 = AXIS2_PLACEMENT_3D ( 'NONE', #1752, #7220, #5342 ) ;
#5585 = DIRECTION ( 'NONE',  ( -0.000000000000000000, 1.000000000000000000, 3.061616997868383141E-16 ) ) ;
#5586 = DIRECTION ( 'NONE',  ( -4.930380657631323784E-32, 1.000000000000000000, 3.061616997868381662E-16 ) ) ;
#5587 = ORIENTED_EDGE ( 'NONE', *, *, #7385, .F. ) ;
#5588 = EDGE_LOOP ( 'NONE', ( #8921, #2784, #1221, #7358 ) ) ;
#5589 = AXIS2_PLACEMENT_3D ( 'NONE', #10839, #4598, #6677 ) ;
#5590 = DIRECTION ( 'NONE',  ( 4.930380657631323784E-32, 1.000000000000000000, 3.061616997868383141E-16 ) ) ;
#5591 = VERTEX_POINT ( 'NONE', #4351 ) ;
#5592 = AXIS2_PLACEMENT_3D ( 'NONE', #58, #5545, #6359 ) ;
#5593 = CARTESIAN_POINT ( 'NONE',  ( -20.44771510034585660, 51.19999999999999574, -6.393865379061153043 ) ) ;
#5594 = EDGE_CURVE ( 'NONE', #2697, #9323, #6873, .T. ) ;
#5595 = AXIS2_PLACEMENT_3D ( 'NONE', #7572, #8449, #11364 ) ;
#5596 = FACE_OUTER_BOUND ( 'NONE', #11681, .T. ) ;
#5597 = AXIS2_PLACEMENT_3D ( 'NONE', #9131, #7241, #1887 ) ;
#5598 = FACE_OUTER_BOUND ( 'NONE', #2322, .T. ) ;
#5599 = CIRCLE ( 'NONE', #2023, 21.50000000000001066 ) ;
#5600 = DIRECTION ( 'NONE',  ( -0.000000000000000000, 1.000000000000000000, 3.061616997868383141E-16 ) ) ;
#5601 = EDGE_CURVE ( 'NONE', #7467, #8045, #2520, .T. ) ;
#5602 = CIRCLE ( 'NONE', #9560, 0.2500000000000002220 ) ;
#5603 = ORIENTED_EDGE ( 'NONE', *, *, #1219, .T. ) ;
#5604 = CARTESIAN_POINT ( 'NONE',  ( -21.23529932279541299, 51.19999999999999574, 3.363340998365199841 ) ) ;
#5605 = DIRECTION ( 'NONE',  ( 2.465190328815661892E-32, 1.000000000000000000, 3.061616997868381662E-16 ) ) ;
#5606 = EDGE_CURVE ( 'NONE', #797, #5894, #10387, .T. ) ;
#5607 = CYLINDRICAL_SURFACE ( 'NONE', #2768, 21.50000000000000355 ) ;
#5608 = DIRECTION ( 'NONE',  ( 7.395570986446986770E-32, 1.000000000000000000, 3.061616997868381662E-16 ) ) ;
#5609 = ORIENTED_EDGE ( 'NONE', *, *, #8285, .F. ) ;
#5610 = CIRCLE ( 'NONE', #6358, 0.2500000000000002220 ) ;
#5611 = DIRECTION ( 'NONE',  ( 0.000000000000000000, 0.000000000000000000, -1.000000000000000000 ) ) ;
#5612 = CARTESIAN_POINT ( 'NONE',  ( -20.97677464539635395, 45.19999999999998863, -4.714331922580043965 ) ) ;
#5613 = FACE_OUTER_BOUND ( 'NONE', #11479, .T. ) ;
#5614 = ORIENTED_EDGE ( 'NONE', *, *, #10832, .F. ) ;
#5615 = CARTESIAN_POINT ( 'NONE',  ( 15.20279579551068316, 45.19999999999998863, -15.20279579551082882 ) ) ;
#5616 = ORIENTED_EDGE ( 'NONE', *, *, #2729, .T. ) ;
#5617 = EDGE_CURVE ( 'NONE', #3095, #6803, #6608, .T. ) ;
#5618 = DIRECTION ( 'NONE',  ( 0.000000000000000000, -3.227392513445222318E-16, 1.000000000000000000 ) ) ;
#5619 = DIRECTION ( 'NONE',  ( 0.000000000000000000, 0.000000000000000000, 1.000000000000000000 ) ) ;
#5620 = CARTESIAN_POINT ( 'NONE',  ( 0.000000000000000000, 87.50000000000001421, 3.730185188303422936E-15 ) ) ;
#5621 = ORIENTED_EDGE ( 'NONE', *, *, #9438, .F. ) ;
#5622 = ADVANCED_FACE ( 'NONE', ( #11550 ), #6161, .T. ) ;
#5623 = DIRECTION ( 'NONE',  ( -0.000000000000000000, 1.000000000000000000, 3.061616997868383141E-16 ) ) ;
#5624 = VERTEX_POINT ( 'NONE', #1692 ) ;
#5625 = ORIENTED_EDGE ( 'NONE', *, *, #2166, .F. ) ;
#5626 = CARTESIAN_POINT ( 'NONE',  ( 20.44771510034580686, 45.19999999999998863, 6.643865379061326237 ) ) ;
#5627 = AXIS2_PLACEMENT_3D ( 'NONE', #10803, #8319, #5658 ) ;
#5628 = ORIENTED_EDGE ( 'NONE', *, *, #4193, .F. ) ;
#5629 = EDGE_CURVE ( 'NONE', #7171, #1673, #8501, .T. ) ;
#5630 = FACE_OUTER_BOUND ( 'NONE', #6313, .T. ) ;
#5631 = FACE_OUTER_BOUND ( 'NONE', #6112, .T. ) ;
#5632 = EDGE_CURVE ( 'NONE', #7817, #11375, #9439, .T. ) ;
#5633 = ORIENTED_EDGE ( 'NONE', *, *, #3393, .T. ) ;
#5634 = DIRECTION ( 'NONE',  ( 0.000000000000000000, 0.000000000000000000, 1.000000000000000000 ) ) ;
#5635 = AXIS2_PLACEMENT_3D ( 'NONE', #10163, #10107, #10278 ) ;
#5636 = LINE ( 'NONE', #324, #5139 ) ;
#5637 = CIRCLE ( 'NONE', #3943, 0.2500000000000002220 ) ;
#5638 = EDGE_CURVE ( 'NONE', #8728, #7126, #9253, .T. ) ;
#5639 = VERTEX_POINT ( 'NONE', #2634 ) ;
#5640 = DIRECTION ( 'NONE',  ( -3.697785493223493385E-32, 1.000000000000000000, 3.061616997868381662E-16 ) ) ;
#5641 = LINE ( 'NONE', #4002, #6505 ) ;
#5642 = CARTESIAN_POINT ( 'NONE',  ( -20.76740526521501096, 45.19999999999998863, -5.564609469703973410 ) ) ;
#5643 = ORIENTED_EDGE ( 'NONE', *, *, #7816, .T. ) ;
#5644 = ORIENTED_EDGE ( 'NONE', *, *, #4028, .T. ) ;
#5645 = AXIS2_PLACEMENT_3D ( 'NONE', #2556, #1676, #8036 ) ;
#5646 = AXIS2_PLACEMENT_3D ( 'NONE', #8307, #7410, #11018 ) ;
#5647 = CARTESIAN_POINT ( 'NONE',  ( 0.000000000000000000, 87.50000000000001421, 3.730185188303422936E-15 ) ) ;
#5648 = ORIENTED_EDGE ( 'NONE', *, *, #9515, .F. ) ;
#5649 = CARTESIAN_POINT ( 'NONE',  ( -3.363340998365109691, 45.19999999999998863, -21.23529932279540944 ) ) ;
#5650 = AXIS2_PLACEMENT_3D ( 'NONE', #5432, #1903, #4555 ) ;
#5651 = DIRECTION ( 'NONE',  ( 0.000000000000000000, 0.000000000000000000, 1.000000000000000000 ) ) ;
#5652 = EDGE_CURVE ( 'NONE', #5423, #82, #1755, .T. ) ;
#5653 = DIRECTION ( 'NONE',  ( 0.000000000000000000, -1.000000000000000000, -3.061616997868383141E-16 ) ) ;
#5654 = DIRECTION ( 'NONE',  ( 0.000000000000000000, -1.000000000000000000, -3.061616997868383141E-16 ) ) ;
#5655 = VERTEX_POINT ( 'NONE', #10767 ) ;
#5656 = ORIENTED_EDGE ( 'NONE', *, *, #6721, .T. ) ;
#5657 = DIRECTION ( 'NONE',  ( 0.000000000000000000, -3.227392513445222318E-16, 1.000000000000000000 ) ) ;
#5658 = DIRECTION ( 'NONE',  ( 0.000000000000000000, 0.000000000000000000, 1.000000000000000000 ) ) ;
#5659 = EDGE_CURVE ( 'NONE', #638, #6678, #975, .T. ) ;
#5660 = DIRECTION ( 'NONE',  ( 0.000000000000000000, 0.000000000000000000, 1.000000000000000000 ) ) ;
#5661 = CYLINDRICAL_SURFACE ( 'NONE', #4334, 0.2500000000000002220 ) ;
#5662 = VERTEX_POINT ( 'NONE', #6275 ) ;
#5663 = CARTESIAN_POINT ( 'NONE',  ( -6.881176337034560220, 51.20000000000000995, 20.36907980785178296 ) ) ;
#5664 = LINE ( 'NONE', #7378, #10199 ) ;
#5665 = DIRECTION ( 'NONE',  ( -0.000000000000000000, 1.000000000000000000, 3.061616997868383141E-16 ) ) ;
#5666 = AXIS2_PLACEMENT_3D ( 'NONE', #6971, #1729, #10738 ) ;
#5667 = AXIS2_PLACEMENT_3D ( 'NONE', #9289, #7401, #8236 ) ;
#5668 = EDGE_CURVE ( 'NONE', #10576, #2262, #11137, .T. ) ;
#5669 = VECTOR ( 'NONE', #10743, 1000.000000000000000 ) ;
#5670 = VERTEX_POINT ( 'NONE', #2746 ) ;
#5671 = CARTESIAN_POINT ( 'NONE',  ( 21.23529932279543431, 51.19999999999999574, -3.363340998365024870 ) ) ;
#5672 = LINE ( 'NONE', #11042, #3759 ) ;
#5673 = CIRCLE ( 'NONE', #27, 21.50000000000000000 ) ;
#5674 = DIRECTION ( 'NONE',  ( 0.000000000000000000, 0.000000000000000000, 1.000000000000000000 ) ) ;
#5675 = DIRECTION ( 'NONE',  ( 0.000000000000000000, 0.000000000000000000, -1.000000000000000000 ) ) ;
#5676 = ADVANCED_FACE ( 'NONE', ( #9866 ), #5518, .T. ) ;
#5677 = CARTESIAN_POINT ( 'NONE',  ( 21.47053499722333214, 51.19999999999999574, 1.125223059223238842 ) ) ;
#5678 = ORIENTED_EDGE ( 'NONE', *, *, #4614, .T. ) ;
#5679 = EDGE_CURVE ( 'NONE', #2693, #982, #10958, .T. ) ;
#5680 = CARTESIAN_POINT ( 'NONE',  ( 0.000000000000000000, 87.50000000000001421, 3.730185188303422936E-15 ) ) ;
#5681 = VECTOR ( 'NONE', #10911, 1000.000000000000000 ) ;
#5682 = ORIENTED_EDGE ( 'NONE', *, *, #2267, .F. ) ;
#5683 = ORIENTED_EDGE ( 'NONE', *, *, #10953, .T. ) ;
#5684 = CARTESIAN_POINT ( 'NONE',  ( 0.000000000000000000, 87.50000000000001421, 3.730185188303422936E-15 ) ) ;
#5685 = EDGE_CURVE ( 'NONE', #4486, #1734, #6056, .T. ) ;
#5686 = ORIENTED_EDGE ( 'NONE', *, *, #2511, .T. ) ;
#5687 = AXIS2_PLACEMENT_3D ( 'NONE', #9100, #4615, #121 ) ;
#5688 = DIRECTION ( 'NONE',  ( 0.000000000000000000, 0.000000000000000000, 1.000000000000000000 ) ) ;
#5689 = AXIS2_PLACEMENT_3D ( 'NONE', #4703, #5586, #7296 ) ;
#5690 = CARTESIAN_POINT ( 'NONE',  ( 1.528749174549530834E-15, 3.750000000000005773, -8.948518023597419102 ) ) ;
#5691 = VERTEX_POINT ( 'NONE', #8175 ) ;
#5692 = DIRECTION ( 'NONE',  ( 0.000000000000000000, -3.227392513445222318E-16, 1.000000000000000000 ) ) ;
#5693 = CARTESIAN_POINT ( 'NONE',  ( -19.53821706942812497, -80.41022924428168039, 8.972629143562462772 ) ) ;
#5694 = EDGE_CURVE ( 'NONE', #4260, #7634, #10880, .T. ) ;
#5695 = EDGE_CURVE ( 'NONE', #5050, #10079, #9637, .T. ) ;
#5696 = EDGE_LOOP ( 'NONE', ( #10872, #4630 ) ) ;
#5697 = DIRECTION ( 'NONE',  ( 0.000000000000000000, -0.9781476007338054668, -0.2079116908177604806 ) ) ;
#5698 = CARTESIAN_POINT ( 'NONE',  ( -11.91861172467664431, 45.19999999999998863, -17.89404075541349926 ) ) ;
#5699 = CARTESIAN_POINT ( 'NONE',  ( 10.53277056407873147, 51.20000000000000995, 18.74328531086469596 ) ) ;
#5700 = ORIENTED_EDGE ( 'NONE', *, *, #8121, .F. ) ;
#5701 = ORIENTED_EDGE ( 'NONE', *, *, #6463, .T. ) ;
#5702 = ADVANCED_FACE ( 'NONE', ( #8058 ), #11594, .F. ) ;
#5703 = DIRECTION ( 'NONE',  ( -0.000000000000000000, 1.000000000000000000, 3.061616997868383141E-16 ) ) ;
#5704 = ORIENTED_EDGE ( 'NONE', *, *, #2899, .F. ) ;
#5705 = DIRECTION ( 'NONE',  ( 0.000000000000000000, 0.000000000000000000, 1.000000000000000000 ) ) ;
#5706 = AXIS2_PLACEMENT_3D ( 'NONE', #2220, #1531, #10603 ) ;
#5707 = CYLINDRICAL_SURFACE ( 'NONE', #2198, 21.50000000000000355 ) ;
#5708 = DIRECTION ( 'NONE',  ( 0.000000000000000000, 0.000000000000000000, 1.000000000000000000 ) ) ;
#5709 = DIRECTION ( 'NONE',  ( 0.000000000000000000, 0.000000000000000000, 1.000000000000000000 ) ) ;
#5710 = ORIENTED_EDGE ( 'NONE', *, *, #10735, .F. ) ;
#5711 = ORIENTED_EDGE ( 'NONE', *, *, #10389, .F. ) ;
#5712 = CARTESIAN_POINT ( 'NONE',  ( 0.000000000000000000, 51.20000000000000995, -7.383484513958806747E-15 ) ) ;
#5713 = DIRECTION ( 'NONE',  ( -0.000000000000000000, 1.000000000000000000, 3.061616997868383141E-16 ) ) ;
#5714 = LINE ( 'NONE', #9261, #501 ) ;
#5715 = CARTESIAN_POINT ( 'NONE',  ( -20.44771510034585660, -80.41022924428168039, -6.643865379061193899 ) ) ;
#5716 = ORIENTED_EDGE ( 'NONE', *, *, #10053, .T. ) ;
#5717 = DIRECTION ( 'NONE',  ( 0.000000000000000000, 0.000000000000000000, -1.000000000000000000 ) ) ;
#5718 = DIRECTION ( 'NONE',  ( 0.000000000000000000, 0.000000000000000000, 1.000000000000000000 ) ) ;
#5719 = CARTESIAN_POINT ( 'NONE',  ( -16.70863817132498141, 51.19999999999999574, -13.53038840757134231 ) ) ;
#5720 = EDGE_CURVE ( 'NONE', #7443, #3389, #5860, .T. ) ;
#5721 = ORIENTED_EDGE ( 'NONE', *, *, #9162, .T. ) ;
#5722 = FACE_OUTER_BOUND ( 'NONE', #8989, .T. ) ;
#5723 = LINE ( 'NONE', #3138, #1116 ) ;
#5724 = DIRECTION ( 'NONE',  ( 0.000000000000000000, -3.384826294588891940E-16, 1.000000000000000000 ) ) ;
#5725 = ORIENTED_EDGE ( 'NONE', *, *, #1753, .T. ) ;
#5726 = CYLINDRICAL_SURFACE ( 'NONE', #3600, 0.2500000000000002220 ) ;
#5727 = ORIENTED_EDGE ( 'NONE', *, *, #10281, .T. ) ;
#5728 = DIRECTION ( 'NONE',  ( -0.000000000000000000, 1.000000000000000000, 3.061616997868383141E-16 ) ) ;
#5729 = EDGE_LOOP ( 'NONE', ( #2810, #11557, #1680, #552 ) ) ;
#5730 = DIRECTION ( 'NONE',  ( -4.930380657631323784E-32, 1.000000000000000000, 3.061616997868382648E-16 ) ) ;
#5731 = FACE_OUTER_BOUND ( 'NONE', #8939, .T. ) ;
#5732 = ORIENTED_EDGE ( 'NONE', *, *, #9635, .F. ) ;
#5733 = VERTEX_POINT ( 'NONE', #6389 ) ;
#5734 = DIRECTION ( 'NONE',  ( 0.000000000000000000, 0.000000000000000000, 1.000000000000000000 ) ) ;
#5735 = VERTEX_POINT ( 'NONE', #9112 ) ;
#5736 = FACE_OUTER_BOUND ( 'NONE', #11188, .T. ) ;
#5737 = DIRECTION ( 'NONE',  ( -0.000000000000000000, 1.000000000000000000, 3.061616997868383141E-16 ) ) ;
#5738 = EDGE_CURVE ( 'NONE', #4587, #2799, #6239, .T. ) ;
#5739 = VERTEX_POINT ( 'NONE', #4629 ) ;
#5740 = CARTESIAN_POINT ( 'NONE',  ( 1.998583757652746984, 45.20000000000000284, 21.40690689856072737 ) ) ;
#5741 = ORIENTED_EDGE ( 'NONE', *, *, #11065, .F. ) ;
#5742 = DIRECTION ( 'NONE',  ( 0.000000000000000000, 3.061616997868383141E-16, -1.000000000000000000 ) ) ;
#5743 = DIRECTION ( 'NONE',  ( 0.000000000000000000, 0.000000000000000000, 1.000000000000000000 ) ) ;
#5744 = CARTESIAN_POINT ( 'NONE',  ( -3.610031534565299793, -80.41022924428169460, 21.19475577399849797 ) ) ;
#5745 = ORIENTED_EDGE ( 'NONE', *, *, #6124, .T. ) ;
#5746 = ORIENTED_EDGE ( 'NONE', *, *, #5668, .T. ) ;
#5747 = EDGE_CURVE ( 'NONE', #6074, #10213, #11345, .T. ) ;
#5748 = FACE_OUTER_BOUND ( 'NONE', #4005, .T. ) ;
#5749 = ORIENTED_EDGE ( 'NONE', *, *, #1000, .F. ) ;
#5750 = CYLINDRICAL_SURFACE ( 'NONE', #6236, 21.50000000000000355 ) ;
#5751 = VECTOR ( 'NONE', #5152, 1000.000000000000000 ) ;
#5752 = CIRCLE ( 'NONE', #7269, 0.2500000000000002220 ) ;
#5753 = AXIS2_PLACEMENT_3D ( 'NONE', #3433, #7835, #11567 ) ;
#5754 = DIRECTION ( 'NONE',  ( -0.000000000000000000, 1.000000000000000000, 3.061616997868383141E-16 ) ) ;
#5755 = DIRECTION ( 'NONE',  ( 7.395570986446986770E-32, 1.000000000000000000, 3.061616997868381169E-16 ) ) ;
#5756 = ADVANCED_FACE ( 'NONE', ( #7336 ), #9169, .F. ) ;
#5757 = CARTESIAN_POINT ( 'NONE',  ( -15.97761374776379739, 51.20000000000000995, 14.38630803671565239 ) ) ;
#5758 = FACE_OUTER_BOUND ( 'NONE', #6328, .T. ) ;
#5760 = VERTEX_POINT ( 'NONE', #4908 ) ;
#5759 = AXIS2_PLACEMENT_3D ( 'NONE', #10918, #8321, #3896 ) ;
#5761 = ORIENTED_EDGE ( 'NONE', *, *, #1261, .T. ) ;
#5762 = CIRCLE ( 'NONE', #1460, 21.50000000000000000 ) ;
#5763 = ORIENTED_EDGE ( 'NONE', *, *, #10585, .T. ) ;
#5764 = CIRCLE ( 'NONE', #708, 0.2500000000000002220 ) ;
#5765 = CARTESIAN_POINT ( 'NONE',  ( 0.000000000000000000, 45.20000000000000995, -9.220454712679835547E-15 ) ) ;
#5766 = DIRECTION ( 'NONE',  ( -0.000000000000000000, 1.000000000000000000, 3.061616997868383141E-16 ) ) ;
#5767 = EDGE_CURVE ( 'NONE', #1697, #4320, #799, .T. ) ;
#5768 = EDGE_CURVE ( 'NONE', #8945, #2697, #4737, .T. ) ;
#5769 = DIRECTION ( 'NONE',  ( -0.000000000000000000, 1.000000000000000000, 3.061616997868383141E-16 ) ) ;
#5770 = FACE_OUTER_BOUND ( 'NONE', #11442, .T. ) ;
#5771 = AXIS2_PLACEMENT_3D ( 'NONE', #5684, #9173, #9114 ) ;
#5772 = AXIS2_PLACEMENT_3D ( 'NONE', #10943, #3815, #10045 ) ;
#5773 = ORIENTED_EDGE ( 'NONE', *, *, #5356, .T. ) ;
#5774 = CARTESIAN_POINT ( 'NONE',  ( -19.98103174821853045, 45.19999999999998863, 7.937781193550416781 ) ) ;
#5775 = DIRECTION ( 'NONE',  ( 0.000000000000000000, 0.000000000000000000, 1.000000000000000000 ) ) ;
#5776 = AXIS2_PLACEMENT_3D ( 'NONE', #7633, #319, #2149 ) ;
#5777 = AXIS2_PLACEMENT_3D ( 'NONE', #7809, #3565, #5274 ) ;
#5778 = DIRECTION ( 'NONE',  ( -2.465190328815661892E-32, 1.000000000000000000, 3.061616997868381662E-16 ) ) ;
#5779 = AXIS2_PLACEMENT_3D ( 'NONE', #6835, #6584, #4890 ) ;
#5780 = VECTOR ( 'NONE', #6496, 1000.000000000000000 ) ;
#5781 = VERTEX_POINT ( 'NONE', #2254 ) ;
#5782 = FACE_OUTER_BOUND ( 'NONE', #10535, .T. ) ;
#5783 = DIRECTION ( 'NONE',  ( 9.860761315262647568E-32, 1.000000000000000000, 3.061616997868382648E-16 ) ) ;
#5784 = CIRCLE ( 'NONE', #729, 0.2500000000000002220 ) ;
#5785 = DIRECTION ( 'NONE',  ( 0.000000000000000000, 0.000000000000000000, -1.000000000000000000 ) ) ;
#5786 = VERTEX_POINT ( 'NONE', #10323 ) ;
#5787 = DIRECTION ( 'NONE',  ( 0.000000000000000000, 0.000000000000000000, 1.000000000000000000 ) ) ;
#5788 = VERTEX_POINT ( 'NONE', #3265 ) ;
#5789 = CARTESIAN_POINT ( 'NONE',  ( 0.000000000000000000, 45.20000000000000995, -9.220454712679835547E-15 ) ) ;
#5790 = VERTEX_POINT ( 'NONE', #8561 ) ;
#5791 = AXIS2_PLACEMENT_3D ( 'NONE', #5789, #9384, #2083 ) ;
#5792 = EDGE_CURVE ( 'NONE', #1918, #3559, #4562, .T. ) ;
#5793 = CARTESIAN_POINT ( 'NONE',  ( -3.116195710812369679, 51.20000000000000995, 21.27297168455583432 ) ) ;
#5794 = CIRCLE ( 'NONE', #1093, 21.50000000000000000 ) ;
#5795 = DIRECTION ( 'NONE',  ( 0.000000000000000000, 0.000000000000000000, -1.000000000000000000 ) ) ;
#5796 = ORIENTED_EDGE ( 'NONE', *, *, #6202, .T. ) ;
#5797 = EDGE_CURVE ( 'NONE', #9755, #8894, #3984, .T. ) ;
#5798 = EDGE_LOOP ( 'NONE', ( #992, #2061, #11409, #5420 ) ) ;
#5799 = DIRECTION ( 'NONE',  ( 0.000000000000000000, 0.000000000000000000, 1.000000000000000000 ) ) ;
#5800 = DIRECTION ( 'NONE',  ( 0.000000000000000000, -3.384826294588891940E-16, 1.000000000000000000 ) ) ;
#5801 = DIRECTION ( 'NONE',  ( 0.000000000000000000, 0.000000000000000000, 1.000000000000000000 ) ) ;
#5802 = EDGE_CURVE ( 'NONE', #5639, #11355, #547, .T. ) ;
#5803 = ORIENTED_EDGE ( 'NONE', *, *, #3097, .F. ) ;
#5804 = LINE ( 'NONE', #7584, #6815 ) ;
#5805 = DIRECTION ( 'NONE',  ( -0.000000000000000000, 1.000000000000000000, 3.061616997868383141E-16 ) ) ;
#5806 = CIRCLE ( 'NONE', #7318, 3.700000000000012168 ) ;
#5807 = ORIENTED_EDGE ( 'NONE', *, *, #3885, .F. ) ;
#5808 = DIRECTION ( 'NONE',  ( 0.000000000000000000, -1.000000000000000000, -3.061616997868383141E-16 ) ) ;
#5809 = DIRECTION ( 'NONE',  ( -0.000000000000000000, 1.000000000000000000, 3.061616997868383141E-16 ) ) ;
#5810 = FACE_OUTER_BOUND ( 'NONE', #9098, .T. ) ;
#5811 = ORIENTED_EDGE ( 'NONE', *, *, #4875, .F. ) ;
#5812 = ORIENTED_EDGE ( 'NONE', *, *, #8863, .F. ) ;
#5813 = AXIS2_PLACEMENT_3D ( 'NONE', #9001, #990, #4585 ) ;
#5814 = CYLINDRICAL_SURFACE ( 'NONE', #8475, 0.2500000000000002220 ) ;
#5815 = ORIENTED_EDGE ( 'NONE', *, *, #7226, .F. ) ;
#5816 = CIRCLE ( 'NONE', #2449, 21.50000000000000000 ) ;
#5817 = LINE ( 'NONE', #5885, #4733 ) ;
#5818 = AXIS2_PLACEMENT_3D ( 'NONE', #7607, #10382, #11209 ) ;
#5819 = CYLINDRICAL_SURFACE ( 'NONE', #7852, 21.50000000000000355 ) ;
#5820 = ORIENTED_EDGE ( 'NONE', *, *, #10989, .F. ) ;
#5821 = ADVANCED_FACE ( 'NONE', ( #2372 ), #4144, .T. ) ;
#5822 = LINE ( 'NONE', #4954, #9355 ) ;
#5823 = EDGE_CURVE ( 'NONE', #10110, #5343, #4968, .T. ) ;
#5824 = LINE ( 'NONE', #7656, #4079 ) ;
#5825 = DIRECTION ( 'NONE',  ( 0.000000000000000000, -1.000000000000000000, -3.061616997868383141E-16 ) ) ;
#5826 = AXIS2_PLACEMENT_3D ( 'NONE', #8267, #186, #10088 ) ;
#5827 = EDGE_LOOP ( 'NONE', ( #9884, #2802, #5701, #825 ) ) ;
#5828 = CIRCLE ( 'NONE', #2831, 0.2500000000000002220 ) ;
#5829 = ORIENTED_EDGE ( 'NONE', *, *, #5632, .F. ) ;
#5830 = CARTESIAN_POINT ( 'NONE',  ( -21.38222075041788628, -80.41022924428168039, -1.997361960254361746 ) ) ;
#5831 = EDGE_CURVE ( 'NONE', #10712, #3085, #9999, .T. ) ;
#5832 = DIRECTION ( 'NONE',  ( -0.000000000000000000, 1.000000000000000000, 3.061616997868383141E-16 ) ) ;
#5833 = CARTESIAN_POINT ( 'NONE',  ( -19.15664027004999070, -80.41022924428168039, -9.760795744400091678 ) ) ;
#5834 = CARTESIAN_POINT ( 'NONE',  ( 0.000000000000000000, 77.00000000000000000, 2.357445088358655073E-14 ) ) ;
#5835 = EDGE_LOOP ( 'NONE', ( #6865, #6667, #4680, #2812 ) ) ;
#5836 = CARTESIAN_POINT ( 'NONE',  ( 0.000000000000000000, 51.20000000000000995, -7.383484513958806747E-15 ) ) ;
#5837 = DIRECTION ( 'NONE',  ( -0.000000000000000000, 1.000000000000000000, 3.061616997868383141E-16 ) ) ;
#5838 = AXIS2_PLACEMENT_3D ( 'NONE', #11104, #11044, #192 ) ;
#5839 = AXIS2_PLACEMENT_3D ( 'NONE', #4670, #3961, #9265 ) ;
#5840 = AXIS2_PLACEMENT_3D ( 'NONE', #10109, #206, #10955 ) ;
#5841 = DIRECTION ( 'NONE',  ( -0.000000000000000000, 1.000000000000000000, 3.061616997868383141E-16 ) ) ;
#5842 = EDGE_CURVE ( 'NONE', #3507, #11026, #6423, .T. ) ;
#5843 = ADVANCED_FACE ( 'NONE', ( #2321 ), #2920, .F. ) ;
#5844 = CIRCLE ( 'NONE', #784, 21.50000000000001066 ) ;
#5845 = ORIENTED_EDGE ( 'NONE', *, *, #4041, .F. ) ;
#5846 = DIRECTION ( 'NONE',  ( 2.465190328815661892E-32, 1.000000000000000000, 3.061616997868383634E-16 ) ) ;
#5847 = CARTESIAN_POINT ( 'NONE',  ( 0.000000000000000000, 0.000000000000000000, -2.305896354304492938E-14 ) ) ;
#5848 = CARTESIAN_POINT ( 'NONE',  ( 21.27297168455580589, 51.19999999999999574, 3.116195710812602826 ) ) ;
#5850 = ORIENTED_EDGE ( 'NONE', *, *, #6414, .T. ) ;
#5849 = AXIS2_PLACEMENT_3D ( 'NONE', #5425, #11516, #951 ) ;
#5851 = AXIS2_PLACEMENT_3D ( 'NONE', #9506, #8397, #624 ) ;
#5852 = DIRECTION ( 'NONE',  ( -9.244463733058733463E-33, 1.000000000000000000, 3.061616997868380676E-16 ) ) ;
#5853 = ORIENTED_EDGE ( 'NONE', *, *, #10681, .T. ) ;
#5854 = CARTESIAN_POINT ( 'NONE',  ( 0.000000000000000000, 45.20000000000000995, -9.220454712679835547E-15 ) ) ;
#5855 = VERTEX_POINT ( 'NONE', #5084 ) ;
#5856 = DIRECTION ( 'NONE',  ( 0.000000000000000000, 0.000000000000000000, 1.000000000000000000 ) ) ;
#5857 = CARTESIAN_POINT ( 'NONE',  ( 6.643865379061240972, 45.19999999999998863, -20.44771510034581752 ) ) ;
#5858 = AXIS2_PLACEMENT_3D ( 'NONE', #9357, #7062, #5242 ) ;
#5859 = VERTEX_POINT ( 'NONE', #5026 ) ;
#5860 = CIRCLE ( 'NONE', #4182, 0.2500000000000002220 ) ;
#5861 = VERTEX_POINT ( 'NONE', #8684 ) ;
#5862 = CARTESIAN_POINT ( 'NONE',  ( 20.16021269457234411, -80.41022924428168039, -7.470998869602634151 ) ) ;
#5863 = ORIENTED_EDGE ( 'NONE', *, *, #9051, .F. ) ;
#5864 = CYLINDRICAL_SURFACE ( 'NONE', #4330, 0.2500000000000002220 ) ;
#5865 = DIRECTION ( 'NONE',  ( 0.000000000000000000, 0.000000000000000000, 1.000000000000000000 ) ) ;
#5866 = EDGE_CURVE ( 'NONE', #9528, #4969, #2099, .T. ) ;
#5867 = EDGE_LOOP ( 'NONE', ( #4863, #5089, #6864, #2103 ) ) ;
#5868 = DIRECTION ( 'NONE',  ( 0.000000000000000000, 0.000000000000000000, 1.000000000000000000 ) ) ;
#5869 = ADVANCED_FACE ( 'NONE', ( #1097 ), #4687, .F. ) ;
#5870 = VECTOR ( 'NONE', #1016, 1000.000000000000000 ) ;
#5871 = CARTESIAN_POINT ( 'NONE',  ( 0.000000000000000000, 87.50000000000001421, 3.730185188303422936E-15 ) ) ;
#5872 = EDGE_CURVE ( 'NONE', #2525, #10724, #6720, .T. ) ;
#5873 = ORIENTED_EDGE ( 'NONE', *, *, #7674, .F. ) ;
#5874 = CARTESIAN_POINT ( 'NONE',  ( -11.70973925282321915, 45.19999999999998863, -18.03141721082650051 ) ) ;
#5875 = CIRCLE ( 'NONE', #7380, 0.2500000000000002220 ) ;
#5876 = EDGE_CURVE ( 'NONE', #11003, #367, #11215, .T. ) ;
#5877 = DIRECTION ( 'NONE',  ( 0.000000000000000000, -1.000000000000000000, -3.061616997868383141E-16 ) ) ;
#5878 = DIRECTION ( 'NONE',  ( 0.000000000000000000, 0.000000000000000000, 1.000000000000000000 ) ) ;
#5879 = VECTOR ( 'NONE', #8135, 1000.000000000000000 ) ;
#5880 = EDGE_LOOP ( 'NONE', ( #9789, #1583 ) ) ;
#5881 = ORIENTED_EDGE ( 'NONE', *, *, #10968, .T. ) ;
#5882 = CARTESIAN_POINT ( 'NONE',  ( 0.000000000000000000, 87.50000000000001421, 3.730185188303422936E-15 ) ) ;
#5883 = ADVANCED_FACE ( 'NONE', ( #6190 ), #9727, .F. ) ;
#5884 = ORIENTED_EDGE ( 'NONE', *, *, #3030, .F. ) ;
#5885 = CARTESIAN_POINT ( 'NONE',  ( 6.643865379061240972, -80.41022924428168039, -20.19771510034585305 ) ) ;
#5886 = CIRCLE ( 'NONE', #8152, 0.2500000000000002220 ) ;
#5887 = EDGE_CURVE ( 'NONE', #7061, #10762, #2868, .T. ) ;
#5888 = CARTESIAN_POINT ( 'NONE',  ( -16.70863817132470786, 51.20000000000000995, 13.53038840757170824 ) ) ;
#5889 = ORIENTED_EDGE ( 'NONE', *, *, #8886, .T. ) ;
#5890 = CARTESIAN_POINT ( 'NONE',  ( -15.02499431646316808, 51.19999999999999574, -15.37854173158982007 ) ) ;
#5891 = DIRECTION ( 'NONE',  ( 0.000000000000000000, -1.000000000000000000, -3.061616997868383141E-16 ) ) ;
#5892 = LINE ( 'NONE', #4192, #8521 ) ;
#5893 = ORIENTED_EDGE ( 'NONE', *, *, #10082, .F. ) ;
#5894 = VERTEX_POINT ( 'NONE', #6252 ) ;
#5895 = CYLINDRICAL_SURFACE ( 'NONE', #3998, 20.50000000000000711 ) ;
#5896 = DIRECTION ( 'NONE',  ( 0.000000000000000000, -3.061616997868383141E-16, 1.000000000000000000 ) ) ;
#5897 = DIRECTION ( 'NONE',  ( 0.000000000000000000, 0.000000000000000000, 1.000000000000000000 ) ) ;
#5898 = DIRECTION ( 'NONE',  ( 4.930380657631323784E-32, 1.000000000000000000, 3.061616997868381662E-16 ) ) ;
#5899 = VERTEX_POINT ( 'NONE', #5321 ) ;
#5900 = DIRECTION ( 'NONE',  ( -0.000000000000000000, 1.000000000000000000, 3.061616997868383141E-16 ) ) ;
#5901 = EDGE_CURVE ( 'NONE', #3288, #6295, #3446, .T. ) ;
#5902 = DIRECTION ( 'NONE',  ( 0.000000000000000000, 0.000000000000000000, 1.000000000000000000 ) ) ;
#5903 = FACE_OUTER_BOUND ( 'NONE', #7491, .T. ) ;
#5904 = DIRECTION ( 'NONE',  ( 0.000000000000000000, 0.000000000000000000, 1.000000000000000000 ) ) ;
#5905 = ORIENTED_EDGE ( 'NONE', *, *, #3768, .F. ) ;
#5906 = DIRECTION ( 'NONE',  ( 2.465190328815661892E-32, 1.000000000000000000, 3.061616997868383634E-16 ) ) ;
#5907 = DIRECTION ( 'NONE',  ( 9.860761315262647568E-32, 1.000000000000000000, 3.061616997868382648E-16 ) ) ;
#5908 = CARTESIAN_POINT ( 'NONE',  ( 7.704910915223966761, -80.41022924428169460, 20.07197916968979712 ) ) ;
#5909 = ORIENTED_EDGE ( 'NONE', *, *, #10241, .F. ) ;
#5910 = DIRECTION ( 'NONE',  ( 0.000000000000000000, -3.791745302681544101E-16, 1.000000000000000000 ) ) ;
#5911 = VERTEX_POINT ( 'NONE', #7079 ) ;
#5912 = LINE ( 'NONE', #9505, #11114 ) ;
#5913 = LINE ( 'NONE', #8696, #3800 ) ;
#5914 = EDGE_CURVE ( 'NONE', #10515, #9958, #7954, .T. ) ;
#5915 = EDGE_CURVE ( 'NONE', #5330, #6675, #1928, .T. ) ;
#5916 = VERTEX_POINT ( 'NONE', #898 ) ;
#5917 = LINE ( 'NONE', #9509, #5974 ) ;
#5918 = DIRECTION ( 'NONE',  ( 0.000000000000000000, -3.227392513445222318E-16, 1.000000000000000000 ) ) ;
#5919 = VERTEX_POINT ( 'NONE', #5200 ) ;
#5920 = EDGE_CURVE ( 'NONE', #11026, #3507, #10587, .T. ) ;
#5921 = ORIENTED_EDGE ( 'NONE', *, *, #8024, .F. ) ;
#5922 = DIRECTION ( 'NONE',  ( -0.000000000000000000, 1.000000000000000000, 3.061616997868383141E-16 ) ) ;
#5923 = ORIENTED_EDGE ( 'NONE', *, *, #11005, .T. ) ;
#5924 = FACE_OUTER_BOUND ( 'NONE', #6576, .T. ) ;
#5925 = FACE_OUTER_BOUND ( 'NONE', #1591, .T. ) ;
#5926 = EDGE_LOOP ( 'NONE', ( #919, #2483, #4239, #7045 ) ) ;
#5927 = CARTESIAN_POINT ( 'NONE',  ( 0.000000000000000000, 76.25000000000000000, 2.858660657014905341E-16 ) ) ;
#5928 = EDGE_CURVE ( 'NONE', #41, #1124, #10629, .T. ) ;
#5929 = ORIENTED_EDGE ( 'NONE', *, *, #8837, .T. ) ;
#5930 = DIRECTION ( 'NONE',  ( 0.000000000000000000, -3.227392513445222318E-16, 1.000000000000000000 ) ) ;
#5931 = CARTESIAN_POINT ( 'NONE',  ( 0.000000000000000000, 87.50000000000001421, 3.730185188303422936E-15 ) ) ;
#5932 = DIRECTION ( 'NONE',  ( 0.000000000000000000, 0.000000000000000000, -1.000000000000000000 ) ) ;
#5933 = EDGE_LOOP ( 'NONE', ( #6962, #7746, #10517, #3953 ) ) ;
#5934 = ORIENTED_EDGE ( 'NONE', *, *, #2396, .T. ) ;
#5935 = DIRECTION ( 'NONE',  ( 0.000000000000000000, 0.000000000000000000, 1.000000000000000000 ) ) ;
#5936 = ORIENTED_EDGE ( 'NONE', *, *, #8133, .F. ) ;
#5937 = CARTESIAN_POINT ( 'NONE',  ( 18.74328531086473504, -80.41022924428168039, -10.53277056407868173 ) ) ;
#5938 = EDGE_CURVE ( 'NONE', #998, #3342, #4431, .T. ) ;
#5939 = CARTESIAN_POINT ( 'NONE',  ( 14.19955239679469727, -80.41022924428169460, 16.14381341971842332 ) ) ;
#5940 = EDGE_LOOP ( 'NONE', ( #3509, #4066, #1458, #8706 ) ) ;
#5941 = FACE_OUTER_BOUND ( 'NONE', #6095, .T. ) ;
#5942 = DIRECTION ( 'NONE',  ( 0.000000000000000000, 0.000000000000000000, 1.000000000000000000 ) ) ;
#5943 = CARTESIAN_POINT ( 'NONE',  ( -20.36907980785177230, 51.19999999999999574, -6.881176337034625057 ) ) ;
#5944 = VERTEX_POINT ( 'NONE', #2667 ) ;
#5945 = LINE ( 'NONE', #1429, #2101 ) ;
#5946 = DIRECTION ( 'NONE',  ( -0.000000000000000000, 1.000000000000000000, 3.061616997868383141E-16 ) ) ;
#5947 = AXIS2_PLACEMENT_3D ( 'NONE', #1322, #2913, #6492 ) ;
#5948 = CARTESIAN_POINT ( 'NONE',  ( 0.000000000000000000, 45.20000000000000995, -9.220454712679835547E-15 ) ) ;
#5949 = CARTESIAN_POINT ( 'NONE',  ( 1.374800153705800554, 45.19999999999998863, -21.45599973288057782 ) ) ;
#5950 = VERTEX_POINT ( 'NONE', #788 ) ;
#5951 = EDGE_CURVE ( 'NONE', #6678, #3019, #9821, .T. ) ;
#5952 = AXIS2_PLACEMENT_3D ( 'NONE', #11069, #1351, #6572 ) ;
#5953 = CARTESIAN_POINT ( 'NONE',  ( 0.000000000000000000, 87.50000000000001421, 3.730185188303422936E-15 ) ) ;
#5954 = AXIS2_PLACEMENT_3D ( 'NONE', #7124, #157, #10664 ) ;
#5955 = AXIS2_PLACEMENT_3D ( 'NONE', #11393, #4372, #8735 ) ;
#5956 = DIRECTION ( 'NONE',  ( 0.000000000000000000, -1.000000000000000000, -3.061616997868383141E-16 ) ) ;
#5957 = DIRECTION ( 'NONE',  ( 0.000000000000000000, 0.000000000000000000, -1.000000000000000000 ) ) ;
#5958 = CIRCLE ( 'NONE', #4091, 0.2500000000000002220 ) ;
#5959 = AXIS2_PLACEMENT_3D ( 'NONE', #7643, #3170, #6754 ) ;
#5960 = AXIS2_PLACEMENT_3D ( 'NONE', #4676, #3950, #9970 ) ;
#5961 = DIRECTION ( 'NONE',  ( -0.000000000000000000, 1.000000000000000000, 3.061616997868383141E-16 ) ) ;
#5962 = ADVANCED_FACE ( 'NONE', ( #10569 ), #9843, .F. ) ;
#5963 = VECTOR ( 'NONE', #1422, 1000.000000000000000 ) ;
#5964 = VERTEX_POINT ( 'NONE', #3615 ) ;
#5965 = CARTESIAN_POINT ( 'NONE',  ( 19.15664027004985215, -80.41022924428168039, -9.510795744400358132 ) ) ;
#5966 = DIRECTION ( 'NONE',  ( 0.000000000000000000, -3.227392513445220839E-16, 1.000000000000000000 ) ) ;
#5967 = DIRECTION ( 'NONE',  ( 0.000000000000000000, -3.227392513445220839E-16, 1.000000000000000000 ) ) ;
#5968 = ORIENTED_EDGE ( 'NONE', *, *, #4324, .F. ) ;
#5969 = DIRECTION ( 'NONE',  ( -0.000000000000000000, 1.000000000000000000, 3.061616997868383141E-16 ) ) ;
#5970 = ORIENTED_EDGE ( 'NONE', *, *, #6187, .F. ) ;
#5971 = DIRECTION ( 'NONE',  ( 0.000000000000000000, 0.000000000000000000, -1.000000000000000000 ) ) ;
#5972 = AXIS2_PLACEMENT_3D ( 'NONE', #10644, #4345, #1522 ) ;
#5973 = DIRECTION ( 'NONE',  ( 0.000000000000000000, -3.227392513445220839E-16, 1.000000000000000000 ) ) ;
#5974 = VECTOR ( 'NONE', #5978, 1000.000000000000000 ) ;
#5975 = ORIENTED_EDGE ( 'NONE', *, *, #7060, .F. ) ;
#5976 = AXIS2_PLACEMENT_3D ( 'NONE', #4490, #6422, #9090 ) ;
#5977 = AXIS2_PLACEMENT_3D ( 'NONE', #2143, #2200, #5100 ) ;
#5978 = DIRECTION ( 'NONE',  ( 1.848892746611746693E-32, 1.000000000000000000, 3.061616997868380676E-16 ) ) ;
#5979 = DIRECTION ( 'NONE',  ( 0.000000000000000000, 0.000000000000000000, -1.000000000000000000 ) ) ;
#5980 = AXIS2_PLACEMENT_3D ( 'NONE', #5241, #1873, #10658 ) ;
#5981 = ORIENTED_EDGE ( 'NONE', *, *, #4442, .F. ) ;
#5982 = EDGE_CURVE ( 'NONE', #11223, #321, #4745, .T. ) ;
#5983 = CIRCLE ( 'NONE', #1281, 21.50000000000001066 ) ;
#5984 = ORIENTED_EDGE ( 'NONE', *, *, #1851, .F. ) ;
#5985 = DIRECTION ( 'NONE',  ( -0.000000000000000000, 1.000000000000000000, 3.061616997868383141E-16 ) ) ;
#5986 = EDGE_LOOP ( 'NONE', ( #2092, #1988, #3716, #1328, #8153, #2930, #2260, #7057, #6912, #4256, #905, #805, #995, #10884, #6672, #1929, #10966, #8359, #3873, #3817, #1417, #6276, #11068, #9242, #223, #890, #7111, #1694, #1908, #5981, #5327, #6807, #9154, #2674, #8530, #519, #8466, #7729, #3413, #1884, #5284, #5158, #5884, #2617, #2345, #10289, #9504, #8431, #8491, #10606, #398, #3479, #4389, #4634, #2455, #3098, #8639, #8586, #11032, #6859, #7174, #3960, #5107, #2339, #6704, #5010, #146, #11135, #1238, #9531, #2900, #4862, #1916, #1157, #2477, #6843, #3938, #5351, #1863, #5829, #9644, #8956, #3239, #9225, #3121, #2518, #11545, #10209, #3999, #5845, #1543, #10295, #2754, #11270, #1080, #7441, #7389, #1718, #1500, #8245, #2361, #1394, #10394, #9845, #8666, #2444, #6938, #7565, #1750, #10544, #10192, #7791, #7525, #4597, #4463, #6166, #11503, #10361, #6065, #5353, #10771, #9386, #1924, #10662, #922, #9512, #9666, #5921, #725, #11366, #7216, #7969, #9694, #3285, #3569, #8704, #11103, #2475, #11171, #10496, #671, #3111, #2421, #815, #4636, #5244, #8959, #10089, #2562, #159, #9873, #6976, #5710, #615, #1804, #2805, #9934, #10813, #5060, #2505, #10239, #8691, #6066, #6253, #4522, #9888, #8010, #7190, #8972, #203, #6513, #4584, #7298, #3588, #2686, #9281, #2935, #3684, #9067, #3870, #239, #2470, #3665, #7293, #1150, #1323, #2549, #8254, #6988, #9034, #10124, #4596, #440, #1801, #1982, #3209, #436, #7659, #7340, #4651, #2088, #5399, #393, #7403, #490, #5968, #701, #3973, #4443, #10051, #6301, #11229, #10980, #1278, #4108, #10945, #10607, #6204, #6483, #1029, #11109, #10561, #6607, #3898, #66, #2139, #3114, #5525, #944, #500, #9820, #2871, #2504, #9579, #8940, #11090, #10457, #1017, #7819, #11595, #3924, #9329, #5153, #1300, #5995, #2075, #10313, #3941, #9514, #1465, #7639, #6742, #10686, #9428, #3192, #6168, #5469, #4878, #3889, #1509, #2508, #8882, #4464, #2295, #5711, #2412, #10172, #9932, #1290, #1343, #1454, #2797, #5053, #1367, #4408, #11085, #5700, #9885, #1203, #6052, #5077, #1268, #10451, #9971, #5936, #7279, #4764, #1488, #5085, #3513, #100, #3057, #1800, #10824, #5537, #10540, #3526, #6117, #821 ) ) ;
#5987 = CARTESIAN_POINT ( 'NONE',  ( 14.19955239679473813, 51.19999999999999574, -16.14381341971843398 ) ) ;
#5988 = CIRCLE ( 'NONE', #7302, 0.2500000000000002220 ) ;
#5989 = EDGE_CURVE ( 'NONE', #6678, #5735, #1668, .T. ) ;
#5990 = CARTESIAN_POINT ( 'NONE',  ( -21.47053499722331793, 45.19999999999998863, 1.125223059223537048 ) ) ;
#5991 = ORIENTED_EDGE ( 'NONE', *, *, #9982, .T. ) ;
#5992 = VECTOR ( 'NONE', #4053, 1000.000000000000000 ) ;
#5993 = LINE ( 'NONE', #6629, #8132 ) ;
#5994 = EDGE_CURVE ( 'NONE', #581, #7827, #3055, .T. ) ;
#5995 = ORIENTED_EDGE ( 'NONE', *, *, #862, .F. ) ;
#5996 = CARTESIAN_POINT ( 'NONE',  ( 0.000000000000000000, 51.20000000000000995, -7.383484513958806747E-15 ) ) ;
#5997 = CARTESIAN_POINT ( 'NONE',  ( -18.74328531086481320, 51.19999999999999574, -10.53277056407853607 ) ) ;
#5998 = DIRECTION ( 'NONE',  ( 0.000000000000000000, 0.000000000000000000, 1.000000000000000000 ) ) ;
#5999 = EDGE_CURVE ( 'NONE', #2240, #11664, #6076, .T. ) ;
#6000 = VERTEX_POINT ( 'NONE', #2781 ) ;
#6001 = EDGE_LOOP ( 'NONE', ( #6772, #5379, #200, #1622 ) ) ;
#6002 = CARTESIAN_POINT ( 'NONE',  ( 1.961620953627966510E-15, 8.700000000000004619, -16.01785065697086097 ) ) ;
#6003 = EDGE_LOOP ( 'NONE', ( #6030, #5350, #10933, #9784 ) ) ;
#6004 = DIRECTION ( 'NONE',  ( 0.000000000000000000, 0.000000000000000000, -1.000000000000000000 ) ) ;
#6005 = EDGE_CURVE ( 'NONE', #9994, #10411, #6618, .T. ) ;
#6006 = VECTOR ( 'NONE', #3971, 1000.000000000000000 ) ;
#6007 = DIRECTION ( 'NONE',  ( 7.395570986446986770E-32, 1.000000000000000000, 3.061616997868383141E-16 ) ) ;
#6008 = ORIENTED_EDGE ( 'NONE', *, *, #5515, .T. ) ;
#6009 = DIRECTION ( 'NONE',  ( -0.000000000000000000, 1.000000000000000000, 3.061616997868383141E-16 ) ) ;
#6010 = LINE ( 'NONE', #3248, #10862 ) ;
#6011 = CARTESIAN_POINT ( 'NONE',  ( -5.805710654484241395, 45.20000000000000284, 20.70129763556884583 ) ) ;
#6012 = AXIS2_PLACEMENT_3D ( 'NONE', #4801, #9398, #4931 ) ;
#6013 = ORIENTED_EDGE ( 'NONE', *, *, #6209, .T. ) ;
#6014 = DIRECTION ( 'NONE',  ( 0.000000000000000000, 0.000000000000000000, 1.000000000000000000 ) ) ;
#6016 = AXIS2_PLACEMENT_3D ( 'NONE', #7979, #3, #1564 ) ;
#6015 = CYLINDRICAL_SURFACE ( 'NONE', #4271, 21.50000000000000355 ) ;
#6017 = DIRECTION ( 'NONE',  ( 0.000000000000000000, -1.000000000000000000, -3.061616997868383141E-16 ) ) ;
#6018 = CARTESIAN_POINT ( 'NONE',  ( -15.97761374776409227, 51.19999999999999574, -14.38630803671529357 ) ) ;
#6019 = ORIENTED_EDGE ( 'NONE', *, *, #11547, .F. ) ;
#6020 = DIRECTION ( 'NONE',  ( 0.000000000000000000, 0.000000000000000000, 1.000000000000000000 ) ) ;
#6021 = DIRECTION ( 'NONE',  ( 0.000000000000000000, -3.227392513445222318E-16, 1.000000000000000000 ) ) ;
#6022 = AXIS2_PLACEMENT_3D ( 'NONE', #10815, #3510, #2740 ) ;
#6023 = ADVANCED_FACE ( 'NONE', ( #3727 ), #9138, .F. ) ;
#6024 = DIRECTION ( 'NONE',  ( 0.000000000000000000, 0.000000000000000000, -1.000000000000000000 ) ) ;
#6025 = AXIS2_PLACEMENT_3D ( 'NONE', #10340, #4273, #6205 ) ;
#6026 = DIRECTION ( 'NONE',  ( -0.000000000000000000, 1.000000000000000000, 3.061616997868383141E-16 ) ) ;
#6027 = PRESENTATION_LAYER_ASSIGNMENT (  '', '', ( #170 ) ) ;
#6028 = DIRECTION ( 'NONE',  ( 0.000000000000000000, -3.227392513445222318E-16, 1.000000000000000000 ) ) ;
#6029 = ADVANCED_FACE ( 'NONE', ( #2946 ), #2897, .T. ) ;
#6030 = ORIENTED_EDGE ( 'NONE', *, *, #2396, .F. ) ;
#6031 = DIRECTION ( 'NONE',  ( 0.000000000000000000, -3.227392513445220839E-16, 1.000000000000000000 ) ) ;
#6032 = CARTESIAN_POINT ( 'NONE',  ( -20.76740526521489372, -80.41022924428168039, 5.564609469704398848 ) ) ;
#6033 = CARTESIAN_POINT ( 'NONE',  ( 0.000000000000000000, 45.20000000000000995, -9.220454712679835547E-15 ) ) ;
#6034 = ORIENTED_EDGE ( 'NONE', *, *, #2932, .T. ) ;
#6035 = CARTESIAN_POINT ( 'NONE',  ( 0.000000000000000000, 79.00000000000000000, 1.127810740115296699E-15 ) ) ;
#6036 = ORIENTED_EDGE ( 'NONE', *, *, #437, .T. ) ;
#6037 = LINE ( 'NONE', #4263, #2611 ) ;
#6038 = DIRECTION ( 'NONE',  ( 0.000000000000000000, 0.000000000000000000, 1.000000000000000000 ) ) ;
#6039 = AXIS2_PLACEMENT_3D ( 'NONE', #6035, #8512, #487 ) ;
#6040 = CIRCLE ( 'NONE', #4905, 0.2500000000000002220 ) ;
#6041 = CIRCLE ( 'NONE', #182, 21.50000000000000000 ) ;
#6042 = ORIENTED_EDGE ( 'NONE', *, *, #2695, .T. ) ;
#6043 = CARTESIAN_POINT ( 'NONE',  ( 8.515864134734579594, -80.41022924428168039, -19.74158195380353931 ) ) ;
#6044 = ADVANCED_FACE ( 'NONE', ( #59 ), #9200, .F. ) ;
#6045 = AXIS2_PLACEMENT_3D ( 'NONE', #5178, #4299, #9703 ) ;
#6046 = ADVANCED_FACE ( 'NONE', ( #4551 ), #4774, .F. ) ;
#6047 = ORIENTED_EDGE ( 'NONE', *, *, #3768, .T. ) ;
#6048 = CARTESIAN_POINT ( 'NONE',  ( 0.000000000000000000, 51.20000000000000995, -7.383484513958806747E-15 ) ) ;
#6049 = ORIENTED_EDGE ( 'NONE', *, *, #2888, .T. ) ;
#6050 = CARTESIAN_POINT ( 'NONE',  ( 5.564609469704060452, -80.41022924428168039, -20.51740526521501451 ) ) ;
#6051 = DIRECTION ( 'NONE',  ( 0.000000000000000000, 0.000000000000000000, -1.000000000000000000 ) ) ;
#6052 = ORIENTED_EDGE ( 'NONE', *, *, #8009, .F. ) ;
#6053 = DIRECTION ( 'NONE',  ( 0.000000000000000000, 0.000000000000000000, 1.000000000000000000 ) ) ;
#6054 = ADVANCED_FACE ( 'NONE', ( #2002 ), #9893, .T. ) ;
#6055 = VECTOR ( 'NONE', #4364, 1000.000000000000000 ) ;
#6056 = CIRCLE ( 'NONE', #8314, 8.948518023597397786 ) ;
#6057 = ADVANCED_FACE ( 'NONE', ( #9091 ), #1958, .F. ) ;
#6058 = EDGE_LOOP ( 'NONE', ( #7463, #1936, #298, #3763 ) ) ;
#6059 = LINE ( 'NONE', #3229, #3134 ) ;
#6060 = AXIS2_PLACEMENT_3D ( 'NONE', #7556, #11282, #6908 ) ;
#6061 = DIRECTION ( 'NONE',  ( -4.930380657631323784E-32, 1.000000000000000000, 3.061616997868381662E-16 ) ) ;
#6062 = CARTESIAN_POINT ( 'NONE',  ( 10.74999999999988454, 51.19999999999999574, -18.36954618136546813 ) ) ;
#6063 = CIRCLE ( 'NONE', #9074, 0.2500000000000002220 ) ;
#6064 = AXIS2_PLACEMENT_3D ( 'NONE', #1906, #4668, #10984 ) ;
#6065 = ORIENTED_EDGE ( 'NONE', *, *, #2527, .F. ) ;
#6066 = ORIENTED_EDGE ( 'NONE', *, *, #2406, .F. ) ;
#6067 = AXIS2_PLACEMENT_3D ( 'NONE', #1187, #168, #1900 ) ;
#6068 = CARTESIAN_POINT ( 'NONE',  ( 0.000000000000000000, 87.50000000000001421, 3.730185188303422936E-15 ) ) ;
#6069 = ORIENTED_EDGE ( 'NONE', *, *, #1612, .F. ) ;
#6070 = DIRECTION ( 'NONE',  ( -9.860761315262647568E-32, 1.000000000000000000, 3.061616997868380676E-16 ) ) ;
#6071 = EDGE_CURVE ( 'NONE', #2010, #3059, #1565, .T. ) ;
#6072 = EDGE_CURVE ( 'NONE', #10960, #10036, #6249, .T. ) ;
#6073 = VECTOR ( 'NONE', #7786, 1000.000000000000000 ) ;
#6074 = VERTEX_POINT ( 'NONE', #8315 ) ;
#6075 = CARTESIAN_POINT ( 'NONE',  ( 1.065261225492411370E-15, 3.500000000000005773, -8.698518023597419102 ) ) ;
#6076 = CIRCLE ( 'NONE', #9446, 0.2500000000000002220 ) ;
#6077 = DIRECTION ( 'NONE',  ( -0.000000000000000000, 1.000000000000000000, 3.061616997868383141E-16 ) ) ;
#6078 = DIRECTION ( 'NONE',  ( 0.000000000000000000, -3.227392513445220839E-16, 1.000000000000000000 ) ) ;
#6079 = EDGE_CURVE ( 'NONE', #8574, #5861, #2058, .T. ) ;
#6080 = ORIENTED_EDGE ( 'NONE', *, *, #10070, .F. ) ;
#6081 = CYLINDRICAL_SURFACE ( 'NONE', #10591, 21.50000000000000355 ) ;
#6082 = DIRECTION ( 'NONE',  ( -0.000000000000000000, 1.000000000000000000, 3.061616997868383141E-16 ) ) ;
#6083 = DIRECTION ( 'NONE',  ( 0.000000000000000000, 0.000000000000000000, 1.000000000000000000 ) ) ;
#6084 = CIRCLE ( 'NONE', #1386, 0.2500000000000002220 ) ;
#6085 = VERTEX_POINT ( 'NONE', #10129 ) ;
#6086 = DIRECTION ( 'NONE',  ( 0.000000000000000000, -1.000000000000000000, -3.061616997868383141E-16 ) ) ;
#6087 = DIRECTION ( 'NONE',  ( 0.000000000000000000, 0.000000000000000000, 1.000000000000000000 ) ) ;
#6088 = DIRECTION ( 'NONE',  ( 0.000000000000000000, -2.991412108253678048E-16, 1.000000000000000000 ) ) ;
#6089 = VECTOR ( 'NONE', #3084, 1000.000000000000000 ) ;
#6090 = CARTESIAN_POINT ( 'NONE',  ( -4.470101352581554721, -80.41022924428169460, 21.03017341577684007 ) ) ;
#6091 = ORIENTED_EDGE ( 'NONE', *, *, #3602, .F. ) ;
#6092 = DIRECTION ( 'NONE',  ( 0.000000000000000000, 0.000000000000000000, 1.000000000000000000 ) ) ;
#6093 = DIRECTION ( 'NONE',  ( 0.000000000000000000, -3.227392513445222318E-16, 1.000000000000000000 ) ) ;
#6094 = CARTESIAN_POINT ( 'NONE',  ( 3.363340998364822809, -80.41022924428168039, -20.98529932279549470 ) ) ;
#6095 = EDGE_LOOP ( 'NONE', ( #8091, #6042, #392, #8446 ) ) ;
#6096 = FACE_OUTER_BOUND ( 'NONE', #2123, .T. ) ;
#6097 = ORIENTED_EDGE ( 'NONE', *, *, #5951, .T. ) ;
#6098 = DIRECTION ( 'NONE',  ( -0.000000000000000000, 1.000000000000000000, 3.061616997868383141E-16 ) ) ;
#6099 = LINE ( 'NONE', #2451, #10112 ) ;
#6100 = EDGE_CURVE ( 'NONE', #9297, #6730, #11538, .T. ) ;
#6101 = ORIENTED_EDGE ( 'NONE', *, *, #11010, .T. ) ;
#6102 = EDGE_LOOP ( 'NONE', ( #11490, #5000, #7520, #11312 ) ) ;
#6103 = CARTESIAN_POINT ( 'NONE',  ( 0.000000000000000000, 51.20000000000000995, -7.383484513958806747E-15 ) ) ;
#6104 = DIRECTION ( 'NONE',  ( -0.000000000000000000, 1.000000000000000000, 3.061616997868383141E-16 ) ) ;
#6105 = EDGE_CURVE ( 'NONE', #6689, #6692, #1742, .T. ) ;
#6106 = ORIENTED_EDGE ( 'NONE', *, *, #775, .T. ) ;
#6107 = ORIENTED_EDGE ( 'NONE', *, *, #5831, .T. ) ;
#6108 = CARTESIAN_POINT ( 'NONE',  ( 18.74328531086480609, -80.41022924428169460, 10.53277056407849877 ) ) ;
#6109 = ORIENTED_EDGE ( 'NONE', *, *, #5876, .T. ) ;
#6110 = LINE ( 'NONE', #2466, #331 ) ;
#6111 = LINE ( 'NONE', #1636, #10287 ) ;
#6112 = EDGE_LOOP ( 'NONE', ( #794, #5991, #7223, #2956 ) ) ;
#6113 = EDGE_CURVE ( 'NONE', #8773, #8894, #109, .T. ) ;
#6114 = ORIENTED_EDGE ( 'NONE', *, *, #11686, .T. ) ;
#6115 = EDGE_LOOP ( 'NONE', ( #9411, #4037, #11609, #888 ) ) ;
#6116 = CARTESIAN_POINT ( 'NONE',  ( 0.000000000000000000, 51.20000000000000995, -7.383484513958806747E-15 ) ) ;
#6117 = ORIENTED_EDGE ( 'NONE', *, *, #1295, .F. ) ;
#6118 = SHAPE_DEFINITION_REPRESENTATION ( #10491, #4888 ) ;
#6119 = CARTESIAN_POINT ( 'NONE',  ( -21.47053499722331793, 51.19999999999999574, 1.125223059223538824 ) ) ;
#6120 = ORIENTED_EDGE ( 'NONE', *, *, #9375, .T. ) ;
#6121 = LINE ( 'NONE', #9541, #2598 ) ;
#6122 = LINE ( 'NONE', #3302, #8978 ) ;
#6123 = FACE_OUTER_BOUND ( 'NONE', #8207, .T. ) ;
#6124 = EDGE_CURVE ( 'NONE', #7496, #5788, #10846, .T. ) ;
#6125 = VERTEX_POINT ( 'NONE', #9027 ) ;
#6126 = DIRECTION ( 'NONE',  ( 0.000000000000000000, 0.000000000000000000, -1.000000000000000000 ) ) ;
#6127 = CARTESIAN_POINT ( 'NONE',  ( 7.704910915223833534, 51.19999999999999574, -20.07197916968985396 ) ) ;
#6128 = DIRECTION ( 'NONE',  ( 0.000000000000000000, -3.227392513445222318E-16, 1.000000000000000000 ) ) ;
#6129 = ORIENTED_EDGE ( 'NONE', *, *, #1000, .T. ) ;
#6130 = CARTESIAN_POINT ( 'NONE',  ( -20.70129763556884228, 45.19999999999998863, -5.805710654484308009 ) ) ;
#6131 = DIRECTION ( 'NONE',  ( 9.860761315262647568E-32, 1.000000000000000000, 3.061616997868381662E-16 ) ) ;
#6132 = FACE_OUTER_BOUND ( 'NONE', #9704, .T. ) ;
#6133 = CARTESIAN_POINT ( 'NONE',  ( 0.000000000000000000, 45.20000000000000995, -9.220454712679835547E-15 ) ) ;
#6134 = ADVANCED_FACE ( 'NONE', ( #957 ), #7248, .T. ) ;
#6135 = ORIENTED_EDGE ( 'NONE', *, *, #9270, .T. ) ;
#6136 = AXIS2_PLACEMENT_3D ( 'NONE', #7766, #10422, #8716 ) ;
#6137 = CARTESIAN_POINT ( 'NONE',  ( 10.74999999999988454, 45.19999999999998863, -18.36954618136547168 ) ) ;
#6138 = DIRECTION ( 'NONE',  ( 0.000000000000000000, 0.000000000000000000, 1.000000000000000000 ) ) ;
#6139 = CYLINDRICAL_SURFACE ( 'NONE', #11424, 21.50000000000000355 ) ;
#6140 = ORIENTED_EDGE ( 'NONE', *, *, #6267, .T. ) ;
#6141 = CARTESIAN_POINT ( 'NONE',  ( 21.03017341577679389, 45.19999999999998863, -4.470101352581890453 ) ) ;
#6142 = ORIENTED_EDGE ( 'NONE', *, *, #8619, .F. ) ;
#6143 = DIRECTION ( 'NONE',  ( 0.000000000000000000, -1.000000000000000000, -3.061616997868383141E-16 ) ) ;
#6144 = CIRCLE ( 'NONE', #8026, 21.50000000000000000 ) ;
#6145 = DIRECTION ( 'NONE',  ( 0.000000000000000000, 0.000000000000000000, 1.000000000000000000 ) ) ;
#6146 = CIRCLE ( 'NONE', #8042, 20.50000000000000711 ) ;
#6147 = VERTEX_POINT ( 'NONE', #5943 ) ;
#6148 = CARTESIAN_POINT ( 'NONE',  ( 0.000000000000000000, 87.50000000000001421, 3.730185188303422936E-15 ) ) ;
#6149 = ORIENTED_EDGE ( 'NONE', *, *, #7331, .T. ) ;
#6150 = VECTOR ( 'NONE', #3254, 1000.000000000000000 ) ;
#6151 = FACE_OUTER_BOUND ( 'NONE', #8275, .T. ) ;
#6152 = AXIS2_PLACEMENT_3D ( 'NONE', #11473, #6978, #10580 ) ;
#6153 = CARTESIAN_POINT ( 'NONE',  ( 2.495836301044534355, 51.20000000000000995, 21.35464355025360561 ) ) ;
#6154 = VERTEX_POINT ( 'NONE', #4129 ) ;
#6155 = AXIS2_PLACEMENT_3D ( 'NONE', #5857, #4097, #5795 ) ;
#6156 = AXIS2_PLACEMENT_3D ( 'NONE', #9773, #4311, #3543 ) ;
#6157 = ADVANCED_FACE ( 'NONE', ( #2999 ), #9483, .F. ) ;
#6158 = VECTOR ( 'NONE', #801, 1000.000000000000000 ) ;
#6159 = CIRCLE ( 'NONE', #1468, 21.50000000000000000 ) ;
#6160 = EDGE_LOOP ( 'NONE', ( #7773, #2041, #3089, #6640 ) ) ;
#6161 = CYLINDRICAL_SURFACE ( 'NONE', #1919, 21.50000000000000355 ) ;
#6162 = CIRCLE ( 'NONE', #138, 0.2500000000000002220 ) ;
#6163 = EDGE_LOOP ( 'NONE', ( #5155, #7477, #8673, #7991 ) ) ;
#6164 = DIRECTION ( 'NONE',  ( 0.000000000000000000, -1.000000000000000000, -3.061616997868383141E-16 ) ) ;
#6165 = FACE_OUTER_BOUND ( 'NONE', #6243, .T. ) ;
#6166 = ORIENTED_EDGE ( 'NONE', *, *, #5316, .F. ) ;
#6167 = ADVANCED_FACE ( 'NONE', ( #10436 ), #3247, .T. ) ;
#6168 = ORIENTED_EDGE ( 'NONE', *, *, #1731, .F. ) ;
#6169 = ORIENTED_EDGE ( 'NONE', *, *, #2577, .T. ) ;
#6170 = CIRCLE ( 'NONE', #5055, 0.2500000000000002220 ) ;
#6171 = CYLINDRICAL_SURFACE ( 'NONE', #4360, 0.2500000000000002220 ) ;
#6172 = ORIENTED_EDGE ( 'NONE', *, *, #3628, .T. ) ;
#6173 = DIRECTION ( 'NONE',  ( -0.000000000000000000, 1.000000000000000000, 3.061616997868383141E-16 ) ) ;
#6174 = AXIS2_PLACEMENT_3D ( 'NONE', #2445, #1620, #5971 ) ;
#6175 = ORIENTED_EDGE ( 'NONE', *, *, #7564, .F. ) ;
#6176 = DIRECTION ( 'NONE',  ( -0.000000000000000000, 1.000000000000000000, 3.061616997868383141E-16 ) ) ;
#6177 = ADVANCED_FACE ( 'NONE', ( #10311 ), #4956, .F. ) ;
#6178 = DIRECTION ( 'NONE',  ( 0.000000000000000000, 0.000000000000000000, 1.000000000000000000 ) ) ;
#6179 = DIRECTION ( 'NONE',  ( -0.000000000000000000, 1.000000000000000000, 3.061616997868383141E-16 ) ) ;
#6180 = ORIENTED_EDGE ( 'NONE', *, *, #3374, .T. ) ;
#6181 = CARTESIAN_POINT ( 'NONE',  ( 1.998583757652745208, 51.20000000000000995, 21.40690689856071671 ) ) ;
#6182 = CARTESIAN_POINT ( 'NONE',  ( 0.000000000000000000, 45.20000000000000995, -9.220454712679835547E-15 ) ) ;
#6183 = CARTESIAN_POINT ( 'NONE',  ( -19.04184949573522800, 45.19999999999998863, 9.982883740771884007 ) ) ;
#6184 = ORIENTED_EDGE ( 'NONE', *, *, #10782, .F. ) ;
#6185 = DIRECTION ( 'NONE',  ( -9.860761315262647568E-32, 1.000000000000000000, 3.061616997868382155E-16 ) ) ;
#6186 = FACE_OUTER_BOUND ( 'NONE', #3755, .T. ) ;
#6187 = EDGE_CURVE ( 'NONE', #5566, #1854, #10190, .T. ) ;
#6188 = CARTESIAN_POINT ( 'NONE',  ( 2.247361960254412150, 45.19999999999998863, -21.13222075041786852 ) ) ;
#6189 = EDGE_CURVE ( 'NONE', #1182, #5449, #2108, .T. ) ;
#6190 = FACE_OUTER_BOUND ( 'NONE', #1857, .T. ) ;
#6191 = VERTEX_POINT ( 'NONE', #2118 ) ;
#6192 = DIRECTION ( 'NONE',  ( 7.395570986446986770E-32, 1.000000000000000000, 3.061616997868382648E-16 ) ) ;
#6193 = CYLINDRICAL_SURFACE ( 'NONE', #1876, 0.2500000000000002220 ) ;
#6194 = DIRECTION ( 'NONE',  ( 0.000000000000000000, -3.227392513445222318E-16, 1.000000000000000000 ) ) ;
#6195 = ORIENTED_EDGE ( 'NONE', *, *, #4076, .F. ) ;
#6196 = CARTESIAN_POINT ( 'NONE',  ( 15.97761374776389331, -80.41022924428168039, -14.38630803671554759 ) ) ;
#6197 = ORIENTED_EDGE ( 'NONE', *, *, #694, .F. ) ;
#6198 = CARTESIAN_POINT ( 'NONE',  ( -5.564609469704350886, 51.19999999999999574, -20.51740526521489727 ) ) ;
#6199 = AXIS2_PLACEMENT_3D ( 'NONE', #3991, #1217, #5800 ) ;
#6200 = CIRCLE ( 'NONE', #3576, 21.50000000000000000 ) ;
#6201 = EDGE_CURVE ( 'NONE', #4582, #5786, #993, .T. ) ;
#6202 = EDGE_CURVE ( 'NONE', #3244, #6809, #7961, .T. ) ;
#6203 = FACE_OUTER_BOUND ( 'NONE', #10405, .T. ) ;
#6204 = ORIENTED_EDGE ( 'NONE', *, *, #3496, .F. ) ;
#6205 = DIRECTION ( 'NONE',  ( 0.000000000000000000, 0.000000000000000000, -1.000000000000000000 ) ) ;
#6206 = ORIENTED_EDGE ( 'NONE', *, *, #2621, .T. ) ;
#6207 = VECTOR ( 'NONE', #4679, 1000.000000000000000 ) ;
#6209 = EDGE_CURVE ( 'NONE', #8582, #82, #813, .T. ) ;
#6208 = CIRCLE ( 'NONE', #9976, 21.50000000000001066 ) ;
#6210 = DIRECTION ( 'NONE',  ( 0.000000000000000000, 0.000000000000000000, 1.000000000000000000 ) ) ;
#6211 = CARTESIAN_POINT ( 'NONE',  ( -18.03141721082671367, -80.41022924428168039, -11.70973925282293848 ) ) ;
#6212 = ORIENTED_EDGE ( 'NONE', *, *, #4951, .T. ) ;
#6213 = CIRCLE ( 'NONE', #3417, 21.50000000000000000 ) ;
#6214 = AXIS2_PLACEMENT_3D ( 'NONE', #10148, #2082, #5675 ) ;
#6215 = CARTESIAN_POINT ( 'NONE',  ( 0.000000000000000000, 87.50000000000001421, 3.730185188303422936E-15 ) ) ;
#6216 = VECTOR ( 'NONE', #8634, 1000.000000000000000 ) ;
#6217 = ORIENTED_EDGE ( 'NONE', *, *, #4795, .F. ) ;
#6218 = DIRECTION ( 'NONE',  ( -0.000000000000000000, 1.000000000000000000, 3.061616997868383141E-16 ) ) ;
#6219 = ORIENTED_EDGE ( 'NONE', *, *, #6931, .F. ) ;
#6220 = CARTESIAN_POINT ( 'NONE',  ( 0.000000000000000000, 45.20000000000000995, -9.220454712679835547E-15 ) ) ;
#6221 = ORIENTED_EDGE ( 'NONE', *, *, #9162, .F. ) ;
#6222 = EDGE_CURVE ( 'NONE', #8844, #3864, #5892, .T. ) ;
#6223 = ORIENTED_EDGE ( 'NONE', *, *, #7446, .F. ) ;
#6224 = ORIENTED_EDGE ( 'NONE', *, *, #10524, .T. ) ;
#6225 = EDGE_CURVE ( 'NONE', #2378, #8490, #3452, .T. ) ;
#6226 = AXIS2_PLACEMENT_3D ( 'NONE', #5953, #3258, #9673 ) ;
#6227 = DIRECTION ( 'NONE',  ( 0.000000000000000000, 1.000000000000000000, 3.061616997868382648E-16 ) ) ;
#6228 = ORIENTED_EDGE ( 'NONE', *, *, #10054, .F. ) ;
#6229 =( LENGTH_UNIT ( ) NAMED_UNIT ( * ) SI_UNIT ( .MILLI., .METRE. ) );
#6230 = DIRECTION ( 'NONE',  ( -0.000000000000000000, 1.000000000000000000, 3.061616997868383141E-16 ) ) ;
#6231 = AXIS2_PLACEMENT_3D ( 'NONE', #2765, #6409, #2826 ) ;
#6232 = AXIS2_PLACEMENT_3D ( 'NONE', #11166, #10395, #11404 ) ;
#6233 = ADVANCED_FACE ( 'NONE', ( #8488 ), #3249, .T. ) ;
#6234 = ORIENTED_EDGE ( 'NONE', *, *, #3597, .F. ) ;
#6235 = LINE ( 'NONE', #7294, #3515 ) ;
#6236 = AXIS2_PLACEMENT_3D ( 'NONE', #2164, #105, #3782 ) ;
#6237 = DIRECTION ( 'NONE',  ( 0.000000000000000000, -1.000000000000000000, -3.061616997868383141E-16 ) ) ;
#6238 = CARTESIAN_POINT ( 'NONE',  ( 21.19475577399845534, 45.19999999999998863, -3.610031534565641742 ) ) ;
#6239 = CIRCLE ( 'NONE', #2482, 0.2500000000000002220 ) ;
#6240 = VERTEX_POINT ( 'NONE', #11149 ) ;
#6241 = CARTESIAN_POINT ( 'NONE',  ( 1.125223059223148248, 45.19999999999998863, -21.47053499722332148 ) ) ;
#6242 = LINE ( 'NONE', #4424, #3722 ) ;
#6243 = EDGE_LOOP ( 'NONE', ( #4918, #631, #1661, #4540 ) ) ;
#6244 = CARTESIAN_POINT ( 'NONE',  ( -20.36907980785170125, -80.41022924428168039, -6.881176337034816903 ) ) ;
#6245 = VERTEX_POINT ( 'NONE', #3120 ) ;
#6246 = CIRCLE ( 'NONE', #2866, 0.2500000000000002220 ) ;
#6247 = EDGE_CURVE ( 'NONE', #11098, #41, #10598, .T. ) ;
#6248 = DIRECTION ( 'NONE',  ( -0.000000000000000000, 1.000000000000000000, 3.061616997868383141E-16 ) ) ;
#6249 = CIRCLE ( 'NONE', #10965, 0.2500000000000002220 ) ;
#6250 = DIRECTION ( 'NONE',  ( -0.000000000000000000, 1.000000000000000000, 3.061616997868383141E-16 ) ) ;
#6251 = CYLINDRICAL_SURFACE ( 'NONE', #3906, 0.2500000000000002220 ) ;
#6252 = CARTESIAN_POINT ( 'NONE',  ( -21.48216726873254601, 45.19999999999998863, 0.8754938253332058551 ) ) ;
#6253 = ORIENTED_EDGE ( 'NONE', *, *, #6397, .F. ) ;
#6254 = CARTESIAN_POINT ( 'NONE',  ( 15.02499431646281280, -80.41022924428168039, -15.37854173159016824 ) ) ;
#6255 = DIRECTION ( 'NONE',  ( -4.930380657631323784E-32, 1.000000000000000000, 3.061616997868381169E-16 ) ) ;
#6256 = ADVANCED_FACE ( 'NONE', ( #5758 ), #9362, .T. ) ;
#6257 = CARTESIAN_POINT ( 'NONE',  ( 0.000000000000000000, 87.50000000000001421, 3.730185188303422936E-15 ) ) ;
#6258 = CARTESIAN_POINT ( 'NONE',  ( 18.03141721082655380, 51.19999999999999574, -11.45973925282314099 ) ) ;
#6259 = EDGE_LOOP ( 'NONE', ( #7739, #4200, #4308, #7074 ) ) ;
#6260 = DIRECTION ( 'NONE',  ( -7.395570986446986770E-32, 1.000000000000000000, 3.061616997868382648E-16 ) ) ;
#6261 = CARTESIAN_POINT ( 'NONE',  ( -4.225266388133494644, 45.19999999999998863, -21.08072873382963408 ) ) ;
#6262 = CIRCLE ( 'NONE', #3830, 10.00000000000000000 ) ;
#6263 = DIRECTION ( 'NONE',  ( 0.000000000000000000, 0.000000000000000000, -1.000000000000000000 ) ) ;
#6264 = VERTEX_POINT ( 'NONE', #7657 ) ;
#6265 = CYLINDRICAL_SURFACE ( 'NONE', #169, 8.698518023597397786 ) ;
#6266 = VERTEX_POINT ( 'NONE', #409 ) ;
#6267 = EDGE_CURVE ( 'NONE', #2716, #5950, #10019, .T. ) ;
#6268 = CARTESIAN_POINT ( 'NONE',  ( -1.125223059222998367, 51.20000000000000995, 21.47053499722336056 ) ) ;
#6269 = DIRECTION ( 'NONE',  ( 0.000000000000000000, 0.000000000000000000, 1.000000000000000000 ) ) ;
#6270 = ORIENTED_EDGE ( 'NONE', *, *, #6398, .F. ) ;
#6271 = CIRCLE ( 'NONE', #1201, 0.2500000000000002220 ) ;
#6272 = CARTESIAN_POINT ( 'NONE',  ( -19.98103174821878625, 45.19999999999998863, -7.937781193549843906 ) ) ;
#6273 = ADVANCED_FACE ( 'NONE', ( #11201 ), #6770, .T. ) ;
#6274 = VERTEX_POINT ( 'NONE', #4476 ) ;
#6275 = CARTESIAN_POINT ( 'NONE',  ( 0.000000000000000000, 45.20000000000000284, 20.49999999999999645 ) ) ;
#6276 = ORIENTED_EDGE ( 'NONE', *, *, #2729, .F. ) ;
#6277 = CARTESIAN_POINT ( 'NONE',  ( 0.000000000000000000, 61.70000000000000995, -4.168786666197004375E-15 ) ) ;
#6278 = EDGE_LOOP ( 'NONE', ( #11403, #3266, #1806, #1288 ) ) ;
#6279 = DIRECTION ( 'NONE',  ( 0.000000000000000000, -3.227392513445220839E-16, 1.000000000000000000 ) ) ;
#6280 = ORIENTED_EDGE ( 'NONE', *, *, #475, .T. ) ;
#6281 = EDGE_LOOP ( 'NONE', ( #8033, #9938, #6109, #6619 ) ) ;
#6282 = CARTESIAN_POINT ( 'NONE',  ( -10.96577594754947604, 45.19999999999998863, -18.49328953615727755 ) ) ;
#6283 = VERTEX_POINT ( 'NONE', #4370 ) ;
#6284 = FACE_OUTER_BOUND ( 'NONE', #220, .T. ) ;
#6285 = CARTESIAN_POINT ( 'NONE',  ( 0.000000000000000000, 51.20000000000000995, -7.383484513958806747E-15 ) ) ;
#6286 = ADVANCED_FACE ( 'NONE', ( #11445 ), #7963, .F. ) ;
#6287 = VERTEX_POINT ( 'NONE', #10493 ) ;
#6288 = LINE ( 'NONE', #1946, #112 ) ;
#6289 = DIRECTION ( 'NONE',  ( 0.000000000000000000, 0.000000000000000000, 1.000000000000000000 ) ) ;
#6290 = CARTESIAN_POINT ( 'NONE',  ( -11.49928352796065312, 45.20000000000000284, 18.16635567040270871 ) ) ;
#6291 = EDGE_LOOP ( 'NONE', ( #4173, #4326, #8775, #9586 ) ) ;
#6292 = ORIENTED_EDGE ( 'NONE', *, *, #1831, .F. ) ;
#6293 = DIRECTION ( 'NONE',  ( -0.000000000000000000, 1.000000000000000000, 3.061616997868383141E-16 ) ) ;
#6294 = CARTESIAN_POINT ( 'NONE',  ( 18.61954618136537576, 51.19999999999999574, -10.75000000000006750 ) ) ;
#6295 = VERTEX_POINT ( 'NONE', #8841 ) ;
#6296 = ADVANCED_FACE ( 'NONE', ( #11506 ), #3431, .T. ) ;
#6297 = DIRECTION ( 'NONE',  ( -0.000000000000000000, 1.000000000000000000, 3.061616997868383141E-16 ) ) ;
#6298 = DIRECTION ( 'NONE',  ( -0.000000000000000000, 1.000000000000000000, 3.061616997868383141E-16 ) ) ;
#6299 = CARTESIAN_POINT ( 'NONE',  ( -10.75000000000014744, 45.19999999999998863, -18.61954618136532247 ) ) ;
#6300 = DIRECTION ( 'NONE',  ( -0.000000000000000000, 1.000000000000000000, 3.061616997868383141E-16 ) ) ;
#6301 = ORIENTED_EDGE ( 'NONE', *, *, #11616, .F. ) ;
#6302 = CARTESIAN_POINT ( 'NONE',  ( 19.15664027004985215, 45.19999999999998863, -9.760795744400320828 ) ) ;
#6303 = CARTESIAN_POINT ( 'NONE',  ( 16.55018116000694306, 45.20000000000000284, 13.72375690439580254 ) ) ;
#6304 = EDGE_CURVE ( 'NONE', #3059, #2716, #3303, .T. ) ;
#6305 = DIRECTION ( 'NONE',  ( -0.000000000000000000, 1.000000000000000000, 3.061616997868383141E-16 ) ) ;
#6306 = DIRECTION ( 'NONE',  ( -0.000000000000000000, 1.000000000000000000, 3.061616997868383141E-16 ) ) ;
#6307 = ORIENTED_EDGE ( 'NONE', *, *, #8756, .T. ) ;
#6308 = FACE_OUTER_BOUND ( 'NONE', #7776, .T. ) ;
#6309 = DIRECTION ( 'NONE',  ( 2.465190328815661892E-32, 1.000000000000000000, 3.061616997868381169E-16 ) ) ;
#6310 = DIRECTION ( 'NONE',  ( 0.000000000000000000, 0.000000000000000000, 1.000000000000000000 ) ) ;
#6311 = ORIENTED_EDGE ( 'NONE', *, *, #7737, .T. ) ;
#6312 = CARTESIAN_POINT ( 'NONE',  ( 19.15664027004991965, 45.19999999999998863, 9.760795744400217799 ) ) ;
#6313 = EDGE_LOOP ( 'NONE', ( #9306, #2144, #11159, #6914 ) ) ;
#6314 = DIRECTION ( 'NONE',  ( -4.930380657631323784E-32, 1.000000000000000000, 3.061616997868381169E-16 ) ) ;
#6315 = CARTESIAN_POINT ( 'NONE',  ( 0.000000000000000000, 45.20000000000000995, -9.220454712679835547E-15 ) ) ;
#6316 = CIRCLE ( 'NONE', #110, 0.2500000000000002220 ) ;
#6317 = ORIENTED_EDGE ( 'NONE', *, *, #5747, .T. ) ;
#6318 = CIRCLE ( 'NONE', #7447, 21.50000000000000000 ) ;
#6319 = CIRCLE ( 'NONE', #10478, 0.2500000000000002220 ) ;
#6320 = EDGE_CURVE ( 'NONE', #10067, #5566, #4943, .T. ) ;
#6321 = EDGE_CURVE ( 'NONE', #6757, #6154, #9831, .T. ) ;
#6322 = CARTESIAN_POINT ( 'NONE',  ( 16.70863817132479667, 51.19999999999999574, -13.53038840757156613 ) ) ;
#6323 = CIRCLE ( 'NONE', #5579, 21.50000000000000000 ) ;
#6324 = ORIENTED_EDGE ( 'NONE', *, *, #7276, .T. ) ;
#6325 = CARTESIAN_POINT ( 'NONE',  ( -20.07197916968989659, 45.19999999999998863, -7.704910915223751822 ) ) ;
#6326 = VECTOR ( 'NONE', #9327, 1000.000000000000000 ) ;
#6327 = AXIS2_PLACEMENT_3D ( 'NONE', #2095, #6374, #3741 ) ;
#6328 = EDGE_LOOP ( 'NONE', ( #6491, #9931 ) ) ;
#6329 = FACE_OUTER_BOUND ( 'NONE', #7330, .T. ) ;
#6330 = ADVANCED_FACE ( 'NONE', ( #6123, #3366 ), #9603, .T. ) ;
#6331 = ORIENTED_EDGE ( 'NONE', *, *, #8063, .T. ) ;
#6332 = DIRECTION ( 'NONE',  ( 4.930380657631323784E-32, 1.000000000000000000, 3.061616997868382648E-16 ) ) ;
#6333 = VECTOR ( 'NONE', #6883, 1000.000000000000000 ) ;
#6334 = ORIENTED_EDGE ( 'NONE', *, *, #8499, .F. ) ;
#6335 = ORIENTED_EDGE ( 'NONE', *, *, #338, .F. ) ;
#6336 = DIRECTION ( 'NONE',  ( 9.860761315262647568E-32, 1.000000000000000000, 3.061616997868382155E-16 ) ) ;
#6337 = ORIENTED_EDGE ( 'NONE', *, *, #4759, .T. ) ;
#6338 = DIRECTION ( 'NONE',  ( 0.000000000000000000, 0.000000000000000000, -1.000000000000000000 ) ) ;
#6339 = AXIS2_PLACEMENT_3D ( 'NONE', #11512, #9835, #5191 ) ;
#6340 = AXIS2_PLACEMENT_3D ( 'NONE', #3246, #11146, #9359 ) ;
#6341 = EDGE_CURVE ( 'NONE', #11119, #9003, #5325, .T. ) ;
#6342 = EDGE_CURVE ( 'NONE', #10366, #5214, #6441, .T. ) ;
#6343 = AXIS2_PLACEMENT_3D ( 'NONE', #8341, #2804, #5567 ) ;
#6344 = VERTEX_POINT ( 'NONE', #2424 ) ;
#6345 = DIRECTION ( 'NONE',  ( -9.860761315262647568E-32, 1.000000000000000000, 3.061616997868382155E-16 ) ) ;
#6346 = CARTESIAN_POINT ( 'NONE',  ( 7.937781193550203618, -80.41022924428169460, 19.98103174821858730 ) ) ;
#6347 = FACE_OUTER_BOUND ( 'NONE', #1777, .T. ) ;
#6348 = AXIS2_PLACEMENT_3D ( 'NONE', #5022, #7736, #6847 ) ;
#6349 = ORIENTED_EDGE ( 'NONE', *, *, #10233, .T. ) ;
#6350 = ORIENTED_EDGE ( 'NONE', *, *, #10883, .T. ) ;
#6351 = DIRECTION ( 'NONE',  ( -0.000000000000000000, 1.000000000000000000, 3.061616997868383141E-16 ) ) ;
#6352 = DIRECTION ( 'NONE',  ( 0.000000000000000000, 0.000000000000000000, 1.000000000000000000 ) ) ;
#6353 = AXIS2_PLACEMENT_3D ( 'NONE', #5565, #3571, #11589 ) ;
#6354 = VERTEX_POINT ( 'NONE', #6011 ) ;
#6355 = DIRECTION ( 'NONE',  ( -0.000000000000000000, 1.000000000000000000, 3.061616997868383141E-16 ) ) ;
#6356 = EDGE_CURVE ( 'NONE', #7510, #3908, #3825, .T. ) ;
#6357 = CARTESIAN_POINT ( 'NONE',  ( 0.8754938253329621611, 45.20000000000000284, 21.48216726873254601 ) ) ;
#6358 = AXIS2_PLACEMENT_3D ( 'NONE', #6874, #9650, #9526 ) ;
#6359 = DIRECTION ( 'NONE',  ( 0.000000000000000000, -2.843808977011157336E-16, 1.000000000000000000 ) ) ;
#6360 = CARTESIAN_POINT ( 'NONE',  ( 17.39386537906129604, 45.19999999999998863, -12.63738292428823584 ) ) ;
#6361 = ORIENTED_EDGE ( 'NONE', *, *, #9841, .T. ) ;
#6362 = FACE_OUTER_BOUND ( 'NONE', #8001, .T. ) ;
#6363 = CARTESIAN_POINT ( 'NONE',  ( 11.49928352796078102, 45.19999999999998863, -18.16635567040260213 ) ) ;
#6364 = DIRECTION ( 'NONE',  ( -0.000000000000000000, 1.000000000000000000, 3.061616997868383141E-16 ) ) ;
#6365 = DIRECTION ( 'NONE',  ( -0.000000000000000000, 1.000000000000000000, 3.061616997868383141E-16 ) ) ;
#6366 = VERTEX_POINT ( 'NONE', #10617 ) ;
#6367 = DIRECTION ( 'NONE',  ( -0.000000000000000000, 1.000000000000000000, 3.061616997868383141E-16 ) ) ;
#6368 = EDGE_CURVE ( 'NONE', #9448, #1641, #2694, .T. ) ;
#6369 = LINE ( 'NONE', #1584, #415 ) ;
#6370 = AXIS2_PLACEMENT_3D ( 'NONE', #4643, #1712, #2764 ) ;
#6371 = DIRECTION ( 'NONE',  ( 0.000000000000000000, 0.000000000000000000, 1.000000000000000000 ) ) ;
#6372 = VECTOR ( 'NONE', #361, 1000.000000000000000 ) ;
#6373 = EDGE_CURVE ( 'NONE', #3397, #6344, #2315, .T. ) ;
#6374 = DIRECTION ( 'NONE',  ( -0.000000000000000000, 1.000000000000000000, 3.061616997868383141E-16 ) ) ;
#6375 = EDGE_LOOP ( 'NONE', ( #11179, #3179 ) ) ;
#6376 = DIRECTION ( 'NONE',  ( -0.000000000000000000, 1.000000000000000000, 3.061616997868383141E-16 ) ) ;
#6377 = ORIENTED_EDGE ( 'NONE', *, *, #108, .T. ) ;
#6378 = VECTOR ( 'NONE', #8179, 1000.000000000000000 ) ;
#6379 = CARTESIAN_POINT ( 'NONE',  ( 20.70129763556878899, 45.19999999999998863, 5.805710654484477651 ) ) ;
#6380 = AXIS2_PLACEMENT_3D ( 'NONE', #5106, #6866, #10463 ) ;
#6381 = DIRECTION ( 'NONE',  ( -0.000000000000000000, 1.000000000000000000, 3.061616997868383141E-16 ) ) ;
#6382 = COLOUR_RGB ( '',0.7921568627450980005, 0.8196078431372548767, 0.9333333333333333481 ) ;
#6383 = ORIENTED_EDGE ( 'NONE', *, *, #478, .F. ) ;
#6384 = EDGE_CURVE ( 'NONE', #10026, #4882, #11546, .T. ) ;
#6385 = AXIS2_PLACEMENT_3D ( 'NONE', #5387, #8986, #8934 ) ;
#6386 = DIRECTION ( 'NONE',  ( -0.000000000000000000, 1.000000000000000000, 3.061616997868383141E-16 ) ) ;
#6387 = AXIS2_PLACEMENT_3D ( 'NONE', #4848, #4620, #244 ) ;
#6388 = ORIENTED_EDGE ( 'NONE', *, *, #8112, .F. ) ;
#6389 = CARTESIAN_POINT ( 'NONE',  ( -15.80925377108417784, 51.20000000000000995, 14.57111852952478337 ) ) ;
#6390 = AXIS2_PLACEMENT_3D ( 'NONE', #10729, #8958, #4483 ) ;
#6391 = VERTEX_POINT ( 'NONE', #2653 ) ;
#6392 = CARTESIAN_POINT ( 'NONE',  ( 18.03141721082655380, -80.41022924428168039, -11.70973925282318184 ) ) ;
#6393 = ORIENTED_EDGE ( 'NONE', *, *, #1851, .T. ) ;
#6394 = DIRECTION ( 'NONE',  ( -0.000000000000000000, 1.000000000000000000, 3.061616997868383141E-16 ) ) ;
#6395 = ORIENTED_EDGE ( 'NONE', *, *, #8863, .T. ) ;
#6396 = ORIENTED_EDGE ( 'NONE', *, *, #988, .F. ) ;
#6397 = EDGE_CURVE ( 'NONE', #4312, #1190, #227, .T. ) ;
#6398 = EDGE_CURVE ( 'NONE', #7456, #3546, #8013, .T. ) ;
#6399 = DIRECTION ( 'NONE',  ( 0.000000000000000000, 0.000000000000000000, -1.000000000000000000 ) ) ;
#6400 = ORIENTED_EDGE ( 'NONE', *, *, #11178, .T. ) ;
#6401 = DIRECTION ( 'NONE',  ( -0.000000000000000000, 1.000000000000000000, 3.061616997868383141E-16 ) ) ;
#6402 = CIRCLE ( 'NONE', #2839, 21.50000000000000000 ) ;
#6403 = CIRCLE ( 'NONE', #2840, 0.2500000000000002220 ) ;
#6404 = EDGE_CURVE ( 'NONE', #7722, #6722, #7125, .T. ) ;
#6405 = ORIENTED_EDGE ( 'NONE', *, *, #8599, .T. ) ;
#6406 = CARTESIAN_POINT ( 'NONE',  ( 13.33519049100553211, 45.19999999999998863, -16.86483603740618875 ) ) ;
#6407 = AXIS2_PLACEMENT_3D ( 'NONE', #9990, #4353, #5293 ) ;
#6408 = LINE ( 'NONE', #6346, #7890 ) ;
#6409 = DIRECTION ( 'NONE',  ( 0.000000000000000000, -1.000000000000000000, -3.061616997868383141E-16 ) ) ;
#6410 = AXIS2_PLACEMENT_3D ( 'NONE', #6657, #7426, #2011 ) ;
#6411 = VECTOR ( 'NONE', #7955, 1000.000000000000000 ) ;
#6412 = ORIENTED_EDGE ( 'NONE', *, *, #10044, .T. ) ;
#6413 = VERTEX_POINT ( 'NONE', #6238 ) ;
#6414 = EDGE_CURVE ( 'NONE', #10990, #5343, #7017, .T. ) ;
#6415 = DIRECTION ( 'NONE',  ( -1.479114197289397354E-31, 1.000000000000000000, 3.061616997868382648E-16 ) ) ;
#6416 = EDGE_CURVE ( 'NONE', #142, #2163, #1821, .T. ) ;
#6417 = CYLINDRICAL_SURFACE ( 'NONE', #10926, 21.50000000000000355 ) ;
#6418 = EDGE_LOOP ( 'NONE', ( #11184, #3677, #2560, #4181 ) ) ;
#6419 = DIRECTION ( 'NONE',  ( 0.000000000000000000, 0.000000000000000000, -1.000000000000000000 ) ) ;
#6420 = VECTOR ( 'NONE', #4009, 1000.000000000000000 ) ;
#6421 = CARTESIAN_POINT ( 'NONE',  ( 0.000000000000000000, 87.50000000000001421, 3.730185188303422936E-15 ) ) ;
#6422 = DIRECTION ( 'NONE',  ( -0.000000000000000000, 1.000000000000000000, 3.061616997868383141E-16 ) ) ;
#6423 = CIRCLE ( 'NONE', #1167, 18.49999999999999645 ) ;
#6424 = ADVANCED_FACE ( 'NONE', ( #6347 ), #4536, .F. ) ;
#6425 = DIRECTION ( 'NONE',  ( -0.000000000000000000, 1.000000000000000000, 3.061616997868383141E-16 ) ) ;
#6426 = AXIS2_PLACEMENT_3D ( 'NONE', #2785, #2006, #5548 ) ;
#6427 = VERTEX_POINT ( 'NONE', #6290 ) ;
#6428 = DIRECTION ( 'NONE',  ( -0.000000000000000000, 1.000000000000000000, 3.061616997868383141E-16 ) ) ;
#6429 = DIRECTION ( 'NONE',  ( 0.000000000000000000, 0.000000000000000000, -1.000000000000000000 ) ) ;
#6430 = DIRECTION ( 'NONE',  ( -0.000000000000000000, 1.000000000000000000, 3.061616997868383141E-16 ) ) ;
#6431 = AXIS2_PLACEMENT_3D ( 'NONE', #996, #4637, #6338 ) ;
#6432 = DIRECTION ( 'NONE',  ( -0.000000000000000000, 1.000000000000000000, 3.061616997868383141E-16 ) ) ;
#6433 = ORIENTED_EDGE ( 'NONE', *, *, #8396, .T. ) ;
#6434 = DIRECTION ( 'NONE',  ( -0.000000000000000000, 1.000000000000000000, 3.061616997868383141E-16 ) ) ;
#6435 = AXIS2_PLACEMENT_3D ( 'NONE', #8964, #2612, #1610 ) ;
#6436 = CARTESIAN_POINT ( 'NONE',  ( -12.63738292428830867, 51.19999999999999574, -17.39386537906123920 ) ) ;
#6437 = FACE_OUTER_BOUND ( 'NONE', #7394, .T. ) ;
#6438 = EDGE_CURVE ( 'NONE', #3117, #8002, #7189, .T. ) ;
#6439 = CIRCLE ( 'NONE', #9826, 0.2500000000000002220 ) ;
#6440 = CYLINDRICAL_SURFACE ( 'NONE', #5398, 21.50000000000000355 ) ;
#6441 = CIRCLE ( 'NONE', #9652, 21.50000000000000000 ) ;
#6442 = EDGE_LOOP ( 'NONE', ( #10106, #6114, #2460, #6919 ) ) ;
#6443 = DIRECTION ( 'NONE',  ( 0.000000000000000000, -3.227392513445220839E-16, 1.000000000000000000 ) ) ;
#6444 = VERTEX_POINT ( 'NONE', #8189 ) ;
#6445 = CARTESIAN_POINT ( 'NONE',  ( 2.510525938252074876E-15, 45.20000000000001705, -20.50000000000001776 ) ) ;
#6446 = DIRECTION ( 'NONE',  ( 3.081487911019577365E-33, 1.000000000000000000, 3.061616997868381662E-16 ) ) ;
#6447 = CARTESIAN_POINT ( 'NONE',  ( 21.38222075041785786, 51.19999999999999574, -2.247361960254610658 ) ) ;
#6448 = ORIENTED_EDGE ( 'NONE', *, *, #10162, .T. ) ;
#6449 = ADVANCED_FACE ( 'NONE', ( #9883 ), #98, .F. ) ;
#6450 = DIRECTION ( 'NONE',  ( 0.000000000000000000, 0.000000000000000000, 1.000000000000000000 ) ) ;
#6451 = ORIENTED_EDGE ( 'NONE', *, *, #7049, .T. ) ;
#6452 = DIRECTION ( 'NONE',  ( -0.000000000000000000, 1.000000000000000000, 3.061616997868383141E-16 ) ) ;
#6453 = ORIENTED_EDGE ( 'NONE', *, *, #4756, .T. ) ;
#6454 = DIRECTION ( 'NONE',  ( 0.000000000000000000, -3.227392513445220839E-16, 1.000000000000000000 ) ) ;
#6455 = ORIENTED_EDGE ( 'NONE', *, *, #7980, .F. ) ;
#6456 = EDGE_CURVE ( 'NONE', #7602, #8890, #8905, .T. ) ;
#6457 = FACE_OUTER_BOUND ( 'NONE', #4725, .T. ) ;
#6458 = CARTESIAN_POINT ( 'NONE',  ( -10.53277056407872081, -80.41022924428168039, -18.74328531086471727 ) ) ;
#6459 = ORIENTED_EDGE ( 'NONE', *, *, #6341, .T. ) ;
#6460 = CARTESIAN_POINT ( 'NONE',  ( 17.39386537906138841, 45.20000000000000284, 12.63738292428814347 ) ) ;
#6461 = EDGE_CURVE ( 'NONE', #9255, #10328, #629, .T. ) ;
#6462 = ORIENTED_EDGE ( 'NONE', *, *, #1341, .T. ) ;
#6463 = EDGE_CURVE ( 'NONE', #7061, #9896, #10897, .T. ) ;
#6464 = DIRECTION ( 'NONE',  ( 0.000000000000000000, 0.000000000000000000, 1.000000000000000000 ) ) ;
#6465 = CARTESIAN_POINT ( 'NONE',  ( -16.86483603740588677, 45.20000000000000284, 13.33519049100597087 ) ) ;
#6466 = DIRECTION ( 'NONE',  ( -0.000000000000000000, 1.000000000000000000, 3.061616997868383141E-16 ) ) ;
#6467 = ORIENTED_EDGE ( 'NONE', *, *, #6113, .T. ) ;
#6468 = ORIENTED_EDGE ( 'NONE', *, *, #10379, .F. ) ;
#6469 = EDGE_CURVE ( 'NONE', #7121, #8260, #3709, .T. ) ;
#6470 = DIRECTION ( 'NONE',  ( -0.000000000000000000, 1.000000000000000000, 3.061616997868383141E-16 ) ) ;
#6471 = ORIENTED_EDGE ( 'NONE', *, *, #3468, .F. ) ;
#6472 = CYLINDRICAL_SURFACE ( 'NONE', #5485, 0.2500000000000002220 ) ;
#6473 = DIRECTION ( 'NONE',  ( 0.000000000000000000, 0.000000000000000000, 1.000000000000000000 ) ) ;
#6474 = EDGE_CURVE ( 'NONE', #5899, #638, #8156, .T. ) ;
#6475 = EDGE_CURVE ( 'NONE', #6728, #6649, #10207, .T. ) ;
#6476 = DIRECTION ( 'NONE',  ( 9.860761315262647568E-32, 1.000000000000000000, 3.061616997868382155E-16 ) ) ;
#6477 = DIRECTION ( 'NONE',  ( 0.000000000000000000, 0.000000000000000000, -1.000000000000000000 ) ) ;
#6478 = VERTEX_POINT ( 'NONE', #218 ) ;
#6479 = CARTESIAN_POINT ( 'NONE',  ( -10.74999999999975486, 45.20000000000000284, 18.61954618136557116 ) ) ;
#6480 = CARTESIAN_POINT ( 'NONE',  ( -15.02499431646302774, -80.41022924428168039, -15.37854173158995863 ) ) ;
#6481 = FACE_OUTER_BOUND ( 'NONE', #4632, .T. ) ;
#6482 = CARTESIAN_POINT ( 'NONE',  ( 0.000000000000000000, 87.50000000000001421, 3.730185188303422936E-15 ) ) ;
#6483 = ORIENTED_EDGE ( 'NONE', *, *, #9072, .F. ) ;
#6484 = CARTESIAN_POINT ( 'NONE',  ( 21.19475577399845534, -80.41022924428168039, -3.610031534565680378 ) ) ;
#6485 = DIRECTION ( 'NONE',  ( -0.000000000000000000, 1.000000000000000000, 3.061616997868383141E-16 ) ) ;
#6486 = DIRECTION ( 'NONE',  ( 0.000000000000000000, 0.000000000000000000, 1.000000000000000000 ) ) ;
#6487 = EDGE_CURVE ( 'NONE', #11062, #10065, #47, .T. ) ;
#6488 = EDGE_CURVE ( 'NONE', #8602, #1704, #11332, .T. ) ;
#6489 = VERTEX_POINT ( 'NONE', #1052 ) ;
#6490 = CARTESIAN_POINT ( 'NONE',  ( -4.714331922579995116, 51.20000000000000995, 20.97677464539634329 ) ) ;
#6491 = ORIENTED_EDGE ( 'NONE', *, *, #3597, .T. ) ;
#6492 = DIRECTION ( 'NONE',  ( 0.000000000000000000, 0.000000000000000000, 1.000000000000000000 ) ) ;
#6493 = DIRECTION ( 'NONE',  ( 0.000000000000000000, 0.000000000000000000, 1.000000000000000000 ) ) ;
#6494 = CARTESIAN_POINT ( 'NONE',  ( 9.760795744400141416, -80.41022924428168039, -19.15664027004997649 ) ) ;
#6495 = ORIENTED_EDGE ( 'NONE', *, *, #10612, .F. ) ;
#6496 = DIRECTION ( 'NONE',  ( -7.395570986446986770E-32, 1.000000000000000000, 3.061616997868383634E-16 ) ) ;
#6497 = ORIENTED_EDGE ( 'NONE', *, *, #10930, .F. ) ;
#6498 = DIRECTION ( 'NONE',  ( 3.697785493223493385E-32, 1.000000000000000000, 3.061616997868381662E-16 ) ) ;
#6499 = ORIENTED_EDGE ( 'NONE', *, *, #7755, .T. ) ;
#6500 = DIRECTION ( 'NONE',  ( -9.860761315262647568E-32, 1.000000000000000000, 3.061616997868381662E-16 ) ) ;
#6501 = ORIENTED_EDGE ( 'NONE', *, *, #1667, .T. ) ;
#6502 = CIRCLE ( 'NONE', #3132, 0.2500000000000002220 ) ;
#6503 = DIRECTION ( 'NONE',  ( 0.000000000000000000, 0.000000000000000000, -1.000000000000000000 ) ) ;
#6504 = CIRCLE ( 'NONE', #1451, 0.2500000000000002220 ) ;
#6505 = VECTOR ( 'NONE', #11071, 1000.000000000000000 ) ;
#6506 = CARTESIAN_POINT ( 'NONE',  ( -21.48216726873254956, 45.19999999999998863, -0.8754938253325593722 ) ) ;
#6507 = ORIENTED_EDGE ( 'NONE', *, *, #582, .T. ) ;
#6508 = CARTESIAN_POINT ( 'NONE',  ( 20.16021269457239740, 45.19999999999998863, 7.470998869602486714 ) ) ;
#6509 = EDGE_CURVE ( 'NONE', #1596, #4397, #10179, .T. ) ;
#6510 = AXIS2_PLACEMENT_3D ( 'NONE', #2953, #4835, #5660 ) ;
#6511 = CIRCLE ( 'NONE', #5217, 0.2500000000000002220 ) ;
#6512 = CIRCLE ( 'NONE', #3147, 21.50000000000000000 ) ;
#6513 = ORIENTED_EDGE ( 'NONE', *, *, #251, .F. ) ;
#6514 = DIRECTION ( 'NONE',  ( 0.000000000000000000, -1.000000000000000000, -3.061616997868383141E-16 ) ) ;
#6515 = ADVANCED_FACE ( 'NONE', ( #5535 ), #6518, .T. ) ;
#6516 = AXIS2_PLACEMENT_3D ( 'NONE', #9358, #11145, #3842 ) ;
#6517 = DIRECTION ( 'NONE',  ( 1.972152263052529514E-31, 1.000000000000000000, 3.061616997868382648E-16 ) ) ;
#6518 = CYLINDRICAL_SURFACE ( 'NONE', #7180, 21.50000000000000355 ) ;
#6519 = ORIENTED_EDGE ( 'NONE', *, *, #5920, .F. ) ;
#6520 = EDGE_LOOP ( 'NONE', ( #498, #10956, #8563, #4411 ) ) ;
#6521 = CIRCLE ( 'NONE', #5776, 0.2500000000000002220 ) ;
#6522 = AXIS2_PLACEMENT_3D ( 'NONE', #1265, #1330, #2333 ) ;
#6523 = DIRECTION ( 'NONE',  ( -9.860761315262647568E-32, 1.000000000000000000, 3.061616997868381662E-16 ) ) ;
#6524 = VERTEX_POINT ( 'NONE', #4595 ) ;
#6525 = CARTESIAN_POINT ( 'NONE',  ( 0.000000000000000000, 9.199999999999993960, 16.01785065697081833 ) ) ;
#6526 = AXIS2_PLACEMENT_3D ( 'NONE', #6671, #7810, #1331 ) ;
#6527 = ADVANCED_FACE ( 'NONE', ( #8302 ), #8242, .T. ) ;
#6528 = DIRECTION ( 'NONE',  ( -0.000000000000000000, 1.000000000000000000, 3.061616997868383141E-16 ) ) ;
#6529 = LINE ( 'NONE', #10021, #8237 ) ;
#6530 = AXIS2_PLACEMENT_3D ( 'NONE', #9742, #3505, #6263 ) ;
#6531 = EDGE_CURVE ( 'NONE', #9014, #2110, #10757, .T. ) ;
#6532 = VECTOR ( 'NONE', #7782, 1000.000000000000000 ) ;
#6533 = CARTESIAN_POINT ( 'NONE',  ( 0.000000000000000000, 87.50000000000001421, 3.730185188303422936E-15 ) ) ;
#6534 = AXIS2_PLACEMENT_3D ( 'NONE', #8050, #3687, #7267 ) ;
#6535 = VERTEX_POINT ( 'NONE', #10120 ) ;
#6536 = CARTESIAN_POINT ( 'NONE',  ( -15.80925377108436614, -80.41022924428168039, -14.57111852952459330 ) ) ;
#6537 = DIRECTION ( 'NONE',  ( -0.000000000000000000, 1.000000000000000000, 3.061616997868383141E-16 ) ) ;
#6538 = DIRECTION ( 'NONE',  ( -0.000000000000000000, 1.000000000000000000, 3.061616997868383141E-16 ) ) ;
#6539 = DIRECTION ( 'NONE',  ( 0.000000000000000000, 0.000000000000000000, 1.000000000000000000 ) ) ;
#6540 = ORIENTED_EDGE ( 'NONE', *, *, #9749, .T. ) ;
#6541 = DIRECTION ( 'NONE',  ( -9.860761315262647568E-32, 1.000000000000000000, 3.061616997868382648E-16 ) ) ;
#6542 = EDGE_CURVE ( 'NONE', #10411, #9029, #4172, .T. ) ;
#6543 = AXIS2_PLACEMENT_3D ( 'NONE', #6421, #10734, #5370 ) ;
#6544 = CARTESIAN_POINT ( 'NONE',  ( 6.643865379061240972, -80.41022924428168039, -20.44771510034585660 ) ) ;
#6545 = DIRECTION ( 'NONE',  ( 0.000000000000000000, -1.000000000000000000, -3.061616997868383141E-16 ) ) ;
#6546 = ADVANCED_FACE ( 'NONE', ( #8470 ), #391, .F. ) ;
#6547 = ORIENTED_EDGE ( 'NONE', *, *, #6100, .F. ) ;
#6548 = DIRECTION ( 'NONE',  ( 0.000000000000000000, 0.000000000000000000, -1.000000000000000000 ) ) ;
#6549 = ORIENTED_EDGE ( 'NONE', *, *, #154, .F. ) ;
#6550 = CARTESIAN_POINT ( 'NONE',  ( 11.91861172467640273, -80.41022924428168039, -17.89404075541370176 ) ) ;
#6551 = DIRECTION ( 'NONE',  ( 0.000000000000000000, -1.000000000000000000, -3.061616997868383141E-16 ) ) ;
#6552 = DIRECTION ( 'NONE',  ( 1.972152263052529514E-31, 1.000000000000000000, 3.061616997868382648E-16 ) ) ;
#6553 = ADVANCED_FACE ( 'NONE', ( #5810 ), #11191, .F. ) ;
#6554 = ADVANCED_FACE ( 'NONE', ( #9409 ), #4117, .T. ) ;
#6555 = ORIENTED_EDGE ( 'NONE', *, *, #4659, .T. ) ;
#6556 = FACE_OUTER_BOUND ( 'NONE', #3701, .T. ) ;
#6557 = ORIENTED_EDGE ( 'NONE', *, *, #8624, .T. ) ;
#6558 = EDGE_CURVE ( 'NONE', #87, #4479, #6824, .T. ) ;
#6559 = ORIENTED_EDGE ( 'NONE', *, *, #4759, .F. ) ;
#6560 = DIRECTION ( 'NONE',  ( 0.000000000000000000, 0.000000000000000000, 1.000000000000000000 ) ) ;
#6561 = AXIS2_PLACEMENT_3D ( 'NONE', #9731, #8861, #10573 ) ;
#6562 = ORIENTED_EDGE ( 'NONE', *, *, #6863, .T. ) ;
#6563 = CARTESIAN_POINT ( 'NONE',  ( -16.14381341971818884, 51.20000000000000995, 14.19955239679500636 ) ) ;
#6564 = LINE ( 'NONE', #6802, #4717 ) ;
#6565 = ORIENTED_EDGE ( 'NONE', *, *, #6630, .T. ) ;
#6566 = DIRECTION ( 'NONE',  ( 3.169619151431763709E-17, 0.9659258262890684232, -0.2588190451025204064 ) ) ;
#6567 = DIRECTION ( 'NONE',  ( 9.860761315262647568E-32, 1.000000000000000000, 3.061616997868382155E-16 ) ) ;
#6568 = CIRCLE ( 'NONE', #11487, 21.50000000000000000 ) ;
#6569 = VECTOR ( 'NONE', #9489, 1000.000000000000000 ) ;
#6570 = EDGE_CURVE ( 'NONE', #6829, #7568, #7848, .T. ) ;
#6571 = ORIENTED_EDGE ( 'NONE', *, *, #6558, .F. ) ;
#6572 = DIRECTION ( 'NONE',  ( 0.000000000000000000, 0.000000000000000000, 1.000000000000000000 ) ) ;
#6573 = LINE ( 'NONE', #10062, #642 ) ;
#6574 = DIRECTION ( 'NONE',  ( 0.000000000000000000, 0.000000000000000000, 1.000000000000000000 ) ) ;
#6575 = ORIENTED_EDGE ( 'NONE', *, *, #4050, .T. ) ;
#6576 = EDGE_LOOP ( 'NONE', ( #10269, #9696, #1172, #10848 ) ) ;
#6577 = CIRCLE ( 'NONE', #11311, 21.50000000000000000 ) ;
#6578 = CYLINDRICAL_SURFACE ( 'NONE', #11689, 21.50000000000000355 ) ;
#6579 = ORIENTED_EDGE ( 'NONE', *, *, #5428, .T. ) ;
#6580 = DIRECTION ( 'NONE',  ( 9.860761315262647568E-32, 1.000000000000000000, 3.061616997868381662E-16 ) ) ;
#6581 = EDGE_CURVE ( 'NONE', #8268, #4358, #2770, .T. ) ;
#6582 = AXIS2_PLACEMENT_3D ( 'NONE', #9487, #5946, #471 ) ;
#6583 = CARTESIAN_POINT ( 'NONE',  ( -20.44771510034585660, 45.19999999999998863, -6.643865379061155707 ) ) ;
#6584 = DIRECTION ( 'NONE',  ( -0.000000000000000000, 1.000000000000000000, 3.061616997868383141E-16 ) ) ;
#6585 = CIRCLE ( 'NONE', #8113, 21.50000000000001066 ) ;
#6586 = CIRCLE ( 'NONE', #9054, 0.2500000000000002220 ) ;
#6587 = CIRCLE ( 'NONE', #8682, 0.2500000000000002220 ) ;
#6588 = DIRECTION ( 'NONE',  ( 0.000000000000000000, 0.000000000000000000, -1.000000000000000000 ) ) ;
#6589 = ORIENTED_EDGE ( 'NONE', *, *, #5254, .F. ) ;
#6590 = ORIENTED_EDGE ( 'NONE', *, *, #9849, .F. ) ;
#6591 = DIRECTION ( 'NONE',  ( 1.848892746611746693E-32, 1.000000000000000000, 3.061616997868380676E-16 ) ) ;
#6592 = CARTESIAN_POINT ( 'NONE',  ( 19.64122733931592535, -80.41022924428168039, 8.744837826129627345 ) ) ;
#6593 = LINE ( 'NONE', #8676, #5023 ) ;
#6594 = EDGE_CURVE ( 'NONE', #4486, #4051, #4003, .T. ) ;
#6595 = CARTESIAN_POINT ( 'NONE',  ( 8.972629143562016907, 51.19999999999999574, -19.53821706942835945 ) ) ;
#6596 = ORIENTED_EDGE ( 'NONE', *, *, #6660, .F. ) ;
#6597 = DIRECTION ( 'NONE',  ( 0.000000000000000000, -1.000000000000000000, -3.061616997868383141E-16 ) ) ;
#6598 = AXIS2_PLACEMENT_3D ( 'NONE', #4949, #459, #7828 ) ;
#6599 = DIRECTION ( 'NONE',  ( -4.930380657631323784E-32, 1.000000000000000000, 3.061616997868383141E-16 ) ) ;
#6600 = DIRECTION ( 'NONE',  ( 0.000000000000000000, 0.000000000000000000, 1.000000000000000000 ) ) ;
#6601 = AXIS2_PLACEMENT_3D ( 'NONE', #8968, #11464, #3380 ) ;
#6602 = EDGE_CURVE ( 'NONE', #4362, #2246, #886, .T. ) ;
#6603 = AXIS2_PLACEMENT_3D ( 'NONE', #1941, #5528, #9121 ) ;
#6604 = AXIS2_PLACEMENT_3D ( 'NONE', #6482, #4724, #1963 ) ;
#6605 = ORIENTED_EDGE ( 'NONE', *, *, #10197, .T. ) ;
#6606 = DIRECTION ( 'NONE',  ( 0.000000000000000000, -3.227392513445220839E-16, 1.000000000000000000 ) ) ;
#6607 = ORIENTED_EDGE ( 'NONE', *, *, #680, .F. ) ;
#6608 = CIRCLE ( 'NONE', #7941, 21.50000000000000000 ) ;
#6609 = LINE ( 'NONE', #10147, #9660 ) ;
#6610 = VERTEX_POINT ( 'NONE', #10294 ) ;
#6611 = CYLINDRICAL_SURFACE ( 'NONE', #1536, 0.2500000000000002220 ) ;
#6612 = ORIENTED_EDGE ( 'NONE', *, *, #193, .T. ) ;
#6613 = CARTESIAN_POINT ( 'NONE',  ( -15.20279579551089455, 45.19999999999998863, -15.20279579551061566 ) ) ;
#6614 = VECTOR ( 'NONE', #3071, 1000.000000000000000 ) ;
#6615 = ORIENTED_EDGE ( 'NONE', *, *, #7428, .T. ) ;
#6616 = DIRECTION ( 'NONE',  ( 0.000000000000000000, 0.000000000000000000, 1.000000000000000000 ) ) ;
#6617 = CYLINDRICAL_SURFACE ( 'NONE', #7282, 21.50000000000000355 ) ;
#6618 = CIRCLE ( 'NONE', #9077, 0.2500000000000002220 ) ;
#6619 = ORIENTED_EDGE ( 'NONE', *, *, #7697, .F. ) ;
#6620 = EDGE_CURVE ( 'NONE', #4358, #10427, #454, .T. ) ;
#6621 = ORIENTED_EDGE ( 'NONE', *, *, #5175, .T. ) ;
#6622 = DIRECTION ( 'NONE',  ( -2.465190328815661892E-32, 1.000000000000000000, 3.061616997868381169E-16 ) ) ;
#6623 = EDGE_LOOP ( 'NONE', ( #2916, #777, #5905, #7335 ) ) ;
#6624 = AXIS2_PLACEMENT_3D ( 'NONE', #5871, #508, #10285 ) ;
#6625 = CARTESIAN_POINT ( 'NONE',  ( -4.470101352581976606, 51.19999999999999574, -20.78017341577675836 ) ) ;
#6626 = CARTESIAN_POINT ( 'NONE',  ( -3.363340998365109691, 51.19999999999999574, -20.98529932279540589 ) ) ;
#6627 = AXIS2_PLACEMENT_3D ( 'NONE', #832, #8780, #4421 ) ;
#6628 = ORIENTED_EDGE ( 'NONE', *, *, #8121, .T. ) ;
#6629 = CARTESIAN_POINT ( 'NONE',  ( -10.96577594754947604, -80.41022924428168039, -18.49328953615731663 ) ) ;
#6630 = EDGE_CURVE ( 'NONE', #1722, #525, #9341, .T. ) ;
#6631 = CIRCLE ( 'NONE', #1006, 21.50000000000000000 ) ;
#6632 = ADVANCED_FACE ( 'NONE', ( #10357 ), #11316, .T. ) ;
#6633 = ORIENTED_EDGE ( 'NONE', *, *, #9500, .F. ) ;
#6634 = CYLINDRICAL_SURFACE ( 'NONE', #5952, 0.2500000000000002220 ) ;
#6635 = CARTESIAN_POINT ( 'NONE',  ( 21.35464355025359495, -80.41022924428168039, 2.495836301044606742 ) ) ;
#6636 = CARTESIAN_POINT ( 'NONE',  ( 12.63738292428818610, -80.41022924428169460, 17.39386537906132091 ) ) ;
#6637 = VERTEX_POINT ( 'NONE', #11133 ) ;
#6638 = ORIENTED_EDGE ( 'NONE', *, *, #4709, .T. ) ;
#6639 = CARTESIAN_POINT ( 'NONE',  ( -19.04184949573554775, 45.19999999999998863, -9.982883740771328007 ) ) ;
#6640 = ORIENTED_EDGE ( 'NONE', *, *, #4976, .F. ) ;
#6641 = EDGE_CURVE ( 'NONE', #10194, #6649, #5762, .T. ) ;
#6642 = CARTESIAN_POINT ( 'NONE',  ( 20.70129763556874281, 51.19999999999999574, -5.805710654484592226 ) ) ;
#6643 = CIRCLE ( 'NONE', #5706, 0.2500000000000002220 ) ;
#6644 = CARTESIAN_POINT ( 'NONE',  ( 20.07197916968979001, 51.19999999999999574, -7.454910915224020052 ) ) ;
#6645 = DIRECTION ( 'NONE',  ( 0.000000000000000000, -1.000000000000000000, -3.061616997868383141E-16 ) ) ;
#6646 = CARTESIAN_POINT ( 'NONE',  ( 0.000000000000000000, 87.50000000000001421, 3.730185188303422936E-15 ) ) ;
#6647 = DIRECTION ( 'NONE',  ( 0.000000000000000000, -1.000000000000000000, -3.061616997868383141E-16 ) ) ;
#6648 = ORIENTED_EDGE ( 'NONE', *, *, #2917, .F. ) ;
#6649 = VERTEX_POINT ( 'NONE', #2348 ) ;
#6650 = EDGE_CURVE ( 'NONE', #9014, #2539, #9527, .T. ) ;
#6651 = ORIENTED_EDGE ( 'NONE', *, *, #5308, .F. ) ;
#6652 = DIRECTION ( 'NONE',  ( -0.000000000000000000, 1.000000000000000000, 3.061616997868383141E-16 ) ) ;
#6653 = DIRECTION ( 'NONE',  ( -9.860761315262647568E-32, 1.000000000000000000, 3.061616997868382155E-16 ) ) ;
#6654 = CARTESIAN_POINT ( 'NONE',  ( 0.000000000000000000, 74.75000000000000000, -18.49999999999999645 ) ) ;
#6655 = CARTESIAN_POINT ( 'NONE',  ( 2.247361960254412150, -80.41022924428168039, -21.13222075041790404 ) ) ;
#6656 = ORIENTED_EDGE ( 'NONE', *, *, #3263, .T. ) ;
#6657 = CARTESIAN_POINT ( 'NONE',  ( 0.000000000000000000, 87.50000000000001421, 3.730185188303422936E-15 ) ) ;
#6658 = CARTESIAN_POINT ( 'NONE',  ( 5.805710654484546929, -80.41022924428168039, -20.70129763556876767 ) ) ;
#6659 = CARTESIAN_POINT ( 'NONE',  ( 18.61954618136544681, -80.41022924428169460, 10.74999999999992539 ) ) ;
#6660 = EDGE_CURVE ( 'NONE', #9573, #7568, #2988, .T. ) ;
#6661 = VERTEX_POINT ( 'NONE', #2107 ) ;
#6662 = DIRECTION ( 'NONE',  ( 0.000000000000000000, 0.000000000000000000, 1.000000000000000000 ) ) ;
#6663 = LINE ( 'NONE', #1320, #2436 ) ;
#6664 = DIRECTION ( 'NONE',  ( 4.930380657631323784E-32, 1.000000000000000000, 3.061616997868381662E-16 ) ) ;
#6665 = VERTEX_POINT ( 'NONE', #5699 ) ;
#6666 = DIRECTION ( 'NONE',  ( -0.000000000000000000, 1.000000000000000000, 3.061616997868383141E-16 ) ) ;
#6667 = ORIENTED_EDGE ( 'NONE', *, *, #4297, .T. ) ;
#6668 = DIRECTION ( 'NONE',  ( -1.232595164407830946E-32, 1.000000000000000000, 3.061616997868383141E-16 ) ) ;
#6669 = ORIENTED_EDGE ( 'NONE', *, *, #5872, .T. ) ;
#6670 = CARTESIAN_POINT ( 'NONE',  ( 1.065261225492411370E-15, 87.50000000000001421, -8.698518023597394233 ) ) ;
#6671 = CARTESIAN_POINT ( 'NONE',  ( 5.564609469704206113, -80.41022924428169460, 20.76740526521492924 ) ) ;
#6672 = ORIENTED_EDGE ( 'NONE', *, *, #8369, .F. ) ;
#6673 = ORIENTED_EDGE ( 'NONE', *, *, #7569, .F. ) ;
#6674 = CARTESIAN_POINT ( 'NONE',  ( 0.000000000000000000, 77.00000000000000000, 2.357445088358655073E-14 ) ) ;
#6675 = VERTEX_POINT ( 'NONE', #9295 ) ;
#6676 = CARTESIAN_POINT ( 'NONE',  ( -3.116195710812633024, -80.41022924428168039, -21.27297168455581300 ) ) ;
#6677 = DIRECTION ( 'NONE',  ( 0.000000000000000000, 0.000000000000000000, 1.000000000000000000 ) ) ;
#6678 = VERTEX_POINT ( 'NONE', #4812 ) ;
#6679 = EDGE_CURVE ( 'NONE', #2145, #11418, #7454, .T. ) ;
#6680 = DIRECTION ( 'NONE',  ( 0.000000000000000000, 0.000000000000000000, -1.000000000000000000 ) ) ;
#6681 = EDGE_CURVE ( 'NONE', #11268, #11633, #2015, .T. ) ;
#6682 = ADVANCED_FACE ( 'NONE', ( #2411 ), #3292, .F. ) ;
#6683 = DIRECTION ( 'NONE',  ( 0.000000000000000000, 0.000000000000000000, 1.000000000000000000 ) ) ;
#6684 = EDGE_CURVE ( 'NONE', #5141, #8324, #5024, .T. ) ;
#6685 = ORIENTED_EDGE ( 'NONE', *, *, #1831, .T. ) ;
#6686 = DIRECTION ( 'NONE',  ( 0.000000000000000000, -1.000000000000000000, -3.061616997868383141E-16 ) ) ;
#6687 = CYLINDRICAL_SURFACE ( 'NONE', #9844, 21.50000000000000355 ) ;
#6688 = DIRECTION ( 'NONE',  ( 1.003171929053523884E-16, 0.5735764363510474917, -0.8191520442889909104 ) ) ;
#6689 = VERTEX_POINT ( 'NONE', #8770 ) ;
#6690 = EDGE_LOOP ( 'NONE', ( #3821, #11683, #2097, #3448 ) ) ;
#6691 = CARTESIAN_POINT ( 'NONE',  ( -19.64122733931581166, -80.41022924428168039, 8.744837826129893799 ) ) ;
#6692 = VERTEX_POINT ( 'NONE', #7003 ) ;
#6693 = CARTESIAN_POINT ( 'NONE',  ( 0.000000000000000000, 51.20000000000000995, -7.383484513958806747E-15 ) ) ;
#6694 = CIRCLE ( 'NONE', #1630, 21.50000000000001066 ) ;
#6695 = ADVANCED_FACE ( 'NONE', ( #10604 ), #707, .T. ) ;
#6696 = EDGE_CURVE ( 'NONE', #1260, #8542, #11428, .T. ) ;
#6697 = CIRCLE ( 'NONE', #4638, 0.2500000000000002220 ) ;
#6698 = CARTESIAN_POINT ( 'NONE',  ( 19.74158195380342207, 51.19999999999999574, 8.515864134734819402 ) ) ;
#6699 = ORIENTED_EDGE ( 'NONE', *, *, #9982, .F. ) ;
#6700 = CARTESIAN_POINT ( 'NONE',  ( 0.000000000000000000, 87.50000000000001421, 3.730185188303422936E-15 ) ) ;
#6701 = DIRECTION ( 'NONE',  ( 0.000000000000000000, 0.000000000000000000, 1.000000000000000000 ) ) ;
#6702 = CARTESIAN_POINT ( 'NONE',  ( 0.000000000000000000, 79.00000000000000000, 1.127810740115296699E-15 ) ) ;
#6703 = CIRCLE ( 'NONE', #10859, 0.2500000000000002220 ) ;
#6704 = ORIENTED_EDGE ( 'NONE', *, *, #748, .F. ) ;
#6705 = AXIS2_PLACEMENT_3D ( 'NONE', #11249, #4763, #5878 ) ;
#6706 = EDGE_LOOP ( 'NONE', ( #3296, #8892, #3156, #5633 ) ) ;
#6707 = AXIS2_PLACEMENT_3D ( 'NONE', #11444, #3365, #6952 ) ;
#6708 = DIRECTION ( 'NONE',  ( 0.000000000000000000, 0.000000000000000000, -1.000000000000000000 ) ) ;
#6709 = CARTESIAN_POINT ( 'NONE',  ( 9.537388008203910417, 45.19999999999998863, -19.26884090911975278 ) ) ;
#6710 = EDGE_CURVE ( 'NONE', #2699, #5214, #11618, .T. ) ;
#6711 = DIRECTION ( 'NONE',  ( 0.000000000000000000, -3.227392513445222318E-16, 1.000000000000000000 ) ) ;
#6712 = CARTESIAN_POINT ( 'NONE',  ( 1.374800153706111416, 45.20000000000000284, 21.45599973288054230 ) ) ;
#6713 = AXIS2_PLACEMENT_3D ( 'NONE', #9283, #10105, #8284 ) ;
#6714 = AXIS2_PLACEMENT_3D ( 'NONE', #668, #8023, #7135 ) ;
#6715 = ORIENTED_EDGE ( 'NONE', *, *, #6788, .F. ) ;
#6716 = CARTESIAN_POINT ( 'NONE',  ( 18.49328953615733440, 45.19999999999998863, -10.96577594754939966 ) ) ;
#6717 = DIRECTION ( 'NONE',  ( 4.930380657631323784E-32, 1.000000000000000000, 3.061616997868382648E-16 ) ) ;
#6718 = CIRCLE ( 'NONE', #6530, 0.2500000000000002220 ) ;
#6719 = DIRECTION ( 'NONE',  ( 4.930380657631323784E-32, 1.000000000000000000, 3.061616997868382648E-16 ) ) ;
#6720 = LINE ( 'NONE', #4027, #8703 ) ;
#6721 = EDGE_CURVE ( 'NONE', #11637, #2394, #5174, .T. ) ;
#6722 = VERTEX_POINT ( 'NONE', #4176 ) ;
#6723 = CARTESIAN_POINT ( 'NONE',  ( -20.83070497094760043, 51.19999999999999574, -5.322755903978585224 ) ) ;
#6724 = CARTESIAN_POINT ( 'NONE',  ( 4.714331922580296208, -80.41022924428168039, -20.97677464539629355 ) ) ;
#6725 = EDGE_CURVE ( 'NONE', #4797, #11296, #6111, .T. ) ;
#6726 = AXIS2_PLACEMENT_3D ( 'NONE', #8742, #8854, #3376 ) ;
#6727 = CYLINDRICAL_SURFACE ( 'NONE', #1063, 21.50000000000000355 ) ;
#6728 = VERTEX_POINT ( 'NONE', #6062 ) ;
#6729 = CARTESIAN_POINT ( 'NONE',  ( -1.125223059222998367, -80.41022924428169460, 21.47053499722331793 ) ) ;
#6730 = VERTEX_POINT ( 'NONE', #4294 ) ;
#6731 = CYLINDRICAL_SURFACE ( 'NONE', #10508, 0.2500000000000002220 ) ;
#6732 = EDGE_LOOP ( 'NONE', ( #233, #11169, #3420, #1216 ) ) ;
#6733 = CIRCLE ( 'NONE', #10115, 21.50000000000001066 ) ;
#6734 = CYLINDRICAL_SURFACE ( 'NONE', #9534, 21.50000000000000355 ) ;
#6735 = EDGE_CURVE ( 'NONE', #4399, #7705, #6511, .T. ) ;
#6736 = EDGE_CURVE ( 'NONE', #7361, #8728, #11380, .T. ) ;
#6737 = LINE ( 'NONE', #439, #1078 ) ;
#6738 = ORIENTED_EDGE ( 'NONE', *, *, #7407, .T. ) ;
#6739 = ADVANCED_FACE ( 'NONE', ( #8654 ), #1589, .F. ) ;
#6740 = VERTEX_POINT ( 'NONE', #6875 ) ;
#6741 = CARTESIAN_POINT ( 'NONE',  ( 10.53277056407862133, 51.19999999999999574, -18.74328531086477057 ) ) ;
#6742 = ORIENTED_EDGE ( 'NONE', *, *, #3979, .F. ) ;
#6743 = LINE ( 'NONE', #2277, #3573 ) ;
#6744 = DIRECTION ( 'NONE',  ( 0.000000000000000000, -1.000000000000000000, -3.061616997868383141E-16 ) ) ;
#6745 = EDGE_CURVE ( 'NONE', #5781, #4289, #3890, .T. ) ;
#6746 = ORIENTED_EDGE ( 'NONE', *, *, #1638, .F. ) ;
#6747 = DIRECTION ( 'NONE',  ( 0.000000000000000000, 0.000000000000000000, 1.000000000000000000 ) ) ;
#6748 = DIRECTION ( 'NONE',  ( 0.000000000000000000, 0.000000000000000000, 1.000000000000000000 ) ) ;
#6749 = CIRCLE ( 'NONE', #10331, 0.2500000000000002220 ) ;
#6750 = VERTEX_POINT ( 'NONE', #2575 ) ;
#6751 = VECTOR ( 'NONE', #426, 1000.000000000000000 ) ;
#6752 = DIRECTION ( 'NONE',  ( 0.000000000000000000, -3.227392513445222318E-16, 1.000000000000000000 ) ) ;
#6753 = CARTESIAN_POINT ( 'NONE',  ( 0.000000000000000000, 51.20000000000000995, -7.383484513958806747E-15 ) ) ;
#6754 = DIRECTION ( 'NONE',  ( 0.000000000000000000, -3.227392513445222318E-16, 1.000000000000000000 ) ) ;
#6755 = ADVANCED_FACE ( 'NONE', ( #6165 ), #10476, .F. ) ;
#6756 = ADVANCED_FACE ( 'NONE', ( #8719 ), #2948, .T. ) ;
#6757 = VERTEX_POINT ( 'NONE', #3981 ) ;
#6758 = ORIENTED_EDGE ( 'NONE', *, *, #2566, .T. ) ;
#6759 = VECTOR ( 'NONE', #1935, 1000.000000000000000 ) ;
#6760 = CARTESIAN_POINT ( 'NONE',  ( 0.000000000000000000, 87.50000000000001421, 3.730185188303422936E-15 ) ) ;
#6761 = ORIENTED_EDGE ( 'NONE', *, *, #1067, .F. ) ;
#6762 = AXIS2_PLACEMENT_3D ( 'NONE', #1730, #5203, #8923 ) ;
#6763 = CARTESIAN_POINT ( 'NONE',  ( 0.000000000000000000, 28.86506350946109478, 20.49999999999999289 ) ) ;
#6764 = MECHANICAL_DESIGN_GEOMETRIC_PRESENTATION_REPRESENTATION (  '', ( #170 ), #8274 ) ;
#6765 = CYLINDRICAL_SURFACE ( 'NONE', #4462, 0.2500000000000002220 ) ;
#6766 = AXIS2_PLACEMENT_3D ( 'NONE', #6103, #747, #7158 ) ;
#6767 = ORIENTED_EDGE ( 'NONE', *, *, #1968, .T. ) ;
#6768 = DIRECTION ( 'NONE',  ( -0.000000000000000000, 1.000000000000000000, 3.061616997868383141E-16 ) ) ;
#6769 = DIRECTION ( 'NONE',  ( -0.000000000000000000, 1.000000000000000000, 3.061616997868383141E-16 ) ) ;
#6770 = CYLINDRICAL_SURFACE ( 'NONE', #2665, 21.50000000000000355 ) ;
#6771 = CIRCLE ( 'NONE', #6060, 21.50000000000001066 ) ;
#6772 = ORIENTED_EDGE ( 'NONE', *, *, #1180, .T. ) ;
#6773 = ORIENTED_EDGE ( 'NONE', *, *, #2568, .F. ) ;
#6774 = ADVANCED_FACE ( 'NONE', ( #10271 ), #6734, .T. ) ;
#6775 = ADVANCED_FACE ( 'NONE', ( #3150 ), #3920, .F. ) ;
#6776 = CIRCLE ( 'NONE', #8857, 0.2500000000000002220 ) ;
#6777 = ORIENTED_EDGE ( 'NONE', *, *, #5632, .T. ) ;
#6778 = CARTESIAN_POINT ( 'NONE',  ( 1.224646799147353256E-15, 80.00000000000000000, -9.999999999999975131 ) ) ;
#6779 = LINE ( 'NONE', #413, #11122 ) ;
#6780 = DIRECTION ( 'NONE',  ( 0.000000000000000000, 0.000000000000000000, 1.000000000000000000 ) ) ;
#6781 = CARTESIAN_POINT ( 'NONE',  ( 13.53038840757140804, 51.19999999999999574, -16.70863817132492102 ) ) ;
#6782 = VERTEX_POINT ( 'NONE', #11363 ) ;
#6783 = FACE_OUTER_BOUND ( 'NONE', #3789, .T. ) ;
#6784 = AXIS2_PLACEMENT_3D ( 'NONE', #8611, #2242, #5896 ) ;
#6785 = DIRECTION ( 'NONE',  ( 0.000000000000000000, 0.000000000000000000, 1.000000000000000000 ) ) ;
#6786 = CIRCLE ( 'NONE', #5286, 21.50000000000001066 ) ;
#6788 = EDGE_CURVE ( 'NONE', #6295, #2030, #11047, .T. ) ;
#6787 = AXIS2_PLACEMENT_3D ( 'NONE', #7145, #6143, #10745 ) ;
#6789 = CIRCLE ( 'NONE', #1716, 21.50000000000001066 ) ;
#6790 = LINE ( 'NONE', #11162, #11641 ) ;
#6791 = DIRECTION ( 'NONE',  ( -9.860761315262647568E-32, 1.000000000000000000, 3.061616997868382648E-16 ) ) ;
#6792 = ORIENTED_EDGE ( 'NONE', *, *, #364, .T. ) ;
#6793 = CARTESIAN_POINT ( 'NONE',  ( 1.125223059223148248, 51.19999999999999574, -21.22053499722331793 ) ) ;
#6794 = CARTESIAN_POINT ( 'NONE',  ( 5.322755903978817038, 45.20000000000000284, 20.83070497094754359 ) ) ;
#6795 = DIRECTION ( 'NONE',  ( -0.000000000000000000, 1.000000000000000000, 3.061616997868383141E-16 ) ) ;
#6797 = ORIENTED_EDGE ( 'NONE', *, *, #7708, .F. ) ;
#6796 = CIRCLE ( 'NONE', #2849, 21.50000000000000000 ) ;
#6798 = CIRCLE ( 'NONE', #5851, 0.2500000000000002220 ) ;
#6799 = CARTESIAN_POINT ( 'NONE',  ( -13.72375690439608320, 45.19999999999998863, -16.55018116000667661 ) ) ;
#6800 = EDGE_LOOP ( 'NONE', ( #7824, #4958, #6547, #2349 ) ) ;
#6801 = DIRECTION ( 'NONE',  ( 9.860761315262647568E-32, 1.000000000000000000, 3.061616997868382648E-16 ) ) ;
#6802 = CARTESIAN_POINT ( 'NONE',  ( 0.000000000000000000, 8.699999999999993960, 16.01785065697081833 ) ) ;
#6803 = VERTEX_POINT ( 'NONE', #2268 ) ;
#6804 = LINE ( 'NONE', #9388, #6326 ) ;
#6805 = DIRECTION ( 'NONE',  ( 0.000000000000000000, -1.000000000000000000, -3.061616997868383141E-16 ) ) ;
#6806 = AXIS2_PLACEMENT_3D ( 'NONE', #8249, #11078, #9301 ) ;
#6807 = ORIENTED_EDGE ( 'NONE', *, *, #7821, .F. ) ;
#6808 = VECTOR ( 'NONE', #4515, 1000.000000000000114 ) ;
#6809 = VERTEX_POINT ( 'NONE', #5098 ) ;
#6810 = CARTESIAN_POINT ( 'NONE',  ( -0.2499957747072304726, 45.20000000000001705, 21.49854651162791086 ) ) ;
#6811 = VERTEX_POINT ( 'NONE', #7751 ) ;
#6812 = CARTESIAN_POINT ( 'NONE',  ( 21.47053499722332504, -80.41022924428168039, -1.125223059223392941 ) ) ;
#6813 = ADVANCED_FACE ( 'NONE', ( #438 ), #7624, .T. ) ;
#6814 = CARTESIAN_POINT ( 'NONE',  ( 0.000000000000000000, 87.50000000000001421, 3.730185188303422936E-15 ) ) ;
#6815 = VECTOR ( 'NONE', #449, 1000.000000000000000 ) ;
#6816 = ORIENTED_EDGE ( 'NONE', *, *, #4976, .T. ) ;
#6817 = FACE_OUTER_BOUND ( 'NONE', #8981, .T. ) ;
#6818 = AXIS2_PLACEMENT_3D ( 'NONE', #6360, #5654, #4718 ) ;
#6819 = VERTEX_POINT ( 'NONE', #10407 ) ;
#6820 = DIRECTION ( 'NONE',  ( 0.000000000000000000, -3.227392513445220839E-16, 1.000000000000000000 ) ) ;
#6821 = AXIS2_PLACEMENT_3D ( 'NONE', #11398, #9615, #4203 ) ;
#6822 = EDGE_CURVE ( 'NONE', #1392, #6661, #6903, .T. ) ;
#6823 = CYLINDRICAL_SURFACE ( 'NONE', #1587, 21.50000000000000355 ) ;
#6824 = LINE ( 'NONE', #1226, #10101 ) ;
#6825 = AXIS2_PLACEMENT_3D ( 'NONE', #5360, #8954, #880 ) ;
#6826 = ORIENTED_EDGE ( 'NONE', *, *, #4677, .T. ) ;
#6827 = ORIENTED_EDGE ( 'NONE', *, *, #11361, .F. ) ;
#6828 = CARTESIAN_POINT ( 'NONE',  ( 20.07197916968984686, 45.19999999999998863, 7.704910915223913470 ) ) ;
#6829 = VERTEX_POINT ( 'NONE', #5793 ) ;
#6830 = EDGE_CURVE ( 'NONE', #10699, #9111, #3337, .T. ) ;
#6831 = CARTESIAN_POINT ( 'NONE',  ( -6.643865379061518084, 45.19999999999998863, -20.44771510034572515 ) ) ;
#6832 = AXIS2_PLACEMENT_3D ( 'NONE', #3375, #10564, #5902 ) ;
#6833 = DIRECTION ( 'NONE',  ( -0.000000000000000000, 1.000000000000000000, 3.061616997868383141E-16 ) ) ;
#6834 = ORIENTED_EDGE ( 'NONE', *, *, #9300, .T. ) ;
#6835 = CARTESIAN_POINT ( 'NONE',  ( 0.000000000000000000, 51.20000000000000995, -7.383484513958806747E-15 ) ) ;
#6836 = FACE_OUTER_BOUND ( 'NONE', #7608, .T. ) ;
#6837 = DIRECTION ( 'NONE',  ( 0.000000000000000000, -1.000000000000000000, -3.061616997868383141E-16 ) ) ;
#6838 = VERTEX_POINT ( 'NONE', #2386 ) ;
#6839 = CYLINDRICAL_SURFACE ( 'NONE', #1559, 21.50000000000000355 ) ;
#6840 = DIRECTION ( 'NONE',  ( -0.000000000000000000, 1.000000000000000000, 3.061616997868383141E-16 ) ) ;
#6841 = DIRECTION ( 'NONE',  ( 0.000000000000000000, -3.227392513445220839E-16, 1.000000000000000000 ) ) ;
#6842 = LINE ( 'NONE', #7838, #6569 ) ;
#6843 = ORIENTED_EDGE ( 'NONE', *, *, #9686, .F. ) ;
#6844 = DIRECTION ( 'NONE',  ( 1.232595164407830946E-32, 1.000000000000000000, 3.061616997868383141E-16 ) ) ;
#6845 = CARTESIAN_POINT ( 'NONE',  ( -15.37854173158977389, 45.20000000000000284, 15.02499431646322314 ) ) ;
#6846 = EDGE_CURVE ( 'NONE', #9958, #1641, #8572, .T. ) ;
#6847 = DIRECTION ( 'NONE',  ( 0.000000000000000000, -3.227392513445220839E-16, 1.000000000000000000 ) ) ;
#6848 = EDGE_CURVE ( 'NONE', #6819, #7839, #6804, .T. ) ;
#6849 = DIRECTION ( 'NONE',  ( -4.930380657631323784E-32, 1.000000000000000000, 3.061616997868383634E-16 ) ) ;
#6850 = ORIENTED_EDGE ( 'NONE', *, *, #1612, .T. ) ;
#6851 = CYLINDRICAL_SURFACE ( 'NONE', #7181, 21.50000000000000355 ) ;
#6852 = DIRECTION ( 'NONE',  ( 0.000000000000000000, 0.000000000000000000, -1.000000000000000000 ) ) ;
#6853 = DIRECTION ( 'NONE',  ( 0.000000000000000000, 0.000000000000000000, -1.000000000000000000 ) ) ;
#6854 = ORIENTED_EDGE ( 'NONE', *, *, #9309, .F. ) ;
#6855 = DIRECTION ( 'NONE',  ( -0.000000000000000000, 1.000000000000000000, 3.061616997868383141E-16 ) ) ;
#6856 = VERTEX_POINT ( 'NONE', #11226 ) ;
#6857 = CARTESIAN_POINT ( 'NONE',  ( 18.61954618136537576, 51.19999999999999574, -10.50000000000006573 ) ) ;
#6858 = DIRECTION ( 'NONE',  ( 2.546183866652789466E-17, -0.9781476007338063550, 0.2079116908177556233 ) ) ;
#6859 = ORIENTED_EDGE ( 'NONE', *, *, #8979, .F. ) ;
#6860 = EDGE_CURVE ( 'NONE', #9003, #3636, #10869, .T. ) ;
#6861 = DIRECTION ( 'NONE',  ( -0.000000000000000000, 1.000000000000000000, 3.061616997868383141E-16 ) ) ;
#6862 = DIRECTION ( 'NONE',  ( -0.000000000000000000, 1.000000000000000000, 3.061616997868383141E-16 ) ) ;
#6863 = EDGE_CURVE ( 'NONE', #1655, #7240, #5917, .T. ) ;
#6864 = ORIENTED_EDGE ( 'NONE', *, *, #8162, .F. ) ;
#6865 = ORIENTED_EDGE ( 'NONE', *, *, #5339, .F. ) ;
#6866 = DIRECTION ( 'NONE',  ( 0.000000000000000000, -1.000000000000000000, -3.061616997868383141E-16 ) ) ;
#6867 = ORIENTED_EDGE ( 'NONE', *, *, #9937, .T. ) ;
#6868 = CARTESIAN_POINT ( 'NONE',  ( -5.564609469703916567, -80.41022924428169460, 20.76740526521500385 ) ) ;
#6869 = DIRECTION ( 'NONE',  ( -0.000000000000000000, 1.000000000000000000, 3.061616997868383141E-16 ) ) ;
#6870 = ORIENTED_EDGE ( 'NONE', *, *, #8576, .T. ) ;
#6871 = DIRECTION ( 'NONE',  ( -0.000000000000000000, 1.000000000000000000, 3.061616997868383141E-16 ) ) ;
#6872 = VERTEX_POINT ( 'NONE', #5043 ) ;
#6873 = LINE ( 'NONE', #10648, #3237 ) ;
#6874 = CARTESIAN_POINT ( 'NONE',  ( 13.53038840757140804, 51.19999999999999574, -16.70863817132492102 ) ) ;
#6875 = CARTESIAN_POINT ( 'NONE',  ( -12.43427775499875132, 51.19999999999999574, -17.53963331177545726 ) ) ;
#6876 = ORIENTED_EDGE ( 'NONE', *, *, #2683, .T. ) ;
#6877 = ORIENTED_EDGE ( 'NONE', *, *, #10814, .F. ) ;
#6878 = ADVANCED_FACE ( 'NONE', ( #307 ), #4922, .T. ) ;
#6879 = CARTESIAN_POINT ( 'NONE',  ( 0.000000000000000000, 51.20000000000000995, -7.383484513958806747E-15 ) ) ;
#6880 = VERTEX_POINT ( 'NONE', #8636 ) ;
#6881 = DIRECTION ( 'NONE',  ( -0.000000000000000000, 1.000000000000000000, 3.061616997868383141E-16 ) ) ;
#6882 = EDGE_CURVE ( 'NONE', #9629, #7772, #559, .T. ) ;
#6883 = DIRECTION ( 'NONE',  ( 4.930380657631323784E-32, 1.000000000000000000, 3.061616997868382155E-16 ) ) ;
#6884 = EDGE_LOOP ( 'NONE', ( #172, #10015, #1504, #7001 ) ) ;
#6885 = DIRECTION ( 'NONE',  ( 0.000000000000000000, 0.000000000000000000, 1.000000000000000000 ) ) ;
#6886 = DIRECTION ( 'NONE',  ( -0.000000000000000000, 1.000000000000000000, 3.061616997868383141E-16 ) ) ;
#6887 = DIRECTION ( 'NONE',  ( 0.000000000000000000, 0.000000000000000000, -1.000000000000000000 ) ) ;
#6888 = EDGE_LOOP ( 'NONE', ( #2133, #4872, #620, #7530 ) ) ;
#6889 = PLANE ( 'NONE',  #3048 ) ;
#6890 = CARTESIAN_POINT ( 'NONE',  ( 0.000000000000000000, 87.50000000000001421, 3.730185188303422936E-15 ) ) ;
#6891 = AXIS2_PLACEMENT_3D ( 'NONE', #5263, #4496, #8094 ) ;
#6892 = DIRECTION ( 'NONE',  ( -0.000000000000000000, 1.000000000000000000, 3.061616997868383141E-16 ) ) ;
#6893 = CARTESIAN_POINT ( 'NONE',  ( 0.000000000000000000, 61.70000000000000995, -4.168786666197004375E-15 ) ) ;
#6894 = ORIENTED_EDGE ( 'NONE', *, *, #10874, .F. ) ;
#6895 = CIRCLE ( 'NONE', #10661, 19.25000000000000711 ) ;
#6896 = CYLINDRICAL_SURFACE ( 'NONE', #9617, 21.50000000000000355 ) ;
#6897 = AXIS2_PLACEMENT_3D ( 'NONE', #9830, #8953, #879 ) ;
#6898 = EDGE_CURVE ( 'NONE', #8582, #1301, #3090, .T. ) ;
#6899 = AXIS2_PLACEMENT_3D ( 'NONE', #2540, #9713, #3306 ) ;
#6900 = CARTESIAN_POINT ( 'NONE',  ( 1.374800153705942662, 51.20000000000000995, 21.45599973288053874 ) ) ;
#6901 = EDGE_CURVE ( 'NONE', #4587, #1617, #6923, .T. ) ;
#6902 = CARTESIAN_POINT ( 'NONE',  ( 7.704910915223833534, 51.19999999999999574, -20.07197916968985396 ) ) ;
#6903 = CIRCLE ( 'NONE', #8401, 21.50000000000001066 ) ;
#6904 = AXIS2_PLACEMENT_3D ( 'NONE', #5757, #9361, #1298 ) ;
#6905 = DIRECTION ( 'NONE',  ( -0.000000000000000000, 1.000000000000000000, 3.061616997868383141E-16 ) ) ;
#6906 = CIRCLE ( 'NONE', #8221, 21.50000000000001066 ) ;
#6907 = ORIENTED_EDGE ( 'NONE', *, *, #8914, .T. ) ;
#6908 = DIRECTION ( 'NONE',  ( 0.000000000000000000, -3.227392513445220839E-16, 1.000000000000000000 ) ) ;
#6909 = DIRECTION ( 'NONE',  ( 9.860761315262647568E-32, 1.000000000000000000, 3.061616997868381662E-16 ) ) ;
#6910 = EDGE_CURVE ( 'NONE', #5456, #9255, #6099, .T. ) ;
#6911 = CYLINDRICAL_SURFACE ( 'NONE', #2385, 0.2500000000000002220 ) ;
#6912 = ORIENTED_EDGE ( 'NONE', *, *, #9184, .F. ) ;
#6913 = DIRECTION ( 'NONE',  ( 0.000000000000000000, -1.000000000000000000, -3.061616997868383141E-16 ) ) ;
#6914 = ORIENTED_EDGE ( 'NONE', *, *, #3885, .T. ) ;
#6915 = CARTESIAN_POINT ( 'NONE',  ( 16.70863817132479667, -80.41022924428168039, -13.28038840757160521 ) ) ;
#6916 = AXIS2_PLACEMENT_3D ( 'NONE', #6182, #5311, #11617 ) ;
#6917 = CARTESIAN_POINT ( 'NONE',  ( -14.57111852952440323, 45.20000000000000284, 15.80925377108454200 ) ) ;
#6918 = AXIS2_PLACEMENT_3D ( 'NONE', #1437, #6719, #2131 ) ;
#6919 = ORIENTED_EDGE ( 'NONE', *, *, #10570, .F. ) ;
#6920 = VECTOR ( 'NONE', #1368, 1000.000000000000000 ) ;
#6921 = ADVANCED_FACE ( 'NONE', ( #6203 ), #5159, .T. ) ;
#6922 = AXIS2_PLACEMENT_3D ( 'NONE', #5371, #9676, #4318 ) ;
#6923 = LINE ( 'NONE', #10583, #2779 ) ;
#6924 = DIRECTION ( 'NONE',  ( 0.000000000000000000, -3.227392513445220839E-16, 1.000000000000000000 ) ) ;
#6925 = AXIS2_PLACEMENT_3D ( 'NONE', #5283, #3283, #4107 ) ;
#6926 = CIRCLE ( 'NONE', #1848, 0.2500000000000002220 ) ;
#6927 = ORIENTED_EDGE ( 'NONE', *, *, #5339, .T. ) ;
#6928 = DIRECTION ( 'NONE',  ( 0.000000000000000000, -1.000000000000000000, -3.061616997868383141E-16 ) ) ;
#6929 = ORIENTED_EDGE ( 'NONE', *, *, #10390, .T. ) ;
#6930 = EDGE_CURVE ( 'NONE', #9284, #3845, #2510, .T. ) ;
#6931 = EDGE_CURVE ( 'NONE', #11539, #9443, #9352, .T. ) ;
#6932 = CARTESIAN_POINT ( 'NONE',  ( 0.000000000000000000, 75.00000000000000000, -9.683605903205802417E-17 ) ) ;
#6933 = AXIS2_PLACEMENT_3D ( 'NONE', #7566, #5728, #7622 ) ;
#6934 = DIRECTION ( 'NONE',  ( 0.000000000000000000, -3.227392513445220839E-16, 1.000000000000000000 ) ) ;
#6935 = VERTEX_POINT ( 'NONE', #4219 ) ;
#6936 = CARTESIAN_POINT ( 'NONE',  ( 9.982883740771413272, 51.19999999999999574, -19.04184949573549090 ) ) ;
#6937 = ADVANCED_FACE ( 'NONE', ( #2682 ), #627, .F. ) ;
#6938 = ORIENTED_EDGE ( 'NONE', *, *, #10260, .F. ) ;
#6939 = CARTESIAN_POINT ( 'NONE',  ( 0.000000000000000000, 51.20000000000000995, -7.383484513958806747E-15 ) ) ;
#6940 = FACE_OUTER_BOUND ( 'NONE', #4019, .T. ) ;
#6941 = CARTESIAN_POINT ( 'NONE',  ( -21.08072873382970513, -80.41022924428168039, -4.225266388132975948 ) ) ;
#6942 = ORIENTED_EDGE ( 'NONE', *, *, #7626, .T. ) ;
#6943 = VERTEX_POINT ( 'NONE', #8814 ) ;
#6944 = DIRECTION ( 'NONE',  ( -0.000000000000000000, 1.000000000000000000, 3.061616997868383141E-16 ) ) ;
#6945 = EDGE_LOOP ( 'NONE', ( #5458, #10468, #9662, #10339 ) ) ;
#6946 = CYLINDRICAL_SURFACE ( 'NONE', #5858, 0.2500000000000002220 ) ;
#6947 = AXIS2_PLACEMENT_3D ( 'NONE', #9012, #1001, #6178 ) ;
#6948 = EDGE_CURVE ( 'NONE', #10990, #10065, #3725, .T. ) ;
#6949 = VECTOR ( 'NONE', #8565, 1000.000000000000000 ) ;
#6950 = ORIENTED_EDGE ( 'NONE', *, *, #10187, .T. ) ;
#6951 = CARTESIAN_POINT ( 'NONE',  ( -14.57111852952483844, -80.41022924428168039, -15.80925377108414409 ) ) ;
#6952 = DIRECTION ( 'NONE',  ( 0.000000000000000000, -3.227392513445222318E-16, 1.000000000000000000 ) ) ;
#6953 = CARTESIAN_POINT ( 'NONE',  ( 0.000000000000000000, 51.20000000000000995, -7.383484513958806747E-15 ) ) ;
#6954 = AXIS2_PLACEMENT_3D ( 'NONE', #204, #10227, #8346 ) ;
#6955 = ORIENTED_EDGE ( 'NONE', *, *, #9309, .T. ) ;
#6956 = CARTESIAN_POINT ( 'NONE',  ( 20.36907980785160532, 45.19999999999998863, -6.881176337035059376 ) ) ;
#6958 = AXIS2_PLACEMENT_3D ( 'NONE', #8627, #4148, #6852 ) ;
#6957 = CARTESIAN_POINT ( 'NONE',  ( 0.000000000000000000, 45.20000000000000995, -9.220454712679835547E-15 ) ) ;
#6959 = AXIS2_PLACEMENT_3D ( 'NONE', #9513, #6928, #1337 ) ;
#6960 = DIRECTION ( 'NONE',  ( 0.000000000000000000, 0.000000000000000000, 1.000000000000000000 ) ) ;
#6961 = DIRECTION ( 'NONE',  ( 0.000000000000000000, 0.000000000000000000, 1.000000000000000000 ) ) ;
#6962 = ORIENTED_EDGE ( 'NONE', *, *, #5254, .T. ) ;
#6963 = EDGE_CURVE ( 'NONE', #10724, #7524, #4287, .T. ) ;
#6964 = DIRECTION ( 'NONE',  ( 0.000000000000000000, 1.000000000000000000, 3.061616997868382648E-16 ) ) ;
#6965 = CARTESIAN_POINT ( 'NONE',  ( 0.000000000000000000, 51.20000000000000995, -7.383484513958806747E-15 ) ) ;
#6966 = VECTOR ( 'NONE', #11542, 1000.000000000000000 ) ;
#6967 = DIRECTION ( 'NONE',  ( 0.000000000000000000, 0.000000000000000000, 1.000000000000000000 ) ) ;
#6968 = CIRCLE ( 'NONE', #2822, 21.50000000000001066 ) ;
#6969 = DIRECTION ( 'NONE',  ( 0.000000000000000000, 0.000000000000000000, 1.000000000000000000 ) ) ;
#6970 = ORIENTED_EDGE ( 'NONE', *, *, #9708, .T. ) ;
#6971 = CARTESIAN_POINT ( 'NONE',  ( 19.64122733931587206, 45.19999999999998863, -8.744837826129771230 ) ) ;
#6972 = CYLINDRICAL_SURFACE ( 'NONE', #7901, 0.2500000000000002220 ) ;
#6973 = FACE_OUTER_BOUND ( 'NONE', #9212, .T. ) ;
#6974 = ORIENTED_EDGE ( 'NONE', *, *, #7226, .T. ) ;
#6975 = DIRECTION ( 'NONE',  ( 0.000000000000000000, 0.000000000000000000, 1.000000000000000000 ) ) ;
#6976 = ORIENTED_EDGE ( 'NONE', *, *, #645, .F. ) ;
#6977 = DIRECTION ( 'NONE',  ( -0.000000000000000000, 1.000000000000000000, 3.061616997868383141E-16 ) ) ;
#6978 = DIRECTION ( 'NONE',  ( 2.465190328815661892E-32, 1.000000000000000000, 3.061616997868381662E-16 ) ) ;
#6979 = AXIS2_PLACEMENT_3D ( 'NONE', #9790, #6306, #3676 ) ;
#6980 = CIRCLE ( 'NONE', #6787, 0.2500000000000002220 ) ;
#6981 = VECTOR ( 'NONE', #6523, 1000.000000000000000 ) ;
#6982 = ORIENTED_EDGE ( 'NONE', *, *, #1528, .F. ) ;
#6983 = DIRECTION ( 'NONE',  ( -0.000000000000000000, 1.000000000000000000, 3.061616997868383141E-16 ) ) ;
#6984 = EDGE_CURVE ( 'NONE', #8084, #837, #1679, .T. ) ;
#6985 = AXIS2_PLACEMENT_3D ( 'NONE', #2638, #10650, #1864 ) ;
#6986 = AXIS2_PLACEMENT_3D ( 'NONE', #10675, #2721, #782 ) ;
#6987 = AXIS2_PLACEMENT_3D ( 'NONE', #9230, #3653, #9066 ) ;
#6988 = ORIENTED_EDGE ( 'NONE', *, *, #4675, .F. ) ;
#6989 = CARTESIAN_POINT ( 'NONE',  ( 14.38630803671536462, 51.19999999999999574, -15.97761374776402299 ) ) ;
#6990 = EDGE_LOOP ( 'NONE', ( #8931, #6638, #9801, #4456 ) ) ;
#6991 = CARTESIAN_POINT ( 'NONE',  ( -19.04184949573544117, -80.41022924428168039, -9.982883740771498537 ) ) ;
#6992 = CARTESIAN_POINT ( 'NONE',  ( 0.2499957747072304171, 51.19999999999999574, 21.49854651162790020 ) ) ;
#6993 = ORIENTED_EDGE ( 'NONE', *, *, #9949, .F. ) ;
#6994 = CIRCLE ( 'NONE', #7364, 0.2500000000000002220 ) ;
#6995 = EDGE_CURVE ( 'NONE', #9284, #4504, #4469, .T. ) ;
#6996 = VECTOR ( 'NONE', #6791, 1000.000000000000000 ) ;
#6997 = AXIS2_PLACEMENT_3D ( 'NONE', #6277, #2700, #3522 ) ;
#6998 = EDGE_LOOP ( 'NONE', ( #657, #5009, #10442, #3541 ) ) ;
#6999 = CARTESIAN_POINT ( 'NONE',  ( -7.704910915224106205, -80.41022924428168039, -19.82197916968979001 ) ) ;
#7000 = AXIS2_PLACEMENT_3D ( 'NONE', #1670, #2670, #8092 ) ;
#7001 = ORIENTED_EDGE ( 'NONE', *, *, #11293, .T. ) ;
#7002 = DIRECTION ( 'NONE',  ( -0.000000000000000000, 1.000000000000000000, 3.061616997868383141E-16 ) ) ;
#7003 = CARTESIAN_POINT ( 'NONE',  ( -19.64122733931598574, 45.19999999999998863, -8.494837826129508329 ) ) ;
#7004 = EDGE_LOOP ( 'NONE', ( #5616, #4328, #7173, #6080 ) ) ;
#7005 = ORIENTED_EDGE ( 'NONE', *, *, #9754, .F. ) ;
#7006 = ORIENTED_EDGE ( 'NONE', *, *, #1629, .F. ) ;
#7007 = AXIS2_PLACEMENT_3D ( 'NONE', #5258, #1781, #11690 ) ;
#7008 = DIRECTION ( 'NONE',  ( 0.000000000000000000, 0.000000000000000000, 1.000000000000000000 ) ) ;
#7009 = EDGE_LOOP ( 'NONE', ( #6507, #6101, #2590, #9195 ) ) ;
#7010 = FACE_OUTER_BOUND ( 'NONE', #3206, .T. ) ;
#7011 = DIRECTION ( 'NONE',  ( 0.000000000000000000, -3.227392513445222318E-16, 1.000000000000000000 ) ) ;
#7012 = AXIS2_PLACEMENT_3D ( 'NONE', #5765, #9368, #9486 ) ;
#7013 = EDGE_CURVE ( 'NONE', #7602, #5386, #2202, .T. ) ;
#7014 = AXIS2_PLACEMENT_3D ( 'NONE', #8765, #7148, #2958 ) ;
#7015 = VERTEX_POINT ( 'NONE', #10638 ) ;
#7016 = LINE ( 'NONE', #10718, #10302 ) ;
#7017 = CIRCLE ( 'NONE', #6825, 0.2500000000000002220 ) ;
#7018 = CARTESIAN_POINT ( 'NONE',  ( 20.44771510034576067, 45.19999999999998863, -6.643865379061437260 ) ) ;
#7019 = CARTESIAN_POINT ( 'NONE',  ( -12.83877941551867430, -80.41022924428169460, 17.24574565275890237 ) ) ;
#7020 = VERTEX_POINT ( 'NONE', #3327 ) ;
#7021 = CARTESIAN_POINT ( 'NONE',  ( -21.23529932279548049, 45.19999999999998863, -3.363340998364744650 ) ) ;
#7022 = FACE_OUTER_BOUND ( 'NONE', #3881, .T. ) ;
#7023 = AXIS2_PLACEMENT_3D ( 'NONE', #11240, #1348, #10351 ) ;
#7024 = DIRECTION ( 'NONE',  ( -3.697785493223493385E-32, 1.000000000000000000, 3.061616997868382648E-16 ) ) ;
#7025 = ORIENTED_EDGE ( 'NONE', *, *, #4416, .T. ) ;
#7026 = DIRECTION ( 'NONE',  ( 0.000000000000000000, 0.000000000000000000, 1.000000000000000000 ) ) ;
#7027 = DIRECTION ( 'NONE',  ( -0.000000000000000000, 1.000000000000000000, 3.061616997868383141E-16 ) ) ;
#7028 = DIRECTION ( 'NONE',  ( -0.000000000000000000, 1.000000000000000000, 3.061616997868383141E-16 ) ) ;
#7029 = CARTESIAN_POINT ( 'NONE',  ( 2.247361960254412150, 51.19999999999999574, -21.38222075041786496 ) ) ;
#7030 = AXIS2_PLACEMENT_3D ( 'NONE', #1973, #3808, #5562 ) ;
#7031 = DIRECTION ( 'NONE',  ( -1.232595164407830946E-32, 1.000000000000000000, 3.061616997868383141E-16 ) ) ;
#7032 = VERTEX_POINT ( 'NONE', #3460 ) ;
#7033 = CARTESIAN_POINT ( 'NONE',  ( 0.000000000000000000, 61.70000000000000284, 19.50000000000000000 ) ) ;
#7034 = CARTESIAN_POINT ( 'NONE',  ( -10.75000000000014744, -80.41022924428168039, -18.61954618136536155 ) ) ;
#7035 = DIRECTION ( 'NONE',  ( -0.000000000000000000, 1.000000000000000000, 3.061616997868383141E-16 ) ) ;
#7036 = ORIENTED_EDGE ( 'NONE', *, *, #4028, .F. ) ;
#7037 = CARTESIAN_POINT ( 'NONE',  ( 0.000000000000000000, 24.19999999999999929, -1.564985040820344345E-14 ) ) ;
#7038 = ORIENTED_EDGE ( 'NONE', *, *, #3362, .F. ) ;
#7039 = FACE_OUTER_BOUND ( 'NONE', #1682, .T. ) ;
#7040 = ADVANCED_FACE ( 'NONE', ( #4335 ), #10752, .T. ) ;
#7041 = CARTESIAN_POINT ( 'NONE',  ( 13.53038840757140804, 45.19999999999998863, -16.45863817132492457 ) ) ;
#7042 = EDGE_CURVE ( 'NONE', #3397, #11001, #11535, .T. ) ;
#7043 = ORIENTED_EDGE ( 'NONE', *, *, #4440, .T. ) ;
#7044 = DIRECTION ( 'NONE',  ( 0.000000000000000000, 0.000000000000000000, 1.000000000000000000 ) ) ;
#7045 = ORIENTED_EDGE ( 'NONE', *, *, #1775, .F. ) ;
#7046 = DIRECTION ( 'NONE',  ( 0.000000000000000000, 0.000000000000000000, -1.000000000000000000 ) ) ;
#7047 = DIRECTION ( 'NONE',  ( 0.000000000000000000, 0.000000000000000000, 1.000000000000000000 ) ) ;
#7048 = VERTEX_POINT ( 'NONE', #682 ) ;
#7049 = EDGE_CURVE ( 'NONE', #9755, #564, #8985, .T. ) ;
#7050 = ORIENTED_EDGE ( 'NONE', *, *, #9562, .T. ) ;
#7051 = DIRECTION ( 'NONE',  ( -0.000000000000000000, 1.000000000000000000, 3.061616997868383141E-16 ) ) ;
#7052 = ORIENTED_EDGE ( 'NONE', *, *, #8638, .T. ) ;
#7053 = DIRECTION ( 'NONE',  ( -0.000000000000000000, 1.000000000000000000, 3.061616997868383141E-16 ) ) ;
#7054 = DIRECTION ( 'NONE',  ( 0.000000000000000000, -3.248981738798774652E-16, 1.000000000000000000 ) ) ;
#7055 = ORIENTED_EDGE ( 'NONE', *, *, #9856, .T. ) ;
#7056 = VERTEX_POINT ( 'NONE', #7041 ) ;
#7057 = ORIENTED_EDGE ( 'NONE', *, *, #3967, .F. ) ;
#7058 = EDGE_CURVE ( 'NONE', #5478, #1260, #6718, .T. ) ;
#7059 = DIRECTION ( 'NONE',  ( -0.000000000000000000, 1.000000000000000000, 3.061616997868383141E-16 ) ) ;
#7060 = EDGE_CURVE ( 'NONE', #4397, #2855, #11476, .T. ) ;
#7061 = VERTEX_POINT ( 'NONE', #10694 ) ;
#7062 = DIRECTION ( 'NONE',  ( -9.860761315262647568E-32, 1.000000000000000000, 3.061616997868382155E-16 ) ) ;
#7063 = ADVANCED_FACE ( 'NONE', ( #5333 ), #4616, .T. ) ;
#7064 = ORIENTED_EDGE ( 'NONE', *, *, #10814, .T. ) ;
#7065 = CARTESIAN_POINT ( 'NONE',  ( -19.04184949573522800, -80.41022924428168039, 9.982883740771846703 ) ) ;
#7066 = CARTESIAN_POINT ( 'NONE',  ( 0.000000000000000000, 51.20000000000000995, -7.383484513958806747E-15 ) ) ;
#7067 = DIRECTION ( 'NONE',  ( 0.000000000000000000, 0.000000000000000000, 1.000000000000000000 ) ) ;
#7068 = ORIENTED_EDGE ( 'NONE', *, *, #5044, .T. ) ;
#7069 = DIRECTION ( 'NONE',  ( 0.000000000000000000, -1.000000000000000000, -3.061616997868383141E-16 ) ) ;
#7070 = ADVANCED_FACE ( 'NONE', ( #10988 ), #2016, .F. ) ;
#7071 = CARTESIAN_POINT ( 'NONE',  ( -21.45599973288057782, 45.19999999999998863, -1.374800153705710404 ) ) ;
#7072 = EDGE_CURVE ( 'NONE', #5790, #6809, #124, .T. ) ;
#7073 = SURFACE_STYLE_FILL_AREA ( #8849 ) ;
#7074 = ORIENTED_EDGE ( 'NONE', *, *, #5450, .F. ) ;
#7075 = DIRECTION ( 'NONE',  ( -0.000000000000000000, 1.000000000000000000, 3.061616997868383141E-16 ) ) ;
#7076 = DIRECTION ( 'NONE',  ( 0.000000000000000000, 0.000000000000000000, 1.000000000000000000 ) ) ;
#7077 = DIRECTION ( 'NONE',  ( -0.000000000000000000, 1.000000000000000000, 3.061616997868383141E-16 ) ) ;
#7078 = ADVANCED_FACE ( 'NONE', ( #2794 ), #11035, .T. ) ;
#7079 = CARTESIAN_POINT ( 'NONE',  ( 7.704910915223833534, 51.19999999999999574, -19.82197916968985396 ) ) ;
#7080 = AXIS2_PLACEMENT_3D ( 'NONE', #64, #1905, #5326 ) ;
#7081 = ORIENTED_EDGE ( 'NONE', *, *, #912, .F. ) ;
#7082 = VECTOR ( 'NONE', #3874, 1000.000000000000000 ) ;
#7083 = DIRECTION ( 'NONE',  ( -0.000000000000000000, 1.000000000000000000, 3.061616997868383141E-16 ) ) ;
#7084 = CARTESIAN_POINT ( 'NONE',  ( 0.000000000000000000, 45.20000000000000995, -9.220454712679835547E-15 ) ) ;
#7085 = CARTESIAN_POINT ( 'NONE',  ( -1.374800153706255745, -80.41022924428168039, -21.45599973288054585 ) ) ;
#7086 = ORIENTED_EDGE ( 'NONE', *, *, #88, .F. ) ;
#7087 = CARTESIAN_POINT ( 'NONE',  ( 20.52358569366463925, 51.19999999999999574, 6.405656115871661171 ) ) ;
#7088 = VERTEX_POINT ( 'NONE', #242 ) ;
#7089 = DIRECTION ( 'NONE',  ( 0.000000000000000000, 0.000000000000000000, 1.000000000000000000 ) ) ;
#7090 = AXIS2_PLACEMENT_3D ( 'NONE', #4666, #6538, #10983 ) ;
#7091 = CARTESIAN_POINT ( 'NONE',  ( -20.36907980785155914, -80.41022924428168039, 6.881176337035177504 ) ) ;
#7092 = ADVANCED_FACE ( 'NONE', ( #6437 ), #1076, .F. ) ;
#7093 = ADVANCED_FACE ( 'NONE', ( #2961 ), #10084, .T. ) ;
#7094 = ORIENTED_EDGE ( 'NONE', *, *, #10893, .T. ) ;
#7095 = LINE ( 'NONE', #3508, #1519 ) ;
#7096 = VERTEX_POINT ( 'NONE', #4674 ) ;
#7097 = VECTOR ( 'NONE', #835, 1000.000000000000000 ) ;
#7098 = AXIS2_PLACEMENT_3D ( 'NONE', #11492, #760, #10651 ) ;
#7099 = CARTESIAN_POINT ( 'NONE',  ( -19.64122733931598574, 45.19999999999998863, -8.744837826129508329 ) ) ;
#7100 = AXIS2_PLACEMENT_3D ( 'NONE', #3785, #9954, #7200 ) ;
#7101 = CARTESIAN_POINT ( 'NONE',  ( -21.35464355025360561, -80.41022924428168039, -2.495836301044511263 ) ) ;
#7102 = ORIENTED_EDGE ( 'NONE', *, *, #3445, .T. ) ;
#7103 = CIRCLE ( 'NONE', #8416, 0.2500000000000002220 ) ;
#7104 = ADVANCED_FACE ( 'NONE', ( #5613 ), #7319, .F. ) ;
#7105 = LINE ( 'NONE', #8938, #7653 ) ;
#7106 = VECTOR ( 'NONE', #9149, 1000.000000000000000 ) ;
#7107 = EDGE_CURVE ( 'NONE', #3835, #11119, #9181, .T. ) ;
#7108 = AXIS2_PLACEMENT_3D ( 'NONE', #8729, #11563, #3484 ) ;
#7109 = ORIENTED_EDGE ( 'NONE', *, *, #8251, .F. ) ;
#7110 = AXIS2_PLACEMENT_3D ( 'NONE', #194, #3028, #3977 ) ;
#7111 = ORIENTED_EDGE ( 'NONE', *, *, #4789, .F. ) ;
#7112 = CARTESIAN_POINT ( 'NONE',  ( 0.000000000000000000, 87.50000000000001421, 3.730185188303422936E-15 ) ) ;
#7113 = ORIENTED_EDGE ( 'NONE', *, *, #11467, .F. ) ;
#7114 = EDGE_CURVE ( 'NONE', #10609, #3835, #311, .T. ) ;
#7115 = ORIENTED_EDGE ( 'NONE', *, *, #2736, .F. ) ;
#7116 = VERTEX_POINT ( 'NONE', #183 ) ;
#7117 = AXIS2_PLACEMENT_3D ( 'NONE', #8434, #479, #7671 ) ;
#7118 = DIRECTION ( 'NONE',  ( -9.860761315262647568E-32, 1.000000000000000000, 3.061616997868381662E-16 ) ) ;
#7119 = ORIENTED_EDGE ( 'NONE', *, *, #5685, .T. ) ;
#7120 = LINE ( 'NONE', #1811, #6055 ) ;
#7121 = VERTEX_POINT ( 'NONE', #9210 ) ;
#7122 = ADVANCED_FACE ( 'NONE', ( #10927 ), #1136, .T. ) ;
#7123 = CYLINDRICAL_SURFACE ( 'NONE', #2204, 0.2500000000000002220 ) ;
#7124 = CARTESIAN_POINT ( 'NONE',  ( 21.38222075041787562, 45.19999999999998863, 2.247361960254496083 ) ) ;
#7125 = LINE ( 'NONE', #10721, #9271 ) ;
#7126 = VERTEX_POINT ( 'NONE', #10140 ) ;
#7127 = CARTESIAN_POINT ( 'NONE',  ( -19.64122733931598574, 51.19999999999999574, -8.744837826129506553 ) ) ;
#7128 = CARTESIAN_POINT ( 'NONE',  ( 16.55018116000693240, 51.20000000000000995, 13.72375690439579543 ) ) ;
#7129 = CARTESIAN_POINT ( 'NONE',  ( -6.643865379061097975, -80.41022924428169460, 20.44771510034585305 ) ) ;
#7130 = EDGE_LOOP ( 'NONE', ( #4695, #2337, #253, #8280 ) ) ;
#7131 = CARTESIAN_POINT ( 'NONE',  ( -21.47053499722334280, -80.41022924428168039, -1.125223059223098065 ) ) ;
#7132 = CYLINDRICAL_SURFACE ( 'NONE', #1756, 21.50000000000000355 ) ;
#7133 = CARTESIAN_POINT ( 'NONE',  ( -18.61954618136552142, 51.19999999999999574, -10.74999999999980460 ) ) ;
#7134 = EDGE_CURVE ( 'NONE', #6692, #10026, #3802, .T. ) ;
#7135 = DIRECTION ( 'NONE',  ( 0.000000000000000000, 0.000000000000000000, -1.000000000000000000 ) ) ;
#7136 = AXIS2_PLACEMENT_3D ( 'NONE', #8969, #902, #9624 ) ;
#7137 = CARTESIAN_POINT ( 'NONE',  ( -11.91861172467664431, -80.41022924428168039, -17.89404075541353834 ) ) ;
#7138 = ORIENTED_EDGE ( 'NONE', *, *, #9853, .F. ) ;
#7139 = FACE_OUTER_BOUND ( 'NONE', #6520, .T. ) ;
#7140 = DIRECTION ( 'NONE',  ( -0.000000000000000000, 1.000000000000000000, 3.061616997868383141E-16 ) ) ;
#7141 = CARTESIAN_POINT ( 'NONE',  ( -6.643865379061518084, 51.19999999999999574, -20.44771510034572159 ) ) ;
#7142 = ORIENTED_EDGE ( 'NONE', *, *, #8257, .F. ) ;
#7143 = CARTESIAN_POINT ( 'NONE',  ( 9.760795744400141416, 45.19999999999998863, -18.90664027004994097 ) ) ;
#7144 = EDGE_LOOP ( 'NONE', ( #7277, #1054, #2218, #8551 ) ) ;
#7145 = CARTESIAN_POINT ( 'NONE',  ( -5.564609469704350886, 45.19999999999998863, -20.76740526521490082 ) ) ;
#7146 = CIRCLE ( 'NONE', #354, 21.50000000000001066 ) ;
#7147 = EDGE_CURVE ( 'NONE', #379, #1534, #10691, .T. ) ;
#7148 = DIRECTION ( 'NONE',  ( -0.000000000000000000, 1.000000000000000000, 3.061616997868383141E-16 ) ) ;
#7149 = CIRCLE ( 'NONE', #8100, 0.2500000000000002220 ) ;
#7150 = CIRCLE ( 'NONE', #4143, 19.50000000000000355 ) ;
#7151 = CARTESIAN_POINT ( 'NONE',  ( -14.38630803671557956, 45.19999999999998863, -15.97761374776383114 ) ) ;
#7152 = EDGE_LOOP ( 'NONE', ( #7594, #9104 ) ) ;
#7153 = CARTESIAN_POINT ( 'NONE',  ( 0.000000000000000000, 51.20000000000000995, -7.383484513958806747E-15 ) ) ;
#7154 = ORIENTED_EDGE ( 'NONE', *, *, #288, .T. ) ;
#7155 = CIRCLE ( 'NONE', #10586, 0.2500000000000002220 ) ;
#7156 = AXIS2_PLACEMENT_3D ( 'NONE', #798, #5267, #5380 ) ;
#7157 = VECTOR ( 'NONE', #9298, 1000.000000000000000 ) ;
#7158 = DIRECTION ( 'NONE',  ( 0.000000000000000000, -3.227392513445222318E-16, 1.000000000000000000 ) ) ;
#7159 = EDGE_CURVE ( 'NONE', #2357, #10578, #3631, .T. ) ;
#7160 = DIRECTION ( 'NONE',  ( -0.000000000000000000, 1.000000000000000000, 3.061616997868383141E-16 ) ) ;
#7161 = EDGE_LOOP ( 'NONE', ( #11100, #991, #9851, #5603 ) ) ;
#7162 = AXIS2_PLACEMENT_3D ( 'NONE', #5495, #5713, #4960 ) ;
#7163 = CIRCLE ( 'NONE', #6214, 0.2500000000000002220 ) ;
#7164 = DIRECTION ( 'NONE',  ( -0.000000000000000000, 1.000000000000000000, 3.061616997868383141E-16 ) ) ;
#7165 = CIRCLE ( 'NONE', #7536, 0.2500000000000002220 ) ;
#7166 = ORIENTED_EDGE ( 'NONE', *, *, #3561, .T. ) ;
#7167 = CARTESIAN_POINT ( 'NONE',  ( 18.03141721082663196, 45.20000000000000284, 11.70973925282305217 ) ) ;
#7168 = ADVANCED_FACE ( 'NONE', ( #968 ), #72, .F. ) ;
#7169 = ORIENTED_EDGE ( 'NONE', *, *, #4124, .T. ) ;
#7170 = DIRECTION ( 'NONE',  ( 0.000000000000000000, -3.227392513445222318E-16, 1.000000000000000000 ) ) ;
#7171 = VERTEX_POINT ( 'NONE', #9968 ) ;
#7172 = FACE_OUTER_BOUND ( 'NONE', #7644, .T. ) ;
#7173 = ORIENTED_EDGE ( 'NONE', *, *, #10819, .F. ) ;
#7174 = ORIENTED_EDGE ( 'NONE', *, *, #10234, .F. ) ;
#7175 = VECTOR ( 'NONE', #1954, 1000.000000000000000 ) ;
#7176 = DIRECTION ( 'NONE',  ( 0.000000000000000000, 0.000000000000000000, 1.000000000000000000 ) ) ;
#7177 = ORIENTED_EDGE ( 'NONE', *, *, #8009, .T. ) ;
#7178 = UNCERTAINTY_MEASURE_WITH_UNIT (LENGTH_MEASURE( 1.000000000000000082E-05 ), #6229, 'distance_accuracy_value', 'NONE');
#7179 = DIRECTION ( 'NONE',  ( -0.000000000000000000, 1.000000000000000000, 3.061616997868383141E-16 ) ) ;
#7180 = AXIS2_PLACEMENT_3D ( 'NONE', #10964, #4644, #10006 ) ;
#7181 = AXIS2_PLACEMENT_3D ( 'NONE', #672, #7677, #3201 ) ;
#7182 = EDGE_CURVE ( 'NONE', #2525, #3562, #5599, .T. ) ;
#7183 = ORIENTED_EDGE ( 'NONE', *, *, #305, .T. ) ;
#7184 = DIRECTION ( 'NONE',  ( 0.000000000000000000, -3.227392513445222318E-16, 1.000000000000000000 ) ) ;
#7185 = ADVANCED_FACE ( 'NONE', ( #9267 ), #356, .F. ) ;
#7186 = VECTOR ( 'NONE', #10284, 1000.000000000000000 ) ;
#7187 = AXIS2_PLACEMENT_3D ( 'NONE', #2261, #5852, #8692 ) ;
#7188 = DIRECTION ( 'NONE',  ( -4.930380657631323784E-32, 1.000000000000000000, 3.061616997868382648E-16 ) ) ;
#7189 = LINE ( 'NONE', #3834, #5879 ) ;
#7190 = ORIENTED_EDGE ( 'NONE', *, *, #1798, .F. ) ;
#7191 = VERTEX_POINT ( 'NONE', #9376 ) ;
#7192 = CARTESIAN_POINT ( 'NONE',  ( -19.15664027004999070, -80.41022924428168039, -9.760795744400091678 ) ) ;
#7193 = CIRCLE ( 'NONE', #30, 0.2500000000000002220 ) ;
#7194 = PRESENTATION_STYLE_ASSIGNMENT (( #10672 ) ) ;
#7195 = ORIENTED_EDGE ( 'NONE', *, *, #8792, .T. ) ;
#7196 = DIRECTION ( 'NONE',  ( 0.000000000000000000, -3.227392513445220839E-16, 1.000000000000000000 ) ) ;
#7197 = CIRCLE ( 'NONE', #7958, 21.50000000000000000 ) ;
#7198 = AXIS2_PLACEMENT_3D ( 'NONE', #1426, #2235, #1487 ) ;
#7199 = CARTESIAN_POINT ( 'NONE',  ( -1.998583757652287574, 45.20000000000000284, 21.40690689856076290 ) ) ;
#7200 = DIRECTION ( 'NONE',  ( 0.000000000000000000, -3.227392513445222318E-16, 1.000000000000000000 ) ) ;
#7201 = CIRCLE ( 'NONE', #2114, 15.39999999999999680 ) ;
#7202 = VERTEX_POINT ( 'NONE', #4141 ) ;
#7203 = CARTESIAN_POINT ( 'NONE',  ( 0.000000000000000000, 51.20000000000000995, -7.383484513958806747E-15 ) ) ;
#7204 = DIRECTION ( 'NONE',  ( 0.000000000000000000, -3.227392513445222318E-16, 1.000000000000000000 ) ) ;
#7205 = AXIS2_PLACEMENT_3D ( 'NONE', #5473, #5416, #10063 ) ;
#7206 = CARTESIAN_POINT ( 'NONE',  ( 0.000000000000000000, 45.20000000000000995, -9.220454712679835547E-15 ) ) ;
#7207 = CARTESIAN_POINT ( 'NONE',  ( -8.744837826129849390, 51.19999999999999574, -19.64122733931582587 ) ) ;
#7208 = ORIENTED_EDGE ( 'NONE', *, *, #3810, .T. ) ;
#7209 = DIRECTION ( 'NONE',  ( -0.000000000000000000, 1.000000000000000000, 3.061616997868383141E-16 ) ) ;
#7210 = EDGE_CURVE ( 'NONE', #638, #3219, #4907, .T. ) ;
#7211 = DIRECTION ( 'NONE',  ( 0.000000000000000000, -3.227392513445222318E-16, 1.000000000000000000 ) ) ;
#7212 = CARTESIAN_POINT ( 'NONE',  ( -13.33519049100542375, -80.41022924428169460, 16.86483603740627402 ) ) ;
#7213 = EDGE_CURVE ( 'NONE', #2128, #3122, #6790, .T. ) ;
#7214 = ORIENTED_EDGE ( 'NONE', *, *, #10597, .F. ) ;
#7215 = CARTESIAN_POINT ( 'NONE',  ( -9.537388008203931733, 51.20000000000000995, 19.26884090911976699 ) ) ;
#7216 = ORIENTED_EDGE ( 'NONE', *, *, #9399, .F. ) ;
#7217 = CYLINDRICAL_SURFACE ( 'NONE', #10922, 21.50000000000000355 ) ;
#7218 = DIRECTION ( 'NONE',  ( 0.000000000000000000, -1.000000000000000000, -3.061616997868383141E-16 ) ) ;
#7219 = EDGE_LOOP ( 'NONE', ( #762, #8496, #4339, #11493 ) ) ;
#7220 = DIRECTION ( 'NONE',  ( -0.000000000000000000, 1.000000000000000000, 3.061616997868383141E-16 ) ) ;
#7221 = VERTEX_POINT ( 'NONE', #10205 ) ;
#7222 = CARTESIAN_POINT ( 'NONE',  ( 0.000000000000000000, 45.20000000000000995, -9.220454712679835547E-15 ) ) ;
#7223 = ORIENTED_EDGE ( 'NONE', *, *, #11187, .T. ) ;
#7224 = DIRECTION ( 'NONE',  ( 0.000000000000000000, 0.000000000000000000, 1.000000000000000000 ) ) ;
#7225 = ORIENTED_EDGE ( 'NONE', *, *, #1202, .F. ) ;
#7226 = EDGE_CURVE ( 'NONE', #5916, #9401, #8047, .T. ) ;
#7227 = DIRECTION ( 'NONE',  ( -0.000000000000000000, 1.000000000000000000, 3.061616997868383141E-16 ) ) ;
#7228 = VERTEX_POINT ( 'NONE', #2319 ) ;
#7229 = VERTEX_POINT ( 'NONE', #3079 ) ;
#7230 = CARTESIAN_POINT ( 'NONE',  ( 0.000000000000000000, 87.50000000000001421, 3.730185188303422936E-15 ) ) ;
#7231 = ORIENTED_EDGE ( 'NONE', *, *, #3792, .T. ) ;
#7232 = CARTESIAN_POINT ( 'NONE',  ( -3.610031534565724787, 45.19999999999998863, -21.19475577399843047 ) ) ;
#7233 = DIRECTION ( 'NONE',  ( 0.000000000000000000, -1.000000000000000000, -3.061616997868383141E-16 ) ) ;
#7234 = EDGE_LOOP ( 'NONE', ( #5005, #8715, #7888, #8615 ) ) ;
#7235 = DIRECTION ( 'NONE',  ( -1.972152263052529514E-31, 1.000000000000000000, 3.061616997868382155E-16 ) ) ;
#7236 = DIRECTION ( 'NONE',  ( 0.000000000000000000, -3.227392513445220839E-16, 1.000000000000000000 ) ) ;
#7237 = DIRECTION ( 'NONE',  ( 0.000000000000000000, 0.000000000000000000, 1.000000000000000000 ) ) ;
#7238 = ADVANCED_FACE ( 'NONE', ( #5903 ), #7551, .F. ) ;
#7239 = ORIENTED_EDGE ( 'NONE', *, *, #10804, .F. ) ;
#7240 = VERTEX_POINT ( 'NONE', #3261 ) ;
#7241 = DIRECTION ( 'NONE',  ( -0.000000000000000000, 1.000000000000000000, 3.061616997868383141E-16 ) ) ;
#7242 = LINE ( 'NONE', #2937, #6981 ) ;
#7243 = VERTEX_POINT ( 'NONE', #289 ) ;
#7244 = CARTESIAN_POINT ( 'NONE',  ( -21.45599973288056006, 51.19999999999999574, -1.374800153705707517 ) ) ;
#7245 = EDGE_CURVE ( 'NONE', #10348, #4640, #10322, .T. ) ;
#7246 = CARTESIAN_POINT ( 'NONE',  ( 0.000000000000000000, 51.20000000000000995, -7.383484513958806747E-15 ) ) ;
#7247 = CARTESIAN_POINT ( 'NONE',  ( -20.44771510034585660, -80.41022924428168039, -6.393865379061193011 ) ) ;
#7248 = CYLINDRICAL_SURFACE ( 'NONE', #3816, 21.50000000000000355 ) ;
#7249 = EDGE_LOOP ( 'NONE', ( #3349, #6172, #9316, #8569 ) ) ;
#7250 = DIRECTION ( 'NONE',  ( 0.000000000000000000, 0.000000000000000000, 1.000000000000000000 ) ) ;
#7251 = FACE_OUTER_BOUND ( 'NONE', #11262, .T. ) ;
#7252 = DIRECTION ( 'NONE',  ( -0.000000000000000000, 1.000000000000000000, 3.061616997868383141E-16 ) ) ;
#7253 = ADVANCED_FACE ( 'NONE', ( #2251 ), #3015, .T. ) ;
#7254 = CARTESIAN_POINT ( 'NONE',  ( 18.49328953615743742, 51.19999999999999574, -10.96577594754926288 ) ) ;
#7255 = EDGE_LOOP ( 'NONE', ( #7166, #4248 ) ) ;
#7256 = CYLINDRICAL_SURFACE ( 'NONE', #7924, 0.2500000000000002220 ) ;
#7257 = CARTESIAN_POINT ( 'NONE',  ( 8.744837826129717939, -80.41022924428169460, 19.64122733931587561 ) ) ;
#7258 = DIRECTION ( 'NONE',  ( 0.000000000000000000, -1.000000000000000000, -3.061616997868383141E-16 ) ) ;
#7259 = ADVANCED_FACE ( 'NONE', ( #11214 ), #3737, .T. ) ;
#7260 = LINE ( 'NONE', #10310, #1829 ) ;
#7261 = EDGE_CURVE ( 'NONE', #5057, #6610, #9315, .T. ) ;
#7262 = EDGE_LOOP ( 'NONE', ( #11416, #6970 ) ) ;
#7263 = CARTESIAN_POINT ( 'NONE',  ( -13.53038840757129968, 45.20000000000000284, 16.70863817132504181 ) ) ;
#7264 = ORIENTED_EDGE ( 'NONE', *, *, #9016, .F. ) ;
#7265 = LINE ( 'NONE', #7992, #4336 ) ;
#7266 = EDGE_CURVE ( 'NONE', #3278, #32, #9495, .T. ) ;
#7267 = DIRECTION ( 'NONE',  ( 0.000000000000000000, 0.000000000000000000, 1.000000000000000000 ) ) ;
#7268 = VERTEX_POINT ( 'NONE', #1312 ) ;
#7269 = AXIS2_PLACEMENT_3D ( 'NONE', #5874, #11013, #9469 ) ;
#7270 = CARTESIAN_POINT ( 'NONE',  ( -21.47053499722334280, 51.19999999999999574, -1.125223059223057653 ) ) ;
#7271 = AXIS2_PLACEMENT_3D ( 'NONE', #5075, #10500, #9610 ) ;
#7272 = ORIENTED_EDGE ( 'NONE', *, *, #3674, .F. ) ;
#7273 = DIRECTION ( 'NONE',  ( -0.000000000000000000, 1.000000000000000000, 3.061616997868383141E-16 ) ) ;
#7274 = EDGE_CURVE ( 'NONE', #1064, #6085, #11459, .T. ) ;
#7275 = VECTOR ( 'NONE', #578, 1000.000000000000000 ) ;
#7276 = EDGE_CURVE ( 'NONE', #5050, #2717, #1385, .T. ) ;
#7277 = ORIENTED_EDGE ( 'NONE', *, *, #11333, .T. ) ;
#7278 = DIRECTION ( 'NONE',  ( 0.000000000000000000, 0.000000000000000000, -1.000000000000000000 ) ) ;
#7279 = ORIENTED_EDGE ( 'NONE', *, *, #9478, .F. ) ;
#7280 = AXIS2_PLACEMENT_3D ( 'NONE', #147, #378, #1215 ) ;
#7281 = DIRECTION ( 'NONE',  ( 0.000000000000000000, 0.000000000000000000, -1.000000000000000000 ) ) ;
#7282 = AXIS2_PLACEMENT_3D ( 'NONE', #3689, #8386, #9220 ) ;
#7283 = ORIENTED_EDGE ( 'NONE', *, *, #8793, .T. ) ;
#7284 = ORIENTED_EDGE ( 'NONE', *, *, #10225, .F. ) ;
#7285 = CARTESIAN_POINT ( 'NONE',  ( -11.70973925282321915, -80.41022924428168039, -18.03141721082653604 ) ) ;
#7286 = ORIENTED_EDGE ( 'NONE', *, *, #272, .F. ) ;
#7287 = CARTESIAN_POINT ( 'NONE',  ( 0.000000000000000000, 51.20000000000000995, -7.383484513958806747E-15 ) ) ;
#7288 = CIRCLE ( 'NONE', #5972, 0.2500000000000002220 ) ;
#7289 = VECTOR ( 'NONE', #5211, 1000.000000000000000 ) ;
#7290 = ADVANCED_FACE ( 'NONE', ( #10388 ), #4077, .F. ) ;
#7291 = CIRCLE ( 'NONE', #7672, 20.50000000000000711 ) ;
#7292 = AXIS2_PLACEMENT_3D ( 'NONE', #10522, #2270, #5918 ) ;
#7293 = ORIENTED_EDGE ( 'NONE', *, *, #9693, .F. ) ;
#7294 = CARTESIAN_POINT ( 'NONE',  ( 19.74158195380348602, -80.41022924428168039, 8.515864134734624002 ) ) ;
#7295 = DIRECTION ( 'NONE',  ( -1.972152263052529514E-31, 1.000000000000000000, 3.061616997868382155E-16 ) ) ;
#7296 = DIRECTION ( 'NONE',  ( 0.000000000000000000, 0.000000000000000000, 1.000000000000000000 ) ) ;
#7297 = AXIS2_PLACEMENT_3D ( 'NONE', #3903, #5665, #3196 ) ;
#7298 = ORIENTED_EDGE ( 'NONE', *, *, #4341, .F. ) ;
#7299 = VERTEX_POINT ( 'NONE', #11278 ) ;
#7300 = CARTESIAN_POINT ( 'NONE',  ( 21.38222075041787562, -80.41022924428168039, 2.247361960254457447 ) ) ;
#7301 = CARTESIAN_POINT ( 'NONE',  ( 3.116195710812656561, 51.20000000000000995, 21.27297168455579168 ) ) ;
#7302 = AXIS2_PLACEMENT_3D ( 'NONE', #2691, #7160, #6269 ) ;
#7303 = ORIENTED_EDGE ( 'NONE', *, *, #8832, .F. ) ;
#7304 = LINE ( 'NONE', #3944, #2664 ) ;
#7305 = DIRECTION ( 'NONE',  ( -0.000000000000000000, 1.000000000000000000, 3.061616997868383141E-16 ) ) ;
#7306 = DIRECTION ( 'NONE',  ( 0.000000000000000000, 0.000000000000000000, 1.000000000000000000 ) ) ;
#7307 = DIRECTION ( 'NONE',  ( 0.000000000000000000, -1.000000000000000000, -3.061616997868383141E-16 ) ) ;
#7308 = DIRECTION ( 'NONE',  ( 3.697785493223493385E-32, 1.000000000000000000, 3.061616997868383141E-16 ) ) ;
#7309 = EDGE_CURVE ( 'NONE', #6413, #8168, #4298, .T. ) ;
#7310 = ORIENTED_EDGE ( 'NONE', *, *, #6456, .F. ) ;
#7311 = CARTESIAN_POINT ( 'NONE',  ( -21.49854651162792862, 45.19999999999998863, -0.2499957747069914138 ) ) ;
#7312 = DIRECTION ( 'NONE',  ( -0.000000000000000000, 1.000000000000000000, 3.061616997868383141E-16 ) ) ;
#7313 = DIRECTION ( 'NONE',  ( -0.000000000000000000, 1.000000000000000000, 3.061616997868383141E-16 ) ) ;
#7314 = DIRECTION ( 'NONE',  ( 7.395570986446986770E-32, 1.000000000000000000, 3.061616997868381662E-16 ) ) ;
#7315 = ORIENTED_EDGE ( 'NONE', *, *, #4403, .F. ) ;
#7316 = CARTESIAN_POINT ( 'NONE',  ( 1.885956070686923806E-15, 79.00000000000000000, -15.39999999999999858 ) ) ;
#7317 = DIRECTION ( 'NONE',  ( -0.000000000000000000, 1.000000000000000000, 3.061616997868383141E-16 ) ) ;
#7318 = AXIS2_PLACEMENT_3D ( 'NONE', #7900, #11511, #5415 ) ;
#7319 = CYLINDRICAL_SURFACE ( 'NONE', #5411, 0.2500000000000002220 ) ;
#7320 = DIRECTION ( 'NONE',  ( 2.546183866652841235E-17, -0.9781476007338054668, 0.2079116908177598144 ) ) ;
#7321 = ORIENTED_EDGE ( 'NONE', *, *, #5638, .F. ) ;
#7322 = DIRECTION ( 'NONE',  ( -0.000000000000000000, 1.000000000000000000, 3.061616997868383141E-16 ) ) ;
#7323 = EDGE_LOOP ( 'NONE', ( #1477, #5934, #959, #7989 ) ) ;
#7324 = AXIS2_PLACEMENT_3D ( 'NONE', #1549, #7227, #8231 ) ;
#7325 = CARTESIAN_POINT ( 'NONE',  ( 5.322755903978507064, 45.19999999999998863, -20.83070497094759688 ) ) ;
#7326 = CYLINDRICAL_SURFACE ( 'NONE', #5838, 21.50000000000000355 ) ;
#7327 = AXIS2_PLACEMENT_3D ( 'NONE', #8578, #4164, #2275 ) ;
#7328 = CARTESIAN_POINT ( 'NONE',  ( -20.97677464539619407, 45.19999999999998863, 4.714331922580668355 ) ) ;
#7329 = CIRCLE ( 'NONE', #3579, 0.2500000000000002220 ) ;
#7330 = EDGE_LOOP ( 'NONE', ( #3748, #4272, #10433, #9672 ) ) ;
#7331 = EDGE_CURVE ( 'NONE', #2633, #2864, #5983, .T. ) ;
#7332 = AXIS2_PLACEMENT_3D ( 'NONE', #5281, #6314, #9915 ) ;
#7333 = DIRECTION ( 'NONE',  ( 0.000000000000000000, -3.227392513445220839E-16, 1.000000000000000000 ) ) ;
#7334 = AXIS2_PLACEMENT_3D ( 'NONE', #1141, #10143, #9273 ) ;
#7335 = ORIENTED_EDGE ( 'NONE', *, *, #2368, .F. ) ;
#7336 = FACE_OUTER_BOUND ( 'NONE', #9064, .T. ) ;
#7337 = AXIS2_PLACEMENT_3D ( 'NONE', #1181, #6470, #10123 ) ;
#7338 = ORIENTED_EDGE ( 'NONE', *, *, #3487, .F. ) ;
#7339 = DIRECTION ( 'NONE',  ( 0.000000000000000000, 0.000000000000000000, 1.000000000000000000 ) ) ;
#7340 = ORIENTED_EDGE ( 'NONE', *, *, #8185, .F. ) ;
#7341 = DIRECTION ( 'NONE',  ( 0.000000000000000000, 0.000000000000000000, 1.000000000000000000 ) ) ;
#7342 = ORIENTED_EDGE ( 'NONE', *, *, #8215, .F. ) ;
#7343 = DIRECTION ( 'NONE',  ( 0.000000000000000000, 0.000000000000000000, 1.000000000000000000 ) ) ;
#7344 = ORIENTED_EDGE ( 'NONE', *, *, #2250, .T. ) ;
#7345 = LINE ( 'NONE', #2982, #605 ) ;
#7346 = EDGE_CURVE ( 'NONE', #9221, #10074, #3550, .T. ) ;
#7347 = EDGE_CURVE ( 'NONE', #2973, #10328, #2215, .T. ) ;
#7348 = AXIS2_PLACEMENT_3D ( 'NONE', #3465, #10643, #7387 ) ;
#7349 = CIRCLE ( 'NONE', #8108, 0.2500000000000002220 ) ;
#7350 = VECTOR ( 'NONE', #4635, 1000.000000000000000 ) ;
#7351 = ORIENTED_EDGE ( 'NONE', *, *, #688, .T. ) ;
#7352 = CARTESIAN_POINT ( 'NONE',  ( 0.000000000000000000, 24.19999999999999929, -1.564985040820344345E-14 ) ) ;
#7353 = VECTOR ( 'NONE', #5521, 1000.000000000000000 ) ;
#7354 = CARTESIAN_POINT ( 'NONE',  ( 0.000000000000000000, 51.20000000000000995, -7.383484513958806747E-15 ) ) ;
#7355 = CARTESIAN_POINT ( 'NONE',  ( 10.74999999999988454, 51.19999999999999574, -18.61954618136546813 ) ) ;
#7356 = AXIS2_PLACEMENT_3D ( 'NONE', #4427, #3548, #5365 ) ;
#7357 = AXIS2_PLACEMENT_3D ( 'NONE', #2447, #5157, #6038 ) ;
#7358 = ORIENTED_EDGE ( 'NONE', *, *, #10061, .T. ) ;
#7359 = ORIENTED_EDGE ( 'NONE', *, *, #8137, .T. ) ;
#7360 = CYLINDRICAL_SURFACE ( 'NONE', #3593, 21.50000000000000355 ) ;
#7361 = VERTEX_POINT ( 'NONE', #2495 ) ;
#7362 = EDGE_CURVE ( 'NONE', #2749, #1301, #11066, .T. ) ;
#7363 = FACE_OUTER_BOUND ( 'NONE', #8831, .T. ) ;
#7364 = AXIS2_PLACEMENT_3D ( 'NONE', #3060, #4819, #7531 ) ;
#7365 = CYLINDRICAL_SURFACE ( 'NONE', #913, 21.50000000000000355 ) ;
#7366 = FACE_OUTER_BOUND ( 'NONE', #1445, .T. ) ;
#7367 = AXIS2_PLACEMENT_3D ( 'NONE', #3578, #4579, #3692 ) ;
#7368 = DIRECTION ( 'NONE',  ( 0.000000000000000000, -1.000000000000000000, -3.061616997868383141E-16 ) ) ;
#7369 = AXIS2_PLACEMENT_3D ( 'NONE', #8318, #6428, #1065 ) ;
#7370 = ORIENTED_EDGE ( 'NONE', *, *, #11290, .T. ) ;
#7371 = DIRECTION ( 'NONE',  ( 0.000000000000000000, -1.000000000000000000, -3.061616997868383141E-16 ) ) ;
#7372 = DIRECTION ( 'NONE',  ( 0.000000000000000000, 0.000000000000000000, -1.000000000000000000 ) ) ;
#7373 = CARTESIAN_POINT ( 'NONE',  ( 0.000000000000000000, 87.50000000000001421, 3.730185188303422936E-15 ) ) ;
#7374 = AXIS2_PLACEMENT_3D ( 'NONE', #639, #9402, #4990 ) ;
#7375 = CARTESIAN_POINT ( 'NONE',  ( -10.74999999999975486, -80.41022924428169460, 18.61954618136553563 ) ) ;
#7376 = VERTEX_POINT ( 'NONE', #10446 ) ;
#7377 = CARTESIAN_POINT ( 'NONE',  ( -21.03017341577685784, 51.19999999999999574, -4.470101352581593801 ) ) ;
#7378 = CARTESIAN_POINT ( 'NONE',  ( -12.43427775499823973, -80.41022924428169460, 17.53963331177577700 ) ) ;
#7379 = CARTESIAN_POINT ( 'NONE',  ( -2.247361960254701252, 45.19999999999998863, -21.38222075041783654 ) ) ;
#7380 = AXIS2_PLACEMENT_3D ( 'NONE', #2907, #6485, #1132 ) ;
#7381 = AXIS2_PLACEMENT_3D ( 'NONE', #11612, #2538, #1546 ) ;
#7382 = ORIENTED_EDGE ( 'NONE', *, *, #9764, .F. ) ;
#7383 = DIRECTION ( 'NONE',  ( -0.000000000000000000, 1.000000000000000000, 3.061616997868383141E-16 ) ) ;
#7384 = ORIENTED_EDGE ( 'NONE', *, *, #2298, .F. ) ;
#7385 = EDGE_CURVE ( 'NONE', #5911, #1480, #9360, .T. ) ;
#7386 = DIRECTION ( 'NONE',  ( 0.000000000000000000, -3.227392513445220839E-16, 1.000000000000000000 ) ) ;
#7387 = DIRECTION ( 'NONE',  ( 0.000000000000000000, 0.000000000000000000, 1.000000000000000000 ) ) ;
#7388 = DIRECTION ( 'NONE',  ( -0.000000000000000000, 1.000000000000000000, 3.061616997868383141E-16 ) ) ;
#7389 = ORIENTED_EDGE ( 'NONE', *, *, #1611, .F. ) ;
#7390 = EDGE_CURVE ( 'NONE', #7706, #712, #2792, .T. ) ;
#7391 = DIRECTION ( 'NONE',  ( -0.000000000000000000, 1.000000000000000000, 3.061616997868383141E-16 ) ) ;
#7392 = ORIENTED_EDGE ( 'NONE', *, *, #4548, .T. ) ;
#7393 = CARTESIAN_POINT ( 'NONE',  ( 16.70863817132479667, 45.19999999999998863, -13.53038840757156791 ) ) ;
#7394 = EDGE_LOOP ( 'NONE', ( #6612, #5745, #1788, #9192 ) ) ;
#7395 = DIRECTION ( 'NONE',  ( 0.000000000000000000, 0.000000000000000000, 1.000000000000000000 ) ) ;
#7396 = VERTEX_POINT ( 'NONE', #7845 ) ;
#7397 = CYLINDRICAL_SURFACE ( 'NONE', #9769, 0.2500000000000002220 ) ;
#7398 = DIRECTION ( 'NONE',  ( -9.860761315262647568E-32, 1.000000000000000000, 3.061616997868381662E-16 ) ) ;
#7399 = EDGE_CURVE ( 'NONE', #6943, #8844, #10698, .T. ) ;
#7400 = VERTEX_POINT ( 'NONE', #730 ) ;
#7401 = DIRECTION ( 'NONE',  ( -0.000000000000000000, 1.000000000000000000, 3.061616997868383141E-16 ) ) ;
#7402 = CARTESIAN_POINT ( 'NONE',  ( -4.225266388133059436, 51.20000000000000995, 21.08072873382968737 ) ) ;
#7403 = ORIENTED_EDGE ( 'NONE', *, *, #2722, .F. ) ;
#7404 = DIRECTION ( 'NONE',  ( 0.000000000000000000, -3.227392513445222318E-16, 1.000000000000000000 ) ) ;
#7405 = LINE ( 'NONE', #390, #292 ) ;
#7406 = DIRECTION ( 'NONE',  ( 0.000000000000000000, -1.000000000000000000, -3.061616997868383141E-16 ) ) ;
#7407 = EDGE_CURVE ( 'NONE', #4894, #2052, #5784, .T. ) ;
#7408 = ORIENTED_EDGE ( 'NONE', *, *, #259, .T. ) ;
#7409 = ORIENTED_EDGE ( 'NONE', *, *, #8523, .T. ) ;
#7410 = DIRECTION ( 'NONE',  ( -0.000000000000000000, 1.000000000000000000, 3.061616997868383141E-16 ) ) ;
#7411 = ORIENTED_EDGE ( 'NONE', *, *, #4280, .F. ) ;
#7412 = EDGE_CURVE ( 'NONE', #10427, #7568, #5417, .T. ) ;
#7413 = CARTESIAN_POINT ( 'NONE',  ( 9.982883740771521630, 51.20000000000000995, 19.04184949573541985 ) ) ;
#7414 = DIRECTION ( 'NONE',  ( 0.000000000000000000, 0.000000000000000000, 1.000000000000000000 ) ) ;
#7415 = PLANE ( 'NONE',  #5976 ) ;
#7416 = CARTESIAN_POINT ( 'NONE',  ( -4.470101352581976606, 45.19999999999998863, -21.03017341577676191 ) ) ;
#7417 = ORIENTED_EDGE ( 'NONE', *, *, #4403, .T. ) ;
#7418 = EDGE_CURVE ( 'NONE', #9113, #5442, #5196, .T. ) ;
#7419 = EDGE_CURVE ( 'NONE', #5855, #9221, #4477, .T. ) ;
#7420 = ORIENTED_EDGE ( 'NONE', *, *, #2074, .F. ) ;
#7421 = CYLINDRICAL_SURFACE ( 'NONE', #8310, 0.2500000000000002220 ) ;
#7422 = DIRECTION ( 'NONE',  ( -0.000000000000000000, 1.000000000000000000, 3.061616997868383141E-16 ) ) ;
#7423 = CARTESIAN_POINT ( 'NONE',  ( 12.43427775499851862, 51.19999999999999574, -17.53963331177562424 ) ) ;
#7424 = CARTESIAN_POINT ( 'NONE',  ( 10.74999999999988454, 51.19999999999999574, -18.61954618136546813 ) ) ;
#7425 = ORIENTED_EDGE ( 'NONE', *, *, #5482, .T. ) ;
#7426 = DIRECTION ( 'NONE',  ( -0.000000000000000000, 1.000000000000000000, 3.061616997868383141E-16 ) ) ;
#7427 = DIRECTION ( 'NONE',  ( -9.860761315262647568E-32, 1.000000000000000000, 3.061616997868382648E-16 ) ) ;
#7428 = EDGE_CURVE ( 'NONE', #11177, #5739, #8815, .T. ) ;
#7429 = CARTESIAN_POINT ( 'NONE',  ( 14.38630803671536462, -80.41022924428168039, -15.97761374776406385 ) ) ;
#7430 = ORIENTED_EDGE ( 'NONE', *, *, #11142, .F. ) ;
#7431 = DIRECTION ( 'NONE',  ( -0.000000000000000000, 1.000000000000000000, 3.061616997868383141E-16 ) ) ;
#7432 = CARTESIAN_POINT ( 'NONE',  ( 20.44771510034576067, 45.19999999999998863, -6.393865379061437260 ) ) ;
#7433 = DIRECTION ( 'NONE',  ( -9.860761315262647568E-32, 1.000000000000000000, 3.061616997868382648E-16 ) ) ;
#7434 = LINE ( 'NONE', #3086, #3216 ) ;
#7435 = DIRECTION ( 'NONE',  ( 0.000000000000000000, 0.000000000000000000, 1.000000000000000000 ) ) ;
#7436 = ORIENTED_EDGE ( 'NONE', *, *, #2376, .F. ) ;
#7437 = EDGE_CURVE ( 'NONE', #75, #8130, #2415, .T. ) ;
#7438 = ADVANCED_FACE ( 'NONE', ( #6132 ), #8917, .F. ) ;
#7439 = CARTESIAN_POINT ( 'NONE',  ( -20.07197916968989659, 51.19999999999999574, -7.704910915223750045 ) ) ;
#7440 = EDGE_LOOP ( 'NONE', ( #10769, #3691, #9288, #6797 ) ) ;
#7441 = ORIENTED_EDGE ( 'NONE', *, *, #3215, .F. ) ;
#7442 = CYLINDRICAL_SURFACE ( 'NONE', #9910, 21.50000000000000355 ) ;
#7443 = VERTEX_POINT ( 'NONE', #8794 ) ;
#7444 = VECTOR ( 'NONE', #5204, 1000.000000000000000 ) ;
#7445 = CARTESIAN_POINT ( 'NONE',  ( 0.000000000000000000, 87.50000000000001421, 3.730185188303422936E-15 ) ) ;
#7446 = EDGE_CURVE ( 'NONE', #9325, #3056, #10568, .T. ) ;
#7447 = AXIS2_PLACEMENT_3D ( 'NONE', #2104, #389, #1224 ) ;
#7448 = CIRCLE ( 'NONE', #1815, 21.50000000000001066 ) ;
#7449 = CARTESIAN_POINT ( 'NONE',  ( 18.74328531086466754, 51.19999999999999574, -10.53277056407879719 ) ) ;
#7450 = AXIS2_PLACEMENT_3D ( 'NONE', #1771, #7069, #4310 ) ;
#7451 = VERTEX_POINT ( 'NONE', #6188 ) ;
#7452 = CARTESIAN_POINT ( 'NONE',  ( -16.55018116000664108, -80.41022924428169460, 13.72375690439611340 ) ) ;
#7453 = AXIS2_PLACEMENT_3D ( 'NONE', #9370, #11208, #5897 ) ;
#7454 = CIRCLE ( 'NONE', #1647, 0.2500000000000002220 ) ;
#7455 = VECTOR ( 'NONE', #4063, 1000.000000000000000 ) ;
#7456 = VERTEX_POINT ( 'NONE', #5319 ) ;
#7457 = CARTESIAN_POINT ( 'NONE',  ( -15.97761374776409227, 45.19999999999998863, -14.13630803671529357 ) ) ;
#7458 = ADVANCED_FACE ( 'NONE', ( #1665 ), #786, .F. ) ;
#7459 = AXIS2_PLACEMENT_3D ( 'NONE', #9537, #4405, #8055 ) ;
#7460 = DIRECTION ( 'NONE',  ( -4.930380657631323784E-32, 1.000000000000000000, 3.061616997868382648E-16 ) ) ;
#7461 = DIRECTION ( 'NONE',  ( -9.860761315262647568E-32, 1.000000000000000000, 3.061616997868381662E-16 ) ) ;
#7462 = VERTEX_POINT ( 'NONE', #7974 ) ;
#7463 = ORIENTED_EDGE ( 'NONE', *, *, #7519, .T. ) ;
#7464 = VECTOR ( 'NONE', #11543, 1000.000000000000000 ) ;
#7465 = VECTOR ( 'NONE', #8519, 1000.000000000000000 ) ;
#7466 = LINE ( 'NONE', #2771, #5096 ) ;
#7467 = VERTEX_POINT ( 'NONE', #3495 ) ;
#7468 = CIRCLE ( 'NONE', #2962, 0.2500000000000002220 ) ;
#7469 = DIRECTION ( 'NONE',  ( -0.000000000000000000, 1.000000000000000000, 3.061616997868383141E-16 ) ) ;
#7470 = AXIS2_PLACEMENT_3D ( 'NONE', #2435, #2609, #11572 ) ;
#7471 = EDGE_CURVE ( 'NONE', #8069, #683, #6926, .T. ) ;
#7472 = DIRECTION ( 'NONE',  ( -0.000000000000000000, 1.000000000000000000, 3.061616997868383141E-16 ) ) ;
#7473 = PRODUCT_DEFINITION_FORMATION_WITH_SPECIFIED_SOURCE ( 'ANY', '', #4285, .NOT_KNOWN. ) ;
#7474 = DIRECTION ( 'NONE',  ( -9.860761315262647568E-32, 1.000000000000000000, 3.061616997868382155E-16 ) ) ;
#7475 = AXIS2_PLACEMENT_3D ( 'NONE', #9619, #11521, #4252 ) ;
#7476 = DIRECTION ( 'NONE',  ( 3.081487911019577365E-33, 1.000000000000000000, 3.061616997868381662E-16 ) ) ;
#7477 = ORIENTED_EDGE ( 'NONE', *, *, #145, .T. ) ;
#7478 = CIRCLE ( 'NONE', #6933, 16.01785065697083965 ) ;
#7479 = EDGE_LOOP ( 'NONE', ( #2038, #2827, #4304, #9857 ) ) ;
#7480 = CARTESIAN_POINT ( 'NONE',  ( 2.247361960254412150, -80.41022924428168039, -21.38222075041790404 ) ) ;
#7481 = CYLINDRICAL_SURFACE ( 'NONE', #9614, 21.50000000000000355 ) ;
#7482 = CARTESIAN_POINT ( 'NONE',  ( 0.000000000000000000, 51.20000000000000995, -7.383484513958806747E-15 ) ) ;
#7483 = FACE_OUTER_BOUND ( 'NONE', #7808, .T. ) ;
#7484 = VERTEX_POINT ( 'NONE', #1833 ) ;
#7485 = AXIS2_PLACEMENT_3D ( 'NONE', #5117, #7642, #2288 ) ;
#7486 = DIRECTION ( 'NONE',  ( 0.000000000000000000, 0.000000000000000000, 1.000000000000000000 ) ) ;
#7487 = AXIS2_PLACEMENT_3D ( 'NONE', #4012, #6528, #7596 ) ;
#7488 = CARTESIAN_POINT ( 'NONE',  ( -11.70973925282321915, -80.41022924428168039, -18.03141721082653604 ) ) ;
#7489 = EDGE_CURVE ( 'NONE', #1064, #5510, #9743, .T. ) ;
#7490 = CARTESIAN_POINT ( 'NONE',  ( 0.000000000000000000, 3.500000000000003109, -2.198739759379099683E-14 ) ) ;
#7491 = EDGE_LOOP ( 'NONE', ( #1822, #7676, #5278, #3987 ) ) ;
#7492 = CARTESIAN_POINT ( 'NONE',  ( 0.000000000000000000, 45.20000000000000995, -9.220454712679835547E-15 ) ) ;
#7493 = ORIENTED_EDGE ( 'NONE', *, *, #4573, .F. ) ;
#7494 = FACE_OUTER_BOUND ( 'NONE', #5201, .T. ) ;
#7496 = VERTEX_POINT ( 'NONE', #952 ) ;
#7495 = EDGE_CURVE ( 'NONE', #7299, #4013, #4671, .T. ) ;
#7497 = FACE_OUTER_BOUND ( 'NONE', #9480, .T. ) ;
#7498 = DIRECTION ( 'NONE',  ( 0.000000000000000000, -3.227392513445222318E-16, 1.000000000000000000 ) ) ;
#7499 = VERTEX_POINT ( 'NONE', #229 ) ;
#7500 = EDGE_CURVE ( 'NONE', #3636, #829, #6170, .T. ) ;
#7501 = AXIS2_PLACEMENT_3D ( 'NONE', #1252, #4031, #5966 ) ;
#7502 = DIRECTION ( 'NONE',  ( 0.000000000000000000, -3.384826294588890954E-16, 1.000000000000000000 ) ) ;
#7503 = CYLINDRICAL_SURFACE ( 'NONE', #506, 21.50000000000000355 ) ;
#7504 = AXIS2_PLACEMENT_3D ( 'NONE', #4751, #11182, #11120 ) ;
#7505 = ORIENTED_EDGE ( 'NONE', *, *, #4365, .T. ) ;
#7506 = VERTEX_POINT ( 'NONE', #2776 ) ;
#7507 = ADVANCED_FACE ( 'NONE', ( #10975 ), #4547, .F. ) ;
#7508 = CARTESIAN_POINT ( 'NONE',  ( -4.714331922580159429, -80.41022924428169460, 20.97677464539627579 ) ) ;
#7509 = CIRCLE ( 'NONE', #1510, 0.2500000000000002220 ) ;
#7510 = VERTEX_POINT ( 'NONE', #7199 ) ;
#7511 = DIRECTION ( 'NONE',  ( -0.000000000000000000, 1.000000000000000000, 3.061616997868383141E-16 ) ) ;
#7512 = CARTESIAN_POINT ( 'NONE',  ( -16.70863817132498141, 45.19999999999998863, -13.53038840757134409 ) ) ;
#7513 = DIRECTION ( 'NONE',  ( -3.697785493223493385E-32, 1.000000000000000000, 3.061616997868383141E-16 ) ) ;
#7514 = EDGE_LOOP ( 'NONE', ( #443, #4832 ) ) ;
#7515 = CARTESIAN_POINT ( 'NONE',  ( -21.23529932279541299, -80.41022924428168039, 3.363340998365159429 ) ) ;
#7516 = AXIS2_PLACEMENT_3D ( 'NONE', #2800, #9802, #4446 ) ;
#7517 = DIRECTION ( 'NONE',  ( 0.000000000000000000, 0.000000000000000000, -1.000000000000000000 ) ) ;
#7518 = AXIS2_PLACEMENT_3D ( 'NONE', #2393, #3220, #1404 ) ;
#7519 = EDGE_CURVE ( 'NONE', #1655, #7451, #1095, .T. ) ;
#7520 = ORIENTED_EDGE ( 'NONE', *, *, #4986, .F. ) ;
#7521 = LINE ( 'NONE', #4874, #876 ) ;
#7522 = LINE ( 'NONE', #7589, #11038 ) ;
#7523 = DIRECTION ( 'NONE',  ( -0.000000000000000000, 1.000000000000000000, 3.061616997868383141E-16 ) ) ;
#7524 = VERTEX_POINT ( 'NONE', #1779 ) ;
#7525 = ORIENTED_EDGE ( 'NONE', *, *, #6474, .F. ) ;
#7526 = AXIS2_PLACEMENT_3D ( 'NONE', #2618, #5329, #8971 ) ;
#7527 = AXIS2_PLACEMENT_3D ( 'NONE', #1245, #6434, #10202 ) ;
#7528 = AXIS2_PLACEMENT_3D ( 'NONE', #702, #2581, #7008 ) ;
#7529 = CARTESIAN_POINT ( 'NONE',  ( -2.247361960254701252, 51.19999999999999574, -21.13222075041783299 ) ) ;
#7530 = ORIENTED_EDGE ( 'NONE', *, *, #9184, .T. ) ;
#7531 = DIRECTION ( 'NONE',  ( 0.000000000000000000, 0.000000000000000000, -1.000000000000000000 ) ) ;
#7532 = VECTOR ( 'NONE', #6653, 1000.000000000000000 ) ;
#7533 = ADVANCED_FACE ( 'NONE', ( #5596 ), #2000, .T. ) ;
#7534 = DIRECTION ( 'NONE',  ( 0.000000000000000000, -3.227392513445222318E-16, 1.000000000000000000 ) ) ;
#7535 = CARTESIAN_POINT ( 'NONE',  ( 0.000000000000000000, 45.20000000000000995, -9.220454712679835547E-15 ) ) ;
#7536 = AXIS2_PLACEMENT_3D ( 'NONE', #1871, #2814, #6399 ) ;
#7537 = DIRECTION ( 'NONE',  ( 0.000000000000000000, 0.000000000000000000, 1.000000000000000000 ) ) ;
#7538 = DIRECTION ( 'NONE',  ( 0.000000000000000000, 0.000000000000000000, 1.000000000000000000 ) ) ;
#7539 = ORIENTED_EDGE ( 'NONE', *, *, #11655, .F. ) ;
#7540 = ORIENTED_EDGE ( 'NONE', *, *, #7362, .F. ) ;
#7541 = ORIENTED_EDGE ( 'NONE', *, *, #9574, .T. ) ;
#7542 = CARTESIAN_POINT ( 'NONE',  ( 0.000000000000000000, 45.20000000000000995, -9.220454712679835547E-15 ) ) ;
#7543 = DIRECTION ( 'NONE',  ( 0.000000000000000000, 0.000000000000000000, -1.000000000000000000 ) ) ;
#7544 = CARTESIAN_POINT ( 'NONE',  ( -8.744837826129849390, 45.19999999999998863, -19.64122733931582943 ) ) ;
#7545 = CARTESIAN_POINT ( 'NONE',  ( 0.000000000000000000, 51.20000000000000995, -7.383484513958806747E-15 ) ) ;
#7546 = EDGE_LOOP ( 'NONE', ( #4692, #936, #11025, #7744 ) ) ;
#7547 = CARTESIAN_POINT ( 'NONE',  ( 10.96577594754921670, -80.41022924428168039, -18.49328953615747295 ) ) ;
#7548 = AXIS2_PLACEMENT_3D ( 'NONE', #2645, #6230, #2533 ) ;
#7549 = DIRECTION ( 'NONE',  ( 0.000000000000000000, 0.000000000000000000, 1.000000000000000000 ) ) ;
#7550 = AXIS2_PLACEMENT_3D ( 'NONE', #2870, #6452, #3519 ) ;
#7551 = CYLINDRICAL_SURFACE ( 'NONE', #9923, 0.2500000000000002220 ) ;
#7552 = AXIS2_PLACEMENT_3D ( 'NONE', #2374, #9564, #1501 ) ;
#7553 = CIRCLE ( 'NONE', #11537, 21.50000000000000000 ) ;
#7554 = CIRCLE ( 'NONE', #2838, 0.2500000000000002220 ) ;
#7555 = ORIENTED_EDGE ( 'NONE', *, *, #1638, .T. ) ;
#7556 = CARTESIAN_POINT ( 'NONE',  ( 0.000000000000000000, 45.20000000000000995, -9.220454712679835547E-15 ) ) ;
#7557 = CARTESIAN_POINT ( 'NONE',  ( -18.49328953615734150, 51.20000000000000995, 10.96577594754940854 ) ) ;
#7558 = EDGE_CURVE ( 'NONE', #321, #8343, #10797, .T. ) ;
#7559 = EDGE_CURVE ( 'NONE', #5384, #7121, #8067, .T. ) ;
#7560 = AXIS2_PLACEMENT_3D ( 'NONE', #8151, #1061, #11024 ) ;
#7561 = CYLINDRICAL_SURFACE ( 'NONE', #1449, 21.50000000000000355 ) ;
#7562 = VERTEX_POINT ( 'NONE', #9088 ) ;
#7563 = DIRECTION ( 'NONE',  ( -0.000000000000000000, 1.000000000000000000, 3.061616997868383141E-16 ) ) ;
#7564 = EDGE_CURVE ( 'NONE', #9989, #1872, #9566, .T. ) ;
#7565 = ORIENTED_EDGE ( 'NONE', *, *, #3188, .F. ) ;
#7566 = CARTESIAN_POINT ( 'NONE',  ( 0.000000000000000000, 8.699999999999999289, -2.039535675489943990E-14 ) ) ;
#7567 = CIRCLE ( 'NONE', #2496, 21.50000000000000000 ) ;
#7568 = VERTEX_POINT ( 'NONE', #8312 ) ;
#7569 = EDGE_CURVE ( 'NONE', #5573, #2417, #893, .T. ) ;
#7570 = CIRCLE ( 'NONE', #1934, 0.2500000000000002220 ) ;
#7571 = CARTESIAN_POINT ( 'NONE',  ( -8.515864134734449920, -80.41022924428169460, 19.74158195380354996 ) ) ;
#7572 = CARTESIAN_POINT ( 'NONE',  ( 0.000000000000000000, 45.20000000000000995, -9.220454712679835547E-15 ) ) ;
#7573 = VECTOR ( 'NONE', #11565, 1000.000000000000000 ) ;
#7574 = VERTEX_POINT ( 'NONE', #4489 ) ;
#7575 = VERTEX_POINT ( 'NONE', #8086 ) ;
#7576 = CARTESIAN_POINT ( 'NONE',  ( 9.982883740771420378, 45.19999999999998863, -19.04184949573550867 ) ) ;
#7577 = ORIENTED_EDGE ( 'NONE', *, *, #3875, .F. ) ;
#7578 = ADVANCED_FACE ( 'NONE', ( #166 ), #7365, .T. ) ;
#7579 = ADVANCED_FACE ( 'NONE', ( #9891 ), #5544, .T. ) ;
#7580 = CIRCLE ( 'NONE', #7023, 21.50000000000001066 ) ;
#7581 = CYLINDRICAL_SURFACE ( 'NONE', #6012, 0.2500000000000002220 ) ;
#7582 = DIRECTION ( 'NONE',  ( -0.000000000000000000, 1.000000000000000000, 3.061616997868383141E-16 ) ) ;
#7583 = ORIENTED_EDGE ( 'NONE', *, *, #9706, .F. ) ;
#7584 = CARTESIAN_POINT ( 'NONE',  ( 0.000000000000000000, 87.50000000000001421, 20.50000000000000711 ) ) ;
#7585 = CYLINDRICAL_SURFACE ( 'NONE', #5147, 0.2500000000000002220 ) ;
#7586 = ORIENTED_EDGE ( 'NONE', *, *, #10404, .T. ) ;
#7587 = ADVANCED_FACE ( 'NONE', ( #9136 ), #1059, .T. ) ;
#7588 = DIRECTION ( 'NONE',  ( 2.465190328815661892E-32, 1.000000000000000000, 3.061616997868383141E-16 ) ) ;
#7589 = CARTESIAN_POINT ( 'NONE',  ( -4.470101352581976606, -80.41022924428168039, -20.78017341577680099 ) ) ;
#7590 = DIRECTION ( 'NONE',  ( 0.000000000000000000, 0.000000000000000000, 1.000000000000000000 ) ) ;
#7591 = ORIENTED_EDGE ( 'NONE', *, *, #5270, .T. ) ;
#7592 = ORIENTED_EDGE ( 'NONE', *, *, #11475, .T. ) ;
#7593 = CARTESIAN_POINT ( 'NONE',  ( 21.38222075041787562, 51.19999999999999574, 2.247361960254497859 ) ) ;
#7594 = ORIENTED_EDGE ( 'NONE', *, *, #387, .T. ) ;
#7595 = CARTESIAN_POINT ( 'NONE',  ( 18.16635567040243160, 51.19999999999999574, -11.49928352796110254 ) ) ;
#7596 = DIRECTION ( 'NONE',  ( 0.000000000000000000, 0.000000000000000000, 1.000000000000000000 ) ) ;
#7597 = EDGE_CURVE ( 'NONE', #10576, #10766, #5426, .T. ) ;
#7598 = ORIENTED_EDGE ( 'NONE', *, *, #9816, .T. ) ;
#7599 = DIRECTION ( 'NONE',  ( 0.000000000000000000, -3.227392513445220839E-16, 1.000000000000000000 ) ) ;
#7600 = CARTESIAN_POINT ( 'NONE',  ( 0.000000000000000000, 87.50000000000001421, 3.730185188303422936E-15 ) ) ;
#7601 = DIRECTION ( 'NONE',  ( 0.000000000000000000, 0.000000000000000000, 1.000000000000000000 ) ) ;
#7602 = VERTEX_POINT ( 'NONE', #9479 ) ;
#7603 = ORIENTED_EDGE ( 'NONE', *, *, #1329, .T. ) ;
#7604 = LINE ( 'NONE', #5830, #9256 ) ;
#7605 = DIRECTION ( 'NONE',  ( 0.000000000000000000, -1.000000000000000000, -3.061616997868383141E-16 ) ) ;
#7606 = CYLINDRICAL_SURFACE ( 'NONE', #8795, 21.50000000000000355 ) ;
#7607 = CARTESIAN_POINT ( 'NONE',  ( 0.000000000000000000, 9.199999999999999289, -2.024227590500601781E-14 ) ) ;
#7608 = EDGE_LOOP ( 'NONE', ( #9060, #7025, #6758, #6217 ) ) ;
#7609 = LINE ( 'NONE', #11211, #8303 ) ;
#7610 = CARTESIAN_POINT ( 'NONE',  ( -15.80925377108406416, 45.20000000000000284, 14.57111852952490771 ) ) ;
#7611 = EDGE_CURVE ( 'NONE', #10067, #9880, #10245, .T. ) ;
#7612 = DIRECTION ( 'NONE',  ( 1.003171929053522775E-16, 0.5735764363510486019, -0.8191520442889900222 ) ) ;
#7613 = DIRECTION ( 'NONE',  ( 9.860761315262647568E-32, 1.000000000000000000, 3.061616997868382155E-16 ) ) ;
#7614 = EDGE_CURVE ( 'NONE', #5296, #5916, #1233, .T. ) ;
#7615 = ORIENTED_EDGE ( 'NONE', *, *, #9365, .T. ) ;
#7616 = DIRECTION ( 'NONE',  ( 0.000000000000000000, 0.000000000000000000, 1.000000000000000000 ) ) ;
#7617 = CARTESIAN_POINT ( 'NONE',  ( 1.885956070686925778E-15, 75.00000000000000000, -15.40000000000001457 ) ) ;
#7618 = FACE_OUTER_BOUND ( 'NONE', #3497, .T. ) ;
#7619 = VERTEX_POINT ( 'NONE', #8361 ) ;
#7620 = DIRECTION ( 'NONE',  ( -6.162975822039154730E-33, 1.000000000000000000, 3.061616997868383141E-16 ) ) ;
#7621 = ORIENTED_EDGE ( 'NONE', *, *, #338, .T. ) ;
#7622 = DIRECTION ( 'NONE',  ( 0.000000000000000000, -3.248981738798774652E-16, 1.000000000000000000 ) ) ;
#7623 = ORIENTED_EDGE ( 'NONE', *, *, #5220, .F. ) ;
#7624 = CYLINDRICAL_SURFACE ( 'NONE', #302, 21.50000000000000355 ) ;
#7625 = ADVANCED_FACE ( 'NONE', ( #2997 ), #5707, .T. ) ;
#7626 = EDGE_CURVE ( 'NONE', #10002, #2274, #8789, .T. ) ;
#7627 = CYLINDRICAL_SURFACE ( 'NONE', #4846, 0.2500000000000002220 ) ;
#7628 = ORIENTED_EDGE ( 'NONE', *, *, #7210, .F. ) ;
#7629 = EDGE_LOOP ( 'NONE', ( #5294, #8733, #8356, #5149 ) ) ;
#7630 = CARTESIAN_POINT ( 'NONE',  ( 7.937781193549927394, 51.19999999999999574, -19.98103174821874006 ) ) ;
#7631 = EDGE_LOOP ( 'NONE', ( #6135, #1964, #9827, #8027 ) ) ;
#7632 = DIRECTION ( 'NONE',  ( 0.000000000000000000, 0.000000000000000000, 1.000000000000000000 ) ) ;
#7633 = CARTESIAN_POINT ( 'NONE',  ( 6.643865379061240972, 45.19999999999998863, -20.44771510034581752 ) ) ;
#7634 = VERTEX_POINT ( 'NONE', #11261 ) ;
#7635 = DIRECTION ( 'NONE',  ( 0.000000000000000000, 0.000000000000000000, 1.000000000000000000 ) ) ;
#7636 = FACE_OUTER_BOUND ( 'NONE', #10437, .T. ) ;
#7637 = EDGE_CURVE ( 'NONE', #6427, #11235, #8417, .T. ) ;
#7638 = EDGE_CURVE ( 'NONE', #9452, #6809, #3343, .T. ) ;
#7639 = ORIENTED_EDGE ( 'NONE', *, *, #11318, .F. ) ;
#7640 = DIRECTION ( 'NONE',  ( -0.000000000000000000, 1.000000000000000000, 3.061616997868383141E-16 ) ) ;
#7641 = CIRCLE ( 'NONE', #1814, 0.2500000000000002220 ) ;
#7642 = DIRECTION ( 'NONE',  ( -0.000000000000000000, 1.000000000000000000, 3.061616997868383141E-16 ) ) ;
#7643 = CARTESIAN_POINT ( 'NONE',  ( 0.000000000000000000, 51.20000000000000995, -7.383484513958806747E-15 ) ) ;
#7644 = EDGE_LOOP ( 'NONE', ( #4087, #10230, #7038, #7177 ) ) ;
#7645 = VERTEX_POINT ( 'NONE', #8545 ) ;
#7646 = EDGE_CURVE ( 'NONE', #9007, #2539, #2402, .T. ) ;
#7647 = DIRECTION ( 'NONE',  ( 0.000000000000000000, 0.000000000000000000, -1.000000000000000000 ) ) ;
#7648 = ORIENTED_EDGE ( 'NONE', *, *, #6384, .T. ) ;
#7649 = DIRECTION ( 'NONE',  ( 2.465190328815661892E-32, 1.000000000000000000, 3.061616997868381169E-16 ) ) ;
#7650 = CIRCLE ( 'NONE', #7080, 0.2500000000000002220 ) ;
#7651 = CIRCLE ( 'NONE', #5581, 21.50000000000000000 ) ;
#7652 = CARTESIAN_POINT ( 'NONE',  ( 0.000000000000000000, 78.75000000000000000, 1.051270315168586837E-15 ) ) ;
#7653 = VECTOR ( 'NONE', #11326, 1000.000000000000000 ) ;
#7654 = ORIENTED_EDGE ( 'NONE', *, *, #5720, .T. ) ;
#7655 = CARTESIAN_POINT ( 'NONE',  ( 0.000000000000000000, 45.19999999999998863, -21.49999999999997513 ) ) ;
#7656 = CARTESIAN_POINT ( 'NONE',  ( 4.225266388133175788, -80.41022924428169460, 21.08072873382963763 ) ) ;
#7657 = CARTESIAN_POINT ( 'NONE',  ( 21.45599973288054940, 51.19999999999999574, 1.374800153705888706 ) ) ;
#7659 = ORIENTED_EDGE ( 'NONE', *, *, #11456, .F. ) ;
#7658 = AXIS2_PLACEMENT_3D ( 'NONE', #1551, #414, #4246 ) ;
#7660 = VERTEX_POINT ( 'NONE', #5003 ) ;
#7661 = ORIENTED_EDGE ( 'NONE', *, *, #8150, .T. ) ;
#7662 = CARTESIAN_POINT ( 'NONE',  ( -18.49328953615759019, 51.19999999999999574, -10.96577594754900353 ) ) ;
#7663 = FACE_OUTER_BOUND ( 'NONE', #5933, .T. ) ;
#7664 = CYLINDRICAL_SURFACE ( 'NONE', #9167, 20.50000000000000711 ) ;
#7665 = LINE ( 'NONE', #4899, #9218 ) ;
#7666 = CIRCLE ( 'NONE', #2209, 0.2500000000000002220 ) ;
#7667 = ORIENTED_EDGE ( 'NONE', *, *, #6542, .T. ) ;
#7668 = CARTESIAN_POINT ( 'NONE',  ( 2.247361960254553370, -80.41022924428169460, 21.38222075041784009 ) ) ;
#7669 = CARTESIAN_POINT ( 'NONE',  ( 21.08072873382967316, 45.19999999999998863, 4.225266388133117168 ) ) ;
#7670 = AXIS2_PLACEMENT_3D ( 'NONE', #7151, #7866, #8698 ) ;
#7671 = DIRECTION ( 'NONE',  ( 0.000000000000000000, 0.000000000000000000, 1.000000000000000000 ) ) ;
#7672 = AXIS2_PLACEMENT_3D ( 'NONE', #8484, #7716, #464 ) ;
#7673 = AXIS2_PLACEMENT_3D ( 'NONE', #9451, #6977, #11289 ) ;
#7674 = EDGE_CURVE ( 'NONE', #1350, #11319, #10283, .T. ) ;
#7675 = DIRECTION ( 'NONE',  ( -0.000000000000000000, 1.000000000000000000, 3.061616997868383141E-16 ) ) ;
#7676 = ORIENTED_EDGE ( 'NONE', *, *, #11238, .T. ) ;
#7677 = DIRECTION ( 'NONE',  ( -0.000000000000000000, 1.000000000000000000, 3.061616997868383141E-16 ) ) ;
#7678 = CARTESIAN_POINT ( 'NONE',  ( -14.19955239679448589, 45.20000000000000284, 16.14381341971864359 ) ) ;
#7679 = AXIS2_PLACEMENT_3D ( 'NONE', #2895, #9952, #6473 ) ;
#7680 = CARTESIAN_POINT ( 'NONE',  ( 15.20279579551068316, -80.41022924428168039, -15.20279579551086790 ) ) ;
#7681 = ORIENTED_EDGE ( 'NONE', *, *, #9364, .T. ) ;
#7682 = CARTESIAN_POINT ( 'NONE',  ( 0.000000000000000000, 45.20000000000000995, -9.220454712679835547E-15 ) ) ;
#7683 = EDGE_LOOP ( 'NONE', ( #11661, #11075, #7081, #5179 ) ) ;
#7684 = DIRECTION ( 'NONE',  ( -7.395570986446986770E-32, 1.000000000000000000, 3.061616997868381662E-16 ) ) ;
#7685 = ORIENTED_EDGE ( 'NONE', *, *, #3030, .T. ) ;
#7686 = AXIS2_PLACEMENT_3D ( 'NONE', #8694, #623, #10454 ) ;
#7687 = ADVANCED_FACE ( 'NONE', ( #3178 ), #6765, .F. ) ;
#7688 = DIRECTION ( 'NONE',  ( -0.000000000000000000, 1.000000000000000000, 3.061616997868383141E-16 ) ) ;
#7689 = ADVANCED_FACE ( 'NONE', ( #274 ), #5819, .T. ) ;
#7690 = CARTESIAN_POINT ( 'NONE',  ( -13.72375690439562490, 45.20000000000000284, 16.55018116000709227 ) ) ;
#7691 = VERTEX_POINT ( 'NONE', #4772 ) ;
#7692 = ORIENTED_EDGE ( 'NONE', *, *, #7638, .F. ) ;
#7693 = FACE_OUTER_BOUND ( 'NONE', #28, .T. ) ;
#7694 = ORIENTED_EDGE ( 'NONE', *, *, #4426, .F. ) ;
#7695 = CARTESIAN_POINT ( 'NONE',  ( 1.374800153705799444, 51.19999999999999574, -21.45599973288056006 ) ) ;
#7696 = FACE_OUTER_BOUND ( 'NONE', #7479, .T. ) ;
#7697 = EDGE_CURVE ( 'NONE', #4295, #367, #8980, .T. ) ;
#7698 = ORIENTED_EDGE ( 'NONE', *, *, #843, .T. ) ;
#7699 = LINE ( 'NONE', #1409, #216 ) ;
#7700 = FACE_OUTER_BOUND ( 'NONE', #10614, .T. ) ;
#7701 = ORIENTED_EDGE ( 'NONE', *, *, #4081, .F. ) ;
#7702 = DIRECTION ( 'NONE',  ( -0.000000000000000000, 1.000000000000000000, 3.061616997868383141E-16 ) ) ;
#7703 = CARTESIAN_POINT ( 'NONE',  ( -4.714331922580580425, -80.41022924428168039, -20.97677464539622960 ) ) ;
#7704 = DIRECTION ( 'NONE',  ( -0.000000000000000000, 1.000000000000000000, 3.061616997868383141E-16 ) ) ;
#7705 = VERTEX_POINT ( 'NONE', #8482 ) ;
#7706 = VERTEX_POINT ( 'NONE', #6644 ) ;
#7707 = EDGE_CURVE ( 'NONE', #4839, #7268, #9719, .T. ) ;
#7708 = EDGE_CURVE ( 'NONE', #10213, #7171, #11197, .T. ) ;
#7709 = DIRECTION ( 'NONE',  ( 0.000000000000000000, 0.000000000000000000, 1.000000000000000000 ) ) ;
#7710 = EDGE_LOOP ( 'NONE', ( #4047, #6459, #8489, #9279 ) ) ;
#7711 = AXIS2_PLACEMENT_3D ( 'NONE', #8642, #11367, #3280 ) ;
#7712 = DIRECTION ( 'NONE',  ( 0.000000000000000000, -3.227392513445222318E-16, 1.000000000000000000 ) ) ;
#7713 = CIRCLE ( 'NONE', #5818, 16.01785065697083965 ) ;
#7714 = DIRECTION ( 'NONE',  ( 0.000000000000000000, 0.000000000000000000, 1.000000000000000000 ) ) ;
#7715 = VERTEX_POINT ( 'NONE', #6698 ) ;
#7716 = DIRECTION ( 'NONE',  ( -0.000000000000000000, 1.000000000000000000, 3.061616997868383141E-16 ) ) ;
#7717 = DIRECTION ( 'NONE',  ( -0.000000000000000000, 1.000000000000000000, 3.061616997868383141E-16 ) ) ;
#7718 = DIRECTION ( 'NONE',  ( -0.000000000000000000, 1.000000000000000000, 3.061616997868383141E-16 ) ) ;
#7719 = CIRCLE ( 'NONE', #3952, 21.50000000000001066 ) ;
#7720 = CIRCLE ( 'NONE', #5467, 0.2500000000000002220 ) ;
#7721 = CIRCLE ( 'NONE', #5646, 21.50000000000001066 ) ;
#7722 = VERTEX_POINT ( 'NONE', #10305 ) ;
#7723 = CARTESIAN_POINT ( 'NONE',  ( -13.33519049100542375, 45.20000000000000284, 16.86483603740631310 ) ) ;
#7724 = DIRECTION ( 'NONE',  ( 0.000000000000000000, 1.000000000000000000, 3.061616997868382648E-16 ) ) ;
#7725 = EDGE_CURVE ( 'NONE', #10623, #5662, #6146, .T. ) ;
#7726 = DIRECTION ( 'NONE',  ( 1.232595164407830946E-32, 1.000000000000000000, 3.061616997868381662E-16 ) ) ;
#7727 = VECTOR ( 'NONE', #4409, 1000.000000000000000 ) ;
#7728 = DIRECTION ( 'NONE',  ( 4.930380657631323784E-32, 1.000000000000000000, 3.061616997868382155E-16 ) ) ;
#7729 = ORIENTED_EDGE ( 'NONE', *, *, #2648, .F. ) ;
#7730 = CARTESIAN_POINT ( 'NONE',  ( 20.44771510034576067, -80.41022924428168039, -6.643865379061475451 ) ) ;
#7731 = EDGE_CURVE ( 'NONE', #7715, #758, #11236, .T. ) ;
#7732 = DIRECTION ( 'NONE',  ( 4.930380657631323784E-32, 1.000000000000000000, 3.061616997868383141E-16 ) ) ;
#7733 = VECTOR ( 'NONE', #6446, 1000.000000000000000 ) ;
#7734 = CIRCLE ( 'NONE', #1346, 0.2500000000000002220 ) ;
#7735 = AXIS2_PLACEMENT_3D ( 'NONE', #1447, #7806, #4803 ) ;
#7736 = DIRECTION ( 'NONE',  ( -0.000000000000000000, 1.000000000000000000, 3.061616997868383141E-16 ) ) ;
#7737 = EDGE_CURVE ( 'NONE', #7400, #11675, #3525, .T. ) ;
#7738 = CARTESIAN_POINT ( 'NONE',  ( 0.000000000000000000, 51.20000000000000995, -7.383484513958806747E-15 ) ) ;
#7739 = ORIENTED_EDGE ( 'NONE', *, *, #2452, .T. ) ;
#7740 = DIRECTION ( 'NONE',  ( -0.000000000000000000, 1.000000000000000000, 3.061616997868383141E-16 ) ) ;
#7741 = CARTESIAN_POINT ( 'NONE',  ( 15.80925377108438568, 45.20000000000000284, 14.57111852952457376 ) ) ;
#7742 = CARTESIAN_POINT ( 'NONE',  ( -5.322755903978362291, 45.20000000000000284, 20.83070497094765727 ) ) ;
#7744 = ORIENTED_EDGE ( 'NONE', *, *, #3524, .T. ) ;
#7743 = CIRCLE ( 'NONE', #6986, 21.50000000000000000 ) ;
#7745 = DIRECTION ( 'NONE',  ( 0.000000000000000000, 0.000000000000000000, 1.000000000000000000 ) ) ;
#7746 = ORIENTED_EDGE ( 'NONE', *, *, #7731, .T. ) ;
#7747 = CARTESIAN_POINT ( 'NONE',  ( -20.07197916968989659, 51.19999999999999574, -7.454910915223749157 ) ) ;
#7748 = DIRECTION ( 'NONE',  ( 0.000000000000000000, 0.000000000000000000, -1.000000000000000000 ) ) ;
#7749 = VERTEX_POINT ( 'NONE', #10487 ) ;
#7750 = AXIS2_PLACEMENT_3D ( 'NONE', #7203, #847, #1841 ) ;
#7751 = CARTESIAN_POINT ( 'NONE',  ( 16.86483603740605375, 51.20000000000000995, 13.33519049100573461 ) ) ;
#7752 = CARTESIAN_POINT ( 'NONE',  ( -6.405656115871864564, 45.19999999999998863, -20.52358569366460017 ) ) ;
#7753 = AXIS2_PLACEMENT_3D ( 'NONE', #1481, #8726, #399 ) ;
#7754 = ORIENTED_EDGE ( 'NONE', *, *, #10444, .F. ) ;
#7755 = EDGE_CURVE ( 'NONE', #1807, #2262, #891, .T. ) ;
#7756 = ORIENTED_EDGE ( 'NONE', *, *, #637, .F. ) ;
#7757 = DIRECTION ( 'NONE',  ( -0.000000000000000000, 1.000000000000000000, 3.061616997868383141E-16 ) ) ;
#7758 = ORIENTED_EDGE ( 'NONE', *, *, #9671, .T. ) ;
#7759 = DIRECTION ( 'NONE',  ( -0.000000000000000000, 1.000000000000000000, 3.061616997868383141E-16 ) ) ;
#7760 = CYLINDRICAL_SURFACE ( 'NONE', #9921, 21.50000000000000355 ) ;
#7761 = EDGE_CURVE ( 'NONE', #11562, #7462, #1070, .T. ) ;
#7762 = ORIENTED_EDGE ( 'NONE', *, *, #6930, .T. ) ;
#7763 = DIRECTION ( 'NONE',  ( 4.930380657631323784E-32, 1.000000000000000000, 3.061616997868382155E-16 ) ) ;
#7764 = AXIS2_PLACEMENT_3D ( 'NONE', #6533, #6300, #5489 ) ;
#7765 = ORIENTED_EDGE ( 'NONE', *, *, #8829, .F. ) ;
#7766 = CARTESIAN_POINT ( 'NONE',  ( 15.20279579551078974, -80.41022924428169460, 15.20279579551071336 ) ) ;
#7767 = CIRCLE ( 'NONE', #2692, 21.50000000000001066 ) ;
#7768 = CARTESIAN_POINT ( 'NONE',  ( 7.704910915223833534, 45.19999999999998863, -20.07197916968985751 ) ) ;
#7769 = CARTESIAN_POINT ( 'NONE',  ( -4.470101352581976606, 51.19999999999999574, -21.03017341577675836 ) ) ;
#7770 = AXIS2_PLACEMENT_3D ( 'NONE', #1236, #8669, #595 ) ;
#7771 = ADVANCED_FACE ( 'NONE', ( #4125 ), #3243, .T. ) ;
#7772 = VERTEX_POINT ( 'NONE', #4453 ) ;
#7773 = ORIENTED_EDGE ( 'NONE', *, *, #10666, .T. ) ;
#7774 = DIRECTION ( 'NONE',  ( -0.000000000000000000, 1.000000000000000000, 3.061616997868383141E-16 ) ) ;
#7775 = ADVANCED_FACE ( 'NONE', ( #3299 ), #9922, .F. ) ;
#7776 = EDGE_LOOP ( 'NONE', ( #11084, #1419, #3300, #6605 ) ) ;
#7777 = CARTESIAN_POINT ( 'NONE',  ( 0.000000000000000000, 75.00000000000000000, 15.40000000000001279 ) ) ;
#7778 = CIRCLE ( 'NONE', #6832, 0.2500000000000002220 ) ;
#7779 = CARTESIAN_POINT ( 'NONE',  ( -1.374800153706089656, 51.19999999999999574, -21.45599973288054585 ) ) ;
#7780 = ORIENTED_EDGE ( 'NONE', *, *, #9868, .F. ) ;
#7781 = EDGE_CURVE ( 'NONE', #4051, #4044, #7105, .T. ) ;
#7782 = DIRECTION ( 'NONE',  ( -4.930380657631323784E-32, 1.000000000000000000, 3.061616997868382648E-16 ) ) ;
#7783 = CARTESIAN_POINT ( 'NONE',  ( 0.000000000000000000, 51.20000000000000995, -7.383484513958806747E-15 ) ) ;
#7784 = CARTESIAN_POINT ( 'NONE',  ( -8.744837826129849390, 45.19999999999998863, -19.64122733931582943 ) ) ;
#7785 = ORIENTED_EDGE ( 'NONE', *, *, #3837, .T. ) ;
#7786 = DIRECTION ( 'NONE',  ( 1.848892746611746693E-32, 1.000000000000000000, 3.061616997868380676E-16 ) ) ;
#7787 = EDGE_CURVE ( 'NONE', #6535, #3527, #10764, .T. ) ;
#7788 = LINE ( 'NONE', #5190, #746 ) ;
#7789 = CARTESIAN_POINT ( 'NONE',  ( 6.405656115871410705, -80.41022924428168039, -20.52358569366473162 ) ) ;
#7790 = DIRECTION ( 'NONE',  ( 0.000000000000000000, 0.000000000000000000, -1.000000000000000000 ) ) ;
#7791 = ORIENTED_EDGE ( 'NONE', *, *, #5659, .F. ) ;
#7792 = CARTESIAN_POINT ( 'NONE',  ( -15.20279579551089455, -80.41022924428168039, -15.20279579551065297 ) ) ;
#7793 = CARTESIAN_POINT ( 'NONE',  ( 0.000000000000000000, 45.20000000000000995, -9.220454712679835547E-15 ) ) ;
#7794 = CARTESIAN_POINT ( 'NONE',  ( 20.07197916968979001, 51.19999999999999574, -7.704910915224020052 ) ) ;
#7795 = EDGE_CURVE ( 'NONE', #5855, #4948, #7996, .T. ) ;
#7796 = EDGE_CURVE ( 'NONE', #11306, #10222, #2356, .T. ) ;
#7797 = DIRECTION ( 'NONE',  ( 0.000000000000000000, 0.000000000000000000, 1.000000000000000000 ) ) ;
#7798 = ORIENTED_EDGE ( 'NONE', *, *, #4771, .F. ) ;
#7799 = CARTESIAN_POINT ( 'NONE',  ( -1.125223059223438904, -80.41022924428168039, -21.47053499722334990 ) ) ;
#7800 = LINE ( 'NONE', #10263, #9022 ) ;
#7801 = CARTESIAN_POINT ( 'NONE',  ( 0.000000000000000000, 87.50000000000001421, 3.730185188303422936E-15 ) ) ;
#7802 = ORIENTED_EDGE ( 'NONE', *, *, #5167, .F. ) ;
#7803 = CYLINDRICAL_SURFACE ( 'NONE', #403, 0.2500000000000002220 ) ;
#7804 = ORIENTED_EDGE ( 'NONE', *, *, #2865, .F. ) ;
#7805 = FACE_OUTER_BOUND ( 'NONE', #3183, .T. ) ;
#7806 = DIRECTION ( 'NONE',  ( -0.000000000000000000, 1.000000000000000000, 3.061616997868383141E-16 ) ) ;
#7807 = EDGE_CURVE ( 'NONE', #4320, #254, #5213, .T. ) ;
#7808 = EDGE_LOOP ( 'NONE', ( #10042, #7119, #4589, #5216 ) ) ;
#7809 = CARTESIAN_POINT ( 'NONE',  ( 0.000000000000000000, 51.20000000000000995, -7.383484513958806747E-15 ) ) ;
#7810 = DIRECTION ( 'NONE',  ( 2.465190328815661892E-32, 1.000000000000000000, 3.061616997868383141E-16 ) ) ;
#7811 = ORIENTED_EDGE ( 'NONE', *, *, #599, .T. ) ;
#7812 = CARTESIAN_POINT ( 'NONE',  ( -19.74158195380354286, -80.41022924428168039, -8.515864134734544066 ) ) ;
#7813 = VERTEX_POINT ( 'NONE', #3643 ) ;
#7814 = CARTESIAN_POINT ( 'NONE',  ( -11.70973925282321915, 45.19999999999998863, -17.78141721082650051 ) ) ;
#7815 = DIRECTION ( 'NONE',  ( -0.000000000000000000, 1.000000000000000000, 3.061616997868383141E-16 ) ) ;
#7816 = EDGE_CURVE ( 'NONE', #11223, #3409, #2696, .T. ) ;
#7817 = VERTEX_POINT ( 'NONE', #6272 ) ;
#7818 = DIRECTION ( 'NONE',  ( -6.162975822039154730E-33, 1.000000000000000000, 3.061616997868381662E-16 ) ) ;
#7819 = ORIENTED_EDGE ( 'NONE', *, *, #3868, .F. ) ;
#7820 = CARTESIAN_POINT ( 'NONE',  ( -1.125223059223438904, 45.19999999999998863, -21.22053499722331082 ) ) ;
#7821 = EDGE_CURVE ( 'NONE', #10634, #5050, #2578, .T. ) ;
#7822 = CARTESIAN_POINT ( 'NONE',  ( 18.61954618136537576, -80.41022924428168039, -10.75000000000010658 ) ) ;
#7823 = DIRECTION ( 'NONE',  ( -0.000000000000000000, 1.000000000000000000, 3.061616997868383141E-16 ) ) ;
#7824 = ORIENTED_EDGE ( 'NONE', *, *, #5269, .T. ) ;
#7825 = VERTEX_POINT ( 'NONE', #9599 ) ;
#7826 = FACE_OUTER_BOUND ( 'NONE', #646, .T. ) ;
#7827 = VERTEX_POINT ( 'NONE', #2744 ) ;
#7828 = DIRECTION ( 'NONE',  ( 0.000000000000000000, 0.000000000000000000, 1.000000000000000000 ) ) ;
#7829 = ORIENTED_EDGE ( 'NONE', *, *, #11039, .T. ) ;
#7830 = CARTESIAN_POINT ( 'NONE',  ( 21.47053499722332504, 45.19999999999998863, -1.125223059223354527 ) ) ;
#7831 = DIRECTION ( 'NONE',  ( 0.000000000000000000, -2.843808977011157336E-16, 1.000000000000000000 ) ) ;
#7832 = DIRECTION ( 'NONE',  ( -0.000000000000000000, 1.000000000000000000, 3.061616997868383141E-16 ) ) ;
#7833 = ORIENTED_EDGE ( 'NONE', *, *, #10044, .F. ) ;
#7834 = LINE ( 'NONE', #720, #6759 ) ;
#7835 = DIRECTION ( 'NONE',  ( -7.395570986446986770E-32, 1.000000000000000000, 3.061616997868382648E-16 ) ) ;
#7836 = AXIS2_PLACEMENT_3D ( 'NONE', #4851, #9157, #1087 ) ;
#7837 = CARTESIAN_POINT ( 'NONE',  ( 0.000000000000000000, 51.19999999999999574, -21.49999999999997158 ) ) ;
#7838 = CARTESIAN_POINT ( 'NONE',  ( 17.24574565275879579, -80.41022924428169460, 12.83877941551882529 ) ) ;
#7839 = VERTEX_POINT ( 'NONE', #1483 ) ;
#7840 = VECTOR ( 'NONE', #5697, 999.9999999999998863 ) ;
#7841 = CARTESIAN_POINT ( 'NONE',  ( 0.000000000000000000, 75.00000000000000000, -9.683605903205802417E-17 ) ) ;
#7842 = EDGE_CURVE ( 'NONE', #683, #177, #4283, .T. ) ;
#7843 = VECTOR ( 'NONE', #3489, 1000.000000000000000 ) ;
#7844 = DIRECTION ( 'NONE',  ( 0.000000000000000000, 0.000000000000000000, -1.000000000000000000 ) ) ;
#7845 = CARTESIAN_POINT ( 'NONE',  ( 15.80925377108416718, 45.19999999999998863, -14.57111852952476916 ) ) ;
#7846 = VECTOR ( 'NONE', #9310, 1000.000000000000000 ) ;
#7847 = CARTESIAN_POINT ( 'NONE',  ( -9.760795744400400764, -80.41022924428168039, -18.90664027004984504 ) ) ;
#7848 = CIRCLE ( 'NONE', #9724, 0.2500000000000002220 ) ;
#7849 = AXIS2_PLACEMENT_3D ( 'NONE', #7066, #655, #10492 ) ;
#7850 = DIRECTION ( 'NONE',  ( 0.000000000000000000, 0.000000000000000000, 1.000000000000000000 ) ) ;
#7851 = VECTOR ( 'NONE', #11118, 1000.000000000000000 ) ;
#7852 = AXIS2_PLACEMENT_3D ( 'NONE', #461, #1185, #4060 ) ;
#7853 = ORIENTED_EDGE ( 'NONE', *, *, #5802, .T. ) ;
#7854 = DIRECTION ( 'NONE',  ( -0.000000000000000000, 1.000000000000000000, 3.061616997868383141E-16 ) ) ;
#7855 = CARTESIAN_POINT ( 'NONE',  ( 20.76740526521493635, 51.19999999999999574, -5.564609469704262956 ) ) ;
#7856 = DIRECTION ( 'NONE',  ( -9.860761315262647568E-32, 1.000000000000000000, 3.061616997868382155E-16 ) ) ;
#7857 = ORIENTED_EDGE ( 'NONE', *, *, #2627, .T. ) ;
#7858 = DIRECTION ( 'NONE',  ( -0.000000000000000000, 1.000000000000000000, 3.061616997868383141E-16 ) ) ;
#7859 = ORIENTED_EDGE ( 'NONE', *, *, #10735, .T. ) ;
#7860 = DIRECTION ( 'NONE',  ( -9.860761315262647568E-32, 1.000000000000000000, 3.061616997868381662E-16 ) ) ;
#7861 = CYLINDRICAL_SURFACE ( 'NONE', #6152, 0.2500000000000002220 ) ;
#7862 = EDGE_CURVE ( 'NONE', #8945, #3454, #8114, .T. ) ;
#7863 = ORIENTED_EDGE ( 'NONE', *, *, #7114, .T. ) ;
#7864 = CIRCLE ( 'NONE', #8810, 0.2500000000000002220 ) ;
#7865 = AXIS2_PLACEMENT_3D ( 'NONE', #2666, #1727, #8856 ) ;
#7866 = DIRECTION ( 'NONE',  ( 0.000000000000000000, -1.000000000000000000, -3.061616997868383141E-16 ) ) ;
#7867 = VECTOR ( 'NONE', #932, 1000.000000000000000 ) ;
#7868 = AXIS2_PLACEMENT_3D ( 'NONE', #5145, #4205, #842 ) ;
#7869 = ADVANCED_FACE ( 'NONE', ( #5287 ), #5395, .T. ) ;
#7870 = ORIENTED_EDGE ( 'NONE', *, *, #4625, .F. ) ;
#7871 = CARTESIAN_POINT ( 'NONE',  ( 15.20279579551068316, 51.19999999999999574, -15.20279579551082705 ) ) ;
#7872 = ORIENTED_EDGE ( 'NONE', *, *, #8447, .T. ) ;
#7873 = CARTESIAN_POINT ( 'NONE',  ( 0.000000000000000000, 45.19999999999998863, -21.24999999999997513 ) ) ;
#7874 = CIRCLE ( 'NONE', #10693, 0.2500000000000002220 ) ;
#7875 = EDGE_CURVE ( 'NONE', #8019, #9014, #6906, .T. ) ;
#7876 = LINE ( 'NONE', #10416, #7464 ) ;
#7877 = ORIENTED_EDGE ( 'NONE', *, *, #1102, .T. ) ;
#7878 = CIRCLE ( 'NONE', #8066, 0.2500000000000002220 ) ;
#7879 = ORIENTED_EDGE ( 'NONE', *, *, #4404, .F. ) ;
#7880 = DIRECTION ( 'NONE',  ( -0.000000000000000000, 1.000000000000000000, 3.061616997868383141E-16 ) ) ;
#7881 = ORIENTED_EDGE ( 'NONE', *, *, #3723, .F. ) ;
#7882 = CARTESIAN_POINT ( 'NONE',  ( 0.000000000000000000, 78.75000000000000000, 1.051270315168586837E-15 ) ) ;
#7883 = CARTESIAN_POINT ( 'NONE',  ( -19.15664027004978465, 51.19999999999999574, 9.760795744400482477 ) ) ;
#7884 = ORIENTED_EDGE ( 'NONE', *, *, #4829, .T. ) ;
#7885 = ORIENTED_EDGE ( 'NONE', *, *, #2534, .T. ) ;
#7886 = VERTEX_POINT ( 'NONE', #7779 ) ;
#7887 = CARTESIAN_POINT ( 'NONE',  ( -19.26884090911960712, -80.41022924428168039, 9.537388008204214174 ) ) ;
#7888 = ORIENTED_EDGE ( 'NONE', *, *, #3311, .T. ) ;
#7889 = CARTESIAN_POINT ( 'NONE',  ( 0.000000000000000000, 45.20000000000000995, -9.220454712679835547E-15 ) ) ;
#7890 = VECTOR ( 'NONE', #10720, 1000.000000000000000 ) ;
#7891 = EDGE_CURVE ( 'NONE', #9029, #9903, #11624, .T. ) ;
#7892 = CIRCLE ( 'NONE', #9387, 3.700000000000012168 ) ;
#7893 = VERTEX_POINT ( 'NONE', #4796 ) ;
#7894 = CARTESIAN_POINT ( 'NONE',  ( 13.72375690439596951, -80.41022924428169460, 16.55018116000675121 ) ) ;
#7895 = FACE_OUTER_BOUND ( 'NONE', #10647, .T. ) ;
#7896 = DIRECTION ( 'NONE',  ( 7.395570986446986770E-32, 1.000000000000000000, 3.061616997868381169E-16 ) ) ;
#7897 = EDGE_CURVE ( 'NONE', #4157, #7396, #9345, .T. ) ;
#7898 = ORIENTED_EDGE ( 'NONE', *, *, #7646, .F. ) ;
#7899 = CARTESIAN_POINT ( 'NONE',  ( 0.000000000000000000, 51.20000000000000995, -7.383484513958806747E-15 ) ) ;
#7901 = AXIS2_PLACEMENT_3D ( 'NONE', #6032, #791, #3499 ) ;
#7900 = CARTESIAN_POINT ( 'NONE',  ( 0.000000000000000000, 0.000000000000000000, -2.305896354304492938E-14 ) ) ;
#7902 = AXIS2_PLACEMENT_3D ( 'NONE', #7263, #10700, #9745 ) ;
#7903 = DIRECTION ( 'NONE',  ( 0.000000000000000000, 0.000000000000000000, 1.000000000000000000 ) ) ;
#7904 = LINE ( 'NONE', #723, #1889 ) ;
#7905 = EDGE_LOOP ( 'NONE', ( #6555, #3110, #9458, #9529 ) ) ;
#7906 = DIRECTION ( 'NONE',  ( 0.000000000000000000, 0.000000000000000000, 1.000000000000000000 ) ) ;
#7907 = ADVANCED_FACE ( 'NONE', ( #6556 ), #7503, .T. ) ;
#7908 = DIRECTION ( 'NONE',  ( -0.000000000000000000, 1.000000000000000000, 3.061616997868383141E-16 ) ) ;
#7909 = CIRCLE ( 'NONE', #11101, 21.50000000000000000 ) ;
#7910 = DIRECTION ( 'NONE',  ( 4.930380657631323784E-32, 1.000000000000000000, 3.061616997868382155E-16 ) ) ;
#7911 = AXIS2_PLACEMENT_3D ( 'NONE', #5030, #8747, #6662 ) ;
#7912 = LINE ( 'NONE', #10627, #317 ) ;
#7913 = AXIS2_PLACEMENT_3D ( 'NONE', #4183, #7774, #11383 ) ;
#7914 = CARTESIAN_POINT ( 'NONE',  ( -12.83877941551902957, -80.41022924428168039, -17.24574565275868565 ) ) ;
#7915 = VERTEX_POINT ( 'NONE', #4627 ) ;
#7916 = DIRECTION ( 'NONE',  ( -9.860761315262647568E-32, 1.000000000000000000, 3.061616997868381662E-16 ) ) ;
#7917 = CARTESIAN_POINT ( 'NONE',  ( 21.03017341577682231, 51.19999999999999574, 4.470101352581776766 ) ) ;
#7918 = DIRECTION ( 'NONE',  ( 7.395570986446986770E-32, 1.000000000000000000, 3.061616997868381169E-16 ) ) ;
#7919 = ORIENTED_EDGE ( 'NONE', *, *, #2888, .F. ) ;
#7920 = DIRECTION ( 'NONE',  ( 0.000000000000000000, -1.000000000000000000, -3.061616997868383141E-16 ) ) ;
#7921 = ORIENTED_EDGE ( 'NONE', *, *, #478, .T. ) ;
#7922 = CARTESIAN_POINT ( 'NONE',  ( 0.000000000000000000, 45.20000000000000995, -9.220454712679835547E-15 ) ) ;
#7923 = AXIS2_PLACEMENT_3D ( 'NONE', #4261, #7858, #6975 ) ;
#7924 = AXIS2_PLACEMENT_3D ( 'NONE', #7985, #10857, #9904 ) ;
#7925 = VECTOR ( 'NONE', #10014, 1000.000000000000000 ) ;
#7926 = DIRECTION ( 'NONE',  ( 0.000000000000000000, 0.000000000000000000, 1.000000000000000000 ) ) ;
#7927 = AXIS2_PLACEMENT_3D ( 'NONE', #33, #4518, #7278 ) ;
#7928 = ADVANCED_FACE ( 'NONE', ( #9053 ), #10097, .T. ) ;
#7929 = ADVANCED_FACE ( 'NONE', ( #1977 ), #6617, .T. ) ;
#7930 = AXIS2_PLACEMENT_3D ( 'NONE', #10503, #5078, #8788 ) ;
#7931 = CIRCLE ( 'NONE', #5104, 0.2500000000000002220 ) ;
#7932 = ADVANCED_FACE ( 'NONE', ( #1094 ), #711, .T. ) ;
#7933 = ORIENTED_EDGE ( 'NONE', *, *, #5529, .F. ) ;
#7934 = CARTESIAN_POINT ( 'NONE',  ( 6.881176337035001644, -80.41022924428169460, 20.36907980785160532 ) ) ;
#7935 = ORIENTED_EDGE ( 'NONE', *, *, #1297, .T. ) ;
#7936 = DIRECTION ( 'NONE',  ( 0.000000000000000000, 0.000000000000000000, 1.000000000000000000 ) ) ;
#7937 = EDGE_CURVE ( 'NONE', #3845, #4969, #10863, .T. ) ;
#7938 = CARTESIAN_POINT ( 'NONE',  ( 10.96577594754919538, 51.20000000000000995, 18.49328953615746585 ) ) ;
#7939 = ORIENTED_EDGE ( 'NONE', *, *, #4581, .F. ) ;
#7940 = AXIS2_PLACEMENT_3D ( 'NONE', #2113, #1009, #10017 ) ;
#7941 = AXIS2_PLACEMENT_3D ( 'NONE', #816, #5229, #756 ) ;
#7942 = ORIENTED_EDGE ( 'NONE', *, *, #5369, .T. ) ;
#7943 = CARTESIAN_POINT ( 'NONE',  ( -21.03017341577685784, 45.19999999999998863, -4.220101352581595577 ) ) ;
#7944 = EDGE_CURVE ( 'NONE', #8755, #11300, #9176, .T. ) ;
#7945 = EDGE_CURVE ( 'NONE', #987, #8546, #3149, .T. ) ;
#7946 = CIRCLE ( 'NONE', #9441, 0.2500000000000002220 ) ;
#7947 = ORIENTED_EDGE ( 'NONE', *, *, #10417, .T. ) ;
#7948 = CARTESIAN_POINT ( 'NONE',  ( -18.16635567040258792, 51.19999999999999574, -11.49928352796085562 ) ) ;
#7949 = CARTESIAN_POINT ( 'NONE',  ( 18.61954618136537576, -80.41022924428168039, -10.50000000000010658 ) ) ;
#7950 = EDGE_LOOP ( 'NONE', ( #789, #5105, #3698, #2519 ) ) ;
#7951 = AXIS2_PLACEMENT_3D ( 'NONE', #1595, #7233, #10831 ) ;
#7952 = ORIENTED_EDGE ( 'NONE', *, *, #11079, .T. ) ;
#7953 = ORIENTED_EDGE ( 'NONE', *, *, #2278, .T. ) ;
#7954 = CIRCLE ( 'NONE', #407, 21.50000000000001066 ) ;
#7955 = DIRECTION ( 'NONE',  ( -4.930380657631323784E-32, 1.000000000000000000, 3.061616997868382648E-16 ) ) ;
#7956 = VERTEX_POINT ( 'NONE', #8222 ) ;
#7957 = DIRECTION ( 'NONE',  ( 0.000000000000000000, 0.000000000000000000, 1.000000000000000000 ) ) ;
#7958 = AXIS2_PLACEMENT_3D ( 'NONE', #5554, #8037, #7211 ) ;
#7959 = ORIENTED_EDGE ( 'NONE', *, *, #2196, .T. ) ;
#7960 = CYLINDRICAL_SURFACE ( 'NONE', #7108, 15.65000000000000391 ) ;
#7961 = CIRCLE ( 'NONE', #7770, 0.2500000000000002220 ) ;
#7962 = DIRECTION ( 'NONE',  ( 0.000000000000000000, -3.227392513445222318E-16, 1.000000000000000000 ) ) ;
#7963 = CYLINDRICAL_SURFACE ( 'NONE', #7381, 0.2500000000000002220 ) ;
#7964 = ORIENTED_EDGE ( 'NONE', *, *, #267, .T. ) ;
#7965 = CARTESIAN_POINT ( 'NONE',  ( 16.14381341971849082, -80.41022924428169460, 14.19955239679462089 ) ) ;
#7966 = DIRECTION ( 'NONE',  ( 0.000000000000000000, 0.000000000000000000, 1.000000000000000000 ) ) ;
#7967 = AXIS2_PLACEMENT_3D ( 'NONE', #11684, #1168, #3829 ) ;
#7968 = FACE_OUTER_BOUND ( 'NONE', #6291, .T. ) ;
#7969 = ORIENTED_EDGE ( 'NONE', *, *, #1015, .F. ) ;
#7970 = CARTESIAN_POINT ( 'NONE',  ( 0.000000000000000000, 45.20000000000000995, -9.220454712679835547E-15 ) ) ;
#7971 = EDGE_CURVE ( 'NONE', #3355, #530, #3351, .T. ) ;
#7972 = DIRECTION ( 'NONE',  ( 9.860761315262647568E-32, 1.000000000000000000, 3.061616997868382648E-16 ) ) ;
#7973 = EDGE_CURVE ( 'NONE', #1301, #2749, #10292, .T. ) ;
#7974 = CARTESIAN_POINT ( 'NONE',  ( 0.8754938253329612730, 51.20000000000000995, 21.48216726873253535 ) ) ;
#7975 = DIRECTION ( 'NONE',  ( 0.000000000000000000, 0.000000000000000000, -1.000000000000000000 ) ) ;
#7976 = EDGE_CURVE ( 'NONE', #7506, #525, #2918, .T. ) ;
#7977 = ORIENTED_EDGE ( 'NONE', *, *, #4563, .T. ) ;
#7978 = DIRECTION ( 'NONE',  ( -2.465190328815661892E-32, 1.000000000000000000, 3.061616997868381169E-16 ) ) ;
#7979 = CARTESIAN_POINT ( 'NONE',  ( 0.000000000000000000, 51.20000000000000995, -7.383484513958806747E-15 ) ) ;
#7980 = EDGE_CURVE ( 'NONE', #4948, #4525, #7103, .T. ) ;
#7981 = LINE ( 'NONE', #4325, #2003 ) ;
#7982 = ORIENTED_EDGE ( 'NONE', *, *, #2648, .T. ) ;
#7983 = CARTESIAN_POINT ( 'NONE',  ( -3.610031534565724787, -80.41022924428168039, -21.19475577399846955 ) ) ;
#7984 = EDGE_LOOP ( 'NONE', ( #61, #3204, #5628, #2766 ) ) ;
#7985 = CARTESIAN_POINT ( 'NONE',  ( -3.363340998365109691, -80.41022924428168039, -21.23529932279544852 ) ) ;
#7986 = EDGE_CURVE ( 'NONE', #4640, #4163, #140, .T. ) ;
#7987 = CARTESIAN_POINT ( 'NONE',  ( 3.363340998364822809, 51.19999999999999574, -21.23529932279545207 ) ) ;
#7988 = EDGE_CURVE ( 'NONE', #3214, #9528, #252, .T. ) ;
#7989 = ORIENTED_EDGE ( 'NONE', *, *, #5328, .F. ) ;
#7990 = LINE ( 'NONE', #9800, #11301 ) ;
#7991 = ORIENTED_EDGE ( 'NONE', *, *, #6209, .F. ) ;
#7992 = CARTESIAN_POINT ( 'NONE',  ( -0.2499957747073984216, -136.9110066833317205, 21.49854651162785046 ) ) ;
#7993 = DIRECTION ( 'NONE',  ( -0.000000000000000000, 1.000000000000000000, 3.061616997868383141E-16 ) ) ;
#7994 = ORIENTED_EDGE ( 'NONE', *, *, #9005, .T. ) ;
#7995 = ADVANCED_FACE ( 'NONE', ( #1036 ), #2085, .T. ) ;
#7996 = LINE ( 'NONE', #11592, #306 ) ;
#7997 = ORIENTED_EDGE ( 'NONE', *, *, #8832, .T. ) ;
#7998 = DIRECTION ( 'NONE',  ( 0.000000000000000000, 0.000000000000000000, -1.000000000000000000 ) ) ;
#7999 = ORIENTED_EDGE ( 'NONE', *, *, #2568, .T. ) ;
#8000 = CARTESIAN_POINT ( 'NONE',  ( 17.53963331177558871, -80.41022924428168039, -12.43427775499856303 ) ) ;
#8001 = EDGE_LOOP ( 'NONE', ( #3983, #11210, #2336, #1338 ) ) ;
#8002 = VERTEX_POINT ( 'NONE', #1212 ) ;
#8003 = ORIENTED_EDGE ( 'NONE', *, *, #11164, .T. ) ;
#8004 = DIRECTION ( 'NONE',  ( 0.000000000000000000, -3.227392513445222318E-16, 1.000000000000000000 ) ) ;
#8005 = ORIENTED_EDGE ( 'NONE', *, *, #7973, .F. ) ;
#8006 = APPLICATION_PROTOCOL_DEFINITION ( 'draft international standard', 'automotive_design', 1998, #9494 ) ;
#8007 = DIRECTION ( 'NONE',  ( 0.000000000000000000, 0.000000000000000000, 1.000000000000000000 ) ) ;
#8008 = EDGE_CURVE ( 'NONE', #5016, #9297, #308, .T. ) ;
#8009 = EDGE_CURVE ( 'NONE', #6524, #5456, #8614, .T. ) ;
#8010 = ORIENTED_EDGE ( 'NONE', *, *, #8063, .F. ) ;
#8011 = DIRECTION ( 'NONE',  ( 0.000000000000000000, 0.000000000000000000, -1.000000000000000000 ) ) ;
#8012 = CARTESIAN_POINT ( 'NONE',  ( 21.23529932279543431, 45.19999999999998863, -3.363340998365026646 ) ) ;
#8013 = LINE ( 'NONE', #3537, #9829 ) ;
#8014 = ADVANCED_FACE ( 'NONE', ( #5731 ), #7627, .F. ) ;
#8015 = ORIENTED_EDGE ( 'NONE', *, *, #4011, .F. ) ;
#8016 = DIRECTION ( 'NONE',  ( -0.000000000000000000, 1.000000000000000000, 3.061616997868383141E-16 ) ) ;
#8017 = CARTESIAN_POINT ( 'NONE',  ( -21.45599973288051032, 45.19999999999998863, 1.374800153706353889 ) ) ;
#8018 = SURFACE_SIDE_STYLE ('',( #7073 ) ) ;
#8019 = VERTEX_POINT ( 'NONE', #3093 ) ;
#8020 = CYLINDRICAL_SURFACE ( 'NONE', #5849, 21.50000000000000355 ) ;
#8021 = CARTESIAN_POINT ( 'NONE',  ( -13.53038840757163541, -80.41022924428168039, -16.45863817132477891 ) ) ;
#8022 = CARTESIAN_POINT ( 'NONE',  ( 0.000000000000000000, 3.750000000000003553, -2.191085716884428736E-14 ) ) ;
#8023 = DIRECTION ( 'NONE',  ( 0.000000000000000000, -1.000000000000000000, -3.061616997868383141E-16 ) ) ;
#8024 = EDGE_CURVE ( 'NONE', #101, #7915, #5224, .T. ) ;
#8025 = CARTESIAN_POINT ( 'NONE',  ( 0.000000000000000000, 87.50000000000001421, 15.65000000000000746 ) ) ;
#8026 = AXIS2_PLACEMENT_3D ( 'NONE', #4388, #8804, #6194 ) ;
#8027 = ORIENTED_EDGE ( 'NONE', *, *, #1987, .F. ) ;
#8028 = CIRCLE ( 'NONE', #2760, 0.2500000000000002220 ) ;
#8029 = DIRECTION ( 'NONE',  ( 0.000000000000000000, 0.000000000000000000, 1.000000000000000000 ) ) ;
#8030 = DIRECTION ( 'NONE',  ( -0.000000000000000000, 1.000000000000000000, 3.061616997868383141E-16 ) ) ;
#8031 = CIRCLE ( 'NONE', #6897, 21.50000000000000000 ) ;
#8032 = CARTESIAN_POINT ( 'NONE',  ( 17.39386537906129604, 51.19999999999999574, -12.63738292428823407 ) ) ;
#8033 = ORIENTED_EDGE ( 'NONE', *, *, #3749, .F. ) ;
#8034 = CYLINDRICAL_SURFACE ( 'NONE', #2492, 0.2500000000000002220 ) ;
#8035 = ORIENTED_EDGE ( 'NONE', *, *, #9700, .F. ) ;
#8036 = DIRECTION ( 'NONE',  ( 0.000000000000000000, -3.227392513445220839E-16, 1.000000000000000000 ) ) ;
#8037 = DIRECTION ( 'NONE',  ( -0.000000000000000000, 1.000000000000000000, 3.061616997868383141E-16 ) ) ;
#8038 = VECTOR ( 'NONE', #7461, 1000.000000000000000 ) ;
#8039 = DIRECTION ( 'NONE',  ( -9.860761315262647568E-32, 1.000000000000000000, 3.061616997868382648E-16 ) ) ;
#8040 = ADVANCED_FACE ( 'NONE', ( #4221, #3213 ), #10408, .T. ) ;
#8041 = AXIS2_PLACEMENT_3D ( 'NONE', #8668, #5069, #2945 ) ;
#8042 = AXIS2_PLACEMENT_3D ( 'NONE', #2231, #9419, #1366 ) ;
#8043 = ORIENTED_EDGE ( 'NONE', *, *, #3468, .T. ) ;
#8044 = CARTESIAN_POINT ( 'NONE',  ( 0.000000000000000000, 51.20000000000000995, -7.383484513958806747E-15 ) ) ;
#8045 = VERTEX_POINT ( 'NONE', #3151 ) ;
#8046 = AXIS2_PLACEMENT_3D ( 'NONE', #6127, #722, #7966 ) ;
#8047 = CIRCLE ( 'NONE', #8993, 0.2500000000000002220 ) ;
#8048 = DIRECTION ( 'NONE',  ( -0.000000000000000000, 1.000000000000000000, 3.061616997868383141E-16 ) ) ;
#8049 = AXIS2_PLACEMENT_3D ( 'NONE', #10371, #4825, #2168 ) ;
#8050 = CARTESIAN_POINT ( 'NONE',  ( -2.247361960254701252, -80.41022924428168039, -21.38222075041787562 ) ) ;
#8051 = VERTEX_POINT ( 'NONE', #11415 ) ;
#8052 = AXIS2_PLACEMENT_3D ( 'NONE', #7439, #4744, #10876 ) ;
#8053 = EDGE_CURVE ( 'NONE', #7020, #11130, #11453, .T. ) ;
#8054 = AXIS2_PLACEMENT_3D ( 'NONE', #11420, #6104, #9691 ) ;
#8055 = DIRECTION ( 'NONE',  ( 0.000000000000000000, 0.000000000000000000, 1.000000000000000000 ) ) ;
#8056 = VECTOR ( 'NONE', #11095, 1000.000000000000000 ) ;
#8057 = ORIENTED_EDGE ( 'NONE', *, *, #11467, .T. ) ;
#8058 = FACE_OUTER_BOUND ( 'NONE', #4619, .T. ) ;
#8059 = CIRCLE ( 'NONE', #8424, 0.2500000000000002220 ) ;
#8060 = ORIENTED_EDGE ( 'NONE', *, *, #3284, .T. ) ;
#8061 = DIRECTION ( 'NONE',  ( 0.000000000000000000, 0.000000000000000000, -1.000000000000000000 ) ) ;
#8062 = ORIENTED_EDGE ( 'NONE', *, *, #5831, .F. ) ;
#8063 = EDGE_CURVE ( 'NONE', #11484, #10046, #10873, .T. ) ;
#8064 = EDGE_LOOP ( 'NONE', ( #5168, #6540, #5863, #8608 ) ) ;
#8065 = ORIENTED_EDGE ( 'NONE', *, *, #10010, .F. ) ;
#8066 = AXIS2_PLACEMENT_3D ( 'NONE', #8826, #4995, #11315 ) ;
#8067 = CIRCLE ( 'NONE', #4488, 18.19686085958248967 ) ;
#8068 = DIRECTION ( 'NONE',  ( -0.000000000000000000, 1.000000000000000000, 3.061616997868383141E-16 ) ) ;
#8069 = VERTEX_POINT ( 'NONE', #2334 ) ;
#8070 = CARTESIAN_POINT ( 'NONE',  ( -20.16021269457244358, 45.19999999999998863, -7.470998869602323289 ) ) ;
#8071 = DIRECTION ( 'NONE',  ( 8.659560562355142399E-17, -0.7071067811865305863, 0.7071067811865644481 ) ) ;
#8072 = ORIENTED_EDGE ( 'NONE', *, *, #11591, .T. ) ;
#8073 = DIRECTION ( 'NONE',  ( 0.000000000000000000, 0.000000000000000000, 1.000000000000000000 ) ) ;
#8074 = DIRECTION ( 'NONE',  ( 4.930380657631323784E-32, 1.000000000000000000, 3.061616997868382648E-16 ) ) ;
#8075 = CARTESIAN_POINT ( 'NONE',  ( 21.45599973288052098, -80.41022924428168039, -1.374800153706210004 ) ) ;
#8076 = EDGE_CURVE ( 'NONE', #5781, #5091, #6737, .T. ) ;
#8077 = ORIENTED_EDGE ( 'NONE', *, *, #5629, .F. ) ;
#8078 = VERTEX_POINT ( 'NONE', #1266 ) ;
#8079 = DIRECTION ( 'NONE',  ( 0.000000000000000000, -3.227392513445220839E-16, 1.000000000000000000 ) ) ;
#8080 = FILL_AREA_STYLE_COLOUR ( '', #6382 ) ;
#8081 = ORIENTED_EDGE ( 'NONE', *, *, #2028, .F. ) ;
#8082 = ADVANCED_FACE ( 'NONE', ( #9389 ), #4039, .F. ) ;
#8083 = CARTESIAN_POINT ( 'NONE',  ( -20.76740526521501096, 51.19999999999999574, -5.564609469703971634 ) ) ;
#8084 = VERTEX_POINT ( 'NONE', #9510 ) ;
#8085 = DIRECTION ( 'NONE',  ( -7.395570986446986770E-32, 1.000000000000000000, 3.061616997868381169E-16 ) ) ;
#8086 = CARTESIAN_POINT ( 'NONE',  ( 20.83070497094752582, 51.19999999999999574, -5.322755903978876546 ) ) ;
#8087 = CARTESIAN_POINT ( 'NONE',  ( -17.39386537906121788, -80.41022924428169460, 12.63738292428833532 ) ) ;
#8088 = AXIS2_PLACEMENT_3D ( 'NONE', #8093, #735, #6093 ) ;
#8089 = CARTESIAN_POINT ( 'NONE',  ( 0.000000000000000000, 51.20000000000000995, -7.383484513958806747E-15 ) ) ;
#8090 = EDGE_CURVE ( 'NONE', #3477, #7524, #724, .T. ) ;
#8091 = ORIENTED_EDGE ( 'NONE', *, *, #6438, .F. ) ;
#8092 = DIRECTION ( 'NONE',  ( 0.000000000000000000, 0.000000000000000000, 1.000000000000000000 ) ) ;
#8093 = CARTESIAN_POINT ( 'NONE',  ( 0.000000000000000000, 51.20000000000000995, -7.383484513958806747E-15 ) ) ;
#8094 = DIRECTION ( 'NONE',  ( 0.000000000000000000, 0.000000000000000000, -1.000000000000000000 ) ) ;
#8095 = CARTESIAN_POINT ( 'NONE',  ( 21.40690689856071671, 51.19999999999999574, -1.998583757652805382 ) ) ;
#8096 = EDGE_CURVE ( 'NONE', #819, #11562, #10272, .T. ) ;
#8097 = ORIENTED_EDGE ( 'NONE', *, *, #9492, .T. ) ;
#8098 = CARTESIAN_POINT ( 'NONE',  ( -10.75000000000014744, -80.41022924428168039, -18.61954618136536155 ) ) ;
#8099 = DIRECTION ( 'NONE',  ( 0.000000000000000000, 0.000000000000000000, 1.000000000000000000 ) ) ;
#8100 = AXIS2_PLACEMENT_3D ( 'NONE', #973, #2513, #11099 ) ;
#8101 = VECTOR ( 'NONE', #2429, 1000.000000000000000 ) ;
#8102 = DIRECTION ( 'NONE',  ( 0.000000000000000000, -1.000000000000000000, -3.061616997868383141E-16 ) ) ;
#8103 = EDGE_CURVE ( 'NONE', #11651, #10274, #7666, .T. ) ;
#8104 = ORIENTED_EDGE ( 'NONE', *, *, #8949, .F. ) ;
#8105 = DIRECTION ( 'NONE',  ( 0.000000000000000000, 0.000000000000000000, 1.000000000000000000 ) ) ;
#8106 = ORIENTED_EDGE ( 'NONE', *, *, #1085, .T. ) ;
#8107 = AXIS2_PLACEMENT_3D ( 'NONE', #4390, #2675, #1844 ) ;
#8108 = AXIS2_PLACEMENT_3D ( 'NONE', #178, #1965, #5717 ) ;
#8109 = DIRECTION ( 'NONE',  ( 0.000000000000000000, -3.227392513445222318E-16, 1.000000000000000000 ) ) ;
#8110 = CARTESIAN_POINT ( 'NONE',  ( 0.000000000000000000, 87.50000000000001421, 3.730185188303422936E-15 ) ) ;
#8111 = ORIENTED_EDGE ( 'NONE', *, *, #8534, .T. ) ;
#8112 = EDGE_CURVE ( 'NONE', #7056, #2641, #8573, .T. ) ;
#8113 = AXIS2_PLACEMENT_3D ( 'NONE', #7682, #6855, #1568 ) ;
#8114 = LINE ( 'NONE', #1799, #4082 ) ;
#8115 = AXIS2_PLACEMENT_3D ( 'NONE', #8557, #6086, #3373 ) ;
#8116 = ORIENTED_EDGE ( 'NONE', *, *, #2211, .T. ) ;
#8117 = CARTESIAN_POINT ( 'NONE',  ( 0.000000000000000000, 87.50000000000001421, 3.730185188303422936E-15 ) ) ;
#8118 = VERTEX_POINT ( 'NONE', #561 ) ;
#8119 = CARTESIAN_POINT ( 'NONE',  ( 0.000000000000000000, 87.50000000000001421, 3.730185188303422936E-15 ) ) ;
#8120 = ORIENTED_EDGE ( 'NONE', *, *, #523, .T. ) ;
#8121 = EDGE_CURVE ( 'NONE', #1448, #7574, #4095, .T. ) ;
#8122 = CARTESIAN_POINT ( 'NONE',  ( -18.74328531086457872, 51.20000000000000995, 10.53277056407894463 ) ) ;
#8123 = VERTEX_POINT ( 'NONE', #7752 ) ;
#8124 = ORIENTED_EDGE ( 'NONE', *, *, #11259, .T. ) ;
#8125 = CIRCLE ( 'NONE', #3233, 0.2500000000000002220 ) ;
#8126 = CARTESIAN_POINT ( 'NONE',  ( 5.805710654484398603, 45.19999999999998863, -20.70129763556882097 ) ) ;
#8127 = VERTEX_POINT ( 'NONE', #3330 ) ;
#8128 = DIRECTION ( 'NONE',  ( 0.000000000000000000, -1.000000000000000000, -3.061616997868383141E-16 ) ) ;
#8129 = VECTOR ( 'NONE', #3498, 1000.000000000000000 ) ;
#8130 = VERTEX_POINT ( 'NONE', #7690 ) ;
#8131 = CARTESIAN_POINT ( 'NONE',  ( 1.125223059223148248, 45.19999999999998863, -21.47053499722332148 ) ) ;
#8132 = VECTOR ( 'NONE', #10419, 1000.000000000000000 ) ;
#8133 = EDGE_CURVE ( 'NONE', #8995, #8773, #899, .T. ) ;
#8134 = CARTESIAN_POINT ( 'NONE',  ( 21.35464355025357008, -80.41022924428168039, -2.495836301044800365 ) ) ;
#8135 = DIRECTION ( 'NONE',  ( 4.930380657631323784E-32, 1.000000000000000000, 3.061616997868381662E-16 ) ) ;
#8136 = AXIS2_PLACEMENT_3D ( 'NONE', #9988, #8996, #10821 ) ;
#8137 = EDGE_CURVE ( 'NONE', #2357, #6757, #1275, .T. ) ;
#8138 = ORIENTED_EDGE ( 'NONE', *, *, #2132, .F. ) ;
#8139 = ORIENTED_EDGE ( 'NONE', *, *, #8480, .F. ) ;
#8140 = FACE_OUTER_BOUND ( 'NONE', #4042, .T. ) ;
#8141 = CIRCLE ( 'NONE', #7012, 21.50000000000001066 ) ;
#8142 = DIRECTION ( 'NONE',  ( 9.860761315262647568E-32, 1.000000000000000000, 3.061616997868382648E-16 ) ) ;
#8143 = ORIENTED_EDGE ( 'NONE', *, *, #7807, .T. ) ;
#8144 = DIRECTION ( 'NONE',  ( -0.000000000000000000, 1.000000000000000000, 3.061616997868383141E-16 ) ) ;
#8145 = CARTESIAN_POINT ( 'NONE',  ( 9.537388008204187528, 51.20000000000000995, 19.26884090911963909 ) ) ;
#8146 = EDGE_CURVE ( 'NONE', #2172, #3027, #2782, .T. ) ;
#8147 = AXIS2_PLACEMENT_3D ( 'NONE', #10022, #5600, #3887 ) ;
#8148 = CARTESIAN_POINT ( 'NONE',  ( 14.57111852952472653, -80.41022924428169460, 15.80925377108419561 ) ) ;
#8149 = DIRECTION ( 'NONE',  ( -0.000000000000000000, 1.000000000000000000, 3.061616997868383141E-16 ) ) ;
#8150 = EDGE_CURVE ( 'NONE', #7191, #1641, #2963, .T. ) ;
#8151 = CARTESIAN_POINT ( 'NONE',  ( 21.23529932279543431, -80.41022924428168039, -3.363340998365065282 ) ) ;
#8152 = AXIS2_PLACEMENT_3D ( 'NONE', #4250, #5195, #7844 ) ;
#8153 = ORIENTED_EDGE ( 'NONE', *, *, #494, .F. ) ;
#8154 = CARTESIAN_POINT ( 'NONE',  ( -9.982883740771276493, 45.20000000000000284, 19.04184949573555841 ) ) ;
#8155 = CARTESIAN_POINT ( 'NONE',  ( -2.247361960254701252, 45.19999999999998863, -21.13222075041783654 ) ) ;
#8156 = CIRCLE ( 'NONE', #3642, 0.2500000000000002220 ) ;
#8157 = CARTESIAN_POINT ( 'NONE',  ( 0.000000000000000000, 51.20000000000000995, -7.383484513958806747E-15 ) ) ;
#8158 = DIRECTION ( 'NONE',  ( -0.000000000000000000, 1.000000000000000000, 3.061616997868383141E-16 ) ) ;
#8159 = ORIENTED_EDGE ( 'NONE', *, *, #1469, .T. ) ;
#8160 = CARTESIAN_POINT ( 'NONE',  ( 19.64122733931587206, 51.19999999999999574, -8.494837826129769454 ) ) ;
#8161 = CARTESIAN_POINT ( 'NONE',  ( 21.03017341577679389, -80.41022924428168039, -4.470101352581928644 ) ) ;
#8162 = EDGE_CURVE ( 'NONE', #9255, #6665, #9552, .T. ) ;
#8163 = EDGE_CURVE ( 'NONE', #7772, #525, #8813, .T. ) ;
#8164 = DIRECTION ( 'NONE',  ( -0.000000000000000000, 1.000000000000000000, 3.061616997868383141E-16 ) ) ;
#8165 = DIRECTION ( 'NONE',  ( 9.860761315262647568E-32, 1.000000000000000000, 3.061616997868382155E-16 ) ) ;
#8166 = ORIENTED_EDGE ( 'NONE', *, *, #4454, .T. ) ;
#8167 = CARTESIAN_POINT ( 'NONE',  ( 2.247361960254553370, 51.20000000000000995, 21.38222075041788273 ) ) ;
#8168 = VERTEX_POINT ( 'NONE', #8918 ) ;
#8169 = ADVANCED_FACE ( 'NONE', ( #9723 ), #10304, .T. ) ;
#8170 = LINE ( 'NONE', #10702, #8276 ) ;
#8171 = FACE_OUTER_BOUND ( 'NONE', #6115, .T. ) ;
#8172 = ORIENTED_EDGE ( 'NONE', *, *, #2055, .T. ) ;
#8173 = CARTESIAN_POINT ( 'NONE',  ( 0.000000000000000000, 87.50000000000001421, 3.730185188303422936E-15 ) ) ;
#8174 = ORIENTED_EDGE ( 'NONE', *, *, #6079, .F. ) ;
#8175 = CARTESIAN_POINT ( 'NONE',  ( -7.704910915224106205, 51.19999999999999574, -19.82197916968974738 ) ) ;
#8176 = ORIENTED_EDGE ( 'NONE', *, *, #1360, .T. ) ;
#8177 = DIRECTION ( 'NONE',  ( 0.000000000000000000, 1.000000000000000000, 3.061616997868381169E-16 ) ) ;
#8178 = EDGE_LOOP ( 'NONE', ( #6777, #2383, #5727, #7577 ) ) ;
#8179 = DIRECTION ( 'NONE',  ( 9.860761315262647568E-32, 1.000000000000000000, 3.061616997868381662E-16 ) ) ;
#8180 = EDGE_LOOP ( 'NONE', ( #3761, #313, #9367, #1188 ) ) ;
#8181 = ORIENTED_EDGE ( 'NONE', *, *, #560, .T. ) ;
#8182 = CARTESIAN_POINT ( 'NONE',  ( 21.49854651162789310, -80.41022924428168039, 0.2499957747072987235 ) ) ;
#8183 = ORIENTED_EDGE ( 'NONE', *, *, #2017, .T. ) ;
#8184 = DIRECTION ( 'NONE',  ( 0.000000000000000000, -2.843808977011157336E-16, 1.000000000000000000 ) ) ;
#8185 = EDGE_CURVE ( 'NONE', #3559, #4889, #127, .T. ) ;
#8186 = VERTEX_POINT ( 'NONE', #4253 ) ;
#8187 = CARTESIAN_POINT ( 'NONE',  ( -20.52358569366469609, 51.19999999999999574, -6.405656115871489753 ) ) ;
#8188 = CARTESIAN_POINT ( 'NONE',  ( 19.53821706942831682, 51.19999999999999574, 8.972629143562086185 ) ) ;
#8189 = CARTESIAN_POINT ( 'NONE',  ( -19.74158195380354286, 45.19999999999998863, -8.515864134734506763 ) ) ;
#8190 = ORIENTED_EDGE ( 'NONE', *, *, #2035, .T. ) ;
#8191 = ORIENTED_EDGE ( 'NONE', *, *, #5738, .T. ) ;
#8192 = DIRECTION ( 'NONE',  ( 0.000000000000000000, 0.000000000000000000, 1.000000000000000000 ) ) ;
#8193 = CARTESIAN_POINT ( 'NONE',  ( 10.75000000000001421, -80.41022924428169460, 18.61954618136538642 ) ) ;
#8194 = ORIENTED_EDGE ( 'NONE', *, *, #5533, .T. ) ;
#8195 = DIRECTION ( 'NONE',  ( 0.000000000000000000, 0.000000000000000000, -1.000000000000000000 ) ) ;
#8196 = PRODUCT_RELATED_PRODUCT_CATEGORY ( 'part', '', ( #4285 ) ) ;
#8197 = DIRECTION ( 'NONE',  ( 0.000000000000000000, 0.000000000000000000, 1.000000000000000000 ) ) ;
#8198 = DIRECTION ( 'NONE',  ( 0.000000000000000000, 0.000000000000000000, 1.000000000000000000 ) ) ;
#8199 = FACE_BOUND ( 'NONE', #10856, .T. ) ;
#8200 = CARTESIAN_POINT ( 'NONE',  ( -21.38222075041788628, -80.41022924428168039, -2.247361960254361968 ) ) ;
#8201 = ORIENTED_EDGE ( 'NONE', *, *, #8591, .T. ) ;
#8202 = DIRECTION ( 'NONE',  ( 0.000000000000000000, 0.000000000000000000, 1.000000000000000000 ) ) ;
#8203 = CARTESIAN_POINT ( 'NONE',  ( 18.61954618136537576, 45.19999999999998863, -10.75000000000006928 ) ) ;
#8204 = ADVANCED_FACE ( 'NONE', ( #5198 ), #6251, .F. ) ;
#8205 = LINE ( 'NONE', #3793, #7846 ) ;
#8206 = DIRECTION ( 'NONE',  ( 0.000000000000000000, 0.000000000000000000, 1.000000000000000000 ) ) ;
#8207 = EDGE_LOOP ( 'NONE', ( #10177, #3850, #8962, #8408, #10541, #3094, #2981, #2964, #5741, #5064, #5625, #6224, #9473, #3200, #1640, #3863, #10502, #3029, #8550, #405, #11494, #2720, #11335, #3711, #9214, #5763, #6455, #11654, #9692, #8651, #3424, #4151, #3916, #10657, #4646, #1388, #8556, #7952, #3555, #4366, #9913, #6453, #9450, #2313, #6559, #7994, #1809, #8801, #5460, #8124, #4828, #7921, #1484, #1004, #84, #11488, #1624, #8838, #9570, #7758, #4130, #5187, #7933, #5407, #11320, #9622, #4222, #8786, #2912, #5435, #2702, #10837, #4578, #7286, #8758, #11495, #9948, #8355, #4786, #7694, #3923, #8181, #9093, #5682, #4591, #943, #3855, #2195, #4760, #1041, #9083, #1634, #3153, #8060, #95, #5811, #8697, #2353, #6877, #2526, #3624, #4869, #5172, #7315, #1408, #263, #856, #9133, #7681, #1130, #6982, #737, #1743, #1071, #10914, #3955, #10219, #1700, #8342, #448, #2772, #3067, #365, #2343, #3926, #497, #1107, #9139, #4296, #7052, #5587, #8567, #1273, #5909, #10137, #315, #10360, #2331, #3671, #3930, #9372, #766, #6219, #985, #4035, #7142, #10838, #11422, #9600, #6715, #4734, #11529, #2160, #1405, #10920, #3335, #4895, #10713, #6894, #8607, #11412, #1628, #3969, #10489, #9130, #5761, #6633, #5807, #1745, #5614, #4165, #10216, #7765, #4776, #451, #3383, #6228, #6826, #4234, #11057, #9701, #9511, #1440, #3250, #1244, #9746, #7885, #6993, #5704, #554, #6773, #8015, #11676, #185, #7701, #6579, #8388, #1372, #3652, #10377, #6292, #1523, #5815, #7338, #441, #10588, #8913, #5746, #8933, #463, #6008, #3594, #864, #8219, #4484, #8062, #9363, #10793, #9859, #8632, #10775, #703, #7283, #9219, #1972, #10826, #7898, #9735, #8936, #1865, #50, #1728, #2137, #4243, #10479, #5984, #861, #11136, #5228, #5126, #7615, #5812, #10223, #4531, #622, #8077, #1516, #7384, #3464, #8777, #8850, #10652, #11549, #10779, #7997, #6827, #1493, #10630, #1619, #868, #4432, #10829, #6036, #10619, #10999, #9163, #7555, #1594, #2266, #4915, #8571, #8266, #5552, #6761, #8867, #7006, #3866, #7802, #4989, #8816, #7953, #3995, #6047, #9201, #6565, #11059, #2212, #2305, #10064, #7310, #2711, #8471, #11202, #9591, #1959, #8526, #4979, #4669, #8194 ) ) ;
#8208 = DIRECTION ( 'NONE',  ( 0.000000000000000000, 0.000000000000000000, 1.000000000000000000 ) ) ;
#8209 = LINE ( 'NONE', #10924, #614 ) ;
#8210 = DIRECTION ( 'NONE',  ( -4.930380657631323784E-32, 1.000000000000000000, 3.061616997868382648E-16 ) ) ;
#8211 = DIRECTION ( 'NONE',  ( 0.000000000000000000, -3.227392513445220839E-16, 1.000000000000000000 ) ) ;
#8212 = ORIENTED_EDGE ( 'NONE', *, *, #7418, .F. ) ;
#8213 = CARTESIAN_POINT ( 'NONE',  ( 21.08072873382967316, -80.41022924428168039, 4.225266388133078976 ) ) ;
#8214 = DIRECTION ( 'NONE',  ( 9.860761315262647568E-32, 1.000000000000000000, 3.061616997868382155E-16 ) ) ;
#8215 = EDGE_CURVE ( 'NONE', #4362, #2639, #11628, .T. ) ;
#8216 = DIRECTION ( 'NONE',  ( 0.000000000000000000, 0.000000000000000000, -1.000000000000000000 ) ) ;
#8217 = CYLINDRICAL_SURFACE ( 'NONE', #6353, 0.2500000000000002220 ) ;
#8218 = AXIS2_PLACEMENT_3D ( 'NONE', #3620, #10853, #962 ) ;
#8219 = ORIENTED_EDGE ( 'NONE', *, *, #7274, .T. ) ;
#8220 = AXIS2_PLACEMENT_3D ( 'NONE', #5996, #7051, #693 ) ;
#8221 = AXIS2_PLACEMENT_3D ( 'NONE', #26, #8884, #590 ) ;
#8222 = CARTESIAN_POINT ( 'NONE',  ( -15.02499431646282524, 51.20000000000000995, 15.37854173159014337 ) ) ;
#8223 = ORIENTED_EDGE ( 'NONE', *, *, #4341, .T. ) ;
#8224 = CARTESIAN_POINT ( 'NONE',  ( 15.97761374776389331, 51.19999999999999574, -14.38630803671550851 ) ) ;
#8225 = CIRCLE ( 'NONE', #7849, 21.50000000000000000 ) ;
#8226 = ORIENTED_EDGE ( 'NONE', *, *, #9005, .F. ) ;
#8227 = DIRECTION ( 'NONE',  ( -9.860761315262647568E-32, 1.000000000000000000, 3.061616997868382155E-16 ) ) ;
#8228 = ORIENTED_EDGE ( 'NONE', *, *, #5424, .T. ) ;
#8229 = ADVANCED_FACE ( 'NONE', ( #11461 ), #9842, .F. ) ;
#8230 = AXIS2_PLACEMENT_3D ( 'NONE', #6674, #2146, #5734 ) ;
#8231 = DIRECTION ( 'NONE',  ( 0.000000000000000000, 0.000000000000000000, 1.000000000000000000 ) ) ;
#8232 = AXIS2_PLACEMENT_3D ( 'NONE', #9166, #10998, #11052 ) ;
#8233 = ORIENTED_EDGE ( 'NONE', *, *, #5887, .T. ) ;
#8234 = DIRECTION ( 'NONE',  ( -0.000000000000000000, 1.000000000000000000, 3.061616997868383141E-16 ) ) ;
#8235 = ORIENTED_EDGE ( 'NONE', *, *, #839, .F. ) ;
#8236 = DIRECTION ( 'NONE',  ( 0.000000000000000000, -3.227392513445222318E-16, 1.000000000000000000 ) ) ;
#8237 = VECTOR ( 'NONE', #6476, 1000.000000000000000 ) ;
#8238 = AXIS2_PLACEMENT_3D ( 'NONE', #11045, #6668, #2972 ) ;
#8239 = EDGE_LOOP ( 'NONE', ( #1155, #2949, #9929, #6091 ) ) ;
#8240 = CARTESIAN_POINT ( 'NONE',  ( -7.704910915223695866, -80.41022924428169460, 20.07197916968990370 ) ) ;
#8241 = CARTESIAN_POINT ( 'NONE',  ( 0.000000000000000000, 45.20000000000000995, -9.220454712679835547E-15 ) ) ;
#8242 = CYLINDRICAL_SURFACE ( 'NONE', #2087, 21.50000000000000355 ) ;
#8243 = VECTOR ( 'NONE', #4316, 1000.000000000000000 ) ;
#8244 = ORIENTED_EDGE ( 'NONE', *, *, #4992, .F. ) ;
#8245 = ORIENTED_EDGE ( 'NONE', *, *, #5474, .F. ) ;
#8246 = DIRECTION ( 'NONE',  ( 0.000000000000000000, 0.000000000000000000, 1.000000000000000000 ) ) ;
#8247 = CIRCLE ( 'NONE', #3964, 0.2500000000000002220 ) ;
#8248 = ORIENTED_EDGE ( 'NONE', *, *, #3362, .T. ) ;
#8249 = CARTESIAN_POINT ( 'NONE',  ( 0.000000000000000000, 45.20000000000000995, -9.220454712679835547E-15 ) ) ;
#8250 = DIRECTION ( 'NONE',  ( -0.000000000000000000, 1.000000000000000000, 3.061616997868383141E-16 ) ) ;
#8251 = EDGE_CURVE ( 'NONE', #177, #2524, #7912, .T. ) ;
#8252 = DIRECTION ( 'NONE',  ( -2.465190328815661892E-32, 1.000000000000000000, 3.061616997868381662E-16 ) ) ;
#8253 = DIRECTION ( 'NONE',  ( 0.000000000000000000, 0.000000000000000000, 1.000000000000000000 ) ) ;
#8254 = ORIENTED_EDGE ( 'NONE', *, *, #8991, .F. ) ;
#8255 = LINE ( 'NONE', #8367, #9070 ) ;
#8256 = DIRECTION ( 'NONE',  ( -9.860761315262647568E-32, 1.000000000000000000, 3.061616997868382155E-16 ) ) ;
#8257 = EDGE_CURVE ( 'NONE', #6274, #7240, #1839, .T. ) ;
#8258 = CARTESIAN_POINT ( 'NONE',  ( -20.44771510034585660, 51.19999999999999574, -6.643865379061153931 ) ) ;
#8259 = CARTESIAN_POINT ( 'NONE',  ( -18.03141721082671367, 45.19999999999998863, -11.45973925282289940 ) ) ;
#8260 = VERTEX_POINT ( 'NONE', #10041 ) ;
#8261 = DIRECTION ( 'NONE',  ( 0.000000000000000000, 0.000000000000000000, -1.000000000000000000 ) ) ;
#8262 = CARTESIAN_POINT ( 'NONE',  ( -18.16635567040234633, 45.20000000000000284, 11.49928352796124642 ) ) ;
#8263 = DIRECTION ( 'NONE',  ( 0.000000000000000000, 0.000000000000000000, -1.000000000000000000 ) ) ;
#8264 = CARTESIAN_POINT ( 'NONE',  ( 12.43427775499860566, 51.20000000000000995, 17.53963331177554963 ) ) ;
#8265 = ADVANCED_FACE ( 'NONE', ( #3747 ), #8217, .F. ) ;
#8266 = ORIENTED_EDGE ( 'NONE', *, *, #4098, .F. ) ;
#8267 = CARTESIAN_POINT ( 'NONE',  ( 21.23529932279543431, 45.19999999999998863, -3.363340998365026646 ) ) ;
#8268 = VERTEX_POINT ( 'NONE', #1922 ) ;
#8269 = CIRCLE ( 'NONE', #2249, 0.2500000000000002220 ) ;
#8270 = DIRECTION ( 'NONE',  ( 0.000000000000000000, 0.000000000000000000, 1.000000000000000000 ) ) ;
#8271 = FACE_OUTER_BOUND ( 'NONE', #7629, .T. ) ;
#8272 = CIRCLE ( 'NONE', #10343, 21.50000000000000000 ) ;
#8273 = DIRECTION ( 'NONE',  ( 0.000000000000000000, 0.000000000000000000, 1.000000000000000000 ) ) ;
#8274 =( GEOMETRIC_REPRESENTATION_CONTEXT ( 3 ) GLOBAL_UNCERTAINTY_ASSIGNED_CONTEXT ( ( #11667 ) ) GLOBAL_UNIT_ASSIGNED_CONTEXT ( ( #780, #11680, #9837 ) ) REPRESENTATION_CONTEXT ( 'NONE', 'WORKASPACE' ) );
#8275 = EDGE_LOOP ( 'NONE', ( #2833, #5850, #2924, #1736 ) ) ;
#8276 = VECTOR ( 'NONE', #2689, 1000.000000000000000 ) ;
#8277 = ADVANCED_FACE ( 'NONE', ( #810 ), #10940, .F. ) ;
#8278 = CARTESIAN_POINT ( 'NONE',  ( 12.63738292428818610, 51.20000000000000995, 17.39386537906136354 ) ) ;
#8279 = CIRCLE ( 'NONE', #6387, 21.50000000000001066 ) ;
#8280 = ORIENTED_EDGE ( 'NONE', *, *, #5876, .F. ) ;
#8281 = CARTESIAN_POINT ( 'NONE',  ( -7.937781193549932723, -80.41022924428169460, 19.98103174821869743 ) ) ;
#8282 = AXIS2_PLACEMENT_3D ( 'NONE', #1055, #3715, #10902 ) ;
#8283 = EDGE_LOOP ( 'NONE', ( #3771, #1891, #8043, #2044 ) ) ;
#8284 = DIRECTION ( 'NONE',  ( 0.000000000000000000, -3.227392513445220839E-16, 1.000000000000000000 ) ) ;
#8285 = EDGE_CURVE ( 'NONE', #3294, #8339, #4401, .T. ) ;
#8286 = ORIENTED_EDGE ( 'NONE', *, *, #5410, .T. ) ;
#8287 = CIRCLE ( 'NONE', #1137, 0.2500000000000002220 ) ;
#8288 = FACE_OUTER_BOUND ( 'NONE', #8805, .T. ) ;
#8289 = AXIS2_PLACEMENT_3D ( 'NONE', #174, #3791, #7372 ) ;
#8290 = CYLINDRICAL_SURFACE ( 'NONE', #9413, 0.2500000000000002220 ) ;
#8291 = ORIENTED_EDGE ( 'NONE', *, *, #5617, .F. ) ;
#8292 = DIRECTION ( 'NONE',  ( 0.000000000000000000, -1.000000000000000000, -3.061616997868383141E-16 ) ) ;
#8293 = CIRCLE ( 'NONE', #11321, 0.2500000000000002220 ) ;
#8294 = AXIS2_PLACEMENT_3D ( 'NONE', #11033, #8498, #8261 ) ;
#8295 = VECTOR ( 'NONE', #10403, 1000.000000000000000 ) ;
#8296 = CYLINDRICAL_SURFACE ( 'NONE', #5332, 21.50000000000000355 ) ;
#8297 = EDGE_CURVE ( 'NONE', #4228, #7020, #6162, .T. ) ;
#8298 = ADVANCED_FACE ( 'NONE', ( #1749 ), #4508, .T. ) ;
#8299 = EDGE_LOOP ( 'NONE', ( #692, #3470, #11524, #10992 ) ) ;
#8300 = CARTESIAN_POINT ( 'NONE',  ( -11.70973925282321915, 45.19999999999998863, -18.03141721082650051 ) ) ;
#8301 = DIRECTION ( 'NONE',  ( 3.697785493223493385E-32, 1.000000000000000000, 3.061616997868381662E-16 ) ) ;
#8302 = FACE_OUTER_BOUND ( 'NONE', #1852, .T. ) ;
#8303 = VECTOR ( 'NONE', #6964, 1000.000000000000000 ) ;
#8304 = EDGE_LOOP ( 'NONE', ( #4235, #6467, #10605, #2067 ) ) ;
#8305 = ORIENTED_EDGE ( 'NONE', *, *, #3097, .T. ) ;
#8306 = EDGE_CURVE ( 'NONE', #10074, #11223, #6733, .T. ) ;
#8307 = CARTESIAN_POINT ( 'NONE',  ( 0.000000000000000000, 45.20000000000000995, -9.220454712679835547E-15 ) ) ;
#8308 = ORIENTED_EDGE ( 'NONE', *, *, #5334, .T. ) ;
#8309 = CYLINDRICAL_SURFACE ( 'NONE', #8311, 0.2500000000000002220 ) ;
#8310 = AXIS2_PLACEMENT_3D ( 'NONE', #11027, #10132, #2062 ) ;
#8311 = AXIS2_PLACEMENT_3D ( 'NONE', #5541, #10068, #1232 ) ;
#8312 = CARTESIAN_POINT ( 'NONE',  ( -3.610031534565132372, 51.20000000000000995, 21.19475577399855126 ) ) ;
#8313 = CARTESIAN_POINT ( 'NONE',  ( 16.55018116000672634, 45.19999999999998863, -13.72375690439601570 ) ) ;
#8314 = AXIS2_PLACEMENT_3D ( 'NONE', #10047, #9057, #983 ) ;
#8315 = CARTESIAN_POINT ( 'NONE',  ( -21.40690689856071671, 45.19999999999998863, 1.998583757652975912 ) ) ;
#8316 = CIRCLE ( 'NONE', #5492, 0.2500000000000002220 ) ;
#8317 = ORIENTED_EDGE ( 'NONE', *, *, #4226, .T. ) ;
#8318 = CARTESIAN_POINT ( 'NONE',  ( 0.000000000000000000, 45.20000000000000995, -9.220454712679835547E-15 ) ) ;
#8319 = DIRECTION ( 'NONE',  ( 0.000000000000000000, 1.000000000000000000, 3.061616997868381169E-16 ) ) ;
#8320 = EDGE_CURVE ( 'NONE', #9649, #3432, #2217, .T. ) ;
#8321 = DIRECTION ( 'NONE',  ( -0.000000000000000000, 1.000000000000000000, 3.061616997868383141E-16 ) ) ;
#8322 = AXIS2_PLACEMENT_3D ( 'NONE', #6119, #7179, #11560 ) ;
#8323 = CARTESIAN_POINT ( 'NONE',  ( 15.02499431646281280, 45.19999999999998863, -15.37854173159012916 ) ) ;
#8324 = VERTEX_POINT ( 'NONE', #7328 ) ;
#8325 = DIRECTION ( 'NONE',  ( -0.000000000000000000, 1.000000000000000000, 3.061616997868383141E-16 ) ) ;
#8326 = ADVANCED_FACE ( 'NONE', ( #8171 ), #2628, .T. ) ;
#8327 = VECTOR ( 'NONE', #11266, 1000.000000000000000 ) ;
#8328 = CYLINDRICAL_SURFACE ( 'NONE', #4567, 0.2499999999999993616 ) ;
#8329 = ADVANCED_FACE ( 'NONE', ( #11653 ), #1856, .F. ) ;
#8330 = CARTESIAN_POINT ( 'NONE',  ( 0.000000000000000000, 45.20000000000000995, -9.220454712679835547E-15 ) ) ;
#8331 = EDGE_CURVE ( 'NONE', #8574, #4815, #8059, .T. ) ;
#8332 = ORIENTED_EDGE ( 'NONE', *, *, #9348, .T. ) ;
#8333 = DIRECTION ( 'NONE',  ( 9.860761315262647568E-32, 1.000000000000000000, 3.061616997868382155E-16 ) ) ;
#8334 = CARTESIAN_POINT ( 'NONE',  ( 17.89404075541355610, -80.41022924428168039, -11.91861172467660701 ) ) ;
#8335 = CARTESIAN_POINT ( 'NONE',  ( 0.000000000000000000, 87.50000000000001421, 3.730185188303422936E-15 ) ) ;
#8336 = CARTESIAN_POINT ( 'NONE',  ( 17.53963331177557805, 51.20000000000000995, 12.43427775499857013 ) ) ;
#8337 = FACE_OUTER_BOUND ( 'NONE', #9811, .T. ) ;
#8338 = CIRCLE ( 'NONE', #3264, 21.50000000000001066 ) ;
#8339 = VERTEX_POINT ( 'NONE', #4574 ) ;
#8340 = ADVANCED_FACE ( 'NONE', ( #5340 ), #11644, .T. ) ;
#8341 = CARTESIAN_POINT ( 'NONE',  ( 9.760795744400141416, 45.19999999999998863, -19.15664027004994097 ) ) ;
#8342 = ORIENTED_EDGE ( 'NONE', *, *, #2238, .F. ) ;
#8343 = VERTEX_POINT ( 'NONE', #860 ) ;
#8344 = CYLINDRICAL_SURFACE ( 'NONE', #126, 0.2500000000000002220 ) ;
#8345 = ORIENTED_EDGE ( 'NONE', *, *, #5823, .T. ) ;
#8346 = DIRECTION ( 'NONE',  ( 0.000000000000000000, 0.000000000000000000, 1.000000000000000000 ) ) ;
#8347 = ADVANCED_FACE ( 'NONE', ( #79 ), #4447, .F. ) ;
#8348 = DIRECTION ( 'NONE',  ( 0.000000000000000000, -1.000000000000000000, -3.061616997868383141E-16 ) ) ;
#8349 = ORIENTED_EDGE ( 'NONE', *, *, #10444, .T. ) ;
#8350 = DIRECTION ( 'NONE',  ( 0.000000000000000000, -3.227392513445222318E-16, 1.000000000000000000 ) ) ;
#8351 = ORIENTED_EDGE ( 'NONE', *, *, #5792, .T. ) ;
#8352 = CARTESIAN_POINT ( 'NONE',  ( 0.000000000000000000, 45.20000000000000995, -9.220454712679835547E-15 ) ) ;
#8353 = DIRECTION ( 'NONE',  ( 0.000000000000000000, 0.000000000000000000, 1.000000000000000000 ) ) ;
#8354 = DIRECTION ( 'NONE',  ( 0.000000000000000000, -1.000000000000000000, -3.061616997868383141E-16 ) ) ;
#8355 = ORIENTED_EDGE ( 'NONE', *, *, #224, .F. ) ;
#8356 = ORIENTED_EDGE ( 'NONE', *, *, #2335, .F. ) ;
#8357 = EDGE_CURVE ( 'NONE', #8728, #1854, #5988, .T. ) ;
#8358 = CARTESIAN_POINT ( 'NONE',  ( 15.97761374776399457, -80.41022924428169460, 14.38630803671539127 ) ) ;
#8359 = ORIENTED_EDGE ( 'NONE', *, *, #2558, .F. ) ;
#8360 = FACE_OUTER_BOUND ( 'NONE', #150, .T. ) ;
#8361 = CARTESIAN_POINT ( 'NONE',  ( 7.591902705884668330E-16, 1.132798289211305642E-15, -3.700000000000035261 ) ) ;
#8362 = DIRECTION ( 'NONE',  ( 7.395570986446986770E-32, 1.000000000000000000, 3.061616997868381169E-16 ) ) ;
#8363 = EDGE_CURVE ( 'NONE', #1937, #1569, #2974, .T. ) ;
#8364 = CARTESIAN_POINT ( 'NONE',  ( 15.97761374776389331, -80.41022924428168039, -14.38630803671554759 ) ) ;
#8365 = ORIENTED_EDGE ( 'NONE', *, *, #7266, .F. ) ;
#8366 = VERTEX_POINT ( 'NONE', #8988 ) ;
#8367 = CARTESIAN_POINT ( 'NONE',  ( -17.24574565275862170, -80.41022924428169460, 12.83877941551905444 ) ) ;
#8368 = CARTESIAN_POINT ( 'NONE',  ( 0.000000000000000000, 51.20000000000000995, -7.383484513958806747E-15 ) ) ;
#8369 = EDGE_CURVE ( 'NONE', #7506, #9629, #7874, .T. ) ;
#8370 = LINE ( 'NONE', #8429, #3517 ) ;
#8371 = CYLINDRICAL_SURFACE ( 'NONE', #1123, 0.2500000000000002220 ) ;
#8372 = ORIENTED_EDGE ( 'NONE', *, *, #7309, .T. ) ;
#8373 = CARTESIAN_POINT ( 'NONE',  ( -4.470101352581976606, -80.41022924428168039, -21.03017341577680099 ) ) ;
#8374 = DIRECTION ( 'NONE',  ( 0.000000000000000000, 0.000000000000000000, 1.000000000000000000 ) ) ;
#8375 = DIRECTION ( 'NONE',  ( -0.000000000000000000, 1.000000000000000000, 3.061616997868383141E-16 ) ) ;
#8376 = EDGE_CURVE ( 'NONE', #8595, #4953, #5602, .T. ) ;
#8377 = ORIENTED_EDGE ( 'NONE', *, *, #8396, .F. ) ;
#8378 = DIRECTION ( 'NONE',  ( 0.000000000000000000, 0.000000000000000000, -1.000000000000000000 ) ) ;
#8379 = DIRECTION ( 'NONE',  ( -0.000000000000000000, 1.000000000000000000, 3.061616997868383141E-16 ) ) ;
#8380 = CARTESIAN_POINT ( 'NONE',  ( -0.2499957747073984216, -80.41022924428168039, -21.49854651162791797 ) ) ;
#8381 = VERTEX_POINT ( 'NONE', #1209 ) ;
#8382 = CARTESIAN_POINT ( 'NONE',  ( 0.000000000000000000, 87.50000000000001421, 3.730185188303422936E-15 ) ) ;
#8383 = DIRECTION ( 'NONE',  ( 4.930380657631323784E-32, 1.000000000000000000, 3.061616997868380676E-16 ) ) ;
#8384 = EDGE_LOOP ( 'NONE', ( #4817, #10645, #2922, #4224 ) ) ;
#8385 = EDGE_CURVE ( 'NONE', #9406, #2761, #5243, .T. ) ;
#8386 = DIRECTION ( 'NONE',  ( -0.000000000000000000, 1.000000000000000000, 3.061616997868383141E-16 ) ) ;
#8387 = ORIENTED_EDGE ( 'NONE', *, *, #9437, .T. ) ;
#8388 = ORIENTED_EDGE ( 'NONE', *, *, #8376, .F. ) ;
#8389 = DIRECTION ( 'NONE',  ( 0.000000000000000000, 0.000000000000000000, -1.000000000000000000 ) ) ;
#8390 = EDGE_LOOP ( 'NONE', ( #8372, #2281, #4230, #2408 ) ) ;
#8391 = CIRCLE ( 'NONE', #2759, 21.50000000000001066 ) ;
#8392 = DIRECTION ( 'NONE',  ( -0.000000000000000000, 1.000000000000000000, 3.061616997868383141E-16 ) ) ;
#8393 = CIRCLE ( 'NONE', #10279, 0.2500000000000002220 ) ;
#8394 = VECTOR ( 'NONE', #9187, 1000.000000000000000 ) ;
#8395 = CARTESIAN_POINT ( 'NONE',  ( -21.19475577399856192, 45.19999999999998863, -3.610031534565198541 ) ) ;
#8396 = EDGE_CURVE ( 'NONE', #7121, #5384, #528, .T. ) ;
#8397 = DIRECTION ( 'NONE',  ( -0.000000000000000000, 1.000000000000000000, 3.061616997868383141E-16 ) ) ;
#8398 = ORIENTED_EDGE ( 'NONE', *, *, #8648, .F. ) ;
#8399 = DIRECTION ( 'NONE',  ( 0.000000000000000000, 1.000000000000000000, 3.061616997868383141E-16 ) ) ;
#8400 = CIRCLE ( 'NONE', #11615, 21.50000000000000000 ) ;
#8401 = AXIS2_PLACEMENT_3D ( 'NONE', #11292, #1399, #3211 ) ;
#8402 = ORIENTED_EDGE ( 'NONE', *, *, #2048, .F. ) ;
#8403 = CARTESIAN_POINT ( 'NONE',  ( -20.52358569366460017, -80.41022924428168039, 6.405656115871726897 ) ) ;
#8404 = CIRCLE ( 'NONE', #3341, 0.2500000000000002220 ) ;
#8405 = VECTOR ( 'NONE', #4512, 1000.000000000000000 ) ;
#8406 = DIRECTION ( 'NONE',  ( 0.000000000000000000, 0.000000000000000000, 1.000000000000000000 ) ) ;
#8407 = CARTESIAN_POINT ( 'NONE',  ( 10.74999999999988454, 45.19999999999998863, -18.61954618136547168 ) ) ;
#8408 = ORIENTED_EDGE ( 'NONE', *, *, #7761, .T. ) ;
#8409 = ORIENTED_EDGE ( 'NONE', *, *, #6321, .T. ) ;
#8410 = AXIS2_PLACEMENT_3D ( 'NONE', #7192, #10790, #9017 ) ;
#8411 = VECTOR ( 'NONE', #9908, 1000.000000000000000 ) ;
#8412 = CYLINDRICAL_SURFACE ( 'NONE', #1135, 21.50000000000000355 ) ;
#8413 = VERTEX_POINT ( 'NONE', #9159 ) ;
#8414 = CIRCLE ( 'NONE', #8049, 0.2500000000000002220 ) ;
#8415 = DIRECTION ( 'NONE',  ( 9.860761315262647568E-32, 1.000000000000000000, 3.061616997868382155E-16 ) ) ;
#8416 = AXIS2_PLACEMENT_3D ( 'NONE', #8278, #1152, #1927 ) ;
#8417 = LINE ( 'NONE', #8600, #9538 ) ;
#8418 = EDGE_CURVE ( 'NONE', #82, #8582, #4302, .T. ) ;
#8419 = ADVANCED_FACE ( 'NONE', ( #249 ), #6731, .F. ) ;
#8420 = DIRECTION ( 'NONE',  ( 0.000000000000000000, 0.000000000000000000, 1.000000000000000000 ) ) ;
#8421 = AXIS2_PLACEMENT_3D ( 'NONE', #8022, #7077, #6088 ) ;
#8422 = CARTESIAN_POINT ( 'NONE',  ( 0.000000000000000000, 3.500000000000003109, -2.198739759379099683E-14 ) ) ;
#8423 = ORIENTED_EDGE ( 'NONE', *, *, #10016, .T. ) ;
#8424 = AXIS2_PLACEMENT_3D ( 'NONE', #1796, #9804, #4623 ) ;
#8425 = EDGE_LOOP ( 'NONE', ( #8725, #6337, #978, #11514 ) ) ;
#8426 = FACE_OUTER_BOUND ( 'NONE', #763, .T. ) ;
#8427 = EDGE_CURVE ( 'NONE', #7825, #7660, #9926, .T. ) ;
#8428 = CARTESIAN_POINT ( 'NONE',  ( 0.000000000000000000, 45.20000000000000995, -9.220454712679835547E-15 ) ) ;
#8429 = CARTESIAN_POINT ( 'NONE',  ( -21.49854651162789665, -80.41022924428168039, -0.2499957747071978320 ) ) ;
#8430 = DIRECTION ( 'NONE',  ( -0.000000000000000000, 1.000000000000000000, 3.061616997868383141E-16 ) ) ;
#8431 = ORIENTED_EDGE ( 'NONE', *, *, #5556, .F. ) ;
#8432 = FACE_OUTER_BOUND ( 'NONE', #9485, .T. ) ;
#8433 = CARTESIAN_POINT ( 'NONE',  ( 6.643865379061240972, 45.19999999999998863, -20.19771510034581752 ) ) ;
#8434 = CARTESIAN_POINT ( 'NONE',  ( 10.74999999999988454, -80.41022924428168039, -18.61954618136551076 ) ) ;
#8435 = ADVANCED_FACE ( 'NONE', ( #3143 ), #1090, .F. ) ;
#8436 = ADVANCED_FACE ( 'NONE', ( #300 ), #10217, .T. ) ;
#8437 = ORIENTED_EDGE ( 'NONE', *, *, #7134, .F. ) ;
#8438 = CARTESIAN_POINT ( 'NONE',  ( 0.000000000000000000, 77.00000000000000000, 10.00000000000002487 ) ) ;
#8439 = CARTESIAN_POINT ( 'NONE',  ( 0.000000000000000000, 51.20000000000000995, -7.383484513958806747E-15 ) ) ;
#8440 = CYLINDRICAL_SURFACE ( 'NONE', #2515, 21.50000000000000355 ) ;
#8441 = ORIENTED_EDGE ( 'NONE', *, *, #10208, .T. ) ;
#8442 = CARTESIAN_POINT ( 'NONE',  ( -18.61954618136552142, -80.41022924428168039, -10.74999999999984546 ) ) ;
#8443 = VERTEX_POINT ( 'NONE', #2140 ) ;
#8444 = DIRECTION ( 'NONE',  ( -0.000000000000000000, 1.000000000000000000, 3.061616997868383141E-16 ) ) ;
#8445 = AXIS2_PLACEMENT_3D ( 'NONE', #938, #5359, #5472 ) ;
#8446 = ORIENTED_EDGE ( 'NONE', *, *, #8640, .T. ) ;
#8447 = EDGE_CURVE ( 'NONE', #4051, #7096, #7478, .T. ) ;
#8448 = DIRECTION ( 'NONE',  ( -0.000000000000000000, 1.000000000000000000, 3.061616997868383141E-16 ) ) ;
#8449 = DIRECTION ( 'NONE',  ( -0.000000000000000000, 1.000000000000000000, 3.061616997868383141E-16 ) ) ;
#8450 = CIRCLE ( 'NONE', #7324, 0.2500000000000002220 ) ;
#8451 = VERTEX_POINT ( 'NONE', #3811 ) ;
#8452 = ORIENTED_EDGE ( 'NONE', *, *, #1847, .T. ) ;
#8453 = CARTESIAN_POINT ( 'NONE',  ( 3.363340998364969359, 45.20000000000000284, 21.23529932279546628 ) ) ;
#8454 = AXIS2_PLACEMENT_3D ( 'NONE', #7084, #3619, #4322 ) ;
#8455 = ORIENTED_EDGE ( 'NONE', *, *, #4548, .F. ) ;
#8456 = AXIS2_PLACEMENT_3D ( 'NONE', #1681, #857, #8876 ) ;
#8457 = LINE ( 'NONE', #6676, #3195 ) ;
#8458 = FACE_OUTER_BOUND ( 'NONE', #7683, .T. ) ;
#8459 = EDGE_LOOP ( 'NONE', ( #6651, #3742, #10827, #375 ) ) ;
#8460 = FACE_OUTER_BOUND ( 'NONE', #3363, .T. ) ;
#8461 = AXIS2_PLACEMENT_3D ( 'NONE', #3402, #502, #5218 ) ;
#8462 = ADVANCED_FACE ( 'NONE', ( #9324 ), #10995, .T. ) ;
#8463 = CARTESIAN_POINT ( 'NONE',  ( -8.744837826129849390, -80.41022924428168039, -19.64122733931586851 ) ) ;
#8464 = CIRCLE ( 'NONE', #5826, 0.2500000000000002220 ) ;
#8465 = CIRCLE ( 'NONE', #9397, 0.2500000000000002220 ) ;
#8466 = ORIENTED_EDGE ( 'NONE', *, *, #9356, .F. ) ;
#8467 = CARTESIAN_POINT ( 'NONE',  ( 18.74328531086468175, 45.19999999999998863, -10.53277056407880607 ) ) ;
#8468 = ADVANCED_FACE ( 'NONE', ( #10093 ), #2915, .T. ) ;
#8469 = DIRECTION ( 'NONE',  ( 7.395570986446986770E-32, 1.000000000000000000, 3.061616997868381169E-16 ) ) ;
#8470 = FACE_OUTER_BOUND ( 'NONE', #2767, .T. ) ;
#8471 = ORIENTED_EDGE ( 'NONE', *, *, #10977, .F. ) ;
#8472 = ORIENTED_EDGE ( 'NONE', *, *, #839, .T. ) ;
#8473 = AXIS2_PLACEMENT_3D ( 'NONE', #7207, #10806, #5434 ) ;
#8474 = VECTOR ( 'NONE', #9964, 1000.000000000000000 ) ;
#8475 = AXIS2_PLACEMENT_3D ( 'NONE', #2227, #9414, #9353 ) ;
#8476 = CARTESIAN_POINT ( 'NONE',  ( -16.86483603740624559, 45.19999999999998863, -13.33519049100546994 ) ) ;
#8477 = ORIENTED_EDGE ( 'NONE', *, *, #5021, .T. ) ;
#8478 = CARTESIAN_POINT ( 'NONE',  ( 20.83070497094759332, -80.41022924428168039, 5.322755903978555025 ) ) ;
#8479 = CIRCLE ( 'NONE', #3212, 0.2500000000000002220 ) ;
#8480 = EDGE_CURVE ( 'NONE', #10931, #5510, #11172, .T. ) ;
#8481 = AXIS2_PLACEMENT_3D ( 'NONE', #2923, #2872, #7395 ) ;
#8482 = CARTESIAN_POINT ( 'NONE',  ( -19.26884090911953606, 51.19999999999999574, 9.537388008204406020 ) ) ;
#8483 = ORIENTED_EDGE ( 'NONE', *, *, #2722, .T. ) ;
#8484 = CARTESIAN_POINT ( 'NONE',  ( 0.000000000000000000, 45.20000000000000995, -9.220454712679835547E-15 ) ) ;
#8485 = AXIS2_PLACEMENT_3D ( 'NONE', #7792, #1607, #6020 ) ;
#8486 = AXIS2_PLACEMENT_3D ( 'NONE', #5300, #2529, #1642 ) ;
#8487 = CYLINDRICAL_SURFACE ( 'NONE', #11049, 21.50000000000000355 ) ;
#8488 = FACE_OUTER_BOUND ( 'NONE', #10031, .T. ) ;
#8489 = ORIENTED_EDGE ( 'NONE', *, *, #11070, .T. ) ;
#8490 = VERTEX_POINT ( 'NONE', #1149 ) ;
#8491 = ORIENTED_EDGE ( 'NONE', *, *, #8331, .F. ) ;
#8492 = CARTESIAN_POINT ( 'NONE',  ( -2.495836301044243921, 51.20000000000000995, 21.35464355025364114 ) ) ;
#8493 = CARTESIAN_POINT ( 'NONE',  ( 10.96577594754909413, 45.19999999999998863, -18.49328953615755822 ) ) ;
#8494 = CARTESIAN_POINT ( 'NONE',  ( 0.000000000000000000, 51.20000000000000995, -7.383484513958806747E-15 ) ) ;
#8495 = DIRECTION ( 'NONE',  ( -0.000000000000000000, 1.000000000000000000, 3.061616997868383141E-16 ) ) ;
#8496 = ORIENTED_EDGE ( 'NONE', *, *, #5128, .T. ) ;
#8497 = ADVANCED_FACE ( 'NONE', ( #8337 ), #3088, .F. ) ;
#8498 = DIRECTION ( 'NONE',  ( 0.000000000000000000, -1.000000000000000000, -3.061616997868383141E-16 ) ) ;
#8499 = EDGE_CURVE ( 'NONE', #344, #1379, #10268, .T. ) ;
#8500 = CARTESIAN_POINT ( 'NONE',  ( 13.72375690439596951, 45.20000000000000284, 16.55018116000679029 ) ) ;
#8501 = CIRCLE ( 'NONE', #4550, 0.2500000000000002220 ) ;
#8502 = DIRECTION ( 'NONE',  ( -7.395570986446986770E-32, 1.000000000000000000, 3.061616997868381169E-16 ) ) ;
#8503 = EDGE_CURVE ( 'NONE', #344, #5048, #9366, .T. ) ;
#8504 = VECTOR ( 'NONE', #4607, 1000.000000000000000 ) ;
#8505 = DIRECTION ( 'NONE',  ( 0.000000000000000000, -3.227392513445222318E-16, 1.000000000000000000 ) ) ;
#8506 = AXIS2_PLACEMENT_3D ( 'NONE', #10167, #2880, #1106 ) ;
#8507 = ORIENTED_EDGE ( 'NONE', *, *, #2527, .T. ) ;
#8508 = DIRECTION ( 'NONE',  ( 0.000000000000000000, 0.000000000000000000, -1.000000000000000000 ) ) ;
#8509 = DIRECTION ( 'NONE',  ( 0.000000000000000000, -3.227392513445222318E-16, 1.000000000000000000 ) ) ;
#8510 = DIRECTION ( 'NONE',  ( 0.000000000000000000, 0.000000000000000000, 1.000000000000000000 ) ) ;
#8511 = ORIENTED_EDGE ( 'NONE', *, *, #5148, .F. ) ;
#8512 = DIRECTION ( 'NONE',  ( -0.000000000000000000, 1.000000000000000000, 3.061616997868383141E-16 ) ) ;
#8513 = ORIENTED_EDGE ( 'NONE', *, *, #2165, .T. ) ;
#8514 = DIRECTION ( 'NONE',  ( -0.000000000000000000, 1.000000000000000000, 3.061616997868383141E-16 ) ) ;
#8515 = EDGE_CURVE ( 'NONE', #10600, #6264, #731, .T. ) ;
#8516 = EDGE_CURVE ( 'NONE', #4061, #11350, #4154, .T. ) ;
#8517 = EDGE_LOOP ( 'NONE', ( #104, #2905, #3933, #1254 ) ) ;
#8518 = AXIS2_PLACEMENT_3D ( 'NONE', #5927, #6871, #8647 ) ;
#8519 = DIRECTION ( 'NONE',  ( -0.000000000000000000, 1.000000000000000000, 3.061616997868383141E-16 ) ) ;
#8520 = CARTESIAN_POINT ( 'NONE',  ( 0.2499957747073984216, -136.9110066833317205, 21.49854651162785046 ) ) ;
#8521 = VECTOR ( 'NONE', #8549, 1000.000000000000000 ) ;
#8522 = ORIENTED_EDGE ( 'NONE', *, *, #3063, .T. ) ;
#8523 = EDGE_CURVE ( 'NONE', #6245, #2936, #11260, .T. ) ;
#8524 = ORIENTED_EDGE ( 'NONE', *, *, #4946, .F. ) ;
#8525 = DIRECTION ( 'NONE',  ( -0.000000000000000000, 1.000000000000000000, 3.061616997868383141E-16 ) ) ;
#8526 = ORIENTED_EDGE ( 'NONE', *, *, #6570, .F. ) ;
#8527 = AXIS2_PLACEMENT_3D ( 'NONE', #4937, #4871, #386 ) ;
#8528 = CYLINDRICAL_SURFACE ( 'NONE', #6954, 16.01785065697083965 ) ;
#8529 = CARTESIAN_POINT ( 'NONE',  ( -20.44771510034571804, 51.19999999999999574, 6.643865379061596244 ) ) ;
#8530 = ORIENTED_EDGE ( 'NONE', *, *, #1582, .F. ) ;
#8531 = FACE_OUTER_BOUND ( 'NONE', #1205, .T. ) ;
#8532 = DIRECTION ( 'NONE',  ( -4.930380657631323784E-32, 1.000000000000000000, 3.061616997868381169E-16 ) ) ;
#8533 = CIRCLE ( 'NONE', #3069, 0.2500000000000002220 ) ;
#8534 = EDGE_CURVE ( 'NONE', #9729, #11268, #3273, .T. ) ;
#8535 = ORIENTED_EDGE ( 'NONE', *, *, #2543, .F. ) ;
#8536 = DIRECTION ( 'NONE',  ( 0.000000000000000000, 0.000000000000000000, -1.000000000000000000 ) ) ;
#8537 = CYLINDRICAL_SURFACE ( 'NONE', #9899, 21.50000000000000355 ) ;
#8538 = CARTESIAN_POINT ( 'NONE',  ( -4.470101352581554721, 45.20000000000000284, 21.03017341577687915 ) ) ;
#8539 = ORIENTED_EDGE ( 'NONE', *, *, #7796, .F. ) ;
#8540 = ORIENTED_EDGE ( 'NONE', *, *, #364, .F. ) ;
#8541 = DIRECTION ( 'NONE',  ( -0.000000000000000000, 1.000000000000000000, 3.061616997868383141E-16 ) ) ;
#8542 = VERTEX_POINT ( 'NONE', #6857 ) ;
#8543 = CARTESIAN_POINT ( 'NONE',  ( 1.998583757652609094, 51.19999999999999574, -21.40690689856073803 ) ) ;
#8544 = ADVANCED_FACE ( 'NONE', ( #7805 ), #4090, .T. ) ;
#8545 = CARTESIAN_POINT ( 'NONE',  ( 1.125223059223148248, 45.19999999999998863, -21.22053499722332148 ) ) ;
#8546 = VERTEX_POINT ( 'NONE', #7747 ) ;
#8547 = DIRECTION ( 'NONE',  ( 0.000000000000000000, -1.000000000000000000, -3.061616997868383141E-16 ) ) ;
#8548 = LINE ( 'NONE', #2234, #7455 ) ;
#8549 = DIRECTION ( 'NONE',  ( -9.860761315262647568E-32, 1.000000000000000000, 3.061616997868382648E-16 ) ) ;
#8550 = ORIENTED_EDGE ( 'NONE', *, *, #2122, .F. ) ;
#8551 = ORIENTED_EDGE ( 'NONE', *, *, #1169, .F. ) ;
#8552 = CARTESIAN_POINT ( 'NONE',  ( 11.91861172467652530, -80.41022924428169460, 17.89404075541356676 ) ) ;
#8553 = CARTESIAN_POINT ( 'NONE',  ( -15.37854173158976323, 51.20000000000000995, 15.02499431646321426 ) ) ;
#8554 = DIRECTION ( 'NONE',  ( -0.000000000000000000, 1.000000000000000000, 3.061616997868383141E-16 ) ) ;
#8555 = CARTESIAN_POINT ( 'NONE',  ( 0.000000000000000000, 45.20000000000000995, -9.220454712679835547E-15 ) ) ;
#8556 = ORIENTED_EDGE ( 'NONE', *, *, #401, .F. ) ;
#8557 = CARTESIAN_POINT ( 'NONE',  ( 0.000000000000000000, 24.19999999999999929, 19.24999999999998934 ) ) ;
#8558 = CARTESIAN_POINT ( 'NONE',  ( 10.53277056407873857, 45.20000000000000284, 18.74328531086470662 ) ) ;
#8559 = DIRECTION ( 'NONE',  ( -4.930380657631323784E-32, 1.000000000000000000, 3.061616997868382648E-16 ) ) ;
#8560 = EDGE_CURVE ( 'NONE', #9484, #1985, #4673, .T. ) ;
#8561 = CARTESIAN_POINT ( 'NONE',  ( 21.48216726873255666, 45.19999999999998863, -0.8754938253330236675 ) ) ;
#8562 = EDGE_CURVE ( 'NONE', #3559, #4320, #1507, .T. ) ;
#8563 = ORIENTED_EDGE ( 'NONE', *, *, #4510, .T. ) ;
#8564 = CARTESIAN_POINT ( 'NONE',  ( -6.405656115871267708, 45.20000000000000284, 20.52358569366476360 ) ) ;
#8565 = DIRECTION ( 'NONE',  ( -4.930380657631323784E-32, 1.000000000000000000, 3.061616997868381169E-16 ) ) ;
#8566 = CYLINDRICAL_SURFACE ( 'NONE', #5210, 0.2500000000000002220 ) ;
#8567 = ORIENTED_EDGE ( 'NONE', *, *, #11293, .F. ) ;
#8568 = DIRECTION ( 'NONE',  ( 0.000000000000000000, 0.000000000000000000, 1.000000000000000000 ) ) ;
#8569 = ORIENTED_EDGE ( 'NONE', *, *, #874, .F. ) ;
#8570 = CARTESIAN_POINT ( 'NONE',  ( 12.63738292428818610, 45.20000000000000284, 17.39386537906135999 ) ) ;
#8571 = ORIENTED_EDGE ( 'NONE', *, *, #2335, .T. ) ;
#8572 = LINE ( 'NONE', #4096, #11438 ) ;
#8573 = LINE ( 'NONE', #496, #2588 ) ;
#8574 = VERTEX_POINT ( 'NONE', #3322 ) ;
#8575 = ADVANCED_FACE ( 'NONE', ( #7039 ), #11358, .F. ) ;
#8576 = EDGE_CURVE ( 'NONE', #9292, #1064, #6037, .T. ) ;
#8577 = EDGE_LOOP ( 'NONE', ( #5970, #7195, #1112, #11230 ) ) ;
#8578 = CARTESIAN_POINT ( 'NONE',  ( 0.000000000000000000, 45.20000000000000995, -9.220454712679835547E-15 ) ) ;
#8579 = ORIENTED_EDGE ( 'NONE', *, *, #10917, .T. ) ;
#8580 = DIRECTION ( 'NONE',  ( -0.000000000000000000, 1.000000000000000000, 3.061616997868383141E-16 ) ) ;
#8581 = CARTESIAN_POINT ( 'NONE',  ( 21.49999999999998934, -80.41022924428168039, -9.968538125080593746E-14 ) ) ;
#8582 = VERTEX_POINT ( 'NONE', #489 ) ;
#8583 = DIRECTION ( 'NONE',  ( -0.000000000000000000, 1.000000000000000000, 3.061616997868383141E-16 ) ) ;
#8584 = DIRECTION ( 'NONE',  ( 0.000000000000000000, 0.000000000000000000, 1.000000000000000000 ) ) ;
#8585 = ADVANCED_FACE ( 'NONE', ( #5208 ), #9630, .F. ) ;
#8586 = ORIENTED_EDGE ( 'NONE', *, *, #5606, .F. ) ;
#8587 = CARTESIAN_POINT ( 'NONE',  ( 0.000000000000000000, 51.20000000000000995, -7.383484513958806747E-15 ) ) ;
#8588 = AXIS2_PLACEMENT_3D ( 'NONE', #5358, #8951, #8073 ) ;
#8589 = DIRECTION ( 'NONE',  ( 0.000000000000000000, 0.000000000000000000, 1.000000000000000000 ) ) ;
#8590 = DIRECTION ( 'NONE',  ( 0.000000000000000000, 0.000000000000000000, 1.000000000000000000 ) ) ;
#8591 = EDGE_CURVE ( 'NONE', #2469, #5855, #8247, .T. ) ;
#8592 = ORIENTED_EDGE ( 'NONE', *, *, #4218, .T. ) ;
#8593 = ORIENTED_EDGE ( 'NONE', *, *, #1542, .F. ) ;
#8594 = DIRECTION ( 'NONE',  ( 0.000000000000000000, 0.000000000000000000, 1.000000000000000000 ) ) ;
#8595 = VERTEX_POINT ( 'NONE', #1570 ) ;
#8596 = LINE ( 'NONE', #5937, #15 ) ;
#8597 = CIRCLE ( 'NONE', #11241, 0.2500000000000002220 ) ;
#8598 = CIRCLE ( 'NONE', #9909, 0.2500000000000002220 ) ;
#8599 = EDGE_CURVE ( 'NONE', #6935, #1373, #6208, .T. ) ;
#8600 = CARTESIAN_POINT ( 'NONE',  ( -11.49928352796065312, -80.41022924428169460, 18.16635567040266963 ) ) ;
#8601 = AXIS2_PLACEMENT_3D ( 'NONE', #5888, #11080, #3884 ) ;
#8602 = VERTEX_POINT ( 'NONE', #3386 ) ;
#8603 = CARTESIAN_POINT ( 'NONE',  ( -15.20279579551089455, 45.19999999999998863, -15.20279579551061566 ) ) ;
#8604 = CYLINDRICAL_SURFACE ( 'NONE', #11439, 0.2500000000000002220 ) ;
#8605 = CARTESIAN_POINT ( 'NONE',  ( 0.000000000000000000, 77.00000000000000000, 2.357445088358655073E-14 ) ) ;
#8606 = AXIS2_PLACEMENT_3D ( 'NONE', #9080, #6351, #8192 ) ;
#8607 = ORIENTED_EDGE ( 'NONE', *, *, #4771, .T. ) ;
#8608 = ORIENTED_EDGE ( 'NONE', *, *, #5044, .F. ) ;
#8609 = CIRCLE ( 'NONE', #6340, 0.2500000000000002220 ) ;
#8610 = DIRECTION ( 'NONE',  ( -0.000000000000000000, 1.000000000000000000, 3.061616997868383141E-16 ) ) ;
#8611 = CARTESIAN_POINT ( 'NONE',  ( 0.000000000000000000, 75.00000000000000000, 15.40000000000001279 ) ) ;
#8612 = CARTESIAN_POINT ( 'NONE',  ( 0.000000000000000000, 87.50000000000001421, 3.730185188303422936E-15 ) ) ;
#8613 = DIRECTION ( 'NONE',  ( 0.000000000000000000, 1.000000000000000000, 3.061616997868383141E-16 ) ) ;
#8614 = CIRCLE ( 'NONE', #5977, 0.2500000000000002220 ) ;
#8615 = ORIENTED_EDGE ( 'NONE', *, *, #10091, .F. ) ;
#8616 = FACE_OUTER_BOUND ( 'NONE', #11360, .T. ) ;
#8617 = CYLINDRICAL_SURFACE ( 'NONE', #3640, 0.2500000000000002220 ) ;
#8618 = AXIS2_PLACEMENT_3D ( 'NONE', #5166, #4227, #2517 ) ;
#8619 = EDGE_CURVE ( 'NONE', #9343, #7956, #3208, .T. ) ;
#8620 = DIRECTION ( 'NONE',  ( 0.000000000000000000, -2.991412108253678048E-16, 1.000000000000000000 ) ) ;
#8621 = CIRCLE ( 'NONE', #2567, 0.2500000000000002220 ) ;
#8622 = AXIS2_PLACEMENT_3D ( 'NONE', #6447, #6381, #3511 ) ;
#8623 = DIRECTION ( 'NONE',  ( 0.000000000000000000, 0.000000000000000000, 1.000000000000000000 ) ) ;
#8624 = EDGE_CURVE ( 'NONE', #5135, #6856, #10363, .T. ) ;
#8625 = ORIENTED_EDGE ( 'NONE', *, *, #2368, .T. ) ;
#8626 = CARTESIAN_POINT ( 'NONE',  ( 10.53277056407858936, -80.41022924428169460, 18.74328531086474570 ) ) ;
#8627 = CARTESIAN_POINT ( 'NONE',  ( 4.470101352581833609, 45.20000000000000284, 21.03017341577682231 ) ) ;
#8628 = VECTOR ( 'NONE', #10626, 1000.000000000000000 ) ;
#8629 = DIRECTION ( 'NONE',  ( -1.232595164407830946E-32, 1.000000000000000000, 3.061616997868383141E-16 ) ) ;
#8630 = VERTEX_POINT ( 'NONE', #5156 ) ;
#8631 = DIRECTION ( 'NONE',  ( 0.000000000000000000, -2.843808977011157336E-16, 1.000000000000000000 ) ) ;
#8632 = ORIENTED_EDGE ( 'NONE', *, *, #8732, .T. ) ;
#8633 = CYLINDRICAL_SURFACE ( 'NONE', #574, 21.50000000000000355 ) ;
#8634 = DIRECTION ( 'NONE',  ( -0.000000000000000000, 1.000000000000000000, 3.061616997868383141E-16 ) ) ;
#8635 = EDGE_LOOP ( 'NONE', ( #1940, #8966, #3980, #3034 ) ) ;
#8636 = CARTESIAN_POINT ( 'NONE',  ( 5.805710654484526501, 51.20000000000000995, 20.70129763556875346 ) ) ;
#8637 = DIRECTION ( 'NONE',  ( 0.000000000000000000, 3.061616997868383141E-16, -1.000000000000000000 ) ) ;
#8638 = EDGE_CURVE ( 'NONE', #837, #1480, #6402, .T. ) ;
#8639 = ORIENTED_EDGE ( 'NONE', *, *, #11591, .F. ) ;
#8640 = EDGE_CURVE ( 'NONE', #10194, #8002, #7720, .T. ) ;
#8641 = ORIENTED_EDGE ( 'NONE', *, *, #9199, .F. ) ;
#8642 = CARTESIAN_POINT ( 'NONE',  ( 0.000000000000000000, 87.50000000000001421, 3.730185188303422936E-15 ) ) ;
#8643 = ORIENTED_EDGE ( 'NONE', *, *, #2223, .T. ) ;
#8644 = CYLINDRICAL_SURFACE ( 'NONE', #3947, 21.50000000000000355 ) ;
#8645 = DIRECTION ( 'NONE',  ( -0.000000000000000000, 1.000000000000000000, 3.061616997868383141E-16 ) ) ;
#8646 = ORIENTED_EDGE ( 'NONE', *, *, #3637, .F. ) ;
#8647 = DIRECTION ( 'NONE',  ( 0.000000000000000000, 0.000000000000000000, 1.000000000000000000 ) ) ;
#8648 = EDGE_CURVE ( 'NONE', #2756, #11177, #5912, .T. ) ;
#8649 = ADVANCED_FACE ( 'NONE', ( #5036 ), #8633, .T. ) ;
#8650 = CIRCLE ( 'NONE', #3390, 0.2500000000000002220 ) ;
#8651 = ORIENTED_EDGE ( 'NONE', *, *, #3949, .T. ) ;
#8652 = CARTESIAN_POINT ( 'NONE',  ( 15.80925377108416718, -80.41022924428168039, -14.57111852952480646 ) ) ;
#8653 = DIRECTION ( 'NONE',  ( 1.479114197289397354E-31, 1.000000000000000000, 3.061616997868381662E-16 ) ) ;
#8654 = FACE_OUTER_BOUND ( 'NONE', #1691, .T. ) ;
#8655 = VERTEX_POINT ( 'NONE', #8973 ) ;
#8656 = VERTEX_POINT ( 'NONE', #7316 ) ;
#8657 = AXIS2_PLACEMENT_3D ( 'NONE', #4277, #11233, #10415 ) ;
#8658 = DIRECTION ( 'NONE',  ( -0.000000000000000000, 1.000000000000000000, 3.061616997868383141E-16 ) ) ;
#8659 = VERTEX_POINT ( 'NONE', #4392 ) ;
#8660 = AXIS2_PLACEMENT_3D ( 'NONE', #9317, #1251, #9972 ) ;
#8661 = CARTESIAN_POINT ( 'NONE',  ( 3.610031534565278477, 51.19999999999999574, -21.19475577399854060 ) ) ;
#8662 = EDGE_CURVE ( 'NONE', #3454, #8542, #6040, .T. ) ;
#8663 = EDGE_CURVE ( 'NONE', #4478, #3648, #120, .T. ) ;
#8664 = AXIS2_PLACEMENT_3D ( 'NONE', #10136, #2066, #9263 ) ;
#8665 = DIRECTION ( 'NONE',  ( -0.000000000000000000, 1.000000000000000000, 3.061616997868383141E-16 ) ) ;
#8666 = ORIENTED_EDGE ( 'NONE', *, *, #1499, .F. ) ;
#8667 = FACE_OUTER_BOUND ( 'NONE', #4775, .T. ) ;
#8668 = CARTESIAN_POINT ( 'NONE',  ( 0.000000000000000000, 74.75000000000000000, -1.733764839787674301E-16 ) ) ;
#8669 = DIRECTION ( 'NONE',  ( -0.000000000000000000, 1.000000000000000000, 3.061616997868383141E-16 ) ) ;
#8670 = AXIS2_PLACEMENT_3D ( 'NONE', #3560, #1735, #3502 ) ;
#8671 = EDGE_CURVE ( 'NONE', #8630, #2873, #955, .T. ) ;
#8672 = AXIS2_PLACEMENT_3D ( 'NONE', #11138, #4057, #4120 ) ;
#8673 = ORIENTED_EDGE ( 'NONE', *, *, #5652, .T. ) ;
#8674 = FACE_OUTER_BOUND ( 'NONE', #1883, .T. ) ;
#8675 = CARTESIAN_POINT ( 'NONE',  ( 0.000000000000000000, 87.50000000000001421, 3.730185188303422936E-15 ) ) ;
#8676 = CARTESIAN_POINT ( 'NONE',  ( 4.225266388133034567, -80.41022924428168039, -21.08072873382970869 ) ) ;
#8677 = CARTESIAN_POINT ( 'NONE',  ( -12.43427775499859855, -80.41022924428168039, -17.53963331177557095 ) ) ;
#8678 = ORIENTED_EDGE ( 'NONE', *, *, #7611, .F. ) ;
#8679 = CYLINDRICAL_SURFACE ( 'NONE', #2655, 0.2500000000000002220 ) ;
#8680 = DIRECTION ( 'NONE',  ( -9.860761315262647568E-32, 1.000000000000000000, 3.061616997868380676E-16 ) ) ;
#8681 = AXIS2_PLACEMENT_3D ( 'NONE', #4622, #6666, #5787 ) ;
#8682 = AXIS2_PLACEMENT_3D ( 'NONE', #8724, #2706, #5125 ) ;
#8683 = CARTESIAN_POINT ( 'NONE',  ( 20.76740526521497543, -80.41022924428168039, 5.564609469704108413 ) ) ;
#8684 = CARTESIAN_POINT ( 'NONE',  ( -20.83070497094747608, 51.19999999999999574, 5.322755903979050629 ) ) ;
#8685 = EDGE_CURVE ( 'NONE', #321, #8069, #1334, .T. ) ;
#8686 = ORIENTED_EDGE ( 'NONE', *, *, #606, .F. ) ;
#8687 = CARTESIAN_POINT ( 'NONE',  ( -17.39386537906147012, 45.19999999999998863, -12.38738292428799781 ) ) ;
#8688 = CYLINDRICAL_SURFACE ( 'NONE', #10141, 0.2500000000000002220 ) ;
#8689 = CYLINDRICAL_SURFACE ( 'NONE', #290, 0.2500000000000002220 ) ;
#8691 = ORIENTED_EDGE ( 'NONE', *, *, #7114, .F. ) ;
#8690 = VECTOR ( 'NONE', #11325, 1000.000000000000000 ) ;
#8692 = DIRECTION ( 'NONE',  ( 0.000000000000000000, 0.000000000000000000, 1.000000000000000000 ) ) ;
#8693 = ORIENTED_EDGE ( 'NONE', *, *, #4818, .F. ) ;
#8694 = CARTESIAN_POINT ( 'NONE',  ( 3.363340998364822809, -80.41022924428168039, -21.23529932279549470 ) ) ;
#8695 = AXIS2_PLACEMENT_3D ( 'NONE', #11674, #1881, #9128 ) ;
#8696 = CARTESIAN_POINT ( 'NONE',  ( -5.805710654484403044, -80.41022924428169460, 20.70129763556875702 ) ) ;
#8697 = ORIENTED_EDGE ( 'NONE', *, *, #10470, .T. ) ;
#8698 = DIRECTION ( 'NONE',  ( 0.000000000000000000, 0.000000000000000000, -1.000000000000000000 ) ) ;
#8699 = ADVANCED_FACE ( 'NONE', ( #10808 ), #8, .T. ) ;
#8700 = CARTESIAN_POINT ( 'NONE',  ( 21.03017341577682231, 45.19999999999998863, 4.470101352581774989 ) ) ;
#8701 = AXIS2_PLACEMENT_3D ( 'NONE', #6460, #8292, #4755 ) ;
#8702 = VECTOR ( 'NONE', #7314, 1000.000000000000000 ) ;
#8703 = VECTOR ( 'NONE', #7613, 1000.000000000000000 ) ;
#8704 = ORIENTED_EDGE ( 'NONE', *, *, #6542, .F. ) ;
#8705 = DIRECTION ( 'NONE',  ( -9.860761315262647568E-32, 1.000000000000000000, 3.061616997868381662E-16 ) ) ;
#8706 = ORIENTED_EDGE ( 'NONE', *, *, #2229, .T. ) ;
#8707 = AXIS2_PLACEMENT_3D ( 'NONE', #11392, #4896, #9307 ) ;
#8708 = DIRECTION ( 'NONE',  ( 0.000000000000000000, 0.000000000000000000, 1.000000000000000000 ) ) ;
#8709 = CYLINDRICAL_SURFACE ( 'NONE', #8618, 0.2500000000000002220 ) ;
#8710 = AXIS2_PLACEMENT_3D ( 'NONE', #7488, #3130, #7549 ) ;
#8711 = ADVANCED_FACE ( 'NONE', ( #3563 ), #8928, .T. ) ;
#8712 = EDGE_LOOP ( 'NONE', ( #6699, #2629, #2225, #9911 ) ) ;
#8713 = DIRECTION ( 'NONE',  ( 0.000000000000000000, 0.000000000000000000, 1.000000000000000000 ) ) ;
#8714 = AXIS2_PLACEMENT_3D ( 'NONE', #9304, #6837, #2360 ) ;
#8715 = ORIENTED_EDGE ( 'NONE', *, *, #2887, .T. ) ;
#8716 = DIRECTION ( 'NONE',  ( 0.000000000000000000, 0.000000000000000000, 1.000000000000000000 ) ) ;
#8717 = AXIS2_PLACEMENT_3D ( 'NONE', #3103, #5805, #9404 ) ;
#8718 = CARTESIAN_POINT ( 'NONE',  ( -20.83070497094762530, 45.19999999999998863, -5.322755903978420911 ) ) ;
#8719 = FACE_OUTER_BOUND ( 'NONE', #6800, .T. ) ;
#8720 = ADVANCED_FACE ( 'NONE', ( #9736 ), #1909, .F. ) ;
#8721 = VECTOR ( 'NONE', #939, 1000.000000000000227 ) ;
#8722 = ORIENTED_EDGE ( 'NONE', *, *, #5529, .T. ) ;
#8723 = ORIENTED_EDGE ( 'NONE', *, *, #1898, .T. ) ;
#8724 = CARTESIAN_POINT ( 'NONE',  ( 8.744837826129717939, 45.20000000000000284, 19.64122733931591114 ) ) ;
#8725 = ORIENTED_EDGE ( 'NONE', *, *, #9793, .T. ) ;
#8726 = DIRECTION ( 'NONE',  ( -0.000000000000000000, 1.000000000000000000, 3.061616997868383141E-16 ) ) ;
#8727 = AXIS2_PLACEMENT_3D ( 'NONE', #10039, #4738, #3022 ) ;
#8728 = VERTEX_POINT ( 'NONE', #1023 ) ;
#8729 = CARTESIAN_POINT ( 'NONE',  ( 0.000000000000000000, 87.50000000000001421, 3.730185188303422936E-15 ) ) ;
#8730 = CARTESIAN_POINT ( 'NONE',  ( -12.63738292428830867, -80.41022924428168039, -17.39386537906128183 ) ) ;
#8731 = DIRECTION ( 'NONE',  ( 0.000000000000000000, -1.000000000000000000, -3.061616997868383141E-16 ) ) ;
#8732 = EDGE_CURVE ( 'NONE', #10996, #3503, #2464, .T. ) ;
#8733 = ORIENTED_EDGE ( 'NONE', *, *, #2748, .T. ) ;
#8734 = DIRECTION ( 'NONE',  ( 4.930380657631323784E-32, 1.000000000000000000, 3.061616997868382648E-16 ) ) ;
#8735 = DIRECTION ( 'NONE',  ( 0.000000000000000000, 0.000000000000000000, 1.000000000000000000 ) ) ;
#8736 = LINE ( 'NONE', #2364, #11046 ) ;
#8737 = CARTESIAN_POINT ( 'NONE',  ( 3.610031534565281142, 45.19999999999998863, -21.19475577399856192 ) ) ;
#8738 = ORIENTED_EDGE ( 'NONE', *, *, #10171, .T. ) ;
#8739 = DIRECTION ( 'NONE',  ( -0.000000000000000000, 1.000000000000000000, 3.061616997868383141E-16 ) ) ;
#8740 = CARTESIAN_POINT ( 'NONE',  ( 19.64122733931587206, 51.19999999999999574, -8.744837826129769454 ) ) ;
#8741 = EDGE_CURVE ( 'NONE', #9903, #1823, #6980, .T. ) ;
#8742 = CARTESIAN_POINT ( 'NONE',  ( 0.000000000000000000, 45.20000000000000995, -9.220454712679835547E-15 ) ) ;
#8743 = CARTESIAN_POINT ( 'NONE',  ( 0.000000000000000000, 3.500000000000003109, -2.198739759379099683E-14 ) ) ;
#8744 = CARTESIAN_POINT ( 'NONE',  ( -9.760795744400017071, 45.20000000000000284, 19.15664027005002978 ) ) ;
#8745 = ADVANCED_FACE ( 'NONE', ( #2677 ), #1789, .F. ) ;
#8746 = ORIENTED_EDGE ( 'NONE', *, *, #5101, .T. ) ;
#8747 = DIRECTION ( 'NONE',  ( 4.930380657631323784E-32, 1.000000000000000000, 3.061616997868381662E-16 ) ) ;
#8748 = FACE_OUTER_BOUND ( 'NONE', #11447, .T. ) ;
#8749 = FACE_OUTER_BOUND ( 'NONE', #5524, .T. ) ;
#8750 = VERTEX_POINT ( 'NONE', #6198 ) ;
#8751 = DIRECTION ( 'NONE',  ( 9.860761315262647568E-32, 1.000000000000000000, 3.061616997868382155E-16 ) ) ;
#8752 = EDGE_LOOP ( 'NONE', ( #8166, #9924, #7417, #10754 ) ) ;
#8753 = CARTESIAN_POINT ( 'NONE',  ( 0.000000000000000000, 51.20000000000000995, -7.383484513958806747E-15 ) ) ;
#8754 = FACE_OUTER_BOUND ( 'NONE', #6732, .T. ) ;
#8755 = VERTEX_POINT ( 'NONE', #4561 ) ;
#8756 = EDGE_CURVE ( 'NONE', #7096, #9178, #8868, .T. ) ;
#8757 = CARTESIAN_POINT ( 'NONE',  ( 20.97677464539622605, -80.41022924428168039, -4.714331922580533352 ) ) ;
#8758 = ORIENTED_EDGE ( 'NONE', *, *, #9089, .F. ) ;
#8759 = CARTESIAN_POINT ( 'NONE',  ( 1.885956070686923411E-15, 87.50000000000001421, -15.39999999999999325 ) ) ;
#8760 = ORIENTED_EDGE ( 'NONE', *, *, #3717, .T. ) ;
#8761 = LINE ( 'NONE', #6991, #362 ) ;
#8762 = ADVANCED_FACE ( 'NONE', ( #6308 ), #7256, .F. ) ;
#8763 = DIRECTION ( 'NONE',  ( 0.000000000000000000, -3.227392513445222318E-16, 1.000000000000000000 ) ) ;
#8764 = VERTEX_POINT ( 'NONE', #4499 ) ;
#8765 = CARTESIAN_POINT ( 'NONE',  ( 0.000000000000000000, 76.00000000000000000, 2.093256407547811404E-16 ) ) ;
#8766 = ORIENTED_EDGE ( 'NONE', *, *, #4986, .T. ) ;
#8767 = CARTESIAN_POINT ( 'NONE',  ( 21.49999999999998934, 51.19999999999999574, -5.939136975604121138E-14 ) ) ;
#8768 = EDGE_LOOP ( 'NONE', ( #4357, #7055, #7109, #5309 ) ) ;
#8769 = DIRECTION ( 'NONE',  ( 0.000000000000000000, -3.227392513445220839E-16, 1.000000000000000000 ) ) ;
#8770 = CARTESIAN_POINT ( 'NONE',  ( -19.53821706942840919, 45.19999999999998863, -8.972629143561942300 ) ) ;
#8771 = ADVANCED_FACE ( 'NONE', ( #11581 ), #3504, .F. ) ;
#8772 = VERTEX_POINT ( 'NONE', #8160 ) ;
#8773 = VERTEX_POINT ( 'NONE', #68 ) ;
#8774 = DIRECTION ( 'NONE',  ( 0.000000000000000000, 0.000000000000000000, 1.000000000000000000 ) ) ;
#8775 = ORIENTED_EDGE ( 'NONE', *, *, #2528, .F. ) ;
#8776 = CYLINDRICAL_SURFACE ( 'NONE', #10584, 0.2500000000000002220 ) ;
#8777 = ORIENTED_EDGE ( 'NONE', *, *, #7737, .F. ) ;
#8778 = CARTESIAN_POINT ( 'NONE',  ( -16.14381341971849793, 51.19999999999999574, -14.19955239679466352 ) ) ;
#8779 = DIRECTION ( 'NONE',  ( 0.000000000000000000, 0.000000000000000000, 1.000000000000000000 ) ) ;
#8780 = DIRECTION ( 'NONE',  ( 0.000000000000000000, -1.000000000000000000, -3.061616997868383141E-16 ) ) ;
#8781 = ORIENTED_EDGE ( 'NONE', *, *, #9669, .T. ) ;
#8782 = CARTESIAN_POINT ( 'NONE',  ( 17.39386537906129604, -80.41022924428168039, -12.63738292428827314 ) ) ;
#8783 = CARTESIAN_POINT ( 'NONE',  ( 20.16021269457230503, 51.19999999999999574, -7.470998869602759385 ) ) ;
#8784 = CARTESIAN_POINT ( 'NONE',  ( 20.16021269457234055, 51.19999999999999574, 7.470998869602647474 ) ) ;
#8785 = DIRECTION ( 'NONE',  ( -0.000000000000000000, 1.000000000000000000, 3.061616997868383141E-16 ) ) ;
#8786 = ORIENTED_EDGE ( 'NONE', *, *, #8320, .F. ) ;
#8787 = AXIS2_PLACEMENT_3D ( 'NONE', #1711, #8904, #830 ) ;
#8788 = DIRECTION ( 'NONE',  ( 0.000000000000000000, 0.000000000000000000, 1.000000000000000000 ) ) ;
#8789 = CIRCLE ( 'NONE', #118, 0.2500000000000002220 ) ;
#8790 = LINE ( 'NONE', #10445, #422 ) ;
#8791 = ADVANCED_FACE ( 'NONE', ( #2790 ), #9208, .F. ) ;
#8792 = EDGE_CURVE ( 'NONE', #5566, #7361, #10936, .T. ) ;
#8793 = EDGE_CURVE ( 'NONE', #987, #6147, #2273, .T. ) ;
#8794 = CARTESIAN_POINT ( 'NONE',  ( 15.80925377108429863, 51.19999999999999574, -14.57111852952466080 ) ) ;
#8795 = AXIS2_PLACEMENT_3D ( 'NONE', #3370, #3190, #6960 ) ;
#8796 = AXIS2_PLACEMENT_3D ( 'NONE', #3415, #9757, #7054 ) ;
#8797 = CIRCLE ( 'NONE', #9342, 0.2500000000000002220 ) ;
#8798 = EDGE_CURVE ( 'NONE', #6413, #7299, #3077, .T. ) ;
#8799 = CIRCLE ( 'NONE', #10291, 0.2500000000000002220 ) ;
#8800 = AXIS2_PLACEMENT_3D ( 'NONE', #4952, #10368, #5452 ) ;
#8801 = ORIENTED_EDGE ( 'NONE', *, *, #4581, .T. ) ;
#8802 = DIRECTION ( 'NONE',  ( 6.162975822039154730E-33, 1.000000000000000000, 3.061616997868382155E-16 ) ) ;
#8803 = FACE_OUTER_BOUND ( 'NONE', #469, .T. ) ;
#8804 = DIRECTION ( 'NONE',  ( -0.000000000000000000, 1.000000000000000000, 3.061616997868383141E-16 ) ) ;
#8805 = EDGE_LOOP ( 'NONE', ( #9993, #7872, #6307, #7804 ) ) ;
#8806 = CARTESIAN_POINT ( 'NONE',  ( -11.91861172467652530, 51.19999999999999574, -17.89404075541361649 ) ) ;
#8807 = VERTEX_POINT ( 'NONE', #4726 ) ;
#8808 = DIRECTION ( 'NONE',  ( -0.000000000000000000, 1.000000000000000000, 3.061616997868383141E-16 ) ) ;
#8809 = AXIS2_PLACEMENT_3D ( 'NONE', #9634, #2622, #7926 ) ;
#8810 = AXIS2_PLACEMENT_3D ( 'NONE', #7830, #2536, #11610 ) ;
#8811 = EDGE_CURVE ( 'NONE', #5655, #4260, #10554, .T. ) ;
#8812 = EDGE_CURVE ( 'NONE', #11375, #11659, #7349, .T. ) ;
#8813 = CIRCLE ( 'NONE', #3728, 0.2500000000000002220 ) ;
#8814 = CARTESIAN_POINT ( 'NONE',  ( -20.16021269457225529, 45.19999999999998863, 7.470998869602918369 ) ) ;
#8815 = CIRCLE ( 'NONE', #141, 0.2500000000000002220 ) ;
#8816 = ORIENTED_EDGE ( 'NONE', *, *, #5021, .F. ) ;
#8817 = FACE_OUTER_BOUND ( 'NONE', #8178, .T. ) ;
#8818 = EDGE_LOOP ( 'NONE', ( #6942, #7884, #3185, #2705 ) ) ;
#8819 = DIRECTION ( 'NONE',  ( 0.000000000000000000, 0.000000000000000000, -1.000000000000000000 ) ) ;
#8820 = CARTESIAN_POINT ( 'NONE',  ( 0.000000000000000000, 51.20000000000000995, -7.383484513958806747E-15 ) ) ;
#8821 = EDGE_CURVE ( 'NONE', #455, #6649, #5553, .T. ) ;
#8822 = EDGE_LOOP ( 'NONE', ( #5349, #5248, #9106, #7064 ) ) ;
#8823 = ORIENTED_EDGE ( 'NONE', *, *, #2543, .T. ) ;
#8824 = CARTESIAN_POINT ( 'NONE',  ( 1.224646799147353256E-15, 77.00000000000000000, -9.999999999999975131 ) ) ;
#8825 = ORIENTED_EDGE ( 'NONE', *, *, #7419, .T. ) ;
#8826 = CARTESIAN_POINT ( 'NONE',  ( -1.125223059223438904, 51.19999999999999574, -21.47053499722330727 ) ) ;
#8827 = DIRECTION ( 'NONE',  ( 0.000000000000000000, 0.000000000000000000, 1.000000000000000000 ) ) ;
#8828 = ORIENTED_EDGE ( 'NONE', *, *, #9126, .F. ) ;
#8829 = EDGE_CURVE ( 'NONE', #5691, #7691, #8869, .T. ) ;
#8830 = ORIENTED_EDGE ( 'NONE', *, *, #6710, .T. ) ;
#8831 = EDGE_LOOP ( 'NONE', ( #7863, #9168, #10191, #2989 ) ) ;
#8832 = EDGE_CURVE ( 'NONE', #2855, #6125, #3786, .T. ) ;
#8833 = DIRECTION ( 'NONE',  ( 0.000000000000000000, 0.000000000000000000, 1.000000000000000000 ) ) ;
#8834 = VERTEX_POINT ( 'NONE', #2180 ) ;
#8835 = CARTESIAN_POINT ( 'NONE',  ( 0.000000000000000000, -136.9110066833317205, 21.49999999999994671 ) ) ;
#8836 = AXIS2_PLACEMENT_3D ( 'NONE', #10896, #1051, #7236 ) ;
#8837 = EDGE_CURVE ( 'NONE', #1854, #9880, #5288, .T. ) ;
#8838 = ORIENTED_EDGE ( 'NONE', *, *, #9102, .T. ) ;
#8839 = CARTESIAN_POINT ( 'NONE',  ( 16.86483603740606441, -80.41022924428168039, -13.33519049100573284 ) ) ;
#8840 = DIRECTION ( 'NONE',  ( -0.000000000000000000, 1.000000000000000000, 3.061616997868383141E-16 ) ) ;
#8841 = CARTESIAN_POINT ( 'NONE',  ( 0.8754938253328177211, 51.19999999999999574, -21.48216726873255666 ) ) ;
#8842 = AXIS2_PLACEMENT_3D ( 'NONE', #7445, #1983, #4866 ) ;
#8843 = EDGE_CURVE ( 'NONE', #6074, #1673, #3010, .T. ) ;
#8844 = VERTEX_POINT ( 'NONE', #5774 ) ;
#8846 = CIRCLE ( 'NONE', #8454, 21.50000000000001066 ) ;
#8845 = FACE_OUTER_BOUND ( 'NONE', #6623, .T. ) ;
#8847 = CARTESIAN_POINT ( 'NONE',  ( 7.704910915223966761, 45.20000000000000284, 20.07197916968983620 ) ) ;
#8848 = AXIS2_PLACEMENT_3D ( 'NONE', #6781, #2245, #11274 ) ;
#8849 = FILL_AREA_STYLE ('',( #8080 ) ) ;
#8850 = ORIENTED_EDGE ( 'NONE', *, *, #1513, .T. ) ;
#8851 = DIRECTION ( 'NONE',  ( 0.000000000000000000, -3.227392513445222318E-16, 1.000000000000000000 ) ) ;
#8852 = ADVANCED_FACE ( 'NONE', ( #10986 ), #1197, .F. ) ;
#8853 = AXIS2_PLACEMENT_3D ( 'NONE', #5338, #11588, #2563 ) ;
#8854 = DIRECTION ( 'NONE',  ( -0.000000000000000000, 1.000000000000000000, 3.061616997868383141E-16 ) ) ;
#8855 = AXIS2_PLACEMENT_3D ( 'NONE', #7799, #4911, #4147 ) ;
#8856 = DIRECTION ( 'NONE',  ( 0.000000000000000000, -3.227392513445222318E-16, 1.000000000000000000 ) ) ;
#8857 = AXIS2_PLACEMENT_3D ( 'NONE', #7593, #3113, #7709 ) ;
#8858 = DIRECTION ( 'NONE',  ( -7.395570986446986770E-32, 1.000000000000000000, 3.061616997868381169E-16 ) ) ;
#8859 = ORIENTED_EDGE ( 'NONE', *, *, #1261, .F. ) ;
#8860 = CARTESIAN_POINT ( 'NONE',  ( 21.03017341577679389, -80.41022924428168039, -4.220101352581928644 ) ) ;
#8861 = DIRECTION ( 'NONE',  ( 0.000000000000000000, -1.000000000000000000, -3.061616997868383141E-16 ) ) ;
#8862 = EDGE_CURVE ( 'NONE', #8168, #10715, #9046, .T. ) ;
#8863 = EDGE_CURVE ( 'NONE', #4582, #8443, #3217, .T. ) ;
#8864 = CARTESIAN_POINT ( 'NONE',  ( -18.61954618136552142, 45.19999999999998863, -10.49999999999980638 ) ) ;
#8865 = EDGE_LOOP ( 'NONE', ( #6571, #3646, #10429, #505 ) ) ;
#8866 = CARTESIAN_POINT ( 'NONE',  ( 15.97761374776389331, 51.19999999999999574, -14.13630803671550673 ) ) ;
#8867 = ORIENTED_EDGE ( 'NONE', *, *, #5617, .T. ) ;
#8868 = LINE ( 'NONE', #965, #8474 ) ;
#8869 = CIRCLE ( 'NONE', #7527, 0.2500000000000002220 ) ;
#8870 = CIRCLE ( 'NONE', #385, 0.2500000000000002220 ) ;
#8871 = DIRECTION ( 'NONE',  ( -0.000000000000000000, 1.000000000000000000, 3.061616997868383141E-16 ) ) ;
#8872 = CIRCLE ( 'NONE', #1342, 0.2500000000000002220 ) ;
#8873 = VECTOR ( 'NONE', #6580, 1000.000000000000000 ) ;
#8874 = AXIS2_PLACEMENT_3D ( 'NONE', #4264, #11359, #5973 ) ;
#8875 = EDGE_LOOP ( 'NONE', ( #6097, #5644, #883, #4355 ) ) ;
#8876 = DIRECTION ( 'NONE',  ( 0.000000000000000000, 0.000000000000000000, 1.000000000000000000 ) ) ;
#8877 = ORIENTED_EDGE ( 'NONE', *, *, #9816, .F. ) ;
#8878 = ADVANCED_FACE ( 'NONE', ( #4025 ), #3851, .T. ) ;
#8879 = ADVANCED_FACE ( 'NONE', ( #8432 ), #1309, .F. ) ;
#8880 = DIRECTION ( 'NONE',  ( 0.000000000000000000, -1.000000000000000000, -3.061616997868383141E-16 ) ) ;
#8881 = DIRECTION ( 'NONE',  ( 0.000000000000000000, -1.000000000000000000, -3.061616997868383141E-16 ) ) ;
#8882 = ORIENTED_EDGE ( 'NONE', *, *, #9669, .F. ) ;
#8883 = VECTOR ( 'NONE', #2476, 1000.000000000000000 ) ;
#8884 = DIRECTION ( 'NONE',  ( -0.000000000000000000, 1.000000000000000000, 3.061616997868383141E-16 ) ) ;
#8885 = AXIS2_PLACEMENT_3D ( 'NONE', #10509, #10392, #1387 ) ;
#8886 = EDGE_CURVE ( 'NONE', #3101, #9350, #7734, .T. ) ;
#8887 = ORIENTED_EDGE ( 'NONE', *, *, #637, .T. ) ;
#8888 = DIRECTION ( 'NONE',  ( 9.860761315262647568E-32, 1.000000000000000000, 3.061616997868382155E-16 ) ) ;
#8889 = AXIS2_PLACEMENT_3D ( 'NONE', #3846, #113, #10850 ) ;
#8890 = VERTEX_POINT ( 'NONE', #5663 ) ;
#8891 = LINE ( 'NONE', #8000, #7727 ) ;
#8892 = ORIENTED_EDGE ( 'NONE', *, *, #401, .T. ) ;
#8893 = AXIS2_PLACEMENT_3D ( 'NONE', #5465, #9068, #8184 ) ;
#8894 = VERTEX_POINT ( 'NONE', #286 ) ;
#8895 = ORIENTED_EDGE ( 'NONE', *, *, #843, .F. ) ;
#8896 = AXIS2_PLACEMENT_3D ( 'NONE', #11631, #844, #6969 ) ;
#8897 = FACE_OUTER_BOUND ( 'NONE', #5547, .T. ) ;
#8898 = EDGE_LOOP ( 'NONE', ( #37, #8927, #334, #1901 ) ) ;
#8899 = DIRECTION ( 'NONE',  ( -0.000000000000000000, 1.000000000000000000, 3.061616997868383141E-16 ) ) ;
#8900 = CARTESIAN_POINT ( 'NONE',  ( 6.643865379061379528, 45.20000000000000284, 20.44771510034579975 ) ) ;
#8901 = ADVANCED_FACE ( 'NONE', ( #9313, #8616 ), #5019, .T. ) ;
#8902 = AXIS2_PLACEMENT_3D ( 'NONE', #7793, #9493, #3312 ) ;
#8903 = ORIENTED_EDGE ( 'NONE', *, *, #2577, .F. ) ;
#8904 = DIRECTION ( 'NONE',  ( 4.930380657631323784E-32, 1.000000000000000000, 3.061616997868383141E-16 ) ) ;
#8905 = CIRCLE ( 'NONE', #10785, 0.2500000000000002220 ) ;
#8906 = CYLINDRICAL_SURFACE ( 'NONE', #3753, 0.2500000000000002220 ) ;
#8907 = CARTESIAN_POINT ( 'NONE',  ( -19.64122733931598574, 51.19999999999999574, -8.744837826129506553 ) ) ;
#8908 = ORIENTED_EDGE ( 'NONE', *, *, #8185, .T. ) ;
#8909 = DIRECTION ( 'NONE',  ( -0.000000000000000000, 1.000000000000000000, 3.061616997868383141E-16 ) ) ;
#8910 = CARTESIAN_POINT ( 'NONE',  ( -11.49928352796079345, 51.20000000000000995, 18.16635567040261634 ) ) ;
#8911 = CIRCLE ( 'NONE', #10414, 21.50000000000000000 ) ;
#8912 = LINE ( 'NONE', #1721, #11302 ) ;
#8913 = ORIENTED_EDGE ( 'NONE', *, *, #7597, .F. ) ;
#8914 = EDGE_CURVE ( 'NONE', #5944, #8807, #198, .T. ) ;
#8915 = DIRECTION ( 'NONE',  ( -0.000000000000000000, 1.000000000000000000, 3.061616997868383141E-16 ) ) ;
#8916 = FACE_OUTER_BOUND ( 'NONE', #9020, .T. ) ;
#8917 = CYLINDRICAL_SURFACE ( 'NONE', #323, 0.2500000000000002220 ) ;
#8918 = CARTESIAN_POINT ( 'NONE',  ( 21.08072873382964119, 45.19999999999998863, -4.225266388133404050 ) ) ;
#8919 = DIRECTION ( 'NONE',  ( 3.081487911019577365E-33, 1.000000000000000000, 3.061616997868381662E-16 ) ) ;
#8920 = ADVANCED_FACE ( 'NONE', ( #4201 ), #476, .F. ) ;
#8921 = ORIENTED_EDGE ( 'NONE', *, *, #9326, .F. ) ;
#8922 = CARTESIAN_POINT ( 'NONE',  ( 3.116195710812345254, -80.41022924428168039, -21.27297168455585563 ) ) ;
#8923 = DIRECTION ( 'NONE',  ( 0.000000000000000000, 0.000000000000000000, 1.000000000000000000 ) ) ;
#8924 = DIRECTION ( 'NONE',  ( 7.395570986446986770E-32, 1.000000000000000000, 3.061616997868382648E-16 ) ) ;
#8925 = VERTEX_POINT ( 'NONE', #9555 ) ;
#8926 = CARTESIAN_POINT ( 'NONE',  ( 2.433985513305365408E-15, 24.20000000000000639, -19.25000000000002487 ) ) ;
#8927 = ORIENTED_EDGE ( 'NONE', *, *, #6438, .T. ) ;
#8928 = CYLINDRICAL_SURFACE ( 'NONE', #1527, 21.50000000000000355 ) ;
#8929 = ADVANCED_FACE ( 'NONE', ( #664 ), #9491, .F. ) ;
#8930 = DIRECTION ( 'NONE',  ( 9.860761315262647568E-32, 1.000000000000000000, 3.061616997868382648E-16 ) ) ;
#8931 = ORIENTED_EDGE ( 'NONE', *, *, #5928, .F. ) ;
#8932 = CARTESIAN_POINT ( 'NONE',  ( 21.19475577399852995, 45.19999999999998863, 3.610031534565363742 ) ) ;
#8933 = ORIENTED_EDGE ( 'NONE', *, *, #7755, .F. ) ;
#8934 = DIRECTION ( 'NONE',  ( 0.000000000000000000, -3.103659815676441484E-16, 1.000000000000000000 ) ) ;
#8935 = DIRECTION ( 'NONE',  ( 0.000000000000000000, 0.000000000000000000, -1.000000000000000000 ) ) ;
#8936 = ORIENTED_EDGE ( 'NONE', *, *, #11646, .T. ) ;
#8937 = ADVANCED_FACE ( 'NONE', ( #3310 ), #8679, .F. ) ;
#8938 = CARTESIAN_POINT ( 'NONE',  ( 1.961620953627966510E-15, 87.50000000000001421, -16.01785065697083610 ) ) ;
#8939 = EDGE_LOOP ( 'NONE', ( #8139, #11384, #6870, #650 ) ) ;
#8940 = ORIENTED_EDGE ( 'NONE', *, *, #10939, .F. ) ;
#8941 = DIRECTION ( 'NONE',  ( -0.000000000000000000, 1.000000000000000000, 3.061616997868383141E-16 ) ) ;
#8942 = ADVANCED_FACE ( 'NONE', ( #3193 ), #6896, .T. ) ;
#8943 = ORIENTED_EDGE ( 'NONE', *, *, #1775, .T. ) ;
#8944 = ORIENTED_EDGE ( 'NONE', *, *, #645, .T. ) ;
#8945 = VERTEX_POINT ( 'NONE', #6716 ) ;
#8946 = DIRECTION ( 'NONE',  ( -0.000000000000000000, 1.000000000000000000, 3.061616997868383141E-16 ) ) ;
#8947 = ORIENTED_EDGE ( 'NONE', *, *, #8427, .T. ) ;
#8948 = DIRECTION ( 'NONE',  ( -4.930380657631323784E-32, 1.000000000000000000, 3.061616997868381169E-16 ) ) ;
#8949 = EDGE_CURVE ( 'NONE', #5135, #11598, #2432, .T. ) ;
#8950 = ORIENTED_EDGE ( 'NONE', *, *, #6342, .F. ) ;
#8951 = DIRECTION ( 'NONE',  ( -0.000000000000000000, 1.000000000000000000, 3.061616997868383141E-16 ) ) ;
#8952 = ADVANCED_FACE ( 'NONE', ( #6783 ), #1435, .T. ) ;
#8953 = DIRECTION ( 'NONE',  ( -0.000000000000000000, 1.000000000000000000, 3.061616997868383141E-16 ) ) ;
#8954 = DIRECTION ( 'NONE',  ( -0.000000000000000000, 1.000000000000000000, 3.061616997868383141E-16 ) ) ;
#8955 = ORIENTED_EDGE ( 'NONE', *, *, #11440, .T. ) ;
#8956 = ORIENTED_EDGE ( 'NONE', *, *, #3021, .F. ) ;
#8957 = DIRECTION ( 'NONE',  ( -0.000000000000000000, 1.000000000000000000, 3.061616997868383141E-16 ) ) ;
#8958 = DIRECTION ( 'NONE',  ( -0.000000000000000000, 1.000000000000000000, 3.061616997868383141E-16 ) ) ;
#8959 = ORIENTED_EDGE ( 'NONE', *, *, #3656, .F. ) ;
#8960 = ADVANCED_FACE ( 'NONE', ( #11397 ), #604, .F. ) ;
#8961 = CARTESIAN_POINT ( 'NONE',  ( 0.000000000000000000, 87.50000000000001421, 15.40000000000001101 ) ) ;
#8962 = ORIENTED_EDGE ( 'NONE', *, *, #11346, .F. ) ;
#8963 = DIRECTION ( 'NONE',  ( -0.000000000000000000, 1.000000000000000000, 3.061616997868383141E-16 ) ) ;
#8964 = CARTESIAN_POINT ( 'NONE',  ( 0.000000000000000000, 45.20000000000000995, -9.220454712679835547E-15 ) ) ;
#8965 = VECTOR ( 'NONE', #8629, 1000.000000000000000 ) ;
#8966 = ORIENTED_EDGE ( 'NONE', *, *, #10091, .T. ) ;
#8967 = AXIS2_PLACEMENT_3D ( 'NONE', #2884, #9011, #6464 ) ;
#8968 = CARTESIAN_POINT ( 'NONE',  ( 8.744837826129582936, -80.41022924428168039, -19.64122733931598219 ) ) ;
#8969 = CARTESIAN_POINT ( 'NONE',  ( 0.000000000000000000, 87.50000000000001421, 3.730185188303422936E-15 ) ) ;
#8970 = DIRECTION ( 'NONE',  ( -0.000000000000000000, 1.000000000000000000, 3.061616997868383141E-16 ) ) ;
#8971 = DIRECTION ( 'NONE',  ( 0.000000000000000000, -3.227392513445222318E-16, 1.000000000000000000 ) ) ;
#8972 = ORIENTED_EDGE ( 'NONE', *, *, #1139, .F. ) ;
#8973 = CARTESIAN_POINT ( 'NONE',  ( -13.53038840757163541, 45.19999999999998863, -16.45863817132473983 ) ) ;
#8974 = EDGE_CURVE ( 'NONE', #7228, #2262, #7609, .T. ) ;
#8975 = LINE ( 'NONE', #1912, #10594 ) ;
#8976 = AXIS2_PLACEMENT_3D ( 'NONE', #2467, #9589, #8827 ) ;
#8977 = CARTESIAN_POINT ( 'NONE',  ( 0.000000000000000000, 87.50000000000001421, 3.730185188303422936E-15 ) ) ;
#8978 = VECTOR ( 'NONE', #4369, 1000.000000000000000 ) ;
#8979 = EDGE_CURVE ( 'NONE', #4292, #2328, #584, .T. ) ;
#8980 = CIRCLE ( 'NONE', #10488, 15.65000000000001101 ) ;
#8981 = EDGE_LOOP ( 'NONE', ( #3860, #5643, #1860, #8511 ) ) ;
#8982 = DIRECTION ( 'NONE',  ( 0.000000000000000000, -1.000000000000000000, -3.061616997868383141E-16 ) ) ;
#8983 = ORIENTED_EDGE ( 'NONE', *, *, #8829, .T. ) ;
#8984 = AXIS2_PLACEMENT_3D ( 'NONE', #2542, #10671, #5421 ) ;
#8985 = CIRCLE ( 'NONE', #10299, 0.2500000000000002220 ) ;
#8986 = DIRECTION ( 'NONE',  ( -0.000000000000000000, 1.000000000000000000, 3.061616997868383141E-16 ) ) ;
#8987 = AXIS2_PLACEMENT_3D ( 'NONE', #10072, #1120, #2001 ) ;
#8988 = CARTESIAN_POINT ( 'NONE',  ( -10.75000000000014744, 51.19999999999999574, -18.36954618136531892 ) ) ;
#8989 = EDGE_LOOP ( 'NONE', ( #6738, #10166, #9468, #8646 ) ) ;
#8990 = VECTOR ( 'NONE', #1780, 1000.000000000000000 ) ;
#8991 = EDGE_CURVE ( 'NONE', #1529, #7056, #5103, .T. ) ;
#8992 = DIRECTION ( 'NONE',  ( -0.000000000000000000, 1.000000000000000000, 3.061616997868383141E-16 ) ) ;
#8993 = AXIS2_PLACEMENT_3D ( 'NONE', #5719, #8375, #421 ) ;
#8994 = EDGE_CURVE ( 'NONE', #87, #9299, #5298, .T. ) ;
#8995 = VERTEX_POINT ( 'NONE', #10562 ) ;
#8996 = DIRECTION ( 'NONE',  ( 0.000000000000000000, -1.000000000000000000, -3.061616997868383141E-16 ) ) ;
#8997 = AXIS2_PLACEMENT_3D ( 'NONE', #4919, #8514, #7435 ) ;
#8998 = VERTEX_POINT ( 'NONE', #2490 ) ;
#8999 = CARTESIAN_POINT ( 'NONE',  ( -19.15664027004978465, 45.19999999999998863, 9.760795744400480700 ) ) ;
#9000 = VERTEX_POINT ( 'NONE', #4074 ) ;
#9001 = CARTESIAN_POINT ( 'NONE',  ( 0.000000000000000000, 45.20000000000000995, -9.220454712679835547E-15 ) ) ;
#9002 = ORIENTED_EDGE ( 'NONE', *, *, #8662, .T. ) ;
#9003 = VERTEX_POINT ( 'NONE', #2247 ) ;
#9004 = AXIS2_PLACEMENT_3D ( 'NONE', #1588, #4175, #697 ) ;
#9005 = EDGE_CURVE ( 'NONE', #4865, #758, #10169, .T. ) ;
#9006 = CARTESIAN_POINT ( 'NONE',  ( -18.03141721082671367, 45.19999999999998863, -11.70973925282289940 ) ) ;
#9007 = VERTEX_POINT ( 'NONE', #11276 ) ;
#9008 = CARTESIAN_POINT ( 'NONE',  ( -13.72375690439597307, 51.19999999999999574, -16.55018116000680095 ) ) ;
#9009 = ADVANCED_FACE ( 'NONE', ( #10384 ), #2603, .F. ) ;
#9010 = ORIENTED_EDGE ( 'NONE', *, *, #2278, .F. ) ;
#9011 = DIRECTION ( 'NONE',  ( 1.232595164407830946E-32, 1.000000000000000000, 3.061616997868381662E-16 ) ) ;
#9012 = CARTESIAN_POINT ( 'NONE',  ( 13.53038840757140804, -80.41022924428168039, -16.70863817132496365 ) ) ;
#9013 = CARTESIAN_POINT ( 'NONE',  ( 0.000000000000000000, 75.00000000000000000, -18.19686085958248967 ) ) ;
#9014 = VERTEX_POINT ( 'NONE', #6130 ) ;
#9015 = ORIENTED_EDGE ( 'NONE', *, *, #5659, .T. ) ;
#9016 = EDGE_CURVE ( 'NONE', #8656, #4295, #3493, .T. ) ;
#9017 = DIRECTION ( 'NONE',  ( 0.000000000000000000, 0.000000000000000000, 1.000000000000000000 ) ) ;
#9018 = EDGE_CURVE ( 'NONE', #10002, #6147, #56, .T. ) ;
#9019 = DIRECTION ( 'NONE',  ( 0.000000000000000000, 0.000000000000000000, 1.000000000000000000 ) ) ;
#9020 = EDGE_LOOP ( 'NONE', ( #10947, #8159, #10742, #9042 ) ) ;
#9021 = DIRECTION ( 'NONE',  ( 0.000000000000000000, -3.227392513445222318E-16, 1.000000000000000000 ) ) ;
#9022 = VECTOR ( 'NONE', #3202, 1000.000000000000000 ) ;
#9023 = DIRECTION ( 'NONE',  ( 0.000000000000000000, 0.000000000000000000, 1.000000000000000000 ) ) ;
#9024 = AXIS2_PLACEMENT_3D ( 'NONE', #11482, #1580, #9690 ) ;
#9025 = DIRECTION ( 'NONE',  ( -0.000000000000000000, 1.000000000000000000, 3.061616997868383141E-16 ) ) ;
#9026 = EDGE_CURVE ( 'NONE', #5591, #254, #6796, .T. ) ;
#9027 = CARTESIAN_POINT ( 'NONE',  ( -20.16021269457224108, 51.19999999999999574, 7.470998869602916592 ) ) ;
#9028 = VECTOR ( 'NONE', #2624, 1000.000000000000000 ) ;
#9029 = VERTEX_POINT ( 'NONE', #5315 ) ;
#9030 = CARTESIAN_POINT ( 'NONE',  ( 19.98103174821871519, 45.19999999999998863, 7.937781193550000225 ) ) ;
#9031 = CYLINDRICAL_SURFACE ( 'NONE', #5627, 0.2500000000000002220 ) ;
#9032 = DIRECTION ( 'NONE',  ( 0.000000000000000000, 0.000000000000000000, 1.000000000000000000 ) ) ;
#9033 = LINE ( 'NONE', #963, #9975 ) ;
#9034 = ORIENTED_EDGE ( 'NONE', *, *, #432, .F. ) ;
#9035 = CARTESIAN_POINT ( 'NONE',  ( 0.000000000000000000, 87.50000000000001421, 3.730185188303422936E-15 ) ) ;
#9036 = CIRCLE ( 'NONE', #6022, 21.50000000000000000 ) ;
#9037 = DIRECTION ( 'NONE',  ( 0.000000000000000000, 1.000000000000000000, 3.061616997868383141E-16 ) ) ;
#9038 = CIRCLE ( 'NONE', #7327, 21.50000000000001066 ) ;
#9039 = DIRECTION ( 'NONE',  ( -9.860761315262647568E-32, 1.000000000000000000, 3.061616997868383634E-16 ) ) ;
#9040 = ADVANCED_FACE ( 'NONE', ( #5253 ), #8020, .T. ) ;
#9041 = DIRECTION ( 'NONE',  ( 0.000000000000000000, 0.000000000000000000, 1.000000000000000000 ) ) ;
#9042 = ORIENTED_EDGE ( 'NONE', *, *, #10456, .F. ) ;
#9043 = CARTESIAN_POINT ( 'NONE',  ( 0.000000000000000000, 3.750000000000000888, 8.948518023597374693 ) ) ;
#9044 = DIRECTION ( 'NONE',  ( 0.000000000000000000, 0.000000000000000000, 1.000000000000000000 ) ) ;
#9045 = VECTOR ( 'NONE', #2730, 1000.000000000000000 ) ;
#9046 = CIRCLE ( 'NONE', #1715, 0.2500000000000002220 ) ;
#9047 = CIRCLE ( 'NONE', #8672, 21.50000000000001066 ) ;
#9048 = DIRECTION ( 'NONE',  ( 6.162975822039154730E-33, 1.000000000000000000, 3.061616997868382155E-16 ) ) ;
#9049 = DIRECTION ( 'NONE',  ( 0.000000000000000000, 0.000000000000000000, 1.000000000000000000 ) ) ;
#9050 = EDGE_LOOP ( 'NONE', ( #1165, #8477, #4282, #2828 ) ) ;
#9051 = EDGE_CURVE ( 'NONE', #10712, #4882, #11126, .T. ) ;
#9052 = CIRCLE ( 'NONE', #7162, 8.948518023597397786 ) ;
#9053 = FACE_OUTER_BOUND ( 'NONE', #8064, .T. ) ;
#9054 = AXIS2_PLACEMENT_3D ( 'NONE', #5483, #838, #1776 ) ;
#9055 = CIRCLE ( 'NONE', #5289, 0.2500000000000002220 ) ;
#9056 = EDGE_LOOP ( 'NONE', ( #11391, #3651, #8950, #2366 ) ) ;
#9057 = DIRECTION ( 'NONE',  ( -0.000000000000000000, 1.000000000000000000, 3.061616997868383141E-16 ) ) ;
#9058 = ORIENTED_EDGE ( 'NONE', *, *, #10431, .T. ) ;
#9059 = CYLINDRICAL_SURFACE ( 'NONE', #2647, 0.2500000000000002220 ) ;
#9060 = ORIENTED_EDGE ( 'NONE', *, *, #7245, .F. ) ;
#9061 = ADVANCED_FACE ( 'NONE', ( #1662 ), #3666, .T. ) ;
#9062 = DIRECTION ( 'NONE',  ( -0.000000000000000000, 1.000000000000000000, 3.061616997868383141E-16 ) ) ;
#9063 = ORIENTED_EDGE ( 'NONE', *, *, #6882, .F. ) ;
#9064 = EDGE_LOOP ( 'NONE', ( #11288, #7942, #4425, #6280 ) ) ;
#9065 = CIRCLE ( 'NONE', #2684, 21.50000000000001066 ) ;
#9066 = DIRECTION ( 'NONE',  ( 0.000000000000000000, -3.227392513445222318E-16, 1.000000000000000000 ) ) ;
#9067 = ORIENTED_EDGE ( 'NONE', *, *, #5197, .F. ) ;
#9068 = DIRECTION ( 'NONE',  ( -0.000000000000000000, 1.000000000000000000, 3.061616997868383141E-16 ) ) ;
#9069 = AXIS2_PLACEMENT_3D ( 'NONE', #7393, #4207, #9496 ) ;
#9070 = VECTOR ( 'NONE', #10915, 1000.000000000000000 ) ;
#9071 = ORIENTED_EDGE ( 'NONE', *, *, #8331, .T. ) ;
#9072 = EDGE_CURVE ( 'NONE', #2613, #2109, #4359, .T. ) ;
#9073 = CARTESIAN_POINT ( 'NONE',  ( 0.000000000000000000, 51.20000000000000995, -7.383484513958806747E-15 ) ) ;
#9074 = AXIS2_PLACEMENT_3D ( 'NONE', #10610, #8128, #1645 ) ;
#9075 = DIRECTION ( 'NONE',  ( 4.930380657631323784E-32, 1.000000000000000000, 3.061616997868381662E-16 ) ) ;
#9076 = DIRECTION ( 'NONE',  ( 7.395570986446986770E-32, 1.000000000000000000, 3.061616997868382648E-16 ) ) ;
#9077 = AXIS2_PLACEMENT_3D ( 'NONE', #7416, #5546, #6477 ) ;
#9078 = ORIENTED_EDGE ( 'NONE', *, *, #10585, .F. ) ;
#9079 = VERTEX_POINT ( 'NONE', #7244 ) ;
#9080 = CARTESIAN_POINT ( 'NONE',  ( -20.07197916968974027, 51.19999999999999574, 7.704910915224182588 ) ) ;
#9081 = CIRCLE ( 'NONE', #1930, 21.50000000000000000 ) ;
#9082 = CARTESIAN_POINT ( 'NONE',  ( 7.704910915223833534, 45.19999999999998863, -19.82197916968985751 ) ) ;
#9083 = ORIENTED_EDGE ( 'NONE', *, *, #5491, .T. ) ;
#9084 = CARTESIAN_POINT ( 'NONE',  ( 0.000000000000000000, 87.50000000000001421, 3.730185188303422936E-15 ) ) ;
#9085 = AXIS2_PLACEMENT_3D ( 'NONE', #1073, #9037, #4500 ) ;
#9086 = CYLINDRICAL_SURFACE ( 'NONE', #2320, 21.50000000000000355 ) ;
#9087 = AXIS2_PLACEMENT_3D ( 'NONE', #6953, #1713, #10552 ) ;
#9088 = CARTESIAN_POINT ( 'NONE',  ( -5.805710654484683708, 51.19999999999999574, -20.70129763556872149 ) ) ;
#9089 = EDGE_CURVE ( 'NONE', #11001, #6287, #6586, .T. ) ;
#9090 = DIRECTION ( 'NONE',  ( 0.000000000000000000, -3.061616997868383141E-16, 1.000000000000000000 ) ) ;
#9091 = FACE_OUTER_BOUND ( 'NONE', #5314, .T. ) ;
#9092 = CIRCLE ( 'NONE', #11551, 21.50000000000000000 ) ;
#9093 = ORIENTED_EDGE ( 'NONE', *, *, #7390, .F. ) ;
#9094 = DIRECTION ( 'NONE',  ( 0.000000000000000000, 0.000000000000000000, 1.000000000000000000 ) ) ;
#9095 = CARTESIAN_POINT ( 'NONE',  ( 10.53277056407845791, -80.41022924428168039, -18.74328531086486649 ) ) ;
#9096 = DIRECTION ( 'NONE',  ( 0.000000000000000000, 0.000000000000000000, 1.000000000000000000 ) ) ;
#9097 = CYLINDRICAL_SURFACE ( 'NONE', #6064, 21.50000000000000355 ) ;
#9098 = EDGE_LOOP ( 'NONE', ( #11639, #10480, #6495, #8201 ) ) ;
#9099 = CARTESIAN_POINT ( 'NONE',  ( 0.000000000000000000, 87.50000000000001421, 3.730185188303422936E-15 ) ) ;
#9100 = CARTESIAN_POINT ( 'NONE',  ( 0.000000000000000000, 87.50000000000001421, 3.730185188303422936E-15 ) ) ;
#9101 = DIRECTION ( 'NONE',  ( -0.000000000000000000, 1.000000000000000000, 3.061616997868383141E-16 ) ) ;
#9102 = EDGE_CURVE ( 'NONE', #10724, #7048, #785, .T. ) ;
#9103 = FACE_OUTER_BOUND ( 'NONE', #6884, .T. ) ;
#9104 = ORIENTED_EDGE ( 'NONE', *, *, #10423, .T. ) ;
#9105 = CARTESIAN_POINT ( 'NONE',  ( 0.000000000000000000, 45.20000000000000995, -9.220454712679835547E-15 ) ) ;
#9106 = ORIENTED_EDGE ( 'NONE', *, *, #2431, .T. ) ;
#9107 = CARTESIAN_POINT ( 'NONE',  ( -12.63738292428830867, 51.19999999999999574, -17.39386537906123920 ) ) ;
#9108 = CARTESIAN_POINT ( 'NONE',  ( 0.000000000000000000, 87.50000000000001421, 3.730185188303422936E-15 ) ) ;
#9109 = ORIENTED_EDGE ( 'NONE', *, *, #116, .F. ) ;
#9110 = DIRECTION ( 'NONE',  ( 0.000000000000000000, -1.000000000000000000, -3.061616997868383141E-16 ) ) ;
#9111 = VERTEX_POINT ( 'NONE', #9718 ) ;
#9112 = CARTESIAN_POINT ( 'NONE',  ( -12.83877941551891233, 51.19999999999999574, -17.24574565275877447 ) ) ;
#9113 = VERTEX_POINT ( 'NONE', #10843 ) ;
#9114 = DIRECTION ( 'NONE',  ( 0.000000000000000000, 0.000000000000000000, 1.000000000000000000 ) ) ;
#9115 = ORIENTED_EDGE ( 'NONE', *, *, #4233, .T. ) ;
#9116 = CARTESIAN_POINT ( 'NONE',  ( 20.76740526521493635, 45.19999999999998863, -5.564609469704264733 ) ) ;
#9117 = ORIENTED_EDGE ( 'NONE', *, *, #7347, .F. ) ;
#9118 = EDGE_LOOP ( 'NONE', ( #9415, #5347 ) ) ;
#9119 = CARTESIAN_POINT ( 'NONE',  ( -19.64122733931598574, -80.41022924428168039, -8.744837826129547409 ) ) ;
#9120 = ORIENTED_EDGE ( 'NONE', *, *, #6696, .F. ) ;
#9121 = DIRECTION ( 'NONE',  ( 0.000000000000000000, 0.000000000000000000, -1.000000000000000000 ) ) ;
#9122 = ADVANCED_FACE ( 'NONE', ( #9950 ), #10794, .F. ) ;
#9123 = DIRECTION ( 'NONE',  ( 0.000000000000000000, 0.000000000000000000, 1.000000000000000000 ) ) ;
#9124 = ORIENTED_EDGE ( 'NONE', *, *, #4858, .F. ) ;
#9125 = DIRECTION ( 'NONE',  ( 9.860761315262647568E-32, 1.000000000000000000, 3.061616997868382155E-16 ) ) ;
#9126 = EDGE_CURVE ( 'NONE', #9299, #11613, #2774, .T. ) ;
#9127 = CARTESIAN_POINT ( 'NONE',  ( -21.49854651162788954, 45.19999999999998863, 0.2499957747076374248 ) ) ;
#9128 = DIRECTION ( 'NONE',  ( 0.000000000000000000, 0.000000000000000000, -1.000000000000000000 ) ) ;
#9129 = ORIENTED_EDGE ( 'NONE', *, *, #920, .T. ) ;
#9130 = ORIENTED_EDGE ( 'NONE', *, *, #4131, .F. ) ;
#9131 = CARTESIAN_POINT ( 'NONE',  ( 0.000000000000000000, 45.20000000000000995, -9.220454712679835547E-15 ) ) ;
#9132 = CARTESIAN_POINT ( 'NONE',  ( 4.714331922580144330, 45.19999999999998863, -20.97677464539633974 ) ) ;
#9133 = ORIENTED_EDGE ( 'NONE', *, *, #4491, .F. ) ;
#9134 = LINE ( 'NONE', #337, #7175 ) ;
#9135 = EDGE_CURVE ( 'NONE', #1949, #9007, #10566, .T. ) ;
#9136 = FACE_OUTER_BOUND ( 'NONE', #9744, .T. ) ;
#9137 = CYLINDRICAL_SURFACE ( 'NONE', #11448, 0.2500000000000002220 ) ;
#9138 = CYLINDRICAL_SURFACE ( 'NONE', #7560, 0.2500000000000002220 ) ;
#9139 = ORIENTED_EDGE ( 'NONE', *, *, #462, .F. ) ;
#9140 = DIRECTION ( 'NONE',  ( 0.000000000000000000, -1.000000000000000000, -3.061616997868383141E-16 ) ) ;
#9141 = DIRECTION ( 'NONE',  ( 0.000000000000000000, -1.000000000000000000, -3.061616997868383141E-16 ) ) ;
#9142 = DIRECTION ( 'NONE',  ( -0.000000000000000000, 1.000000000000000000, 3.061616997868383141E-16 ) ) ;
#9143 = DIRECTION ( 'NONE',  ( -0.000000000000000000, 1.000000000000000000, 3.061616997868383141E-16 ) ) ;
#9144 = ORIENTED_EDGE ( 'NONE', *, *, #46, .T. ) ;
#9145 = DIRECTION ( 'NONE',  ( 0.000000000000000000, -3.227392513445222318E-16, 1.000000000000000000 ) ) ;
#9146 = ADVANCED_FACE ( 'NONE', ( #10624 ), #11682, .T. ) ;
#9147 = EDGE_CURVE ( 'NONE', #10087, #11130, #7743, .T. ) ;
#9148 = LINE ( 'NONE', #11642, #10018 ) ;
#9149 = DIRECTION ( 'NONE',  ( 4.930380657631323784E-32, 1.000000000000000000, 3.061616997868382155E-16 ) ) ;
#9150 = EDGE_CURVE ( 'NONE', #8659, #9227, #4727, .T. ) ;
#9151 = VECTOR ( 'NONE', #674, 1000.000000000000000 ) ;
#9152 = AXIS2_PLACEMENT_3D ( 'NONE', #9073, #9881, #7184 ) ;
#9153 = CARTESIAN_POINT ( 'NONE',  ( 19.98103174821858374, -80.41022924428168039, -7.937781193550295100 ) ) ;
#9154 = ORIENTED_EDGE ( 'NONE', *, *, #2035, .F. ) ;
#9155 = DIRECTION ( 'NONE',  ( 0.000000000000000000, 0.000000000000000000, 1.000000000000000000 ) ) ;
#9156 = ORIENTED_EDGE ( 'NONE', *, *, #3332, .T. ) ;
#9157 = DIRECTION ( 'NONE',  ( -0.000000000000000000, 1.000000000000000000, 3.061616997868383141E-16 ) ) ;
#9158 = DIRECTION ( 'NONE',  ( -9.860761315262647568E-32, 1.000000000000000000, 3.061616997868381662E-16 ) ) ;
#9159 = CARTESIAN_POINT ( 'NONE',  ( 6.405656115871581235, 51.19999999999999574, -20.52358569366467478 ) ) ;
#9160 = CIRCLE ( 'NONE', #1459, 21.50000000000001066 ) ;
#9161 = EDGE_CURVE ( 'NONE', #4498, #9770, #1145, .T. ) ;
#9162 = EDGE_CURVE ( 'NONE', #7116, #7191, #1997, .T. ) ;
#9163 = ORIENTED_EDGE ( 'NONE', *, *, #6487, .F. ) ;
#9164 = AXIS2_PLACEMENT_3D ( 'NONE', #1598, #5185, #8779 ) ;
#9165 = VECTOR ( 'NONE', #3116, 1000.000000000000000 ) ;
#9166 = CARTESIAN_POINT ( 'NONE',  ( 0.000000000000000000, 3.750000000000003553, -2.191085716884428736E-14 ) ) ;
#9167 = AXIS2_PLACEMENT_3D ( 'NONE', #8612, #11273, #2177 ) ;
#9168 = ORIENTED_EDGE ( 'NONE', *, *, #144, .T. ) ;
#9169 = CYLINDRICAL_SURFACE ( 'NONE', #8885, 0.2500000000000002220 ) ;
#9170 = AXIS2_PLACEMENT_3D ( 'NONE', #10334, #2199, #1511 ) ;
#9171 = AXIS2_PLACEMENT_3D ( 'NONE', #1895, #3669, #2837 ) ;
#9172 = ORIENTED_EDGE ( 'NONE', *, *, #5594, .T. ) ;
#9173 = DIRECTION ( 'NONE',  ( -0.000000000000000000, 1.000000000000000000, 3.061616997868383141E-16 ) ) ;
#9174 = ORIENTED_EDGE ( 'NONE', *, *, #2748, .F. ) ;
#9175 = CARTESIAN_POINT ( 'NONE',  ( -9.760795744400400764, 51.19999999999999574, -18.90664027004980596 ) ) ;
#9176 = CIRCLE ( 'NONE', #1472, 0.2500000000000002220 ) ;
#9177 = CARTESIAN_POINT ( 'NONE',  ( 0.000000000000000000, 45.20000000000000995, -9.220454712679835547E-15 ) ) ;
#9178 = VERTEX_POINT ( 'NONE', #6525 ) ;
#9179 = CARTESIAN_POINT ( 'NONE',  ( 0.000000000000000000, 24.19999999999999929, -1.564985040820344345E-14 ) ) ;
#9180 = CIRCLE ( 'NONE', #8046, 0.2500000000000002220 ) ;
#9181 = CIRCLE ( 'NONE', #5047, 0.2500000000000002220 ) ;
#9182 = VECTOR ( 'NONE', #9766, 1000.000000000000000 ) ;
#9183 = AXIS2_PLACEMENT_3D ( 'NONE', #136, #10703, #10760 ) ;
#9184 = EDGE_CURVE ( 'NONE', #6354, #10707, #11329, .T. ) ;
#9185 = EDGE_LOOP ( 'NONE', ( #4974, #6562, #8402, #8138 ) ) ;
#9186 = DIRECTION ( 'NONE',  ( -0.000000000000000000, 1.000000000000000000, 3.061616997868383141E-16 ) ) ;
#9187 = DIRECTION ( 'NONE',  ( -4.930380657631323784E-32, 1.000000000000000000, 3.061616997868382648E-16 ) ) ;
#9188 = CARTESIAN_POINT ( 'NONE',  ( -17.39386537906121788, 51.20000000000000995, 12.63738292428837617 ) ) ;
#9189 =( GEOMETRIC_REPRESENTATION_CONTEXT ( 3 ) GLOBAL_UNCERTAINTY_ASSIGNED_CONTEXT ( ( #7178 ) ) GLOBAL_UNIT_ASSIGNED_CONTEXT ( ( #6229, #767, #2644 ) ) REPRESENTATION_CONTEXT ( 'NONE', 'WORKASPACE' ) );
#9190 = EDGE_CURVE ( 'NONE', #1142, #1949, #3719, .T. ) ;
#9191 = AXIS2_PLACEMENT_3D ( 'NONE', #2371, #7910, #4380 ) ;
#9192 = ORIENTED_EDGE ( 'NONE', *, *, #1011, .F. ) ;
#9193 = ORIENTED_EDGE ( 'NONE', *, *, #10260, .T. ) ;
#9194 = DIRECTION ( 'NONE',  ( 0.000000000000000000, 0.000000000000000000, 1.000000000000000000 ) ) ;
#9195 = ORIENTED_EDGE ( 'NONE', *, *, #10711, .F. ) ;
#9196 = DIRECTION ( 'NONE',  ( 0.000000000000000000, -1.000000000000000000, -3.061616997868383141E-16 ) ) ;
#9197 = EDGE_CURVE ( 'NONE', #829, #9716, #1915, .T. ) ;
#9198 = CYLINDRICAL_SURFACE ( 'NONE', #1089, 0.2500000000000002220 ) ;
#9199 = EDGE_CURVE ( 'NONE', #6245, #3405, #3841, .T. ) ;
#9200 = CYLINDRICAL_SURFACE ( 'NONE', #4379, 0.2500000000000002220 ) ;
#9201 = ORIENTED_EDGE ( 'NONE', *, *, #481, .F. ) ;
#9202 = CARTESIAN_POINT ( 'NONE',  ( 0.2499957747073984216, -80.41022924428168039, -21.49854651162791797 ) ) ;
#9203 = DIRECTION ( 'NONE',  ( 0.000000000000000000, 0.000000000000000000, 1.000000000000000000 ) ) ;
#9204 = CARTESIAN_POINT ( 'NONE',  ( -17.89404075541356676, 51.20000000000000995, 11.91861172467657504 ) ) ;
#9205 = ADVANCED_FACE ( 'NONE', ( #273 ), #6472, .F. ) ;
#9206 = CARTESIAN_POINT ( 'NONE',  ( -16.70863817132498141, 51.19999999999999574, -13.53038840757134231 ) ) ;
#9207 = ORIENTED_EDGE ( 'NONE', *, *, #11646, .F. ) ;
#9208 = CYLINDRICAL_SURFACE ( 'NONE', #9412, 0.2500000000000002220 ) ;
#9209 = CARTESIAN_POINT ( 'NONE',  ( 7.470998869602406778, 45.19999999999998863, -20.16021269457240805 ) ) ;
#9210 = CARTESIAN_POINT ( 'NONE',  ( 0.000000000000000000, 75.00000000000000000, -18.19686085958248967 ) ) ;
#9211 = EDGE_CURVE ( 'NONE', #9903, #542, #9134, .T. ) ;
#9212 = EDGE_LOOP ( 'NONE', ( #10161, #11649, #4517, #647 ) ) ;
#9213 = DIRECTION ( 'NONE',  ( 0.000000000000000000, -1.000000000000000000, -3.061616997868383141E-16 ) ) ;
#9214 = ORIENTED_EDGE ( 'NONE', *, *, #9593, .F. ) ;
#9215 = DIRECTION ( 'NONE',  ( -0.000000000000000000, 1.000000000000000000, 3.061616997868383141E-16 ) ) ;
#9216 = CARTESIAN_POINT ( 'NONE',  ( -21.27297168455577392, 45.19999999999998863, 3.116195710812890152 ) ) ;
#9217 = DIRECTION ( 'NONE',  ( -9.860761315262647568E-32, 1.000000000000000000, 3.061616997868381662E-16 ) ) ;
#9218 = VECTOR ( 'NONE', #5898, 1000.000000000000000 ) ;
#9219 = ORIENTED_EDGE ( 'NONE', *, *, #2507, .F. ) ;
#9220 = DIRECTION ( 'NONE',  ( 0.000000000000000000, 0.000000000000000000, 1.000000000000000000 ) ) ;
#9221 = VERTEX_POINT ( 'NONE', #2894 ) ;
#9222 = DIRECTION ( 'NONE',  ( -0.000000000000000000, 1.000000000000000000, 3.061616997868383141E-16 ) ) ;
#9223 = ADVANCED_FACE ( 'NONE', ( #1183 ), #4710, .F. ) ;
#9224 = AXIS2_PLACEMENT_3D ( 'NONE', #6879, #396, #4816 ) ;
#9225 = ORIENTED_EDGE ( 'NONE', *, *, #3732, .F. ) ;
#9226 = FACE_OUTER_BOUND ( 'NONE', #10867, .T. ) ;
#9227 = VERTEX_POINT ( 'NONE', #2053 ) ;
#9228 = CYLINDRICAL_SURFACE ( 'NONE', #11295, 21.50000000000000355 ) ;
#9229 = CIRCLE ( 'NONE', #8289, 0.2500000000000002220 ) ;
#9230 = CARTESIAN_POINT ( 'NONE',  ( 0.000000000000000000, 51.20000000000000995, -7.383484513958806747E-15 ) ) ;
#9231 = ORIENTED_EDGE ( 'NONE', *, *, #5533, .F. ) ;
#9232 = LINE ( 'NONE', #3931, #3439 ) ;
#9234 = EDGE_CURVE ( 'NONE', #4061, #11657, #9250, .T. ) ;
#9233 = VECTOR ( 'NONE', #9613, 1000.000000000000000 ) ;
#9235 = CIRCLE ( 'NONE', #5299, 0.2500000000000002220 ) ;
#9236 = CARTESIAN_POINT ( 'NONE',  ( 0.000000000000000000, 61.70000000000000284, 19.50000000000000000 ) ) ;
#9237 = ORIENTED_EDGE ( 'NONE', *, *, #2690, .T. ) ;
#9238 = DIRECTION ( 'NONE',  ( -0.000000000000000000, 1.000000000000000000, 3.061616997868383141E-16 ) ) ;
#9239 = DIRECTION ( 'NONE',  ( -2.465190328815661892E-32, 1.000000000000000000, 3.061616997868381169E-16 ) ) ;
#9240 = CARTESIAN_POINT ( 'NONE',  ( -4.470101352581976606, 45.19999999999998863, -21.03017341577676191 ) ) ;
#9241 = VECTOR ( 'NONE', #2939, 1000.000000000000000 ) ;
#9242 = ORIENTED_EDGE ( 'NONE', *, *, #8137, .F. ) ;
#9243 = ORIENTED_EDGE ( 'NONE', *, *, #228, .F. ) ;
#9244 = AXIS2_PLACEMENT_3D ( 'NONE', #5642, #7406, #2934 ) ;
#9245 = CYLINDRICAL_SURFACE ( 'NONE', #9606, 21.50000000000000355 ) ;
#9246 = ORIENTED_EDGE ( 'NONE', *, *, #2917, .T. ) ;
#9247 = EDGE_CURVE ( 'NONE', #10762, #3432, #7304, .T. ) ;
#9248 = CARTESIAN_POINT ( 'NONE',  ( 21.03017341577682231, -80.41022924428168039, 4.470101352581736798 ) ) ;
#9249 = AXIS2_PLACEMENT_3D ( 'NONE', #4321, #9679, #2500 ) ;
#9250 = CIRCLE ( 'NONE', #11343, 0.2500000000000002220 ) ;
#9251 = CARTESIAN_POINT ( 'NONE',  ( 18.03141721082663196, -80.41022924428169460, 11.70973925282301487 ) ) ;
#9252 = DIRECTION ( 'NONE',  ( 4.930380657631323784E-32, 1.000000000000000000, 3.061616997868380676E-16 ) ) ;
#9253 = CIRCLE ( 'NONE', #9810, 21.50000000000000000 ) ;
#9254 = DIRECTION ( 'NONE',  ( -0.000000000000000000, 1.000000000000000000, 3.061616997868383141E-16 ) ) ;
#9255 = VERTEX_POINT ( 'NONE', #7413 ) ;
#9256 = VECTOR ( 'NONE', #470, 1000.000000000000000 ) ;
#9257 = ADVANCED_FACE ( 'NONE', ( #8360 ), #8309, .F. ) ;
#9258 = VERTEX_POINT ( 'NONE', #5593 ) ;
#9259 = FACE_OUTER_BOUND ( 'NONE', #6058, .T. ) ;
#9260 = CYLINDRICAL_SURFACE ( 'NONE', #10341, 0.2500000000000002220 ) ;
#9261 = CARTESIAN_POINT ( 'NONE',  ( -0.8754938253329386244, -80.41022924428168039, -21.48216726873256022 ) ) ;
#9262 = VECTOR ( 'NONE', #4109, 1000.000000000000000 ) ;
#9263 = DIRECTION ( 'NONE',  ( 0.000000000000000000, -3.248981738798774652E-16, 1.000000000000000000 ) ) ;
#9264 = VERTEX_POINT ( 'NONE', #6642 ) ;
#9265 = DIRECTION ( 'NONE',  ( 0.000000000000000000, -3.227392513445222318E-16, 1.000000000000000000 ) ) ;
#9266 = DIRECTION ( 'NONE',  ( 2.465190328815661892E-32, 1.000000000000000000, 3.061616997868381169E-16 ) ) ;
#9267 = FACE_OUTER_BOUND ( 'NONE', #4705, .T. ) ;
#9268 = VECTOR ( 'NONE', #6717, 1000.000000000000000 ) ;
#9269 = ADVANCED_FACE ( 'NONE', ( #7363 ), #4601, .T. ) ;
#9270 = EDGE_CURVE ( 'NONE', #3758, #2676, #3429, .T. ) ;
#9271 = VECTOR ( 'NONE', #7896, 1000.000000000000000 ) ;
#9272 = EDGE_LOOP ( 'NONE', ( #10820, #733, #8823, #8738 ) ) ;
#9273 = DIRECTION ( 'NONE',  ( 0.000000000000000000, 0.000000000000000000, -1.000000000000000000 ) ) ;
#9274 = CARTESIAN_POINT ( 'NONE',  ( 12.63738292428807419, 51.19999999999999574, -17.39386537906140973 ) ) ;
#9275 = CARTESIAN_POINT ( 'NONE',  ( 0.000000000000000000, 61.70000000000000995, -4.168786666197004375E-15 ) ) ;
#9276 = LINE ( 'NONE', #10938, #7733 ) ;
#9277 = DIRECTION ( 'NONE',  ( -0.000000000000000000, 1.000000000000000000, 3.061616997868383141E-16 ) ) ;
#9278 = VECTOR ( 'NONE', #4808, 1000.000000000000000 ) ;
#9279 = ORIENTED_EDGE ( 'NONE', *, *, #8297, .T. ) ;
#9280 = DIRECTION ( 'NONE',  ( -0.000000000000000000, 1.000000000000000000, 3.061616997868383141E-16 ) ) ;
#9281 = ORIENTED_EDGE ( 'NONE', *, *, #10666, .F. ) ;
#9282 = ORIENTED_EDGE ( 'NONE', *, *, #5062, .T. ) ;
#9283 = CARTESIAN_POINT ( 'NONE',  ( 0.000000000000000000, 45.20000000000000995, -9.220454712679835547E-15 ) ) ;
#9284 = VERTEX_POINT ( 'NONE', #11140 ) ;
#9285 = CARTESIAN_POINT ( 'NONE',  ( 18.16635567040244226, 45.19999999999998863, -11.49928352796111142 ) ) ;
#9286 = CIRCLE ( 'NONE', #60, 15.65000000000001101 ) ;
#9287 = LINE ( 'NONE', #679, #6216 ) ;
#9288 = ORIENTED_EDGE ( 'NONE', *, *, #881, .F. ) ;
#9289 = CARTESIAN_POINT ( 'NONE',  ( 0.000000000000000000, 51.20000000000000995, -7.383484513958806747E-15 ) ) ;
#9290 = EDGE_CURVE ( 'NONE', #7228, #3472, #6994, .T. ) ;
#9291 = ADVANCED_FACE ( 'NONE', ( #10244 ), #5750, .T. ) ;
#9292 = VERTEX_POINT ( 'NONE', #10904 ) ;
#9293 = DIRECTION ( 'NONE',  ( 0.000000000000000000, -1.000000000000000000, -3.061616997868383141E-16 ) ) ;
#9294 = DIRECTION ( 'NONE',  ( 0.000000000000000000, -3.227392513445220839E-16, 1.000000000000000000 ) ) ;
#9295 = CARTESIAN_POINT ( 'NONE',  ( 2.510525938252074481E-15, 51.20000000000001705, -20.50000000000001066 ) ) ;
#9296 = EDGE_LOOP ( 'NONE', ( #8593, #3777, #7598, #10261 ) ) ;
#9297 = VERTEX_POINT ( 'NONE', #6763 ) ;
#9298 = DIRECTION ( 'NONE',  ( -9.860761315262647568E-32, 1.000000000000000000, 3.061616997868383634E-16 ) ) ;
#9299 = VERTEX_POINT ( 'NONE', #7777 ) ;
#9300 = EDGE_CURVE ( 'NONE', #9629, #5639, #1163, .T. ) ;
#9301 = DIRECTION ( 'NONE',  ( 0.000000000000000000, -3.227392513445220839E-16, 1.000000000000000000 ) ) ;
#9302 = DIRECTION ( 'NONE',  ( -0.000000000000000000, 1.000000000000000000, 3.061616997868383141E-16 ) ) ;
#9303 = LINE ( 'NONE', #3118, #5227 ) ;
#9304 = CARTESIAN_POINT ( 'NONE',  ( 20.07197916968979001, 45.19999999999998863, -7.704910915224021828 ) ) ;
#9305 = ORIENTED_EDGE ( 'NONE', *, *, #1341, .F. ) ;
#9306 = ORIENTED_EDGE ( 'NONE', *, *, #81, .F. ) ;
#9307 = DIRECTION ( 'NONE',  ( 0.000000000000000000, 0.000000000000000000, 1.000000000000000000 ) ) ;
#9308 = CARTESIAN_POINT ( 'NONE',  ( -9.760795744400017071, 51.20000000000000995, 19.15664027005003334 ) ) ;
#9309 = EDGE_CURVE ( 'NONE', #9299, #87, #2086, .T. ) ;
#9310 = DIRECTION ( 'NONE',  ( -9.860761315262647568E-32, 1.000000000000000000, 3.061616997868382155E-16 ) ) ;
#9311 = CARTESIAN_POINT ( 'NONE',  ( -2.247361960254262048, 51.20000000000000995, 21.38222075041791115 ) ) ;
#9312 = ORIENTED_EDGE ( 'NONE', *, *, #3451, .F. ) ;
#9313 = FACE_BOUND ( 'NONE', #7262, .T. ) ;
#9314 = LINE ( 'NONE', #6658, #11362 ) ;
#9315 = LINE ( 'NONE', #1247, #8056 ) ;
#9316 = ORIENTED_EDGE ( 'NONE', *, *, #11079, .F. ) ;
#9317 = CARTESIAN_POINT ( 'NONE',  ( 7.704910915223833534, 45.19999999999998863, -20.07197916968985751 ) ) ;
#9318 = CARTESIAN_POINT ( 'NONE',  ( 19.15664027004991965, -80.41022924428168039, 9.760795744400178720 ) ) ;
#9319 = EDGE_CURVE ( 'NONE', #928, #1993, #2297, .T. ) ;
#9320 = LINE ( 'NONE', #8380, #6089 ) ;
#9321 = EDGE_LOOP ( 'NONE', ( #925, #10673, #3087, #3236 ) ) ;
#9322 = CARTESIAN_POINT ( 'NONE',  ( -17.39386537906147012, -80.41022924428168039, -12.63738292428803511 ) ) ;
#9323 = VERTEX_POINT ( 'NONE', #7595 ) ;
#9324 = FACE_OUTER_BOUND ( 'NONE', #4371, .T. ) ;
#9325 = VERTEX_POINT ( 'NONE', #2418 ) ;
#9326 = EDGE_CURVE ( 'NONE', #10046, #5760, #5817, .T. ) ;
#9327 = DIRECTION ( 'NONE',  ( 9.860761315262647568E-32, 1.000000000000000000, 3.061616997868382648E-16 ) ) ;
#9328 = DIRECTION ( 'NONE',  ( 0.000000000000000000, 0.000000000000000000, 1.000000000000000000 ) ) ;
#9329 = ORIENTED_EDGE ( 'NONE', *, *, #855, .F. ) ;
#9330 = EDGE_LOOP ( 'NONE', ( #1140, #11469, #9874, #4925 ) ) ;
#9331 = CARTESIAN_POINT ( 'NONE',  ( 0.000000000000000000, 45.20000000000000995, -9.220454712679835547E-15 ) ) ;
#9332 = ORIENTED_EDGE ( 'NONE', *, *, #1380, .T. ) ;
#9333 = CARTESIAN_POINT ( 'NONE',  ( 13.53038840757140804, 51.19999999999999574, -16.45863817132492102 ) ) ;
#9334 = CIRCLE ( 'NONE', #9152, 21.50000000000000000 ) ;
#9335 = DIRECTION ( 'NONE',  ( 4.930380657631323784E-32, 1.000000000000000000, 3.061616997868380676E-16 ) ) ;
#9336 = EDGE_CURVE ( 'NONE', #10131, #8998, #3240, .T. ) ;
#9337 = CIRCLE ( 'NONE', #10855, 21.50000000000000000 ) ;
#9338 = EDGE_LOOP ( 'NONE', ( #739, #10383, #5873, #2808 ) ) ;
#9339 = CARTESIAN_POINT ( 'NONE',  ( 15.97761374776399457, 51.20000000000000995, 14.38630803671543212 ) ) ;
#9340 = CIRCLE ( 'NONE', #122, 21.50000000000001066 ) ;
#9341 = CIRCLE ( 'NONE', #5959, 21.50000000000000000 ) ;
#9342 = AXIS2_PLACEMENT_3D ( 'NONE', #9482, #7717, #5942 ) ;
#9343 = VERTEX_POINT ( 'NONE', #11196 ) ;
#9344 = LINE ( 'NONE', #4939, #1249 ) ;
#9345 = CIRCLE ( 'NONE', #10676, 0.2500000000000002220 ) ;
#9346 = LINE ( 'NONE', #3936, #8394 ) ;
#9347 = DIRECTION ( 'NONE',  ( 0.000000000000000000, 0.000000000000000000, -1.000000000000000000 ) ) ;
#9348 = EDGE_CURVE ( 'NONE', #2756, #5478, #4924, .T. ) ;
#9349 = ORIENTED_EDGE ( 'NONE', *, *, #6368, .F. ) ;
#9350 = VERTEX_POINT ( 'NONE', #527 ) ;
#9351 = CIRCLE ( 'NONE', #9914, 0.2500000000000002220 ) ;
#9352 = CIRCLE ( 'NONE', #2405, 0.2500000000000002220 ) ;
#9353 = DIRECTION ( 'NONE',  ( 0.000000000000000000, 0.000000000000000000, 1.000000000000000000 ) ) ;
#9354 = ORIENTED_EDGE ( 'NONE', *, *, #6846, .T. ) ;
#9355 = VECTOR ( 'NONE', #9252, 1000.000000000000000 ) ;
#9356 = EDGE_CURVE ( 'NONE', #10110, #8659, #1355, .T. ) ;
#9357 = CARTESIAN_POINT ( 'NONE',  ( -21.23529932279548049, -80.41022924428168039, -3.363340998364782841 ) ) ;
#9358 = CARTESIAN_POINT ( 'NONE',  ( 0.000000000000000000, 51.20000000000000995, -7.383484513958806747E-15 ) ) ;
#9359 = DIRECTION ( 'NONE',  ( 0.000000000000000000, 0.000000000000000000, 1.000000000000000000 ) ) ;
#9360 = CIRCLE ( 'NONE', #10877, 0.2500000000000002220 ) ;
#9361 = DIRECTION ( 'NONE',  ( -0.000000000000000000, 1.000000000000000000, 3.061616997868383141E-16 ) ) ;
#9362 = PLANE ( 'NONE',  #10409 ) ;
#9363 = ORIENTED_EDGE ( 'NONE', *, *, #9051, .T. ) ;
#9364 = EDGE_CURVE ( 'NONE', #7221, #5508, #9995, .T. ) ;
#9365 = EDGE_CURVE ( 'NONE', #8755, #8443, #11528, .T. ) ;
#9366 = CIRCLE ( 'NONE', #5791, 21.50000000000001066 ) ;
#9367 = ORIENTED_EDGE ( 'NONE', *, *, #950, .F. ) ;
#9368 = DIRECTION ( 'NONE',  ( -0.000000000000000000, 1.000000000000000000, 3.061616997868383141E-16 ) ) ;
#9369 = DIRECTION ( 'NONE',  ( 0.000000000000000000, 0.000000000000000000, 1.000000000000000000 ) ) ;
#9370 = CARTESIAN_POINT ( 'NONE',  ( -21.03017341577676547, -80.41022924428168039, 4.470101352582026344 ) ) ;
#9371 = CARTESIAN_POINT ( 'NONE',  ( -14.19955239679496728, 45.19999999999998863, -16.14381341971825634 ) ) ;
#9372 = ORIENTED_EDGE ( 'NONE', *, *, #8297, .F. ) ;
#9373 = DIRECTION ( 'NONE',  ( -0.000000000000000000, 1.000000000000000000, 3.061616997868383141E-16 ) ) ;
#9374 = CARTESIAN_POINT ( 'NONE',  ( -10.53277056407832823, 45.20000000000000284, 18.74328531086493044 ) ) ;
#9375 = EDGE_CURVE ( 'NONE', #10319, #6838, #3115, .T. ) ;
#9376 = CARTESIAN_POINT ( 'NONE',  ( 21.23529932279543431, 51.19999999999999574, -3.113340998365024870 ) ) ;
#9377 = ORIENTED_EDGE ( 'NONE', *, *, #2355, .F. ) ;
#9378 = CARTESIAN_POINT ( 'NONE',  ( 3.610031534565584899, -80.41022924428169460, 21.19475577399845179 ) ) ;
#9379 = DIRECTION ( 'NONE',  ( -0.000000000000000000, 1.000000000000000000, 3.061616997868383141E-16 ) ) ;
#9380 = CYLINDRICAL_SURFACE ( 'NONE', #5947, 0.2500000000000002220 ) ;
#9381 = ORIENTED_EDGE ( 'NONE', *, *, #7821, .T. ) ;
#9382 = CARTESIAN_POINT ( 'NONE',  ( -2.495836301044687122, 51.19999999999999574, -21.35464355025360206 ) ) ;
#9383 = ORIENTED_EDGE ( 'NONE', *, *, #5542, .F. ) ;
#9384 = DIRECTION ( 'NONE',  ( -0.000000000000000000, 1.000000000000000000, 3.061616997868383141E-16 ) ) ;
#9385 = VECTOR ( 'NONE', #3598, 1000.000000000000000 ) ;
#9386 = ORIENTED_EDGE ( 'NONE', *, *, #10165, .F. ) ;
#9387 = AXIS2_PLACEMENT_3D ( 'NONE', #5847, #9445, #10396 ) ;
#9388 = CARTESIAN_POINT ( 'NONE',  ( 18.49328953615740900, -80.41022924428169460, 10.96577594754925755 ) ) ;
#9389 = FACE_OUTER_BOUND ( 'NONE', #10413, .T. ) ;
#9390 = CIRCLE ( 'NONE', #10145, 21.50000000000001066 ) ;
#9391 = VERTEX_POINT ( 'NONE', #3360 ) ;
#9392 = ORIENTED_EDGE ( 'NONE', *, *, #1590, .T. ) ;
#9393 = CARTESIAN_POINT ( 'NONE',  ( 0.000000000000000000, 51.20000000000000995, -7.383484513958806747E-15 ) ) ;
#9394 = VECTOR ( 'NONE', #5605, 1000.000000000000000 ) ;
#9395 = ORIENTED_EDGE ( 'NONE', *, *, #10023, .T. ) ;
#9396 = AXIS2_PLACEMENT_3D ( 'NONE', #6989, #5922, #5799 ) ;
#9397 = AXIS2_PLACEMENT_3D ( 'NONE', #3371, #11513, #3436 ) ;
#9398 = DIRECTION ( 'NONE',  ( 2.465190328815661892E-32, 1.000000000000000000, 3.061616997868383141E-16 ) ) ;
#9399 = EDGE_CURVE ( 'NONE', #8123, #9113, #2854, .T. ) ;
#9400 = CARTESIAN_POINT ( 'NONE',  ( 2.247361960254412150, -80.41022924428168039, -21.38222075041790404 ) ) ;
#9401 = VERTEX_POINT ( 'NONE', #9477 ) ;
#9402 = DIRECTION ( 'NONE',  ( -0.000000000000000000, 1.000000000000000000, 3.061616997868383141E-16 ) ) ;
#9403 = CIRCLE ( 'NONE', #8853, 21.50000000000000000 ) ;
#9404 = DIRECTION ( 'NONE',  ( 0.000000000000000000, -3.227392513445222318E-16, 1.000000000000000000 ) ) ;
#9405 = AXIS2_PLACEMENT_3D ( 'NONE', #5615, #9213, #6548 ) ;
#9406 = VERTEX_POINT ( 'NONE', #8543 ) ;
#9407 = FACE_OUTER_BOUND ( 'NONE', #846, .T. ) ;
#9408 = CARTESIAN_POINT ( 'NONE',  ( 20.83070497094759332, 45.19999999999998863, 5.322755903978593217 ) ) ;
#9409 = FACE_OUTER_BOUND ( 'NONE', #2707, .T. ) ;
#9410 = VERTEX_POINT ( 'NONE', #10430 ) ;
#9411 = ORIENTED_EDGE ( 'NONE', *, *, #251, .T. ) ;
#9412 = AXIS2_PLACEMENT_3D ( 'NONE', #2848, #2957, #11091 ) ;
#9413 = AXIS2_PLACEMENT_3D ( 'NONE', #9119, #7398, #1808 ) ;
#9414 = DIRECTION ( 'NONE',  ( 4.930380657631323784E-32, 1.000000000000000000, 3.061616997868382648E-16 ) ) ;
#9415 = ORIENTED_EDGE ( 'NONE', *, *, #5920, .T. ) ;
#9416 = CARTESIAN_POINT ( 'NONE',  ( -21.27297168455584142, -80.41022924428168039, -3.116195710812305730 ) ) ;
#9417 = EDGE_CURVE ( 'NONE', #972, #3244, #1420, .T. ) ;
#9418 = AXIS2_PLACEMENT_3D ( 'NONE', #1932, #3473, #2750 ) ;
#9419 = DIRECTION ( 'NONE',  ( -0.000000000000000000, 1.000000000000000000, 3.061616997868383141E-16 ) ) ;
#9420 = ORIENTED_EDGE ( 'NONE', *, *, #5866, .F. ) ;
#9421 = LINE ( 'NONE', #9481, #6920 ) ;
#9422 = AXIS2_PLACEMENT_3D ( 'NONE', #7131, #10731, #889 ) ;
#9423 = AXIS2_PLACEMENT_3D ( 'NONE', #6068, #2980, #994 ) ;
#9424 = CARTESIAN_POINT ( 'NONE',  ( -21.49854651162790375, 51.19999999999999574, 0.2499957747074712799 ) ) ;
#9425 = CARTESIAN_POINT ( 'NONE',  ( 11.70973925282297579, -80.41022924428168039, -18.03141721082669591 ) ) ;
#9426 = EDGE_CURVE ( 'NONE', #243, #3644, #9597, .T. ) ;
#9427 = ORIENTED_EDGE ( 'NONE', *, *, #10969, .T. ) ;
#9428 = ORIENTED_EDGE ( 'NONE', *, *, #5994, .F. ) ;
#9429 = CARTESIAN_POINT ( 'NONE',  ( 0.000000000000000000, 87.50000000000001421, 3.730185188303422936E-15 ) ) ;
#9430 = PLANE ( 'NONE',  #6784 ) ;
#9431 = DIRECTION ( 'NONE',  ( -9.860761315262647568E-32, 1.000000000000000000, 3.061616997868382155E-16 ) ) ;
#9432 = DIRECTION ( 'NONE',  ( 1.848892746611746693E-32, 1.000000000000000000, 3.061616997868380676E-16 ) ) ;
#9433 = ORIENTED_EDGE ( 'NONE', *, *, #7559, .T. ) ;
#9434 = DIRECTION ( 'NONE',  ( -0.000000000000000000, 1.000000000000000000, 3.061616997868383141E-16 ) ) ;
#9435 = CIRCLE ( 'NONE', #10385, 0.2500000000000002220 ) ;
#9436 = CARTESIAN_POINT ( 'NONE',  ( 0.000000000000000000, 45.20000000000000995, -9.220454712679835547E-15 ) ) ;
#9437 = EDGE_CURVE ( 'NONE', #837, #10841, #5112, .T. ) ;
#9438 = EDGE_CURVE ( 'NONE', #5478, #4375, #8596, .T. ) ;
#9439 = CIRCLE ( 'NONE', #2859, 0.2500000000000002220 ) ;
#9440 = DIRECTION ( 'NONE',  ( 0.000000000000000000, -3.227392513445222318E-16, 1.000000000000000000 ) ) ;
#9441 = AXIS2_PLACEMENT_3D ( 'NONE', #10981, #9140, #10075 ) ;
#9442 = AXIS2_PLACEMENT_3D ( 'NONE', #1166, #1986, #1222 ) ;
#9443 = VERTEX_POINT ( 'NONE', #8661 ) ;
#9444 = CARTESIAN_POINT ( 'NONE',  ( -9.760795744400400764, 51.19999999999999574, -19.15664027004980596 ) ) ;
#9445 = DIRECTION ( 'NONE',  ( -0.000000000000000000, 1.000000000000000000, 3.061616997868383141E-16 ) ) ;
#9446 = AXIS2_PLACEMENT_3D ( 'NONE', #8744, #3844, #4661 ) ;
#9447 = FACE_OUTER_BOUND ( 'NONE', #11281, .T. ) ;
#9448 = VERTEX_POINT ( 'NONE', #5127 ) ;
#9449 = DIRECTION ( 'NONE',  ( -0.000000000000000000, 1.000000000000000000, 3.061616997868383141E-16 ) ) ;
#9450 = ORIENTED_EDGE ( 'NONE', *, *, #11238, .F. ) ;
#9451 = CARTESIAN_POINT ( 'NONE',  ( 0.000000000000000000, 45.20000000000000995, -9.220454712679835547E-15 ) ) ;
#9452 = VERTEX_POINT ( 'NONE', #4238 ) ;
#9453 = EDGE_CURVE ( 'NONE', #10087, #10642, #9807, .T. ) ;
#9454 = AXIS2_PLACEMENT_3D ( 'NONE', #6544, #9266, #5775 ) ;
#9455 = CARTESIAN_POINT ( 'NONE',  ( 0.000000000000000000, 87.50000000000001421, 3.730185188303422936E-15 ) ) ;
#9456 = DIRECTION ( 'NONE',  ( 0.000000000000000000, 1.000000000000000000, 3.061616997868383141E-16 ) ) ;
#9457 = AXIS2_PLACEMENT_3D ( 'NONE', #8907, #9665, #5186 ) ;
#9458 = ORIENTED_EDGE ( 'NONE', *, *, #8663, .F. ) ;
#9459 = ORIENTED_EDGE ( 'NONE', *, *, #9089, .T. ) ;
#9460 = CARTESIAN_POINT ( 'NONE',  ( 5.564609469704060452, -80.41022924428168039, -20.76740526521501451 ) ) ;
#9461 = ORIENTED_EDGE ( 'NONE', *, *, #6456, .T. ) ;
#9462 = AXIS2_PLACEMENT_3D ( 'NONE', #3440, #6131, #4966 ) ;
#9463 = DIRECTION ( 'NONE',  ( 0.000000000000000000, -3.227392513445220839E-16, 1.000000000000000000 ) ) ;
#9464 = CARTESIAN_POINT ( 'NONE',  ( 6.881176337034720980, 45.19999999999998863, -20.36907980785176164 ) ) ;
#9465 = ORIENTED_EDGE ( 'NONE', *, *, #8112, .T. ) ;
#9466 = DIRECTION ( 'NONE',  ( 7.395570986446986770E-32, 1.000000000000000000, 3.061616997868381169E-16 ) ) ;
#9467 = CARTESIAN_POINT ( 'NONE',  ( 21.35464355025357008, 45.19999999999998863, -2.495836301044761729 ) ) ;
#9468 = ORIENTED_EDGE ( 'NONE', *, *, #3411, .T. ) ;
#9469 = DIRECTION ( 'NONE',  ( 0.000000000000000000, 0.000000000000000000, -1.000000000000000000 ) ) ;
#9470 = FACE_OUTER_BOUND ( 'NONE', #7440, .T. ) ;
#9471 = CARTESIAN_POINT ( 'NONE',  ( -3.363340998364683809, 51.20000000000000995, 21.23529932279551247 ) ) ;
#9472 = ORIENTED_EDGE ( 'NONE', *, *, #795, .F. ) ;
#9473 = ORIENTED_EDGE ( 'NONE', *, *, #3287, .F. ) ;
#9474 = ADVANCED_FACE ( 'NONE', ( #11436 ), #6946, .F. ) ;
#9475 = CARTESIAN_POINT ( 'NONE',  ( -13.33519049100576126, -80.41022924428168039, -16.86483603740605020 ) ) ;
#9476 = ORIENTED_EDGE ( 'NONE', *, *, #5768, .T. ) ;
#9477 = CARTESIAN_POINT ( 'NONE',  ( -16.55018116000704254, 51.19999999999999574, -13.72375690439567641 ) ) ;
#9478 = EDGE_CURVE ( 'NONE', #11341, #8995, #9435, .T. ) ;
#9479 = CARTESIAN_POINT ( 'NONE',  ( -6.405656115871424916, 51.20000000000000995, 20.52358569366470675 ) ) ;
#9480 = EDGE_LOOP ( 'NONE', ( #2173, #11011, #7648, #1470 ) ) ;
#9481 = CARTESIAN_POINT ( 'NONE',  ( 1.374800153706111416, -80.41022924428169460, 21.45599973288050322 ) ) ;
#9482 = CARTESIAN_POINT ( 'NONE',  ( -3.363340998365109691, 51.19999999999999574, -21.23529932279540589 ) ) ;
#9483 = CYLINDRICAL_SURFACE ( 'NONE', #10397, 0.2500000000000002220 ) ;
#9484 = VERTEX_POINT ( 'NONE', #3531 ) ;
#9485 = EDGE_LOOP ( 'NONE', ( #5749, #7667, #7877, #2430 ) ) ;
#9486 = DIRECTION ( 'NONE',  ( 0.000000000000000000, -3.227392513445220839E-16, 1.000000000000000000 ) ) ;
#9487 = CARTESIAN_POINT ( 'NONE',  ( 0.000000000000000000, 51.20000000000000995, -7.383484513958806747E-15 ) ) ;
#9488 = LINE ( 'NONE', #4135, #6150 ) ;
#9489 = DIRECTION ( 'NONE',  ( 4.930380657631323784E-32, 1.000000000000000000, 3.061616997868382648E-16 ) ) ;
#9490 = VERTEX_POINT ( 'NONE', #10659 ) ;
#9491 = CYLINDRICAL_SURFACE ( 'NONE', #8485, 0.2500000000000002220 ) ;
#9492 = EDGE_CURVE ( 'NONE', #1651, #2525, #8125, .T. ) ;
#9493 = DIRECTION ( 'NONE',  ( -0.000000000000000000, 1.000000000000000000, 3.061616997868383141E-16 ) ) ;
#9494 = APPLICATION_CONTEXT ( 'automotive_design' ) ;
#9495 = LINE ( 'NONE', #4844, #10506 ) ;
#9496 = DIRECTION ( 'NONE',  ( 0.000000000000000000, 0.000000000000000000, -1.000000000000000000 ) ) ;
#9497 = VERTEX_POINT ( 'NONE', #3655 ) ;
#9498 = CARTESIAN_POINT ( 'NONE',  ( 16.55018116000682937, -80.41022924428169460, 13.72375690439588780 ) ) ;
#9499 = CARTESIAN_POINT ( 'NONE',  ( 0.000000000000000000, 87.50000000000001421, 3.730185188303422936E-15 ) ) ;
#9500 = EDGE_CURVE ( 'NONE', #8750, #542, #3033, .T. ) ;
#9501 = DIRECTION ( 'NONE',  ( -0.000000000000000000, 1.000000000000000000, 3.061616997868383141E-16 ) ) ;
#9502 = EDGE_LOOP ( 'NONE', ( #410, #3070, #7692, #7113 ) ) ;
#9503 = DIRECTION ( 'NONE',  ( -9.860761315262647568E-32, 1.000000000000000000, 3.061616997868381662E-16 ) ) ;
#9504 = ORIENTED_EDGE ( 'NONE', *, *, #6509, .F. ) ;
#9505 = CARTESIAN_POINT ( 'NONE',  ( 19.04184949573529906, -80.41022924428168039, -9.982883740771763215 ) ) ;
#9506 = CARTESIAN_POINT ( 'NONE',  ( 1.125223059223294575, 51.20000000000000995, 21.47053499722334990 ) ) ;
#9507 = ORIENTED_EDGE ( 'NONE', *, *, #6721, .F. ) ;
#9508 = EDGE_CURVE ( 'NONE', #11300, #9079, #205, .T. ) ;
#9509 = CARTESIAN_POINT ( 'NONE',  ( 2.495836301044561889, -80.41022924428168039, -21.35464355025362693 ) ) ;
#9510 = CARTESIAN_POINT ( 'NONE',  ( 8.515864134734579594, 45.19999999999998863, -19.74158195380350378 ) ) ;
#9511 = ORIENTED_EDGE ( 'NONE', *, *, #9867, .F. ) ;
#9512 = ORIENTED_EDGE ( 'NONE', *, *, #2452, .F. ) ;
#9513 = CARTESIAN_POINT ( 'NONE',  ( 20.76740526521497543, 45.19999999999998863, 5.564609469704146605 ) ) ;
#9514 = ORIENTED_EDGE ( 'NONE', *, *, #8523, .F. ) ;
#9515 = EDGE_CURVE ( 'NONE', #8602, #2555, #4301, .T. ) ;
#9516 = EDGE_CURVE ( 'NONE', #9865, #367, #769, .T. ) ;
#9517 = CARTESIAN_POINT ( 'NONE',  ( 0.000000000000000000, 3.750000000000000888, 8.698518023597374693 ) ) ;
#9518 = CYLINDRICAL_SURFACE ( 'NONE', #2605, 0.2500000000000002220 ) ;
#9519 = ORIENTED_EDGE ( 'NONE', *, *, #6594, .T. ) ;
#9520 = CARTESIAN_POINT ( 'NONE',  ( 0.000000000000000000, 87.50000000000001421, 3.730185188303422936E-15 ) ) ;
#9521 = EDGE_CURVE ( 'NONE', #4839, #2717, #4546, .T. ) ;
#9522 = CIRCLE ( 'NONE', #9894, 21.50000000000001066 ) ;
#9523 = ORIENTED_EDGE ( 'NONE', *, *, #1782, .T. ) ;
#9524 = LINE ( 'NONE', #5171, #3626 ) ;
#9525 = VECTOR ( 'NONE', #1879, 1000.000000000000000 ) ;
#9526 = DIRECTION ( 'NONE',  ( 0.000000000000000000, 0.000000000000000000, 1.000000000000000000 ) ) ;
#9527 = LINE ( 'NONE', #3877, #8038 ) ;
#9528 = VERTEX_POINT ( 'NONE', #9008 ) ;
#9529 = ORIENTED_EDGE ( 'NONE', *, *, #4789, .T. ) ;
#9530 = DIRECTION ( 'NONE',  ( 0.000000000000000000, -3.227392513445220839E-16, 1.000000000000000000 ) ) ;
#9531 = ORIENTED_EDGE ( 'NONE', *, *, #8792, .F. ) ;
#9532 = DIRECTION ( 'NONE',  ( 0.000000000000000000, 0.000000000000000000, 1.000000000000000000 ) ) ;
#9533 = CIRCLE ( 'NONE', #4455, 0.2500000000000002220 ) ;
#9534 = AXIS2_PLACEMENT_3D ( 'NONE', #4038, #7688, #5856 ) ;
#9535 = CIRCLE ( 'NONE', #6904, 0.2500000000000002220 ) ;
#9536 = EDGE_CURVE ( 'NONE', #2145, #6728, #7120, .T. ) ;
#9537 = CARTESIAN_POINT ( 'NONE',  ( -20.07197916968989659, -80.41022924428168039, -7.704910915223790013 ) ) ;
#9538 = VECTOR ( 'NONE', #2116, 1000.000000000000000 ) ;
#9539 = EDGE_CURVE ( 'NONE', #5944, #2524, #971, .T. ) ;
#9540 = ORIENTED_EDGE ( 'NONE', *, *, #7986, .F. ) ;
#9541 = CARTESIAN_POINT ( 'NONE',  ( -20.97677464539619407, -80.41022924428168039, 4.714331922580630163 ) ) ;
#9542 = DIRECTION ( 'NONE',  ( 9.860761315262647568E-32, 1.000000000000000000, 3.061616997868382648E-16 ) ) ;
#9543 = DIRECTION ( 'NONE',  ( 0.000000000000000000, -1.000000000000000000, -3.061616997868383141E-16 ) ) ;
#9544 = AXIS2_PLACEMENT_3D ( 'NONE', #8581, #504, #3928 ) ;
#9545 = AXIS2_PLACEMENT_3D ( 'NONE', #4395, #6983, #1621 ) ;
#9546 = EDGE_LOOP ( 'NONE', ( #9687, #3270, #9174, #4100 ) ) ;
#9547 = VECTOR ( 'NONE', #4127, 1000.000000000000000 ) ;
#9548 = DIRECTION ( 'NONE',  ( -0.000000000000000000, 1.000000000000000000, 3.061616997868383141E-16 ) ) ;
#9549 = CARTESIAN_POINT ( 'NONE',  ( 0.000000000000000000, 70.04536989052154183, -1.613754035165033947E-15 ) ) ;
#9550 = CARTESIAN_POINT ( 'NONE',  ( -12.43427775499837118, 51.20000000000000995, 17.53963331177571661 ) ) ;
#9551 = LINE ( 'NONE', #6655, #2457 ) ;
#9552 = CIRCLE ( 'NONE', #7865, 21.50000000000000000 ) ;
#9553 = VERTEX_POINT ( 'NONE', #9825 ) ;
#9554 = EDGE_CURVE ( 'NONE', #3604, #9799, #9065, .T. ) ;
#9555 = CARTESIAN_POINT ( 'NONE',  ( 0.000000000000000000, 61.70000000000000284, 20.49999999999999645 ) ) ;
#9556 = CARTESIAN_POINT ( 'NONE',  ( -3.363340998365109691, 51.19999999999999574, -21.23529932279540589 ) ) ;
#9557 = AXIS2_PLACEMENT_3D ( 'NONE', #8820, #749, #1705 ) ;
#9558 = AXIS2_PLACEMENT_3D ( 'NONE', #610, #1609, #11571 ) ;
#9559 = DIRECTION ( 'NONE',  ( -0.000000000000000000, 1.000000000000000000, 3.061616997868383141E-16 ) ) ;
#9560 = AXIS2_PLACEMENT_3D ( 'NONE', #11106, #3915, #10150 ) ;
#9561 = CARTESIAN_POINT ( 'NONE',  ( -18.61954618136529760, -80.41022924428169460, 10.75000000000018652 ) ) ;
#9562 = EDGE_CURVE ( 'NONE', #10049, #8366, #11668, .T. ) ;
#9563 = ORIENTED_EDGE ( 'NONE', *, *, #9671, .F. ) ;
#9564 = DIRECTION ( 'NONE',  ( -0.000000000000000000, 1.000000000000000000, 3.061616997868383141E-16 ) ) ;
#9565 = CARTESIAN_POINT ( 'NONE',  ( 20.70129763556868596, -80.41022924428168039, -5.805710654484788513 ) ) ;
#9566 = CIRCLE ( 'NONE', #3922, 21.50000000000000000 ) ;
#9567 = CARTESIAN_POINT ( 'NONE',  ( -15.97761374776409227, 45.19999999999998863, -14.38630803671529357 ) ) ;
#9568 = EDGE_LOOP ( 'NONE', ( #4539, #2657, #5033, #256 ) ) ;
#9569 = CARTESIAN_POINT ( 'NONE',  ( 0.8754938253326478570, 45.19999999999998863, -21.48216726873252824 ) ) ;
#9570 = ORIENTED_EDGE ( 'NONE', *, *, #3978, .F. ) ;
#9571 = DIRECTION ( 'NONE',  ( -0.000000000000000000, 1.000000000000000000, 3.061616997868383141E-16 ) ) ;
#9572 = CARTESIAN_POINT ( 'NONE',  ( 2.228472740621745456E-15, 75.00000000000000000, 18.19686085958248967 ) ) ;
#9573 = VERTEX_POINT ( 'NONE', #933 ) ;
#9574 = EDGE_CURVE ( 'NONE', #9758, #7722, #6063, .T. ) ;
#9575 = CARTESIAN_POINT ( 'NONE',  ( -18.61954618136552142, -80.41022924428168039, -10.74999999999984546 ) ) ;
#9576 = EDGE_LOOP ( 'NONE', ( #4194, #5240, #8226, #11587 ) ) ;
#9577 = ORIENTED_EDGE ( 'NONE', *, *, #210, .F. ) ;
#9578 = CARTESIAN_POINT ( 'NONE',  ( 0.000000000000000000, 28.86506350946110189, -1.422158663453328212E-14 ) ) ;
#9579 = ORIENTED_EDGE ( 'NONE', *, *, #5887, .F. ) ;
#9580 = FACE_OUTER_BOUND ( 'NONE', #6888, .T. ) ;
#9581 = CARTESIAN_POINT ( 'NONE',  ( 0.000000000000000000, 87.50000000000001421, 3.730185188303422936E-15 ) ) ;
#9582 = EDGE_LOOP ( 'NONE', ( #8286, #1709, #2453, #8235 ) ) ;
#9583 = CARTESIAN_POINT ( 'NONE',  ( 18.03141721082655380, -80.41022924428168039, -11.70973925282318184 ) ) ;
#9584 = CIRCLE ( 'NONE', #8461, 0.2500000000000002220 ) ;
#9585 = EDGE_CURVE ( 'NONE', #5401, #7484, #873, .T. ) ;
#9586 = ORIENTED_EDGE ( 'NONE', *, *, #5571, .F. ) ;
#9587 = DIRECTION ( 'NONE',  ( -9.860761315262647568E-32, 1.000000000000000000, 3.061616997868381662E-16 ) ) ;
#9588 = CARTESIAN_POINT ( 'NONE',  ( 0.000000000000000000, 87.50000000000001421, 3.730185188303422936E-15 ) ) ;
#9589 = DIRECTION ( 'NONE',  ( 4.930380657631323784E-32, 1.000000000000000000, 3.061616997868382648E-16 ) ) ;
#9590 = ORIENTED_EDGE ( 'NONE', *, *, #6570, .T. ) ;
#9591 = ORIENTED_EDGE ( 'NONE', *, *, #4226, .F. ) ;
#9592 = AXIS2_PLACEMENT_3D ( 'NONE', #6932, #11303, #8819 ) ;
#9593 = EDGE_CURVE ( 'NONE', #10776, #85, #3993, .T. ) ;
#9594 = CARTESIAN_POINT ( 'NONE',  ( 0.000000000000000000, 51.20000000000000995, -7.383484513958806747E-15 ) ) ;
#9595 = EDGE_LOOP ( 'NONE', ( #10582, #8513, #1994, #6468 ) ) ;
#9596 = CIRCLE ( 'NONE', #945, 21.50000000000001066 ) ;
#9597 = LINE ( 'NONE', #651, #8690 ) ;
#9598 = AXIS2_PLACEMENT_3D ( 'NONE', #10560, #8785, #1605 ) ;
#9599 = CARTESIAN_POINT ( 'NONE',  ( -15.20279579551089455, 45.19999999999998863, -14.95279579551061566 ) ) ;
#9600 = ORIENTED_EDGE ( 'NONE', *, *, #4951, .F. ) ;
#9601 = CARTESIAN_POINT ( 'NONE',  ( 20.76740526521493635, 45.19999999999998863, -5.314609469704264733 ) ) ;
#9602 = DIRECTION ( 'NONE',  ( -2.465190328815661892E-32, 1.000000000000000000, 3.061616997868381169E-16 ) ) ;
#9603 = PLANE ( 'NONE',  #10974 ) ;
#9604 = CIRCLE ( 'NONE', #6039, 15.40000000000000036 ) ;
#9605 = VECTOR ( 'NONE', #6260, 1000.000000000000000 ) ;
#9606 = AXIS2_PLACEMENT_3D ( 'NONE', #3664, #2832, #1890 ) ;
#9607 = ORIENTED_EDGE ( 'NONE', *, *, #5062, .F. ) ;
#9608 = CARTESIAN_POINT ( 'NONE',  ( 0.000000000000000000, 10.27282251965208104, 18.29999999999999005 ) ) ;
#9609 = LINE ( 'NONE', #11450, #2390 ) ;
#9610 = DIRECTION ( 'NONE',  ( 0.000000000000000000, 0.000000000000000000, 1.000000000000000000 ) ) ;
#9611 = DIRECTION ( 'NONE',  ( -0.000000000000000000, 1.000000000000000000, 3.061616997868383141E-16 ) ) ;
#9612 = EDGE_LOOP ( 'NONE', ( #7351, #3009, #4746, #8539 ) ) ;
#9613 = DIRECTION ( 'NONE',  ( 1.232595164407830946E-32, 1.000000000000000000, 3.061616997868383141E-16 ) ) ;
#9614 = AXIS2_PLACEMENT_3D ( 'NONE', #4068, #1241, #11087 ) ;
#9615 = DIRECTION ( 'NONE',  ( 0.000000000000000000, -1.000000000000000000, -3.061616997868383141E-16 ) ) ;
#9616 = AXIS2_PLACEMENT_3D ( 'NONE', #3320, #9449, #5910 ) ;
#9617 = AXIS2_PLACEMENT_3D ( 'NONE', #2314, #2367, #726 ) ;
#9618 = AXIS2_PLACEMENT_3D ( 'NONE', #5406, #8234, #4524 ) ;
#9619 = CARTESIAN_POINT ( 'NONE',  ( 0.000000000000000000, 45.20000000000000995, -9.220454712679835547E-15 ) ) ;
#9620 = EDGE_CURVE ( 'NONE', #10222, #5786, #4933, .T. ) ;
#9621 = DIRECTION ( 'NONE',  ( -0.000000000000000000, 1.000000000000000000, 3.061616997868383141E-16 ) ) ;
#9622 = ORIENTED_EDGE ( 'NONE', *, *, #3080, .F. ) ;
#9623 = FACE_BOUND ( 'NONE', #5880, .T. ) ;
#9624 = DIRECTION ( 'NONE',  ( 0.000000000000000000, 0.000000000000000000, 1.000000000000000000 ) ) ;
#9625 = CYLINDRICAL_SURFACE ( 'NONE', #11606, 21.50000000000000355 ) ;
#9627 = ORIENTED_EDGE ( 'NONE', *, *, #10705, .F. ) ;
#9626 = AXIS2_PLACEMENT_3D ( 'NONE', #827, #705, #7957 ) ;
#9628 = DIRECTION ( 'NONE',  ( 0.000000000000000000, -3.227392513445220839E-16, 1.000000000000000000 ) ) ;
#9629 = VERTEX_POINT ( 'NONE', #2710 ) ;
#9630 = CYLINDRICAL_SURFACE ( 'NONE', #3166, 0.2500000000000002220 ) ;
#9631 = DIRECTION ( 'NONE',  ( -0.000000000000000000, 1.000000000000000000, 3.061616997868383141E-16 ) ) ;
#9632 = ORIENTED_EDGE ( 'NONE', *, *, #2431, .F. ) ;
#9633 = CIRCLE ( 'NONE', #1363, 0.2500000000000002220 ) ;
#9634 = CARTESIAN_POINT ( 'NONE',  ( 0.000000000000000000, 87.50000000000001421, 3.730185188303422936E-15 ) ) ;
#9635 = EDGE_CURVE ( 'NONE', #5520, #8764, #7553, .T. ) ;
#9636 = AXIS2_PLACEMENT_3D ( 'NONE', #11489, #9753, #6820 ) ;
#9637 = CIRCLE ( 'NONE', #211, 0.2500000000000002220 ) ;
#9638 = ORIENTED_EDGE ( 'NONE', *, *, #67, .T. ) ;
#9639 = CARTESIAN_POINT ( 'NONE',  ( -2.495836301044850103, 45.19999999999998863, -21.35464355025355232 ) ) ;
#9640 = VECTOR ( 'NONE', #10438, 1000.000000000000000 ) ;
#9641 = DIRECTION ( 'NONE',  ( 2.465190328815661892E-32, 1.000000000000000000, 3.061616997868380676E-16 ) ) ;
#9642 = DIRECTION ( 'NONE',  ( 0.000000000000000000, 0.000000000000000000, 1.000000000000000000 ) ) ;
#9643 = AXIS2_PLACEMENT_3D ( 'NONE', #10987, #1246, #10258 ) ;
#9644 = ORIENTED_EDGE ( 'NONE', *, *, #2176, .F. ) ;
#9645 = CARTESIAN_POINT ( 'NONE',  ( -5.322755903978523051, 51.20000000000000995, 20.83070497094760753 ) ) ;
#9646 = ORIENTED_EDGE ( 'NONE', *, *, #154, .T. ) ;
#9647 = DIRECTION ( 'NONE',  ( -2.465190328815661892E-32, 1.000000000000000000, 3.061616997868381662E-16 ) ) ;
#9648 = AXIS2_PLACEMENT_3D ( 'NONE', #4112, #3165, #6683 ) ;
#9649 = VERTEX_POINT ( 'NONE', #4527 ) ;
#9650 = DIRECTION ( 'NONE',  ( -0.000000000000000000, 1.000000000000000000, 3.061616997868383141E-16 ) ) ;
#9651 = DIRECTION ( 'NONE',  ( 1.232595164407830946E-32, 1.000000000000000000, 3.061616997868381662E-16 ) ) ;
#9652 = AXIS2_PLACEMENT_3D ( 'NONE', #2594, #6179, #11390 ) ;
#9653 = ORIENTED_EDGE ( 'NONE', *, *, #7816, .F. ) ;
#9654 = ORIENTED_EDGE ( 'NONE', *, *, #649, .T. ) ;
#9655 = EDGE_CURVE ( 'NONE', #5048, #572, #3814, .T. ) ;
#9656 = LINE ( 'NONE', #648, #3025 ) ;
#9657 = ADVANCED_FACE ( 'NONE', ( #5180 ), #8776, .F. ) ;
#9658 = EDGE_LOOP ( 'NONE', ( #11552, #5500, #1792, #823 ) ) ;
#9659 = DIRECTION ( 'NONE',  ( 0.000000000000000000, 0.000000000000000000, 1.000000000000000000 ) ) ;
#9660 = VECTOR ( 'NONE', #2189, 1000.000000000000000 ) ;
#9661 = ADVANCED_FACE ( 'NONE', ( #1046 ), #4696, .T. ) ;
#9662 = ORIENTED_EDGE ( 'NONE', *, *, #10832, .T. ) ;
#9663 = CYLINDRICAL_SURFACE ( 'NONE', #4660, 21.50000000000000355 ) ;
#9664 = CARTESIAN_POINT ( 'NONE',  ( 0.000000000000000000, 45.20000000000000995, -9.220454712679835547E-15 ) ) ;
#9665 = DIRECTION ( 'NONE',  ( -0.000000000000000000, 1.000000000000000000, 3.061616997868383141E-16 ) ) ;
#9666 = ORIENTED_EDGE ( 'NONE', *, *, #3566, .F. ) ;
#9667 = DIRECTION ( 'NONE',  ( -0.000000000000000000, 1.000000000000000000, 3.061616997868383141E-16 ) ) ;
#9668 = DIRECTION ( 'NONE',  ( -0.000000000000000000, 1.000000000000000000, 3.061616997868383141E-16 ) ) ;
#9669 = EDGE_CURVE ( 'NONE', #6661, #9325, #5119, .T. ) ;
#9670 = DIRECTION ( 'NONE',  ( 4.930380657631323784E-32, 1.000000000000000000, 3.061616997868380676E-16 ) ) ;
#9671 = EDGE_CURVE ( 'NONE', #1379, #6264, #2299, .T. ) ;
#9672 = ORIENTED_EDGE ( 'NONE', *, *, #4419, .F. ) ;
#9673 = DIRECTION ( 'NONE',  ( 0.000000000000000000, 0.000000000000000000, 1.000000000000000000 ) ) ;
#9674 = FACE_OUTER_BOUND ( 'NONE', #9272, .T. ) ;
#9675 = CARTESIAN_POINT ( 'NONE',  ( 17.53963331177567397, -80.41022924428169460, 12.43427775499839250 ) ) ;
#9676 = DIRECTION ( 'NONE',  ( 9.860761315262647568E-32, 1.000000000000000000, 3.061616997868382155E-16 ) ) ;
#9677 = EDGE_CURVE ( 'NONE', #6880, #564, #4557, .T. ) ;
#9678 = VERTEX_POINT ( 'NONE', #3703 ) ;
#9679 = DIRECTION ( 'NONE',  ( -0.000000000000000000, 1.000000000000000000, 3.061616997868383141E-16 ) ) ;
#9680 = DIRECTION ( 'NONE',  ( 0.000000000000000000, 0.000000000000000000, 1.000000000000000000 ) ) ;
#9681 = DIRECTION ( 'NONE',  ( -3.697785493223493385E-32, 1.000000000000000000, 3.061616997868381662E-16 ) ) ;
#9682 = ORIENTED_EDGE ( 'NONE', *, *, #5474, .T. ) ;
#9683 = DIRECTION ( 'NONE',  ( -1.848892746611746693E-32, 1.000000000000000000, 3.061616997868381662E-16 ) ) ;
#9684 = VERTEX_POINT ( 'NONE', #208 ) ;
#9685 = DIRECTION ( 'NONE',  ( 0.000000000000000000, 0.000000000000000000, 1.000000000000000000 ) ) ;
#9686 = EDGE_CURVE ( 'NONE', #2274, #8019, #9818, .T. ) ;
#9687 = ORIENTED_EDGE ( 'NONE', *, *, #8619, .T. ) ;
#9688 = FACE_OUTER_BOUND ( 'NONE', #280, .T. ) ;
#9689 = ORIENTED_EDGE ( 'NONE', *, *, #5629, .T. ) ;
#9690 = DIRECTION ( 'NONE',  ( 0.000000000000000000, 0.000000000000000000, 1.000000000000000000 ) ) ;
#9691 = DIRECTION ( 'NONE',  ( 0.000000000000000000, -3.227392513445220839E-16, 1.000000000000000000 ) ) ;
#9692 = ORIENTED_EDGE ( 'NONE', *, *, #3263, .F. ) ;
#9693 = EDGE_CURVE ( 'NONE', #7376, #7893, #5497, .T. ) ;
#9694 = ORIENTED_EDGE ( 'NONE', *, *, #10628, .F. ) ;
#9695 = DIRECTION ( 'NONE',  ( 9.860761315262647568E-32, 1.000000000000000000, 3.061616997868382648E-16 ) ) ;
#9696 = ORIENTED_EDGE ( 'NONE', *, *, #10804, .T. ) ;
#9697 = CARTESIAN_POINT ( 'NONE',  ( 5.564609469704060452, 45.19999999999998863, -20.51740526521497898 ) ) ;
#9698 = DIRECTION ( 'NONE',  ( -4.930380657631323784E-32, 1.000000000000000000, 3.061616997868381662E-16 ) ) ;
#9699 = EDGE_LOOP ( 'NONE', ( #8625, #7857, #10181, #535 ) ) ;
#9700 = EDGE_CURVE ( 'NONE', #5536, #7088, #11008, .T. ) ;
#9701 = ORIENTED_EDGE ( 'NONE', *, *, #6830, .T. ) ;
#9702 = ORIENTED_EDGE ( 'NONE', *, *, #5167, .T. ) ;
#9703 = DIRECTION ( 'NONE',  ( 0.000000000000000000, 0.000000000000000000, -1.000000000000000000 ) ) ;
#9704 = EDGE_LOOP ( 'NONE', ( #10549, #2649, #1553, #3385 ) ) ;
#9705 = DIRECTION ( 'NONE',  ( 0.000000000000000000, -1.000000000000000000, -3.061616997868383141E-16 ) ) ;
#9706 = EDGE_CURVE ( 'NONE', #10634, #4839, #261, .T. ) ;
#9707 = ORIENTED_EDGE ( 'NONE', *, *, #2683, .F. ) ;
#9708 = EDGE_CURVE ( 'NONE', #4163, #563, #2491, .T. ) ;
#9709 = DIRECTION ( 'NONE',  ( -1.479114197289397354E-31, 1.000000000000000000, 3.061616997868382648E-16 ) ) ;
#9710 = FACE_OUTER_BOUND ( 'NONE', #7905, .T. ) ;
#9711 = CARTESIAN_POINT ( 'NONE',  ( 0.000000000000000000, 87.50000000000001421, 3.730185188303422936E-15 ) ) ;
#9712 = ORIENTED_EDGE ( 'NONE', *, *, #3262, .T. ) ;
#9713 = DIRECTION ( 'NONE',  ( -9.860761315262647568E-32, 1.000000000000000000, 3.061616997868383634E-16 ) ) ;
#9714 = CIRCLE ( 'NONE', #2569, 0.2500000000000002220 ) ;
#9715 = DIRECTION ( 'NONE',  ( -0.000000000000000000, 1.000000000000000000, 3.061616997868383141E-16 ) ) ;
#9716 = VERTEX_POINT ( 'NONE', #2042 ) ;
#9717 = VECTOR ( 'NONE', #2346, 1000.000000000000000 ) ;
#9718 = CARTESIAN_POINT ( 'NONE',  ( -10.53277056407888601, 51.19999999999999574, -18.74328531086462490 ) ) ;
#9719 = CIRCLE ( 'NONE', #8601, 0.2500000000000002220 ) ;
#9720 = CARTESIAN_POINT ( 'NONE',  ( 0.000000000000000000, 87.50000000000001421, 3.730185188303422936E-15 ) ) ;
#9721 = DIRECTION ( 'NONE',  ( 9.860761315262647568E-32, 1.000000000000000000, 3.061616997868382648E-16 ) ) ;
#9722 = ADVANCED_FACE ( 'NONE', ( #1874 ), #2929, .F. ) ;
#9723 = FACE_OUTER_BOUND ( 'NONE', #7219, .T. ) ;
#9724 = AXIS2_PLACEMENT_3D ( 'NONE', #9471, #266, #6574 ) ;
#9725 = EDGE_CURVE ( 'NONE', #11001, #7575, #1364, .T. ) ;
#9726 = CIRCLE ( 'NONE', #10096, 21.50000000000000000 ) ;
#9727 = CYLINDRICAL_SURFACE ( 'NONE', #10203, 0.2500000000000002220 ) ;
#9728 = VECTOR ( 'NONE', #9456, 1000.000000000000000 ) ;
#9729 = VERTEX_POINT ( 'NONE', #6508 ) ;
#9730 = FACE_OUTER_BOUND ( 'NONE', #6945, .T. ) ;
#9731 = CARTESIAN_POINT ( 'NONE',  ( 21.38222075041785786, 45.19999999999998863, -2.247361960254612434 ) ) ;
#9732 = DIRECTION ( 'NONE',  ( -0.000000000000000000, 1.000000000000000000, 3.061616997868383141E-16 ) ) ;
#9733 = VERTEX_POINT ( 'NONE', #11063 ) ;
#9734 = LINE ( 'NONE', #11530, #9045 ) ;
#9735 = ORIENTED_EDGE ( 'NONE', *, *, #9135, .F. ) ;
#9736 = FACE_OUTER_BOUND ( 'NONE', #4747, .T. ) ;
#9737 = AXIS2_PLACEMENT_3D ( 'NONE', #8529, #7582, #10013 ) ;
#9738 = AXIS2_PLACEMENT_3D ( 'NONE', #8977, #8164, #10034 ) ;
#9739 = ADVANCED_FACE ( 'NONE', ( #10111 ), #4806, .F. ) ;
#9740 = VECTOR ( 'NONE', #1597, 1000.000000000000227 ) ;
#9741 = AXIS2_PLACEMENT_3D ( 'NONE', #6613, #4740, #2027 ) ;
#9742 = CARTESIAN_POINT ( 'NONE',  ( 18.61954618136537576, 45.19999999999998863, -10.75000000000006928 ) ) ;
#9743 = CIRCLE ( 'NONE', #3911, 0.2500000000000002220 ) ;
#9744 = EDGE_LOOP ( 'NONE', ( #1336, #359, #8859, #685 ) ) ;
#9745 = DIRECTION ( 'NONE',  ( 0.000000000000000000, 0.000000000000000000, -1.000000000000000000 ) ) ;
#9746 = ORIENTED_EDGE ( 'NONE', *, *, #2384, .F. ) ;
#9747 = CARTESIAN_POINT ( 'NONE',  ( 3.610031534565438349, -80.41022924428168039, -21.19475577399851574 ) ) ;
#9748 = VECTOR ( 'NONE', #6801, 1000.000000000000000 ) ;
#9749 = EDGE_CURVE ( 'NONE', #6689, #4882, #9232, .T. ) ;
#9750 = CARTESIAN_POINT ( 'NONE',  ( -21.38222075041788628, -80.41022924428168039, -2.247361960254361968 ) ) ;
#9751 = ORIENTED_EDGE ( 'NONE', *, *, #4807, .T. ) ;
#9752 = ORIENTED_EDGE ( 'NONE', *, *, #7597, .T. ) ;
#9753 = DIRECTION ( 'NONE',  ( -0.000000000000000000, 1.000000000000000000, 3.061616997868383141E-16 ) ) ;
#9754 = EDGE_CURVE ( 'NONE', #3399, #6730, #7345, .T. ) ;
#9755 = VERTEX_POINT ( 'NONE', #2098 ) ;
#9756 = CARTESIAN_POINT ( 'NONE',  ( 1.065261225492411370E-15, 3.750000000000005773, -8.698518023597419102 ) ) ;
#9757 = DIRECTION ( 'NONE',  ( -0.000000000000000000, 1.000000000000000000, 3.061616997868383141E-16 ) ) ;
#9758 = VERTEX_POINT ( 'NONE', #9936 ) ;
#9759 = EDGE_LOOP ( 'NONE', ( #6669, #4686, #7493, #8097 ) ) ;
#9760 = ORIENTED_EDGE ( 'NONE', *, *, #4965, .F. ) ;
#9761 = CARTESIAN_POINT ( 'NONE',  ( 2.241103642439657471E-15, 24.20000000000000639, -18.30000000000002558 ) ) ;
#9762 = ORIENTED_EDGE ( 'NONE', *, *, #9211, .F. ) ;
#9763 = CARTESIAN_POINT ( 'NONE',  ( -18.74328531086465688, -80.41022924428169460, 10.53277056407876167 ) ) ;
#9764 = EDGE_CURVE ( 'NONE', #1770, #4640, #4378, .T. ) ;
#9765 = ORIENTED_EDGE ( 'NONE', *, *, #3104, .F. ) ;
#9766 = DIRECTION ( 'NONE',  ( 7.395570986446986770E-32, 1.000000000000000000, 3.061616997868382648E-16 ) ) ;
#9767 = FACE_OUTER_BOUND ( 'NONE', #10376, .T. ) ;
#9768 = DIRECTION ( 'NONE',  ( -0.000000000000000000, 1.000000000000000000, 3.061616997868383141E-16 ) ) ;
#9769 = AXIS2_PLACEMENT_3D ( 'NONE', #380, #2925, #7632 ) ;
#9770 = VERTEX_POINT ( 'NONE', #94 ) ;
#9771 = DIRECTION ( 'NONE',  ( 0.000000000000000000, -1.000000000000000000, -3.061616997868383141E-16 ) ) ;
#9772 = CIRCLE ( 'NONE', #6959, 0.2500000000000002220 ) ;
#9773 = CARTESIAN_POINT ( 'NONE',  ( 0.000000000000000000, 87.50000000000001421, 3.730185188303422936E-15 ) ) ;
#9774 = CIRCLE ( 'NONE', #8848, 0.2500000000000002220 ) ;
#9775 = FACE_OUTER_BOUND ( 'NONE', #8875, .T. ) ;
#9776 = ORIENTED_EDGE ( 'NONE', *, *, #5543, .T. ) ;
#9777 = DIRECTION ( 'NONE',  ( 0.000000000000000000, -0.7071067811865301422, -0.7071067811865648922 ) ) ;
#9778 = EDGE_CURVE ( 'NONE', #9497, #10319, #10962, .T. ) ;
#9779 = DIRECTION ( 'NONE',  ( 0.000000000000000000, 0.000000000000000000, 1.000000000000000000 ) ) ;
#9780 = CARTESIAN_POINT ( 'NONE',  ( 19.15664027004985215, 51.19999999999999574, -9.760795744400319052 ) ) ;
#9781 = AXIS2_PLACEMENT_3D ( 'NONE', #2416, #8658, #9530 ) ;
#9782 = CARTESIAN_POINT ( 'NONE',  ( 0.8754938253326478570, -80.41022924428168039, -21.48216726873256732 ) ) ;
#9783 = CIRCLE ( 'NONE', #4711, 0.2500000000000002220 ) ;
#9784 = ORIENTED_EDGE ( 'NONE', *, *, #7944, .T. ) ;
#9785 = DIRECTION ( 'NONE',  ( -0.000000000000000000, 1.000000000000000000, 3.061616997868383141E-16 ) ) ;
#9786 = CARTESIAN_POINT ( 'NONE',  ( 8.515864134734872692, 45.20000000000000284, 19.74158195380340786 ) ) ;
#9787 = AXIS2_PLACEMENT_3D ( 'NONE', #4834, #11207, #9369 ) ;
#9788 = CARTESIAN_POINT ( 'NONE',  ( -17.53963331177550700, -80.41022924428169460, 12.43427775499862697 ) ) ;
#9789 = ORIENTED_EDGE ( 'NONE', *, *, #1235, .F. ) ;
#9790 = CARTESIAN_POINT ( 'NONE',  ( 0.000000000000000000, 51.20000000000000995, -7.383484513958806747E-15 ) ) ;
#9791 = EDGE_LOOP ( 'NONE', ( #5237, #9144, #6746, #5527 ) ) ;
#9792 = DIRECTION ( 'NONE',  ( -4.930380657631323784E-32, 1.000000000000000000, 3.061616997868381169E-16 ) ) ;
#9793 = EDGE_CURVE ( 'NONE', #6782, #4865, #4170, .T. ) ;
#9794 = EDGE_CURVE ( 'NONE', #1637, #5861, #6246, .T. ) ;
#9795 = CONICAL_SURFACE ( 'NONE', #10746, 18.30000000000001137, 0.9599310885968784790 ) ;
#9796 = AXIS2_PLACEMENT_3D ( 'NONE', #4155, #9631, #5093 ) ;
#9797 = CARTESIAN_POINT ( 'NONE',  ( 21.23529932279545918, 51.19999999999999574, 3.363340998364912071 ) ) ;
#9798 = VECTOR ( 'NONE', #4485, 1000.000000000000000 ) ;
#9799 = VERTEX_POINT ( 'NONE', #5740 ) ;
#9800 = CARTESIAN_POINT ( 'NONE',  ( 0.000000000000000000, 87.50000000000001421, 18.30000000000001492 ) ) ;
#9801 = ORIENTED_EDGE ( 'NONE', *, *, #10456, .T. ) ;
#9802 = DIRECTION ( 'NONE',  ( 0.000000000000000000, -1.000000000000000000, -3.061616997868383141E-16 ) ) ;
#9803 = ADVANCED_FACE ( 'NONE', ( #6817 ), #5111, .T. ) ;
#9804 = DIRECTION ( 'NONE',  ( 0.000000000000000000, -1.000000000000000000, -3.061616997868383141E-16 ) ) ;
#9805 = CIRCLE ( 'NONE', #7750, 21.50000000000000000 ) ;
#9806 = ORIENTED_EDGE ( 'NONE', *, *, #2462, .T. ) ;
#9807 = CIRCLE ( 'NONE', #6598, 0.2500000000000002220 ) ;
#9808 = ADVANCED_FACE ( 'NONE', ( #8531 ), #3996, .T. ) ;
#9809 = CARTESIAN_POINT ( 'NONE',  ( -21.45599973288051032, -80.41022924428168039, 1.374800153706315475 ) ) ;
#9810 = AXIS2_PLACEMENT_3D ( 'NONE', #865, #6218, #4407 ) ;
#9811 = EDGE_LOOP ( 'NONE', ( #38, #9590, #6596, #3501 ) ) ;
#9812 = DIRECTION ( 'NONE',  ( 0.000000000000000000, -3.227392513445220839E-16, 1.000000000000000000 ) ) ;
#9813 = CIRCLE ( 'NONE', #10768, 0.2500000000000002220 ) ;
#9814 = ORIENTED_EDGE ( 'NONE', *, *, #8562, .T. ) ;
#9815 = CYLINDRICAL_SURFACE ( 'NONE', #6985, 15.39999999999999680 ) ;
#9816 = EDGE_CURVE ( 'NONE', #9297, #5662, #11125, .T. ) ;
#9817 = VERTEX_POINT ( 'NONE', #4935 ) ;
#9818 = CIRCLE ( 'NONE', #6431, 0.2500000000000002220 ) ;
#9819 = ORIENTED_EDGE ( 'NONE', *, *, #2089, .T. ) ;
#9820 = ORIENTED_EDGE ( 'NONE', *, *, #5914, .F. ) ;
#9821 = CIRCLE ( 'NONE', #3633, 21.50000000000001066 ) ;
#9822 = CARTESIAN_POINT ( 'NONE',  ( -4.470101352581554721, 51.20000000000000995, 21.03017341577687915 ) ) ;
#9823 = EDGE_LOOP ( 'NONE', ( #8522, #9461, #5097, #333 ) ) ;
#9824 = CARTESIAN_POINT ( 'NONE',  ( 0.000000000000000000, 0.000000000000000000, 0.000000000000000000 ) ) ;
#9825 = CARTESIAN_POINT ( 'NONE',  ( 2.234980408443919215E-15, 74.75000000000000000, 18.24999999999999645 ) ) ;
#9826 = AXIS2_PLACEMENT_3D ( 'NONE', #3564, #10532, #5169 ) ;
#9827 = ORIENTED_EDGE ( 'NONE', *, *, #209, .F. ) ;
#9828 = CARTESIAN_POINT ( 'NONE',  ( -13.33519049100591403, 51.19999999999999574, -16.86483603740592230 ) ) ;
#9829 = VECTOR ( 'NONE', #4307, 1000.000000000000000 ) ;
#9830 = CARTESIAN_POINT ( 'NONE',  ( 0.000000000000000000, 51.20000000000000995, -7.383484513958806747E-15 ) ) ;
#9831 = LINE ( 'NONE', #7019, #7573 ) ;
#9832 = EDGE_CURVE ( 'NONE', #5266, #6637, #5054, .T. ) ;
#9833 = ORIENTED_EDGE ( 'NONE', *, *, #224, .T. ) ;
#9834 = DIRECTION ( 'NONE',  ( 0.000000000000000000, -3.227392513445222318E-16, 1.000000000000000000 ) ) ;
#9835 = DIRECTION ( 'NONE',  ( -0.000000000000000000, 1.000000000000000000, 3.061616997868383141E-16 ) ) ;
#9836 = VECTOR ( 'NONE', #8085, 1000.000000000000000 ) ;
#9837 =( NAMED_UNIT ( * ) SI_UNIT ( $, .STERADIAN. ) SOLID_ANGLE_UNIT ( ) );
#9838 = ORIENTED_EDGE ( 'NONE', *, *, #2043, .T. ) ;
#9839 = CARTESIAN_POINT ( 'NONE',  ( 0.000000000000000000, 51.20000000000000995, -7.383484513958806747E-15 ) ) ;
#9840 = VERTEX_POINT ( 'NONE', #2403 ) ;
#9841 = EDGE_CURVE ( 'NONE', #6757, #163, #1174, .T. ) ;
#9842 = CYLINDRICAL_SURFACE ( 'NONE', #6922, 0.2500000000000002220 ) ;
#9843 = CYLINDRICAL_SURFACE ( 'NONE', #7007, 0.2500000000000002220 ) ;
#9844 = AXIS2_PLACEMENT_3D ( 'NONE', #11190, #1225, #1285 ) ;
#9845 = ORIENTED_EDGE ( 'NONE', *, *, #5002, .F. ) ;
#9846 = CYLINDRICAL_SURFACE ( 'NONE', #6601, 0.2500000000000002220 ) ;
#9847 = FACE_OUTER_BOUND ( 'NONE', #11556, .T. ) ;
#9848 = LINE ( 'NONE', #736, #10847 ) ;
#9849 = EDGE_CURVE ( 'NONE', #4289, #9401, #7699, .T. ) ;
#9850 = CARTESIAN_POINT ( 'NONE',  ( -18.16635567040265187, 45.19999999999998863, -11.49928352796070463 ) ) ;
#9851 = ORIENTED_EDGE ( 'NONE', *, *, #4158, .F. ) ;
#9852 = CARTESIAN_POINT ( 'NONE',  ( 0.000000000000000000, 87.50000000000001421, 3.730185188303422936E-15 ) ) ;
#9853 = EDGE_CURVE ( 'NONE', #5330, #8925, #5804, .T. ) ;
#9854 = FACE_OUTER_BOUND ( 'NONE', #3729, .T. ) ;
#9855 = CARTESIAN_POINT ( 'NONE',  ( -2.247361960254262048, -80.41022924428169460, 21.38222075041787207 ) ) ;
#9856 = EDGE_CURVE ( 'NONE', #1350, #2524, #3621, .T. ) ;
#9857 = ORIENTED_EDGE ( 'NONE', *, *, #10104, .T. ) ;
#9858 = DIRECTION ( 'NONE',  ( -9.860761315262647568E-32, 1.000000000000000000, 3.061616997868381662E-16 ) ) ;
#9859 = ORIENTED_EDGE ( 'NONE', *, *, #667, .F. ) ;
#9860 = LINE ( 'NONE', #9747, #764 ) ;
#9861 = ADVANCED_FACE ( 'NONE', ( #11185, #1524 ), #10469, .T. ) ;
#9862 = CARTESIAN_POINT ( 'NONE',  ( 0.000000000000000000, 51.20000000000000995, -7.383484513958806747E-15 ) ) ;
#9863 = ORIENTED_EDGE ( 'NONE', *, *, #5982, .T. ) ;
#9864 = DIRECTION ( 'NONE',  ( 0.000000000000000000, 0.000000000000000000, 1.000000000000000000 ) ) ;
#9865 = VERTEX_POINT ( 'NONE', #3045 ) ;
#9866 = FACE_OUTER_BOUND ( 'NONE', #9502, .T. ) ;
#9867 = EDGE_CURVE ( 'NONE', #8366, #9111, #3242, .T. ) ;
#9868 = EDGE_CURVE ( 'NONE', #4083, #3805, #5993, .T. ) ;
#9869 = ORIENTED_EDGE ( 'NONE', *, *, #4675, .T. ) ;
#9870 = CYLINDRICAL_SURFACE ( 'NONE', #4909, 21.50000000000000355 ) ;
#9871 = VERTEX_POINT ( 'NONE', #10349 ) ;
#9872 = DIRECTION ( 'NONE',  ( 0.000000000000000000, -1.000000000000000000, -3.061616997868383141E-16 ) ) ;
#9873 = ORIENTED_EDGE ( 'NONE', *, *, #5270, .F. ) ;
#9874 = ORIENTED_EDGE ( 'NONE', *, *, #5231, .F. ) ;
#9875 = CARTESIAN_POINT ( 'NONE',  ( -20.70129763556864333, -80.41022924428168039, 5.805710654484885325 ) ) ;
#9876 = ORIENTED_EDGE ( 'NONE', *, *, #10942, .T. ) ;
#9877 = APPLICATION_PROTOCOL_DEFINITION ( 'draft international standard', 'automotive_design', 1998, #2881 ) ;
#9878 = DIRECTION ( 'NONE',  ( 0.000000000000000000, -3.227392513445222318E-16, 1.000000000000000000 ) ) ;
#9879 = ADVANCED_FACE ( 'NONE', ( #2344 ), #4001, .T. ) ;
#9880 = VERTEX_POINT ( 'NONE', #573 ) ;
#9881 = DIRECTION ( 'NONE',  ( -0.000000000000000000, 1.000000000000000000, 3.061616997868383141E-16 ) ) ;
#9882 = LINE ( 'NONE', #10786, #2236 ) ;
#9883 = FACE_OUTER_BOUND ( 'NONE', #8577, .T. ) ;
#9884 = ORIENTED_EDGE ( 'NONE', *, *, #9417, .F. ) ;
#9885 = ORIENTED_EDGE ( 'NONE', *, *, #10893, .F. ) ;
#9886 = DIRECTION ( 'NONE',  ( -0.000000000000000000, 1.000000000000000000, 3.061616997868383141E-16 ) ) ;
#9887 = DIRECTION ( 'NONE',  ( 0.000000000000000000, 0.000000000000000000, 1.000000000000000000 ) ) ;
#9888 = ORIENTED_EDGE ( 'NONE', *, *, #11480, .F. ) ;
#9889 = DIRECTION ( 'NONE',  ( -0.000000000000000000, 1.000000000000000000, 3.061616997868383141E-16 ) ) ;
#9890 = ADVANCED_FACE ( 'NONE', ( #384 ), #10231, .F. ) ;
#9891 = FACE_OUTER_BOUND ( 'NONE', #8299, .T. ) ;
#9892 = CARTESIAN_POINT ( 'NONE',  ( -19.53821706942839498, 51.19999999999999574, -8.972629143561935194 ) ) ;
#9893 = CYLINDRICAL_SURFACE ( 'NONE', #8147, 21.50000000000000355 ) ;
#9894 = AXIS2_PLACEMENT_3D ( 'NONE', #1391, #4973, #429 ) ;
#9895 = ADVANCED_FACE ( 'NONE', ( #8460 ), #3286, .F. ) ;
#9896 = VERTEX_POINT ( 'NONE', #5381 ) ;
#9897 = DIRECTION ( 'NONE',  ( 9.860761315262647568E-32, 1.000000000000000000, 3.061616997868382155E-16 ) ) ;
#9898 = FACE_OUTER_BOUND ( 'NONE', #51, .T. ) ;
#9899 = AXIS2_PLACEMENT_3D ( 'NONE', #4702, #2933, #8353 ) ;
#9900 = DIRECTION ( 'NONE',  ( 0.000000000000000000, 0.000000000000000000, 1.000000000000000000 ) ) ;
#9901 = DIRECTION ( 'NONE',  ( 0.000000000000000000, -1.000000000000000000, -3.061616997868383141E-16 ) ) ;
#9902 = AXIS2_PLACEMENT_3D ( 'NONE', #10669, #5362, #598 ) ;
#9903 = VERTEX_POINT ( 'NONE', #1966 ) ;
#9904 = DIRECTION ( 'NONE',  ( 0.000000000000000000, 0.000000000000000000, 1.000000000000000000 ) ) ;
#9905 = DIRECTION ( 'NONE',  ( 0.000000000000000000, -3.227392513445222318E-16, 1.000000000000000000 ) ) ;
#9906 = CIRCLE ( 'NONE', #7658, 21.50000000000001066 ) ;
#9907 = AXIS2_PLACEMENT_3D ( 'NONE', #698, #10539, #4354 ) ;
#9908 = DIRECTION ( 'NONE',  ( -9.860761315262647568E-32, 1.000000000000000000, 3.061616997868381662E-16 ) ) ;
#9909 = AXIS2_PLACEMENT_3D ( 'NONE', #4128, #5891, #3430 ) ;
#9910 = AXIS2_PLACEMENT_3D ( 'NONE', #1100, #4691, #4631 ) ;
#9911 = ORIENTED_EDGE ( 'NONE', *, *, #2384, .T. ) ;
#9912 = DIRECTION ( 'NONE',  ( 0.000000000000000000, -1.000000000000000000, -3.061616997868383141E-16 ) ) ;
#9913 = ORIENTED_EDGE ( 'NONE', *, *, #1026, .F. ) ;
#9914 = AXIS2_PLACEMENT_3D ( 'NONE', #946, #6293, #1825 ) ;
#9915 = DIRECTION ( 'NONE',  ( 0.000000000000000000, 0.000000000000000000, 1.000000000000000000 ) ) ;
#9916 = CIRCLE ( 'NONE', #5592, 18.30000000000001137 ) ;
#9917 = DIRECTION ( 'NONE',  ( 0.000000000000000000, -3.227392513445220839E-16, 1.000000000000000000 ) ) ;
#9918 = ORIENTED_EDGE ( 'NONE', *, *, #4204, .F. ) ;
#9919 = VECTOR ( 'NONE', #10154, 1000.000000000000000 ) ;
#9920 = EDGE_CURVE ( 'NONE', #11484, #8834, #8209, .T. ) ;
#9921 = AXIS2_PLACEMENT_3D ( 'NONE', #9581, #7815, #9642 ) ;
#9922 = CYLINDRICAL_SURFACE ( 'NONE', #7459, 0.2500000000000002220 ) ;
#9923 = AXIS2_PLACEMENT_3D ( 'NONE', #6659, #10259, #6600 ) ;
#9924 = ORIENTED_EDGE ( 'NONE', *, *, #210, .T. ) ;
#9925 = CARTESIAN_POINT ( 'NONE',  ( 0.000000000000000000, 3.500000000000000444, 8.698518023597374693 ) ) ;
#9926 = CIRCLE ( 'NONE', #9741, 0.2500000000000002220 ) ;
#9927 = ORIENTED_EDGE ( 'NONE', *, *, #7276, .F. ) ;
#9928 = FACE_OUTER_BOUND ( 'NONE', #596, .T. ) ;
#9929 = ORIENTED_EDGE ( 'NONE', *, *, #6641, .F. ) ;
#9930 = DIRECTION ( 'NONE',  ( 0.000000000000000000, 0.000000000000000000, 1.000000000000000000 ) ) ;
#9931 = ORIENTED_EDGE ( 'NONE', *, *, #9974, .T. ) ;
#9932 = ORIENTED_EDGE ( 'NONE', *, *, #7471, .F. ) ;
#9933 = CARTESIAN_POINT ( 'NONE',  ( -16.55018116000705675, 45.19999999999998863, -13.72375690439568707 ) ) ;
#9934 = ORIENTED_EDGE ( 'NONE', *, *, #9197, .F. ) ;
#9935 = CARTESIAN_POINT ( 'NONE',  ( -21.23529932279548049, 51.19999999999999574, -3.363340998364742873 ) ) ;
#9936 = CARTESIAN_POINT ( 'NONE',  ( 15.37854173158989823, 45.19999999999998863, -15.02499431646311301 ) ) ;
#9937 = EDGE_CURVE ( 'NONE', #1518, #11098, #10781, .T. ) ;
#9938 = ORIENTED_EDGE ( 'NONE', *, *, #4867, .T. ) ;
#9939 = CARTESIAN_POINT ( 'NONE',  ( 1.916572240665607987E-15, 76.25000000000000000, -15.65000000000000036 ) ) ;
#9940 = CARTESIAN_POINT ( 'NONE',  ( 20.83070497094755424, -80.41022924428168039, -5.322755903978750425 ) ) ;
#9941 = DIRECTION ( 'NONE',  ( 4.930380657631323784E-32, 1.000000000000000000, 3.061616997868382155E-16 ) ) ;
#9942 = EDGE_CURVE ( 'NONE', #1993, #269, #4383, .T. ) ;
#9943 = VERTEX_POINT ( 'NONE', #5437 ) ;
#9944 = EDGE_LOOP ( 'NONE', ( #6433, #9433 ) ) ;
#9945 = CIRCLE ( 'NONE', #8445, 0.2500000000000002220 ) ;
#9946 = CARTESIAN_POINT ( 'NONE',  ( -21.38222075041788628, 51.19999999999999574, -1.997361960254321334 ) ) ;
#9947 = FACE_OUTER_BOUND ( 'NONE', #2580, .T. ) ;
#9948 = ORIENTED_EDGE ( 'NONE', *, *, #942, .F. ) ;
#9949 = EDGE_CURVE ( 'NONE', #3219, #6740, #1561, .T. ) ;
#9950 = FACE_OUTER_BOUND ( 'NONE', #2570, .T. ) ;
#9951 = CARTESIAN_POINT ( 'NONE',  ( 0.000000000000000000, 87.50000000000001421, 3.730185188303422936E-15 ) ) ;
#9952 = DIRECTION ( 'NONE',  ( -7.395570986446986770E-32, 1.000000000000000000, 3.061616997868381662E-16 ) ) ;
#9953 = CIRCLE ( 'NONE', #3765, 21.50000000000000000 ) ;
#9954 = DIRECTION ( 'NONE',  ( -0.000000000000000000, 1.000000000000000000, 3.061616997868383141E-16 ) ) ;
#9955 = AXIS2_PLACEMENT_3D ( 'NONE', #3557, #7140, #11526 ) ;
#9956 = CARTESIAN_POINT ( 'NONE',  ( -19.64122733931598574, 45.19999999999998863, -8.744837826129508329 ) ) ;
#9957 = CIRCLE ( 'NONE', #4884, 0.2500000000000002220 ) ;
#9958 = VERTEX_POINT ( 'NONE', #2851 ) ;
#9959 = DIRECTION ( 'NONE',  ( -0.000000000000000000, 1.000000000000000000, 3.061616997868383141E-16 ) ) ;
#9960 = CYLINDRICAL_SURFACE ( 'NONE', #10358, 19.50000000000000355 ) ;
#9961 = DIRECTION ( 'NONE',  ( 0.000000000000000000, -3.227392513445220839E-16, 1.000000000000000000 ) ) ;
#9962 = CARTESIAN_POINT ( 'NONE',  ( 16.70863817132479667, 45.19999999999998863, -13.28038840757156791 ) ) ;
#9963 = EDGE_LOOP ( 'NONE', ( #8579, #1699, #6195, #8535 ) ) ;
#9964 = DIRECTION ( 'NONE',  ( -0.000000000000000000, 1.000000000000000000, 3.061616997868383141E-16 ) ) ;
#9965 = CYLINDRICAL_SURFACE ( 'NONE', #5687, 21.50000000000000355 ) ;
#9966 = CIRCLE ( 'NONE', #7334, 0.2500000000000002220 ) ;
#9967 = CIRCLE ( 'NONE', #10344, 21.50000000000001066 ) ;
#9968 = CARTESIAN_POINT ( 'NONE',  ( -21.35464355025358429, 51.19999999999999574, 2.495836301044764394 ) ) ;
#9969 = ADVANCED_FACE ( 'NONE', ( #2680 ), #1790, .F. ) ;
#9970 = DIRECTION ( 'NONE',  ( 0.000000000000000000, 0.000000000000000000, 1.000000000000000000 ) ) ;
#9971 = ORIENTED_EDGE ( 'NONE', *, *, #11305, .F. ) ;
#9972 = DIRECTION ( 'NONE',  ( 0.000000000000000000, 0.000000000000000000, -1.000000000000000000 ) ) ;
#9973 = ORIENTED_EDGE ( 'NONE', *, *, #7013, .F. ) ;
#9974 = EDGE_CURVE ( 'NONE', #5573, #5559, #1184, .T. ) ;
#9975 = VECTOR ( 'NONE', #4558, 1000.000000000000000 ) ;
#9976 = AXIS2_PLACEMENT_3D ( 'NONE', #5854, #8808, #555 ) ;
#9977 = CIRCLE ( 'NONE', #2072, 21.50000000000000000 ) ;
#9978 = CARTESIAN_POINT ( 'NONE',  ( 8.972629143562134146, 51.20000000000000995, 19.53821706942829195 ) ) ;
#9979 = DIRECTION ( 'NONE',  ( -0.000000000000000000, 1.000000000000000000, 3.061616997868383141E-16 ) ) ;
#9980 = ORIENTED_EDGE ( 'NONE', *, *, #7042, .T. ) ;
#9981 = AXIS2_PLACEMENT_3D ( 'NONE', #8675, #8016, #11614 ) ;
#9982 = EDGE_CURVE ( 'NONE', #2883, #6283, #8975, .T. ) ;
#9983 = AXIS2_PLACEMENT_3D ( 'NONE', #9331, #255, #6454 ) ;
#9984 = DIRECTION ( 'NONE',  ( -0.000000000000000000, 1.000000000000000000, 3.061616997868383141E-16 ) ) ;
#9985 = AXIS2_PLACEMENT_3D ( 'NONE', #7841, #9434, #11455 ) ;
#9986 = AXIS2_PLACEMENT_3D ( 'NONE', #7230, #2755, #1164 ) ;
#9987 = EDGE_LOOP ( 'NONE', ( #6149, #8766, #2990, #10807 ) ) ;
#9988 = CARTESIAN_POINT ( 'NONE',  ( -12.63738292428830867, 45.19999999999998863, -17.39386537906124275 ) ) ;
#9989 = VERTEX_POINT ( 'NONE', #9645 ) ;
#9990 = CARTESIAN_POINT ( 'NONE',  ( 0.000000000000000000, 45.20000000000000995, -9.220454712679835547E-15 ) ) ;
#9991 = VERTEX_POINT ( 'NONE', #1024 ) ;
#9992 = LINE ( 'NONE', #5136, #6378 ) ;
#9993 = ORIENTED_EDGE ( 'NONE', *, *, #7781, .F. ) ;
#9994 = VERTEX_POINT ( 'NONE', #6261 ) ;
#9995 = CIRCLE ( 'NONE', #10176, 21.50000000000000000 ) ;
#9996 = LINE ( 'NONE', #8182, #1911 ) ;
#9997 = EDGE_LOOP ( 'NONE', ( #2512, #5678, #9927, #10801 ) ) ;
#9998 = DIRECTION ( 'NONE',  ( -0.000000000000000000, 1.000000000000000000, 3.061616997868383141E-16 ) ) ;
#9999 = CIRCLE ( 'NONE', #11533, 0.2500000000000002220 ) ;
#10000 = LINE ( 'NONE', #1942, #5513 ) ;
#10001 = VECTOR ( 'NONE', #3082, 1000.000000000000000 ) ;
#10002 = VERTEX_POINT ( 'NONE', #2734 ) ;
#10003 = CARTESIAN_POINT ( 'NONE',  ( 0.000000000000000000, 51.20000000000000284, 20.49999999999999645 ) ) ;
#10004 = AXIS2_PLACEMENT_3D ( 'NONE', #7287, #322, #5692 ) ;
#10005 = LINE ( 'NONE', #5306, #2806 ) ;
#10006 = DIRECTION ( 'NONE',  ( 0.000000000000000000, 0.000000000000000000, 1.000000000000000000 ) ) ;
#10007 = ADVANCED_FACE ( 'NONE', ( #9854 ), #5502, .T. ) ;
#10008 = ADVANCED_FACE ( 'NONE', ( #3679 ), #3627, .F. ) ;
#10009 = VECTOR ( 'NONE', #10680, 1000.000000000000000 ) ;
#10010 = EDGE_CURVE ( 'NONE', #9264, #195, #7197, .T. ) ;
#10011 = ORIENTED_EDGE ( 'NONE', *, *, #1798, .T. ) ;
#10012 = EDGE_LOOP ( 'NONE', ( #4678, #9465, #11016, #2391 ) ) ;
#10013 = DIRECTION ( 'NONE',  ( 0.000000000000000000, 0.000000000000000000, 1.000000000000000000 ) ) ;
#10014 = DIRECTION ( 'NONE',  ( -4.930380657631323784E-32, 1.000000000000000000, 3.061616997868381169E-16 ) ) ;
#10015 = ORIENTED_EDGE ( 'NONE', *, *, #1139, .T. ) ;
#10016 = EDGE_CURVE ( 'NONE', #379, #3913, #6369, .T. ) ;
#10017 = DIRECTION ( 'NONE',  ( 0.000000000000000000, 0.000000000000000000, -1.000000000000000000 ) ) ;
#10018 = VECTOR ( 'NONE', #11423, 1000.000000000000000 ) ;
#10019 = CIRCLE ( 'NONE', #1383, 0.2500000000000002220 ) ;
#10020 = DIRECTION ( 'NONE',  ( 7.395570986446986770E-32, 1.000000000000000000, 3.061616997868383141E-16 ) ) ;
#10021 = CARTESIAN_POINT ( 'NONE',  ( 21.48216726873254245, -80.41022924428168039, 0.8754938253326983721 ) ) ;
#10022 = CARTESIAN_POINT ( 'NONE',  ( 0.000000000000000000, 87.50000000000001421, 3.730185188303422936E-15 ) ) ;
#10023 = EDGE_CURVE ( 'NONE', #10649, #8764, #9148, .T. ) ;
#10024 = ADVANCED_FACE ( 'NONE', ( #10809 ), #9965, .T. ) ;
#10025 = AXIS2_PLACEMENT_3D ( 'NONE', #10386, #8680, #10505 ) ;
#10026 = VERTEX_POINT ( 'NONE', #3344 ) ;
#10027 = CARTESIAN_POINT ( 'NONE',  ( -7.704910915224106205, 51.19999999999999574, -20.07197916968974738 ) ) ;
#10028 = DIRECTION ( 'NONE',  ( 0.000000000000000000, -3.227392513445222318E-16, 1.000000000000000000 ) ) ;
#10029 = CARTESIAN_POINT ( 'NONE',  ( 0.000000000000000000, 87.50000000000001421, 3.730185188303422936E-15 ) ) ;
#10030 = CARTESIAN_POINT ( 'NONE',  ( 12.43427775499836230, -80.41022924428168039, -17.53963331177573437 ) ) ;
#10031 = EDGE_LOOP ( 'NONE', ( #4805, #11387, #5040, #1416 ) ) ;
#10032 = DIRECTION ( 'NONE',  ( 2.465190328815661892E-32, 1.000000000000000000, 3.061616997868381662E-16 ) ) ;
#10033 = DIRECTION ( 'NONE',  ( 9.860761315262647568E-32, 1.000000000000000000, 3.061616997868382648E-16 ) ) ;
#10034 = DIRECTION ( 'NONE',  ( 0.000000000000000000, 0.000000000000000000, 1.000000000000000000 ) ) ;
#10035 = DIRECTION ( 'NONE',  ( 0.000000000000000000, 0.000000000000000000, 1.000000000000000000 ) ) ;
#10036 = VERTEX_POINT ( 'NONE', #6936 ) ;
#10037 = CARTESIAN_POINT ( 'NONE',  ( -21.03017341577685784, 51.19999999999999574, -4.220101352581593801 ) ) ;
#10038 = CARTESIAN_POINT ( 'NONE',  ( -0.2499957747073984216, 45.19999999999998863, -21.49854651162787889 ) ) ;
#10039 = CARTESIAN_POINT ( 'NONE',  ( 0.000000000000000000, 45.20000000000000995, -9.220454712679835547E-15 ) ) ;
#10040 = CYLINDRICAL_SURFACE ( 'NONE', #2654, 21.50000000000000355 ) ;
#10041 = CARTESIAN_POINT ( 'NONE',  ( 0.000000000000000000, 74.75000000000000000, -18.24999999999999645 ) ) ;
#10042 = ORIENTED_EDGE ( 'NONE', *, *, #6594, .F. ) ;
#10043 = EDGE_CURVE ( 'NONE', #8655, #3214, #6439, .T. ) ;
#10044 = EDGE_CURVE ( 'NONE', #11613, #4479, #2105, .T. ) ;
#10045 = DIRECTION ( 'NONE',  ( 0.000000000000000000, 0.000000000000000000, 1.000000000000000000 ) ) ;
#10046 = VERTEX_POINT ( 'NONE', #8433 ) ;
#10047 = CARTESIAN_POINT ( 'NONE',  ( 0.000000000000000000, 3.750000000000003553, -2.191085716884428736E-14 ) ) ;
#10048 = EDGE_CURVE ( 'NONE', #998, #5899, #7767, .T. ) ;
#10049 = VERTEX_POINT ( 'NONE', #11093 ) ;
#10050 = CARTESIAN_POINT ( 'NONE',  ( -19.26884090911954672, 45.19999999999998863, 9.537388008204411349 ) ) ;
#10051 = ORIENTED_EDGE ( 'NONE', *, *, #9348, .F. ) ;
#10052 = CYLINDRICAL_SURFACE ( 'NONE', #8842, 21.50000000000000355 ) ;
#10053 = EDGE_CURVE ( 'NONE', #10708, #7376, #989, .T. ) ;
#10054 = EDGE_CURVE ( 'NONE', #6391, #9840, #10973, .T. ) ;
#10055 = DIRECTION ( 'NONE',  ( 0.000000000000000000, 0.000000000000000000, -1.000000000000000000 ) ) ;
#10056 = EDGE_LOOP ( 'NONE', ( #7698, #2401, #11245, #7505 ) ) ;
#10057 = DIRECTION ( 'NONE',  ( -9.244463733058733463E-33, 1.000000000000000000, 3.061616997868380676E-16 ) ) ;
#10058 = ADVANCED_FACE ( 'NONE', ( #3801 ), #3078, .F. ) ;
#10059 = ORIENTED_EDGE ( 'NONE', *, *, #5543, .F. ) ;
#10060 = DIRECTION ( 'NONE',  ( 0.000000000000000000, 0.000000000000000000, -1.000000000000000000 ) ) ;
#10061 = EDGE_CURVE ( 'NONE', #8413, #5760, #3255, .T. ) ;
#10062 = CARTESIAN_POINT ( 'NONE',  ( 2.510525938252074481E-15, 87.50000000000001421, -20.50000000000000000 ) ) ;
#10063 = DIRECTION ( 'NONE',  ( 0.000000000000000000, 0.000000000000000000, 1.000000000000000000 ) ) ;
#10064 = ORIENTED_EDGE ( 'NONE', *, *, #10153, .T. ) ;
#10065 = VERTEX_POINT ( 'NONE', #287 ) ;
#10066 = DIRECTION ( 'NONE',  ( 0.000000000000000000, 0.000000000000000000, 1.000000000000000000 ) ) ;
#10067 = VERTEX_POINT ( 'NONE', #5612 ) ;
#10068 = DIRECTION ( 'NONE',  ( 1.479114197289397354E-31, 1.000000000000000000, 3.061616997868381662E-16 ) ) ;
#10069 = EDGE_CURVE ( 'NONE', #8260, #9553, #2874, .T. ) ;
#10070 = EDGE_CURVE ( 'NONE', #163, #11165, #5664, .T. ) ;
#10071 = CARTESIAN_POINT ( 'NONE',  ( 2.247361960254412150, 45.19999999999998863, -21.38222075041786852 ) ) ;
#10072 = CARTESIAN_POINT ( 'NONE',  ( 18.03141721082655380, 51.19999999999999574, -11.70973925282314099 ) ) ;
#10073 = DIRECTION ( 'NONE',  ( 0.000000000000000000, 0.000000000000000000, 1.000000000000000000 ) ) ;
#10074 = VERTEX_POINT ( 'NONE', #8500 ) ;
#10075 = DIRECTION ( 'NONE',  ( 0.000000000000000000, 0.000000000000000000, -1.000000000000000000 ) ) ;
#10076 = CARTESIAN_POINT ( 'NONE',  ( 0.000000000000000000, 87.50000000000001421, 8.698518023597401339 ) ) ;
#10077 = CARTESIAN_POINT ( 'NONE',  ( 3.363340998364969359, 51.20000000000000995, 21.23529932279546983 ) ) ;
#10078 = CARTESIAN_POINT ( 'NONE',  ( 12.63738292428807419, -80.41022924428168039, -17.39386537906144881 ) ) ;
#10079 = VERTEX_POINT ( 'NONE', #7610 ) ;
#10080 = DIRECTION ( 'NONE',  ( 0.000000000000000000, 0.000000000000000000, 1.000000000000000000 ) ) ;
#10081 = CARTESIAN_POINT ( 'NONE',  ( -18.61954618136529760, 51.20000000000000995, 10.75000000000022560 ) ) ;
#10082 = EDGE_CURVE ( 'NONE', #4889, #1697, #2248, .T. ) ;
#10083 = ADVANCED_FACE ( 'NONE', ( #4902 ), #10204, .T. ) ;
#10084 = CYLINDRICAL_SURFACE ( 'NONE', #11446, 21.50000000000000355 ) ;
#10085 = AXIS2_PLACEMENT_3D ( 'NONE', #9567, #485, #11468 ) ;
#10086 = VECTOR ( 'NONE', #3051, 1000.000000000000000 ) ;
#10087 = VERTEX_POINT ( 'NONE', #11034 ) ;
#10088 = DIRECTION ( 'NONE',  ( 0.000000000000000000, 0.000000000000000000, -1.000000000000000000 ) ) ;
#10089 = ORIENTED_EDGE ( 'NONE', *, *, #5004, .F. ) ;
#10090 = CARTESIAN_POINT ( 'NONE',  ( -18.61954618136552142, 45.19999999999998863, -10.74999999999980638 ) ) ;
#10091 = EDGE_CURVE ( 'NONE', #4312, #1045, #9314, .T. ) ;
#10092 = LINE ( 'NONE', #3026, #2272 ) ;
#10093 = FACE_OUTER_BOUND ( 'NONE', #10464, .T. ) ;
#10094 = CIRCLE ( 'NONE', #5396, 19.50000000000000355 ) ;
#10095 = ORIENTED_EDGE ( 'NONE', *, *, #4465, .T. ) ;
#10096 = AXIS2_PLACEMENT_3D ( 'NONE', #4955, #5506, #3119 ) ;
#10097 = CYLINDRICAL_SURFACE ( 'NONE', #5772, 21.50000000000000355 ) ;
#10098 = AXIS2_PLACEMENT_3D ( 'NONE', #447, #3100, #5801 ) ;
#10099 = ORIENTED_EDGE ( 'NONE', *, *, #6509, .T. ) ;
#10100 = DIRECTION ( 'NONE',  ( 0.000000000000000000, 0.000000000000000000, 1.000000000000000000 ) ) ;
#10101 = VECTOR ( 'NONE', #4942, 1000.000000000000000 ) ;
#10102 = AXIS2_PLACEMENT_3D ( 'NONE', #4549, #8149, #5708 ) ;
#10103 = ORIENTED_EDGE ( 'NONE', *, *, #6620, .T. ) ;
#10104 = EDGE_CURVE ( 'NONE', #10369, #3604, #35, .T. ) ;
#10105 = DIRECTION ( 'NONE',  ( -0.000000000000000000, 1.000000000000000000, 3.061616997868383141E-16 ) ) ;
#10106 = ORIENTED_EDGE ( 'NONE', *, *, #1012, .F. ) ;
#10107 = DIRECTION ( 'NONE',  ( -0.000000000000000000, 1.000000000000000000, 3.061616997868383141E-16 ) ) ;
#10108 = AXIS2_PLACEMENT_3D ( 'NONE', #5680, #9280, #10221 ) ;
#10109 = CARTESIAN_POINT ( 'NONE',  ( 0.000000000000000000, 45.20000000000000995, -9.220454712679835547E-15 ) ) ;
#10110 = VERTEX_POINT ( 'NONE', #8262 ) ;
#10111 = FACE_OUTER_BOUND ( 'NONE', #4189, .T. ) ;
#10112 = VECTOR ( 'NONE', #1573, 1000.000000000000000 ) ;
#10113 = CARTESIAN_POINT ( 'NONE',  ( 0.000000000000000000, 80.00000000000000000, 1.433972439902135161E-15 ) ) ;
#10114 = CIRCLE ( 'NONE', #526, 0.2500000000000002220 ) ;
#10115 = AXIS2_PLACEMENT_3D ( 'NONE', #6315, #9979, #9917 ) ;
#10116 = ADVANCED_FACE ( 'NONE', ( #4841 ), #2181, .F. ) ;
#10117 = ORIENTED_EDGE ( 'NONE', *, *, #4254, .T. ) ;
#10118 = CARTESIAN_POINT ( 'NONE',  ( -5.805710654484237843, 51.20000000000000995, 20.70129763556883518 ) ) ;
#10119 = LINE ( 'NONE', #10963, #11429 ) ;
#10120 = CARTESIAN_POINT ( 'NONE',  ( 8.972629143562024012, 45.19999999999998863, -19.53821706942837721 ) ) ;
#10121 = VERTEX_POINT ( 'NONE', #9374 ) ;
#10122 = VERTEX_POINT ( 'NONE', #1310 ) ;
#10123 = DIRECTION ( 'NONE',  ( 0.000000000000000000, 0.000000000000000000, 1.000000000000000000 ) ) ;
#10124 = ORIENTED_EDGE ( 'NONE', *, *, #193, .F. ) ;
#10125 = CARTESIAN_POINT ( 'NONE',  ( -8.744837826129456815, -80.41022924428169460, 19.64122733931599640 ) ) ;
#10126 = EDGE_CURVE ( 'NONE', #111, #2555, #7570, .T. ) ;
#10127 = CARTESIAN_POINT ( 'NONE',  ( -20.97677464539629000, -80.41022924428168039, -4.714331922580239365 ) ) ;
#10128 = DIRECTION ( 'NONE',  ( 0.000000000000000000, -1.000000000000000000, -3.061616997868383141E-16 ) ) ;
#10129 = CARTESIAN_POINT ( 'NONE',  ( -19.04184949573553709, 51.19999999999999574, -9.982883740771317349 ) ) ;
#10130 = ORIENTED_EDGE ( 'NONE', *, *, #6736, .F. ) ;
#10131 = VERTEX_POINT ( 'NONE', #9209 ) ;
#10132 = DIRECTION ( 'NONE',  ( -9.860761315262647568E-32, 1.000000000000000000, 3.061616997868380676E-16 ) ) ;
#10133 = DIRECTION ( 'NONE',  ( -9.860761315262647568E-32, 1.000000000000000000, 3.061616997868382648E-16 ) ) ;
#10134 = DIRECTION ( 'NONE',  ( 0.000000000000000000, -3.227392513445220839E-16, 1.000000000000000000 ) ) ;
#10135 = EDGE_CURVE ( 'NONE', #5624, #5442, #5875, .T. ) ;
#10136 = CARTESIAN_POINT ( 'NONE',  ( 0.000000000000000000, 8.699999999999999289, -2.039535675489943990E-14 ) ) ;
#10137 = ORIENTED_EDGE ( 'NONE', *, *, #10061, .F. ) ;
#10138 = DIRECTION ( 'NONE',  ( -2.465190328815661892E-32, 1.000000000000000000, 3.061616997868381169E-16 ) ) ;
#10139 = DIRECTION ( 'NONE',  ( -0.000000000000000000, 1.000000000000000000, 3.061616997868383141E-16 ) ) ;
#10140 = CARTESIAN_POINT ( 'NONE',  ( -21.19475577399854771, 51.19999999999999574, -3.610031534565194544 ) ) ;
#10141 = AXIS2_PLACEMENT_3D ( 'NONE', #617, #11405, #3317 ) ;
#10142 = ORIENTED_EDGE ( 'NONE', *, *, #10423, .F. ) ;
#10143 = DIRECTION ( 'NONE',  ( 0.000000000000000000, -1.000000000000000000, -3.061616997868383141E-16 ) ) ;
#10144 = EDGE_LOOP ( 'NONE', ( #8172, #4519, #4509, #4852 ) ) ;
#10145 = AXIS2_PLACEMENT_3D ( 'NONE', #10345, #8580, #9463 ) ;
#10146 = ADVANCED_FACE ( 'NONE', ( #4728 ), #8328, .F. ) ;
#10147 = CARTESIAN_POINT ( 'NONE',  ( 12.43427775499847421, -80.41022924428169460, 17.53963331177561003 ) ) ;
#10148 = CARTESIAN_POINT ( 'NONE',  ( -13.53038840757163541, 45.19999999999998863, -16.70863817132473983 ) ) ;
#10149 = VECTOR ( 'NONE', #8333, 1000.000000000000000 ) ;
#10150 = DIRECTION ( 'NONE',  ( 0.000000000000000000, 0.000000000000000000, 1.000000000000000000 ) ) ;
#10151 = CIRCLE ( 'NONE', #2635, 21.50000000000000000 ) ;
#10152 = ORIENTED_EDGE ( 'NONE', *, *, #940, .F. ) ;
#10153 = EDGE_CURVE ( 'NONE', #10590, #8890, #2498, .T. ) ;
#10154 = DIRECTION ( 'NONE',  ( -7.395570986446986770E-32, 1.000000000000000000, 3.061616997868381169E-16 ) ) ;
#10155 = VERTEX_POINT ( 'NONE', #6845 ) ;
#10156 = VECTOR ( 'NONE', #4152, 1000.000000000000000 ) ;
#10157 = AXIS2_PLACEMENT_3D ( 'NONE', #1072, #2068, #352 ) ;
#10158 = CIRCLE ( 'NONE', #7337, 0.2500000000000002220 ) ;
#10159 = VERTEX_POINT ( 'NONE', #11344 ) ;
#10160 = CYLINDRICAL_SURFACE ( 'NONE', #8481, 0.2500000000000002220 ) ;
#10161 = ORIENTED_EDGE ( 'NONE', *, *, #6404, .F. ) ;
#10162 = EDGE_CURVE ( 'NONE', #1534, #2892, #2311, .T. ) ;
#10163 = CARTESIAN_POINT ( 'NONE',  ( 0.000000000000000000, 45.20000000000000995, -9.220454712679835547E-15 ) ) ;
#10164 = CARTESIAN_POINT ( 'NONE',  ( -1.374800153705815431, -80.41022924428169460, 21.45599973288051743 ) ) ;
#10165 = EDGE_CURVE ( 'NONE', #3278, #4362, #3822, .T. ) ;
#10166 = ORIENTED_EDGE ( 'NONE', *, *, #3426, .T. ) ;
#10167 = CARTESIAN_POINT ( 'NONE',  ( -9.760795744400017071, -80.41022924428169460, 19.15664027004999070 ) ) ;
#10168 = AXIS2_PLACEMENT_3D ( 'NONE', #1147, #4088, #11470 ) ;
#10169 = CIRCLE ( 'NONE', #10747, 21.50000000000000000 ) ;
#10170 = VECTOR ( 'NONE', #11497, 1000.000000000000000 ) ;
#10171 = EDGE_CURVE ( 'NONE', #6266, #8772, #4575, .T. ) ;
#10172 = ORIENTED_EDGE ( 'NONE', *, *, #7842, .F. ) ;
#10173 = CARTESIAN_POINT ( 'NONE',  ( 0.000000000000000000, -1.132798289211305642E-15, 3.699999999999989519 ) ) ;
#10174 = DIRECTION ( 'NONE',  ( -0.000000000000000000, 1.000000000000000000, 3.061616997868383141E-16 ) ) ;
#10175 = CARTESIAN_POINT ( 'NONE',  ( -9.760795744400400764, 45.19999999999998863, -19.15664027004980952 ) ) ;
#10176 = AXIS2_PLACEMENT_3D ( 'NONE', #3177, #4122, #7712 ) ;
#10177 = ORIENTED_EDGE ( 'NONE', *, *, #2932, .F. ) ;
#10178 = ORIENTED_EDGE ( 'NONE', *, *, #10241, .T. ) ;
#10179 = CIRCLE ( 'NONE', #8695, 0.2500000000000002220 ) ;
#10180 = FACE_OUTER_BOUND ( 'NONE', #663, .T. ) ;
#10181 = ORIENTED_EDGE ( 'NONE', *, *, #10338, .F. ) ;
#10182 = DIRECTION ( 'NONE',  ( 0.000000000000000000, 0.000000000000000000, 1.000000000000000000 ) ) ;
#10183 = AXIS2_PLACEMENT_3D ( 'NONE', #10027, #4664, #9094 ) ;
#10184 = AXIS2_PLACEMENT_3D ( 'NONE', #3764, #10890, #5578 ) ;
#10185 = AXIS2_PLACEMENT_3D ( 'NONE', #176, #5551, #117 ) ;
#10186 = DIRECTION ( 'NONE',  ( 0.000000000000000000, 0.000000000000000000, 1.000000000000000000 ) ) ;
#10187 = EDGE_CURVE ( 'NONE', #7467, #137, #10601, .T. ) ;
#10188 = CYLINDRICAL_SURFACE ( 'NONE', #4288, 0.2500000000000002220 ) ;
#10189 = VECTOR ( 'NONE', #11376, 1000.000000000000000 ) ;
#10190 = LINE ( 'NONE', #4826, #8327 ) ;
#10191 = ORIENTED_EDGE ( 'NONE', *, *, #9147, .F. ) ;
#10192 = ORIENTED_EDGE ( 'NONE', *, *, #5951, .F. ) ;
#10193 = VECTOR ( 'NONE', #5072, 1000.000000000000000 ) ;
#10194 = VERTEX_POINT ( 'NONE', #1608 ) ;
#10195 = CYLINDRICAL_SURFACE ( 'NONE', #8889, 0.2500000000000002220 ) ;
#10196 = FACE_OUTER_BOUND ( 'NONE', #9944, .T. ) ;
#10197 = EDGE_CURVE ( 'NONE', #10366, #11350, #2509, .T. ) ;
#10198 = DIRECTION ( 'NONE',  ( 0.000000000000000000, -1.000000000000000000, -3.061616997868383141E-16 ) ) ;
#10199 = VECTOR ( 'NONE', #6599, 1000.000000000000000 ) ;
#10200 = DIRECTION ( 'NONE',  ( 0.000000000000000000, 0.000000000000000000, 1.000000000000000000 ) ) ;
#10201 = VERTEX_POINT ( 'NONE', #6900 ) ;
#10202 = DIRECTION ( 'NONE',  ( 0.000000000000000000, 0.000000000000000000, 1.000000000000000000 ) ) ;
#10203 = AXIS2_PLACEMENT_3D ( 'NONE', #6090, #7031, #7850 ) ;
#10204 = CYLINDRICAL_SURFACE ( 'NONE', #4750, 21.50000000000000355 ) ;
#10205 = CARTESIAN_POINT ( 'NONE',  ( 15.02499431646295314, 51.19999999999999574, -15.37854173159003324 ) ) ;
#10206 = AXIS2_PLACEMENT_3D ( 'NONE', #8740, #3260, #2369 ) ;
#10207 = CIRCLE ( 'NONE', #5143, 0.2500000000000002220 ) ;
#10208 = EDGE_CURVE ( 'NONE', #7574, #85, #8790, .T. ) ;
#10209 = ORIENTED_EDGE ( 'NONE', *, *, #3861, .F. ) ;
#10210 = DIRECTION ( 'NONE',  ( 0.000000000000000000, 0.000000000000000000, 1.000000000000000000 ) ) ;
#10211 = DIRECTION ( 'NONE',  ( 0.000000000000000000, 0.000000000000000000, -1.000000000000000000 ) ) ;
#10212 = CARTESIAN_POINT ( 'NONE',  ( -16.55018116000664108, 45.20000000000000284, 13.72375690439615248 ) ) ;
#10213 = VERTEX_POINT ( 'NONE', #1436 ) ;
#10214 = CARTESIAN_POINT ( 'NONE',  ( -19.64122733931598574, -80.41022924428168039, -8.744837826129547409 ) ) ;
#10215 = EDGE_CURVE ( 'NONE', #4647, #8595, #4394, .T. ) ;
#10216 = ORIENTED_EDGE ( 'NONE', *, *, #669, .T. ) ;
#10217 = CYLINDRICAL_SURFACE ( 'NONE', #11462, 21.50000000000000355 ) ;
#10218 = VECTOR ( 'NONE', #6664, 1000.000000000000000 ) ;
#10219 = ORIENTED_EDGE ( 'NONE', *, *, #11280, .F. ) ;
#10220 = ADVANCED_FACE ( 'NONE', ( #5079 ), #1384, .F. ) ;
#10221 = DIRECTION ( 'NONE',  ( 0.000000000000000000, 0.000000000000000000, 1.000000000000000000 ) ) ;
#10222 = VERTEX_POINT ( 'NONE', #2433 ) ;
#10223 = ORIENTED_EDGE ( 'NONE', *, *, #6201, .T. ) ;
#10224 = CYLINDRICAL_SURFACE ( 'NONE', #382, 21.50000000000000355 ) ;
#10225 = EDGE_CURVE ( 'NONE', #2753, #9000, #9092, .T. ) ;
#10226 = ORIENTED_EDGE ( 'NONE', *, *, #1582, .T. ) ;
#10227 = DIRECTION ( 'NONE',  ( -0.000000000000000000, 1.000000000000000000, 3.061616997868383141E-16 ) ) ;
#10228 = AXIS2_PLACEMENT_3D ( 'NONE', #4811, #10237, #8406 ) ;
#10229 = FACE_OUTER_BOUND ( 'NONE', #3654, .T. ) ;
#10230 = ORIENTED_EDGE ( 'NONE', *, *, #6461, .T. ) ;
#10231 = CYLINDRICAL_SURFACE ( 'NONE', #811, 0.2500000000000002220 ) ;
#10232 = DIRECTION ( 'NONE',  ( 9.860761315262647568E-32, 1.000000000000000000, 3.061616997868381662E-16 ) ) ;
#10233 = EDGE_CURVE ( 'NONE', #9484, #8890, #2316, .T. ) ;
#10234 = EDGE_CURVE ( 'NONE', #4600, #4292, #5886, .T. ) ;
#10235 = ORIENTED_EDGE ( 'NONE', *, *, #3275, .T. ) ;
#10236 = FACE_OUTER_BOUND ( 'NONE', #6375, .T. ) ;
#10237 = DIRECTION ( 'NONE',  ( -0.000000000000000000, 1.000000000000000000, 3.061616997868383141E-16 ) ) ;
#10238 = DIRECTION ( 'NONE',  ( 0.000000000000000000, -1.000000000000000000, -3.061616997868383141E-16 ) ) ;
#10239 = ORIENTED_EDGE ( 'NONE', *, *, #7107, .F. ) ;
#10240 = ORIENTED_EDGE ( 'NONE', *, *, #6681, .T. ) ;
#10241 = EDGE_CURVE ( 'NONE', #5760, #8834, #7778, .T. ) ;
#10242 = DIRECTION ( 'NONE',  ( 0.000000000000000000, 0.7071067811865473507, 0.7071067811865477948 ) ) ;
#10243 = VERTEX_POINT ( 'NONE', #2493 ) ;
#10244 = FACE_OUTER_BOUND ( 'NONE', #7984, .T. ) ;
#10245 = LINE ( 'NONE', #10127, #5113 ) ;
#10246 = DIRECTION ( 'NONE',  ( 0.000000000000000000, -3.227392513445222318E-16, 1.000000000000000000 ) ) ;
#10247 = CARTESIAN_POINT ( 'NONE',  ( 17.89404075541373373, 45.20000000000000284, 11.91861172467634944 ) ) ;
#10248 = DIRECTION ( 'NONE',  ( 4.930380657631323784E-32, 1.000000000000000000, 3.061616997868381662E-16 ) ) ;
#10249 = ORIENTED_EDGE ( 'NONE', *, *, #7761, .F. ) ;
#10250 = ORIENTED_EDGE ( 'NONE', *, *, #70, .F. ) ;
#10251 = VERTEX_POINT ( 'NONE', #8558 ) ;
#10252 = LINE ( 'NONE', #4020, #9640 ) ;
#10253 = CARTESIAN_POINT ( 'NONE',  ( -8.972629143561871246, 51.20000000000000995, 19.53821706942841274 ) ) ;
#10254 = CARTESIAN_POINT ( 'NONE',  ( 0.000000000000000000, 76.25000000000000000, 15.65000000000000036 ) ) ;
#10255 = CARTESIAN_POINT ( 'NONE',  ( -17.24574565275887750, -80.41022924428168039, -12.83877941551875779 ) ) ;
#10256 = ORIENTED_EDGE ( 'NONE', *, *, #4396, .F. ) ;
#10257 = DIRECTION ( 'NONE',  ( 0.000000000000000000, 0.000000000000000000, -1.000000000000000000 ) ) ;
#10258 = DIRECTION ( 'NONE',  ( 0.000000000000000000, 0.000000000000000000, -1.000000000000000000 ) ) ;
#10259 = DIRECTION ( 'NONE',  ( 9.860761315262647568E-32, 1.000000000000000000, 3.061616997868382648E-16 ) ) ;
#10260 = EDGE_CURVE ( 'NONE', #3572, #9284, #6084, .T. ) ;
#10261 = ORIENTED_EDGE ( 'NONE', *, *, #7725, .F. ) ;
#10262 = CARTESIAN_POINT ( 'NONE',  ( 17.39386537906138841, 51.20000000000000995, 12.63738292428814525 ) ) ;
#10263 = CARTESIAN_POINT ( 'NONE',  ( 5.805710654484691702, -80.41022924428169460, 20.70129763556867530 ) ) ;
#10264 = LINE ( 'NONE', #3912, #1579 ) ;
#10265 = ORIENTED_EDGE ( 'NONE', *, *, #145, .F. ) ;
#10266 = DIRECTION ( 'NONE',  ( -0.000000000000000000, 1.000000000000000000, 3.061616997868383141E-16 ) ) ;
#10267 = EDGE_LOOP ( 'NONE', ( #4998, #2688, #1845, #6615 ) ) ;
#10268 = LINE ( 'NONE', #2193, #3917 ) ;
#10269 = ORIENTED_EDGE ( 'NONE', *, *, #9150, .T. ) ;
#10270 = ADVANCED_FACE ( 'NONE', ( #9674 ), #477, .F. ) ;
#10271 = FACE_OUTER_BOUND ( 'NONE', #7004, .T. ) ;
#10272 = LINE ( 'NONE', #8520, #9728 ) ;
#10273 = ORIENTED_EDGE ( 'NONE', *, *, #3339, .F. ) ;
#10274 = VERTEX_POINT ( 'NONE', #7669 ) ;
#10275 = CARTESIAN_POINT ( 'NONE',  ( 16.14381341971838069, 51.20000000000000995, 14.19955239679478431 ) ) ;
#10276 = ORIENTED_EDGE ( 'NONE', *, *, #7058, .T. ) ;
#10277 = VECTOR ( 'NONE', #11636, 1000.000000000000000 ) ;
#10278 = DIRECTION ( 'NONE',  ( 0.000000000000000000, -3.227392513445220839E-16, 1.000000000000000000 ) ) ;
#10279 = AXIS2_PLACEMENT_3D ( 'NONE', #3596, #6514, #2287 ) ;
#10280 = CARTESIAN_POINT ( 'NONE',  ( -20.07197916968989659, 45.19999999999998863, -7.454910915223750933 ) ) ;
#10281 = EDGE_CURVE ( 'NONE', #8546, #3503, #11369, .T. ) ;
#10282 = ORIENTED_EDGE ( 'NONE', *, *, #11107, .F. ) ;
#10283 = CIRCLE ( 'NONE', #6516, 21.50000000000000000 ) ;
#10284 = DIRECTION ( 'NONE',  ( 9.860761315262647568E-32, 1.000000000000000000, 3.061616997868382648E-16 ) ) ;
#10285 = DIRECTION ( 'NONE',  ( 0.000000000000000000, 0.000000000000000000, 1.000000000000000000 ) ) ;
#10286 = CIRCLE ( 'NONE', #1074, 21.50000000000001066 ) ;
#10287 = VECTOR ( 'NONE', #5234, 1000.000000000000000 ) ;
#10288 = CIRCLE ( 'NONE', #5960, 0.2500000000000002220 ) ;
#10289 = ORIENTED_EDGE ( 'NONE', *, *, #649, .F. ) ;
#10290 = CARTESIAN_POINT ( 'NONE',  ( -15.97761374776409227, 45.19999999999998863, -14.38630803671529357 ) ) ;
#10291 = AXIS2_PLACEMENT_3D ( 'NONE', #8453, #11058, #8389 ) ;
#10292 = CIRCLE ( 'NONE', #8232, 8.698518023597397786 ) ;
#10293 = CARTESIAN_POINT ( 'NONE',  ( -3.116195710812804442, 51.19999999999999574, -21.27297168455578102 ) ) ;
#10294 = CARTESIAN_POINT ( 'NONE',  ( -11.91861172467613450, 51.20000000000000995, 17.89404075541386163 ) ) ;
#10295 = ORIENTED_EDGE ( 'NONE', *, *, #9290, .F. ) ;
#10296 = ORIENTED_EDGE ( 'NONE', *, *, #9554, .T. ) ;
#10297 = CIRCLE ( 'NONE', #5409, 0.2500000000000002220 ) ;
#10298 = ADVANCED_FACE ( 'NONE', ( #5020 ), #8617, .F. ) ;
#10299 = AXIS2_PLACEMENT_3D ( 'NONE', #4441, #4269, #6145 ) ;
#10300 = DIRECTION ( 'NONE',  ( -0.000000000000000000, 1.000000000000000000, 3.061616997868383141E-16 ) ) ;
#10301 = EDGE_LOOP ( 'NONE', ( #4856, #2823, #7870, #10903 ) ) ;
#10302 = VECTOR ( 'NONE', #10490, 1000.000000000000000 ) ;
#10303 = DIRECTION ( 'NONE',  ( -0.000000000000000000, 1.000000000000000000, 3.061616997868383141E-16 ) ) ;
#10304 = CONICAL_SURFACE ( 'NONE', #5230, 8.698518023597397786, 0.9599310885968793672 ) ;
#10305 = CARTESIAN_POINT ( 'NONE',  ( 15.20279579551068316, 45.19999999999998863, -14.95279579551082882 ) ) ;
#10306 = CIRCLE ( 'NONE', #2791, 20.50000000000000355 ) ;
#10307 = ORIENTED_EDGE ( 'NONE', *, *, #7266, .T. ) ;
#10308 = DIRECTION ( 'NONE',  ( 0.000000000000000000, 0.000000000000000000, 1.000000000000000000 ) ) ;
#10309 = AXIS2_PLACEMENT_3D ( 'NONE', #10507, #9559, #666 ) ;
#10310 = CARTESIAN_POINT ( 'NONE',  ( 2.265596578422603002E-15, 74.75000000000000000, 18.49999999999999645 ) ) ;
#10311 = FACE_OUTER_BOUND ( 'NONE', #7234, .T. ) ;
#10312 = ORIENTED_EDGE ( 'NONE', *, *, #6469, .T. ) ;
#10313 = ORIENTED_EDGE ( 'NONE', *, *, #1818, .F. ) ;
#10314 = DIRECTION ( 'NONE',  ( -0.000000000000000000, 1.000000000000000000, 3.061616997868383141E-16 ) ) ;
#10315 = DIRECTION ( 'NONE',  ( 0.000000000000000000, -3.227392513445220839E-16, 1.000000000000000000 ) ) ;
#10316 = EDGE_CURVE ( 'NONE', #3913, #7634, #232, .T. ) ;
#10317 = CARTESIAN_POINT ( 'NONE',  ( -20.76740526521501096, 45.19999999999998863, -5.564609469703973410 ) ) ;
#10318 = FACE_OUTER_BOUND ( 'NONE', #2373, .T. ) ;
#10319 = VERTEX_POINT ( 'NONE', #11570 ) ;
#10320 = CARTESIAN_POINT ( 'NONE',  ( 0.000000000000000000, 45.20000000000000995, -9.220454712679835547E-15 ) ) ;
#10321 = CARTESIAN_POINT ( 'NONE',  ( 16.55018116000672634, -80.41022924428168039, -13.72375690439605478 ) ) ;
#10322 = LINE ( 'NONE', #2182, #5238 ) ;
#10323 = CARTESIAN_POINT ( 'NONE',  ( -21.48216726873253180, 51.19999999999999574, 0.8754938253332071874 ) ) ;
#10324 = ORIENTED_EDGE ( 'NONE', *, *, #8008, .T. ) ;
#10325 = CARTESIAN_POINT ( 'NONE',  ( 1.916572240665607987E-15, 76.25000000000000000, -15.65000000000000036 ) ) ;
#10326 = DIRECTION ( 'NONE',  ( -0.000000000000000000, 1.000000000000000000, 3.061616997868383141E-16 ) ) ;
#10327 = CARTESIAN_POINT ( 'NONE',  ( -7.704910915224106205, -80.41022924428168039, -20.07197916968979001 ) ) ;
#10328 = VERTEX_POINT ( 'NONE', #8145 ) ;
#10329 = ORIENTED_EDGE ( 'NONE', *, *, #4921, .T. ) ;
#10330 = CARTESIAN_POINT ( 'NONE',  ( -13.53038840757163541, -80.41022924428168039, -16.70863817132477891 ) ) ;
#10331 = AXIS2_PLACEMENT_3D ( 'NONE', #8012, #6237, #11673 ) ;
#10332 = ORIENTED_EDGE ( 'NONE', *, *, #4677, .F. ) ;
#10333 = CIRCLE ( 'NONE', #4873, 15.40000000000000036 ) ;
#10334 = CARTESIAN_POINT ( 'NONE',  ( 1.125223059223148248, 51.19999999999999574, -21.47053499722331793 ) ) ;
#10335 = DIRECTION ( 'NONE',  ( -9.860761315262647568E-32, 1.000000000000000000, 3.061616997868380676E-16 ) ) ;
#10336 = VECTOR ( 'NONE', #4244, 1000.000000000000114 ) ;
#10337 = ORIENTED_EDGE ( 'NONE', *, *, #6404, .T. ) ;
#10338 = EDGE_CURVE ( 'NONE', #1761, #6191, #10906, .T. ) ;
#10339 = ORIENTED_EDGE ( 'NONE', *, *, #4698, .F. ) ;
#10340 = CARTESIAN_POINT ( 'NONE',  ( -16.70863817132498141, 45.19999999999998863, -13.53038840757134409 ) ) ;
#10341 = AXIS2_PLACEMENT_3D ( 'NONE', #4722, #10133, #2844 ) ;
#10342 = ORIENTED_EDGE ( 'NONE', *, *, #2155, .F. ) ;
#10343 = AXIS2_PLACEMENT_3D ( 'NONE', #6048, #4043, #11231 ) ;
#10344 = AXIS2_PLACEMENT_3D ( 'NONE', #8555, #2178, #4136 ) ;
#10345 = CARTESIAN_POINT ( 'NONE',  ( 0.000000000000000000, 45.20000000000000995, -9.220454712679835547E-15 ) ) ;
#10346 = CYLINDRICAL_SURFACE ( 'NONE', #5589, 21.50000000000000355 ) ;
#10347 = ADVANCED_FACE ( 'NONE', ( #8916 ), #11625, .T. ) ;
#10348 = VERTEX_POINT ( 'NONE', #10677 ) ;
#10349 = CARTESIAN_POINT ( 'NONE',  ( 2.388061258337338939E-15, 70.04536989052154183, 19.50000000000000000 ) ) ;
#10350 = VECTOR ( 'NONE', #4572, 1000.000000000000000 ) ;
#10351 = DIRECTION ( 'NONE',  ( 0.000000000000000000, -3.227392513445220839E-16, 1.000000000000000000 ) ) ;
#10352 = CIRCLE ( 'NONE', #10545, 0.2500000000000002220 ) ;
#10353 = CIRCLE ( 'NONE', #9781, 21.50000000000001066 ) ;
#10354 = ORIENTED_EDGE ( 'NONE', *, *, #4416, .F. ) ;
#10355 = CARTESIAN_POINT ( 'NONE',  ( 2.247361960254412150, 45.19999999999998863, -21.38222075041786852 ) ) ;
#10356 = CARTESIAN_POINT ( 'NONE',  ( 20.44771510034576067, 51.19999999999999574, -6.393865379061435483 ) ) ;
#10357 = FACE_OUTER_BOUND ( 'NONE', #11593, .T. ) ;
#10358 = AXIS2_PLACEMENT_3D ( 'NONE', #4778, #6537, #1126 ) ;
#10359 = ADVANCED_FACE ( 'NONE', ( #1010 ), #7132, .T. ) ;
#10360 = ORIENTED_EDGE ( 'NONE', *, *, #3311, .F. ) ;
#10361 = ORIENTED_EDGE ( 'NONE', *, *, #4807, .F. ) ;
#10362 = AXIS2_PLACEMENT_3D ( 'NONE', #4034, #10577, #9628 ) ;
#10363 = CIRCLE ( 'NONE', #5095, 21.50000000000001066 ) ;
#10364 = AXIS2_PLACEMENT_3D ( 'NONE', #10714, #11434, #2642 ) ;
#10365 = DIRECTION ( 'NONE',  ( 0.000000000000000000, 0.000000000000000000, 1.000000000000000000 ) ) ;
#10366 = VERTEX_POINT ( 'NONE', #892 ) ;
#10367 = DIRECTION ( 'NONE',  ( 0.000000000000000000, -3.227392513445222318E-16, 1.000000000000000000 ) ) ;
#10368 = DIRECTION ( 'NONE',  ( -0.000000000000000000, 1.000000000000000000, 3.061616997868383141E-16 ) ) ;
#10369 = VERTEX_POINT ( 'NONE', #6357 ) ;
#10370 = ADVANCED_FACE ( 'NONE', ( #6186 ), #9086, .T. ) ;
#10371 = CARTESIAN_POINT ( 'NONE',  ( -11.70973925282284966, 51.20000000000000995, 18.03141721082677051 ) ) ;
#10372 = VECTOR ( 'NONE', #9777, 1000.000000000000000 ) ;
#10373 = CIRCLE ( 'NONE', #8874, 21.50000000000001066 ) ;
#10374 = DIRECTION ( 'NONE',  ( -0.000000000000000000, 1.000000000000000000, 3.061616997868383141E-16 ) ) ;
#10375 = DIRECTION ( 'NONE',  ( 0.000000000000000000, -2.991412108253678048E-16, 1.000000000000000000 ) ) ;
#10376 = EDGE_LOOP ( 'NONE', ( #6388, #8723, #2847, #3146 ) ) ;
#10377 = ORIENTED_EDGE ( 'NONE', *, *, #3685, .F. ) ;
#10378 = LINE ( 'NONE', #3956, #6614 ) ;
#10379 = EDGE_CURVE ( 'NONE', #8168, #4013, #1724, .T. ) ;
#10380 = LINE ( 'NONE', #3006, #7532 ) ;
#10381 = DIRECTION ( 'NONE',  ( 2.465190328815661892E-32, 1.000000000000000000, 3.061616997868381169E-16 ) ) ;
#10382 = DIRECTION ( 'NONE',  ( -0.000000000000000000, 1.000000000000000000, 3.061616997868383141E-16 ) ) ;
#10383 = ORIENTED_EDGE ( 'NONE', *, *, #1957, .T. ) ;
#10384 = FACE_OUTER_BOUND ( 'NONE', #6003, .T. ) ;
#10385 = AXIS2_PLACEMENT_3D ( 'NONE', #8900, #9705, #2584 ) ;
#10386 = CARTESIAN_POINT ( 'NONE',  ( -15.97761374776409227, -80.41022924428168039, -14.38630803671533265 ) ) ;
#10387 = CIRCLE ( 'NONE', #5124, 21.50000000000001066 ) ;
#10388 = FACE_OUTER_BOUND ( 'NONE', #7546, .T. ) ;
#10389 = EDGE_CURVE ( 'NONE', #10122, #336, #8338, .T. ) ;
#10390 = EDGE_CURVE ( 'NONE', #8655, #3172, #5318, .T. ) ;
#10391 = AXIS2_PLACEMENT_3D ( 'NONE', #281, #9959, #5657 ) ;
#10392 = DIRECTION ( 'NONE',  ( 9.860761315262647568E-32, 1.000000000000000000, 3.061616997868382155E-16 ) ) ;
#10393 = VECTOR ( 'NONE', #9466, 1000.000000000000000 ) ;
#10394 = ORIENTED_EDGE ( 'NONE', *, *, #8427, .F. ) ;
#10395 = DIRECTION ( 'NONE',  ( 0.000000000000000000, -1.000000000000000000, -3.061616997868383141E-16 ) ) ;
#10396 = DIRECTION ( 'NONE',  ( 0.000000000000000000, -3.061616997868383634E-16, 1.000000000000000000 ) ) ;
#10397 = AXIS2_PLACEMENT_3D ( 'NONE', #9425, #10248, #7538 ) ;
#10398 = CARTESIAN_POINT ( 'NONE',  ( -17.39386537906147012, 51.19999999999999574, -12.38738292428799603 ) ) ;
#10399 = ORIENTED_EDGE ( 'NONE', *, *, #1629, .T. ) ;
#10400 = CARTESIAN_POINT ( 'NONE',  ( 13.53038840757152173, 51.20000000000000995, 16.70863817132486062 ) ) ;
#10401 = EDGE_LOOP ( 'NONE', ( #8223, #7370, #2731, #1003 ) ) ;
#10402 = CARTESIAN_POINT ( 'NONE',  ( -14.38630803671557956, -80.41022924428168039, -15.97761374776387022 ) ) ;
#10403 = DIRECTION ( 'NONE',  ( -6.162975822039154730E-33, 1.000000000000000000, 3.061616997868383141E-16 ) ) ;
#10404 = EDGE_CURVE ( 'NONE', #9113, #7243, #10791, .T. ) ;
#10405 = EDGE_LOOP ( 'NONE', ( #3367, #6350, #3462, #10744 ) ) ;
#10406 = AXIS2_PLACEMENT_3D ( 'NONE', #9583, #10858, #967 ) ;
#10407 = CARTESIAN_POINT ( 'NONE',  ( 18.49328953615750848, 45.20000000000000284, 10.96577594754915985 ) ) ;
#10408 = PLANE ( 'NONE',  #11247 ) ;
#10409 = AXIS2_PLACEMENT_3D ( 'NONE', #8605, #2304, #1299 ) ;
#10410 = EDGE_LOOP ( 'NONE', ( #6628, #8441, #2021, #882 ) ) ;
#10411 = VERTEX_POINT ( 'NONE', #11128 ) ;
#10412 = DIRECTION ( 'NONE',  ( -0.000000000000000000, 1.000000000000000000, 3.061616997868383141E-16 ) ) ;
#10413 = EDGE_LOOP ( 'NONE', ( #6377, #4262, #2499, #7947 ) ) ;
#10414 = AXIS2_PLACEMENT_3D ( 'NONE', #10891, #5530, #212 ) ;
#10415 = DIRECTION ( 'NONE',  ( 0.000000000000000000, 0.000000000000000000, 1.000000000000000000 ) ) ;
#10416 = CARTESIAN_POINT ( 'NONE',  ( -5.805710654484836475, -80.41022924428168039, -20.70129763556868596 ) ) ;
#10417 = EDGE_CURVE ( 'NONE', #142, #9733, #4758, .T. ) ;
#10418 = ORIENTED_EDGE ( 'NONE', *, *, #7159, .T. ) ;
#10419 = DIRECTION ( 'NONE',  ( -4.930380657631323784E-32, 1.000000000000000000, 3.061616997868381169E-16 ) ) ;
#10420 = EDGE_CURVE ( 'NONE', #4647, #6240, #8911, .T. ) ;
#10421 = VERTEX_POINT ( 'NONE', #3047 ) ;
#10422 = DIRECTION ( 'NONE',  ( 7.395570986446986770E-32, 1.000000000000000000, 3.061616997868382648E-16 ) ) ;
#10423 = EDGE_CURVE ( 'NONE', #8381, #8451, #7201, .T. ) ;
#10424 = DIRECTION ( 'NONE',  ( 0.000000000000000000, -3.227392513445222318E-16, 1.000000000000000000 ) ) ;
#10425 = DIRECTION ( 'NONE',  ( 0.000000000000000000, -3.227392513445222318E-16, 1.000000000000000000 ) ) ;
#10426 = ORIENTED_EDGE ( 'NONE', *, *, #803, .F. ) ;
#10427 = VERTEX_POINT ( 'NONE', #7402 ) ;
#10428 = CARTESIAN_POINT ( 'NONE',  ( -13.53038840757163541, 51.19999999999999574, -16.70863817132473628 ) ) ;
#10429 = ORIENTED_EDGE ( 'NONE', *, *, #9126, .T. ) ;
#10430 = CARTESIAN_POINT ( 'NONE',  ( -17.24574565275900184, 51.19999999999999574, -12.83877941551860147 ) ) ;
#10431 = EDGE_CURVE ( 'NONE', #5919, #9649, #5636, .T. ) ;
#10432 = CARTESIAN_POINT ( 'NONE',  ( 8.972629143562153686, -80.41022924428168039, -19.53821706942829906 ) ) ;
#10433 = ORIENTED_EDGE ( 'NONE', *, *, #387, .F. ) ;
#10434 = CARTESIAN_POINT ( 'NONE',  ( 21.49854651162790731, 51.19999999999999574, 0.2499957747071710201 ) ) ;
#10435 = DIRECTION ( 'NONE',  ( 0.000000000000000000, 0.000000000000000000, -1.000000000000000000 ) ) ;
#10436 = FACE_OUTER_BOUND ( 'NONE', #2553, .T. ) ;
#10437 = EDGE_LOOP ( 'NONE', ( #3662, #7785, #11541, #9109 ) ) ;
#10438 = DIRECTION ( 'NONE',  ( 9.860761315262647568E-32, 1.000000000000000000, 3.061616997868382648E-16 ) ) ;
#10439 = DIRECTION ( 'NONE',  ( 0.000000000000000000, -3.227392513445222318E-16, 1.000000000000000000 ) ) ;
#10440 = DIRECTION ( 'NONE',  ( 0.000000000000000000, -3.227392513445222318E-16, 1.000000000000000000 ) ) ;
#10441 = DIRECTION ( 'NONE',  ( 0.000000000000000000, 0.000000000000000000, 1.000000000000000000 ) ) ;
#10442 = ORIENTED_EDGE ( 'NONE', *, *, #8146, .T. ) ;
#10443 = DIRECTION ( 'NONE',  ( 0.000000000000000000, 0.000000000000000000, 1.000000000000000000 ) ) ;
#10444 = EDGE_CURVE ( 'NONE', #6935, #2789, #2819, .T. ) ;
#10445 = CARTESIAN_POINT ( 'NONE',  ( 11.49928352796090536, -80.41022924428169460, 18.16635567040251331 ) ) ;
#10446 = CARTESIAN_POINT ( 'NONE',  ( 12.63738292428807419, 45.19999999999998863, -17.14386537906141328 ) ) ;
#10447 = VERTEX_POINT ( 'NONE', #9236 ) ;
#10448 = LINE ( 'NONE', #5965, #10001 ) ;
#10449 = FACE_OUTER_BOUND ( 'NONE', #7323, .T. ) ;
#10450 = DIRECTION ( 'NONE',  ( 0.000000000000000000, 0.000000000000000000, 1.000000000000000000 ) ) ;
#10451 = ORIENTED_EDGE ( 'NONE', *, *, #5410, .F. ) ;
#10452 = CARTESIAN_POINT ( 'NONE',  ( -12.63738292428830867, 51.19999999999999574, -17.14386537906123920 ) ) ;
#10453 = ORIENTED_EDGE ( 'NONE', *, *, #6100, .T. ) ;
#10454 = DIRECTION ( 'NONE',  ( 0.000000000000000000, 0.000000000000000000, 1.000000000000000000 ) ) ;
#10455 = CARTESIAN_POINT ( 'NONE',  ( 15.97761374776389331, 45.19999999999998863, -14.38630803671551028 ) ) ;
#10456 = EDGE_CURVE ( 'NONE', #2613, #3706, #10000, .T. ) ;
#10457 = ORIENTED_EDGE ( 'NONE', *, *, #3162, .F. ) ;
#10458 = CARTESIAN_POINT ( 'NONE',  ( 0.000000000000000000, 51.20000000000000995, -7.383484513958806747E-15 ) ) ;
#10459 = CARTESIAN_POINT ( 'NONE',  ( 4.470101352581692389, 51.19999999999999574, -21.03017341577681876 ) ) ;
#10460 = ORIENTED_EDGE ( 'NONE', *, *, #5002, .T. ) ;
#10461 = EDGE_CURVE ( 'NONE', #2417, #4944, #6262, .T. ) ;
#10462 = EDGE_LOOP ( 'NONE', ( #6197, #10817, #3523, #7977 ) ) ;
#10463 = DIRECTION ( 'NONE',  ( 0.000000000000000000, 0.000000000000000000, -1.000000000000000000 ) ) ;
#10464 = EDGE_LOOP ( 'NONE', ( #9540, #10556, #6850, #4072 ) ) ;
#10465 = CARTESIAN_POINT ( 'NONE',  ( -10.53277056407889134, 45.19999999999998863, -18.74328531086463911 ) ) ;
#10466 = ADVANCED_FACE ( 'NONE', ( #1047 ), #8296, .T. ) ;
#10467 = DIRECTION ( 'NONE',  ( -4.930380657631323784E-32, 1.000000000000000000, 3.061616997868382648E-16 ) ) ;
#10468 = ORIENTED_EDGE ( 'NONE', *, *, #7418, .T. ) ;
#10469 = PLANE ( 'NONE',  #10773 ) ;
#10470 = EDGE_CURVE ( 'NONE', #5301, #5950, #2121, .T. ) ;
#10471 = CIRCLE ( 'NONE', #4448, 0.2500000000000002220 ) ;
#10472 = ORIENTED_EDGE ( 'NONE', *, *, #6995, .T. ) ;
#10473 = CARTESIAN_POINT ( 'NONE',  ( -19.74158195380332614, 45.19999999999998863, 8.515864134735092961 ) ) ;
#10474 = CIRCLE ( 'NONE', #1058, 21.50000000000000000 ) ;
#10475 = CARTESIAN_POINT ( 'NONE',  ( 20.07197916968979001, 45.19999999999998863, -7.454910915224021828 ) ) ;
#10476 = CYLINDRICAL_SURFACE ( 'NONE', #1075, 0.2500000000000002220 ) ;
#10477 = VECTOR ( 'NONE', #6517, 1000.000000000000000 ) ;
#10478 = AXIS2_PLACEMENT_3D ( 'NONE', #6241, #9771, #3542 ) ;
#10479 = ORIENTED_EDGE ( 'NONE', *, *, #1541, .T. ) ;
#10480 = ORIENTED_EDGE ( 'NONE', *, *, #7980, .T. ) ;
#10481 = DIRECTION ( 'NONE',  ( 0.000000000000000000, -3.227392513445222318E-16, 1.000000000000000000 ) ) ;
#10482 = ORIENTED_EDGE ( 'NONE', *, *, #7862, .T. ) ;
#10483 = DIRECTION ( 'NONE',  ( -0.000000000000000000, 1.000000000000000000, 3.061616997868383141E-16 ) ) ;
#10484 = AXIS2_PLACEMENT_3D ( 'NONE', #7373, #1194, #11155 ) ;
#10485 = ADVANCED_FACE ( 'NONE', ( #11186 ), #4049, .T. ) ;
#10486 = VECTOR ( 'NONE', #1370, 1000.000000000000000 ) ;
#10487 = CARTESIAN_POINT ( 'NONE',  ( 6.405656115871410705, 45.19999999999998863, -20.52358569366469254 ) ) ;
#10488 = AXIS2_PLACEMENT_3D ( 'NONE', #7652, #11021, #10186 ) ;
#10489 = ORIENTED_EDGE ( 'NONE', *, *, #6710, .F. ) ;
#10490 = DIRECTION ( 'NONE',  ( 3.081487911019577365E-33, 1.000000000000000000, 3.061616997868381662E-16 ) ) ;
#10491 = PRODUCT_DEFINITION_SHAPE ( 'NONE', 'NONE',  #709 ) ;
#10492 = DIRECTION ( 'NONE',  ( 0.000000000000000000, -3.227392513445222318E-16, 1.000000000000000000 ) ) ;
#10493 = CARTESIAN_POINT ( 'NONE',  ( 21.03017341577679389, 51.19999999999999574, -4.220101352581888676 ) ) ;
#10494 = AXIS2_PLACEMENT_3D ( 'NONE', #1658, #9670, #7903 ) ;
#10495 = AXIS2_PLACEMENT_3D ( 'NONE', #10861, #5504, #5438 ) ;
#10496 = ORIENTED_EDGE ( 'NONE', *, *, #1746, .F. ) ;
#10497 = CIRCLE ( 'NONE', #5779, 21.50000000000000000 ) ;
#10498 = CARTESIAN_POINT ( 'NONE',  ( 12.43427775499861632, 45.20000000000000284, 17.53963331177556029 ) ) ;
#10499 = DIRECTION ( 'NONE',  ( 0.000000000000000000, 1.000000000000000000, 3.061616997868382648E-16 ) ) ;
#10500 = DIRECTION ( 'NONE',  ( -0.000000000000000000, 1.000000000000000000, 3.061616997868383141E-16 ) ) ;
#10501 = CARTESIAN_POINT ( 'NONE',  ( -0.8754938253324979769, -80.41022924428169460, 21.48216726873252469 ) ) ;
#10502 = ORIENTED_EDGE ( 'NONE', *, *, #10942, .F. ) ;
#10503 = CARTESIAN_POINT ( 'NONE',  ( 15.20279579551078974, 51.20000000000000995, 15.20279579551075244 ) ) ;
#10504 = EDGE_CURVE ( 'NONE', #10590, #11355, #3061, .T. ) ;
#10505 = DIRECTION ( 'NONE',  ( 0.000000000000000000, 0.000000000000000000, 1.000000000000000000 ) ) ;
#10506 = VECTOR ( 'NONE', #3966, 1000.000000000000000 ) ;
#10507 = CARTESIAN_POINT ( 'NONE',  ( 0.000000000000000000, 51.20000000000000995, -7.383484513958806747E-15 ) ) ;
#10508 = AXIS2_PLACEMENT_3D ( 'NONE', #6494, #8383, #1257 ) ;
#10509 = CARTESIAN_POINT ( 'NONE',  ( 21.38222075041785786, -80.41022924428168039, -2.247361960254651070 ) ) ;
#10510 = ORIENTED_EDGE ( 'NONE', *, *, #6356, .T. ) ;
#10511 = DIRECTION ( 'NONE',  ( 0.000000000000000000, -3.227392513445220839E-16, 1.000000000000000000 ) ) ;
#10512 = CYLINDRICAL_SURFACE ( 'NONE', #7136, 15.40000000000000746 ) ;
#10513 = AXIS2_PLACEMENT_3D ( 'NONE', #4657, #8250, #2944 ) ;
#10514 = LINE ( 'NONE', #2441, #5751 ) ;
#10515 = VERTEX_POINT ( 'NONE', #9467 ) ;
#10516 = CARTESIAN_POINT ( 'NONE',  ( 0.000000000000000000, 10.27282251965208637, -1.991381873881973871E-14 ) ) ;
#10517 = ORIENTED_EDGE ( 'NONE', *, *, #2472, .F. ) ;
#10518 = DIRECTION ( 'NONE',  ( 0.000000000000000000, 0.000000000000000000, -1.000000000000000000 ) ) ;
#10519 = CARTESIAN_POINT ( 'NONE',  ( -21.23529932279541299, 45.19999999999998863, 3.363340998365198065 ) ) ;
#10520 = ORIENTED_EDGE ( 'NONE', *, *, #10043, .T. ) ;
#10521 = DIRECTION ( 'NONE',  ( 0.000000000000000000, 0.000000000000000000, 1.000000000000000000 ) ) ;
#10522 = CARTESIAN_POINT ( 'NONE',  ( 0.000000000000000000, 51.20000000000000995, -7.383484513958806747E-15 ) ) ;
#10523 = EDGE_CURVE ( 'NONE', #9943, #1918, #7580, .T. ) ;
#10524 = EDGE_CURVE ( 'NONE', #3044, #2163, #1943, .T. ) ;
#10525 = EDGE_LOOP ( 'NONE', ( #11471, #3475, #6175, #11019 ) ) ;
#10526 = FACE_OUTER_BOUND ( 'NONE', #3617, .T. ) ;
#10527 = ORIENTED_EDGE ( 'NONE', *, *, #394, .T. ) ;
#10528 = CARTESIAN_POINT ( 'NONE',  ( 0.000000000000000000, 9.199999999999999289, -2.024227590500601781E-14 ) ) ;
#10529 = ADVANCED_FACE ( 'NONE', ( #7636 ), #7585, .F. ) ;
#10530 = FACE_OUTER_BOUND ( 'NONE', #4920, .T. ) ;
#10531 = ORIENTED_EDGE ( 'NONE', *, *, #5328, .T. ) ;
#10532 = DIRECTION ( 'NONE',  ( 0.000000000000000000, -1.000000000000000000, -3.061616997868383141E-16 ) ) ;
#10533 = CIRCLE ( 'NONE', #6199, 20.50000000000000000 ) ;
#10534 = CIRCLE ( 'NONE', #7518, 21.50000000000001066 ) ;
#10535 = EDGE_LOOP ( 'NONE', ( #8452, #3529, #8106, #5820 ) ) ;
#10536 = CARTESIAN_POINT ( 'NONE',  ( 19.98103174821866546, 51.19999999999999574, -7.937781193550107695 ) ) ;
#10537 = EDGE_CURVE ( 'NONE', #11531, #6665, #8533, .T. ) ;
#10538 = DIRECTION ( 'NONE',  ( -0.000000000000000000, 1.000000000000000000, 3.061616997868383141E-16 ) ) ;
#10539 = DIRECTION ( 'NONE',  ( 0.000000000000000000, -1.000000000000000000, -3.061616997868383141E-16 ) ) ;
#10540 = ORIENTED_EDGE ( 'NONE', *, *, #10104, .F. ) ;
#10541 = ORIENTED_EDGE ( 'NONE', *, *, #4471, .F. ) ;
#10542 = CIRCLE ( 'NONE', #1701, 16.01785065697083965 ) ;
#10543 = CYLINDRICAL_SURFACE ( 'NONE', #9423, 15.39999999999999680 ) ;
#10544 = ORIENTED_EDGE ( 'NONE', *, *, #3092, .F. ) ;
#10545 = AXIS2_PLACEMENT_3D ( 'NONE', #10262, #7740, #7616 ) ;
#10546 = CARTESIAN_POINT ( 'NONE',  ( 21.47053499722332504, -80.41022924428168039, -0.8752230592233927187 ) ) ;
#10547 = AXIS2_PLACEMENT_3D ( 'NONE', #3127, #473, #1307 ) ;
#10548 = ADVANCED_FACE ( 'NONE', ( #7700 ), #11308, .T. ) ;
#10549 = ORIENTED_EDGE ( 'NONE', *, *, #9319, .T. ) ;
#10550 = DIRECTION ( 'NONE',  ( 0.000000000000000000, 0.000000000000000000, 1.000000000000000000 ) ) ;
#10551 = DIRECTION ( 'NONE',  ( -4.930380657631323784E-32, 1.000000000000000000, 3.061616997868381662E-16 ) ) ;
#10552 = DIRECTION ( 'NONE',  ( 0.000000000000000000, -3.227392513445222318E-16, 1.000000000000000000 ) ) ;
#10553 = CIRCLE ( 'NONE', #3406, 0.2500000000000002220 ) ;
#10554 = CIRCLE ( 'NONE', #10157, 21.50000000000001066 ) ;
#10555 = AXIS2_PLACEMENT_3D ( 'NONE', #10792, #2719, #9019 ) ;
#10556 = ORIENTED_EDGE ( 'NONE', *, *, #4795, .T. ) ;
#10557 = CARTESIAN_POINT ( 'NONE',  ( -3.116195710812206254, 45.20000000000000284, 21.27297168455586629 ) ) ;
#10558 = DIRECTION ( 'NONE',  ( 0.000000000000000000, -3.227392513445220839E-16, 1.000000000000000000 ) ) ;
#10559 = CYLINDRICAL_SURFACE ( 'NONE', #10494, 0.2500000000000002220 ) ;
#10560 = CARTESIAN_POINT ( 'NONE',  ( 0.000000000000000000, 87.50000000000001421, 3.730185188303422936E-15 ) ) ;
#10561 = ORIENTED_EDGE ( 'NONE', *, *, #9937, .F. ) ;
#10562 = CARTESIAN_POINT ( 'NONE',  ( 6.881176337035001644, 45.20000000000000284, 20.36907980785164440 ) ) ;
#10563 = CIRCLE ( 'NONE', #4532, 19.50000000000000355 ) ;
#10564 = DIRECTION ( 'NONE',  ( -0.000000000000000000, 1.000000000000000000, 3.061616997868383141E-16 ) ) ;
#10565 = EDGE_CURVE ( 'NONE', #2207, #10159, #1206, .T. ) ;
#10566 = CIRCLE ( 'NONE', #3421, 0.2500000000000002220 ) ;
#10567 = AXIS2_PLACEMENT_3D ( 'NONE', #4413, #1593, #8004 ) ;
#10568 = LINE ( 'NONE', #9675, #8243 ) ;
#10569 = FACE_OUTER_BOUND ( 'NONE', #10301, .T. ) ;
#10570 = EDGE_CURVE ( 'NONE', #11590, #8925, #53, .T. ) ;
#10571 = EDGE_LOOP ( 'NONE', ( #3142, #6395, #2662, #5683 ) ) ;
#10572 = DIRECTION ( 'NONE',  ( 9.860761315262647568E-32, 1.000000000000000000, 3.061616997868382648E-16 ) ) ;
#10573 = DIRECTION ( 'NONE',  ( 0.000000000000000000, 0.000000000000000000, -1.000000000000000000 ) ) ;
#10574 = DIRECTION ( 'NONE',  ( 7.395570986446986770E-32, 1.000000000000000000, 3.061616997868381169E-16 ) ) ;
#10576 = VERTEX_POINT ( 'NONE', #189 ) ;
#10575 = AXIS2_PLACEMENT_3D ( 'NONE', #3882, #7469, #10182 ) ;
#10577 = DIRECTION ( 'NONE',  ( -0.000000000000000000, 1.000000000000000000, 3.061616997868383141E-16 ) ) ;
#10578 = VERTEX_POINT ( 'NONE', #10935 ) ;
#10579 = DIRECTION ( 'NONE',  ( 0.000000000000000000, -3.227392513445222318E-16, 1.000000000000000000 ) ) ;
#10580 = DIRECTION ( 'NONE',  ( 0.000000000000000000, 0.000000000000000000, 1.000000000000000000 ) ) ;
#10581 = AXIS2_PLACEMENT_3D ( 'NONE', #7738, #7675, #8505 ) ;
#10582 = ORIENTED_EDGE ( 'NONE', *, *, #8862, .T. ) ;
#10583 = CARTESIAN_POINT ( 'NONE',  ( 17.89404075541363426, -80.41022924428169460, 11.91861172467644181 ) ) ;
#10584 = AXIS2_PLACEMENT_3D ( 'NONE', #8835, #8399, #2816 ) ;
#10585 = EDGE_CURVE ( 'NONE', #10776, #4525, #6631, .T. ) ;
#10586 = AXIS2_PLACEMENT_3D ( 'NONE', #10400, #5154, #7745 ) ;
#10587 = CIRCLE ( 'NONE', #8896, 18.49999999999999645 ) ;
#10588 = ORIENTED_EDGE ( 'NONE', *, *, #3411, .F. ) ;
#10589 = CARTESIAN_POINT ( 'NONE',  ( 2.510525938252074876E-15, 87.50000000000001421, -20.50000000000000355 ) ) ;
#10590 = VERTEX_POINT ( 'NONE', #297 ) ;
#10591 = AXIS2_PLACEMENT_3D ( 'NONE', #5523, #1867, #9930 ) ;
#10592 = DIRECTION ( 'NONE',  ( -9.860761315262647568E-32, 1.000000000000000000, 3.061616997868382155E-16 ) ) ;
#10593 = DIRECTION ( 'NONE',  ( 0.000000000000000000, 0.000000000000000000, 1.000000000000000000 ) ) ;
#10594 = VECTOR ( 'NONE', #10749, 1000.000000000000000 ) ;
#10595 = ORIENTED_EDGE ( 'NONE', *, *, #10390, .F. ) ;
#10596 = EDGE_CURVE ( 'NONE', #23, #7499, #9320, .T. ) ;
#10597 = EDGE_CURVE ( 'NONE', #1704, #111, #10264, .T. ) ;
#10598 = CIRCLE ( 'NONE', #5507, 0.2500000000000002220 ) ;
#10599 = ADVANCED_FACE ( 'NONE', ( #7494 ), #8440, .T. ) ;
#10600 = VERTEX_POINT ( 'NONE', #11102 ) ;
#10601 = CIRCLE ( 'NONE', #2882, 21.50000000000001066 ) ;
#10602 = EDGE_LOOP ( 'NONE', ( #8183, #877, #5337, #7756 ) ) ;
#10603 = DIRECTION ( 'NONE',  ( 0.000000000000000000, 0.000000000000000000, 1.000000000000000000 ) ) ;
#10604 = FACE_OUTER_BOUND ( 'NONE', #11396, .T. ) ;
#10605 = ORIENTED_EDGE ( 'NONE', *, *, #5797, .F. ) ;
#10606 = ORIENTED_EDGE ( 'NONE', *, *, #10719, .F. ) ;
#10607 = ORIENTED_EDGE ( 'NONE', *, *, #6189, .F. ) ;
#10608 = LINE ( 'NONE', #1538, #10170 ) ;
#10609 = VERTEX_POINT ( 'NONE', #7325 ) ;
#10610 = CARTESIAN_POINT ( 'NONE',  ( 15.20279579551068316, 45.19999999999998863, -15.20279579551082882 ) ) ;
#10611 = EDGE_CURVE ( 'NONE', #7749, #4312, #4580, .T. ) ;
#10612 = EDGE_CURVE ( 'NONE', #2469, #4525, #6609, .T. ) ;
#10613 = AXIS2_PLACEMENT_3D ( 'NONE', #11168, #3857, #5674 ) ;
#10614 = EDGE_LOOP ( 'NONE', ( #4621, #8760, #9420, #3372 ) ) ;
#10615 = FACE_OUTER_BOUND ( 'NONE', #5404, .T. ) ;
#10616 = CARTESIAN_POINT ( 'NONE',  ( 0.000000000000000000, 51.20000000000000995, -7.383484513958806747E-15 ) ) ;
#10617 = CARTESIAN_POINT ( 'NONE',  ( -8.972629143562418363, 45.19999999999998863, -19.53821706942814274 ) ) ;
#10618 = ADVANCED_FACE ( 'NONE', ( #2860 ), #11173, .T. ) ;
#10619 = ORIENTED_EDGE ( 'NONE', *, *, #6414, .F. ) ;
#10620 = CARTESIAN_POINT ( 'NONE',  ( 21.48216726873254245, 45.19999999999998863, 0.8754938253327367859 ) ) ;
#10621 = CYLINDRICAL_SURFACE ( 'NONE', #6156, 16.01785065697083965 ) ;
#10622 = DIRECTION ( 'NONE',  ( 0.000000000000000000, 0.000000000000000000, 1.000000000000000000 ) ) ;
#10623 = VERTEX_POINT ( 'NONE', #6445 ) ;
#10624 = FACE_OUTER_BOUND ( 'NONE', #1056, .T. ) ;
#10625 = DIRECTION ( 'NONE',  ( -0.000000000000000000, 1.000000000000000000, 3.061616997868383141E-16 ) ) ;
#10626 = DIRECTION ( 'NONE',  ( -2.465190328815661892E-32, 1.000000000000000000, 3.061616997868381169E-16 ) ) ;
#10627 = CARTESIAN_POINT ( 'NONE',  ( 15.80925377108426488, -80.41022924428169460, 14.57111852952465192 ) ) ;
#10628 = EDGE_CURVE ( 'NONE', #1823, #5577, #435, .T. ) ;
#10629 = LINE ( 'NONE', #2548, #11353 ) ;
#10630 = ORIENTED_EDGE ( 'NONE', *, *, #3482, .F. ) ;
#10631 = FACE_OUTER_BOUND ( 'NONE', #2060, .T. ) ;
#10632 = DIRECTION ( 'NONE',  ( 0.000000000000000000, 0.000000000000000000, 1.000000000000000000 ) ) ;
#10633 = CYLINDRICAL_SURFACE ( 'NONE', #8218, 0.2500000000000002220 ) ;
#10634 = VERTEX_POINT ( 'NONE', #10212 ) ;
#10635 = CARTESIAN_POINT ( 'NONE',  ( -7.937781193550342174, 45.19999999999998863, -19.98103174821854111 ) ) ;
#10636 = ORIENTED_EDGE ( 'NONE', *, *, #8515, .T. ) ;
#10637 = CARTESIAN_POINT ( 'NONE',  ( 20.16021269457239740, -80.41022924428168039, 7.470998869602448522 ) ) ;
#10638 = CARTESIAN_POINT ( 'NONE',  ( -16.86483603740616388, 51.19999999999999574, -13.33519049100561382 ) ) ;
#10639 = ADVANCED_FACE ( 'NONE', ( #2969 ), #7561, .T. ) ;
#10640 = ORIENTED_EDGE ( 'NONE', *, *, #9920, .T. ) ;
#10641 = DIRECTION ( 'NONE',  ( -0.000000000000000000, 1.000000000000000000, 3.061616997868383141E-16 ) ) ;
#10642 = VERTEX_POINT ( 'NONE', #4913 ) ;
#10643 = DIRECTION ( 'NONE',  ( -0.000000000000000000, 1.000000000000000000, 3.061616997868383141E-16 ) ) ;
#10644 = CARTESIAN_POINT ( 'NONE',  ( 8.744837826129582936, 45.19999999999998863, -19.64122733931594311 ) ) ;
#10645 = ORIENTED_EDGE ( 'NONE', *, *, #9849, .T. ) ;
#10646 = EDGE_CURVE ( 'NONE', #5449, #10649, #1813, .T. ) ;
#10647 = EDGE_LOOP ( 'NONE', ( #7628, #9015, #4782, #3309 ) ) ;
#10648 = CARTESIAN_POINT ( 'NONE',  ( 18.16635567040249910, -80.41022924428168039, -11.49928352796098885 ) ) ;
#10649 = VERTEX_POINT ( 'NONE', #2024 ) ;
#10650 = DIRECTION ( 'NONE',  ( -0.000000000000000000, 1.000000000000000000, 3.061616997868383141E-16 ) ) ;
#10651 = DIRECTION ( 'NONE',  ( 0.000000000000000000, -3.227392513445220839E-16, 1.000000000000000000 ) ) ;
#10652 = ORIENTED_EDGE ( 'NONE', *, *, #9794, .F. ) ;
#10653 = EDGE_CURVE ( 'NONE', #3221, #6524, #8391, .T. ) ;
#10654 = ORIENTED_EDGE ( 'NONE', *, *, #11107, .T. ) ;
#10655 = ORIENTED_EDGE ( 'NONE', *, *, #9453, .T. ) ;
#10656 = DIRECTION ( 'NONE',  ( 0.000000000000000000, -3.227392513445222318E-16, 1.000000000000000000 ) ) ;
#10657 = ORIENTED_EDGE ( 'NONE', *, *, #9539, .T. ) ;
#10658 = DIRECTION ( 'NONE',  ( 0.000000000000000000, 0.000000000000000000, 1.000000000000000000 ) ) ;
#10659 = CARTESIAN_POINT ( 'NONE',  ( -0.8754938253331082665, 51.19999999999999574, -21.48216726873254245 ) ) ;
#10660 = CIRCLE ( 'NONE', #875, 21.50000000000001066 ) ;
#10661 = AXIS2_PLACEMENT_3D ( 'NONE', #7352, #999, #4641 ) ;
#10662 = ORIENTED_EDGE ( 'NONE', *, *, #10969, .F. ) ;
#10663 = FACE_OUTER_BOUND ( 'NONE', #9568, .T. ) ;
#10664 = DIRECTION ( 'NONE',  ( 0.000000000000000000, 0.000000000000000000, -1.000000000000000000 ) ) ;
#10665 = DIRECTION ( 'NONE',  ( -0.000000000000000000, 1.000000000000000000, 3.061616997868383141E-16 ) ) ;
#10666 = EDGE_CURVE ( 'NONE', #1412, #3355, #6316, .T. ) ;
#10667 = ADVANCED_FACE ( 'NONE', ( #10993 ), #9380, .F. ) ;
#10668 = ORIENTED_EDGE ( 'NONE', *, *, #7471, .T. ) ;
#10669 = CARTESIAN_POINT ( 'NONE',  ( 0.000000000000000000, 45.20000000000000995, -9.220454712679835547E-15 ) ) ;
#10670 = CIRCLE ( 'NONE', #1258, 0.2500000000000002220 ) ;
#10671 = DIRECTION ( 'NONE',  ( -0.000000000000000000, 1.000000000000000000, 3.061616997868383141E-16 ) ) ;
#10672 = SURFACE_STYLE_USAGE ( .BOTH. , #8018 ) ;
#10673 = ORIENTED_EDGE ( 'NONE', *, *, #912, .T. ) ;
#10674 = AXIS2_PLACEMENT_3D ( 'NONE', #2537, #9542, #11505 ) ;
#10675 = CARTESIAN_POINT ( 'NONE',  ( 0.000000000000000000, 51.20000000000000995, -7.383484513958806747E-15 ) ) ;
#10676 = AXIS2_PLACEMENT_3D ( 'NONE', #2032, #9110, #2867 ) ;
#10677 = CARTESIAN_POINT ( 'NONE',  ( 2.147286553001837869E-15, 9.200000000000004619, -16.76785065697086097 ) ) ;
#10678 = CARTESIAN_POINT ( 'NONE',  ( 15.20279579551078974, 45.20000000000000284, 15.20279579551075066 ) ) ;
#10679 = CIRCLE ( 'NONE', #301, 0.2500000000000002220 ) ;
#10680 = DIRECTION ( 'NONE',  ( -2.465190328815661892E-32, 1.000000000000000000, 3.061616997868381662E-16 ) ) ;
#10681 = EDGE_CURVE ( 'NONE', #11637, #10931, #3326, .T. ) ;
#10682 = ORIENTED_EDGE ( 'NONE', *, *, #9655, .T. ) ;
#10683 = DIRECTION ( 'NONE',  ( 0.000000000000000000, -3.227392513445220839E-16, 1.000000000000000000 ) ) ;
#10684 = FACE_OUTER_BOUND ( 'NONE', #11663, .T. ) ;
#10685 = DIRECTION ( 'NONE',  ( 0.000000000000000000, 0.000000000000000000, 1.000000000000000000 ) ) ;
#10686 = ORIENTED_EDGE ( 'NONE', *, *, #2758, .F. ) ;
#10687 = CARTESIAN_POINT ( 'NONE',  ( -17.39386537906147012, 51.19999999999999574, -12.63738292428799603 ) ) ;
#10688 = ADVANCED_FACE ( 'NONE', ( #6973 ), #8566, .F. ) ;
#10689 = ORIENTED_EDGE ( 'NONE', *, *, #108, .F. ) ;
#10690 = DIRECTION ( 'NONE',  ( -0.000000000000000000, 1.000000000000000000, 3.061616997868383141E-16 ) ) ;
#10691 = CIRCLE ( 'NONE', #1269, 0.2500000000000002220 ) ;
#10692 = AXIS2_PLACEMENT_3D ( 'NONE', #4367, #4190, #1544 ) ;
#10693 = AXIS2_PLACEMENT_3D ( 'NONE', #918, #7218, #5448 ) ;
#10694 = CARTESIAN_POINT ( 'NONE',  ( 21.45599973288052098, 45.19999999999998863, -1.374800153706171590 ) ) ;
#10695 = ADVANCED_FACE ( 'NONE', ( #7618 ), #6727, .T. ) ;
#10696 = AXIS2_PLACEMENT_3D ( 'NONE', #6753, #4231, #3231 ) ;
#10697 = CIRCLE ( 'NONE', #9557, 21.50000000000000000 ) ;
#10698 = CIRCLE ( 'NONE', #3357, 0.2500000000000002220 ) ;
#10699 = VERTEX_POINT ( 'NONE', #4150 ) ;
#10700 = DIRECTION ( 'NONE',  ( 0.000000000000000000, -1.000000000000000000, -3.061616997868383141E-16 ) ) ;
#10701 = EDGE_LOOP ( 'NONE', ( #7541, #10337, #458, #6497 ) ) ;
#10702 = CARTESIAN_POINT ( 'NONE',  ( 1.998583757652578674, -80.41022924428169460, 21.40690689856070250 ) ) ;
#10703 = DIRECTION ( 'NONE',  ( -9.860761315262647568E-32, 1.000000000000000000, 3.061616997868381662E-16 ) ) ;
#10704 = ORIENTED_EDGE ( 'NONE', *, *, #3284, .F. ) ;
#10705 = EDGE_CURVE ( 'NONE', #7443, #3004, #2183, .T. ) ;
#10706 = CARTESIAN_POINT ( 'NONE',  ( 0.000000000000000000, 51.20000000000000995, -7.383484513958806747E-15 ) ) ;
#10707 = VERTEX_POINT ( 'NONE', #7742 ) ;
#10708 = VERTEX_POINT ( 'NONE', #2377 ) ;
#10709 = FACE_OUTER_BOUND ( 'NONE', #326, .T. ) ;
#10710 = ORIENTED_EDGE ( 'NONE', *, *, #5490, .T. ) ;
#10711 = EDGE_CURVE ( 'NONE', #11477, #7126, #4211, .T. ) ;
#10712 = VERTEX_POINT ( 'NONE', #3139 ) ;
#10713 = ORIENTED_EDGE ( 'NONE', *, *, #10316, .F. ) ;
#10714 = CARTESIAN_POINT ( 'NONE',  ( 0.000000000000000000, 45.20000000000000995, -9.220454712679835547E-15 ) ) ;
#10715 = VERTEX_POINT ( 'NONE', #4086 ) ;
#10716 = DIRECTION ( 'NONE',  ( 0.000000000000000000, 0.000000000000000000, -1.000000000000000000 ) ) ;
#10717 = ORIENTED_EDGE ( 'NONE', *, *, #20, .F. ) ;
#10718 = CARTESIAN_POINT ( 'NONE',  ( 1.374800153705965311, -80.41022924428168039, -21.45599973288055651 ) ) ;
#10719 = EDGE_CURVE ( 'NONE', #8324, #8574, #10660, .T. ) ;
#10720 = DIRECTION ( 'NONE',  ( 3.697785493223493385E-32, 1.000000000000000000, 3.061616997868383141E-16 ) ) ;
#10721 = CARTESIAN_POINT ( 'NONE',  ( 15.20279579551068316, -80.41022924428168039, -14.95279579551086613 ) ) ;
#10722 = AXIS2_PLACEMENT_3D ( 'NONE', #8782, #8734, #6014 ) ;
#10723 = EDGE_CURVE ( 'NONE', #9678, #5401, #11232, .T. ) ;
#10724 = VERTEX_POINT ( 'NONE', #5848 ) ;
#10725 = DIRECTION ( 'NONE',  ( 0.000000000000000000, 0.000000000000000000, 1.000000000000000000 ) ) ;
#10726 = AXIS2_PLACEMENT_3D ( 'NONE', #9460, #499, #4104 ) ;
#10727 = CARTESIAN_POINT ( 'NONE',  ( 0.000000000000000000, 45.20000000000000995, -9.220454712679835547E-15 ) ) ;
#10728 = CONICAL_SURFACE ( 'NONE', #8664, 16.01785065697083965, 0.9599310885968799223 ) ;
#10729 = CARTESIAN_POINT ( 'NONE',  ( 0.000000000000000000, 51.20000000000000995, -7.383484513958806747E-15 ) ) ;
#10730 = EDGE_LOOP ( 'NONE', ( #6206, #1686, #689, #4984 ) ) ;
#10731 = DIRECTION ( 'NONE',  ( -1.972152263052529514E-31, 1.000000000000000000, 3.061616997868382155E-16 ) ) ;
#10732 = DIRECTION ( 'NONE',  ( 9.860761315262647568E-32, 1.000000000000000000, 3.061616997868382648E-16 ) ) ;
#10733 = EDGE_CURVE ( 'NONE', #829, #11539, #1616, .T. ) ;
#10734 = DIRECTION ( 'NONE',  ( -0.000000000000000000, 1.000000000000000000, 3.061616997868383141E-16 ) ) ;
#10735 = EDGE_CURVE ( 'NONE', #11463, #3661, #1248, .T. ) ;
#10736 = DIRECTION ( 'NONE',  ( -0.000000000000000000, 1.000000000000000000, 3.061616997868383141E-16 ) ) ;
#10737 = ORIENTED_EDGE ( 'NONE', *, *, #8949, .T. ) ;
#10738 = DIRECTION ( 'NONE',  ( 0.000000000000000000, 0.000000000000000000, -1.000000000000000000 ) ) ;
#10739 = FACE_OUTER_BOUND ( 'NONE', #8865, .T. ) ;
#10740 = AXIS2_PLACEMENT_3D ( 'NONE', #8368, #282, #7204 ) ;
#10741 = FACE_OUTER_BOUND ( 'NONE', #8635, .T. ) ;
#10742 = ORIENTED_EDGE ( 'NONE', *, *, #560, .F. ) ;
#10743 = DIRECTION ( 'NONE',  ( 4.930380657631323784E-32, 1.000000000000000000, 3.061616997868382648E-16 ) ) ;
#10744 = ORIENTED_EDGE ( 'NONE', *, *, #7558, .F. ) ;
#10745 = DIRECTION ( 'NONE',  ( 0.000000000000000000, 0.000000000000000000, -1.000000000000000000 ) ) ;
#10746 = AXIS2_PLACEMENT_3D ( 'NONE', #10516, #1324, #8631 ) ;
#10747 = AXIS2_PLACEMENT_3D ( 'NONE', #5836, #5900, #4964 ) ;
#10748 = CIRCLE ( 'NONE', #585, 21.50000000000000000 ) ;
#10749 = DIRECTION ( 'NONE',  ( -2.465190328815661892E-32, 1.000000000000000000, 3.061616997868381662E-16 ) ) ;
#10750 = ADVANCED_FACE ( 'NONE', ( #9447 ), #6911, .F. ) ;
#10751 = EDGE_CURVE ( 'NONE', #7376, #5290, #3382, .T. ) ;
#10752 = CYLINDRICAL_SURFACE ( 'NONE', #8809, 21.50000000000000355 ) ;
#10753 = AXIS2_PLACEMENT_3D ( 'NONE', #6831, #11385, #6004 ) ;
#10754 = ORIENTED_EDGE ( 'NONE', *, *, #6725, .F. ) ;
#10755 = DIRECTION ( 'NONE',  ( -0.000000000000000000, 1.000000000000000000, 3.061616997868383141E-16 ) ) ;
#10756 = ORIENTED_EDGE ( 'NONE', *, *, #5571, .T. ) ;
#10757 = CIRCLE ( 'NONE', #9244, 0.2500000000000002220 ) ;
#10758 = EDGE_CURVE ( 'NONE', #6366, #3278, #9522, .T. ) ;
#10759 = CARTESIAN_POINT ( 'NONE',  ( 19.26884090911967462, -80.41022924428168039, -9.537388008204128909 ) ) ;
#10760 = DIRECTION ( 'NONE',  ( 0.000000000000000000, 0.000000000000000000, 1.000000000000000000 ) ) ;
#10761 = AXIS2_PLACEMENT_3D ( 'NONE', #3449, #7854, #5323 ) ;
#10762 = VERTEX_POINT ( 'NONE', #11406 ) ;
#10763 = AXIS2_PLACEMENT_3D ( 'NONE', #11638, #796, #738 ) ;
#10764 = LINE ( 'NONE', #10432, #6333 ) ;
#10765 = AXIS2_PLACEMENT_3D ( 'NONE', #9561, #4080, #5904 ) ;
#10766 = VERTEX_POINT ( 'NONE', #10398 ) ;
#10767 = CARTESIAN_POINT ( 'NONE',  ( -1.374800153706255745, 45.19999999999998863, -21.45599973288050677 ) ) ;
#10768 = AXIS2_PLACEMENT_3D ( 'NONE', #3186, #5011, #6708 ) ;
#10769 = ORIENTED_EDGE ( 'NONE', *, *, #2608, .T. ) ;
#10770 = CARTESIAN_POINT ( 'NONE',  ( 18.61954618136537576, 45.19999999999998863, -10.50000000000006750 ) ) ;
#10771 = ORIENTED_EDGE ( 'NONE', *, *, #6602, .F. ) ;
#10772 = ADVANCED_FACE ( 'NONE', ( #2325 ), #8689, .F. ) ;
#10773 = AXIS2_PLACEMENT_3D ( 'NONE', #11307, #11374, #2282 ) ;
#10774 = CARTESIAN_POINT ( 'NONE',  ( 0.000000000000000000, 45.20000000000000995, -9.220454712679835547E-15 ) ) ;
#10775 = ORIENTED_EDGE ( 'NONE', *, *, #10281, .F. ) ;
#10776 = VERTEX_POINT ( 'NONE', #1443 ) ;
#10777 = EDGE_CURVE ( 'NONE', #2633, #6829, #5032, .T. ) ;
#10778 = CARTESIAN_POINT ( 'NONE',  ( 4.225266388133207762, 51.19999999999999574, -21.08072873382966961 ) ) ;
#10779 = ORIENTED_EDGE ( 'NONE', *, *, #11475, .F. ) ;
#10780 = DIRECTION ( 'NONE',  ( -0.000000000000000000, 1.000000000000000000, 3.061616997868383141E-16 ) ) ;
#10781 = CIRCLE ( 'NONE', #4198, 21.50000000000001066 ) ;
#10782 = EDGE_CURVE ( 'NONE', #9221, #3910, #10514, .T. ) ;
#10783 = ORIENTED_EDGE ( 'NONE', *, *, #11305, .T. ) ;
#10784 = LINE ( 'NONE', #3707, #2941 ) ;
#10785 = AXIS2_PLACEMENT_3D ( 'NONE', #1948, #6466, #3599 ) ;
#10786 = CARTESIAN_POINT ( 'NONE',  ( -9.537388008203786072, -80.41022924428169460, 19.26884090911980962 ) ) ;
#10787 = CARTESIAN_POINT ( 'NONE',  ( 5.322755903978652725, -80.41022924428169460, 20.83070497094754359 ) ) ;
#10788 = EDGE_LOOP ( 'NONE', ( #4029, #4217, #3035, #9472 ) ) ;
#10789 = ORIENTED_EDGE ( 'NONE', *, *, #11022, .T. ) ;
#10790 = DIRECTION ( 'NONE',  ( -9.860761315262647568E-32, 1.000000000000000000, 3.061616997868382155E-16 ) ) ;
#10791 = CIRCLE ( 'NONE', #7967, 0.2500000000000002220 ) ;
#10792 = CARTESIAN_POINT ( 'NONE',  ( 0.000000000000000000, 87.50000000000001421, 3.730185188303422936E-15 ) ) ;
#10793 = ORIENTED_EDGE ( 'NONE', *, *, #6384, .F. ) ;
#10794 = CYLINDRICAL_SURFACE ( 'NONE', #5475, 0.2500000000000002220 ) ;
#10795 = ADVANCED_FACE ( 'NONE', ( #8749 ), #9625, .T. ) ;
#10796 = CARTESIAN_POINT ( 'NONE',  ( -10.96577594754908702, -80.41022924428169460, 18.49328953615749782 ) ) ;
#10797 = LINE ( 'NONE', #8148, #532 ) ;
#10798 = LINE ( 'NONE', #7247, #11056 ) ;
#10799 = DIRECTION ( 'NONE',  ( 0.000000000000000000, -1.000000000000000000, -3.061616997868383141E-16 ) ) ;
#10800 = CIRCLE ( 'NONE', #4770, 21.50000000000001066 ) ;
#10801 = ORIENTED_EDGE ( 'NONE', *, *, #5695, .T. ) ;
#10802 = DIRECTION ( 'NONE',  ( 0.000000000000000000, -1.000000000000000000, -3.061616997868383141E-16 ) ) ;
#10803 = CARTESIAN_POINT ( 'NONE',  ( 0.000000000000000000, -80.41022924428168039, -21.50000000000001066 ) ) ;
#10804 = EDGE_CURVE ( 'NONE', #9227, #10065, #3558, .T. ) ;
#10805 = DIRECTION ( 'NONE',  ( -0.000000000000000000, 1.000000000000000000, 3.061616997868383141E-16 ) ) ;
#10806 = DIRECTION ( 'NONE',  ( -0.000000000000000000, 1.000000000000000000, 3.061616997868383141E-16 ) ) ;
#10807 = ORIENTED_EDGE ( 'NONE', *, *, #10777, .F. ) ;
#10808 = FACE_OUTER_BOUND ( 'NONE', #6442, .T. ) ;
#10809 = FACE_OUTER_BOUND ( 'NONE', #6418, .T. ) ;
#10810 = CARTESIAN_POINT ( 'NONE',  ( -18.03141721082671367, -80.41022924428168039, -11.70973925282293848 ) ) ;
#10811 = ORIENTED_EDGE ( 'NONE', *, *, #9949, .T. ) ;
#10812 = DIRECTION ( 'NONE',  ( 0.000000000000000000, -1.000000000000000000, -3.061616997868383141E-16 ) ) ;
#10813 = ORIENTED_EDGE ( 'NONE', *, *, #7500, .F. ) ;
#10814 = EDGE_CURVE ( 'NONE', #5591, #2716, #6502, .T. ) ;
#10815 = CARTESIAN_POINT ( 'NONE',  ( 0.000000000000000000, 51.20000000000000995, -7.383484513958806747E-15 ) ) ;
#10816 = DIRECTION ( 'NONE',  ( -0.000000000000000000, 1.000000000000000000, 3.061616997868383141E-16 ) ) ;
#10817 = ORIENTED_EDGE ( 'NONE', *, *, #4303, .T. ) ;
#10818 = DIRECTION ( 'NONE',  ( 0.000000000000000000, -3.227392513445222318E-16, 1.000000000000000000 ) ) ;
#10819 = EDGE_CURVE ( 'NONE', #11165, #6610, #6144, .T. ) ;
#10820 = ORIENTED_EDGE ( 'NONE', *, *, #809, .F. ) ;
#10821 = DIRECTION ( 'NONE',  ( 0.000000000000000000, 0.000000000000000000, -1.000000000000000000 ) ) ;
#10822 = ORIENTED_EDGE ( 'NONE', *, *, #8163, .T. ) ;
#10823 = CYLINDRICAL_SURFACE ( 'NONE', #9418, 0.2500000000000002220 ) ;
#10824 = ORIENTED_EDGE ( 'NONE', *, *, #1626, .F. ) ;
#10825 = LINE ( 'NONE', #658, #5445 ) ;
#10826 = ORIENTED_EDGE ( 'NONE', *, *, #5231, .T. ) ;
#10827 = ORIENTED_EDGE ( 'NONE', *, *, #3985, .T. ) ;
#10828 = CYLINDRICAL_SURFACE ( 'NONE', #9986, 21.50000000000000355 ) ;
#10829 = ORIENTED_EDGE ( 'NONE', *, *, #10126, .F. ) ;
#10830 = CARTESIAN_POINT ( 'NONE',  ( -12.63738292428830867, -80.41022924428168039, -17.39386537906128183 ) ) ;
#10831 = DIRECTION ( 'NONE',  ( 0.000000000000000000, 0.000000000000000000, -1.000000000000000000 ) ) ;
#10832 = EDGE_CURVE ( 'NONE', #5442, #5367, #10471, .T. ) ;
#10833 = ORIENTED_EDGE ( 'NONE', *, *, #1870, .T. ) ;
#10834 = LINE ( 'NONE', #9939, #9525 ) ;
#10835 = LINE ( 'NONE', #8134, #343 ) ;
#10836 = DIRECTION ( 'NONE',  ( 0.000000000000000000, 0.000000000000000000, 1.000000000000000000 ) ) ;
#10837 = ORIENTED_EDGE ( 'NONE', *, *, #1886, .F. ) ;
#10838 = ORIENTED_EDGE ( 'NONE', *, *, #1039, .F. ) ;
#10839 = CARTESIAN_POINT ( 'NONE',  ( 0.000000000000000000, 87.50000000000001421, 3.730185188303422936E-15 ) ) ;
#10840 = DIRECTION ( 'NONE',  ( -0.000000000000000000, 1.000000000000000000, 3.061616997868383141E-16 ) ) ;
#10841 = VERTEX_POINT ( 'NONE', #1732 ) ;
#10842 = EDGE_CURVE ( 'NONE', #6829, #2438, #5389, .T. ) ;
#10843 = CARTESIAN_POINT ( 'NONE',  ( -6.643865379061518084, 45.19999999999998863, -20.19771510034572515 ) ) ;
#10844 = DIRECTION ( 'NONE',  ( 0.000000000000000000, -3.227392513445222318E-16, 1.000000000000000000 ) ) ;
#10845 = FACE_OUTER_BOUND ( 'NONE', #7152, .T. ) ;
#10846 = LINE ( 'NONE', #276, #5681 ) ;
#10847 = VECTOR ( 'NONE', #8924, 1000.000000000000000 ) ;
#10848 = ORIENTED_EDGE ( 'NONE', *, *, #130, .F. ) ;
#10849 = AXIS2_PLACEMENT_3D ( 'NONE', #452, #3168, #6752 ) ;
#10850 = DIRECTION ( 'NONE',  ( 0.000000000000000000, 0.000000000000000000, 1.000000000000000000 ) ) ;
#10851 = CARTESIAN_POINT ( 'NONE',  ( -21.49854651162788954, -80.41022924428168039, 0.2499957747075989833 ) ) ;
#10852 = EDGE_CURVE ( 'NONE', #5655, #7886, #5433, .T. ) ;
#10853 = DIRECTION ( 'NONE',  ( 0.000000000000000000, 1.000000000000000000, 3.061616997868381169E-16 ) ) ;
#10854 = LINE ( 'NONE', #7983, #954 ) ;
#10855 = AXIS2_PLACEMENT_3D ( 'NONE', #721, #8909, #9834 ) ;
#10856 = EDGE_LOOP ( 'NONE', ( #10273, #5493 ) ) ;
#10857 = DIRECTION ( 'NONE',  ( -1.848892746611746693E-32, 1.000000000000000000, 3.061616997868381662E-16 ) ) ;
#10858 = DIRECTION ( 'NONE',  ( 9.860761315262647568E-32, 1.000000000000000000, 3.061616997868382155E-16 ) ) ;
#10859 = AXIS2_PLACEMENT_3D ( 'NONE', #792, #11577, #3500 ) ;
#10860 = AXIS2_PLACEMENT_3D ( 'NONE', #2289, #2159, #8590 ) ;
#10861 = CARTESIAN_POINT ( 'NONE',  ( 0.000000000000000000, 87.50000000000001421, 3.730185188303422936E-15 ) ) ;
#10862 = VECTOR ( 'NONE', #9602, 1000.000000000000000 ) ;
#10863 = CIRCLE ( 'NONE', #4472, 0.2500000000000002220 ) ;
#10864 = CYLINDRICAL_SURFACE ( 'NONE', #503, 0.2500000000000002220 ) ;
#10865 = ORIENTED_EDGE ( 'NONE', *, *, #8732, .F. ) ;
#10866 = CARTESIAN_POINT ( 'NONE',  ( -15.97761374776409227, 51.19999999999999574, -14.38630803671529357 ) ) ;
#10867 = EDGE_LOOP ( 'NONE', ( #11498, #4093, #1325, #5881 ) ) ;
#10868 = AXIS2_PLACEMENT_3D ( 'NONE', #7512, #6744, #2210 ) ;
#10869 = CIRCLE ( 'NONE', #6522, 21.50000000000001066 ) ;
#10870 = DIRECTION ( 'NONE',  ( 0.000000000000000000, 1.000000000000000000, 3.061616997868383141E-16 ) ) ;
#10871 = DIRECTION ( 'NONE',  ( -0.000000000000000000, 1.000000000000000000, 3.061616997868383141E-16 ) ) ;
#10872 = ORIENTED_EDGE ( 'NONE', *, *, #7362, .T. ) ;
#10873 = CIRCLE ( 'NONE', #6155, 0.2500000000000002220 ) ;
#10874 = EDGE_CURVE ( 'NONE', #3171, #3913, #4266, .T. ) ;
#10875 = ADVANCED_FACE ( 'NONE', ( #10741 ), #1672, .T. ) ;
#10876 = DIRECTION ( 'NONE',  ( 0.000000000000000000, 0.000000000000000000, 1.000000000000000000 ) ) ;
#10877 = AXIS2_PLACEMENT_3D ( 'NONE', #6902, #1497, #11460 ) ;
#10878 = EDGE_CURVE ( 'NONE', #3321, #9323, #7650, .T. ) ;
#10879 = EDGE_LOOP ( 'NONE', ( #4346, #4065, #3167, #5893 ) ) ;
#10880 = LINE ( 'NONE', #5344, #3046 ) ;
#10881 = EDGE_LOOP ( 'NONE', ( #1022, #2938, #155, #10655 ) ) ;
#10882 = LINE ( 'NONE', #2809, #2280 ) ;
#10883 = EDGE_CURVE ( 'NONE', #8069, #8807, #9848, .T. ) ;
#10884 = ORIENTED_EDGE ( 'NONE', *, *, #9300, .F. ) ;
#10885 = CARTESIAN_POINT ( 'NONE',  ( 21.27297168455582010, 45.19999999999998863, 3.116195710812433628 ) ) ;
#10886 = EDGE_LOOP ( 'NONE', ( #7408, #9058, #11217, #4126 ) ) ;
#10887 = ORIENTED_EDGE ( 'NONE', *, *, #5476, .T. ) ;
#10888 = DIRECTION ( 'NONE',  ( 0.000000000000000000, -3.227392513445222318E-16, 1.000000000000000000 ) ) ;
#10889 = ORIENTED_EDGE ( 'NONE', *, *, #10048, .T. ) ;
#10890 = DIRECTION ( 'NONE',  ( 0.000000000000000000, -1.000000000000000000, -3.061616997868383141E-16 ) ) ;
#10891 = CARTESIAN_POINT ( 'NONE',  ( 0.000000000000000000, 51.20000000000000995, -7.383484513958806747E-15 ) ) ;
#10892 = ADVANCED_FACE ( 'NONE', ( #2616 ), #6139, .T. ) ;
#10893 = EDGE_CURVE ( 'NONE', #10251, #1448, #691, .T. ) ;
#10894 = ORIENTED_EDGE ( 'NONE', *, *, #11440, .F. ) ;
#10895 = DIRECTION ( 'NONE',  ( 0.000000000000000000, -1.000000000000000000, -3.061616997868383141E-16 ) ) ;
#10896 = CARTESIAN_POINT ( 'NONE',  ( 0.000000000000000000, 45.20000000000000995, -9.220454712679835547E-15 ) ) ;
#10897 = LINE ( 'NONE', #8075, #2115 ) ;
#10898 = ORIENTED_EDGE ( 'NONE', *, *, #11523, .T. ) ;
#10899 = ORIENTED_EDGE ( 'NONE', *, *, #3496, .T. ) ;
#10900 = AXIS2_PLACEMENT_3D ( 'NONE', #8241, #2652, #1768 ) ;
#10901 = CYLINDRICAL_SURFACE ( 'NONE', #9544, 0.2500000000000002220 ) ;
#10902 = DIRECTION ( 'NONE',  ( 0.000000000000000000, 0.000000000000000000, 1.000000000000000000 ) ) ;
#10903 = ORIENTED_EDGE ( 'NONE', *, *, #171, .T. ) ;
#10904 = CARTESIAN_POINT ( 'NONE',  ( -18.74328531086487715, 45.19999999999998863, -10.53277056407837975 ) ) ;
#10905 = ADVANCED_FACE ( 'NONE', ( #5 ), #10633, .F. ) ;
#10906 = LINE ( 'NONE', #10796, #10979 ) ;
#10907 = DIRECTION ( 'NONE',  ( 0.000000000000000000, 0.000000000000000000, -1.000000000000000000 ) ) ;
#10908 = AXIS2_PLACEMENT_3D ( 'NONE', #1521, #3282, #686 ) ;
#10909 = DIRECTION ( 'NONE',  ( 0.000000000000000000, 0.000000000000000000, -1.000000000000000000 ) ) ;
#10910 = VECTOR ( 'NONE', #1615, 1000.000000000000000 ) ;
#10911 = DIRECTION ( 'NONE',  ( 0.000000000000000000, 1.000000000000000000, 3.061616997868382648E-16 ) ) ;
#10912 = CIRCLE ( 'NONE', #754, 21.50000000000000000 ) ;
#10913 = AXIS2_PLACEMENT_3D ( 'NONE', #7424, #11031, #6539 ) ;
#10914 = ORIENTED_EDGE ( 'NONE', *, *, #5017, .T. ) ;
#10915 = DIRECTION ( 'NONE',  ( -4.930380657631323784E-32, 1.000000000000000000, 3.061616997868382648E-16 ) ) ;
#10916 = CARTESIAN_POINT ( 'NONE',  ( 1.916572240665609960E-15, 78.75000000000000000, 15.65000000000001457 ) ) ;
#10917 = EDGE_CURVE ( 'NONE', #9770, #2745, #6694, .T. ) ;
#10918 = CARTESIAN_POINT ( 'NONE',  ( 0.000000000000000000, 28.86506350946110189, -1.422158663453328212E-14 ) ) ;
#10919 = DIRECTION ( 'NONE',  ( -4.930380657631323784E-32, 1.000000000000000000, 3.061616997868383141E-16 ) ) ;
#10920 = ORIENTED_EDGE ( 'NONE', *, *, #1085, .F. ) ;
#10921 = DIRECTION ( 'NONE',  ( 0.000000000000000000, -1.000000000000000000, -3.061616997868383141E-16 ) ) ;
#10922 = AXIS2_PLACEMENT_3D ( 'NONE', #78, #1683, #6210 ) ;
#10923 = EDGE_CURVE ( 'NONE', #8772, #8764, #9714, .T. ) ;
#10924 = CARTESIAN_POINT ( 'NONE',  ( 6.881176337034864865, -80.41022924428168039, -20.36907980785170125 ) ) ;
#10925 = CIRCLE ( 'NONE', #4893, 0.2500000000000002220 ) ;
#10926 = AXIS2_PLACEMENT_3D ( 'NONE', #3839, #4650, #8246 ) ;
#10927 = FACE_OUTER_BOUND ( 'NONE', #3521, .T. ) ;
#10928 = EDGE_CURVE ( 'NONE', #9325, #4587, #9160, .T. ) ;
#10929 = LINE ( 'NONE', #9153, #10486 ) ;
#10930 = EDGE_CURVE ( 'NONE', #9758, #3004, #7981, .T. ) ;
#10931 = VERTEX_POINT ( 'NONE', #8864 ) ;
#10932 = LINE ( 'NONE', #8213, #10149 ) ;
#10933 = ORIENTED_EDGE ( 'NONE', *, *, #795, .T. ) ;
#10934 = AXIS2_PLACEMENT_3D ( 'NONE', #9206, #6365, #1129 ) ;
#10935 = CARTESIAN_POINT ( 'NONE',  ( -13.33519049100554810, 51.20000000000000995, 16.86483603740619941 ) ) ;
#10936 = CIRCLE ( 'NONE', #8294, 0.2500000000000002220 ) ;
#10937 = CIRCLE ( 'NONE', #966, 21.50000000000000000 ) ;
#10938 = CARTESIAN_POINT ( 'NONE',  ( 1.125223059223148248, -80.41022924428168039, -21.22053499722335701 ) ) ;
#10939 = EDGE_CURVE ( 'NONE', #972, #7061, #6703, .T. ) ;
#10940 = CYLINDRICAL_SURFACE ( 'NONE', #9183, 0.2500000000000002220 ) ;
#10941 = ORIENTED_EDGE ( 'NONE', *, *, #1626, .T. ) ;
#10942 = EDGE_CURVE ( 'NONE', #7202, #8894, #4078, .T. ) ;
#10943 = CARTESIAN_POINT ( 'NONE',  ( 0.000000000000000000, 87.50000000000001421, 3.730185188303422936E-15 ) ) ;
#10944 = AXIS2_PLACEMENT_3D ( 'NONE', #10320, #8739, #1381 ) ;
#10945 = ORIENTED_EDGE ( 'NONE', *, *, #10646, .F. ) ;
#10946 = DIRECTION ( 'NONE',  ( 0.000000000000000000, 0.000000000000000000, -1.000000000000000000 ) ) ;
#10947 = ORIENTED_EDGE ( 'NONE', *, *, #9072, .T. ) ;
#10948 = FACE_OUTER_BOUND ( 'NONE', #10788, .T. ) ;
#10949 = ORIENTED_EDGE ( 'NONE', *, *, #6416, .T. ) ;
#10950 = FACE_OUTER_BOUND ( 'NONE', #1031, .T. ) ;
#10951 = ORIENTED_EDGE ( 'NONE', *, *, #4110, .T. ) ;
#10952 = EDGE_CURVE ( 'NONE', #6730, #9297, #1646, .T. ) ;
#10953 = EDGE_CURVE ( 'NONE', #2328, #797, #3888, .T. ) ;
#10954 = AXIS2_PLACEMENT_3D ( 'NONE', #2354, #6881, #1362 ) ;
#10955 = DIRECTION ( 'NONE',  ( 0.000000000000000000, -3.227392513445220839E-16, 1.000000000000000000 ) ) ;
#10956 = ORIENTED_EDGE ( 'NONE', *, *, #6189, .T. ) ;
#10957 = DIRECTION ( 'NONE',  ( -9.860761315262647568E-32, 1.000000000000000000, 3.061616997868382648E-16 ) ) ;
#10958 = CIRCLE ( 'NONE', #1738, 21.50000000000001066 ) ;
#10959 = VECTOR ( 'NONE', #3005, 1000.000000000000000 ) ;
#10960 = VERTEX_POINT ( 'NONE', #2126 ) ;
#10961 = CYLINDRICAL_SURFACE ( 'NONE', #8967, 0.2500000000000002220 ) ;
#10962 = CIRCLE ( 'NONE', #6603, 0.2500000000000002220 ) ;
#10963 = CARTESIAN_POINT ( 'NONE',  ( 19.04184949573536656, -80.41022924428168039, 9.982883740771583803 ) ) ;
#10964 = CARTESIAN_POINT ( 'NONE',  ( 0.000000000000000000, 87.50000000000001421, 3.730185188303422936E-15 ) ) ;
#10965 = AXIS2_PLACEMENT_3D ( 'NONE', #11083, #9254, #1838 ) ;
#10966 = ORIENTED_EDGE ( 'NONE', *, *, #5999, .F. ) ;
#10967 = ORIENTED_EDGE ( 'NONE', *, *, #2758, .T. ) ;
#10968 = EDGE_CURVE ( 'NONE', #5232, #9258, #4827, .T. ) ;
#10969 = EDGE_CURVE ( 'NONE', #8490, #6366, #8597, .T. ) ;
#10970 = CARTESIAN_POINT ( 'NONE',  ( -18.61954618136552142, 45.19999999999998863, -10.74999999999980638 ) ) ;
#10971 = ORIENTED_EDGE ( 'NONE', *, *, #9426, .F. ) ;
#10972 = DIRECTION ( 'NONE',  ( -9.860761315262647568E-32, 1.000000000000000000, 3.061616997868381662E-16 ) ) ;
#10973 = CIRCLE ( 'NONE', #1377, 0.2500000000000002220 ) ;
#10974 = AXIS2_PLACEMENT_3D ( 'NONE', #3486, #10665, #715 ) ;
#10975 = FACE_OUTER_BOUND ( 'NONE', #916, .T. ) ;
#10976 = CARTESIAN_POINT ( 'NONE',  ( 0.000000000000000000, 76.25000000000000000, 2.858660657014905341E-16 ) ) ;
#10977 = EDGE_CURVE ( 'NONE', #9989, #5386, #11437, .T. ) ;
#10978 = DIRECTION ( 'NONE',  ( -4.930380657631323784E-32, 1.000000000000000000, 3.061616997868382648E-16 ) ) ;
#10979 = VECTOR ( 'NONE', #3494, 1000.000000000000000 ) ;
#10980 = ORIENTED_EDGE ( 'NONE', *, *, #10917, .F. ) ;
#10981 = CARTESIAN_POINT ( 'NONE',  ( 17.39386537906129604, 45.19999999999998863, -12.63738292428823584 ) ) ;
#10982 = CARTESIAN_POINT ( 'NONE',  ( 14.57111852952472653, 45.20000000000000284, 15.80925377108423291 ) ) ;
#10983 = DIRECTION ( 'NONE',  ( 0.000000000000000000, 0.000000000000000000, 1.000000000000000000 ) ) ;
#10984 = DIRECTION ( 'NONE',  ( 0.000000000000000000, 0.000000000000000000, 1.000000000000000000 ) ) ;
#10985 = VERTEX_POINT ( 'NONE', #7423 ) ;
#10986 = FACE_OUTER_BOUND ( 'NONE', #2291, .T. ) ;
#10987 = CARTESIAN_POINT ( 'NONE',  ( 1.125223059223294575, 45.20000000000000284, 21.47053499722334635 ) ) ;
#10988 = FACE_OUTER_BOUND ( 'NONE', #7161, .T. ) ;
#10989 = EDGE_CURVE ( 'NONE', #3796, #9490, #5714, .T. ) ;
#10990 = VERTEX_POINT ( 'NONE', #9204 ) ;
#10991 = DIRECTION ( 'NONE',  ( 0.000000000000000000, 0.000000000000000000, 1.000000000000000000 ) ) ;
#10992 = ORIENTED_EDGE ( 'NONE', *, *, #8534, .F. ) ;
#10993 = FACE_OUTER_BOUND ( 'NONE', #5588, .T. ) ;
#10994 = CARTESIAN_POINT ( 'NONE',  ( -13.53038840757163541, 51.19999999999999574, -16.45863817132473628 ) ) ;
#10995 = CYLINDRICAL_SURFACE ( 'NONE', #8997, 21.50000000000000355 ) ;
#10996 = VERTEX_POINT ( 'NONE', #237 ) ;
#10997 = EDGE_CURVE ( 'NONE', #1697, #11296, #6323, .T. ) ;
#10998 = DIRECTION ( 'NONE',  ( -0.000000000000000000, 1.000000000000000000, 3.061616997868383141E-16 ) ) ;
#10999 = ORIENTED_EDGE ( 'NONE', *, *, #6948, .T. ) ;
#11000 = CARTESIAN_POINT ( 'NONE',  ( -18.16635567040242805, -80.41022924428169460, 11.49928352796105813 ) ) ;
#11001 = VERTEX_POINT ( 'NONE', #11030 ) ;
#11002 = DIRECTION ( 'NONE',  ( 0.000000000000000000, 0.000000000000000000, 1.000000000000000000 ) ) ;
#11003 = VERTEX_POINT ( 'NONE', #10254 ) ;
#11004 = CARTESIAN_POINT ( 'NONE',  ( 11.70973925282297579, 45.19999999999998863, -18.03141721082666038 ) ) ;
#11005 = EDGE_CURVE ( 'NONE', #5536, #5655, #10670, .T. ) ;
#11006 = DIRECTION ( 'NONE',  ( 0.000000000000000000, 0.000000000000000000, -1.000000000000000000 ) ) ;
#11007 = ORIENTED_EDGE ( 'NONE', *, *, #4168, .T. ) ;
#11008 = LINE ( 'NONE', #3871, #4178 ) ;
#11009 = DIRECTION ( 'NONE',  ( 0.000000000000000000, 0.000000000000000000, 1.000000000000000000 ) ) ;
#11010 = EDGE_CURVE ( 'NONE', #9497, #6872, #8205, .T. ) ;
#11011 = ORIENTED_EDGE ( 'NONE', *, *, #7134, .T. ) ;
#11012 = ADVANCED_FACE ( 'NONE', ( #1020 ), #115, .T. ) ;
#11013 = DIRECTION ( 'NONE',  ( 0.000000000000000000, -1.000000000000000000, -3.061616997868383141E-16 ) ) ;
#11014 = CARTESIAN_POINT ( 'NONE',  ( 21.47053499722332504, 45.19999999999998863, -0.8752230592233544160 ) ) ;
#11015 = DIRECTION ( 'NONE',  ( -0.000000000000000000, 1.000000000000000000, 3.061616997868383141E-16 ) ) ;
#11016 = ORIENTED_EDGE ( 'NONE', *, *, #1170, .T. ) ;
#11017 = ORIENTED_EDGE ( 'NONE', *, *, #9868, .T. ) ;
#11018 = DIRECTION ( 'NONE',  ( 0.000000000000000000, -3.227392513445220839E-16, 1.000000000000000000 ) ) ;
#11019 = ORIENTED_EDGE ( 'NONE', *, *, #3105, .F. ) ;
#11020 = CARTESIAN_POINT ( 'NONE',  ( 21.23529932279543431, -80.41022924428168039, -3.113340998365065282 ) ) ;
#11021 = DIRECTION ( 'NONE',  ( -0.000000000000000000, 1.000000000000000000, 3.061616997868383141E-16 ) ) ;
#11022 = EDGE_CURVE ( 'NONE', #4704, #9871, #10094, .T. ) ;
#11023 = CARTESIAN_POINT ( 'NONE',  ( 0.000000000000000000, 79.00000000000000000, 1.127810740115296699E-15 ) ) ;
#11024 = DIRECTION ( 'NONE',  ( 0.000000000000000000, 0.000000000000000000, 1.000000000000000000 ) ) ;
#11025 = ORIENTED_EDGE ( 'NONE', *, *, #318, .T. ) ;
#11026 = VERTEX_POINT ( 'NONE', #6654 ) ;
#11027 = CARTESIAN_POINT ( 'NONE',  ( -15.97761374776409227, -80.41022924428168039, -14.38630803671533265 ) ) ;
#11028 = EDGE_CURVE ( 'NONE', #3657, #5141, #3712, .T. ) ;
#11029 = FACE_OUTER_BOUND ( 'NONE', #6998, .T. ) ;
#11030 = CARTESIAN_POINT ( 'NONE',  ( 20.97677464539627579, 51.19999999999999574, -4.714331922580332623 ) ) ;
#11031 = DIRECTION ( 'NONE',  ( -0.000000000000000000, 1.000000000000000000, 3.061616997868383141E-16 ) ) ;
#11032 = ORIENTED_EDGE ( 'NONE', *, *, #10953, .F. ) ;
#11033 = CARTESIAN_POINT ( 'NONE',  ( -21.03017341577685784, 45.19999999999998863, -4.470101352581595577 ) ) ;
#11034 = CARTESIAN_POINT ( 'NONE',  ( 5.322755903978678482, 51.19999999999999574, -20.83070497094758267 ) ) ;
#11035 = CYLINDRICAL_SURFACE ( 'NONE', #10495, 15.65000000000000391 ) ;
#11036 = EDGE_CURVE ( 'NONE', #2328, #8443, #8370, .T. ) ;
#11037 = AXIS2_PLACEMENT_3D ( 'NONE', #10355, #6686, #3107 ) ;
#11038 = VECTOR ( 'NONE', #9239, 1000.000000000000000 ) ;
#11039 = EDGE_CURVE ( 'NONE', #4114, #11267, #9340, .T. ) ;
#11040 = ORIENTED_EDGE ( 'NONE', *, *, #6930, .F. ) ;
#11041 = LINE ( 'NONE', #4735, #2059 ) ;
#11042 = CARTESIAN_POINT ( 'NONE',  ( -16.86483603740597914, -80.41022924428169460, 13.33519049100579501 ) ) ;
#11043 = DIRECTION ( 'NONE',  ( -0.000000000000000000, 1.000000000000000000, 3.061616997868383141E-16 ) ) ;
#11044 = DIRECTION ( 'NONE',  ( -0.000000000000000000, 1.000000000000000000, 3.061616997868383141E-16 ) ) ;
#11045 = CARTESIAN_POINT ( 'NONE',  ( -3.363340998364683809, -80.41022924428169460, 21.23529932279546983 ) ) ;
#11046 = VECTOR ( 'NONE', #4022, 1000.000000000000000 ) ;
#11047 = CIRCLE ( 'NONE', #9170, 0.2500000000000002220 ) ;
#11048 = ORIENTED_EDGE ( 'NONE', *, *, #7060, .T. ) ;
#11049 = AXIS2_PLACEMENT_3D ( 'NONE', #6646, #6769, #7537 ) ;
#11050 = ADVANCED_FACE ( 'NONE', ( #6481 ), #5607, .T. ) ;
#11051 = AXIS2_PLACEMENT_3D ( 'NONE', #6322, #2419, #814 ) ;
#11052 = DIRECTION ( 'NONE',  ( 0.000000000000000000, -2.991412108253678048E-16, 1.000000000000000000 ) ) ;
#11053 = AXIS2_PLACEMENT_3D ( 'NONE', #6814, #2400, #3223 ) ;
#11054 = ORIENTED_EDGE ( 'NONE', *, *, #1678, .T. ) ;
#11055 = AXIS2_PLACEMENT_3D ( 'NONE', #2909, #8210, #5557 ) ;
#11056 = VECTOR ( 'NONE', #1014, 1000.000000000000000 ) ;
#11057 = ORIENTED_EDGE ( 'NONE', *, *, #4804, .F. ) ;
#11058 = DIRECTION ( 'NONE',  ( 0.000000000000000000, -1.000000000000000000, -3.061616997868383141E-16 ) ) ;
#11059 = ORIENTED_EDGE ( 'NONE', *, *, #8163, .F. ) ;
#11060 = DIRECTION ( 'NONE',  ( -1.848892746611746693E-32, 1.000000000000000000, 3.061616997868381662E-16 ) ) ;
#11061 = LINE ( 'NONE', #6458, #191 ) ;
#11062 = VERTEX_POINT ( 'NONE', #5550 ) ;
#11063 = CARTESIAN_POINT ( 'NONE',  ( 5.805710654484691702, 45.20000000000000284, 20.70129763556871438 ) ) ;
#11064 = CIRCLE ( 'NONE', #3538, 21.50000000000001066 ) ;
#11065 = EDGE_CURVE ( 'NONE', #260, #3831, #10679, .T. ) ;
#11066 = CIRCLE ( 'NONE', #8421, 8.698518023597397786 ) ;
#11067 = AXIS2_PLACEMENT_3D ( 'NONE', #6211, #2862, #9049 ) ;
#11068 = ORIENTED_EDGE ( 'NONE', *, *, #9841, .F. ) ;
#11069 = CARTESIAN_POINT ( 'NONE',  ( 17.39386537906129604, -80.41022924428168039, -12.63738292428827314 ) ) ;
#11070 = EDGE_CURVE ( 'NONE', #9003, #4228, #6593, .T. ) ;
#11071 = DIRECTION ( 'NONE',  ( -4.930380657631323784E-32, 1.000000000000000000, 3.061616997868382648E-16 ) ) ;
#11072 = DIRECTION ( 'NONE',  ( -1.232595164407830946E-32, 1.000000000000000000, 3.061616997868383141E-16 ) ) ;
#11073 = AXIS2_PLACEMENT_3D ( 'NONE', #1955, #6298, #7306 ) ;
#11074 = ORIENTED_EDGE ( 'NONE', *, *, #10070, .T. ) ;
#11075 = ORIENTED_EDGE ( 'NONE', *, *, #3978, .T. ) ;
#11076 = DIRECTION ( 'NONE',  ( 7.395570986446986770E-32, 1.000000000000000000, 3.061616997868381662E-16 ) ) ;
#11077 = ORIENTED_EDGE ( 'NONE', *, *, #3667, .F. ) ;
#11078 = DIRECTION ( 'NONE',  ( -0.000000000000000000, 1.000000000000000000, 3.061616997868383141E-16 ) ) ;
#11079 = EDGE_CURVE ( 'NONE', #6811, #4570, #8400, .T. ) ;
#11080 = DIRECTION ( 'NONE',  ( -0.000000000000000000, 1.000000000000000000, 3.061616997868383141E-16 ) ) ;
#11081 = CARTESIAN_POINT ( 'NONE',  ( -16.14381341971819239, 45.20000000000000284, 14.19955239679501346 ) ) ;
#11082 = EDGE_CURVE ( 'NONE', #11119, #7020, #11338, .T. ) ;
#11083 = CARTESIAN_POINT ( 'NONE',  ( 9.760795744400141416, 51.19999999999999574, -19.15664027004993741 ) ) ;
#11084 = ORIENTED_EDGE ( 'NONE', *, *, #8516, .F. ) ;
#11085 = ORIENTED_EDGE ( 'NONE', *, *, #4688, .F. ) ;
#11086 = CARTESIAN_POINT ( 'NONE',  ( 11.70973925282297579, 51.19999999999999574, -18.03141721082665683 ) ) ;
#11087 = DIRECTION ( 'NONE',  ( 0.000000000000000000, 0.000000000000000000, 1.000000000000000000 ) ) ;
#11088 = DIRECTION ( 'NONE',  ( 0.000000000000000000, 0.000000000000000000, 1.000000000000000000 ) ) ;
#11089 = CARTESIAN_POINT ( 'NONE',  ( 20.36907980785171191, 51.19999999999999574, 6.881176337034794699 ) ) ;
#11090 = ORIENTED_EDGE ( 'NONE', *, *, #5083, .F. ) ;
#11091 = DIRECTION ( 'NONE',  ( 0.000000000000000000, 0.000000000000000000, 1.000000000000000000 ) ) ;
#11092 = EDGE_CURVE ( 'NONE', #7749, #8413, #4197, .T. ) ;
#11093 = CARTESIAN_POINT ( 'NONE',  ( -10.75000000000014744, 45.19999999999998863, -18.36954618136532247 ) ) ;
#11094 = AXIS2_PLACEMENT_3D ( 'NONE', #5402, #6332, #11510 ) ;
#11095 = DIRECTION ( 'NONE',  ( -4.930380657631323784E-32, 1.000000000000000000, 3.061616997868383141E-16 ) ) ;
#11096 = EDGE_CURVE ( 'NONE', #7499, #2172, #9533, .T. ) ;
#11097 = AXIS2_PLACEMENT_3D ( 'NONE', #8203, #63, #6429 ) ;
#11098 = VERTEX_POINT ( 'NONE', #11451 ) ;
#11099 = DIRECTION ( 'NONE',  ( 0.000000000000000000, 0.000000000000000000, -1.000000000000000000 ) ) ;
#11100 = ORIENTED_EDGE ( 'NONE', *, *, #5189, .T. ) ;
#11101 = AXIS2_PLACEMENT_3D ( 'NONE', #4400, #917, #8109 ) ;
#11102 = CARTESIAN_POINT ( 'NONE',  ( 21.48216726873254245, 51.19999999999999574, 0.8754938253329069830 ) ) ;
#11103 = ORIENTED_EDGE ( 'NONE', *, *, #6005, .F. ) ;
#11104 = CARTESIAN_POINT ( 'NONE',  ( 0.000000000000000000, 87.50000000000001421, 3.730185188303422936E-15 ) ) ;
#11105 = AXIS2_PLACEMENT_3D ( 'NONE', #360, #132, #6443 ) ;
#11106 = CARTESIAN_POINT ( 'NONE',  ( -15.20279579551089455, 51.19999999999999574, -15.20279579551061389 ) ) ;
#11107 = EDGE_CURVE ( 'NONE', #11659, #987, #8736, .T. ) ;
#11108 = ADVANCED_FACE ( 'NONE', ( #1376 ), #7664, .T. ) ;
#11109 = ORIENTED_EDGE ( 'NONE', *, *, #6247, .F. ) ;
#11110 = DIRECTION ( 'NONE',  ( -0.000000000000000000, 1.000000000000000000, 3.061616997868383141E-16 ) ) ;
#11111 = DIRECTION ( 'NONE',  ( 0.000000000000000000, 0.9659258262890682012, 0.2588190451025209615 ) ) ;
#11112 = ORIENTED_EDGE ( 'NONE', *, *, #5491, .F. ) ;
#11113 = CIRCLE ( 'NONE', #3994, 21.50000000000000000 ) ;
#11115 = EDGE_CURVE ( 'NONE', #5788, #5508, #5958, .T. ) ;
#11114 = VECTOR ( 'NONE', #1446, 1000.000000000000000 ) ;
#11116 = AXIS2_PLACEMENT_3D ( 'NONE', #10428, #586, #10365 ) ;
#11117 = EDGE_LOOP ( 'NONE', ( #576, #8947, #580, #4523 ) ) ;
#11118 = DIRECTION ( 'NONE',  ( -1.232595164407830946E-32, 1.000000000000000000, 3.061616997868383141E-16 ) ) ;
#11119 = VERTEX_POINT ( 'NONE', #2428 ) ;
#11120 = DIRECTION ( 'NONE',  ( 0.000000000000000000, 0.000000000000000000, 1.000000000000000000 ) ) ;
#11121 = CARTESIAN_POINT ( 'NONE',  ( -7.937781193549771075, 51.20000000000000995, 19.98103174821878980 ) ) ;
#11122 = VECTOR ( 'NONE', #7724, 1000.000000000000000 ) ;
#11123 = CARTESIAN_POINT ( 'NONE',  ( 1.901264155676266094E-15, 76.00000000000000000, -15.40000000000000036 ) ) ;
#11124 = ORIENTED_EDGE ( 'NONE', *, *, #3469, .T. ) ;
#11125 = LINE ( 'NONE', #2152, #9262 ) ;
#11126 = CIRCLE ( 'NONE', #4537, 21.50000000000000000 ) ;
#11127 = CIRCLE ( 'NONE', #8486, 0.2500000000000002220 ) ;
#11128 = CARTESIAN_POINT ( 'NONE',  ( -4.470101352581976606, 45.19999999999998863, -20.78017341577676191 ) ) ;
#11129 = ADVANCED_FACE ( 'NONE', ( #1431 ), #3307, .F. ) ;
#11130 = VERTEX_POINT ( 'NONE', #540 ) ;
#11131 = CARTESIAN_POINT ( 'NONE',  ( 0.000000000000000000, 45.20000000000000995, -9.220454712679835547E-15 ) ) ;
#11132 = DIRECTION ( 'NONE',  ( 0.000000000000000000, 1.000000000000000000, 3.061616997868382648E-16 ) ) ;
#11133 = CARTESIAN_POINT ( 'NONE',  ( 13.33519049100568488, 51.19999999999999574, -16.86483603740610704 ) ) ;
#11134 = AXIS2_PLACEMENT_3D ( 'NONE', #3480, #6173, #7011 ) ;
#11135 = ORIENTED_EDGE ( 'NONE', *, *, #582, .F. ) ;
#11136 = ORIENTED_EDGE ( 'NONE', *, *, #4533, .T. ) ;
#11137 = CIRCLE ( 'NONE', #7550, 21.50000000000000000 ) ;
#11138 = CARTESIAN_POINT ( 'NONE',  ( 0.000000000000000000, 45.20000000000000995, -9.220454712679835547E-15 ) ) ;
#11139 = ORIENTED_EDGE ( 'NONE', *, *, #2610, .T. ) ;
#11140 = CARTESIAN_POINT ( 'NONE',  ( -14.38630803671557956, 45.19999999999998863, -15.72761374776383114 ) ) ;
#11141 = AXIS2_PLACEMENT_3D ( 'NONE', #734, #7916, #4721 ) ;
#11142 = EDGE_CURVE ( 'NONE', #3355, #10960, #9488, .T. ) ;
#11143 = AXIS2_PLACEMENT_3D ( 'NONE', #4590, #9998, #8350 ) ;
#11144 = VECTOR ( 'NONE', #4437, 1000.000000000000000 ) ;
#11145 = DIRECTION ( 'NONE',  ( -0.000000000000000000, 1.000000000000000000, 3.061616997868383141E-16 ) ) ;
#11146 = DIRECTION ( 'NONE',  ( -0.000000000000000000, 1.000000000000000000, 3.061616997868383141E-16 ) ) ;
#11147 = AXIS2_PLACEMENT_3D ( 'NONE', #8117, #1862, #29 ) ;
#11148 = CARTESIAN_POINT ( 'NONE',  ( 21.19475577399848376, -80.41022924428168039, 3.610031534565487643 ) ) ;
#11149 = CARTESIAN_POINT ( 'NONE',  ( -15.80925377108449759, 51.19999999999999574, -14.57111852952444941 ) ) ;
#11150 = EDGE_LOOP ( 'NONE', ( #1038, #5477, #10756, #4056 ) ) ;
#11151 = AXIS2_PLACEMENT_3D ( 'NONE', #1489, #10314, #2241 ) ;
#11152 = VERTEX_POINT ( 'NONE', #11394 ) ;
#11153 = FACE_OUTER_BOUND ( 'NONE', #9118, .T. ) ;
#11154 = DIRECTION ( 'NONE',  ( 9.860761315262647568E-32, 1.000000000000000000, 3.061616997868382648E-16 ) ) ;
#11155 = DIRECTION ( 'NONE',  ( 0.000000000000000000, 0.000000000000000000, 1.000000000000000000 ) ) ;
#11156 = AXIS2_PLACEMENT_3D ( 'NONE', #690, #1849, #9905 ) ;
#11157 = EDGE_CURVE ( 'NONE', #3805, #3122, #2585, .T. ) ;
#11158 = CARTESIAN_POINT ( 'NONE',  ( 0.000000000000000000, 45.20000000000000995, -9.220454712679835547E-15 ) ) ;
#11159 = ORIENTED_EDGE ( 'NONE', *, *, #11547, .T. ) ;
#11160 = CARTESIAN_POINT ( 'NONE',  ( -21.40690689856070250, -80.41022924428168039, 1.998583757652767412 ) ) ;
#11161 = DIRECTION ( 'NONE',  ( 2.465190328815661892E-32, 1.000000000000000000, 3.061616997868380676E-16 ) ) ;
#11162 = CARTESIAN_POINT ( 'NONE',  ( -11.49928352796102615, -80.41022924428168039, -18.16635567040248134 ) ) ;
#11163 = VECTOR ( 'NONE', #728, 1000.000000000000000 ) ;
#11164 = EDGE_CURVE ( 'NONE', #530, #6535, #10286, .T. ) ;
#11165 = VERTEX_POINT ( 'NONE', #9550 ) ;
#11166 = CARTESIAN_POINT ( 'NONE',  ( -16.70863817132470786, 45.20000000000000284, 13.53038840757170647 ) ) ;
#11167 = CARTESIAN_POINT ( 'NONE',  ( -8.515864134734846047, -80.41022924428168039, -19.74158195380342917 ) ) ;
#11168 = CARTESIAN_POINT ( 'NONE',  ( 0.000000000000000000, 76.25000000000000000, 2.858660657014905341E-16 ) ) ;
#11169 = ORIENTED_EDGE ( 'NONE', *, *, #9515, .T. ) ;
#11170 = DIRECTION ( 'NONE',  ( 0.000000000000000000, -3.227392513445220839E-16, 1.000000000000000000 ) ) ;
#11171 = ORIENTED_EDGE ( 'NONE', *, *, #9234, .F. ) ;
#11172 = LINE ( 'NONE', #11224, #3361 ) ;
#11173 = CONICAL_SURFACE ( 'NONE', #10613, 15.65000000000000036, 0.7853981633974482790 ) ;
#11174 = EDGE_LOOP ( 'NONE', ( #6412, #4473, #9765, #11621 ) ) ;
#11175 = DIRECTION ( 'NONE',  ( -7.395570986446986770E-32, 1.000000000000000000, 3.061616997868383634E-16 ) ) ;
#11176 = DIRECTION ( 'NONE',  ( -0.000000000000000000, 1.000000000000000000, 3.061616997868383141E-16 ) ) ;
#11177 = VERTEX_POINT ( 'NONE', #2244 ) ;
#11178 = EDGE_CURVE ( 'NONE', #2110, #1142, #3336, .T. ) ;
#11179 = ORIENTED_EDGE ( 'NONE', *, *, #445, .F. ) ;
#11180 = DIRECTION ( 'NONE',  ( 0.000000000000000000, 0.000000000000000000, 1.000000000000000000 ) ) ;
#11181 = ORIENTED_EDGE ( 'NONE', *, *, #11096, .T. ) ;
#11182 = DIRECTION ( 'NONE',  ( -9.860761315262647568E-32, 1.000000000000000000, 3.061616997868382648E-16 ) ) ;
#11183 = FACE_OUTER_BOUND ( 'NONE', #3856, .T. ) ;
#11184 = ORIENTED_EDGE ( 'NONE', *, *, #6860, .T. ) ;
#11185 = FACE_OUTER_BOUND ( 'NONE', #5986, .T. ) ;
#11186 = FACE_OUTER_BOUND ( 'NONE', #9321, .T. ) ;
#11187 = EDGE_CURVE ( 'NONE', #6283, #3122, #2395, .T. ) ;
#11188 = EDGE_LOOP ( 'NONE', ( #11054, #6451, #3140, #77 ) ) ;
#11189 = DIRECTION ( 'NONE',  ( 0.000000000000000000, -3.227392513445220839E-16, 1.000000000000000000 ) ) ;
#11190 = CARTESIAN_POINT ( 'NONE',  ( 0.000000000000000000, 87.50000000000001421, 3.730185188303422936E-15 ) ) ;
#11191 = CYLINDRICAL_SURFACE ( 'NONE', #511, 0.2500000000000002220 ) ;
#11192 = ORIENTED_EDGE ( 'NONE', *, *, #9247, .T. ) ;
#11193 = ORIENTED_EDGE ( 'NONE', *, *, #1875, .T. ) ;
#11194 = CARTESIAN_POINT ( 'NONE',  ( 1.961620953627966510E-15, 9.200000000000004619, -16.01785065697086097 ) ) ;
#11195 = EDGE_LOOP ( 'NONE', ( #1578, #8377, #10312, #285 ) ) ;
#11196 = CARTESIAN_POINT ( 'NONE',  ( -15.02499431646270622, 45.20000000000000284, 15.37854173159026061 ) ) ;
#11197 = LINE ( 'NONE', #404, #9165 ) ;
#11198 = ORIENTED_EDGE ( 'NONE', *, *, #10461, .T. ) ;
#11199 = CARTESIAN_POINT ( 'NONE',  ( 12.83877941551876312, 51.20000000000000995, 17.24574565275886329 ) ) ;
#11200 = DIRECTION ( 'NONE',  ( -0.000000000000000000, 1.000000000000000000, 3.061616997868383141E-16 ) ) ;
#11201 = FACE_OUTER_BOUND ( 'NONE', #11365, .T. ) ;
#11202 = ORIENTED_EDGE ( 'NONE', *, *, #7564, .T. ) ;
#11203 = EDGE_LOOP ( 'NONE', ( #8943, #7964, #8540, #4208 ) ) ;
#11204 = EDGE_CURVE ( 'NONE', #9343, #4478, #9906, .T. ) ;
#11205 = ORIENTED_EDGE ( 'NONE', *, *, #4268, .F. ) ;
#11206 = CARTESIAN_POINT ( 'NONE',  ( -19.74158195380330838, 51.19999999999999574, 8.515864134735087632 ) ) ;
#11207 = DIRECTION ( 'NONE',  ( -0.000000000000000000, 1.000000000000000000, 3.061616997868383141E-16 ) ) ;
#11208 = DIRECTION ( 'NONE',  ( -1.479114197289397354E-31, 1.000000000000000000, 3.061616997868382648E-16 ) ) ;
#11209 = DIRECTION ( 'NONE',  ( 0.000000000000000000, -3.248981738798774652E-16, 1.000000000000000000 ) ) ;
#11210 = ORIENTED_EDGE ( 'NONE', *, *, #9585, .T. ) ;
#11211 = CARTESIAN_POINT ( 'NONE',  ( -17.89404075541371242, -80.41022924428168039, -11.91861172467636720 ) ) ;
#11212 = DIRECTION ( 'NONE',  ( 0.000000000000000000, -1.000000000000000000, -3.061616997868383141E-16 ) ) ;
#11213 = ADVANCED_FACE ( 'NONE', ( #1306 ), #7606, .T. ) ;
#11214 = FACE_OUTER_BOUND ( 'NONE', #6163, .T. ) ;
#11215 = LINE ( 'NONE', #8025, #3442 ) ;
#11216 = ADVANCED_FACE ( 'NONE', ( #4898 ), #3126, .F. ) ;
#11217 = ORIENTED_EDGE ( 'NONE', *, *, #8320, .T. ) ;
#11218 = LINE ( 'NONE', #9498, #4706 ) ;
#11219 = LINE ( 'NONE', #6724, #6372 ) ;
#11220 = CARTESIAN_POINT ( 'NONE',  ( -21.19475577399850508, -80.41022924428168039, -3.610031534565398825 ) ) ;
#11221 = EDGE_LOOP ( 'NONE', ( #3427, #858, #700, #9607 ) ) ;
#11222 = DIRECTION ( 'NONE',  ( -0.000000000000000000, 1.000000000000000000, 3.061616997868383141E-16 ) ) ;
#11223 = VERTEX_POINT ( 'NONE', #4481 ) ;
#11224 = CARTESIAN_POINT ( 'NONE',  ( -18.61954618136552142, -80.41022924428168039, -10.49999999999984368 ) ) ;
#11225 = ORIENTED_EDGE ( 'NONE', *, *, #1542, .T. ) ;
#11226 = CARTESIAN_POINT ( 'NONE',  ( 3.116195710812658781, 45.20000000000000284, 21.27297168455580234 ) ) ;
#11227 = CIRCLE ( 'NONE', #9636, 21.50000000000001066 ) ;
#11228 = DIRECTION ( 'NONE',  ( 0.000000000000000000, 0.000000000000000000, -1.000000000000000000 ) ) ;
#11229 = ORIENTED_EDGE ( 'NONE', *, *, #2196, .F. ) ;
#11230 = ORIENTED_EDGE ( 'NONE', *, *, #8357, .T. ) ;
#11231 = DIRECTION ( 'NONE',  ( 0.000000000000000000, -3.227392513445222318E-16, 1.000000000000000000 ) ) ;
#11232 = CIRCLE ( 'NONE', #10085, 0.2500000000000002220 ) ;
#11233 = DIRECTION ( 'NONE',  ( -0.000000000000000000, 1.000000000000000000, 3.061616997868383141E-16 ) ) ;
#11234 = DIRECTION ( 'NONE',  ( 2.465190328815661892E-32, 1.000000000000000000, 3.061616997868380676E-16 ) ) ;
#11235 = VERTEX_POINT ( 'NONE', #8910 ) ;
#11236 = CIRCLE ( 'NONE', #8800, 0.2500000000000002220 ) ;
#11237 = DIRECTION ( 'NONE',  ( -0.000000000000000000, 1.000000000000000000, 3.061616997868383141E-16 ) ) ;
#11238 = EDGE_CURVE ( 'NONE', #8045, #7839, #2194, .T. ) ;
#11239 = EDGE_CURVE ( 'NONE', #3158, #371, #3490, .T. ) ;
#11240 = CARTESIAN_POINT ( 'NONE',  ( 0.000000000000000000, 45.20000000000000995, -9.220454712679835547E-15 ) ) ;
#11241 = AXIS2_PLACEMENT_3D ( 'NONE', #7544, #3848, #1962 ) ;
#11242 = VECTOR ( 'NONE', #9698, 1000.000000000000000 ) ;
#11243 = CIRCLE ( 'NONE', #9164, 0.2500000000000002220 ) ;
#11244 = ADVANCED_FACE ( 'NONE', ( #8140 ), #10621, .T. ) ;
#11245 = ORIENTED_EDGE ( 'NONE', *, *, #5802, .F. ) ;
#11246 = CARTESIAN_POINT ( 'NONE',  ( -6.643865379061518084, 51.19999999999999574, -20.19771510034572159 ) ) ;
#11247 = AXIS2_PLACEMENT_3D ( 'NONE', #4981, #1512, #8637 ) ;
#11248 = CARTESIAN_POINT ( 'NONE',  ( 5.805710654484395050, 51.19999999999999574, -20.70129763556880675 ) ) ;
#11249 = CARTESIAN_POINT ( 'NONE',  ( 18.61954618136537576, -80.41022924428168039, -10.75000000000010658 ) ) ;
#11250 = ORIENTED_EDGE ( 'NONE', *, *, #7862, .F. ) ;
#11251 = ORIENTED_EDGE ( 'NONE', *, *, #5694, .F. ) ;
#11252 = CIRCLE ( 'NONE', #894, 21.50000000000000000 ) ;
#11253 = AXIS2_PLACEMENT_3D ( 'NONE', #9797, #11414, #10521 ) ;
#11254 = LINE ( 'NONE', #3175, #3014 ) ;
#11255 = ORIENTED_EDGE ( 'NONE', *, *, #6788, .T. ) ;
#11256 = CIRCLE ( 'NONE', #3347, 21.50000000000001066 ) ;
#11257 = CARTESIAN_POINT ( 'NONE',  ( 7.470998869602406778, -80.41022924428168039, -20.16021269457244358 ) ) ;
#11258 = ADVANCED_FACE ( 'NONE', ( #3663 ), #10559, .F. ) ;
#11259 = EDGE_CURVE ( 'NONE', #11268, #3546, #509, .T. ) ;
#11260 = CIRCLE ( 'NONE', #7673, 21.50000000000001066 ) ;
#11261 = CARTESIAN_POINT ( 'NONE',  ( -1.998583757652897752, 51.19999999999999574, -21.40690689856071316 ) ) ;
#11262 = EDGE_LOOP ( 'NONE', ( #11048, #7592, #3001, #10099 ) ) ;
#11263 = CARTESIAN_POINT ( 'NONE',  ( -2.495836301044412231, -80.41022924428169460, 21.35464355025358785 ) ) ;
#11264 = AXIS2_PLACEMENT_3D ( 'NONE', #4713, #3784, #10844 ) ;
#11265 = CARTESIAN_POINT ( 'NONE',  ( 14.19955239679459069, 45.19999999999998863, -16.14381341971852635 ) ) ;
#11266 = DIRECTION ( 'NONE',  ( -4.930380657631323784E-32, 1.000000000000000000, 3.061616997868381662E-16 ) ) ;
#11267 = VERTEX_POINT ( 'NONE', #7071 ) ;
#11268 = VERTEX_POINT ( 'NONE', #8784 ) ;
#11269 = AXIS2_PLACEMENT_3D ( 'NONE', #1395, #9571, #9685 ) ;
#11270 = ORIENTED_EDGE ( 'NONE', *, *, #1664, .F. ) ;
#11271 = DIRECTION ( 'NONE',  ( -1.972152263052529514E-31, 1.000000000000000000, 3.061616997868382155E-16 ) ) ;
#11272 = CYLINDRICAL_SURFACE ( 'NONE', #11317, 0.2500000000000002220 ) ;
#11273 = DIRECTION ( 'NONE',  ( -0.000000000000000000, 1.000000000000000000, 3.061616997868383141E-16 ) ) ;
#11274 = DIRECTION ( 'NONE',  ( 0.000000000000000000, 0.000000000000000000, 1.000000000000000000 ) ) ;
#11275 = ORIENTED_EDGE ( 'NONE', *, *, #1202, .T. ) ;
#11276 = CARTESIAN_POINT ( 'NONE',  ( -20.76740526521501096, 51.19999999999999574, -5.314609469703971634 ) ) ;
#11277 = CARTESIAN_POINT ( 'NONE',  ( -20.07197916968989659, 51.19999999999999574, -7.704910915223750045 ) ) ;
#11278 = CARTESIAN_POINT ( 'NONE',  ( 21.19475577399850152, 51.19999999999999574, -3.610031534565477429 ) ) ;
#11279 = CARTESIAN_POINT ( 'NONE',  ( 16.70863817132479667, 51.19999999999999574, -13.53038840757156613 ) ) ;
#11280 = EDGE_CURVE ( 'NONE', #10985, #5290, #309, .T. ) ;
#11281 = EDGE_LOOP ( 'NONE', ( #3467, #3272, #8983, #8686 ) ) ;
#11282 = DIRECTION ( 'NONE',  ( -0.000000000000000000, 1.000000000000000000, 3.061616997868383141E-16 ) ) ;
#11283 = FACE_OUTER_BOUND ( 'NONE', #5182, .T. ) ;
#11284 = EDGE_CURVE ( 'NONE', #6872, #7126, #4842, .T. ) ;
#11285 = DIRECTION ( 'NONE',  ( -0.000000000000000000, 1.000000000000000000, 3.061616997868383141E-16 ) ) ;
#11286 = ORIENTED_EDGE ( 'NONE', *, *, #748, .T. ) ;
#11287 = FACE_OUTER_BOUND ( 'NONE', #833, .T. ) ;
#11288 = ORIENTED_EDGE ( 'NONE', *, *, #10431, .F. ) ;
#11289 = DIRECTION ( 'NONE',  ( 0.000000000000000000, -3.227392513445220839E-16, 1.000000000000000000 ) ) ;
#11290 = EDGE_CURVE ( 'NONE', #250, #10841, #6242, .T. ) ;
#11291 = EDGE_LOOP ( 'NONE', ( #5170, #10354 ) ) ;
#11292 = CARTESIAN_POINT ( 'NONE',  ( 0.000000000000000000, 45.20000000000000995, -9.220454712679835547E-15 ) ) ;
#11293 = EDGE_CURVE ( 'NONE', #8998, #5911, #9180, .T. ) ;
#11294 = DIRECTION ( 'NONE',  ( -0.000000000000000000, 1.000000000000000000, 3.061616997868383141E-16 ) ) ;
#11295 = AXIS2_PLACEMENT_3D ( 'NONE', #1162, #2094, #5688 ) ;
#11296 = VERTEX_POINT ( 'NONE', #3434 ) ;
#11297 = ADVANCED_FACE ( 'NONE', ( #7022 ), #4541, .T. ) ;
#11298 = ORIENTED_EDGE ( 'NONE', *, *, #7446, .T. ) ;
#11299 = CARTESIAN_POINT ( 'NONE',  ( -8.515864134735014801, 51.19999999999999574, -19.74158195380335101 ) ) ;
#11300 = VERTEX_POINT ( 'NONE', #1720 ) ;
#11301 = VECTOR ( 'NONE', #5336, 1000.000000000000000 ) ;
#11302 = VECTOR ( 'NONE', #5313, 1000.000000000000000 ) ;
#11303 = DIRECTION ( 'NONE',  ( 0.000000000000000000, -1.000000000000000000, -3.061616997868383141E-16 ) ) ;
#11304 = CARTESIAN_POINT ( 'NONE',  ( 0.000000000000000000, 45.20000000000000995, -9.220454712679835547E-15 ) ) ;
#11305 = EDGE_CURVE ( 'NONE', #8773, #6750, #10297, .T. ) ;
#11306 = VERTEX_POINT ( 'NONE', #8017 ) ;
#11307 = CARTESIAN_POINT ( 'NONE',  ( 0.000000000000000000, 45.20000000000000284, 21.50000000000000000 ) ) ;
#11308 = CYLINDRICAL_SURFACE ( 'NONE', #5519, 21.50000000000000355 ) ;
#11309 = CIRCLE ( 'NONE', #3400, 0.2500000000000002220 ) ;
#11310 = AXIS2_PLACEMENT_3D ( 'NONE', #7377, #8325, #7486 ) ;
#11311 = AXIS2_PLACEMENT_3D ( 'NONE', #3238, #335, #10481 ) ;
#11312 = ORIENTED_EDGE ( 'NONE', *, *, #1293, .T. ) ;
#11313 = DIRECTION ( 'NONE',  ( 0.000000000000000000, 0.000000000000000000, 1.000000000000000000 ) ) ;
#11314 = CIRCLE ( 'NONE', #1707, 21.50000000000001066 ) ;
#11315 = DIRECTION ( 'NONE',  ( 0.000000000000000000, 0.000000000000000000, 1.000000000000000000 ) ) ;
#11316 = CYLINDRICAL_SURFACE ( 'NONE', #10860, 21.50000000000000355 ) ;
#11317 = AXIS2_PLACEMENT_3D ( 'NONE', #6592, #11154, #3125 ) ;
#11318 = EDGE_CURVE ( 'NONE', #9729, #7456, #5225, .T. ) ;
#11319 = VERTEX_POINT ( 'NONE', #7128 ) ;
#11320 = ORIENTED_EDGE ( 'NONE', *, *, #6202, .F. ) ;
#11321 = AXIS2_PLACEMENT_3D ( 'NONE', #3858, #6551, #8216 ) ;
#11322 = AXIS2_PLACEMENT_3D ( 'NONE', #3042, #1220, #556 ) ;
#11323 = CARTESIAN_POINT ( 'NONE',  ( 13.33519049100577725, 51.20000000000000995, 16.86483603740602177 ) ) ;
#11324 = ORIENTED_EDGE ( 'NONE', *, *, #3837, .F. ) ;
#11325 = DIRECTION ( 'NONE',  ( 2.465190328815661892E-32, 1.000000000000000000, 3.061616997868383141E-16 ) ) ;
#11326 = DIRECTION ( 'NONE',  ( -0.000000000000000000, 1.000000000000000000, 3.061616997868383141E-16 ) ) ;
#11327 = ORIENTED_EDGE ( 'NONE', *, *, #8843, .F. ) ;
#11328 = CARTESIAN_POINT ( 'NONE',  ( -19.26884090911980962, -80.41022924428168039, -9.537388008203860679 ) ) ;
#11329 = CIRCLE ( 'NONE', #1537, 0.2500000000000002220 ) ;
#11330 = CARTESIAN_POINT ( 'NONE',  ( 11.70973925282309835, 45.20000000000000284, 18.03141721082660709 ) ) ;
#11331 = DIRECTION ( 'NONE',  ( 0.000000000000000000, 0.000000000000000000, 1.000000000000000000 ) ) ;
#11332 = CIRCLE ( 'NONE', #6231, 0.2500000000000002220 ) ;
#11333 = EDGE_CURVE ( 'NONE', #6489, #7228, #134, .T. ) ;
#11334 = ADVANCED_FACE ( 'NONE', ( #11678 ), #3605, .F. ) ;
#11335 = ORIENTED_EDGE ( 'NONE', *, *, #10537, .F. ) ;
#11336 = CARTESIAN_POINT ( 'NONE',  ( -21.47053499722334280, -80.41022924428168039, -0.8752230592230978434 ) ) ;
#11337 = CARTESIAN_POINT ( 'NONE',  ( 20.76740526521493635, 51.19999999999999574, -5.314609469704262956 ) ) ;
#11338 = LINE ( 'NONE', #5014, #2947 ) ;
#11339 = CIRCLE ( 'NONE', #6232, 0.2500000000000002220 ) ;
#11340 = DIRECTION ( 'NONE',  ( 0.000000000000000000, -1.000000000000000000, -3.061616997868383141E-16 ) ) ;
#11341 = VERTEX_POINT ( 'NONE', #2718 ) ;
#11342 = DIRECTION ( 'NONE',  ( 0.000000000000000000, 0.000000000000000000, 1.000000000000000000 ) ) ;
#11343 = AXIS2_PLACEMENT_3D ( 'NONE', #5649, #9196, #4653 ) ;
#11344 = CARTESIAN_POINT ( 'NONE',  ( 11.91861172467628016, 51.19999999999999574, -17.89404075541377992 ) ) ;
#11345 = CIRCLE ( 'NONE', #609, 0.2500000000000002220 ) ;
#11346 = EDGE_CURVE ( 'NONE', #11562, #8051, #9351, .T. ) ;
#11347 = DIRECTION ( 'NONE',  ( 0.000000000000000000, -3.227392513445220839E-16, 1.000000000000000000 ) ) ;
#11348 = CIRCLE ( 'NONE', #984, 0.2500000000000002220 ) ;
#11349 = AXIS2_PLACEMENT_3D ( 'NONE', #7515, #153, #5634 ) ;
#11350 = VERTEX_POINT ( 'NONE', #6626 ) ;
#11351 = LINE ( 'NONE', #5086, #4552 ) ;
#11352 = CARTESIAN_POINT ( 'NONE',  ( 0.000000000000000000, 3.500000000000000444, 8.698518023597374693 ) ) ;
#11353 = VECTOR ( 'NONE', #3553, 1000.000000000000000 ) ;
#11354 = CARTESIAN_POINT ( 'NONE',  ( 0.000000000000000000, 45.20000000000000995, -9.220454712679835547E-15 ) ) ;
#11355 = VERTEX_POINT ( 'NONE', #11121 ) ;
#11356 = CARTESIAN_POINT ( 'NONE',  ( 0.000000000000000000, 51.20000000000000995, -7.383484513958806747E-15 ) ) ;
#11357 = ORIENTED_EDGE ( 'NONE', *, *, #5842, .F. ) ;
#11358 = CYLINDRICAL_SURFACE ( 'NONE', #7686, 0.2500000000000002220 ) ;
#11359 = DIRECTION ( 'NONE',  ( -0.000000000000000000, 1.000000000000000000, 3.061616997868383141E-16 ) ) ;
#11360 = EDGE_LOOP ( 'NONE', ( #4153, #9312 ) ) ;
#11361 = EDGE_CURVE ( 'NONE', #3864, #6125, #1834, .T. ) ;
#11362 = VECTOR ( 'NONE', #11161, 1000.000000000000000 ) ;
#11363 = CARTESIAN_POINT ( 'NONE',  ( 19.26884090911973857, 45.19999999999998863, 9.537388008203986800 ) ) ;
#11364 = DIRECTION ( 'NONE',  ( 0.000000000000000000, -3.227392513445220839E-16, 1.000000000000000000 ) ) ;
#11365 = EDGE_LOOP ( 'NONE', ( #11666, #10949, #4736, #10152 ) ) ;
#11366 = ORIENTED_EDGE ( 'NONE', *, *, #10404, .F. ) ;
#11367 = DIRECTION ( 'NONE',  ( -0.000000000000000000, 1.000000000000000000, 3.061616997868383141E-16 ) ) ;
#11368 = ORIENTED_EDGE ( 'NONE', *, *, #4204, .T. ) ;
#11369 = CIRCLE ( 'NONE', #997, 0.2500000000000002220 ) ;
#11370 = CARTESIAN_POINT ( 'NONE',  ( 0.000000000000000000, 87.50000000000001421, 3.730185188303422936E-15 ) ) ;
#11371 = ADVANCED_FACE ( 'NONE', ( #11183 ), #10346, .T. ) ;
#11372 = FACE_OUTER_BOUND ( 'NONE', #9338, .T. ) ;
#11373 = EDGE_LOOP ( 'NONE', ( #3002, #850, #7540, #5341 ) ) ;
#11374 = DIRECTION ( 'NONE',  ( 0.000000000000000000, -1.000000000000000000, -3.061616997868383141E-16 ) ) ;
#11375 = VERTEX_POINT ( 'NONE', #10280 ) ;
#11376 = DIRECTION ( 'NONE',  ( -3.697785493223493385E-32, 1.000000000000000000, 3.061616997868381662E-16 ) ) ;
#11377 = VECTOR ( 'NONE', #11132, 1000.000000000000000 ) ;
#11378 = EDGE_CURVE ( 'NONE', #530, #9817, #2769, .T. ) ;
#11379 = DIRECTION ( 'NONE',  ( -0.000000000000000000, 1.000000000000000000, 3.061616997868383141E-16 ) ) ;
#11380 = LINE ( 'NONE', #6941, #11242 ) ;
#11381 = ORIENTED_EDGE ( 'NONE', *, *, #3374, .F. ) ;
#11382 = ORIENTED_EDGE ( 'NONE', *, *, #11378, .T. ) ;
#11383 = DIRECTION ( 'NONE',  ( 0.000000000000000000, -3.227392513445220839E-16, 1.000000000000000000 ) ) ;
#11384 = ORIENTED_EDGE ( 'NONE', *, *, #3861, .T. ) ;
#11385 = DIRECTION ( 'NONE',  ( 0.000000000000000000, -1.000000000000000000, -3.061616997868383141E-16 ) ) ;
#11386 = CARTESIAN_POINT ( 'NONE',  ( 0.000000000000000000, 45.20000000000000995, -9.220454712679835547E-15 ) ) ;
#11387 = ORIENTED_EDGE ( 'NONE', *, *, #3614, .T. ) ;
#11388 = DIRECTION ( 'NONE',  ( 0.000000000000000000, -1.000000000000000000, -3.061616997868383141E-16 ) ) ;
#11389 = DIRECTION ( 'NONE',  ( 0.000000000000000000, 0.000000000000000000, 1.000000000000000000 ) ) ;
#11390 = DIRECTION ( 'NONE',  ( 0.000000000000000000, -3.227392513445222318E-16, 1.000000000000000000 ) ) ;
#11391 = ORIENTED_EDGE ( 'NONE', *, *, #845, .T. ) ;
#11392 = CARTESIAN_POINT ( 'NONE',  ( -11.70973925282321915, 51.19999999999999574, -18.03141721082649696 ) ) ;
#11393 = CARTESIAN_POINT ( 'NONE',  ( 0.000000000000000000, 74.75000000000000000, -1.733764839787674301E-16 ) ) ;
#11394 = CARTESIAN_POINT ( 'NONE',  ( 2.388061258337339728E-15, 61.70000000000001705, -19.50000000000000711 ) ) ;
#11395 = LINE ( 'NONE', #10501, #8101 ) ;
#11396 = EDGE_LOOP ( 'NONE', ( #1099, #9519, #11381, #7879 ) ) ;
#11397 = FACE_OUTER_BOUND ( 'NONE', #1332, .T. ) ;
#11398 = CARTESIAN_POINT ( 'NONE',  ( -9.760795744400400764, 45.19999999999998863, -19.15664027004980952 ) ) ;
#11399 = EDGE_CURVE ( 'NONE', #4289, #5296, #3901, .T. ) ;
#11400 = CARTESIAN_POINT ( 'NONE',  ( -20.07197916968974027, 45.19999999999998863, 7.704910915224180812 ) ) ;
#11401 = ADVANCED_FACE ( 'NONE', ( #4868 ), #2830, .F. ) ;
#11402 = CARTESIAN_POINT ( 'NONE',  ( -19.15664027004999070, 51.19999999999999574, -9.760795744400050822 ) ) ;
#11403 = ORIENTED_EDGE ( 'NONE', *, *, #7559, .F. ) ;
#11404 = DIRECTION ( 'NONE',  ( 0.000000000000000000, 0.000000000000000000, -1.000000000000000000 ) ) ;
#11405 = DIRECTION ( 'NONE',  ( -1.972152263052529514E-31, 1.000000000000000000, 3.061616997868382155E-16 ) ) ;
#11406 = CARTESIAN_POINT ( 'NONE',  ( 21.40690689856072737, 45.19999999999998863, -1.998583757652808490 ) ) ;
#11407 = ORIENTED_EDGE ( 'NONE', *, *, #11290, .F. ) ;
#11408 = CARTESIAN_POINT ( 'NONE',  ( 20.07197916968979001, -80.41022924428168039, -7.704910915224060020 ) ) ;
#11409 = ORIENTED_EDGE ( 'NONE', *, *, #10923, .T. ) ;
#11410 = DIRECTION ( 'NONE',  ( -1.848892746611746693E-32, 1.000000000000000000, 3.061616997868381662E-16 ) ) ;
#11411 = LINE ( 'NONE', #10164, #8295 ) ;
#11412 = ORIENTED_EDGE ( 'NONE', *, *, #4656, .F. ) ;
#11413 = ADVANCED_FACE ( 'NONE', ( #10229 ), #102, .T. ) ;
#11414 = DIRECTION ( 'NONE',  ( -0.000000000000000000, 1.000000000000000000, 3.061616997868383141E-16 ) ) ;
#11415 = CARTESIAN_POINT ( 'NONE',  ( -0.2499957747072304171, 51.19999999999999574, 21.49854651162790020 ) ) ;
#11416 = ORIENTED_EDGE ( 'NONE', *, *, #3224, .T. ) ;
#11417 = LINE ( 'NONE', #7812, #1314 ) ;
#11418 = VERTEX_POINT ( 'NONE', #3041 ) ;
#11419 = FACE_OUTER_BOUND ( 'NONE', #11195, .T. ) ;
#11420 = CARTESIAN_POINT ( 'NONE',  ( 0.000000000000000000, 45.20000000000000995, -9.220454712679835547E-15 ) ) ;
#11421 = EDGE_CURVE ( 'NONE', #3706, #1124, #3532, .T. ) ;
#11422 = ORIENTED_EDGE ( 'NONE', *, *, #8385, .T. ) ;
#11423 = DIRECTION ( 'NONE',  ( 9.860761315262647568E-32, 1.000000000000000000, 3.061616997868381662E-16 ) ) ;
#11424 = AXIS2_PLACEMENT_3D ( 'NONE', #6257, #8970, #2728 ) ;
#11425 = VERTEX_POINT ( 'NONE', #5538 ) ;
#11426 = DIRECTION ( 'NONE',  ( 0.000000000000000000, -3.227392513445222318E-16, 1.000000000000000000 ) ) ;
#11427 = CARTESIAN_POINT ( 'NONE',  ( -14.38630803671525804, 51.20000000000000995, 15.97761374776415089 ) ) ;
#11428 = LINE ( 'NONE', #7949, #7275 ) ;
#11429 = VECTOR ( 'NONE', #1109, 1000.000000000000000 ) ;
#11430 = VECTOR ( 'NONE', #2658, 1000.000000000000000 ) ;
#11431 = EDGE_LOOP ( 'NONE', ( #4847, #9682, #201, #6685 ) ) ;
#11432 = VERTEX_POINT ( 'NONE', #9946 ) ;
#11433 = EDGE_CURVE ( 'NONE', #10609, #10087, #381, .T. ) ;
#11434 = DIRECTION ( 'NONE',  ( -0.000000000000000000, 1.000000000000000000, 3.061616997868383141E-16 ) ) ;
#11435 = ORIENTED_EDGE ( 'NONE', *, *, #8376, .T. ) ;
#11436 = FACE_OUTER_BOUND ( 'NONE', #7009, .T. ) ;
#11437 = CIRCLE ( 'NONE', #6510, 0.2500000000000002220 ) ;
#11438 = VECTOR ( 'NONE', #492, 1000.000000000000000 ) ;
#11439 = AXIS2_PLACEMENT_3D ( 'NONE', #8730, #594, #11564 ) ;
#11440 = EDGE_CURVE ( 'NONE', #5141, #11675, #4046, .T. ) ;
#11441 = AXIS2_PLACEMENT_3D ( 'NONE', #3946, #7472, #5651 ) ;
#11442 = EDGE_LOOP ( 'NONE', ( #548, #1356, #6974, #6590 ) ) ;
#11443 = CARTESIAN_POINT ( 'NONE',  ( 0.000000000000000000, 87.50000000000001421, 3.730185188303422936E-15 ) ) ;
#11444 = CARTESIAN_POINT ( 'NONE',  ( 0.000000000000000000, 51.20000000000000995, -7.383484513958806747E-15 ) ) ;
#11445 = FACE_OUTER_BOUND ( 'NONE', #10886, .T. ) ;
#11446 = AXIS2_PLACEMENT_3D ( 'NONE', #2735, #9101, #6310 ) ;
#11447 = EDGE_LOOP ( 'NONE', ( #10117, #1878, #8174, #9071 ) ) ;
#11448 = AXIS2_PLACEMENT_3D ( 'NONE', #8087, #2778, #1060 ) ;
#11449 = DIRECTION ( 'NONE',  ( 0.000000000000000000, 1.000000000000000000, 3.061616997868381662E-16 ) ) ;
#11450 = CARTESIAN_POINT ( 'NONE',  ( 18.16635567040257726, -80.41022924428169460, 11.49928352796082009 ) ) ;
#11451 = CARTESIAN_POINT ( 'NONE',  ( 20.52358569366462149, 45.19999999999998863, -6.405656115871779299 ) ) ;
#11452 = CARTESIAN_POINT ( 'NONE',  ( 3.610031534565584899, 45.20000000000000284, 21.19475577399849087 ) ) ;
#11453 = CIRCLE ( 'NONE', #4291, 0.2500000000000002220 ) ;
#11454 = ORIENTED_EDGE ( 'NONE', *, *, #11671, .T. ) ;
#11455 = DIRECTION ( 'NONE',  ( 0.000000000000000000, 0.000000000000000000, 1.000000000000000000 ) ) ;
#11456 = EDGE_CURVE ( 'NONE', #4889, #4797, #1267, .T. ) ;
#11457 = DIRECTION ( 'NONE',  ( 0.000000000000000000, -3.227392513445220839E-16, 1.000000000000000000 ) ) ;
#11458 = CIRCLE ( 'NONE', #8054, 21.50000000000001066 ) ;
#11459 = CIRCLE ( 'NONE', #2968, 21.50000000000000000 ) ;
#11460 = DIRECTION ( 'NONE',  ( 0.000000000000000000, 0.000000000000000000, 1.000000000000000000 ) ) ;
#11461 = FACE_OUTER_BOUND ( 'NONE', #9759, .T. ) ;
#11462 = AXIS2_PLACEMENT_3D ( 'NONE', #1327, #4855, #8273 ) ;
#11463 = VERTEX_POINT ( 'NONE', #1407 ) ;
#11464 = DIRECTION ( 'NONE',  ( 4.930380657631323784E-32, 1.000000000000000000, 3.061616997868382155E-16 ) ) ;
#11465 = DIRECTION ( 'NONE',  ( -0.000000000000000000, 1.000000000000000000, 3.061616997868383141E-16 ) ) ;
#11466 = CIRCLE ( 'NONE', #7485, 21.50000000000001066 ) ;
#11467 = EDGE_CURVE ( 'NONE', #9350, #9452, #5479, .T. ) ;
#11468 = DIRECTION ( 'NONE',  ( 0.000000000000000000, 0.000000000000000000, -1.000000000000000000 ) ) ;
#11469 = ORIENTED_EDGE ( 'NONE', *, *, #6650, .T. ) ;
#11470 = DIRECTION ( 'NONE',  ( 0.000000000000000000, 0.000000000000000000, 1.000000000000000000 ) ) ;
#11471 = ORIENTED_EDGE ( 'NONE', *, *, #3967, .T. ) ;
#11472 = DIRECTION ( 'NONE',  ( -0.000000000000000000, 1.000000000000000000, 3.061616997868383141E-16 ) ) ;
#11473 = CARTESIAN_POINT ( 'NONE',  ( 10.74999999999988454, -80.41022924428168039, -18.61954618136551076 ) ) ;
#11474 = ORIENTED_EDGE ( 'NONE', *, *, #10874, .T. ) ;
#11475 = EDGE_CURVE ( 'NONE', #2855, #3695, #11627, .T. ) ;
#11476 = LINE ( 'NONE', #7091, #1086 ) ;
#11477 = VERTEX_POINT ( 'NONE', #8395 ) ;
#11478 = CARTESIAN_POINT ( 'NONE',  ( 20.70129763556868596, 45.19999999999998863, -5.805710654484750322 ) ) ;
#11479 = EDGE_LOOP ( 'NONE', ( #5176, #587, #6499, #3634 ) ) ;
#11480 = EDGE_CURVE ( 'NONE', #10046, #7749, #6521, .T. ) ;
#11481 = ADVANCED_FACE ( 'NONE', ( #8458 ), #3992, .F. ) ;
#11482 = CARTESIAN_POINT ( 'NONE',  ( 0.000000000000000000, 87.50000000000001421, 3.730185188303422936E-15 ) ) ;
#11483 = CYLINDRICAL_SURFACE ( 'NONE', #11053, 21.50000000000000355 ) ;
#11484 = VERTEX_POINT ( 'NONE', #9464 ) ;
#11485 = CIRCLE ( 'NONE', #3387, 0.2500000000000002220 ) ;
#11486 = ADVANCED_FACE ( 'NONE', ( #4988 ), #10901, .F. ) ;
#11487 = AXIS2_PLACEMENT_3D ( 'NONE', #9393, #7757, #5049 ) ;
#11488 = ORIENTED_EDGE ( 'NONE', *, *, #8090, .T. ) ;
#11489 = CARTESIAN_POINT ( 'NONE',  ( 0.000000000000000000, 45.20000000000000995, -9.220454712679835547E-15 ) ) ;
#11490 = ORIENTED_EDGE ( 'NONE', *, *, #3020, .T. ) ;
#11491 = CARTESIAN_POINT ( 'NONE',  ( 0.000000000000000000, 51.20000000000000995, -7.383484513958806747E-15 ) ) ;
#11492 = CARTESIAN_POINT ( 'NONE',  ( 0.000000000000000000, 45.20000000000000995, -9.220454712679835547E-15 ) ) ;
#11493 = ORIENTED_EDGE ( 'NONE', *, *, #5652, .F. ) ;
#11494 = ORIENTED_EDGE ( 'NONE', *, *, #6461, .F. ) ;
#11495 = ORIENTED_EDGE ( 'NONE', *, *, #9725, .T. ) ;
#11496 = CIRCLE ( 'NONE', #6385, 16.76785065697083965 ) ;
#11497 = DIRECTION ( 'NONE',  ( -2.465190328815661892E-32, 1.000000000000000000, 3.061616997868381169E-16 ) ) ;
#11498 = ORIENTED_EDGE ( 'NONE', *, *, #4829, .F. ) ;
#11499 = CARTESIAN_POINT ( 'NONE',  ( 0.000000000000000000, 51.20000000000000995, -7.383484513958806747E-15 ) ) ;
#11500 = AXIS2_PLACEMENT_3D ( 'NONE', #5671, #7383, #10991 ) ;
#11501 = DIRECTION ( 'NONE',  ( 0.000000000000000000, -1.000000000000000000, -3.061616997868383141E-16 ) ) ;
#11502 = CIRCLE ( 'NONE', #6390, 21.50000000000000000 ) ;
#11503 = ORIENTED_EDGE ( 'NONE', *, *, #1365, .F. ) ;
#11504 = CARTESIAN_POINT ( 'NONE',  ( 2.495836301044702221, 45.20000000000000284, 21.35464355025359495 ) ) ;
#11505 = DIRECTION ( 'NONE',  ( 0.000000000000000000, 0.000000000000000000, 1.000000000000000000 ) ) ;
#11506 = FACE_OUTER_BOUND ( 'NONE', #1223, .T. ) ;
#11507 = AXIS2_PLACEMENT_3D ( 'NONE', #11158, #9143, #1021 ) ;
#11508 = CIRCLE ( 'NONE', #7913, 21.50000000000001066 ) ;
#11509 = ORIENTED_EDGE ( 'NONE', *, *, #9135, .T. ) ;
#11510 = DIRECTION ( 'NONE',  ( 0.000000000000000000, 0.000000000000000000, 1.000000000000000000 ) ) ;
#11511 = DIRECTION ( 'NONE',  ( -0.000000000000000000, 1.000000000000000000, 3.061616997868383141E-16 ) ) ;
#11512 = CARTESIAN_POINT ( 'NONE',  ( 0.000000000000000000, 51.20000000000000995, -7.383484513958806747E-15 ) ) ;
#11513 = DIRECTION ( 'NONE',  ( 0.000000000000000000, -1.000000000000000000, -3.061616997868383141E-16 ) ) ;
#11514 = ORIENTED_EDGE ( 'NONE', *, *, #1731, .T. ) ;
#11515 = ADVANCED_FACE ( 'NONE', ( #11372 ), #11483, .T. ) ;
#11516 = DIRECTION ( 'NONE',  ( -0.000000000000000000, 1.000000000000000000, 3.061616997868383141E-16 ) ) ;
#11517 = AXIS2_PLACEMENT_3D ( 'NONE', #4460, #924, #8061 ) ;
#11518 = DIRECTION ( 'NONE',  ( -0.000000000000000000, 1.000000000000000000, 3.061616997868383141E-16 ) ) ;
#11519 = AXIS2_PLACEMENT_3D ( 'NONE', #8373, #10138, #4901 ) ;
#11520 = AXIS2_PLACEMENT_3D ( 'NONE', #5526, #4753, #10055 ) ;
#11521 = DIRECTION ( 'NONE',  ( -0.000000000000000000, 1.000000000000000000, 3.061616997868383141E-16 ) ) ;
#11522 = DIRECTION ( 'NONE',  ( 0.000000000000000000, 0.000000000000000000, 1.000000000000000000 ) ) ;
#11523 = EDGE_CURVE ( 'NONE', #250, #8084, #7288, .T. ) ;
#11524 = ORIENTED_EDGE ( 'NONE', *, *, #11259, .F. ) ;
#11525 = LINE ( 'NONE', #3618, #5116 ) ;
#11526 = DIRECTION ( 'NONE',  ( 0.000000000000000000, 0.000000000000000000, 1.000000000000000000 ) ) ;
#11527 = CARTESIAN_POINT ( 'NONE',  ( -2.247361960254701252, 51.19999999999999574, -21.38222075041783299 ) ) ;
#11529 = ORIENTED_EDGE ( 'NONE', *, *, #8146, .F. ) ;
#11528 = CIRCLE ( 'NONE', #2673, 21.50000000000000000 ) ;
#11530 = CARTESIAN_POINT ( 'NONE',  ( 6.405656115871549261, -80.41022924428169460, 20.52358569366463925 ) ) ;
#11531 = VERTEX_POINT ( 'NONE', #7938 ) ;
#11532 = DIRECTION ( 'NONE',  ( 0.000000000000000000, -3.227392513445220839E-16, 1.000000000000000000 ) ) ;
#11533 = AXIS2_PLACEMENT_3D ( 'NONE', #11402, #1438, #1498 ) ;
#11534 = AXIS2_PLACEMENT_3D ( 'NONE', #3672, #1125, #8202 ) ;
#11535 = LINE ( 'NONE', #8757, #6158 ) ;
#11536 = EDGE_CURVE ( 'NONE', #10578, #6154, #11252, .T. ) ;
#11537 = AXIS2_PLACEMENT_3D ( 'NONE', #6285, #43, #9878 ) ;
#11538 = CIRCLE ( 'NONE', #6067, 20.50000000000000711 ) ;
#11539 = VERTEX_POINT ( 'NONE', #687 ) ;
#11540 = FACE_OUTER_BOUND ( 'NONE', #11373, .T. ) ;
#11541 = ORIENTED_EDGE ( 'NONE', *, *, #3441, .T. ) ;
#11542 = DIRECTION ( 'NONE',  ( 4.930380657631323784E-32, 1.000000000000000000, 3.061616997868381662E-16 ) ) ;
#11543 = DIRECTION ( 'NONE',  ( -2.465190328815661892E-32, 1.000000000000000000, 3.061616997868381169E-16 ) ) ;
#11544 = AXIS2_PLACEMENT_3D ( 'NONE', #6436, #3738, #6053 ) ;
#11545 = ORIENTED_EDGE ( 'NONE', *, *, #5356, .F. ) ;
#11546 = CIRCLE ( 'NONE', #9457, 0.2500000000000002220 ) ;
#11547 = EDGE_CURVE ( 'NONE', #5577, #7562, #7876, .T. ) ;
#11548 = ADVANCED_FACE ( 'NONE', ( #2342 ), #1464, .F. ) ;
#11549 = ORIENTED_EDGE ( 'NONE', *, *, #4193, .T. ) ;
#11550 = FACE_OUTER_BOUND ( 'NONE', #1287, .T. ) ;
#11551 = AXIS2_PLACEMENT_3D ( 'NONE', #1495, #11518, #6021 ) ;
#11552 = ORIENTED_EDGE ( 'NONE', *, *, #6222, .T. ) ;
#11553 = DIRECTION ( 'NONE',  ( -0.000000000000000000, 1.000000000000000000, 3.061616997868383141E-16 ) ) ;
#11554 = DIRECTION ( 'NONE',  ( -0.000000000000000000, 1.000000000000000000, 3.061616997868383141E-16 ) ) ;
#11555 = ORIENTED_EDGE ( 'NONE', *, *, #6487, .T. ) ;
#11556 = EDGE_LOOP ( 'NONE', ( #1931, #10636, #2255, #10682 ) ) ;
#11557 = ORIENTED_EDGE ( 'NONE', *, *, #10989, .T. ) ;
#11558 = LINE ( 'NONE', #4466, #3787 ) ;
#11559 = ORIENTED_EDGE ( 'NONE', *, *, #5161, .F. ) ;
#11560 = DIRECTION ( 'NONE',  ( 0.000000000000000000, 0.000000000000000000, 1.000000000000000000 ) ) ;
#11561 = ADVANCED_FACE ( 'NONE', ( #5925 ), #9518, .F. ) ;
#11562 = VERTEX_POINT ( 'NONE', #6992 ) ;
#11563 = DIRECTION ( 'NONE',  ( -0.000000000000000000, 1.000000000000000000, 3.061616997868383141E-16 ) ) ;
#11564 = DIRECTION ( 'NONE',  ( 0.000000000000000000, 0.000000000000000000, 1.000000000000000000 ) ) ;
#11565 = DIRECTION ( 'NONE',  ( -4.930380657631323784E-32, 1.000000000000000000, 3.061616997868383141E-16 ) ) ;
#11566 = ORIENTED_EDGE ( 'NONE', *, *, #1169, .T. ) ;
#11567 = DIRECTION ( 'NONE',  ( 0.000000000000000000, 0.000000000000000000, 1.000000000000000000 ) ) ;
#11568 = ORIENTED_EDGE ( 'NONE', *, *, #5767, .T. ) ;
#11569 = DIRECTION ( 'NONE',  ( 0.000000000000000000, -1.000000000000000000, -3.061616997868383141E-16 ) ) ;
#11570 = CARTESIAN_POINT ( 'NONE',  ( -21.27297168455584142, 45.19999999999998863, -3.116195710812267095 ) ) ;
#11571 = DIRECTION ( 'NONE',  ( 0.000000000000000000, -3.227392513445222318E-16, 1.000000000000000000 ) ) ;
#11572 = DIRECTION ( 'NONE',  ( 0.000000000000000000, 0.000000000000000000, 1.000000000000000000 ) ) ;
#11573 = DIRECTION ( 'NONE',  ( -0.000000000000000000, 1.000000000000000000, 3.061616997868383141E-16 ) ) ;
#11574 = ORIENTED_EDGE ( 'NONE', *, *, #3894, .F. ) ;
#11575 = CARTESIAN_POINT ( 'NONE',  ( -20.76740526521501096, 45.19999999999998863, -5.314609469703973410 ) ) ;
#11576 = CARTESIAN_POINT ( 'NONE',  ( 3.610031534565417033, 51.20000000000000995, 21.19475577399850508 ) ) ;
#11577 = DIRECTION ( 'NONE',  ( 0.000000000000000000, -1.000000000000000000, -3.061616997868383141E-16 ) ) ;
#11578 = ORIENTED_EDGE ( 'NONE', *, *, #7697, .T. ) ;
#11579 = LINE ( 'NONE', #4497, #5669 ) ;
#11580 = ORIENTED_EDGE ( 'NONE', *, *, #3063, .F. ) ;
#11581 = FACE_OUTER_BOUND ( 'NONE', #1601, .T. ) ;
#11582 = ADVANCED_FACE ( 'NONE', ( #7696 ), #1684, .F. ) ;
#11583 = DIRECTION ( 'NONE',  ( 0.000000000000000000, 0.000000000000000000, 1.000000000000000000 ) ) ;
#11584 = EDGE_CURVE ( 'NONE', #18, #1476, #11064, .T. ) ;
#11585 = ORIENTED_EDGE ( 'NONE', *, *, #2355, .T. ) ;
#11586 = DIRECTION ( 'NONE',  ( 0.000000000000000000, -3.227392513445222318E-16, 1.000000000000000000 ) ) ;
#11587 = ORIENTED_EDGE ( 'NONE', *, *, #9793, .F. ) ;
#11588 = DIRECTION ( 'NONE',  ( -0.000000000000000000, 1.000000000000000000, 3.061616997868383141E-16 ) ) ;
#11589 = DIRECTION ( 'NONE',  ( 0.000000000000000000, 0.000000000000000000, 1.000000000000000000 ) ) ;
#11590 = VERTEX_POINT ( 'NONE', #2459 ) ;
#11591 = EDGE_CURVE ( 'NONE', #5894, #11306, #2967, .T. ) ;
#11592 = CARTESIAN_POINT ( 'NONE',  ( 12.83877941551890522, -80.41022924428169460, 17.24574565275872828 ) ) ;
#11593 = EDGE_LOOP ( 'NONE', ( #2978, #6349, #2205, #8895 ) ) ;
#11594 = CYLINDRICAL_SURFACE ( 'NONE', #7367, 0.2500000000000002220 ) ;
#11595 = ORIENTED_EDGE ( 'NONE', *, *, #9655, .F. ) ;
#11596 = CARTESIAN_POINT ( 'NONE',  ( 0.000000000000000000, 51.20000000000000995, -7.383484513958806747E-15 ) ) ;
#11597 = ORIENTED_EDGE ( 'NONE', *, *, #5122, .F. ) ;
#11598 = VERTEX_POINT ( 'NONE', #6153 ) ;
#11599 = EDGE_LOOP ( 'NONE', ( #822, #4684, #1950, #9383 ) ) ;
#11600 = EDGE_CURVE ( 'NONE', #8078, #2514, #1478, .T. ) ;
#11601 = LINE ( 'NONE', #3528, #1347 ) ;
#11602 = ORIENTED_EDGE ( 'NONE', *, *, #9974, .F. ) ;
#11603 = CYLINDRICAL_SURFACE ( 'NONE', #139, 0.2500000000000002220 ) ;
#11604 = CARTESIAN_POINT ( 'NONE',  ( 1.885956070686923806E-15, 79.00000000000000000, 15.40000000000000036 ) ) ;
#11605 = ADVANCED_FACE ( 'NONE', ( #10530 ), #7760, .T. ) ;
#11606 = AXIS2_PLACEMENT_3D ( 'NONE', #1566, #5377, #1843 ) ;
#11607 = AXIS2_PLACEMENT_3D ( 'NONE', #2045, #5808, #5742 ) ;
#11608 = AXIS2_PLACEMENT_3D ( 'NONE', #3876, #5585, #5743 ) ;
#11609 = ORIENTED_EDGE ( 'NONE', *, *, #8638, .F. ) ;
#11610 = DIRECTION ( 'NONE',  ( 0.000000000000000000, 0.000000000000000000, -1.000000000000000000 ) ) ;
#11611 = CARTESIAN_POINT ( 'NONE',  ( 16.86483603740616033, -80.41022924428169460, 13.33519049100556586 ) ) ;
#11612 = CARTESIAN_POINT ( 'NONE',  ( 21.38222075041785786, -80.41022924428168039, -2.247361960254651070 ) ) ;
#11613 = VERTEX_POINT ( 'NONE', #5109 ) ;
#11614 = DIRECTION ( 'NONE',  ( 0.000000000000000000, 0.000000000000000000, 1.000000000000000000 ) ) ;
#11615 = AXIS2_PLACEMENT_3D ( 'NONE', #8494, #4070, #10440 ) ;
#11616 = EDGE_CURVE ( 'NONE', #8186, #2756, #2414, .T. ) ;
#11618 = CIRCLE ( 'NONE', #4649, 0.2500000000000002220 ) ;
#11617 = DIRECTION ( 'NONE',  ( 0.000000000000000000, -3.227392513445220839E-16, 1.000000000000000000 ) ) ;
#11619 = ADVANCED_FACE ( 'NONE', ( #1581 ), #8709, .F. ) ;
#11620 = CARTESIAN_POINT ( 'NONE',  ( 0.000000000000000000, 45.20000000000000995, -9.220454712679835547E-15 ) ) ;
#11621 = ORIENTED_EDGE ( 'NONE', *, *, #3985, .F. ) ;
#11622 = AXIS2_PLACEMENT_3D ( 'NONE', #3681, #10374, #1079 ) ;
#11623 = CARTESIAN_POINT ( 'NONE',  ( 0.000000000000000000, 45.20000000000000995, -9.220454712679835547E-15 ) ) ;
#11624 = CIRCLE ( 'NONE', #1832, 21.50000000000001066 ) ;
#11625 = CYLINDRICAL_SURFACE ( 'NONE', #634, 21.50000000000000355 ) ;
#11626 = DIRECTION ( 'NONE',  ( -0.000000000000000000, 1.000000000000000000, 3.061616997868383141E-16 ) ) ;
#11627 = CIRCLE ( 'NONE', #9737, 0.2500000000000002220 ) ;
#11628 = LINE ( 'NONE', #7847, #8990 ) ;
#11629 = AXIS2_PLACEMENT_3D ( 'NONE', #1354, #4996, #7590 ) ;
#11630 = EDGE_CURVE ( 'NONE', #11664, #7506, #11458, .T. ) ;
#11631 = CARTESIAN_POINT ( 'NONE',  ( 0.000000000000000000, 74.75000000000000000, -1.733764839787674301E-16 ) ) ;
#11632 = AXIS2_PLACEMENT_3D ( 'NONE', #4685, #197, #981 ) ;
#11633 = VERTEX_POINT ( 'NONE', #1627 ) ;
#11634 = CARTESIAN_POINT ( 'NONE',  ( 20.16021269457231568, 45.19999999999998863, -7.470998869602766490 ) ) ;
#11635 = CARTESIAN_POINT ( 'NONE',  ( 21.03017341577679389, 51.19999999999999574, -4.470101352581888676 ) ) ;
#11636 = DIRECTION ( 'NONE',  ( -4.930380657631323784E-32, 1.000000000000000000, 3.061616997868382648E-16 ) ) ;
#11637 = VERTEX_POINT ( 'NONE', #5221 ) ;
#11638 = CARTESIAN_POINT ( 'NONE',  ( 0.000000000000000000, 51.20000000000000995, -7.383484513958806747E-15 ) ) ;
#11639 = ORIENTED_EDGE ( 'NONE', *, *, #7795, .T. ) ;
#11640 = DIRECTION ( 'NONE',  ( 0.000000000000000000, 0.000000000000000000, 1.000000000000000000 ) ) ;
#11641 = VECTOR ( 'NONE', #5778, 1000.000000000000000 ) ;
#11642 = CARTESIAN_POINT ( 'NONE',  ( 19.74158195380342917, -80.41022924428168039, -8.515864134734808744 ) ) ;
#11643 = CIRCLE ( 'NONE', #4102, 0.2500000000000002220 ) ;
#11644 = CONICAL_SURFACE ( 'NONE', #1482, 18.49999999999999645, 0.2094395102393203645 ) ;
#11645 = DIRECTION ( 'NONE',  ( -1.232595164407830946E-32, 1.000000000000000000, 3.061616997868383141E-16 ) ) ;
#11646 = EDGE_CURVE ( 'NONE', #1949, #9880, #10697, .T. ) ;
#11647 = ADVANCED_FACE ( 'NONE', ( #6284 ), #2583, .T. ) ;
#11648 = VECTOR ( 'NONE', #8559, 1000.000000000000000 ) ;
#11649 = ORIENTED_EDGE ( 'NONE', *, *, #1888, .T. ) ;
#11650 = DIRECTION ( 'NONE',  ( -9.860761315262647568E-32, 1.000000000000000000, 3.061616997868382648E-16 ) ) ;
#11651 = VERTEX_POINT ( 'NONE', #2709 ) ;
#11652 = CARTESIAN_POINT ( 'NONE',  ( -18.03141721082647919, -80.41022924428169460, 11.70973925282325112 ) ) ;
#11653 = FACE_OUTER_BOUND ( 'NONE', #10462, .T. ) ;
#11654 = ORIENTED_EDGE ( 'NONE', *, *, #228, .T. ) ;
#11655 = EDGE_CURVE ( 'NONE', #5046, #1480, #1644, .T. ) ;
#11656 = DIRECTION ( 'NONE',  ( 0.000000000000000000, -3.227392513445220839E-16, 1.000000000000000000 ) ) ;
#11657 = VERTEX_POINT ( 'NONE', #7232 ) ;
#11658 = DIRECTION ( 'NONE',  ( -6.162975822039154730E-33, 1.000000000000000000, 3.061616997868381662E-16 ) ) ;
#11659 = VERTEX_POINT ( 'NONE', #8070 ) ;
#11660 = CYLINDRICAL_SURFACE ( 'NONE', #397, 21.50000000000000355 ) ;
#11661 = ORIENTED_EDGE ( 'NONE', *, *, #8499, .T. ) ;
#11662 = ADVANCED_FACE ( 'NONE', ( #7010 ), #11603, .F. ) ;
#11663 = EDGE_LOOP ( 'NONE', ( #3518, #8423, #2036, #11251 ) ) ;
#11664 = VERTEX_POINT ( 'NONE', #5302 ) ;
#11665 = DIRECTION ( 'NONE',  ( 0.000000000000000000, 0.000000000000000000, 1.000000000000000000 ) ) ;
#11666 = ORIENTED_EDGE ( 'NONE', *, *, #4980, .T. ) ;
#11667 = UNCERTAINTY_MEASURE_WITH_UNIT (LENGTH_MEASURE( 1.000000000000000082E-05 ), #780, 'distance_accuracy_value', 'NONE');
#11668 = LINE ( 'NONE', #5355, #402 ) ;
#11669 = CIRCLE ( 'NONE', #6958, 0.2500000000000002220 ) ;
#11670 = ORIENTED_EDGE ( 'NONE', *, *, #667, .T. ) ;
#11671 = EDGE_CURVE ( 'NONE', #6838, #6872, #2022, .T. ) ;
#11672 = CARTESIAN_POINT ( 'NONE',  ( -6.405656115871860123, 51.19999999999999574, -20.52358569366458951 ) ) ;
#11673 = DIRECTION ( 'NONE',  ( 0.000000000000000000, 0.000000000000000000, -1.000000000000000000 ) ) ;
#11674 = CARTESIAN_POINT ( 'NONE',  ( -20.44771510034571804, 45.19999999999998863, 6.643865379061594467 ) ) ;
#11675 = VERTEX_POINT ( 'NONE', #2532 ) ;
#11676 = ORIENTED_EDGE ( 'NONE', *, *, #5866, .T. ) ;
#11677 = CIRCLE ( 'NONE', #3000, 0.2500000000000002220 ) ;
#11678 = FACE_OUTER_BOUND ( 'NONE', #2582, .T. ) ;
#11679 = AXIS2_PLACEMENT_3D ( 'NONE', #5834, #8613, #3308 ) ;
#11680 =( NAMED_UNIT ( * ) PLANE_ANGLE_UNIT ( ) SI_UNIT ( $, .RADIAN. ) );
#11681 = EDGE_LOOP ( 'NONE', ( #6955, #1179, #7833, #8828 ) ) ;
#11682 = CYLINDRICAL_SURFACE ( 'NONE', #3799, 21.50000000000000355 ) ;
#11683 = ORIENTED_EDGE ( 'NONE', *, *, #9536, .T. ) ;
#11684 = CARTESIAN_POINT ( 'NONE',  ( -6.643865379061518084, 45.19999999999998863, -20.44771510034572515 ) ) ;
#11685 = CARTESIAN_POINT ( 'NONE',  ( 0.000000000000000000, 87.50000000000001421, 3.730185188303422936E-15 ) ) ;
#11686 = EDGE_CURVE ( 'NONE', #6675, #5330, #10306, .T. ) ;
#11687 = FACE_OUTER_BOUND ( 'NONE', #474, .T. ) ;
#11688 = AXIS2_PLACEMENT_3D ( 'NONE', #3797, #3899, #9145 ) ;
#11689 = AXIS2_PLACEMENT_3D ( 'NONE', #2111, #5703, #6352 ) ;
#11690 = DIRECTION ( 'NONE',  ( 0.000000000000000000, 0.000000000000000000, 1.000000000000000000 ) ) ;
ENDSEC;
END-ISO-10303-21;
