ISO-10303-21;
HEADER;
FILE_DESCRIPTION (( 'STEP AP214' ),
    '1' );
FILE_NAME ('o1_lightsheets.STEP',
    '2026-07-18T20:09:13',
    ( '' ),
    ( '' ),
    'SwSTEP 2.0',
    'SolidWorks 2025',
    '' );
FILE_SCHEMA (( 'AUTOMOTIVE_DESIGN' ));
ENDSEC;

DATA;
#1 = EDGE_CURVE ( 'NONE', #23, #5720, #5679, .T. ) ;
#2 = VERTEX_POINT ( 'NONE', #1680 ) ;
#3 = LINE ( 'NONE', #4788, #7023 ) ;
#4 = DIRECTION ( 'NONE',  ( 0.000000000000000000, 0.000000000000000000, 1.000000000000000000 ) ) ;
#5 = DIRECTION ( 'NONE',  ( -0.000000000000000000, 1.000000000000000000, 3.061616997868383141E-16 ) ) ;
#6 = ORIENTED_EDGE ( 'NONE', *, *, #6085, .T. ) ;
#7 = CARTESIAN_POINT ( 'NONE',  ( 19.64122733931587206, 45.19999999999998863, -8.744837826129771230 ) ) ;
#8 = DIRECTION ( 'NONE',  ( 4.930380657631323784E-32, 1.000000000000000000, 3.061616997868381662E-16 ) ) ;
#9 = DIRECTION ( 'NONE',  ( 4.930380657631323784E-32, 1.000000000000000000, 3.061616997868382155E-16 ) ) ;
#10 = DIRECTION ( 'NONE',  ( 0.000000000000000000, 0.000000000000000000, 1.000000000000000000 ) ) ;
#11 = LINE ( 'NONE', #3957, #1263 ) ;
#12 = ORIENTED_EDGE ( 'NONE', *, *, #2019, .T. ) ;
#13 = CIRCLE ( 'NONE', #5994, 21.50000000000000000 ) ;
#14 = EDGE_LOOP ( 'NONE', ( #630, #8421, #54 ) ) ;
#15 = AXIS2_PLACEMENT_3D ( 'NONE', #10473, #1667, #2577 ) ;
#16 = CIRCLE ( 'NONE', #11704, 0.2500000000000002220 ) ;
#17 = VERTEX_POINT ( 'NONE', #2715 ) ;
#18 = DIRECTION ( 'NONE',  ( 0.000000000000000000, 0.000000000000000000, 1.000000000000000000 ) ) ;
#19 = ADVANCED_FACE ( 'NONE', ( #9271 ), #5621, .T. ) ;
#20 = CARTESIAN_POINT ( 'NONE',  ( 0.000000000000000000, 45.20000000000000995, -9.220454712679835547E-15 ) ) ;
#21 = CARTESIAN_POINT ( 'NONE',  ( 6.405656115871711798, 45.20000000000000284, 20.52358569366463215 ) ) ;
#22 = CARTESIAN_POINT ( 'NONE',  ( 14.38630803671536462, -80.41022924428168039, -15.97761374776406385 ) ) ;
#23 = VERTEX_POINT ( 'NONE', #7346 ) ;
#24 = CARTESIAN_POINT ( 'NONE',  ( 0.000000000000000000, 51.20000000000000995, -7.383484513958806747E-15 ) ) ;
#25 =( GEOMETRIC_REPRESENTATION_CONTEXT ( 3 ) GLOBAL_UNCERTAINTY_ASSIGNED_CONTEXT ( ( #11238 ) ) GLOBAL_UNIT_ASSIGNED_CONTEXT ( ( #944, #9355, #556 ) ) REPRESENTATION_CONTEXT ( 'NONE', 'WORKASPACE' ) );
#26 = DIRECTION ( 'NONE',  ( 0.000000000000000000, 0.000000000000000000, 1.000000000000000000 ) ) ;
#27 = CARTESIAN_POINT ( 'NONE',  ( 0.000000000000000000, 45.20000000000000995, -9.220454712679835547E-15 ) ) ;
#28 = AXIS2_PLACEMENT_3D ( 'NONE', #11454, #2478, #3508 ) ;
#29 = CARTESIAN_POINT ( 'NONE',  ( 4.470101352581692389, 45.19999999999998863, -21.03017341577682231 ) ) ;
#30 = CARTESIAN_POINT ( 'NONE',  ( 18.16635567040244226, 45.19999999999998863, -11.49928352796111142 ) ) ;
#31 = EDGE_LOOP ( 'NONE', ( #10297, #12132, #129, #2781 ) ) ;
#32 = ORIENTED_EDGE ( 'NONE', *, *, #2728, .T. ) ;
#33 = VECTOR ( 'NONE', #11580, 1000.000000000000000 ) ;
#34 = DIRECTION ( 'NONE',  ( -0.000000000000000000, 1.000000000000000000, 3.061616997868383141E-16 ) ) ;
#35 = EDGE_CURVE ( 'NONE', #10194, #10960, #11259, .T. ) ;
#36 = CARTESIAN_POINT ( 'NONE',  ( -7.704910915224106205, 51.19999999999999574, -20.07197916968974738 ) ) ;
#37 = ORIENTED_EDGE ( 'NONE', *, *, #4637, .F. ) ;
#38 = CARTESIAN_POINT ( 'NONE',  ( 0.000000000000000000, 51.20000000000000995, -7.383484513958806747E-15 ) ) ;
#39 = DIRECTION ( 'NONE',  ( -1.232595164407830946E-32, 1.000000000000000000, 3.061616997868383141E-16 ) ) ;
#40 = CARTESIAN_POINT ( 'NONE',  ( 0.000000000000000000, 51.20000000000000995, -7.383484513958806747E-15 ) ) ;
#41 = ORIENTED_EDGE ( 'NONE', *, *, #3819, .F. ) ;
#42 = DIRECTION ( 'NONE',  ( 0.000000000000000000, 0.000000000000000000, -1.000000000000000000 ) ) ;
#43 = CIRCLE ( 'NONE', #3758, 0.2500000000000002220 ) ;
#44 = CYLINDRICAL_SURFACE ( 'NONE', #2437, 20.50000000000000355 ) ;
#45 = CARTESIAN_POINT ( 'NONE',  ( 0.000000000000000000, 87.50000000000001421, 20.50000000000000711 ) ) ;
#46 = CIRCLE ( 'NONE', #6424, 0.2500000000000002220 ) ;
#47 = AXIS2_PLACEMENT_3D ( 'NONE', #8145, #4379, #8276 ) ;
#48 = EDGE_CURVE ( 'NONE', #4480, #5494, #9104, .T. ) ;
#49 = ADVANCED_FACE ( 'NONE', ( #5748 ), #3822, .F. ) ;
#50 = ORIENTED_EDGE ( 'NONE', *, *, #11996, .T. ) ;
#51 = CIRCLE ( 'NONE', #11956, 19.50000000000000355 ) ;
#52 = AXIS2_PLACEMENT_3D ( 'NONE', #12479, #11524, #2739 ) ;
#53 = ORIENTED_EDGE ( 'NONE', *, *, #12106, .T. ) ;
#54 = ORIENTED_EDGE ( 'NONE', *, *, #2419, .T. ) ;
#55 = DIRECTION ( 'NONE',  ( -0.000000000000000000, 1.000000000000000000, 3.061616997868383141E-16 ) ) ;
#56 = CIRCLE ( 'NONE', #3763, 0.2500000000000002220 ) ;
#57 = CARTESIAN_POINT ( 'NONE',  ( 0.000000000000000000, -5.663991446056491727E-16, 3.699999999999989519 ) ) ;
#58 = EDGE_LOOP ( 'NONE', ( #1048, #1376, #5782, #731 ) ) ;
#59 = CARTESIAN_POINT ( 'NONE',  ( -3.610031534565724787, 45.19999999999998863, -21.19475577399843047 ) ) ;
#60 = CYLINDRICAL_SURFACE ( 'NONE', #6718, 21.50000000000000355 ) ;
#61 = VECTOR ( 'NONE', #7208, 1000.000000000000000 ) ;
#62 = DIRECTION ( 'NONE',  ( 0.000000000000000000, 0.000000000000000000, 1.000000000000000000 ) ) ;
#63 = FACE_OUTER_BOUND ( 'NONE', #1967, .T. ) ;
#64 = ORIENTED_EDGE ( 'NONE', *, *, #5365, .F. ) ;
#65 = EDGE_CURVE ( 'NONE', #11727, #10796, #10947, .T. ) ;
#66 = CIRCLE ( 'NONE', #5825, 21.50000000000001066 ) ;
#67 = VECTOR ( 'NONE', #10555, 1000.000000000000000 ) ;
#68 = VERTEX_POINT ( 'NONE', #10666 ) ;
#69 = EDGE_CURVE ( 'NONE', #7220, #1406, #8084, .T. ) ;
#70 = VERTEX_POINT ( 'NONE', #782 ) ;
#71 = EDGE_CURVE ( 'NONE', #6018, #11427, #5570, .T. ) ;
#72 = AXIS2_PLACEMENT_3D ( 'NONE', #10844, #4833, #2049 ) ;
#73 = CARTESIAN_POINT ( 'NONE',  ( 20.16021269457231568, 45.19999999999998863, -7.470998869602766490 ) ) ;
#74 = VERTEX_POINT ( 'NONE', #5870 ) ;
#75 = CARTESIAN_POINT ( 'NONE',  ( -1.000000000000000444, 0.08699999999999999400, -2.799999999999999822 ) ) ;
#76 = CARTESIAN_POINT ( 'NONE',  ( 20.44771510034576067, -80.41022924428168039, -6.393865379061475451 ) ) ;
#77 = DIRECTION ( 'NONE',  ( 0.000000000000000000, 0.000000000000000000, 1.000000000000000000 ) ) ;
#78 = ORIENTED_EDGE ( 'NONE', *, *, #9094, .T. ) ;
#79 = DIRECTION ( 'NONE',  ( 0.000000000000000000, 0.000000000000000000, -1.000000000000000000 ) ) ;
#80 = DIRECTION ( 'NONE',  ( -0.000000000000000000, 1.000000000000000000, 3.061616997868383141E-16 ) ) ;
#81 = CARTESIAN_POINT ( 'NONE',  ( -0.9986307217673185965, -0.07615070674709627230, 2.636849293252903514 ) ) ;
#82 = EDGE_CURVE ( 'NONE', #12331, #859, #10898, .T. ) ;
#83 = CARTESIAN_POINT ( 'NONE',  ( 2.247361960254412150, 51.19999999999999574, -21.38222075041786496 ) ) ;
#84 = CIRCLE ( 'NONE', #12584, 0.2500000000000002220 ) ;
#85 = CARTESIAN_POINT ( 'NONE',  ( 0.000000000000000000, 51.20000000000000995, -7.383484513958806747E-15 ) ) ;
#86 = ORIENTED_EDGE ( 'NONE', *, *, #8797, .F. ) ;
#87 = EDGE_CURVE ( 'NONE', #8161, #12219, #161, .T. ) ;
#88 = VERTEX_POINT ( 'NONE', #1747 ) ;
#89 = ORIENTED_EDGE ( 'NONE', *, *, #6055, .F. ) ;
#90 = DIRECTION ( 'NONE',  ( 0.000000000000000000, -1.000000000000000000, -3.061616997868383141E-16 ) ) ;
#91 = VECTOR ( 'NONE', #11462, 1000.000000000000000 ) ;
#92 = CYLINDRICAL_SURFACE ( 'NONE', #9096, 0.2500000000000002220 ) ;
#93 = LINE ( 'NONE', #10955, #9922 ) ;
#94 = ORIENTED_EDGE ( 'NONE', *, *, #935, .T. ) ;
#95 = CYLINDRICAL_SURFACE ( 'NONE', #5071, 0.2500000000000002220 ) ;
#96 = DIRECTION ( 'NONE',  ( -0.000000000000000000, 1.000000000000000000, 3.061616997868383141E-16 ) ) ;
#97 = CARTESIAN_POINT ( 'NONE',  ( -20.97677464539619407, 45.19999999999998863, 4.714331922580668355 ) ) ;
#98 = ORIENTED_EDGE ( 'NONE', *, *, #4163, .T. ) ;
#99 = CARTESIAN_POINT ( 'NONE',  ( 19.74158195380348602, -80.41022924428168039, 8.515864134734624002 ) ) ;
#100 = DIRECTION ( 'NONE',  ( 0.000000000000000000, 0.000000000000000000, 1.000000000000000000 ) ) ;
#101 = ORIENTED_EDGE ( 'NONE', *, *, #6062, .T. ) ;
#102 = EDGE_CURVE ( 'NONE', #2055, #12350, #4257, .T. ) ;
#103 = EDGE_CURVE ( 'NONE', #8092, #8871, #7025, .T. ) ;
#104 = VERTEX_POINT ( 'NONE', #2003 ) ;
#105 = VECTOR ( 'NONE', #6087, 1000.000000000000000 ) ;
#106 = CARTESIAN_POINT ( 'NONE',  ( -0.9965973376881502865, 0.07740641778703687137, -2.635593582212965913 ) ) ;
#107 = CARTESIAN_POINT ( 'NONE',  ( -17.39386537906147012, -80.41022924428168039, -12.63738292428803511 ) ) ;
#108 = CIRCLE ( 'NONE', #8531, 21.50000000000000000 ) ;
#109 = VERTEX_POINT ( 'NONE', #73 ) ;
#110 = DIRECTION ( 'NONE',  ( -0.000000000000000000, 1.000000000000000000, 3.061616997868383141E-16 ) ) ;
#111 = DIRECTION ( 'NONE',  ( -0.000000000000000000, 1.000000000000000000, 3.061616997868383141E-16 ) ) ;
#112 = DIRECTION ( 'NONE',  ( 0.000000000000000000, -1.000000000000000000, -3.061616997868383141E-16 ) ) ;
#113 = ORIENTED_EDGE ( 'NONE', *, *, #3262, .T. ) ;
#114 = DIRECTION ( 'NONE',  ( -0.000000000000000000, 1.000000000000000000, 3.061616997868383141E-16 ) ) ;
#115 = DIRECTION ( 'NONE',  ( -0.000000000000000000, 1.000000000000000000, 3.061616997868383141E-16 ) ) ;
#116 = DIRECTION ( 'NONE',  ( 0.000000000000000000, 0.000000000000000000, 1.000000000000000000 ) ) ;
#117 = ORIENTED_EDGE ( 'NONE', *, *, #2200, .T. ) ;
#118 = ORIENTED_EDGE ( 'NONE', *, *, #9641, .T. ) ;
#119 = VERTEX_POINT ( 'NONE', #6711 ) ;
#120 = DIRECTION ( 'NONE',  ( 4.930380657631323784E-32, 1.000000000000000000, 3.061616997868381662E-16 ) ) ;
#121 = DIRECTION ( 'NONE',  ( 0.000000000000000000, 0.000000000000000000, 1.000000000000000000 ) ) ;
#122 = VECTOR ( 'NONE', #7322, 1000.000000000000000 ) ;
#123 = EDGE_LOOP ( 'NONE', ( #9151, #6623, #10432, #7361 ) ) ;
#124 = VECTOR ( 'NONE', #11959, 1000.000000000000000 ) ;
#125 = ADVANCED_FACE ( 'NONE', ( #7914 ), #11822, .T. ) ;
#126 = CARTESIAN_POINT ( 'NONE',  ( 0.000000000000000000, 24.19999999999999929, -1.564985040820344345E-14 ) ) ;
#127 = DIRECTION ( 'NONE',  ( 0.000000000000000000, 0.000000000000000000, 1.000000000000000000 ) ) ;
#128 = DIRECTION ( 'NONE',  ( 2.465190328815661892E-32, 1.000000000000000000, 3.061616997868380676E-16 ) ) ;
#129 = ORIENTED_EDGE ( 'NONE', *, *, #9962, .T. ) ;
#130 = CIRCLE ( 'NONE', #6313, 21.50000000000000000 ) ;
#131 = ORIENTED_EDGE ( 'NONE', *, *, #6382, .T. ) ;
#132 = VECTOR ( 'NONE', #2968, 1000.000000000000000 ) ;
#133 = VECTOR ( 'NONE', #9635, 1000.000000000000000 ) ;
#134 = CARTESIAN_POINT ( 'NONE',  ( -20.76740526521501096, -80.41022924428168039, -5.314609469704011602 ) ) ;
#135 = DIRECTION ( 'NONE',  ( 0.000000000000000000, 0.000000000000000000, 1.000000000000000000 ) ) ;
#136 = ORIENTED_EDGE ( 'NONE', *, *, #5740, .T. ) ;
#137 = DIRECTION ( 'NONE',  ( 0.000000000000000000, 0.000000000000000000, 1.000000000000000000 ) ) ;
#138 = EDGE_CURVE ( 'NONE', #2069, #537, #16, .T. ) ;
#139 = CARTESIAN_POINT ( 'NONE',  ( 21.35464355025361982, 51.19999999999999574, 2.495836301044480621 ) ) ;
#140 = EDGE_LOOP ( 'NONE', ( #7138, #3080, #11884, #11367 ) ) ;
#141 = FACE_OUTER_BOUND ( 'NONE', #8600, .T. ) ;
#142 = AXIS2_PLACEMENT_3D ( 'NONE', #10347, #1534, #5987 ) ;
#143 = DIRECTION ( 'NONE',  ( 0.000000000000000000, 0.000000000000000000, 1.000000000000000000 ) ) ;
#144 = DIRECTION ( 'NONE',  ( 0.000000000000000000, 0.000000000000000000, 1.000000000000000000 ) ) ;
#145 = AXIS2_PLACEMENT_3D ( 'NONE', #5863, #5110, #3098 ) ;
#146 = LINE ( 'NONE', #4099, #10699 ) ;
#147 = EDGE_CURVE ( 'NONE', #7723, #12693, #10991, .T. ) ;
#148 = DIRECTION ( 'NONE',  ( 0.000000000000000000, -3.227392513445220839E-16, 1.000000000000000000 ) ) ;
#149 = EDGE_CURVE ( 'NONE', #7123, #6629, #9672, .T. ) ;
#150 = EDGE_LOOP ( 'NONE', ( #11478, #9063, #4646, #1099 ) ) ;
#151 = EDGE_LOOP ( 'NONE', ( #8575, #9455, #10281, #9911 ) ) ;
#152 = AXIS2_PLACEMENT_3D ( 'NONE', #4447, #10525, #9365 ) ;
#153 = ORIENTED_EDGE ( 'NONE', *, *, #2017, .F. ) ;
#154 = CIRCLE ( 'NONE', #6536, 0.2500000000000002220 ) ;
#155 = DIRECTION ( 'NONE',  ( 0.000000000000000000, 0.000000000000000000, 1.000000000000000000 ) ) ;
#156 = DIRECTION ( 'NONE',  ( -0.000000000000000000, 1.000000000000000000, 3.061616997868383141E-16 ) ) ;
#157 = ADVANCED_FACE ( 'NONE', ( #3358 ), #10996, .F. ) ;
#158 = DIRECTION ( 'NONE',  ( 0.000000000000000000, -3.227392513445222318E-16, 1.000000000000000000 ) ) ;
#159 = VERTEX_POINT ( 'NONE', #5115 ) ;
#160 = CARTESIAN_POINT ( 'NONE',  ( -15.20279579551089455, 51.19999999999999574, -15.20279579551061389 ) ) ;
#161 = CIRCLE ( 'NONE', #5508, 21.50000000000001066 ) ;
#162 = FACE_OUTER_BOUND ( 'NONE', #3983, .T. ) ;
#163 = FACE_BOUND ( 'NONE', #508, .T. ) ;
#164 = EDGE_LOOP ( 'NONE', ( #10850, #11155, #10334, #5620 ) ) ;
#165 = DIRECTION ( 'NONE',  ( 0.000000000000000000, 0.000000000000000000, 1.000000000000000000 ) ) ;
#166 = ADVANCED_FACE ( 'NONE', ( #5245 ), #2201, .F. ) ;
#167 = DIRECTION ( 'NONE',  ( -2.465190328815661892E-32, 1.000000000000000000, 3.061616997868381662E-16 ) ) ;
#168 = VERTEX_POINT ( 'NONE', #9913 ) ;
#169 = AXIS2_PLACEMENT_3D ( 'NONE', #7142, #6258, #2322 ) ;
#170 = ORIENTED_EDGE ( 'NONE', *, *, #10434, .T. ) ;
#171 = AXIS2_PLACEMENT_3D ( 'NONE', #7944, #4880, #5968 ) ;
#172 = CARTESIAN_POINT ( 'NONE',  ( 0.000000000000000000, 51.20000000000000995, -7.383484513958806747E-15 ) ) ;
#173 = EDGE_CURVE ( 'NONE', #8910, #857, #1101, .T. ) ;
#174 = DIRECTION ( 'NONE',  ( -0.000000000000000000, 1.000000000000000000, 3.061616997868383141E-16 ) ) ;
#175 = ORIENTED_EDGE ( 'NONE', *, *, #12409, .F. ) ;
#176 = CARTESIAN_POINT ( 'NONE',  ( -4.470101352581976606, 45.19999999999998863, -21.03017341577676191 ) ) ;
#177 = EDGE_CURVE ( 'NONE', #5554, #9810, #2291, .T. ) ;
#178 = DIRECTION ( 'NONE',  ( 0.000000000000000000, 0.000000000000000000, 1.000000000000000000 ) ) ;
#179 = CARTESIAN_POINT ( 'NONE',  ( -11.49928352796065312, -80.41022924428169460, 18.16635567040266963 ) ) ;
#180 = EDGE_LOOP ( 'NONE', ( #4900, #12500, #1563, #6036 ) ) ;
#181 = DIRECTION ( 'NONE',  ( 0.000000000000000000, 0.000000000000000000, 1.000000000000000000 ) ) ;
#182 = LINE ( 'NONE', #10146, #1817 ) ;
#183 = AXIS2_PLACEMENT_3D ( 'NONE', #3214, #10205, #8022 ) ;
#184 = AXIS2_PLACEMENT_3D ( 'NONE', #5340, #7186, #7255 ) ;
#185 = AXIS2_PLACEMENT_3D ( 'NONE', #5081, #6155, #8970 ) ;
#186 = ORIENTED_EDGE ( 'NONE', *, *, #4197, .T. ) ;
#187 = CARTESIAN_POINT ( 'NONE',  ( 0.9953221424704311593, 0.08700000000039785630, 2.800000000000397726 ) ) ;
#188 = ADVANCED_FACE ( 'NONE', ( #2328 ), #2260, .T. ) ;
#189 = CARTESIAN_POINT ( 'NONE',  ( 21.27297168455579879, -80.41022924428168039, -3.116195710812588171 ) ) ;
#190 = VERTEX_POINT ( 'NONE', #8940 ) ;
#191 = VECTOR ( 'NONE', #11203, 1000.000000000000000 ) ;
#192 = DIRECTION ( 'NONE',  ( -0.000000000000000000, 1.000000000000000000, 3.061616997868383141E-16 ) ) ;
#193 = UNCERTAINTY_MEASURE_WITH_UNIT (LENGTH_MEASURE( 1.000000000000000082E-05 ), #1118, 'distance_accuracy_value', 'NONE');
#194 = DIRECTION ( 'NONE',  ( 0.000000000000000000, 0.000000000000000000, 1.000000000000000000 ) ) ;
#195 = DIRECTION ( 'NONE',  ( -9.244463733058733463E-33, 1.000000000000000000, 3.061616997868380676E-16 ) ) ;
#196 = ORIENTED_EDGE ( 'NONE', *, *, #1591, .F. ) ;
#197 = ORIENTED_EDGE ( 'NONE', *, *, #6827, .F. ) ;
#198 = CARTESIAN_POINT ( 'NONE',  ( -7.470998869602268222, -80.41022924428169460, 20.16021269457245069 ) ) ;
#199 = EDGE_LOOP ( 'NONE', ( #4269, #8925, #10196, #9166 ) ) ;
#200 = EDGE_CURVE ( 'NONE', #11022, #3498, #6191, .T. ) ;
#201 = CARTESIAN_POINT ( 'NONE',  ( 20.52358569366464280, -80.41022924428168039, -6.405656115871646072 ) ) ;
#202 = LINE ( 'NONE', #76, #2540 ) ;
#203 = CARTESIAN_POINT ( 'NONE',  ( 0.9999999999999995559, 47.85087804878074280, 0.000000000000000000 ) ) ;
#204 = VERTEX_POINT ( 'NONE', #11886 ) ;
#205 = DIRECTION ( 'NONE',  ( 0.000000000000000000, -3.227392513445222318E-16, 1.000000000000000000 ) ) ;
#206 = CARTESIAN_POINT ( 'NONE',  ( 19.53821706942824576, -80.41022924428168039, 8.972629143562198095 ) ) ;
#207 = DIRECTION ( 'NONE',  ( 0.000000000000000000, -3.227392513445222318E-16, 1.000000000000000000 ) ) ;
#208 = DIRECTION ( 'NONE',  ( -1.972152263052529514E-31, 1.000000000000000000, 3.061616997868382155E-16 ) ) ;
#209 = CYLINDRICAL_SURFACE ( 'NONE', #1495, 21.50000000000000355 ) ;
#210 = VERTEX_POINT ( 'NONE', #2138 ) ;
#211 = ORIENTED_EDGE ( 'NONE', *, *, #379, .T. ) ;
#212 = EDGE_CURVE ( 'NONE', #3218, #8099, #6070, .T. ) ;
#213 = ORIENTED_EDGE ( 'NONE', *, *, #10979, .T. ) ;
#214 = EDGE_CURVE ( 'NONE', #12526, #9943, #3118, .T. ) ;
#215 = DIRECTION ( 'NONE',  ( -0.000000000000000000, 1.000000000000000000, 3.061616997868383141E-16 ) ) ;
#216 = CYLINDRICAL_SURFACE ( 'NONE', #1492, 21.50000000000000355 ) ;
#217 = CARTESIAN_POINT ( 'NONE',  ( 17.39386537906129604, -80.41022924428168039, -12.38738292428827314 ) ) ;
#218 = CARTESIAN_POINT ( 'NONE',  ( -21.47053499722334280, -80.41022924428168039, -1.125223059223098065 ) ) ;
#219 = ORIENTED_EDGE ( 'NONE', *, *, #3152, .F. ) ;
#220 = CARTESIAN_POINT ( 'NONE',  ( -10.75000000000014744, 51.19999999999999574, -18.36954618136531892 ) ) ;
#221 = DIRECTION ( 'NONE',  ( 0.000000000000000000, 0.000000000000000000, 1.000000000000000000 ) ) ;
#222 = DIRECTION ( 'NONE',  ( 0.000000000000000000, -1.000000000000000000, -3.061616997868383141E-16 ) ) ;
#223 = ORIENTED_EDGE ( 'NONE', *, *, #684, .F. ) ;
#224 = DIRECTION ( 'NONE',  ( 0.000000000000000000, 1.000000000000000000, 3.061616997868381169E-16 ) ) ;
#225 = FACE_OUTER_BOUND ( 'NONE', #7692, .T. ) ;
#226 = ORIENTED_EDGE ( 'NONE', *, *, #2728, .F. ) ;
#227 = ADVANCED_FACE ( 'NONE', ( #8135 ), #7819, .T. ) ;
#228 = CIRCLE ( 'NONE', #3735, 15.40000000000000036 ) ;
#229 = ORIENTED_EDGE ( 'NONE', *, *, #7265, .T. ) ;
#230 = ADVANCED_FACE ( 'NONE', ( #225 ), #1320, .T. ) ;
#231 = CARTESIAN_POINT ( 'NONE',  ( -9.537388008204171541, -80.41022924428168039, -19.26884090911966751 ) ) ;
#232 = EDGE_CURVE ( 'NONE', #6091, #6615, #8850, .T. ) ;
#233 = CIRCLE ( 'NONE', #2695, 21.50000000000000000 ) ;
#234 = DIRECTION ( 'NONE',  ( 0.000000000000000000, 0.000000000000000000, 1.000000000000000000 ) ) ;
#235 = ORIENTED_EDGE ( 'NONE', *, *, #684, .T. ) ;
#236 = DIRECTION ( 'NONE',  ( 0.000000000000000000, -1.000000000000000000, -3.061616997868383141E-16 ) ) ;
#237 = AXIS2_PLACEMENT_3D ( 'NONE', #11261, #2468, #9992 ) ;
#238 = DIRECTION ( 'NONE',  ( 0.000000000000000000, 0.000000000000000000, -1.000000000000000000 ) ) ;
#239 = FACE_OUTER_BOUND ( 'NONE', #7845, .T. ) ;
#240 = VERTEX_POINT ( 'NONE', #2357 ) ;
#241 = FACE_OUTER_BOUND ( 'NONE', #8518, .T. ) ;
#242 = AXIS2_PLACEMENT_3D ( 'NONE', #4863, #855, #11835 ) ;
#243 = DIRECTION ( 'NONE',  ( 0.000000000000000000, 0.000000000000000000, 1.000000000000000000 ) ) ;
#244 = DIRECTION ( 'NONE',  ( 1.479114197289397354E-31, 1.000000000000000000, 3.061616997868381662E-16 ) ) ;
#245 = CIRCLE ( 'NONE', #1882, 0.2500000000000002220 ) ;
#246 = AXIS2_PLACEMENT_3D ( 'NONE', #12202, #6505, #5483 ) ;
#247 = EDGE_CURVE ( 'NONE', #7975, #7731, #2229, .T. ) ;
#248 = EDGE_LOOP ( 'NONE', ( #7239, #547, #6540, #12228, #8873, #2109, #11874, #7234 ) ) ;
#249 = CARTESIAN_POINT ( 'NONE',  ( 0.9963675561695463090, 0.08681650027686234339, 2.799816500276862019 ) ) ;
#250 = VECTOR ( 'NONE', #10197, 1000.000000000000000 ) ;
#251 = LINE ( 'NONE', #189, #3545 ) ;
#252 = EDGE_LOOP ( 'NONE', ( #5348, #8570, #9671, #10360 ) ) ;
#253 = CIRCLE ( 'NONE', #4583, 0.2500000000000002220 ) ;
#254 = FACE_OUTER_BOUND ( 'NONE', #11388, .T. ) ;
#255 = CARTESIAN_POINT ( 'NONE',  ( 21.23529932279545918, 51.19999999999999574, 3.363340998364912071 ) ) ;
#256 = CARTESIAN_POINT ( 'NONE',  ( 0.000000000000000000, 3.750000000000003553, -2.191085716884428736E-14 ) ) ;
#257 = CARTESIAN_POINT ( 'NONE',  ( -10.75000000000014744, 45.19999999999998863, -18.36954618136532247 ) ) ;
#258 = AXIS2_PLACEMENT_3D ( 'NONE', #3515, #4437, #6357 ) ;
#259 = VERTEX_POINT ( 'NONE', #358 ) ;
#260 = EDGE_CURVE ( 'NONE', #2907, #2251, #11083, .T. ) ;
#261 = ADVANCED_FACE ( 'NONE', ( #4302 ), #11911, .F. ) ;
#262 = VERTEX_POINT ( 'NONE', #7300 ) ;
#263 = AXIS2_PLACEMENT_3D ( 'NONE', #5518, #9415, #618 ) ;
#264 = CARTESIAN_POINT ( 'NONE',  ( 0.9995419935583873539, 0.07495876827540126630, -2.638041231724600699 ) ) ;
#265 = CARTESIAN_POINT ( 'NONE',  ( 17.53963331177552121, 45.19999999999998863, -12.43427775499868382 ) ) ;
#266 = ORIENTED_EDGE ( 'NONE', *, *, #10467, .T. ) ;
#267 = DIRECTION ( 'NONE',  ( 0.000000000000000000, 0.000000000000000000, -1.000000000000000000 ) ) ;
#268 = CARTESIAN_POINT ( 'NONE',  ( -21.49854651162791086, 51.19999999999999574, -0.2499957747069895542 ) ) ;
#269 = AXIS2_PLACEMENT_3D ( 'NONE', #12661, #3779, #2741 ) ;
#270 = DIRECTION ( 'NONE',  ( -0.000000000000000000, 1.000000000000000000, 3.061616997868383141E-16 ) ) ;
#271 = CARTESIAN_POINT ( 'NONE',  ( -11.70973925282321915, -80.41022924428168039, -17.78141721082653604 ) ) ;
#272 = CIRCLE ( 'NONE', #8680, 0.2500000000000002220 ) ;
#273 = CARTESIAN_POINT ( 'NONE',  ( -21.03017341577685784, 45.19999999999998863, -4.470101352581595577 ) ) ;
#274 = CARTESIAN_POINT ( 'NONE',  ( -0.9957767842720384177, 0.07758966997139726818, -2.635410330028604697 ) ) ;
#275 = CARTESIAN_POINT ( 'NONE',  ( 6.643865379061379528, 45.20000000000000284, 20.44771510034579975 ) ) ;
#276 = VERTEX_POINT ( 'NONE', #2288 ) ;
#277 = ADVANCED_FACE ( 'NONE', ( #11982 ), #6160, .F. ) ;
#278 = ORIENTED_EDGE ( 'NONE', *, *, #2183, .T. ) ;
#279 = AXIS2_PLACEMENT_3D ( 'NONE', #6713, #10614, #11692 ) ;
#280 = AXIS2_PLACEMENT_3D ( 'NONE', #5865, #6644, #2904 ) ;
#281 = AXIS2_PLACEMENT_3D ( 'NONE', #9009, #3296, #2268 ) ;
#282 = VERTEX_POINT ( 'NONE', #10064 ) ;
#283 = DIRECTION ( 'NONE',  ( 3.081487911019577365E-33, 1.000000000000000000, 3.061616997868381662E-16 ) ) ;
#284 = DIRECTION ( 'NONE',  ( 0.000000000000000000, 0.000000000000000000, 1.000000000000000000 ) ) ;
#285 = CARTESIAN_POINT ( 'NONE',  ( 0.000000000000000000, 51.20000000000000995, -7.383484513958806747E-15 ) ) ;
#286 = VERTEX_POINT ( 'NONE', #5268 ) ;
#287 = DIRECTION ( 'NONE',  ( -0.000000000000000000, 1.000000000000000000, 3.061616997868383141E-16 ) ) ;
#288 = VECTOR ( 'NONE', #8236, 1000.000000000000000 ) ;
#289 = DIRECTION ( 'NONE',  ( -0.000000000000000000, 1.000000000000000000, 3.061616997868383141E-16 ) ) ;
#290 = DIRECTION ( 'NONE',  ( -0.000000000000000000, 1.000000000000000000, 3.061616997868383141E-16 ) ) ;
#291 = EDGE_CURVE ( 'NONE', #4567, #7546, #12122, .T. ) ;
#292 = VERTEX_POINT ( 'NONE', #8201 ) ;
#293 = CARTESIAN_POINT ( 'NONE',  ( 0.000000000000000000, 87.50000000000001421, 3.730185188303422936E-15 ) ) ;
#294 = DIRECTION ( 'NONE',  ( -7.395570986446986770E-32, 1.000000000000000000, 3.061616997868382648E-16 ) ) ;
#295 = VERTEX_POINT ( 'NONE', #3320 ) ;
#296 = ADVANCED_FACE ( 'NONE', ( #10003 ), #8077, .F. ) ;
#297 = ORIENTED_EDGE ( 'NONE', *, *, #935, .F. ) ;
#298 = AXIS2_PLACEMENT_3D ( 'NONE', #6483, #2613, #4441 ) ;
#299 = DIRECTION ( 'NONE',  ( -0.000000000000000000, 1.000000000000000000, 3.061616997868383141E-16 ) ) ;
#300 = CARTESIAN_POINT ( 'NONE',  ( 16.55018116000682937, -80.41022924428169460, 13.72375690439588780 ) ) ;
#301 = ORIENTED_EDGE ( 'NONE', *, *, #439, .T. ) ;
#302 = CARTESIAN_POINT ( 'NONE',  ( 0.000000000000000000, 77.00000000000000000, 2.357445088358655073E-14 ) ) ;
#303 = LINE ( 'NONE', #11162, #2318 ) ;
#304 = EDGE_CURVE ( 'NONE', #1102, #10803, #11505, .T. ) ;
#305 = EDGE_LOOP ( 'NONE', ( #1175, #11686, #363, #8509 ) ) ;
#306 = DIRECTION ( 'NONE',  ( 0.000000000000000000, 0.000000000000000000, 1.000000000000000000 ) ) ;
#307 = DIRECTION ( 'NONE',  ( 4.930380657631323784E-32, 1.000000000000000000, 3.061616997868383141E-16 ) ) ;
#308 = CARTESIAN_POINT ( 'NONE',  ( 0.9999999999999995559, -47.85087804878074280, 0.000000000000000000 ) ) ;
#309 = ADVANCED_FACE ( 'NONE', ( #423 ), #4365, .T. ) ;
#310 = CIRCLE ( 'NONE', #7282, 0.2500000000000002220 ) ;
#311 = CARTESIAN_POINT ( 'NONE',  ( 6.643865379061240972, 45.19999999999998863, -20.44771510034581752 ) ) ;
#312 = EDGE_CURVE ( 'NONE', #11336, #3025, #5084, .T. ) ;
#313 = ORIENTED_EDGE ( 'NONE', *, *, #2102, .T. ) ;
#314 = CARTESIAN_POINT ( 'NONE',  ( 0.9987639536898970105, 0.08524160148855101926, 2.798241601488550945 ) ) ;
#315 = DIRECTION ( 'NONE',  ( -9.860761315262647568E-32, 1.000000000000000000, 3.061616997868381662E-16 ) ) ;
#316 = EDGE_CURVE ( 'NONE', #7272, #8438, #6348, .T. ) ;
#317 = VERTEX_POINT ( 'NONE', #3134 ) ;
#318 = CARTESIAN_POINT ( 'NONE',  ( -0.9950000000000006617, -0.07763355007212383030, 2.635366449927876165 ) ) ;
#319 = EDGE_CURVE ( 'NONE', #10509, #3993, #2084, .T. ) ;
#320 = CARTESIAN_POINT ( 'NONE',  ( 0.000000000000000000, 51.20000000000000995, -7.383484513958806747E-15 ) ) ;
#321 = UNCERTAINTY_MEASURE_WITH_UNIT (LENGTH_MEASURE( 1.000000000000000082E-05 ), #9316, 'distance_accuracy_value', 'NONE');
#322 = CARTESIAN_POINT ( 'NONE',  ( -11.70973925282321915, 51.19999999999999574, -17.78141721082649696 ) ) ;
#323 = CIRCLE ( 'NONE', #11796, 21.50000000000001066 ) ;
#324 = CARTESIAN_POINT ( 'NONE',  ( 15.97761374776389331, 51.19999999999999574, -14.38630803671550851 ) ) ;
#325 = ORIENTED_EDGE ( 'NONE', *, *, #2979, .T. ) ;
#326 = VERTEX_POINT ( 'NONE', #11391 ) ;
#327 = CARTESIAN_POINT ( 'NONE',  ( 0.000000000000000000, -1.918380697359120868, 1.127570259384926189E-14 ) ) ;
#328 = VECTOR ( 'NONE', #2161, 1000.000000000000000 ) ;
#329 = CARTESIAN_POINT ( 'NONE',  ( 0.9963509092825143520, 0.07745705061272999126, -2.635542949387271960 ) ) ;
#330 = CARTESIAN_POINT ( 'NONE',  ( 18.49328953615749427, 51.20000000000000995, 10.96577594754915452 ) ) ;
#331 = ORIENTED_EDGE ( 'NONE', *, *, #9580, .T. ) ;
#332 = DIRECTION ( 'NONE',  ( -9.860761315262647568E-32, 1.000000000000000000, 3.061616997868382155E-16 ) ) ;
#333 = DIRECTION ( 'NONE',  ( -0.000000000000000000, 1.000000000000000000, 3.061616997868383141E-16 ) ) ;
#334 = EDGE_CURVE ( 'NONE', #12350, #2055, #228, .T. ) ;
#335 = LINE ( 'NONE', #3364, #6805 ) ;
#336 = CARTESIAN_POINT ( 'NONE',  ( -2.247361960254701252, 51.19999999999999574, -21.38222075041783299 ) ) ;
#337 = EDGE_CURVE ( 'NONE', #6629, #1993, #2903, .T. ) ;
#338 = LINE ( 'NONE', #11062, #5905 ) ;
#339 = DIRECTION ( 'NONE',  ( 0.000000000000000000, 0.000000000000000000, 1.000000000000000000 ) ) ;
#340 = CIRCLE ( 'NONE', #9563, 21.50000000000000000 ) ;
#341 = VECTOR ( 'NONE', #461, 1000.000000000000000 ) ;
#342 = CARTESIAN_POINT ( 'NONE',  ( 14.38630803671546765, -80.41022924428169460, 15.97761374776392174 ) ) ;
#343 = ORIENTED_EDGE ( 'NONE', *, *, #9050, .T. ) ;
#344 = VERTEX_POINT ( 'NONE', #1694 ) ;
#345 = ORIENTED_EDGE ( 'NONE', *, *, #82, .F. ) ;
#346 = CARTESIAN_POINT ( 'NONE',  ( -19.15664027004999070, -80.41022924428168039, -9.760795744400091678 ) ) ;
#347 = CIRCLE ( 'NONE', #12043, 0.2500000000000002220 ) ;
#348 = CARTESIAN_POINT ( 'NONE',  ( 0.000000000000000000, 87.50000000000001421, 3.730185188303422936E-15 ) ) ;
#349 = EDGE_CURVE ( 'NONE', #12570, #7200, #3450, .T. ) ;
#350 = CARTESIAN_POINT ( 'NONE',  ( 0.000000000000000000, 51.20000000000000995, -7.383484513958806747E-15 ) ) ;
#351 = ORIENTED_EDGE ( 'NONE', *, *, #5685, .T. ) ;
#352 = CARTESIAN_POINT ( 'NONE',  ( 18.16635567040249910, -80.41022924428168039, -11.49928352796098885 ) ) ;
#353 = AXIS2_PLACEMENT_3D ( 'NONE', #4345, #11251, #9074 ) ;
#354 = FACE_OUTER_BOUND ( 'NONE', #11025, .T. ) ;
#355 = FACE_OUTER_BOUND ( 'NONE', #840, .T. ) ;
#356 = ORIENTED_EDGE ( 'NONE', *, *, #1772, .T. ) ;
#357 = FACE_OUTER_BOUND ( 'NONE', #6535, .T. ) ;
#358 = CARTESIAN_POINT ( 'NONE',  ( 0.9999999999999995559, 0.08167987200253372382, 2.794679872002534093 ) ) ;
#359 = ORIENTED_EDGE ( 'NONE', *, *, #9686, .T. ) ;
#360 = VECTOR ( 'NONE', #6132, 1000.000000000000227 ) ;
#361 = VERTEX_POINT ( 'NONE', #9531 ) ;
#362 = AXIS2_PLACEMENT_3D ( 'NONE', #6764, #10658, #1859 ) ;
#363 = ORIENTED_EDGE ( 'NONE', *, *, #11823, .F. ) ;
#364 = DIRECTION ( 'NONE',  ( 4.930380657631323784E-32, 1.000000000000000000, 3.061616997868382155E-16 ) ) ;
#365 = EDGE_CURVE ( 'NONE', #4484, #4075, #11927, .T. ) ;
#366 = DIRECTION ( 'NONE',  ( 0.000000000000000000, 0.000000000000000000, -1.000000000000000000 ) ) ;
#367 = ORIENTED_EDGE ( 'NONE', *, *, #1729, .T. ) ;
#368 = FACE_OUTER_BOUND ( 'NONE', #8746, .T. ) ;
#369 = CARTESIAN_POINT ( 'NONE',  ( 0.000000000000000000, 51.20000000000000995, -7.383484513958806747E-15 ) ) ;
#370 = ORIENTED_EDGE ( 'NONE', *, *, #3470, .T. ) ;
#371 = CARTESIAN_POINT ( 'NONE',  ( 0.000000000000000000, 10.27282251965208637, -1.991381873881973871E-14 ) ) ;
#372 = ADVANCED_FACE ( 'NONE', ( #3639 ), #2541, .F. ) ;
#373 = DIRECTION ( 'NONE',  ( 0.000000000000000000, -3.227392513445222318E-16, 1.000000000000000000 ) ) ;
#374 = FACE_OUTER_BOUND ( 'NONE', #2484, .T. ) ;
#375 = AXIS2_PLACEMENT_3D ( 'NONE', #5083, #7114, #9095 ) ;
#376 = CARTESIAN_POINT ( 'NONE',  ( -9.760795744400400764, 51.19999999999999574, -18.90664027004980596 ) ) ;
#377 = AXIS2_PLACEMENT_3D ( 'NONE', #11408, #7437, #7377 ) ;
#378 = EDGE_CURVE ( 'NONE', #9646, #7356, #11299, .T. ) ;
#379 = EDGE_CURVE ( 'NONE', #2251, #6188, #10682, .T. ) ;
#380 = EDGE_CURVE ( 'NONE', #159, #6897, #12285, .T. ) ;
#381 = ORIENTED_EDGE ( 'NONE', *, *, #12210, .T. ) ;
#382 = DIRECTION ( 'NONE',  ( 0.000000000000000000, 9.716738630813600023E-15, -1.000000000000000000 ) ) ;
#383 = DIRECTION ( 'NONE',  ( -0.000000000000000000, 1.000000000000000000, 3.061616997868383141E-16 ) ) ;
#385 = ORIENTED_EDGE ( 'NONE', *, *, #9116, .F. ) ;
#384 = AXIS2_PLACEMENT_3D ( 'NONE', #1265, #5223, #9115 ) ;
#386 = DIRECTION ( 'NONE',  ( 0.000000000000000000, -3.227392513445222318E-16, 1.000000000000000000 ) ) ;
#387 = LINE ( 'NONE', #6255, #11730 ) ;
#388 = CARTESIAN_POINT ( 'NONE',  ( 0.9949999999999995515, -47.85087804878048701, 0.000000000000000000 ) ) ;
#389 = DIRECTION ( 'NONE',  ( -0.000000000000000000, 1.000000000000000000, 3.061616997868383141E-16 ) ) ;
#390 = ORIENTED_EDGE ( 'NONE', *, *, #1410, .F. ) ;
#391 = CIRCLE ( 'NONE', #2037, 21.50000000000000000 ) ;
#392 = ORIENTED_EDGE ( 'NONE', *, *, #9960, .F. ) ;
#393 = VECTOR ( 'NONE', #7667, 1000.000000000000000 ) ;
#394 = ADVANCED_FACE ( 'NONE', ( #9402 ), #4674, .F. ) ;
#395 = APPLICATION_PROTOCOL_DEFINITION ( 'draft international standard', 'automotive_design', 1998, #7217 ) ;
#396 = CARTESIAN_POINT ( 'NONE',  ( 0.9967777323287364544, 0.07734336586366453992, -2.635656634136337217 ) ) ;
#397 = DIRECTION ( 'NONE',  ( -0.000000000000000000, 1.000000000000000000, 3.061616997868383141E-16 ) ) ;
#398 = CIRCLE ( 'NONE', #6368, 0.2500000000000002220 ) ;
#399 = ORIENTED_EDGE ( 'NONE', *, *, #5887, .T. ) ;
#400 = CARTESIAN_POINT ( 'NONE',  ( 18.03141721082663196, -80.41022924428169460, 11.70973925282301487 ) ) ;
#401 = ADVANCED_FACE ( 'NONE', ( #11271 ), #4542, .F. ) ;
#402 = CARTESIAN_POINT ( 'NONE',  ( -0.9973623449334881874, -0.08636871567441131714, -2.799368715674411590 ) ) ;
#403 = DIRECTION ( 'NONE',  ( 0.000000000000000000, -3.227392513445222318E-16, 1.000000000000000000 ) ) ;
#404 = LINE ( 'NONE', #1541, #5478 ) ;
#405 = DIRECTION ( 'NONE',  ( 0.000000000000000000, 0.000000000000000000, -1.000000000000000000 ) ) ;
#406 = AXIS2_PLACEMENT_3D ( 'NONE', #7484, #5560, #8507 ) ;
#407 = DIRECTION ( 'NONE',  ( -0.000000000000000000, 1.000000000000000000, 3.061616997868383141E-16 ) ) ;
#408 = CARTESIAN_POINT ( 'NONE',  ( 0.000000000000000000, 45.20000000000000995, -9.220454712679835547E-15 ) ) ;
#409 = ORIENTED_EDGE ( 'NONE', *, *, #1350, .F. ) ;
#410 = EDGE_CURVE ( 'NONE', #2248, #10153, #8434, .T. ) ;
#411 = ORIENTED_EDGE ( 'NONE', *, *, #10112, .T. ) ;
#412 = EDGE_CURVE ( 'NONE', #4089, #8461, #2912, .T. ) ;
#413 = VERTEX_POINT ( 'NONE', #10431 ) ;
#414 = DIRECTION ( 'NONE',  ( -0.000000000000000000, 1.000000000000000000, 3.061616997868383141E-16 ) ) ;
#415 = CIRCLE ( 'NONE', #11486, 0.2500000000000002220 ) ;
#416 = DIRECTION ( 'NONE',  ( -9.860761315262647568E-32, 1.000000000000000000, 3.061616997868382155E-16 ) ) ;
#417 = ORIENTED_EDGE ( 'NONE', *, *, #2582, .F. ) ;
#418 = CARTESIAN_POINT ( 'NONE',  ( -15.97761374776379739, -80.41022924428169460, 14.38630803671561154 ) ) ;
#419 = DIRECTION ( 'NONE',  ( -9.244463733058733463E-33, 1.000000000000000000, 3.061616997868380676E-16 ) ) ;
#420 = LINE ( 'NONE', #4172, #10239 ) ;
#421 = ORIENTED_EDGE ( 'NONE', *, *, #6664, .F. ) ;
#422 = DIRECTION ( 'NONE',  ( 0.000000000000000000, 0.000000000000000000, -1.000000000000000000 ) ) ;
#423 = FACE_OUTER_BOUND ( 'NONE', #824, .T. ) ;
#424 = ORIENTED_EDGE ( 'NONE', *, *, #1535, .F. ) ;
#425 = EDGE_LOOP ( 'NONE', ( #3487, #9207, #7065, #2538 ) ) ;
#426 = ADVANCED_FACE ( 'NONE', ( #3704 ), #1624, .T. ) ;
#427 = ORIENTED_EDGE ( 'NONE', *, *, #12070, .F. ) ;
#428 = CARTESIAN_POINT ( 'NONE',  ( -18.49328953615748361, -80.41022924428168039, -10.96577594754917762 ) ) ;
#429 = CARTESIAN_POINT ( 'NONE',  ( -5.564609469704350886, 51.19999999999999574, -20.51740526521489727 ) ) ;
#430 = ORIENTED_EDGE ( 'NONE', *, *, #2287, .F. ) ;
#431 = DIRECTION ( 'NONE',  ( 0.000000000000000000, 0.000000000000000000, 1.000000000000000000 ) ) ;
#432 = CARTESIAN_POINT ( 'NONE',  ( 0.000000000000000000, 51.20000000000000995, -7.383484513958806747E-15 ) ) ;
#433 = EDGE_LOOP ( 'NONE', ( #11142, #1799, #2873, #7477 ) ) ;
#434 = DIRECTION ( 'NONE',  ( 0.000000000000000000, -2.843808977011157336E-16, 1.000000000000000000 ) ) ;
#435 = AXIS2_PLACEMENT_3D ( 'NONE', #11371, #12447, #1601 ) ;
#436 = DIRECTION ( 'NONE',  ( -0.000000000000000000, 1.000000000000000000, 3.061616997868383141E-16 ) ) ;
#437 = CYLINDRICAL_SURFACE ( 'NONE', #183, 0.2500000000000002220 ) ;
#438 = FACE_OUTER_BOUND ( 'NONE', #7945, .T. ) ;
#439 = EDGE_CURVE ( 'NONE', #259, #1536, #9463, .T. ) ;
#440 = AXIS2_PLACEMENT_3D ( 'NONE', #1574, #2742, #740 ) ;
#441 = CIRCLE ( 'NONE', #12521, 0.2500000000000002220 ) ;
#442 = AXIS2_PLACEMENT_3D ( 'NONE', #3233, #11114, #7147 ) ;
#443 = VERTEX_POINT ( 'NONE', #12471 ) ;
#444 = CARTESIAN_POINT ( 'NONE',  ( 19.15664027004985215, -80.41022924428168039, -9.760795744400358132 ) ) ;
#445 = CARTESIAN_POINT ( 'NONE',  ( -16.86483603740616388, 51.19999999999999574, -13.33519049100561382 ) ) ;
#446 = ORIENTED_EDGE ( 'NONE', *, *, #2279, .T. ) ;
#447 = DIRECTION ( 'NONE',  ( 0.000000000000000000, -3.227392513445222318E-16, 1.000000000000000000 ) ) ;
#448 = CARTESIAN_POINT ( 'NONE',  ( 8.972629143562024012, 45.19999999999998863, -19.53821706942837721 ) ) ;
#449 = AXIS2_PLACEMENT_3D ( 'NONE', #6288, #10190, #422 ) ;
#450 = EDGE_CURVE ( 'NONE', #12340, #3671, #1442, .T. ) ;
#451 = EDGE_CURVE ( 'NONE', #5389, #5206, #9062, .T. ) ;
#452 = ORIENTED_EDGE ( 'NONE', *, *, #8553, .T. ) ;
#453 = VECTOR ( 'NONE', #7193, 1000.000000000000000 ) ;
#454 = PRODUCT_CONTEXT ( 'NONE', #1302, 'mechanical' ) ;
#455 = ORIENTED_EDGE ( 'NONE', *, *, #1090, .F. ) ;
#456 = DIRECTION ( 'NONE',  ( 0.000000000000000000, 0.000000000000000000, 1.000000000000000000 ) ) ;
#457 = CIRCLE ( 'NONE', #9067, 0.2500000000000002220 ) ;
#458 = ORIENTED_EDGE ( 'NONE', *, *, #11814, .T. ) ;
#459 = CARTESIAN_POINT ( 'NONE',  ( -1.000000000000000444, 0.08699999999999999400, -2.799999999999999822 ) ) ;
#460 = CARTESIAN_POINT ( 'NONE',  ( 0.000000000000000000, 51.20000000000000995, -7.383484513958806747E-15 ) ) ;
#461 = DIRECTION ( 'NONE',  ( 1.000000000000000000, 0.000000000000000000, 0.000000000000000000 ) ) ;
#462 = VECTOR ( 'NONE', #8982, 1000.000000000000000 ) ;
#463 = CARTESIAN_POINT ( 'NONE',  ( 2.265596578422603002E-15, 74.75000000000000000, 18.49999999999999645 ) ) ;
#464 = AXIS2_PLACEMENT_3D ( 'NONE', #939, #4885, #3913 ) ;
#465 = CARTESIAN_POINT ( 'NONE',  ( -4.225266388132896900, -80.41022924428169460, 21.08072873382969092 ) ) ;
#466 = EDGE_CURVE ( 'NONE', #4034, #11336, #8856, .T. ) ;
#467 = CIRCLE ( 'NONE', #9910, 0.2500000000000002220 ) ;
#468 = CARTESIAN_POINT ( 'NONE',  ( 0.000000000000000000, 45.20000000000000995, -9.220454712679835547E-15 ) ) ;
#469 = AXIS2_PLACEMENT_3D ( 'NONE', #2369, #3461, #11282 ) ;
#470 = ORIENTED_EDGE ( 'NONE', *, *, #10864, .F. ) ;
#471 = EDGE_CURVE ( 'NONE', #8461, #3009, #10067, .T. ) ;
#472 = ORIENTED_EDGE ( 'NONE', *, *, #6248, .T. ) ;
#473 = EDGE_LOOP ( 'NONE', ( #4910, #7486, #4676, #6428 ) ) ;
#474 = AXIS2_PLACEMENT_3D ( 'NONE', #6538, #2671, #4488 ) ;
#475 = AXIS2_PLACEMENT_3D ( 'NONE', #1235, #9926, #11066 ) ;
#476 = CARTESIAN_POINT ( 'NONE',  ( 21.40690689856072737, 45.19999999999998863, -1.998583757652808490 ) ) ;
#477 = FACE_OUTER_BOUND ( 'NONE', #9900, .T. ) ;
#478 = VECTOR ( 'NONE', #9336, 1000.000000000000000 ) ;
#479 = DIRECTION ( 'NONE',  ( -0.000000000000000000, 1.000000000000000000, 3.061616997868383141E-16 ) ) ;
#480 = ORIENTED_EDGE ( 'NONE', *, *, #3793, .T. ) ;
#482 = EDGE_CURVE ( 'NONE', #1462, #8965, #5193, .T. ) ;
#481 = DIRECTION ( 'NONE',  ( 0.000000000000000000, 0.000000000000000000, 1.000000000000000000 ) ) ;
#483 = CARTESIAN_POINT ( 'NONE',  ( 0.000000000000000000, 51.20000000000000995, -7.383484513958806747E-15 ) ) ;
#484 = DIRECTION ( 'NONE',  ( 0.000000000000000000, 0.000000000000000000, -1.000000000000000000 ) ) ;
#485 = EDGE_CURVE ( 'NONE', #1564, #1248, #1951, .T. ) ;
#486 = VERTEX_POINT ( 'NONE', #5950 ) ;
#487 = DIRECTION ( 'NONE',  ( 0.000000000000000000, -1.000000000000000000, -3.061616997868383141E-16 ) ) ;
#488 = AXIS2_PLACEMENT_3D ( 'NONE', #2531, #4599, #3439 ) ;
#489 = CARTESIAN_POINT ( 'NONE',  ( 0.000000000000000000, 45.20000000000000995, -9.220454712679835547E-15 ) ) ;
#490 = ORIENTED_EDGE ( 'NONE', *, *, #10063, .T. ) ;
#491 = CIRCLE ( 'NONE', #7059, 0.2500000000000002220 ) ;
#492 = ORIENTED_EDGE ( 'NONE', *, *, #5282, .F. ) ;
#493 = CIRCLE ( 'NONE', #2752, 10.00000000000000000 ) ;
#494 = ORIENTED_EDGE ( 'NONE', *, *, #7083, .F. ) ;
#495 = CYLINDRICAL_SURFACE ( 'NONE', #8882, 21.50000000000000355 ) ;
#496 = CARTESIAN_POINT ( 'NONE',  ( -2.495836301044245698, 45.20000000000000284, 21.35464355025365180 ) ) ;
#497 = AXIS2_PLACEMENT_3D ( 'NONE', #11801, #7699, #8787 ) ;
#498 = ORIENTED_EDGE ( 'NONE', *, *, #8989, .T. ) ;
#499 = CARTESIAN_POINT ( 'NONE',  ( 21.38222075041785786, -80.41022924428168039, -2.247361960254651070 ) ) ;
#500 = CARTESIAN_POINT ( 'NONE',  ( -7.704910915224106205, 51.19999999999999574, -19.82197916968974738 ) ) ;
#501 = EDGE_LOOP ( 'NONE', ( #1647, #5883, #5261, #2534 ) ) ;
#502 = DIRECTION ( 'NONE',  ( -0.000000000000000000, 1.000000000000000000, 3.061616997868383141E-16 ) ) ;
#503 = CARTESIAN_POINT ( 'NONE',  ( -0.9990949630984925500, 0.08482553422745810201, 2.797825534227458721 ) ) ;
#504 = DIRECTION ( 'NONE',  ( -9.860761315262647568E-32, 1.000000000000000000, 3.061616997868381662E-16 ) ) ;
#505 = EDGE_CURVE ( 'NONE', #3498, #10021, #4566, .T. ) ;
#506 = CARTESIAN_POINT ( 'NONE',  ( 7.704910915223833534, 51.19999999999999574, -20.07197916968985396 ) ) ;
#507 = CIRCLE ( 'NONE', #5252, 21.50000000000001066 ) ;
#508 = EDGE_LOOP ( 'NONE', ( #4793, #9438 ) ) ;
#509 = DIRECTION ( 'NONE',  ( 0.000000000000000000, 0.000000000000000000, 1.000000000000000000 ) ) ;
#510 = CYLINDRICAL_SURFACE ( 'NONE', #4392, 20.50000000000000711 ) ;
#511 = ORIENTED_EDGE ( 'NONE', *, *, #10215, .F. ) ;
#512 = AXIS2_PLACEMENT_3D ( 'NONE', #11158, #2366, #6413 ) ;
#513 = DIRECTION ( 'NONE',  ( -7.395570986446986770E-32, 1.000000000000000000, 3.061616997868383634E-16 ) ) ;
#514 = CARTESIAN_POINT ( 'NONE',  ( 0.000000000000000000, 87.50000000000001421, 3.730185188303422936E-15 ) ) ;
#515 = VERTEX_POINT ( 'NONE', #9726 ) ;
#516 = APPLICATION_PROTOCOL_DEFINITION ( 'draft international standard', 'automotive_design', 1998, #3697 ) ;
#517 = EDGE_LOOP ( 'NONE', ( #1427, #10718, #723, #4303 ) ) ;
#518 = CARTESIAN_POINT ( 'NONE',  ( 0.9987781450945798500, 0.07599627056110082324, -2.637003729438902155 ) ) ;
#519 = EDGE_CURVE ( 'NONE', #5635, #1243, #6815, .T. ) ;
#520 = ORIENTED_EDGE ( 'NONE', *, *, #4637, .T. ) ;
#521 = DIRECTION ( 'NONE',  ( 0.000000000000000000, -1.000000000000000000, -3.061616997868383141E-16 ) ) ;
#522 = AXIS2_PLACEMENT_3D ( 'NONE', #2027, #3904, #2805 ) ;
#523 = CARTESIAN_POINT ( 'NONE',  ( -15.80925377108417784, 51.20000000000000995, 14.57111852952478337 ) ) ;
#524 = CYLINDRICAL_SURFACE ( 'NONE', #11821, 0.2500000000000002220 ) ;
#525 = ADVANCED_FACE ( 'NONE', ( #918 ), #8697, .F. ) ;
#526 = CARTESIAN_POINT ( 'NONE',  ( 0.000000000000000000, 51.20000000000000995, -7.383484513958806747E-15 ) ) ;
#527 = DIRECTION ( 'NONE',  ( 0.000000000000000000, 0.000000000000000000, 1.000000000000000000 ) ) ;
#528 = DIRECTION ( 'NONE',  ( -1.479114197289397354E-31, 1.000000000000000000, 3.061616997868382155E-16 ) ) ;
#529 = ORIENTED_EDGE ( 'NONE', *, *, #3619, .F. ) ;
#530 = ORIENTED_EDGE ( 'NONE', *, *, #11444, .F. ) ;
#531 = CIRCLE ( 'NONE', #12013, 0.2500000000000002220 ) ;
#532 = VERTEX_POINT ( 'NONE', #2922 ) ;
#533 = EDGE_CURVE ( 'NONE', #7616, #5072, #11, .T. ) ;
#534 = DIRECTION ( 'NONE',  ( 8.659560562354934091E-17, 0.7071067811865477948, -0.7071067811865473507 ) ) ;
#535 = CARTESIAN_POINT ( 'NONE',  ( 21.23529932279543431, 45.19999999999998863, -3.363340998365026646 ) ) ;
#536 = DIRECTION ( 'NONE',  ( -0.000000000000000000, 1.000000000000000000, 3.061616997868383141E-16 ) ) ;
#537 = VERTEX_POINT ( 'NONE', #7859 ) ;
#539 = DIRECTION ( 'NONE',  ( 0.000000000000000000, -3.227392513445220839E-16, 1.000000000000000000 ) ) ;
#538 = VECTOR ( 'NONE', #6556, 1000.000000000000000 ) ;
#540 = CIRCLE ( 'NONE', #1766, 21.50000000000000000 ) ;
#541 = DIRECTION ( 'NONE',  ( -0.000000000000000000, 1.000000000000000000, 3.061616997868383141E-16 ) ) ;
#542 = CYLINDRICAL_SURFACE ( 'NONE', #2030, 19.50000000000000355 ) ;
#543 = ORIENTED_EDGE ( 'NONE', *, *, #9522, .T. ) ;
#544 = DIRECTION ( 'NONE',  ( -0.000000000000000000, 1.000000000000000000, 3.061616997868383141E-16 ) ) ;
#545 = DIRECTION ( 'NONE',  ( -0.000000000000000000, 1.000000000000000000, 3.061616997868383141E-16 ) ) ;
#546 = ORIENTED_EDGE ( 'NONE', *, *, #7463, .F. ) ;
#547 = ORIENTED_EDGE ( 'NONE', *, *, #6862, .T. ) ;
#548 = CIRCLE ( 'NONE', #12434, 21.50000000000001066 ) ;
#549 = ORIENTED_EDGE ( 'NONE', *, *, #6557, .T. ) ;
#550 = LINE ( 'NONE', #2605, #8062 ) ;
#551 = EDGE_CURVE ( 'NONE', #7601, #12340, #3948, .T. ) ;
#552 = VECTOR ( 'NONE', #7790, 1000.000000000000000 ) ;
#553 = LINE ( 'NONE', #673, #91 ) ;
#554 = ORIENTED_EDGE ( 'NONE', *, *, #9509, .F. ) ;
#555 = CARTESIAN_POINT ( 'NONE',  ( 15.37854173159009186, -80.41022924428169460, 15.02499431646284300 ) ) ;
#556 =( NAMED_UNIT ( * ) SI_UNIT ( $, .STERADIAN. ) SOLID_ANGLE_UNIT ( ) );
#557 = DIRECTION ( 'NONE',  ( 1.000000000000000000, 0.000000000000000000, 0.000000000000000000 ) ) ;
#558 = ORIENTED_EDGE ( 'NONE', *, *, #5631, .T. ) ;
#559 = CARTESIAN_POINT ( 'NONE',  ( 0.000000000000000000, 87.50000000000001421, 3.730185188303422936E-15 ) ) ;
#560 = ADVANCED_FACE ( 'NONE', ( #8821 ), #7730, .T. ) ;
#561 = DIRECTION ( 'NONE',  ( -2.465190328815661892E-32, 1.000000000000000000, 3.061616997868381169E-16 ) ) ;
#562 = DIRECTION ( 'NONE',  ( -9.860761315262647568E-32, 1.000000000000000000, 3.061616997868382155E-16 ) ) ;
#563 = CIRCLE ( 'NONE', #763, 15.39999999999999680 ) ;
#564 = CARTESIAN_POINT ( 'NONE',  ( 0.000000000000000000, 8.699999999999999289, -2.039535675489943990E-14 ) ) ;
#565 = AXIS2_PLACEMENT_3D ( 'NONE', #7504, #11407, #8166 ) ;
#566 = EDGE_CURVE ( 'NONE', #9460, #2891, #645, .T. ) ;
#567 = EDGE_CURVE ( 'NONE', #7200, #7267, #9466, .T. ) ;
#568 = EDGE_LOOP ( 'NONE', ( #2515, #1701, #5923, #3547 ) ) ;
#569 = DIRECTION ( 'NONE',  ( 0.000000000000000000, 0.000000000000000000, 1.000000000000000000 ) ) ;
#570 = DIRECTION ( 'NONE',  ( -0.000000000000000000, 1.000000000000000000, 3.061616997868383141E-16 ) ) ;
#571 = AXIS2_PLACEMENT_3D ( 'NONE', #1968, #5967, #5899 ) ;
#572 = VERTEX_POINT ( 'NONE', #4031 ) ;
#573 = LINE ( 'NONE', #1789, #4319 ) ;
#574 = LINE ( 'NONE', #1468, #11014 ) ;
#575 = EDGE_LOOP ( 'NONE', ( #5178, #6314, #1708, #11650 ) ) ;
#576 = EDGE_CURVE ( 'NONE', #5983, #11631, #9861, .T. ) ;
#577 = PRODUCT_CONTEXT ( 'NONE', #11154, 'mechanical' ) ;
#578 = VERTEX_POINT ( 'NONE', #9791 ) ;
#579 = CARTESIAN_POINT ( 'NONE',  ( 19.15664027004991965, 51.19999999999999574, 9.760795744400219576 ) ) ;
#580 = VECTOR ( 'NONE', #10954, 1000.000000000000000 ) ;
#581 = ORIENTED_EDGE ( 'NONE', *, *, #5127, .T. ) ;
#582 = DIRECTION ( 'NONE',  ( -0.000000000000000000, 1.000000000000000000, 3.061616997868383141E-16 ) ) ;
#583 = CARTESIAN_POINT ( 'NONE',  ( 20.16021269457234411, -80.41022924428168039, -7.470998869602634151 ) ) ;
#584 = CARTESIAN_POINT ( 'NONE',  ( 0.000000000000000000, 61.70000000000000995, -4.168786666197004375E-15 ) ) ;
#585 = DIRECTION ( 'NONE',  ( -0.000000000000000000, 1.000000000000000000, 3.061616997868383141E-16 ) ) ;
#586 = CARTESIAN_POINT ( 'NONE',  ( 0.9980246340370693137, -0.07670451682347011191, 2.636295483176529508 ) ) ;
#587 = CIRCLE ( 'NONE', #9611, 15.65000000000001101 ) ;
#588 = CARTESIAN_POINT ( 'NONE',  ( -0.8754938253326652875, 51.20000000000000995, 21.48216726873254601 ) ) ;
#589 = AXIS2_PLACEMENT_3D ( 'NONE', #5579, #8710, #5646 ) ;
#590 = ORIENTED_EDGE ( 'NONE', *, *, #2814, .F. ) ;
#591 = ORIENTED_EDGE ( 'NONE', *, *, #846, .T. ) ;
#592 = AXIS2_PLACEMENT_3D ( 'NONE', #9033, #9942, #1375 ) ;
#593 = EDGE_CURVE ( 'NONE', #10715, #8759, #3335, .T. ) ;
#594 = ORIENTED_EDGE ( 'NONE', *, *, #2184, .F. ) ;
#595 = DIRECTION ( 'NONE',  ( -1.000000000000000000, 0.000000000000000000, 0.000000000000000000 ) ) ;
#596 = AXIS2_PLACEMENT_3D ( 'NONE', #11978, #6154, #1246 ) ;
#597 = DIRECTION ( 'NONE',  ( 0.000000000000000000, 0.000000000000000000, 1.000000000000000000 ) ) ;
#598 = VERTEX_POINT ( 'NONE', #2014 ) ;
#599 = DIRECTION ( 'NONE',  ( -0.000000000000000000, 1.000000000000000000, 3.061616997868383141E-16 ) ) ;
#600 = DIRECTION ( 'NONE',  ( 0.000000000000000000, -1.000000000000000000, -3.061616997868383141E-16 ) ) ;
#601 = CARTESIAN_POINT ( 'NONE',  ( 12.83877941551868851, 45.19999999999998863, -17.24574565275895921 ) ) ;
#602 = CIRCLE ( 'NONE', #2042, 0.2500000000000002220 ) ;
#603 = EDGE_LOOP ( 'NONE', ( #10346, #8398 ) ) ;
#604 = EDGE_CURVE ( 'NONE', #9499, #10650, #7222, .T. ) ;
#605 = CARTESIAN_POINT ( 'NONE',  ( 8.744837826129582936, -80.41022924428168039, -19.64122733931598219 ) ) ;
#606 = CARTESIAN_POINT ( 'NONE',  ( 0.9999999999999995559, 0.08699999999999999400, 2.799999999999999822 ) ) ;
#607 = ORIENTED_EDGE ( 'NONE', *, *, #7380, .T. ) ;
#608 = EDGE_CURVE ( 'NONE', #3263, #6098, #2888, .T. ) ;
#609 = ORIENTED_EDGE ( 'NONE', *, *, #9739, .F. ) ;
#610 = EDGE_CURVE ( 'NONE', #159, #4089, #1095, .T. ) ;
#611 = ORIENTED_EDGE ( 'NONE', *, *, #10546, .F. ) ;
#612 = DIRECTION ( 'NONE',  ( 0.000000000000000000, -3.227392513445222318E-16, 1.000000000000000000 ) ) ;
#613 = AXIS2_PLACEMENT_3D ( 'NONE', #1456, #10079, #2375 ) ;
#614 = CARTESIAN_POINT ( 'NONE',  ( 20.07197916968979001, 45.19999999999998863, -7.454910915224021828 ) ) ;
#615 = ORIENTED_EDGE ( 'NONE', *, *, #11656, .F. ) ;
#616 = DIRECTION ( 'NONE',  ( 0.000000000000000000, 0.000000000000000000, 1.000000000000000000 ) ) ;
#617 = CYLINDRICAL_SURFACE ( 'NONE', #7906, 16.01785065697083965 ) ;
#618 = DIRECTION ( 'NONE',  ( 0.000000000000000000, 0.000000000000000000, -1.000000000000000000 ) ) ;
#619 = ORIENTED_EDGE ( 'NONE', *, *, #12379, .T. ) ;
#620 = DIRECTION ( 'NONE',  ( 0.000000000000000000, -3.227392513445222318E-16, 1.000000000000000000 ) ) ;
#621 = CYLINDRICAL_SURFACE ( 'NONE', #3476, 0.2500000000000002220 ) ;
#622 = CYLINDRICAL_SURFACE ( 'NONE', #3474, 0.2500000000000002220 ) ;
#623 = CARTESIAN_POINT ( 'NONE',  ( 0.000000000000000000, 51.20000000000000995, -7.383484513958806747E-15 ) ) ;
#624 = DIRECTION ( 'NONE',  ( 0.000000000000000000, -1.000000000000000000, -3.061616997868383141E-16 ) ) ;
#625 = EDGE_CURVE ( 'NONE', #276, #9908, #66, .T. ) ;
#626 = ORIENTED_EDGE ( 'NONE', *, *, #9040, .T. ) ;
#627 = ORIENTED_EDGE ( 'NONE', *, *, #4751, .T. ) ;
#628 = DIRECTION ( 'NONE',  ( -0.000000000000000000, 1.000000000000000000, 3.061616997868383141E-16 ) ) ;
#629 = LINE ( 'NONE', #4449, #6021 ) ;
#630 = ORIENTED_EDGE ( 'NONE', *, *, #4721, .F. ) ;
#631 = CARTESIAN_POINT ( 'NONE',  ( -0.9994451427763608731, -0.08420705802239934756, -2.797207058022399551 ) ) ;
#632 = FILL_AREA_STYLE_COLOUR ( '', #11872 ) ;
#633 = ADVANCED_FACE ( 'NONE', ( #10877 ), #4348, .T. ) ;
#634 = CIRCLE ( 'NONE', #2489, 0.2500000000000002220 ) ;
#635 = AXIS2_PLACEMENT_3D ( 'NONE', #10254, #10127, #12104 ) ;
#636 = EDGE_LOOP ( 'NONE', ( #411, #1019, #11500, #5325 ) ) ;
#637 = EDGE_LOOP ( 'NONE', ( #5352, #7753, #7113, #7876 ) ) ;
#638 = CARTESIAN_POINT ( 'NONE',  ( 15.80925377108429863, 51.19999999999999574, -14.57111852952466080 ) ) ;
#639 = VERTEX_POINT ( 'NONE', #9143 ) ;
#640 = LINE ( 'NONE', #2457, #3541 ) ;
#641 = COLOUR_RGB ( '',0.7921568627450980005, 0.8196078431372548767, 0.9333333333333333481 ) ;
#642 = VECTOR ( 'NONE', #4598, 1000.000000000000227 ) ;
#643 = CARTESIAN_POINT ( 'NONE',  ( 0.000000000000000000, 51.20000000000000995, -7.383484513958806747E-15 ) ) ;
#644 = DIRECTION ( 'NONE',  ( -0.000000000000000000, 1.000000000000000000, 3.061616997868383141E-16 ) ) ;
#645 = CIRCLE ( 'NONE', #2305, 21.50000000000001066 ) ;
#646 = FACE_OUTER_BOUND ( 'NONE', #11596, .T. ) ;
#647 = CARTESIAN_POINT ( 'NONE',  ( 0.9997406115519749115, -0.07439655704747427656, 2.638603442952525135 ) ) ;
#648 = EDGE_CURVE ( 'NONE', #10733, #9632, #12366, .T. ) ;
#649 = LINE ( 'NONE', #8498, #10328 ) ;
#650 = ORIENTED_EDGE ( 'NONE', *, *, #11658, .F. ) ;
#651 = CIRCLE ( 'NONE', #3327, 0.2500000000000002220 ) ;
#652 = EDGE_LOOP ( 'NONE', ( #9400, #7079, #6611, #2134 ) ) ;
#653 = CIRCLE ( 'NONE', #2310, 0.2500000000000002220 ) ;
#654 = ORIENTED_EDGE ( 'NONE', *, *, #9320, .T. ) ;
#655 = CARTESIAN_POINT ( 'NONE',  ( 1.065261225492411370E-15, 3.500000000000005773, -8.698518023597419102 ) ) ;
#656 = CARTESIAN_POINT ( 'NONE',  ( 1.961620953627966510E-15, 87.50000000000001421, -16.01785065697083610 ) ) ;
#657 = VERTEX_POINT ( 'NONE', #2150 ) ;
#658 = CARTESIAN_POINT ( 'NONE',  ( -19.15664027004999070, 45.19999999999998863, -9.760795744400052598 ) ) ;
#659 = AXIS2_PLACEMENT_3D ( 'NONE', #10918, #2124, #11809 ) ;
#660 = VECTOR ( 'NONE', #5461, 1000.000000000000000 ) ;
#661 = DIRECTION ( 'NONE',  ( -0.000000000000000000, 1.000000000000000000, 3.061616997868383141E-16 ) ) ;
#662 = FACE_OUTER_BOUND ( 'NONE', #1637, .T. ) ;
#663 = ORIENTED_EDGE ( 'NONE', *, *, #8097, .T. ) ;
#664 = ADVANCED_FACE ( 'NONE', ( #4156 ), #209, .T. ) ;
#665 = CARTESIAN_POINT ( 'NONE',  ( -17.53963331177550700, -80.41022924428169460, 12.43427775499862697 ) ) ;
#666 = CARTESIAN_POINT ( 'NONE',  ( 0.9999999999999995559, 0.08699999999999999400, 2.800000000000000266 ) ) ;
#667 = ORIENTED_EDGE ( 'NONE', *, *, #11734, .T. ) ;
#668 = ORIENTED_EDGE ( 'NONE', *, *, #10754, .T. ) ;
#669 = CIRCLE ( 'NONE', #4199, 0.2500000000000002220 ) ;
#670 = CIRCLE ( 'NONE', #3357, 21.50000000000000000 ) ;
#671 = ORIENTED_EDGE ( 'NONE', *, *, #7903, .T. ) ;
#672 = CARTESIAN_POINT ( 'NONE',  ( 19.04184949573544472, 51.19999999999999574, 9.982883740771477221 ) ) ;
#673 = CARTESIAN_POINT ( 'NONE',  ( 13.33519049100553211, -80.41022924428168039, -16.86483603740622783 ) ) ;
#674 = ORIENTED_EDGE ( 'NONE', *, *, #2546, .F. ) ;
#675 = FACE_OUTER_BOUND ( 'NONE', #8112, .T. ) ;
#676 = EDGE_CURVE ( 'NONE', #5926, #10595, #2954, .T. ) ;
#677 = DIRECTION ( 'NONE',  ( 0.000000000000000000, -3.384826294588891447E-16, 1.000000000000000000 ) ) ;
#678 = ORIENTED_EDGE ( 'NONE', *, *, #11107, .F. ) ;
#679 = DIRECTION ( 'NONE',  ( 9.860761315262647568E-32, 1.000000000000000000, 3.061616997868382648E-16 ) ) ;
#680 = AXIS2_PLACEMENT_3D ( 'NONE', #535, #9273, #1551 ) ;
#681 = LINE ( 'NONE', #11533, #4321 ) ;
#682 = DIRECTION ( 'NONE',  ( 0.000000000000000000, -3.227392513445220839E-16, 1.000000000000000000 ) ) ;
#683 = VERTEX_POINT ( 'NONE', #6142 ) ;
#684 = EDGE_CURVE ( 'NONE', #9920, #4387, #9930, .T. ) ;
#685 = CARTESIAN_POINT ( 'NONE',  ( 3.363340998364969359, -80.41022924428169460, 21.23529932279542720 ) ) ;
#686 = CARTESIAN_POINT ( 'NONE',  ( 0.9999999999999995559, 0.07288794480801003006, -2.640112055191992990 ) ) ;
#687 = AXIS2_PLACEMENT_3D ( 'NONE', #8375, #3192, #2408 ) ;
#688 = ORIENTED_EDGE ( 'NONE', *, *, #692, .T. ) ;
#689 = CONICAL_SURFACE ( 'NONE', #8696, 18.30000000000001137, 0.9599310885968784790 ) ;
#690 = VERTEX_POINT ( 'NONE', #5128 ) ;
#691 = CARTESIAN_POINT ( 'NONE',  ( 9.537388008204040091, -80.41022924428169460, 19.26884090911968173 ) ) ;
#692 = EDGE_CURVE ( 'NONE', #8369, #11542, #8678, .T. ) ;
#693 = CARTESIAN_POINT ( 'NONE',  ( 11.49928352796078102, -80.41022924428168039, -18.16635567040264121 ) ) ;
#694 = ORIENTED_EDGE ( 'NONE', *, *, #5119, .F. ) ;
#695 = FACE_OUTER_BOUND ( 'NONE', #5004, .T. ) ;
#696 = ADVANCED_FACE ( 'NONE', ( #3185 ), #7991, .F. ) ;
#697 = ORIENTED_EDGE ( 'NONE', *, *, #11540, .T. ) ;
#698 = ORIENTED_EDGE ( 'NONE', *, *, #7410, .F. ) ;
#699 = EDGE_CURVE ( 'NONE', #690, #11022, #9300, .T. ) ;
#700 = AXIS2_PLACEMENT_3D ( 'NONE', #4245, #9351, #366 ) ;
#701 = ORIENTED_EDGE ( 'NONE', *, *, #922, .T. ) ;
#702 = DIRECTION ( 'NONE',  ( 7.395570986446986770E-32, 1.000000000000000000, 3.061616997868381662E-16 ) ) ;
#703 = EDGE_CURVE ( 'NONE', #2223, #10509, #9204, .T. ) ;
#704 = CARTESIAN_POINT ( 'NONE',  ( -15.20279579551089455, 45.19999999999998863, -15.20279579551061566 ) ) ;
#705 = ORIENTED_EDGE ( 'NONE', *, *, #2017, .T. ) ;
#706 = DIRECTION ( 'NONE',  ( 0.000000000000000000, 0.000000000000000000, -1.000000000000000000 ) ) ;
#707 = DIRECTION ( 'NONE',  ( 0.000000000000000000, 0.000000000000000000, -1.000000000000000000 ) ) ;
#708 = DIRECTION ( 'NONE',  ( 0.000000000000000000, 0.000000000000000000, 1.000000000000000000 ) ) ;
#709 = EDGE_CURVE ( 'NONE', #2780, #1888, #7456, .T. ) ;
#710 = CARTESIAN_POINT ( 'NONE',  ( 1.224646799147353256E-15, 77.00000000000000000, -9.999999999999975131 ) ) ;
#711 = DIRECTION ( 'NONE',  ( 0.000000000000000000, -1.000000000000000000, -3.061616997868383141E-16 ) ) ;
#712 = AXIS2_PLACEMENT_3D ( 'NONE', #12094, #7224, #11138 ) ;
#713 = DIRECTION ( 'NONE',  ( -0.000000000000000000, 1.000000000000000000, 3.061616997868383141E-16 ) ) ;
#714 = ORIENTED_EDGE ( 'NONE', *, *, #1646, .F. ) ;
#715 = EDGE_LOOP ( 'NONE', ( #2230, #7984, #4984, #131 ) ) ;
#716 = AXIS2_PLACEMENT_3D ( 'NONE', #1831, #6543, #5765 ) ;
#717 = CARTESIAN_POINT ( 'NONE',  ( 0.000000000000000000, 87.50000000000001421, 3.730185188303422936E-15 ) ) ;
#718 = ADVANCED_FACE ( 'NONE', ( #5253 ), #7042, .T. ) ;
#719 = ADVANCED_FACE ( 'NONE', ( #2213 ), #4284, .F. ) ;
#720 = DIRECTION ( 'NONE',  ( 0.000000000000000000, 0.000000000000000000, 1.000000000000000000 ) ) ;
#721 = CYLINDRICAL_SURFACE ( 'NONE', #12566, 21.50000000000000355 ) ;
#722 = DIRECTION ( 'NONE',  ( 0.000000000000000000, -3.604620209821935308E-16, 1.000000000000000000 ) ) ;
#723 = ORIENTED_EDGE ( 'NONE', *, *, #8540, .T. ) ;
#724 = CARTESIAN_POINT ( 'NONE',  ( -12.63738292428830867, 45.19999999999998863, -17.14386537906124275 ) ) ;
#725 = DIRECTION ( 'NONE',  ( 0.000000000000000000, 0.000000000000000000, -1.000000000000000000 ) ) ;
#726 = LINE ( 'NONE', #2413, #6570 ) ;
#727 = EDGE_LOOP ( 'NONE', ( #5501, #7070, #1440, #2766 ) ) ;
#728 = DIRECTION ( 'NONE',  ( 1.848892746611746693E-32, 1.000000000000000000, 3.061616997868380676E-16 ) ) ;
#729 = VECTOR ( 'NONE', #3827, 1000.000000000000000 ) ;
#730 = CARTESIAN_POINT ( 'NONE',  ( 0.000000000000000000, 79.00000000000000000, 1.127810740115296699E-15 ) ) ;
#731 = ORIENTED_EDGE ( 'NONE', *, *, #4739, .F. ) ;
#732 = ORIENTED_EDGE ( 'NONE', *, *, #7611, .T. ) ;
#733 = EDGE_LOOP ( 'NONE', ( #12044, #3305, #6444, #11269 ) ) ;
#734 = DIRECTION ( 'NONE',  ( -0.000000000000000000, 1.000000000000000000, 3.061616997868383141E-16 ) ) ;
#735 = CARTESIAN_POINT ( 'NONE',  ( -21.03017341577685784, 51.19999999999999574, -4.220101352581593801 ) ) ;
#736 = EDGE_CURVE ( 'NONE', #11645, #5752, #10533, .T. ) ;
#737 = CLOSED_SHELL ( 'NONE', ( #5284, #3217, #1523, #3089, #8880, #10231, #5616, #12474, #10069, #8389, #11990, #1656, #9343, #6894, #5241, #9989, #6598, #1946, #2593, #1779, #7067, #6616, #1189, #5134, #7857, #4925, #10314, #2864, #6532, #4631, #4080, #7755, #10980, #2755, #4174, #1727, #2502, #2106, #10741, #2510, #951, #12491, #3136, #1738, #8010, #166, #11749, #2637, #11144, #372, #7642, #8539, #9426, #8728, #7320, #12213, #5982, #8243, #11766, #8154, #1323, #11787, #1104, #3506, #5970, #6100, #10939, #5486, #2982, #9477, #11702, #7966, #11069, #8924, #1810, #8477, #7994, #633, #5528, #11050, #230, #12682, #3961, #9240, #9022, #6194, #4448, #1800, #426, #125, #9250, #8314, #5774, #3315, #1723, #6980, #8541, #9210, #3403, #6909, #2002, #7458, #4438, #6816, #6754, #4975, #2052, #8256, #9005, #2714, #10778, #2496, #6455, #8864, #19, #6276, #2776, #2966, #10985, #12311, #9423, #5270, #7691, #5808, #6425, #4244, #4677, #9121, #10073, #1226, #8726, #4642, #5668, #1932, #7443, #12120, #11671, #4817, #3753, #1880, #5989, #8415, #664, #4881, #1573, #309, #1386, #2837, #1900, #5801, #4104, #7880, #9285, #6124, #6691, #1491, #6681, #10697, #4705, #4322, #7827, #2994, #4224, #1631, #12627, #11292, #7574, #11466, #3873, #3353, #10439, #8473, #7745, #3713, #1239, #7074, #8967, #11900, #7756, #8039, #4113, #6999, #188, #560, #2493, #5418, #3544, #1939, #718, #10847, #7091, #5907, #8502, #12547, #9314, #5747, #6190, #5392, #5684, #1015, #4158, #1390, #6883, #11000, #1877, #6440, #2801, #227, #1976, #9209, #3383, #10055, #11123, #9380, #2065, #7783, #8622, #9177, #12671, #5831, #2889, #1176, #4471, #4085, #6851, #1432, #6157, #11421, #9637, #4485, #11746, #3216, #7173, #1552, #10369, #11784, #4249, #3029, #8382, #7236, #696, #10935, #5919, #10267, #9024, #10419, #1461, #2906, #9303, #8284, #2231, #8340, #2824, #5430, #1471, #9795, #3606, #10406, #6507, #4908, #865, #12048, #940, #4096, #4734, #12308, #4469, #7209, #8574, #12571, #4126, #10358, #11240, #1568, #12160, #3805, #7319, #525, #4810, #7752, #11502, #49, #2585, #2012, #10773, #11441, #1477, #157, #9949, #5541, #3078, #401, #10005, #5991, #3849, #6358, #1270, #11097, #4024, #5674, #9248, #2569, #8971, #2925, #9448, #6049, #3301, #12522, #1377, #1612, #8240, #1157, #12371, #277, #8701, #11180, #11361, #823, #8073, #6925, #906, #6812, #261, #6627, #6692, #9031, #719, #8592, #952, #12613, #6331, #8799, #3396, #9934, #8012, #296, #8639, #2053, #11674, #12087, #8246, #5586, #5727, #6785, #10220, #9097 ) ) ;
#738 = CARTESIAN_POINT ( 'NONE',  ( 0.9971111658241326170, -0.08650247068055785804, -2.799502470680558464 ) ) ;
#739 = FACE_OUTER_BOUND ( 'NONE', #10863, .T. ) ;
#740 = DIRECTION ( 'NONE',  ( 0.000000000000000000, -3.227392513445222318E-16, 1.000000000000000000 ) ) ;
#741 = FACE_OUTER_BOUND ( 'NONE', #8300, .T. ) ;
#742 = ORIENTED_EDGE ( 'NONE', *, *, #12504, .F. ) ;
#743 = CARTESIAN_POINT ( 'NONE',  ( 19.64122733931592535, -80.41022924428168039, 8.744837826129627345 ) ) ;
#744 = DIRECTION ( 'NONE',  ( 0.000000000000000000, -3.227392513445220839E-16, 1.000000000000000000 ) ) ;
#745 = DIRECTION ( 'NONE',  ( 0.000000000000000000, -3.384826294588890954E-16, 1.000000000000000000 ) ) ;
#746 = ORIENTED_EDGE ( 'NONE', *, *, #4988, .F. ) ;
#747 = CARTESIAN_POINT ( 'NONE',  ( 1.916572240665608382E-15, 87.50000000000001421, -15.65000000000000036 ) ) ;
#748 = FACE_OUTER_BOUND ( 'NONE', #4015, .T. ) ;
#749 = CONICAL_SURFACE ( 'NONE', #11819, 18.19686085958248967, 0.2094395102393160901 ) ;
#750 = CIRCLE ( 'NONE', #12024, 8.698518023597397786 ) ;
#751 = ORIENTED_EDGE ( 'NONE', *, *, #5039, .F. ) ;
#752 = VERTEX_POINT ( 'NONE', #11129 ) ;
#753 = CARTESIAN_POINT ( 'NONE',  ( 0.000000000000000000, 87.50000000000001421, 3.730185188303422936E-15 ) ) ;
#754 = DIRECTION ( 'NONE',  ( -0.000000000000000000, 1.000000000000000000, 3.061616997868383141E-16 ) ) ;
#755 = ORIENTED_EDGE ( 'NONE', *, *, #10425, .F. ) ;
#756 = LINE ( 'NONE', #6495, #10126 ) ;
#757 = CONICAL_SURFACE ( 'NONE', #1565, 15.65000000000000036, 0.7853981633974482790 ) ;
#758 = DIRECTION ( 'NONE',  ( 4.930380657631323784E-32, 1.000000000000000000, 3.061616997868380676E-16 ) ) ;
#759 = AXIS2_PLACEMENT_3D ( 'NONE', #10044, #2209, #405 ) ;
#760 = EDGE_CURVE ( 'NONE', #1697, #1808, #11960, .T. ) ;
#761 = EDGE_CURVE ( 'NONE', #10776, #4679, #1916, .T. ) ;
#762 = EDGE_LOOP ( 'NONE', ( #7321, #2843, #5699, #3091 ) ) ;
#763 = AXIS2_PLACEMENT_3D ( 'NONE', #2139, #2672, #2004 ) ;
#764 = ORIENTED_EDGE ( 'NONE', *, *, #3131, .F. ) ;
#765 = AXIS2_PLACEMENT_3D ( 'NONE', #3491, #585, #7469 ) ;
#766 = EDGE_CURVE ( 'NONE', #7490, #3424, #9705, .T. ) ;
#767 = VERTEX_POINT ( 'NONE', #12267 ) ;
#768 = CARTESIAN_POINT ( 'NONE',  ( 21.23529932279543431, -80.41022924428168039, -3.113340998365065282 ) ) ;
#769 = DIRECTION ( 'NONE',  ( -0.000000000000000000, 1.000000000000000000, 3.061616997868383141E-16 ) ) ;
#770 = ORIENTED_EDGE ( 'NONE', *, *, #3727, .T. ) ;
#771 = LINE ( 'NONE', #4653, #10681 ) ;
#772 = CARTESIAN_POINT ( 'NONE',  ( 0.000000000000000000, 87.50000000000001421, 3.730185188303422936E-15 ) ) ;
#773 = CARTESIAN_POINT ( 'NONE',  ( 0.000000000000000000, 3.500000000000003109, -2.198739759379099683E-14 ) ) ;
#774 = DIRECTION ( 'NONE',  ( -0.000000000000000000, 1.000000000000000000, 3.061616997868383141E-16 ) ) ;
#775 = CIRCLE ( 'NONE', #8169, 21.50000000000000000 ) ;
#776 = LINE ( 'NONE', #12516, #6449 ) ;
#777 = ORIENTED_EDGE ( 'NONE', *, *, #837, .F. ) ;
#778 = EDGE_CURVE ( 'NONE', #7909, #3289, #5228, .T. ) ;
#779 = ORIENTED_EDGE ( 'NONE', *, *, #7433, .F. ) ;
#780 = AXIS2_PLACEMENT_3D ( 'NONE', #6089, #1894, #10822 ) ;
#781 = EDGE_CURVE ( 'NONE', #10793, #6418, #12172, .T. ) ;
#782 = CARTESIAN_POINT ( 'NONE',  ( 1.998583757652746984, 45.20000000000000284, 21.40690689856072737 ) ) ;
#783 = DIRECTION ( 'NONE',  ( -1.232595164407830946E-32, 1.000000000000000000, 3.061616997868383141E-16 ) ) ;
#784 = DIRECTION ( 'NONE',  ( 9.860761315262647568E-32, 1.000000000000000000, 3.061616997868381662E-16 ) ) ;
#785 = CARTESIAN_POINT ( 'NONE',  ( 5.564609469704060452, 45.19999999999998863, -20.76740526521497898 ) ) ;
#786 = ORIENTED_EDGE ( 'NONE', *, *, #4661, .T. ) ;
#787 = DIRECTION ( 'NONE',  ( 0.000000000000000000, -3.227392513445220839E-16, 1.000000000000000000 ) ) ;
#788 = CIRCLE ( 'NONE', #8593, 0.2500000000000002220 ) ;
#789 = CARTESIAN_POINT ( 'NONE',  ( 0.000000000000000000, 74.75000000000000000, -18.49999999999999645 ) ) ;
#790 = CARTESIAN_POINT ( 'NONE',  ( 0.000000000000000000, 51.20000000000000995, -7.383484513958806747E-15 ) ) ;
#791 = EDGE_LOOP ( 'NONE', ( #626, #4722, #3939, #1923 ) ) ;
#792 = CARTESIAN_POINT ( 'NONE',  ( -13.53038840757163541, 45.19999999999998863, -16.45863817132473983 ) ) ;
#793 = DIRECTION ( 'NONE',  ( -0.000000000000000000, 1.000000000000000000, 3.061616997868383141E-16 ) ) ;
#794 = ORIENTED_EDGE ( 'NONE', *, *, #8687, .F. ) ;
#795 = AXIS2_PLACEMENT_3D ( 'NONE', #2226, #5324, #11079 ) ;
#796 = EDGE_CURVE ( 'NONE', #10199, #690, #6854, .T. ) ;
#797 = ORIENTED_EDGE ( 'NONE', *, *, #7541, .T. ) ;
#798 =( GEOMETRIC_REPRESENTATION_CONTEXT ( 3 ) GLOBAL_UNCERTAINTY_ASSIGNED_CONTEXT ( ( #8295 ) ) GLOBAL_UNIT_ASSIGNED_CONTEXT ( ( #11419, #11485, #12435 ) ) REPRESENTATION_CONTEXT ( 'NONE', 'WORKASPACE' ) );
#799 = ORIENTED_EDGE ( 'NONE', *, *, #10584, .F. ) ;
#800 = VECTOR ( 'NONE', #7599, 1000.000000000000000 ) ;
#801 = CYLINDRICAL_SURFACE ( 'NONE', #11737, 0.2500000000000002220 ) ;
#802 = CARTESIAN_POINT ( 'NONE',  ( 0.9999999999999995559, -0.08167987200253366831, -2.794679872002534093 ) ) ;
#803 = CARTESIAN_POINT ( 'NONE',  ( 0.9999999999999995559, 0.08699999999999999400, 2.799999999999999822 ) ) ;
#804 = CONICAL_SURFACE ( 'NONE', #7993, 20.50000000000000711, 0.2617993877991493523 ) ;
#805 = DIRECTION ( 'NONE',  ( -9.860761315262647568E-32, 1.000000000000000000, 3.061616997868382648E-16 ) ) ;
#806 = CARTESIAN_POINT ( 'NONE',  ( 0.000000000000000000, 87.50000000000001421, 3.730185188303422936E-15 ) ) ;
#807 = ORIENTED_EDGE ( 'NONE', *, *, #2631, .F. ) ;
#808 = DIRECTION ( 'NONE',  ( 0.000000000000000000, 0.000000000000000000, 1.000000000000000000 ) ) ;
#809 = DIRECTION ( 'NONE',  ( 0.000000000000000000, -1.000000000000000000, -3.061616997868383141E-16 ) ) ;
#810 = DIRECTION ( 'NONE',  ( 0.000000000000000000, 1.000000000000000000, 3.061616997868381169E-16 ) ) ;
#811 = VERTEX_POINT ( 'NONE', #4591 ) ;
#812 = DIRECTION ( 'NONE',  ( 0.000000000000000000, 0.000000000000000000, -1.000000000000000000 ) ) ;
#813 = CYLINDRICAL_SURFACE ( 'NONE', #7353, 0.2500000000000002220 ) ;
#814 = EDGE_CURVE ( 'NONE', #2456, #9046, #886, .T. ) ;
#815 = ORIENTED_EDGE ( 'NONE', *, *, #3622, .F. ) ;
#816 = AXIS2_PLACEMENT_3D ( 'NONE', #7341, #11433, #9327 ) ;
#817 = ORIENTED_EDGE ( 'NONE', *, *, #2414, .F. ) ;
#818 = FACE_OUTER_BOUND ( 'NONE', #5710, .T. ) ;
#819 = DIRECTION ( 'NONE',  ( 0.000000000000000000, 0.000000000000000000, 1.000000000000000000 ) ) ;
#820 = ORIENTED_EDGE ( 'NONE', *, *, #9721, .F. ) ;
#821 = CYLINDRICAL_SURFACE ( 'NONE', #10541, 0.2500000000000002220 ) ;
#822 = DIRECTION ( 'NONE',  ( 0.000000000000000000, -3.227392513445222318E-16, 1.000000000000000000 ) ) ;
#823 = ADVANCED_FACE ( 'NONE', ( #10414 ), #2401, .F. ) ;
#824 = EDGE_LOOP ( 'NONE', ( #3310, #9468, #9082, #1474 ) ) ;
#825 = ORIENTED_EDGE ( 'NONE', *, *, #6918, .T. ) ;
#826 = ORIENTED_EDGE ( 'NONE', *, *, #4033, .T. ) ;
#827 = CARTESIAN_POINT ( 'NONE',  ( 6.881176337034720980, 45.19999999999998863, -20.36907980785176164 ) ) ;
#828 = DIRECTION ( 'NONE',  ( 0.000000000000000000, 0.000000000000000000, 1.000000000000000000 ) ) ;
#829 = PRODUCT_RELATED_PRODUCT_CATEGORY ( 'part', '', ( #3954 ) ) ;
#830 = ORIENTED_EDGE ( 'NONE', *, *, #3927, .T. ) ;
#831 = EDGE_CURVE ( 'NONE', #10131, #3053, #491, .T. ) ;
#832 = CARTESIAN_POINT ( 'NONE',  ( 21.38222075041785786, 51.19999999999999574, -2.247361960254610658 ) ) ;
#833 = DIRECTION ( 'NONE',  ( -1.232595164407830946E-32, 1.000000000000000000, 3.061616997868383141E-16 ) ) ;
#834 = CYLINDRICAL_SURFACE ( 'NONE', #5696, 0.2500000000000002220 ) ;
#835 = CIRCLE ( 'NONE', #11099, 21.50000000000001066 ) ;
#836 = CYLINDRICAL_SURFACE ( 'NONE', #11276, 21.50000000000000355 ) ;
#837 = EDGE_CURVE ( 'NONE', #70, #919, #8484, .T. ) ;
#838 = FACE_OUTER_BOUND ( 'NONE', #8312, .T. ) ;
#839 = ORIENTED_EDGE ( 'NONE', *, *, #10285, .T. ) ;
#840 = EDGE_LOOP ( 'NONE', ( #12171, #5361 ) ) ;
#841 = AXIS2_PLACEMENT_3D ( 'NONE', #8478, #12376, #2691 ) ;
#842 = AXIS2_PLACEMENT_3D ( 'NONE', #4417, #414, #5318 ) ;
#843 = AXIS2_PLACEMENT_3D ( 'NONE', #7029, #12077, #7977 ) ;
#844 = CARTESIAN_POINT ( 'NONE',  ( -17.39386537906147012, 45.19999999999998863, -12.63738292428799781 ) ) ;
#845 = CARTESIAN_POINT ( 'NONE',  ( 8.515864134734867363, 51.20000000000000995, 19.74158195380339720 ) ) ;
#846 = EDGE_CURVE ( 'NONE', #3257, #2160, #2336, .T. ) ;
#847 = CARTESIAN_POINT ( 'NONE',  ( 14.38630803671536462, 45.19999999999998863, -15.97761374776402654 ) ) ;
#848 = VERTEX_POINT ( 'NONE', #10477 ) ;
#849 = DIRECTION ( 'NONE',  ( 0.000000000000000000, 0.000000000000000000, -1.000000000000000000 ) ) ;
#850 = CARTESIAN_POINT ( 'NONE',  ( -17.24574565275872473, 51.20000000000000995, 12.83877941551895852 ) ) ;
#851 = DIRECTION ( 'NONE',  ( -0.000000000000000000, 1.000000000000000000, 3.061616997868383141E-16 ) ) ;
#852 = DIRECTION ( 'NONE',  ( 0.000000000000000000, -1.000000000000000000, -3.061616997868383141E-16 ) ) ;
#853 = EDGE_CURVE ( 'NONE', #936, #1161, #9498, .T. ) ;
#854 = CIRCLE ( 'NONE', #10096, 0.2500000000000002220 ) ;
#855 = DIRECTION ( 'NONE',  ( 0.000000000000000000, -1.000000000000000000, -3.061616997868383141E-16 ) ) ;
#856 = AXIS2_PLACEMENT_3D ( 'NONE', #6196, #10167, #8113 ) ;
#857 = VERTEX_POINT ( 'NONE', #588 ) ;
#858 = VERTEX_POINT ( 'NONE', #12208 ) ;
#859 = VERTEX_POINT ( 'NONE', #3433 ) ;
#860 = CIRCLE ( 'NONE', #9684, 21.50000000000000000 ) ;
#861 = CIRCLE ( 'NONE', #8054, 0.2500000000000002220 ) ;
#862 = CARTESIAN_POINT ( 'NONE',  ( 0.000000000000000000, 0.000000000000000000, -2.305896354304492938E-14 ) ) ;
#863 = CARTESIAN_POINT ( 'NONE',  ( -20.83070497094762530, -80.41022924428168039, -5.322755903978459102 ) ) ;
#864 = AXIS2_PLACEMENT_3D ( 'NONE', #11924, #3919, #1140 ) ;
#865 = ADVANCED_FACE ( 'NONE', ( #9330 ), #7343, .F. ) ;
#866 = LINE ( 'NONE', #6731, #3821 ) ;
#867 = CARTESIAN_POINT ( 'NONE',  ( -4.714331922580424106, 51.19999999999999574, -20.97677464539626158 ) ) ;
#868 = ORIENTED_EDGE ( 'NONE', *, *, #7250, .T. ) ;
#869 = DIRECTION ( 'NONE',  ( 0.000000000000000000, 0.000000000000000000, -1.000000000000000000 ) ) ;
#870 = CYLINDRICAL_SURFACE ( 'NONE', #5536, 0.2500000000000002220 ) ;
#871 = CARTESIAN_POINT ( 'NONE',  ( 1.125223059223148248, 45.19999999999998863, -21.22053499722332148 ) ) ;
#872 = ORIENTED_EDGE ( 'NONE', *, *, #7676, .T. ) ;
#873 = CARTESIAN_POINT ( 'NONE',  ( 7.937781193550041969, 51.20000000000000995, 19.98103174821868322 ) ) ;
#874 = AXIS2_PLACEMENT_3D ( 'NONE', #8656, #9752, #3799 ) ;
#875 = DIRECTION ( 'NONE',  ( -4.930380657631323784E-32, 1.000000000000000000, 3.061616997868382648E-16 ) ) ;
#876 = VERTEX_POINT ( 'NONE', #10291 ) ;
#877 = AXIS2_PLACEMENT_3D ( 'NONE', #218, #12665, #2025 ) ;
#878 = DIRECTION ( 'NONE',  ( -0.000000000000000000, 1.000000000000000000, 3.061616997868383141E-16 ) ) ;
#879 = CONICAL_SURFACE ( 'NONE', #9296, 15.39999999999999858, 0.7853981633974725929 ) ;
#880 = EDGE_LOOP ( 'NONE', ( #10113, #2227, #8059, #2885 ) ) ;
#881 = DIRECTION ( 'NONE',  ( 0.000000000000000000, 0.000000000000000000, -1.000000000000000000 ) ) ;
#882 = EDGE_CURVE ( 'NONE', #9646, #532, #2463, .T. ) ;
#883 = DIRECTION ( 'NONE',  ( -1.848892746611746693E-32, 1.000000000000000000, 3.061616997868381662E-16 ) ) ;
#884 = VERTEX_POINT ( 'NONE', #4526 ) ;
#885 = CARTESIAN_POINT ( 'NONE',  ( 0.000000000000000000, 87.50000000000001421, 3.730185188303422936E-15 ) ) ;
#886 = CIRCLE ( 'NONE', #2529, 21.50000000000001066 ) ;
#887 = AXIS2_PLACEMENT_3D ( 'NONE', #785, #8623, #6715 ) ;
#888 = FACE_OUTER_BOUND ( 'NONE', #6793, .T. ) ;
#889 = AXIS2_PLACEMENT_3D ( 'NONE', #8436, #2348, #3568 ) ;
#890 = AXIS2_PLACEMENT_3D ( 'NONE', #11104, #9311, #2382 ) ;
#891 = ORIENTED_EDGE ( 'NONE', *, *, #10434, .F. ) ;
#892 = CIRCLE ( 'NONE', #2545, 47.85087804878048701 ) ;
#893 = ORIENTED_EDGE ( 'NONE', *, *, #7881, .F. ) ;
#894 = ORIENTED_EDGE ( 'NONE', *, *, #8612, .F. ) ;
#895 = FACE_OUTER_BOUND ( 'NONE', #7771, .T. ) ;
#896 = CYLINDRICAL_SURFACE ( 'NONE', #11516, 0.2500000000000002220 ) ;
#897 = VERTEX_POINT ( 'NONE', #1486 ) ;
#898 = DIRECTION ( 'NONE',  ( 0.000000000000000000, 0.000000000000000000, -1.000000000000000000 ) ) ;
#899 = DIRECTION ( 'NONE',  ( 0.000000000000000000, -3.227392513445220839E-16, 1.000000000000000000 ) ) ;
#900 = CYLINDRICAL_SURFACE ( 'NONE', #145, 21.50000000000000355 ) ;
#901 = CARTESIAN_POINT ( 'NONE',  ( 21.47053499722332504, 51.19999999999999574, -1.125223059223352529 ) ) ;
#902 = CARTESIAN_POINT ( 'NONE',  ( -1.125223059222998367, 45.20000000000000284, 21.47053499722335701 ) ) ;
#903 = ORIENTED_EDGE ( 'NONE', *, *, #3534, .F. ) ;
#904 = ORIENTED_EDGE ( 'NONE', *, *, #1675, .T. ) ;
#905 = CIRCLE ( 'NONE', #10965, 21.50000000000000000 ) ;
#906 = ADVANCED_FACE ( 'NONE', ( #5435 ), #5489, .F. ) ;
#907 = DIRECTION ( 'NONE',  ( -0.000000000000000000, 1.000000000000000000, 3.061616997868383141E-16 ) ) ;
#908 = ORIENTED_EDGE ( 'NONE', *, *, #291, .F. ) ;
#909 = EDGE_CURVE ( 'NONE', #7356, #2586, #9515, .T. ) ;
#910 = DIRECTION ( 'NONE',  ( -0.000000000000000000, 1.000000000000000000, 3.061616997868383141E-16 ) ) ;
#911 = FACE_OUTER_BOUND ( 'NONE', #9347, .T. ) ;
#912 = ORIENTED_EDGE ( 'NONE', *, *, #5496, .T. ) ;
#913 = CARTESIAN_POINT ( 'NONE',  ( 0.000000000000000000, 51.20000000000000995, -7.383484513958806747E-15 ) ) ;
#914 = AXIS2_PLACEMENT_3D ( 'NONE', #20, #8899, #5890 ) ;
#915 = CARTESIAN_POINT ( 'NONE',  ( 0.000000000000000000, 75.00000000000000000, -9.683605903205802417E-17 ) ) ;
#916 = CARTESIAN_POINT ( 'NONE',  ( -1.000000000000000444, 0.07288794480800786513, -2.640112055191994322 ) ) ;
#917 = CARTESIAN_POINT ( 'NONE',  ( 14.57111852952452757, 45.19999999999998863, -15.80925377108444785 ) ) ;
#918 = FACE_OUTER_BOUND ( 'NONE', #5771, .T. ) ;
#919 = VERTEX_POINT ( 'NONE', #6514 ) ;
#920 = ORIENTED_EDGE ( 'NONE', *, *, #7024, .T. ) ;
#921 = EDGE_CURVE ( 'NONE', #326, #10256, #10940, .T. ) ;
#922 = EDGE_CURVE ( 'NONE', #5720, #11638, #649, .T. ) ;
#923 = EDGE_LOOP ( 'NONE', ( #8606, #8262, #9160, #6933 ) ) ;
#924 = DIRECTION ( 'NONE',  ( 0.000000000000000000, 0.000000000000000000, 1.000000000000000000 ) ) ;
#925 = LINE ( 'NONE', #2996, #8881 ) ;
#926 = DIRECTION ( 'NONE',  ( -4.930380657631323784E-32, 1.000000000000000000, 3.061616997868381662E-16 ) ) ;
#927 = ORIENTED_EDGE ( 'NONE', *, *, #9505, .T. ) ;
#928 = CARTESIAN_POINT ( 'NONE',  ( -0.2499957747072304171, 51.19999999999999574, -21.49854651162791441 ) ) ;
#929 = CIRCLE ( 'NONE', #8727, 0.2500000000000002220 ) ;
#930 = DIRECTION ( 'NONE',  ( 0.000000000000000000, 0.000000000000000000, 1.000000000000000000 ) ) ;
#931 = CYLINDRICAL_SURFACE ( 'NONE', #11258, 0.2500000000000002220 ) ;
#932 = ORIENTED_EDGE ( 'NONE', *, *, #11212, .T. ) ;
#933 = DIRECTION ( 'NONE',  ( 4.930380657631323784E-32, 1.000000000000000000, 3.061616997868382648E-16 ) ) ;
#934 = FACE_OUTER_BOUND ( 'NONE', #2402, .T. ) ;
#935 = EDGE_CURVE ( 'NONE', #4720, #8210, #3620, .T. ) ;
#936 = VERTEX_POINT ( 'NONE', #5933 ) ;
#937 = EDGE_CURVE ( 'NONE', #1063, #2160, #11499, .T. ) ;
#938 = AXIS2_PLACEMENT_3D ( 'NONE', #4477, #1437, #2592 ) ;
#939 = CARTESIAN_POINT ( 'NONE',  ( 21.23529932279545918, 45.19999999999998863, 3.363340998364910739 ) ) ;
#940 = ADVANCED_FACE ( 'NONE', ( #838 ), #4779, .F. ) ;
#941 = LINE ( 'NONE', #4886, #1728 ) ;
#942 = VERTEX_POINT ( 'NONE', #1935 ) ;
#943 = DIRECTION ( 'NONE',  ( 7.395570986446986770E-32, 1.000000000000000000, 3.061616997868381169E-16 ) ) ;
#944 =( LENGTH_UNIT ( ) NAMED_UNIT ( * ) SI_UNIT ( .MILLI., .METRE. ) );
#945 = CARTESIAN_POINT ( 'NONE',  ( -21.19475577399856192, 45.19999999999998863, -3.610031534565198541 ) ) ;
#946 = ORIENTED_EDGE ( 'NONE', *, *, #7895, .T. ) ;
#947 = CARTESIAN_POINT ( 'NONE',  ( 0.000000000000000000, 45.20000000000000995, -9.220454712679835547E-15 ) ) ;
#948 = CARTESIAN_POINT ( 'NONE',  ( 0.000000000000000000, 87.50000000000001421, 3.730185188303422936E-15 ) ) ;
#949 = CIRCLE ( 'NONE', #10017, 0.2500000000000002220 ) ;
#950 = CIRCLE ( 'NONE', #9162, 47.85087804878048701 ) ;
#951 = ADVANCED_FACE ( 'NONE', ( #11685 ), #8679, .F. ) ;
#952 = ADVANCED_FACE ( 'NONE', ( #7715 ), #2779, .F. ) ;
#953 = EDGE_LOOP ( 'NONE', ( #4051, #6482 ) ) ;
#954 = EDGE_LOOP ( 'NONE', ( #301, #2711, #11792 ) ) ;
#955 = AXIS2_PLACEMENT_3D ( 'NONE', #12067, #9312, #2447 ) ;
#956 = ORIENTED_EDGE ( 'NONE', *, *, #5886, .F. ) ;
#957 = DIRECTION ( 'NONE',  ( 0.000000000000000000, -3.227392513445220839E-16, 1.000000000000000000 ) ) ;
#958 = LINE ( 'NONE', #4841, #6229 ) ;
#959 = CIRCLE ( 'NONE', #3852, 21.50000000000001066 ) ;
#960 = ORIENTED_EDGE ( 'NONE', *, *, #11873, .T. ) ;
#961 = DIRECTION ( 'NONE',  ( 0.000000000000000000, 0.000000000000000000, 1.000000000000000000 ) ) ;
#962 = DIRECTION ( 'NONE',  ( 0.000000000000000000, 0.000000000000000000, 1.000000000000000000 ) ) ;
#963 = DIRECTION ( 'NONE',  ( 0.000000000000000000, -1.000000000000000000, -3.061616997868383141E-16 ) ) ;
#964 = DIRECTION ( 'NONE',  ( 0.000000000000000000, 0.000000000000000000, 1.000000000000000000 ) ) ;
#965 = VECTOR ( 'NONE', #9253, 1000.000000000000000 ) ;
#966 = CARTESIAN_POINT ( 'NONE',  ( 11.70973925282297579, -80.41022924428168039, -18.03141721082669591 ) ) ;
#967 = ORIENTED_EDGE ( 'NONE', *, *, #8859, .F. ) ;
#968 = EDGE_CURVE ( 'NONE', #8543, #443, #3170, .T. ) ;
#969 = ORIENTED_EDGE ( 'NONE', *, *, #11228, .T. ) ;
#970 = DIRECTION ( 'NONE',  ( -0.000000000000000000, 1.000000000000000000, 3.061616997868383141E-16 ) ) ;
#971 = ORIENTED_EDGE ( 'NONE', *, *, #9562, .F. ) ;
#972 = CARTESIAN_POINT ( 'NONE',  ( -1.374800153705646899, 51.20000000000000995, 21.45599973288055651 ) ) ;
#973 = CARTESIAN_POINT ( 'NONE',  ( 3.116195710812656561, 51.20000000000000995, 21.27297168455579168 ) ) ;
#974 = DIRECTION ( 'NONE',  ( -0.000000000000000000, 1.000000000000000000, 3.061616997868383141E-16 ) ) ;
#975 = ORIENTED_EDGE ( 'NONE', *, *, #12000, .T. ) ;
#976 = DIRECTION ( 'NONE',  ( 0.000000000000000000, -1.000000000000000000, -3.061616997868383141E-16 ) ) ;
#977 = VECTOR ( 'NONE', #11651, 1000.000000000000000 ) ;
#978 = CARTESIAN_POINT ( 'NONE',  ( -18.74328531086465688, -80.41022924428169460, 10.53277056407876167 ) ) ;
#979 = LINE ( 'NONE', #6846, #2455 ) ;
#980 = LINE ( 'NONE', #8820, #8853 ) ;
#981 = CARTESIAN_POINT ( 'NONE',  ( -0.9950000000000006617, 47.85087804878048701, 0.000000000000000000 ) ) ;
#982 = ORIENTED_EDGE ( 'NONE', *, *, #1116, .F. ) ;
#983 = EDGE_CURVE ( 'NONE', #3201, #5934, #10661, .T. ) ;
#984 = VERTEX_POINT ( 'NONE', #2841 ) ;
#985 = ORIENTED_EDGE ( 'NONE', *, *, #10514, .T. ) ;
#986 = CARTESIAN_POINT ( 'NONE',  ( 0.000000000000000000, 0.000000000000000000, 0.000000000000000000 ) ) ;
#987 = DIRECTION ( 'NONE',  ( 9.860761315262647568E-32, 1.000000000000000000, 3.061616997868382155E-16 ) ) ;
#988 = DIRECTION ( 'NONE',  ( 0.000000000000000000, -3.227392513445222318E-16, 1.000000000000000000 ) ) ;
#989 = AXIS2_PLACEMENT_3D ( 'NONE', #3901, #7802, #4938 ) ;
#990 = CARTESIAN_POINT ( 'NONE',  ( 20.76740526521497543, 45.19999999999998863, 5.564609469704146605 ) ) ;
#991 = EDGE_CURVE ( 'NONE', #12098, #1546, #9305, .T. ) ;
#992 = ORIENTED_EDGE ( 'NONE', *, *, #2387, .F. ) ;
#993 = CYLINDRICAL_SURFACE ( 'NONE', #6693, 0.2500000000000002220 ) ;
#994 = FACE_OUTER_BOUND ( 'NONE', #6931, .T. ) ;
#995 = CARTESIAN_POINT ( 'NONE',  ( 15.97761374776389331, 45.19999999999998863, -14.13630803671550851 ) ) ;
#996 = EDGE_CURVE ( 'NONE', #7582, #8910, #11970, .T. ) ;
#997 = VERTEX_POINT ( 'NONE', #4847 ) ;
#998 = CYLINDRICAL_SURFACE ( 'NONE', #4899, 21.50000000000000355 ) ;
#999 = CARTESIAN_POINT ( 'NONE',  ( 0.000000000000000000, 87.50000000000001421, 3.730185188303422936E-15 ) ) ;
#1000 = ORIENTED_EDGE ( 'NONE', *, *, #3927, .F. ) ;
#1001 = ORIENTED_EDGE ( 'NONE', *, *, #4011, .F. ) ;
#1002 = AXIS2_PLACEMENT_3D ( 'NONE', #12548, #10575, #9545 ) ;
#1003 = DIRECTION ( 'NONE',  ( 0.000000000000000000, 0.000000000000000000, -1.000000000000000000 ) ) ;
#1004 = CIRCLE ( 'NONE', #3077, 0.2500000000000002220 ) ;
#1005 = DIRECTION ( 'NONE',  ( -9.860761315262647568E-32, 1.000000000000000000, 3.061616997868381662E-16 ) ) ;
#1006 = ORIENTED_EDGE ( 'NONE', *, *, #11848, .T. ) ;
#1007 = DIRECTION ( 'NONE',  ( 4.930380657631323784E-32, 1.000000000000000000, 3.061616997868383141E-16 ) ) ;
#1008 = SURFACE_STYLE_FILL_AREA ( #7068 ) ;
#1009 = DIRECTION ( 'NONE',  ( 0.000000000000000000, -1.000000000000000000, -3.061616997868383141E-16 ) ) ;
#1010 = ORIENTED_EDGE ( 'NONE', *, *, #5466, .F. ) ;
#1011 = CARTESIAN_POINT ( 'NONE',  ( -10.74999999999975486, 51.20000000000000995, 18.61954618136557471 ) ) ;
#1012 = DIRECTION ( 'NONE',  ( 0.000000000000000000, 0.000000000000000000, 1.000000000000000000 ) ) ;
#1013 = CIRCLE ( 'NONE', #11063, 0.2500000000000002220 ) ;
#1014 = DIRECTION ( 'NONE',  ( -1.000000000000000000, -0.000000000000000000, -0.000000000000000000 ) ) ;
#1015 = ADVANCED_FACE ( 'NONE', ( #8740 ), #9576, .T. ) ;
#1016 = CIRCLE ( 'NONE', #1830, 21.50000000000001066 ) ;
#1017 = ORIENTED_EDGE ( 'NONE', *, *, #12244, .F. ) ;
#1018 = VERTEX_POINT ( 'NONE', #8281 ) ;
#1019 = ORIENTED_EDGE ( 'NONE', *, *, #12463, .T. ) ;
#1020 = CARTESIAN_POINT ( 'NONE',  ( -1.374800153705647787, 45.20000000000000284, 21.45599973288056717 ) ) ;
#1021 = CIRCLE ( 'NONE', #4331, 0.2500000000000002220 ) ;
#1022 = CARTESIAN_POINT ( 'NONE',  ( 3.363340998364822809, 45.19999999999998863, -21.23529932279545562 ) ) ;
#1023 = EDGE_CURVE ( 'NONE', #11654, #4832, #3878, .T. ) ;
#1024 = EDGE_LOOP ( 'NONE', ( #4829, #11463, #9773, #10908 ) ) ;
#1025 = EDGE_CURVE ( 'NONE', #1775, #11710, #3941, .T. ) ;
#1026 = CYLINDRICAL_SURFACE ( 'NONE', #5376, 0.2500000000000002220 ) ;
#1027 = CARTESIAN_POINT ( 'NONE',  ( -14.19955239679460668, 51.20000000000000995, 16.14381341971853345 ) ) ;
#1028 = CARTESIAN_POINT ( 'NONE',  ( 21.40690689856071671, -80.41022924428168039, -1.998583757652677040 ) ) ;
#1029 = CARTESIAN_POINT ( 'NONE',  ( 0.000000000000000000, 61.70000000000000284, 20.49999999999999645 ) ) ;
#1030 = VERTEX_POINT ( 'NONE', #10548 ) ;
#1031 = CARTESIAN_POINT ( 'NONE',  ( 0.000000000000000000, 51.20000000000000995, -7.383484513958806747E-15 ) ) ;
#1032 = ORIENTED_EDGE ( 'NONE', *, *, #8162, .F. ) ;
#1033 = ORIENTED_EDGE ( 'NONE', *, *, #7463, .T. ) ;
#1034 = DIRECTION ( 'NONE',  ( 0.000000000000000000, -3.227392513445222318E-16, 1.000000000000000000 ) ) ;
#1035 = VERTEX_POINT ( 'NONE', #5677 ) ;
#1036 = CARTESIAN_POINT ( 'NONE',  ( -3.363340998365109691, -80.41022924428168039, -21.23529932279544852 ) ) ;
#1037 = EDGE_CURVE ( 'NONE', #4458, #11976, #776, .T. ) ;
#1038 = LINE ( 'NONE', #7722, #2532 ) ;
#1039 = ORIENTED_EDGE ( 'NONE', *, *, #10891, .F. ) ;
#1040 = DIRECTION ( 'NONE',  ( -0.000000000000000000, 1.000000000000000000, 3.061616997868383141E-16 ) ) ;
#1041 = CARTESIAN_POINT ( 'NONE',  ( 14.19955239679459069, 45.19999999999998863, -16.14381341971852635 ) ) ;
#1042 = CARTESIAN_POINT ( 'NONE',  ( -0.9998813553147632982, -0.07408534169291720872, 2.638914658307082828 ) ) ;
#1043 = DIRECTION ( 'NONE',  ( 0.000000000000000000, 0.000000000000000000, 1.000000000000000000 ) ) ;
#1044 = CARTESIAN_POINT ( 'NONE',  ( 0.000000000000000000, 51.20000000000000995, -7.383484513958806747E-15 ) ) ;
#1045 = VERTEX_POINT ( 'NONE', #4076 ) ;
#1046 = CIRCLE ( 'NONE', #841, 21.50000000000001066 ) ;
#1047 = ORIENTED_EDGE ( 'NONE', *, *, #8407, .F. ) ;
#1048 = ORIENTED_EDGE ( 'NONE', *, *, #2507, .F. ) ;
#1049 = CARTESIAN_POINT ( 'NONE',  ( -21.03017341577676547, 51.19999999999999574, 4.470101352582066312 ) ) ;
#1050 = DIRECTION ( 'NONE',  ( 0.000000000000000000, 0.000000000000000000, 1.000000000000000000 ) ) ;
#1051 = CARTESIAN_POINT ( 'NONE',  ( -3.610031534565135036, 45.20000000000000284, 21.19475577399856547 ) ) ;
#1052 = CARTESIAN_POINT ( 'NONE',  ( -0.2499957747072304726, 45.20000000000001705, 21.49854651162791086 ) ) ;
#1053 = ORIENTED_EDGE ( 'NONE', *, *, #8699, .F. ) ;
#1054 = DIRECTION ( 'NONE',  ( 4.930380657631323784E-32, 1.000000000000000000, 3.061616997868382155E-16 ) ) ;
#1055 = CIRCLE ( 'NONE', #2091, 21.50000000000001066 ) ;
#1056 = AXIS2_PLACEMENT_3D ( 'NONE', #8125, #9085, #6338 ) ;
#1057 = CYLINDRICAL_SURFACE ( 'NONE', #9846, 20.50000000000000355 ) ;
#1058 = CARTESIAN_POINT ( 'NONE',  ( 2.495836301044561889, -80.41022924428168039, -21.35464355025362693 ) ) ;
#1059 = ORIENTED_EDGE ( 'NONE', *, *, #11668, .T. ) ;
#1060 = CARTESIAN_POINT ( 'NONE',  ( 0.000000000000000000, 87.50000000000001421, 3.730185188303422936E-15 ) ) ;
#1061 = CYLINDRICAL_SURFACE ( 'NONE', #8582, 21.50000000000000355 ) ;
#1062 = VERTEX_POINT ( 'NONE', #11878 ) ;
#1063 = VERTEX_POINT ( 'NONE', #2319 ) ;
#1064 = PRODUCT_DEFINITION_SHAPE ( 'NONE', 'NONE',  #1609 ) ;
#1065 = VECTOR ( 'NONE', #12191, 1000.000000000000000 ) ;
#1066 = CIRCLE ( 'NONE', #856, 21.50000000000000000 ) ;
#1067 = DIRECTION ( 'NONE',  ( 0.000000000000000000, -1.000000000000000000, -3.061616997868383141E-16 ) ) ;
#1068 = EDGE_CURVE ( 'NONE', #5681, #7733, #1146, .T. ) ;
#1069 = CYLINDRICAL_SURFACE ( 'NONE', #10154, 19.50000000000000355 ) ;
#1070 = ORIENTED_EDGE ( 'NONE', *, *, #1098, .F. ) ;
#1071 = CARTESIAN_POINT ( 'NONE',  ( -9.537388008204334966, 51.19999999999999574, -19.26884090911958225 ) ) ;
#1072 = DIRECTION ( 'NONE',  ( 0.000000000000000000, -1.000000000000000000, -3.061616997868383141E-16 ) ) ;
#1073 = DIRECTION ( 'NONE',  ( 0.000000000000000000, 0.000000000000000000, 1.000000000000000000 ) ) ;
#1074 = ORIENTED_EDGE ( 'NONE', *, *, #10280, .F. ) ;
#1075 = FACE_OUTER_BOUND ( 'NONE', #8556, .T. ) ;
#1076 = EDGE_CURVE ( 'NONE', #7046, #9389, #4212, .T. ) ;
#1077 = CARTESIAN_POINT ( 'NONE',  ( 0.000000000000000000, 87.50000000000001421, 3.730185188303422936E-15 ) ) ;
#1078 = AXIS2_PLACEMENT_3D ( 'NONE', #9948, #1134, #4124 ) ;
#1079 = DIRECTION ( 'NONE',  ( 0.000000000000000000, -3.227392513445220839E-16, 1.000000000000000000 ) ) ;
#1080 = AXIS2_PLACEMENT_3D ( 'NONE', #8160, #3281, #1342 ) ;
#1081 = VECTOR ( 'NONE', #2176, 1000.000000000000000 ) ;
#1082 = EDGE_LOOP ( 'NONE', ( #11086, #1875, #2324, #8271 ) ) ;
#1083 = CIRCLE ( 'NONE', #4804, 0.2500000000000002220 ) ;
#1084 = VERTEX_POINT ( 'NONE', #11237 ) ;
#1085 = EDGE_CURVE ( 'NONE', #9792, #11715, #7268, .T. ) ;
#1086 = ORIENTED_EDGE ( 'NONE', *, *, #8330, .F. ) ;
#1087 = DIRECTION ( 'NONE',  ( 0.000000000000000000, -3.227392513445220839E-16, 1.000000000000000000 ) ) ;
#1088 = CARTESIAN_POINT ( 'NONE',  ( 0.000000000000000000, 51.20000000000000995, -7.383484513958806747E-15 ) ) ;
#1089 = ORIENTED_EDGE ( 'NONE', *, *, #882, .T. ) ;
#1090 = EDGE_CURVE ( 'NONE', #7992, #11076, #6254, .T. ) ;
#1091 = CYLINDRICAL_SURFACE ( 'NONE', #5578, 21.50000000000000355 ) ;
#1092 = CYLINDRICAL_SURFACE ( 'NONE', #3230, 21.50000000000000355 ) ;
#1093 = AXIS2_PLACEMENT_3D ( 'NONE', #3105, #1105, #1163 ) ;
#1094 = DIRECTION ( 'NONE',  ( -0.000000000000000000, 1.000000000000000000, 3.061616997868383141E-16 ) ) ;
#1095 = CIRCLE ( 'NONE', #2119, 0.2500000000000002220 ) ;
#1096 = CIRCLE ( 'NONE', #7865, 0.2500000000000002220 ) ;
#1097 = VERTEX_POINT ( 'NONE', #10276 ) ;
#1098 = EDGE_CURVE ( 'NONE', #1324, #11364, #3580, .T. ) ;
#1099 = ORIENTED_EDGE ( 'NONE', *, *, #8333, .F. ) ;
#1100 = EDGE_CURVE ( 'NONE', #1195, #8210, #3789, .T. ) ;
#1101 = LINE ( 'NONE', #11055, #1657 ) ;
#1102 = VERTEX_POINT ( 'NONE', #6375 ) ;
#1103 = DIRECTION ( 'NONE',  ( 0.000000000000000000, -1.000000000000000000, -3.061616997868383141E-16 ) ) ;
#1104 = ADVANCED_FACE ( 'NONE', ( #8163 ), #1509, .T. ) ;
#1105 = DIRECTION ( 'NONE',  ( 0.000000000000000000, -1.000000000000000000, -3.061616997868383141E-16 ) ) ;
#1106 = CARTESIAN_POINT ( 'NONE',  ( 0.000000000000000000, 45.20000000000000995, -9.220454712679835547E-15 ) ) ;
#1107 = EDGE_LOOP ( 'NONE', ( #3046, #5894, #9848, #9331 ) ) ;
#1108 = CARTESIAN_POINT ( 'NONE',  ( 6.643865379061240972, 51.19999999999999574, -20.19771510034581397 ) ) ;
#1109 = CARTESIAN_POINT ( 'NONE',  ( -0.2499957747073984216, -80.41022924428168039, -21.49854651162791797 ) ) ;
#1110 = DIRECTION ( 'NONE',  ( -0.000000000000000000, 1.000000000000000000, 3.061616997868383141E-16 ) ) ;
#1111 = DIRECTION ( 'NONE',  ( 0.000000000000000000, 0.000000000000000000, 1.000000000000000000 ) ) ;
#1112 = CIRCLE ( 'NONE', #6884, 0.2500000000000002220 ) ;
#1113 = CARTESIAN_POINT ( 'NONE',  ( 0.000000000000000000, 45.20000000000000995, -9.220454712679835547E-15 ) ) ;
#1114 = ORIENTED_EDGE ( 'NONE', *, *, #9099, .T. ) ;
#1115 = ORIENTED_EDGE ( 'NONE', *, *, #2359, .T. ) ;
#1116 = EDGE_CURVE ( 'NONE', #2316, #12269, #3283, .T. ) ;
#1117 = ORIENTED_EDGE ( 'NONE', *, *, #3780, .F. ) ;
#1118 =( LENGTH_UNIT ( ) NAMED_UNIT ( * ) SI_UNIT ( .MILLI., .METRE. ) );
#1119 = CARTESIAN_POINT ( 'NONE',  ( -21.23529932279548049, -80.41022924428168039, -3.113340998364782841 ) ) ;
#1120 = CIRCLE ( 'NONE', #1947, 21.50000000000001066 ) ;
#1121 = CARTESIAN_POINT ( 'NONE',  ( 0.000000000000000000, 76.00000000000000000, 2.093256407547811404E-16 ) ) ;
#1122 = CARTESIAN_POINT ( 'NONE',  ( 8.744837826129582936, 45.19999999999998863, -19.39122733931594311 ) ) ;
#1123 = VERTEX_POINT ( 'NONE', #7196 ) ;
#1124 = CARTESIAN_POINT ( 'NONE',  ( -0.9950000000000006617, -47.85087804878048701, 0.000000000000000000 ) ) ;
#1125 = CARTESIAN_POINT ( 'NONE',  ( 0.000000000000000000, 87.50000000000001421, 3.730185188303422936E-15 ) ) ;
#1126 = CARTESIAN_POINT ( 'NONE',  ( 3.116195710812345254, -80.41022924428168039, -21.27297168455585563 ) ) ;
#1127 = VERTEX_POINT ( 'NONE', #9245 ) ;
#1128 = CARTESIAN_POINT ( 'NONE',  ( 0.9971111658241323950, 0.08650247068055810784, 2.799502470680558464 ) ) ;
#1129 = CARTESIAN_POINT ( 'NONE',  ( -11.49928352796079345, 51.20000000000000995, 18.16635567040261634 ) ) ;
#1130 = ORIENTED_EDGE ( 'NONE', *, *, #319, .F. ) ;
#1131 = ORIENTED_EDGE ( 'NONE', *, *, #4267, .F. ) ;
#1132 = VECTOR ( 'NONE', #283, 1000.000000000000000 ) ;
#1133 = EDGE_CURVE ( 'NONE', #9547, #8858, #6868, .T. ) ;
#1134 = DIRECTION ( 'NONE',  ( 1.000000000000000000, -0.000000000000000000, -0.000000000000000000 ) ) ;
#1135 = DIRECTION ( 'NONE',  ( -0.000000000000000000, 1.000000000000000000, 3.061616997868383141E-16 ) ) ;
#1136 = AXIS2_PLACEMENT_3D ( 'NONE', #11591, #7805, #7741 ) ;
#1137 = VERTEX_POINT ( 'NONE', #10217 ) ;
#1138 = DIRECTION ( 'NONE',  ( 0.000000000000000000, 0.000000000000000000, 1.000000000000000000 ) ) ;
#1139 = DIRECTION ( 'NONE',  ( 0.000000000000000000, -3.061616997868383141E-16, 1.000000000000000000 ) ) ;
#1140 = DIRECTION ( 'NONE',  ( 0.000000000000000000, 0.000000000000000000, -1.000000000000000000 ) ) ;
#1141 = ORIENTED_EDGE ( 'NONE', *, *, #7226, .F. ) ;
#1142 = CARTESIAN_POINT ( 'NONE',  ( 0.000000000000000000, 87.50000000000001421, 20.50000000000001066 ) ) ;
#1143 = CARTESIAN_POINT ( 'NONE',  ( 9.982883740771674397, 45.20000000000000284, 19.04184949573534524 ) ) ;
#1144 = FACE_OUTER_BOUND ( 'NONE', #6888, .T. ) ;
#1145 = AXIS2_PLACEMENT_3D ( 'NONE', #11511, #11695, #2917 ) ;
#1146 = B_SPLINE_CURVE_WITH_KNOTS ( 'NONE', 3,
 ( #2445, #6183, #1344, #12065, #1467, #5292, #12003, #1408, #10986, #11175, #5234, #8103, #3224, #11940, #7326, #318 ),
 .UNSPECIFIED., .F., .F.,
 ( 4, 3, 3, 3, 3, 4 ),
 ( 4.065758146820641628E-20, 2.525768609668441954E-06, 4.871191486687799941E-06, 6.627982770225220845E-06, 8.046505712681050412E-06, 9.198675655824019916E-06 ),
 .UNSPECIFIED. ) ;
#1147 = VERTEX_POINT ( 'NONE', #3350 ) ;
#1148 = ORIENTED_EDGE ( 'NONE', *, *, #3468, .F. ) ;
#1149 = CARTESIAN_POINT ( 'NONE',  ( 0.9999999999999995559, 0.08167987200253568059, 2.794679872002535870 ) ) ;
#1150 = DIRECTION ( 'NONE',  ( 9.860761315262647568E-32, 1.000000000000000000, 3.061616997868381662E-16 ) ) ;
#1151 = VECTOR ( 'NONE', #2057, 1000.000000000000000 ) ;
#1152 = ORIENTED_EDGE ( 'NONE', *, *, #5649, .T. ) ;
#1153 = CIRCLE ( 'NONE', #3423, 0.2500000000000002220 ) ;
#1154 = DIRECTION ( 'NONE',  ( 0.000000000000000000, -3.227392513445220839E-16, 1.000000000000000000 ) ) ;
#1155 = CYLINDRICAL_SURFACE ( 'NONE', #3850, 21.50000000000000355 ) ;
#1156 = FACE_OUTER_BOUND ( 'NONE', #8890, .T. ) ;
#1157 = ADVANCED_FACE ( 'NONE', ( #8031 ), #2190, .F. ) ;
#1158 = ORIENTED_EDGE ( 'NONE', *, *, #7265, .F. ) ;
#1159 = VERTEX_POINT ( 'NONE', #12194 ) ;
#1160 = CARTESIAN_POINT ( 'NONE',  ( 0.9999142384383525872, 0.07390508604211698529, -2.639094913957884980 ) ) ;
#1161 = VERTEX_POINT ( 'NONE', #3416 ) ;
#1162 = DIRECTION ( 'NONE',  ( 0.000000000000000000, -1.000000000000000000, -3.061616997868383141E-16 ) ) ;
#1163 = DIRECTION ( 'NONE',  ( 0.000000000000000000, 0.000000000000000000, -1.000000000000000000 ) ) ;
#1164 = DIRECTION ( 'NONE',  ( 0.000000000000000000, 0.000000000000000000, -1.000000000000000000 ) ) ;
#1165 = ORIENTED_EDGE ( 'NONE', *, *, #9701, .T. ) ;
#1166 = CARTESIAN_POINT ( 'NONE',  ( 0.000000000000000000, 87.50000000000001421, 19.50000000000000711 ) ) ;
#1167 = CIRCLE ( 'NONE', #8354, 21.50000000000000000 ) ;
#1168 = DIRECTION ( 'NONE',  ( -0.000000000000000000, 1.000000000000000000, 3.061616997868383141E-16 ) ) ;
#1169 = PRODUCT_DEFINITION_SHAPE ( 'NONE', 'NONE',  #12705 ) ;
#1170 = DIRECTION ( 'NONE',  ( -0.000000000000000000, 1.000000000000000000, 3.061616997868383141E-16 ) ) ;
#1171 = EDGE_CURVE ( 'NONE', #9215, #9729, #10027, .T. ) ;
#1172 = VECTOR ( 'NONE', #10791, 1000.000000000000000 ) ;
#1173 = DIRECTION ( 'NONE',  ( 0.000000000000000000, 0.000000000000000000, -1.000000000000000000 ) ) ;
#1174 = DIRECTION ( 'NONE',  ( 0.000000000000000000, -1.000000000000000000, -3.061616997868383141E-16 ) ) ;
#1175 = ORIENTED_EDGE ( 'NONE', *, *, #8742, .T. ) ;
#1176 = ADVANCED_FACE ( 'NONE', ( #9056, #254 ), #4206, .T. ) ;
#1177 = ORIENTED_EDGE ( 'NONE', *, *, #11484, .F. ) ;
#1178 = AXIS2_PLACEMENT_3D ( 'NONE', #5470, #11353, #7508 ) ;
#1179 = EDGE_LOOP ( 'NONE', ( #7683, #10004, #3846, #3401 ) ) ;
#1180 = AXIS2_PLACEMENT_3D ( 'NONE', #7746, #7809, #8650 ) ;
#1181 = CARTESIAN_POINT ( 'NONE',  ( 18.03141721082663196, 45.20000000000000284, 11.70973925282305217 ) ) ;
#1182 = DIRECTION ( 'NONE',  ( 9.860761315262647568E-32, 1.000000000000000000, 3.061616997868382648E-16 ) ) ;
#1183 = DIRECTION ( 'NONE',  ( 0.000000000000000000, 0.000000000000000000, 1.000000000000000000 ) ) ;
#1184 = ORIENTED_EDGE ( 'NONE', *, *, #3608, .F. ) ;
#1186 = EDGE_CURVE ( 'NONE', #3027, #1533, #12273, .T. ) ;
#1185 = LINE ( 'NONE', #4296, #10178 ) ;
#1187 = CARTESIAN_POINT ( 'NONE',  ( -14.38630803671525804, -80.41022924428169460, 15.97761374776411003 ) ) ;
#1188 = DIRECTION ( 'NONE',  ( 0.000000000000000000, 1.000000000000000000, 3.061616997868382648E-16 ) ) ;
#1189 = ADVANCED_FACE ( 'NONE', ( #3537 ), #7452, .F. ) ;
#1190 = ORIENTED_EDGE ( 'NONE', *, *, #5961, .F. ) ;
#1191 = CYLINDRICAL_SURFACE ( 'NONE', #3455, 21.50000000000000355 ) ;
#1192 = CARTESIAN_POINT ( 'NONE',  ( 0.000000000000000000, 87.50000000000001421, 3.730185188303422936E-15 ) ) ;
#1193 = ORIENTED_EDGE ( 'NONE', *, *, #5226, .F. ) ;
#1194 = CIRCLE ( 'NONE', #2840, 0.2500000000000002220 ) ;
#1195 = VERTEX_POINT ( 'NONE', #10588 ) ;
#1196 = AXIS2_PLACEMENT_3D ( 'NONE', #7810, #6995, #2875 ) ;
#1197 = CYLINDRICAL_SURFACE ( 'NONE', #9692, 0.2500000000000002220 ) ;
#1198 = DIRECTION ( 'NONE',  ( -0.000000000000000000, 1.000000000000000000, 3.061616997868383141E-16 ) ) ;
#1199 = ORIENTED_EDGE ( 'NONE', *, *, #567, .F. ) ;
#1200 = DIRECTION ( 'NONE',  ( -0.000000000000000000, 1.000000000000000000, 3.061616997868383141E-16 ) ) ;
#1201 = DIRECTION ( 'NONE',  ( 0.000000000000000000, 0.000000000000000000, 1.000000000000000000 ) ) ;
#1202 = FACE_OUTER_BOUND ( 'NONE', #568, .T. ) ;
#1203 = EDGE_LOOP ( 'NONE', ( #8411, #446, #10871, #1177 ) ) ;
#1204 = DIRECTION ( 'NONE',  ( -9.860761315262647568E-32, 1.000000000000000000, 3.061616997868381662E-16 ) ) ;
#1205 = DIRECTION ( 'NONE',  ( -0.000000000000000000, 1.000000000000000000, 3.061616997868383141E-16 ) ) ;
#1206 = DIRECTION ( 'NONE',  ( -1.000000000000000000, 0.000000000000000000, 0.000000000000000000 ) ) ;
#1207 = EDGE_CURVE ( 'NONE', #5689, #1645, #573, .T. ) ;
#1208 = AXIS2_PLACEMENT_3D ( 'NONE', #9479, #5647, #9546 ) ;
#1209 = AXIS2_PLACEMENT_3D ( 'NONE', #5965, #10632, #1836 ) ;
#1210 = EDGE_LOOP ( 'NONE', ( #1608, #7359, #7886, #392 ) ) ;
#1211 = CARTESIAN_POINT ( 'NONE',  ( 0.9979693847162174336, 0.08598665755357125240, 2.798986657553571344 ) ) ;
#1212 = VECTOR ( 'NONE', #6219, 1000.000000000000000 ) ;
#1213 = CARTESIAN_POINT ( 'NONE',  ( -0.9970308217411294471, -0.08655782550412985388, -2.799557825504130015 ) ) ;
#1214 = ORIENTED_EDGE ( 'NONE', *, *, #3043, .F. ) ;
#1215 = CARTESIAN_POINT ( 'NONE',  ( -7.470998869602680337, -80.41022924428168039, -20.16021269457234411 ) ) ;
#1216 = CIRCLE ( 'NONE', #9219, 0.2500000000000002220 ) ;
#1217 = CARTESIAN_POINT ( 'NONE',  ( 0.000000000000000000, 45.20000000000000995, -9.220454712679835547E-15 ) ) ;
#1218 = DIRECTION ( 'NONE',  ( 0.000000000000000000, -1.000000000000000000, -3.061616997868383141E-16 ) ) ;
#1219 = DIRECTION ( 'NONE',  ( 0.000000000000000000, -3.227392513445222318E-16, 1.000000000000000000 ) ) ;
#1220 = MANIFOLD_SOLID_BREP ( 'Fillet1', #1972 ) ;
#1221 = ORIENTED_EDGE ( 'NONE', *, *, #9580, .F. ) ;
#1222 = EDGE_LOOP ( 'NONE', ( #7043, #6832, #6838, #1554 ) ) ;
#1223 = AXIS2_PLACEMENT_3D ( 'NONE', #9237, #5224, #11098 ) ;
#1224 = CARTESIAN_POINT ( 'NONE',  ( 0.9971807391522776731, 0.07717652363796606574, -2.635823476362035844 ) ) ;
#1225 = CARTESIAN_POINT ( 'NONE',  ( -3.363340998365109691, 51.19999999999999574, -21.23529932279540589 ) ) ;
#1226 = ADVANCED_FACE ( 'NONE', ( #11552 ), #2694, .T. ) ;
#1227 = ORIENTED_EDGE ( 'NONE', *, *, #9898, .T. ) ;
#1228 = CARTESIAN_POINT ( 'NONE',  ( -3.363340998364683809, 51.20000000000000995, 21.23529932279551247 ) ) ;
#1229 = FACE_OUTER_BOUND ( 'NONE', #11519, .T. ) ;
#1230 = DIRECTION ( 'NONE',  ( 9.860761315262647568E-32, 1.000000000000000000, 3.061616997868382648E-16 ) ) ;
#1231 = FACE_OUTER_BOUND ( 'NONE', #248, .T. ) ;
#1232 = CARTESIAN_POINT ( 'NONE',  ( 5.564609469704060452, 45.19999999999998863, -20.76740526521497898 ) ) ;
#1233 = CARTESIAN_POINT ( 'NONE',  ( 0.000000000000000000, 51.20000000000000995, -7.383484513958806747E-15 ) ) ;
#1234 = AXIS2_PLACEMENT_3D ( 'NONE', #85, #793, #10810 ) ;
#1235 = CARTESIAN_POINT ( 'NONE',  ( 0.000000000000000000, 51.19999999999999574, -21.49999999999997158 ) ) ;
#1236 = ORIENTED_EDGE ( 'NONE', *, *, #4969, .T. ) ;
#1237 = EDGE_LOOP ( 'NONE', ( #10310, #12605, #9797, #10275 ) ) ;
#1238 = VERTEX_POINT ( 'NONE', #11295 ) ;
#1239 = ADVANCED_FACE ( 'NONE', ( #7512 ), #3732, .T. ) ;
#1240 = CARTESIAN_POINT ( 'NONE',  ( 19.15664027004985215, 45.19999999999998863, -9.760795744400320828 ) ) ;
#1241 = CARTESIAN_POINT ( 'NONE',  ( -20.36907980785178651, 45.19999999999998863, -6.881176337034629498 ) ) ;
#1242 = DIRECTION ( 'NONE',  ( 0.000000000000000000, 0.000000000000000000, -1.000000000000000000 ) ) ;
#1243 = VERTEX_POINT ( 'NONE', #1652 ) ;
#1244 = LINE ( 'NONE', #6283, #8123 ) ;
#1245 = EDGE_CURVE ( 'NONE', #3278, #9348, #5596, .T. ) ;
#1246 = DIRECTION ( 'NONE',  ( 0.000000000000000000, -3.227392513445222318E-16, 1.000000000000000000 ) ) ;
#1247 = CYLINDRICAL_SURFACE ( 'NONE', #9006, 21.50000000000000355 ) ;
#1248 = VERTEX_POINT ( 'NONE', #7573 ) ;
#1249 = CARTESIAN_POINT ( 'NONE',  ( 0.9975686316102995166, 0.08627573251035154656, 2.799275732510351666 ) ) ;
#1250 = CARTESIAN_POINT ( 'NONE',  ( 0.000000000000000000, 87.50000000000001421, 3.730185188303422936E-15 ) ) ;
#1251 = AXIS2_PLACEMENT_3D ( 'NONE', #4587, #3744, #11565 ) ;
#1252 = VERTEX_POINT ( 'NONE', #9495 ) ;
#1253 = ORIENTED_EDGE ( 'NONE', *, *, #6085, .F. ) ;
#1254 = DIRECTION ( 'NONE',  ( -9.860761315262647568E-32, 1.000000000000000000, 3.061616997868382155E-16 ) ) ;
#1255 = EDGE_CURVE ( 'NONE', #4019, #8815, #9622, .T. ) ;
#1256 = CARTESIAN_POINT ( 'NONE',  ( 2.247361960254553370, -80.41022924428169460, 21.38222075041784009 ) ) ;
#1257 = ORIENTED_EDGE ( 'NONE', *, *, #9543, .T. ) ;
#1258 = DIRECTION ( 'NONE',  ( -1.479114197289397354E-31, 1.000000000000000000, 3.061616997868382155E-16 ) ) ;
#1259 = AXIS2_PLACEMENT_3D ( 'NONE', #6279, #4355, #12157 ) ;
#1260 = DIRECTION ( 'NONE',  ( 0.000000000000000000, 0.000000000000000000, 1.000000000000000000 ) ) ;
#1261 = ORIENTED_EDGE ( 'NONE', *, *, #7476, .F. ) ;
#1262 = CARTESIAN_POINT ( 'NONE',  ( -3.116195710812633024, -80.41022924428168039, -21.27297168455581300 ) ) ;
#1263 = VECTOR ( 'NONE', #2858, 1000.000000000000000 ) ;
#1264 = CARTESIAN_POINT ( 'NONE',  ( 0.000000000000000000, 87.50000000000001421, 3.730185188303422936E-15 ) ) ;
#1265 = CARTESIAN_POINT ( 'NONE',  ( 0.000000000000000000, 87.50000000000001421, 3.730185188303422936E-15 ) ) ;
#1266 = CARTESIAN_POINT ( 'NONE',  ( 18.61954618136544681, 51.20000000000000995, 10.74999999999996625 ) ) ;
#1267 = CIRCLE ( 'NONE', #12531, 0.2500000000000002220 ) ;
#1268 = AXIS2_PLACEMENT_3D ( 'NONE', #12321, #5610, #6807 ) ;
#1269 = EDGE_CURVE ( 'NONE', #3612, #10920, #2503, .T. ) ;
#1270 = ADVANCED_FACE ( 'NONE', ( #10339 ), #9370, .F. ) ;
#1271 = CIRCLE ( 'NONE', #11729, 0.2500000000000002220 ) ;
#1272 = VERTEX_POINT ( 'NONE', #3087 ) ;
#1273 = CARTESIAN_POINT ( 'NONE',  ( 0.9999999999999995559, 0.08254785179391881111, 2.795547851793915406 ) ) ;
#1274 = VECTOR ( 'NONE', #12004, 1000.000000000000000 ) ;
#1275 = DIRECTION ( 'NONE',  ( 0.000000000000000000, 0.000000000000000000, -1.000000000000000000 ) ) ;
#1276 = ORIENTED_EDGE ( 'NONE', *, *, #1457, .T. ) ;
#1277 = CIRCLE ( 'NONE', #4182, 0.2500000000000011102 ) ;
#1278 = CIRCLE ( 'NONE', #10922, 21.50000000000000000 ) ;
#1279 = CARTESIAN_POINT ( 'NONE',  ( 0.000000000000000000, 51.20000000000000995, -7.383484513958806747E-15 ) ) ;
#1280 = DIRECTION ( 'NONE',  ( -0.000000000000000000, 1.000000000000000000, 3.061616997868383141E-16 ) ) ;
#1281 = CARTESIAN_POINT ( 'NONE',  ( 0.000000000000000000, 9.199999999999999289, -2.024227590500601781E-14 ) ) ;
#1282 = DIRECTION ( 'NONE',  ( -0.000000000000000000, 1.000000000000000000, 3.061616997868383141E-16 ) ) ;
#1283 = AXIS2_PLACEMENT_3D ( 'NONE', #8519, #12416, #9231 ) ;
#1284 = ORIENTED_EDGE ( 'NONE', *, *, #12468, .F. ) ;
#1285 = CIRCLE ( 'NONE', #474, 0.2500000000000002220 ) ;
#1286 = VERTEX_POINT ( 'NONE', #11731 ) ;
#1287 = VECTOR ( 'NONE', #9736, 1000.000000000000000 ) ;
#1288 = EDGE_CURVE ( 'NONE', #4440, #11645, #9618, .T. ) ;
#1289 = CARTESIAN_POINT ( 'NONE',  ( 1.000000000000145439, 0.07339451849166453434, -2.639605481508337181 ) ) ;
#1290 = CARTESIAN_POINT ( 'NONE',  ( 11.91861172467652530, -80.41022924428169460, 17.89404075541356676 ) ) ;
#1291 = ORIENTED_EDGE ( 'NONE', *, *, #7375, .F. ) ;
#1292 = DIRECTION ( 'NONE',  ( 1.000000000000000000, 0.000000000000000000, 0.000000000000000000 ) ) ;
#1293 = DIRECTION ( 'NONE',  ( -0.000000000000000000, 1.000000000000000000, 3.061616997868383141E-16 ) ) ;
#1294 = CIRCLE ( 'NONE', #8483, 21.50000000000000000 ) ;
#1295 = DIRECTION ( 'NONE',  ( 0.000000000000000000, -1.000000000000000000, -3.061616997868383141E-16 ) ) ;
#1296 = FACE_OUTER_BOUND ( 'NONE', #10787, .T. ) ;
#1297 = AXIS2_PLACEMENT_3D ( 'NONE', #10235, #7283, #5370 ) ;
#1298 = CIRCLE ( 'NONE', #887, 0.2500000000000002220 ) ;
#1299 = DIRECTION ( 'NONE',  ( -9.860761315262647568E-32, 1.000000000000000000, 3.061616997868382648E-16 ) ) ;
#1300 = DIRECTION ( 'NONE',  ( 0.000000000000000000, -3.227392513445220839E-16, 1.000000000000000000 ) ) ;
#1301 = DIRECTION ( 'NONE',  ( 0.000000000000000000, 0.000000000000000000, 1.000000000000000000 ) ) ;
#1302 = APPLICATION_CONTEXT ( 'automotive_design' ) ;
#1303 = VERTEX_POINT ( 'NONE', #11670 ) ;
#1304 = EDGE_CURVE ( 'NONE', #12400, #2624, #8725, .T. ) ;
#1305 = EDGE_LOOP ( 'NONE', ( #6066, #12560, #2297, #6473 ) ) ;
#1306 = CIRCLE ( 'NONE', #5446, 21.50000000000001066 ) ;
#1307 = AXIS2_PLACEMENT_3D ( 'NONE', #12643, #8804, #4982 ) ;
#1308 = ORIENTED_EDGE ( 'NONE', *, *, #5042, .F. ) ;
#1309 = DIRECTION ( 'NONE',  ( -0.000000000000000000, 1.000000000000000000, 3.061616997868383141E-16 ) ) ;
#1310 = CYLINDRICAL_SURFACE ( 'NONE', #3562, 21.50000000000000355 ) ;
#1311 = LINE ( 'NONE', #4420, #478 ) ;
#1312 = ORIENTED_EDGE ( 'NONE', *, *, #12585, .F. ) ;
#1313 = FACE_OUTER_BOUND ( 'NONE', #4227, .T. ) ;
#1314 = CIRCLE ( 'NONE', #4000, 18.49999999999999645 ) ;
#1315 = CARTESIAN_POINT ( 'NONE',  ( -0.8754938253329386244, -80.41022924428168039, -21.48216726873256022 ) ) ;
#1316 = CYLINDRICAL_SURFACE ( 'NONE', #2247, 21.50000000000000355 ) ;
#1317 = ORIENTED_EDGE ( 'NONE', *, *, #3466, .T. ) ;
#1318 = EDGE_CURVE ( 'NONE', #11427, #7489, #5741, .T. ) ;
#1319 = CARTESIAN_POINT ( 'NONE',  ( -18.03141721082671367, 45.19999999999998863, -11.70973925282289940 ) ) ;
#1320 = CYLINDRICAL_SURFACE ( 'NONE', #4981, 21.50000000000000355 ) ;
#1321 = EDGE_CURVE ( 'NONE', #942, #9230, #2114, .T. ) ;
#1322 = ORIENTED_EDGE ( 'NONE', *, *, #3411, .F. ) ;
#1323 = ADVANCED_FACE ( 'NONE', ( #7761 ), #10642, .T. ) ;
#1324 = VERTEX_POINT ( 'NONE', #7960 ) ;
#1325 = AXIS2_PLACEMENT_3D ( 'NONE', #2171, #9881, #11723 ) ;
#1326 = VERTEX_POINT ( 'NONE', #6882 ) ;
#1327 = FACE_OUTER_BOUND ( 'NONE', #5834, .T. ) ;
#1328 = DIRECTION ( 'NONE',  ( -0.000000000000000000, 1.000000000000000000, 3.061616997868383141E-16 ) ) ;
#1329 = EDGE_LOOP ( 'NONE', ( #5068, #985, #6225, #12017 ) ) ;
#1330 = DIRECTION ( 'NONE',  ( 0.000000000000000000, -3.227392513445222318E-16, 1.000000000000000000 ) ) ;
#1331 = DIRECTION ( 'NONE',  ( -0.000000000000000000, 1.000000000000000000, 3.061616997868383141E-16 ) ) ;
#1332 = VERTEX_POINT ( 'NONE', #3997 ) ;
#1333 = DIRECTION ( 'NONE',  ( -0.000000000000000000, 1.000000000000000000, 3.061616997868383141E-16 ) ) ;
#1334 = CARTESIAN_POINT ( 'NONE',  ( 0.000000000000000000, 45.20000000000000995, -9.220454712679835547E-15 ) ) ;
#1335 = PLANE ( 'NONE',  #9203 ) ;
#1336 = EDGE_CURVE ( 'NONE', #7995, #3099, #6766, .T. ) ;
#1337 = AXIS2_PLACEMENT_3D ( 'NONE', #11707, #2931, #5074 ) ;
#1338 = CARTESIAN_POINT ( 'NONE',  ( 0.000000000000000000, 45.20000000000000995, -9.220454712679835547E-15 ) ) ;
#1339 = EDGE_CURVE ( 'NONE', #10768, #7973, #391, .T. ) ;
#1340 = VERTEX_POINT ( 'NONE', #11607 ) ;
#1341 = CARTESIAN_POINT ( 'NONE',  ( 0.9975686316102947426, 0.08627573251034072188, 2.799275732510341008 ) ) ;
#1342 = DIRECTION ( 'NONE',  ( 0.000000000000000000, 0.000000000000000000, 1.000000000000000000 ) ) ;
#1343 = ORIENTED_EDGE ( 'NONE', *, *, #1544, .F. ) ;
#1344 = CARTESIAN_POINT ( 'NONE',  ( -0.9998813553147612998, -0.07408534169292078919, 2.638914658307078387 ) ) ;
#1345 = DIRECTION ( 'NONE',  ( 0.000000000000000000, -3.227392513445222318E-16, 1.000000000000000000 ) ) ;
#1346 = PRODUCT_DEFINITION_CONTEXT ( 'detailed design', #2135, 'design' ) ;
#1347 = CYLINDRICAL_SURFACE ( 'NONE', #4882, 0.2500000000000002220 ) ;
#1348 = CIRCLE ( 'NONE', #716, 21.50000000000001066 ) ;
#1349 = PLANE ( 'NONE',  #5313 ) ;
#1350 = EDGE_CURVE ( 'NONE', #4679, #11925, #3682, .T. ) ;
#1351 = ORIENTED_EDGE ( 'NONE', *, *, #4867, .T. ) ;
#1352 = VERTEX_POINT ( 'NONE', #6945 ) ;
#1353 = AXIS2_PLACEMENT_3D ( 'NONE', #4536, #12278, #5559 ) ;
#1354 = DIRECTION ( 'NONE',  ( -4.930380657631323784E-32, 1.000000000000000000, 3.061616997868383634E-16 ) ) ;
#1355 = VERTEX_POINT ( 'NONE', #8852 ) ;
#1356 = DIRECTION ( 'NONE',  ( 0.000000000000000000, 0.000000000000000000, -1.000000000000000000 ) ) ;
#1357 = CARTESIAN_POINT ( 'NONE',  ( -0.9954283379157922163, -0.08699999999999999400, -2.799999999999999822 ) ) ;
#1358 = DIRECTION ( 'NONE',  ( -1.000000000000000000, 0.000000000000000000, 0.000000000000000000 ) ) ;
#1359 = DIRECTION ( 'NONE',  ( -0.000000000000000000, 1.000000000000000000, 3.061616997868383141E-16 ) ) ;
#1360 = CYLINDRICAL_SURFACE ( 'NONE', #5300, 21.50000000000000355 ) ;
#1361 = CARTESIAN_POINT ( 'NONE',  ( 0.9975384582459762006, -0.07697644439475111178, 2.636023555605248259 ) ) ;
#1362 = EDGE_CURVE ( 'NONE', #8910, #11221, #4921, .T. ) ;
#1363 = CIRCLE ( 'NONE', #5690, 21.50000000000000000 ) ;
#1364 = VECTOR ( 'NONE', #10410, 1000.000000000000000 ) ;
#1365 = CARTESIAN_POINT ( 'NONE',  ( 5.564609469704060452, 51.19999999999999574, -20.76740526521497543 ) ) ;
#1366 = ORIENTED_EDGE ( 'NONE', *, *, #7144, .F. ) ;
#1367 = ORIENTED_EDGE ( 'NONE', *, *, #3100, .T. ) ;
#1368 = ORIENTED_EDGE ( 'NONE', *, *, #12701, .T. ) ;
#1369 = CARTESIAN_POINT ( 'NONE',  ( -14.19955239679480918, -80.41022924428168039, -16.14381341971837358 ) ) ;
#1370 = CYLINDRICAL_SURFACE ( 'NONE', #3785, 0.2500000000000002220 ) ;
#1371 = DIRECTION ( 'NONE',  ( 0.000000000000000000, -1.000000000000000000, -3.061616997868383141E-16 ) ) ;
#1372 = EDGE_LOOP ( 'NONE', ( #8838, #7630 ) ) ;
#1373 = CARTESIAN_POINT ( 'NONE',  ( 13.53038840757152173, 51.20000000000000995, 16.70863817132486062 ) ) ;
#1374 = DIRECTION ( 'NONE',  ( 0.000000000000000000, 0.000000000000000000, 1.000000000000000000 ) ) ;
#1375 = DIRECTION ( 'NONE',  ( 0.000000000000000000, -3.227392513445220839E-16, 1.000000000000000000 ) ) ;
#1376 = ORIENTED_EDGE ( 'NONE', *, *, #1973, .T. ) ;
#1377 = ADVANCED_FACE ( 'NONE', ( #888 ), #4894, .F. ) ;
#1378 = CARTESIAN_POINT ( 'NONE',  ( 0.9999999999999995559, -47.85087804878048701, 0.000000000000000000 ) ) ;
#1379 = DIRECTION ( 'NONE',  ( 0.000000000000000000, 0.000000000000000000, 1.000000000000000000 ) ) ;
#1380 = VERTEX_POINT ( 'NONE', #3803 ) ;
#1381 = VECTOR ( 'NONE', #3739, 1000.000000000000000 ) ;
#1382 = ORIENTED_EDGE ( 'NONE', *, *, #10193, .F. ) ;
#1383 = CIRCLE ( 'NONE', #5503, 0.2500000000000002220 ) ;
#1384 = VERTEX_POINT ( 'NONE', #7700 ) ;
#1385 = FACE_OUTER_BOUND ( 'NONE', #10142, .T. ) ;
#1386 = ADVANCED_FACE ( 'NONE', ( #9757 ), #5917, .T. ) ;
#1387 = LINE ( 'NONE', #8142, #5653 ) ;
#1388 = VERTEX_POINT ( 'NONE', #2822 ) ;
#1389 = CARTESIAN_POINT ( 'NONE',  ( 0.000000000000000000, 51.20000000000000995, -7.383484513958806747E-15 ) ) ;
#1390 = ADVANCED_FACE ( 'NONE', ( #6750 ), #5036, .T. ) ;
#1391 = DIRECTION ( 'NONE',  ( 0.000000000000000000, -3.227392513445220839E-16, 1.000000000000000000 ) ) ;
#1392 = ORIENTED_EDGE ( 'NONE', *, *, #6664, .T. ) ;
#1393 = CYLINDRICAL_SURFACE ( 'NONE', #2149, 0.2500000000000002220 ) ;
#1394 = CARTESIAN_POINT ( 'NONE',  ( -0.9985996054052503901, 0.08537226377139001121, 2.798372263771390589 ) ) ;
#1395 = DIRECTION ( 'NONE',  ( 4.930380657631323784E-32, 1.000000000000000000, 3.061616997868382648E-16 ) ) ;
#1396 = AXIS2_PLACEMENT_3D ( 'NONE', #29, #3978, #3006 ) ;
#1397 = EDGE_CURVE ( 'NONE', #1988, #4883, #587, .T. ) ;
#1398 = DIRECTION ( 'NONE',  ( 0.000000000000000000, 0.000000000000000000, 1.000000000000000000 ) ) ;
#1399 = CIRCLE ( 'NONE', #7162, 0.2500000000000002220 ) ;
#1400 = EDGE_CURVE ( 'NONE', #11452, #1326, #1984, .T. ) ;
#1401 = ORIENTED_EDGE ( 'NONE', *, *, #533, .T. ) ;
#1402 = CARTESIAN_POINT ( 'NONE',  ( 0.9993795618995751084, 0.08424658751968806814, 2.797246587519687910 ) ) ;
#1403 = EDGE_CURVE ( 'NONE', #9762, #3826, #11653, .T. ) ;
#1404 = DIRECTION ( 'NONE',  ( 9.860761315262647568E-32, 1.000000000000000000, 3.061616997868382155E-16 ) ) ;
#1406 = VERTEX_POINT ( 'NONE', #2307 ) ;
#1405 = AXIS2_PLACEMENT_3D ( 'NONE', #308, #4254, #8150 ) ;
#1407 = AXIS2_PLACEMENT_3D ( 'NONE', #4114, #3195, #11785 ) ;
#1408 = CARTESIAN_POINT ( 'NONE',  ( -0.9982926688218043410, -0.07648957950548102014, 2.636510420494518225 ) ) ;
#1409 = DIRECTION ( 'NONE',  ( 0.000000000000000000, -3.227392513445222318E-16, 1.000000000000000000 ) ) ;
#1410 = EDGE_CURVE ( 'NONE', #4380, #1161, #6559, .T. ) ;
#1411 = CIRCLE ( 'NONE', #4713, 21.50000000000001066 ) ;
#1412 = AXIS2_PLACEMENT_3D ( 'NONE', #7635, #1726, #4510 ) ;
#1413 = ORIENTED_EDGE ( 'NONE', *, *, #5119, .T. ) ;
#1414 = VECTOR ( 'NONE', #5896, 1000.000000000000000 ) ;
#1415 = VERTEX_POINT ( 'NONE', #5281 ) ;
#1416 = CARTESIAN_POINT ( 'NONE',  ( 20.97677464539629710, 51.19999999999999574, 4.714331922580218937 ) ) ;
#1417 = CIRCLE ( 'NONE', #12090, 21.50000000000001066 ) ;
#1418 = ADVANCED_FACE ( 'NONE', ( #7316 ), #4318, .F. ) ;
#1419 = ORIENTED_EDGE ( 'NONE', *, *, #9435, .T. ) ;
#1420 = CARTESIAN_POINT ( 'NONE',  ( 0.000000000000000000, 3.750000000000003553, -2.191085716884428736E-14 ) ) ;
#1421 = CYLINDRICAL_SURFACE ( 'NONE', #12375, 0.2500000000000002220 ) ;
#1422 = LINE ( 'NONE', #12326, #10392 ) ;
#1423 = DIRECTION ( 'NONE',  ( 2.465190328815661892E-32, 1.000000000000000000, 3.061616997868381169E-16 ) ) ;
#1424 = AXIS2_PLACEMENT_3D ( 'NONE', #8818, #4027, #2010 ) ;
#1425 = CARTESIAN_POINT ( 'NONE',  ( -0.9970308217411294471, 0.08655782550412985388, 2.799557825504130015 ) ) ;
#1426 = DIRECTION ( 'NONE',  ( 0.000000000000000000, -1.000000000000000000, -3.061616997868383141E-16 ) ) ;
#1427 = ORIENTED_EDGE ( 'NONE', *, *, #11157, .F. ) ;
#1428 = CIRCLE ( 'NONE', #5354, 21.50000000000001066 ) ;
#1429 = ORIENTED_EDGE ( 'NONE', *, *, #12429, .T. ) ;
#1430 = ORIENTED_EDGE ( 'NONE', *, *, #8458, .T. ) ;
#1431 = EDGE_CURVE ( 'NONE', #1286, #4436, #3888, .T. ) ;
#1432 = ADVANCED_FACE ( 'NONE', ( #3405 ), #1335, .T. ) ;
#1433 = DIRECTION ( 'NONE',  ( 0.000000000000000000, -1.000000000000000000, -3.061616997868383141E-16 ) ) ;
#1434 = DIRECTION ( 'NONE',  ( 4.930380657631323784E-32, 1.000000000000000000, 3.061616997868382648E-16 ) ) ;
#1435 = DIRECTION ( 'NONE',  ( -0.000000000000000000, 1.000000000000000000, 3.061616997868383141E-16 ) ) ;
#1436 = ORIENTED_EDGE ( 'NONE', *, *, #1963, .F. ) ;
#1437 = DIRECTION ( 'NONE',  ( -0.000000000000000000, 1.000000000000000000, 3.061616997868383141E-16 ) ) ;
#1438 = DIRECTION ( 'NONE',  ( 0.000000000000000000, -3.227392513445220839E-16, 1.000000000000000000 ) ) ;
#1439 = CARTESIAN_POINT ( 'NONE',  ( 0.000000000000000000, 87.50000000000001421, 3.730185188303422936E-15 ) ) ;
#1440 = ORIENTED_EDGE ( 'NONE', *, *, #2561, .T. ) ;
#1441 = DIRECTION ( 'NONE',  ( -0.000000000000000000, 1.000000000000000000, 3.061616997868383141E-16 ) ) ;
#1442 = LINE ( 'NONE', #5387, #11716 ) ;
#1443 = ORIENTED_EDGE ( 'NONE', *, *, #6369, .T. ) ;
#1444 = EDGE_LOOP ( 'NONE', ( #498, #3248, #8143, #4036 ) ) ;
#1445 = VERTEX_POINT ( 'NONE', #5165 ) ;
#1446 = CARTESIAN_POINT ( 'NONE',  ( 8.515864134734579594, -80.41022924428168039, -19.74158195380353931 ) ) ;
#1447 = CARTESIAN_POINT ( 'NONE',  ( -19.15664027004999070, 51.19999999999999574, -9.760795744400050822 ) ) ;
#1448 = ORIENTED_EDGE ( 'NONE', *, *, #6519, .F. ) ;
#1449 = DIRECTION ( 'NONE',  ( 0.000000000000000000, -1.000000000000000000, -3.061616997868383141E-16 ) ) ;
#1450 = DIRECTION ( 'NONE',  ( 0.000000000000000000, -1.000000000000000000, -3.061616997868383141E-16 ) ) ;
#1451 = ORIENTED_EDGE ( 'NONE', *, *, #11943, .F. ) ;
#1452 = LINE ( 'NONE', #7372, #8705 ) ;
#1453 = AXIS2_PLACEMENT_3D ( 'NONE', #832, #3813, #8736 ) ;
#1454 = DIRECTION ( 'NONE',  ( -0.000000000000000000, 1.000000000000000000, 3.061616997868383141E-16 ) ) ;
#1455 = CARTESIAN_POINT ( 'NONE',  ( -19.53821706942812497, -80.41022924428168039, 8.972629143562462772 ) ) ;
#1456 = CARTESIAN_POINT ( 'NONE',  ( -9.760795744400400764, 51.19999999999999574, -19.15664027004980596 ) ) ;
#1457 = EDGE_CURVE ( 'NONE', #1998, #6768, #10018, .T. ) ;
#1458 = AXIS2_PLACEMENT_3D ( 'NONE', #5093, #1072, #2175 ) ;
#1459 = AXIS2_PLACEMENT_3D ( 'NONE', #1812, #7785, #11691 ) ;
#1460 = AXIS2_PLACEMENT_3D ( 'NONE', #5327, #11207, #9222 ) ;
#1461 = ADVANCED_FACE ( 'NONE', ( #1144 ), #3337, .F. ) ;
#1462 = VERTEX_POINT ( 'NONE', #4195 ) ;
#1463 = DIRECTION ( 'NONE',  ( -0.000000000000000000, 1.000000000000000000, 3.061616997868383141E-16 ) ) ;
#1464 = DIRECTION ( 'NONE',  ( 0.000000000000000000, 0.000000000000000000, 1.000000000000000000 ) ) ;
#1465 = ORIENTED_EDGE ( 'NONE', *, *, #10714, .T. ) ;
#1466 = APPLICATION_CONTEXT ( 'automotive_design' ) ;
#1467 = CARTESIAN_POINT ( 'NONE',  ( -0.9994163731770787651, -0.07518477396985920325, 2.637815226030140181 ) ) ;
#1468 = CARTESIAN_POINT ( 'NONE',  ( 3.363340998364822809, -80.41022924428168039, -20.98529932279549470 ) ) ;
#1469 = VECTOR ( 'NONE', #6594, 1000.000000000000000 ) ;
#1470 = CIRCLE ( 'NONE', #8654, 0.2500000000000002220 ) ;
#1471 = ADVANCED_FACE ( 'NONE', ( #2373 ), #3273, .F. ) ;
#1472 = ORIENTED_EDGE ( 'NONE', *, *, #5719, .F. ) ;
#1473 = EDGE_CURVE ( 'NONE', #4515, #3053, #5098, .T. ) ;
#1474 = ORIENTED_EDGE ( 'NONE', *, *, #5086, .F. ) ;
#1475 = DIRECTION ( 'NONE',  ( 0.000000000000000000, 0.000000000000000000, -1.000000000000000000 ) ) ;
#1476 = CIRCLE ( 'NONE', #6836, 0.2500000000000002220 ) ;
#1477 = ADVANCED_FACE ( 'NONE', ( #9173 ), #437, .F. ) ;
#1478 = ORIENTED_EDGE ( 'NONE', *, *, #9731, .F. ) ;
#1479 = CARTESIAN_POINT ( 'NONE',  ( 21.45599973288056006, 45.19999999999998863, 1.374800153705887373 ) ) ;
#1480 = DIRECTION ( 'NONE',  ( 4.930380657631323784E-32, 1.000000000000000000, 3.061616997868380676E-16 ) ) ;
#1481 = DIRECTION ( 'NONE',  ( 0.000000000000000000, -1.000000000000000000, -3.061616997868383141E-16 ) ) ;
#1482 = AXIS2_PLACEMENT_3D ( 'NONE', #1572, #3648, #616 ) ;
#1483 = CARTESIAN_POINT ( 'NONE',  ( -19.74158195380332614, 45.19999999999998863, 8.515864134735092961 ) ) ;
#1484 = CARTESIAN_POINT ( 'NONE',  ( -0.9958629984937213964, 0.08693846207045993757, 2.799938462070459710 ) ) ;
#1485 = EDGE_CURVE ( 'NONE', #10183, #12360, #182, .T. ) ;
#1486 = CARTESIAN_POINT ( 'NONE',  ( -14.57111852952440323, 45.20000000000000284, 15.80925377108454200 ) ) ;
#1487 = CIRCLE ( 'NONE', #3153, 21.50000000000000000 ) ;
#1488 = ORIENTED_EDGE ( 'NONE', *, *, #11378, .T. ) ;
#1489 = EDGE_CURVE ( 'NONE', #3686, #4612, #11052, .T. ) ;
#1490 = ORIENTED_EDGE ( 'NONE', *, *, #8832, .F. ) ;
#1491 = ADVANCED_FACE ( 'NONE', ( #12187 ), #10078, .T. ) ;
#1492 = AXIS2_PLACEMENT_3D ( 'NONE', #12032, #2221, #1050 ) ;
#1493 = VERTEX_POINT ( 'NONE', #9236 ) ;
#1494 = CIRCLE ( 'NONE', #6243, 0.2500000000000002220 ) ;
#1495 = AXIS2_PLACEMENT_3D ( 'NONE', #2079, #10945, #7155 ) ;
#1496 = DIRECTION ( 'NONE',  ( 0.000000000000000000, 0.000000000000000000, 1.000000000000000000 ) ) ;
#1497 = AXIS2_PLACEMENT_3D ( 'NONE', #6775, #11763, #9853 ) ;
#1498 = CARTESIAN_POINT ( 'NONE',  ( 20.16021269457239740, 45.19999999999998863, 7.470998869602486714 ) ) ;
#1499 = ORIENTED_EDGE ( 'NONE', *, *, #2386, .F. ) ;
#1500 = CARTESIAN_POINT ( 'NONE',  ( -19.74158195380354286, 45.19999999999998863, -8.515864134734506763 ) ) ;
#1501 = DIRECTION ( 'NONE',  ( 0.000000000000000000, -3.227392513445222318E-16, 1.000000000000000000 ) ) ;
#1502 = CARTESIAN_POINT ( 'NONE',  ( 0.000000000000000000, 87.50000000000001421, 3.730185188303422936E-15 ) ) ;
#1503 = ORIENTED_EDGE ( 'NONE', *, *, #604, .F. ) ;
#1504 = EDGE_CURVE ( 'NONE', #1536, #1286, #9001, .T. ) ;
#1505 = DIRECTION ( 'NONE',  ( 1.000000000000000000, 0.000000000000000000, 0.000000000000000000 ) ) ;
#1506 = DIRECTION ( 'NONE',  ( 0.000000000000000000, 0.000000000000000000, 1.000000000000000000 ) ) ;
#1507 = ORIENTED_EDGE ( 'NONE', *, *, #2579, .F. ) ;
#1508 = EDGE_CURVE ( 'NONE', #12093, #4329, #788, .T. ) ;
#1509 = CONICAL_SURFACE ( 'NONE', #10737, 16.01785065697083965, 0.9599310885968799223 ) ;
#1510 = ORIENTED_EDGE ( 'NONE', *, *, #5481, .F. ) ;
#1511 = ORIENTED_EDGE ( 'NONE', *, *, #1627, .T. ) ;
#1512 = FACE_OUTER_BOUND ( 'NONE', #7744, .T. ) ;
#1513 = DIRECTION ( 'NONE',  ( 4.930380657631323784E-32, 1.000000000000000000, 3.061616997868383141E-16 ) ) ;
#1514 = CIRCLE ( 'NONE', #10749, 0.2500000000000002220 ) ;
#1515 = VERTEX_POINT ( 'NONE', #6244 ) ;
#1516 = CARTESIAN_POINT ( 'NONE',  ( -21.40690689856074158, 51.19999999999999574, -1.998583757652515835 ) ) ;
#1517 = DIRECTION ( 'NONE',  ( 0.000000000000000000, 0.000000000000000000, -1.000000000000000000 ) ) ;
#1518 = ORIENTED_EDGE ( 'NONE', *, *, #10730, .F. ) ;
#1519 = LINE ( 'NONE', #7556, #3184 ) ;
#1520 = DIRECTION ( 'NONE',  ( -0.000000000000000000, 1.000000000000000000, 3.061616997868383141E-16 ) ) ;
#1521 = CYLINDRICAL_SURFACE ( 'NONE', #5330, 21.50000000000000355 ) ;
#1522 = LINE ( 'NONE', #12493, #9602 ) ;
#1523 = ADVANCED_FACE ( 'NONE', ( #374 ), #622, .F. ) ;
#1524 = VECTOR ( 'NONE', #3717, 1000.000000000000000 ) ;
#1525 = ADVANCED_BREP_SHAPE_REPRESENTATION ( '', ( #1220, #7256 ), #1699 ) ;
#1526 = ORIENTED_EDGE ( 'NONE', *, *, #5192, .T. ) ;
#1527 = LINE ( 'NONE', #691, #538 ) ;
#1528 = FACE_OUTER_BOUND ( 'NONE', #6239, .T. ) ;
#1529 = VERTEX_POINT ( 'NONE', #12300 ) ;
#1530 = CIRCLE ( 'NONE', #1732, 0.2500000000000002220 ) ;
#1531 = CARTESIAN_POINT ( 'NONE',  ( -5.322755903978362291, 45.20000000000000284, 20.83070497094765727 ) ) ;
#1532 = ORIENTED_EDGE ( 'NONE', *, *, #4427, .F. ) ;
#1533 = VERTEX_POINT ( 'NONE', #7622 ) ;
#1534 = DIRECTION ( 'NONE',  ( -0.000000000000000000, 1.000000000000000000, 3.061616997868383141E-16 ) ) ;
#1535 = EDGE_CURVE ( 'NONE', #12350, #1988, #3522, .T. ) ;
#1536 = VERTEX_POINT ( 'NONE', #10450 ) ;
#1537 = DIRECTION ( 'NONE',  ( 0.000000000000000000, -3.227392513445222318E-16, 1.000000000000000000 ) ) ;
#1538 = AXIS2_PLACEMENT_3D ( 'NONE', #24, #3974, #12606 ) ;
#1539 = EDGE_CURVE ( 'NONE', #2164, #7223, #2244, .T. ) ;
#1540 = DIRECTION ( 'NONE',  ( -0.000000000000000000, 1.000000000000000000, 3.061616997868383141E-16 ) ) ;
#1541 = CARTESIAN_POINT ( 'NONE',  ( 0.000000000000000000, 28.86506350946109478, 20.49999999999999289 ) ) ;
#1542 = CYLINDRICAL_SURFACE ( 'NONE', #12245, 21.50000000000000355 ) ;
#1543 = DIRECTION ( 'NONE',  ( 0.000000000000000000, -3.061616997868383634E-16, 1.000000000000000000 ) ) ;
#1544 = EDGE_CURVE ( 'NONE', #70, #8087, #10327, .T. ) ;
#1545 = CARTESIAN_POINT ( 'NONE',  ( -21.19475577399843402, -80.41022924428168039, 3.610031534565774525 ) ) ;
#1546 = VERTEX_POINT ( 'NONE', #3719 ) ;
#1547 = VERTEX_POINT ( 'NONE', #2556 ) ;
#1548 = CIRCLE ( 'NONE', #11811, 0.2500000000000002220 ) ;
#1549 = ORIENTED_EDGE ( 'NONE', *, *, #1098, .T. ) ;
#1550 = DIRECTION ( 'NONE',  ( 0.000000000000000000, -3.227392513445220839E-16, 1.000000000000000000 ) ) ;
#1551 = DIRECTION ( 'NONE',  ( 0.000000000000000000, 0.000000000000000000, -1.000000000000000000 ) ) ;
#1552 = ADVANCED_FACE ( 'NONE', ( #4624 ), #2683, .F. ) ;
#1553 = DIRECTION ( 'NONE',  ( 9.244463733058733463E-33, 1.000000000000000000, 3.061616997868383634E-16 ) ) ;
#1554 = ORIENTED_EDGE ( 'NONE', *, *, #12409, .T. ) ;
#1556 = LINE ( 'NONE', #11323, #5285 ) ;
#1555 = AXIS2_PLACEMENT_3D ( 'NONE', #11291, #1463, #509 ) ;
#1557 = CIRCLE ( 'NONE', #6920, 0.2500000000000002220 ) ;
#1558 = LINE ( 'NONE', #8693, #2451 ) ;
#1559 = CARTESIAN_POINT ( 'NONE',  ( 0.000000000000000000, 87.50000000000001421, 3.730185188303422936E-15 ) ) ;
#1560 = EDGE_LOOP ( 'NONE', ( #1695, #5043, #153, #7551 ) ) ;
#1561 = CYLINDRICAL_SURFACE ( 'NONE', #11720, 0.2500000000000002220 ) ;
#1562 = DIRECTION ( 'NONE',  ( -9.860761315262647568E-32, 1.000000000000000000, 3.061616997868381662E-16 ) ) ;
#1563 = ORIENTED_EDGE ( 'NONE', *, *, #11297, .F. ) ;
#1564 = VERTEX_POINT ( 'NONE', #5580 ) ;
#1565 = AXIS2_PLACEMENT_3D ( 'NONE', #11745, #7141, #127 ) ;
#1566 = ORIENTED_EDGE ( 'NONE', *, *, #48, .T. ) ;
#1567 = CARTESIAN_POINT ( 'NONE',  ( 4.714331922580437428, -80.41022924428169460, 20.97677464539621184 ) ) ;
#1568 = ADVANCED_FACE ( 'NONE', ( #7374 ), #10512, .F. ) ;
#1569 = AXIS2_PLACEMENT_3D ( 'NONE', #7280, #12264, #7097 ) ;
#1570 = DIRECTION ( 'NONE',  ( -0.000000000000000000, 1.000000000000000000, 3.061616997868383141E-16 ) ) ;
#1571 = ORIENTED_EDGE ( 'NONE', *, *, #3367, .F. ) ;
#1572 = CARTESIAN_POINT ( 'NONE',  ( 0.9949999999999995515, 47.85087804878074280, 0.000000000000000000 ) ) ;
#1573 = ADVANCED_FACE ( 'NONE', ( #1711 ), #11343, .T. ) ;
#1574 = CARTESIAN_POINT ( 'NONE',  ( 0.000000000000000000, 51.20000000000000995, -7.383484513958806747E-15 ) ) ;
#1575 = DIRECTION ( 'NONE',  ( 0.000000000000000000, 0.000000000000000000, 1.000000000000000000 ) ) ;
#1576 = VERTEX_POINT ( 'NONE', #11534 ) ;
#1577 = DIRECTION ( 'NONE',  ( -0.000000000000000000, 1.000000000000000000, 3.061616997868383141E-16 ) ) ;
#1578 = DIRECTION ( 'NONE',  ( 0.000000000000000000, 0.000000000000000000, 1.000000000000000000 ) ) ;
#1579 = DIRECTION ( 'NONE',  ( -2.465190328815661892E-32, 1.000000000000000000, 3.061616997868381169E-16 ) ) ;
#1580 = DIRECTION ( 'NONE',  ( 0.000000000000000000, -0.7071067811865415775, 0.7071067811865535679 ) ) ;
#1581 = CIRCLE ( 'NONE', #3861, 0.2500000000000002220 ) ;
#1582 = DIRECTION ( 'NONE',  ( 0.000000000000000000, -3.248981738798774652E-16, 1.000000000000000000 ) ) ;
#1583 = CIRCLE ( 'NONE', #11624, 21.50000000000001066 ) ;
#1584 = ORIENTED_EDGE ( 'NONE', *, *, #9131, .T. ) ;
#1585 = VERTEX_POINT ( 'NONE', #4558 ) ;
#1586 = FACE_OUTER_BOUND ( 'NONE', #11348, .T. ) ;
#1587 = DIRECTION ( 'NONE',  ( -0.000000000000000000, 1.000000000000000000, 3.061616997868383141E-16 ) ) ;
#1588 = AXIS2_PLACEMENT_3D ( 'NONE', #7689, #5650, #11597 ) ;
#1589 = ORIENTED_EDGE ( 'NONE', *, *, #8080, .F. ) ;
#1590 = CARTESIAN_POINT ( 'NONE',  ( -0.9982623994384798305, -0.08574444021467279853, -2.798744440214673279 ) ) ;
#1591 = EDGE_CURVE ( 'NONE', #3981, #8254, #3274, .T. ) ;
#1592 = PRESENTATION_STYLE_ASSIGNMENT (( #10530 ) ) ;
#1593 = FACE_OUTER_BOUND ( 'NONE', #8529, .T. ) ;
#1594 = VERTEX_POINT ( 'NONE', #7435 ) ;
#1595 = CONTEXT_DEPENDENT_SHAPE_REPRESENTATION ( #4371, #1169 ) ;
#1596 = ORIENTED_EDGE ( 'NONE', *, *, #1886, .T. ) ;
#1597 = CIRCLE ( 'NONE', #3469, 0.2500000000000002220 ) ;
#1598 = ORIENTED_EDGE ( 'NONE', *, *, #9597, .F. ) ;
#1599 = EDGE_CURVE ( 'NONE', #6431, #1161, #8588, .T. ) ;
#1600 = CARTESIAN_POINT ( 'NONE',  ( 0.000000000000000000, 51.20000000000000995, -7.383484513958806747E-15 ) ) ;
#1601 = DIRECTION ( 'NONE',  ( 0.000000000000000000, 0.000000000000000000, 1.000000000000000000 ) ) ;
#1602 = CARTESIAN_POINT ( 'NONE',  ( -21.08072873382970513, 45.19999999999998863, -4.225266388132938644 ) ) ;
#1603 = DIRECTION ( 'NONE',  ( 0.000000000000000000, 0.000000000000000000, 1.000000000000000000 ) ) ;
#1604 = CARTESIAN_POINT ( 'NONE',  ( 0.9992227334363783520, -0.07550946811484883503, 2.637490531885150702 ) ) ;
#1605 = VECTOR ( 'NONE', #1579, 1000.000000000000000 ) ;
#1606 = CARTESIAN_POINT ( 'NONE',  ( 18.61954618136544681, 45.20000000000000284, 10.74999999999996447 ) ) ;
#1607 = VECTOR ( 'NONE', #7434, 1000.000000000000000 ) ;
#1608 = ORIENTED_EDGE ( 'NONE', *, *, #625, .T. ) ;
#1609 = PRODUCT_DEFINITION ( 'UNKNOWN', '', #9918, #3934 ) ;
#1610 = ORIENTED_EDGE ( 'NONE', *, *, #7287, .F. ) ;
#1611 = EDGE_CURVE ( 'NONE', #361, #5389, #10269, .T. ) ;
#1612 = ADVANCED_FACE ( 'NONE', ( #8401 ), #5404, .F. ) ;
#1613 = CARTESIAN_POINT ( 'NONE',  ( 0.9999999999999995559, 0.08699999999999999400, -2.799999999999999822 ) ) ;
#1614 = DIRECTION ( 'NONE',  ( 1.479114197289397354E-31, 1.000000000000000000, 3.061616997868381662E-16 ) ) ;
#1615 = VECTOR ( 'NONE', #10059, 1000.000000000000000 ) ;
#1616 = DIRECTION ( 'NONE',  ( 7.395570986446986770E-32, 1.000000000000000000, 3.061616997868383141E-16 ) ) ;
#1617 = ORIENTED_EDGE ( 'NONE', *, *, #10418, .T. ) ;
#1618 = DIRECTION ( 'NONE',  ( 4.930380657631323784E-32, 1.000000000000000000, 3.061616997868383141E-16 ) ) ;
#1619 = CARTESIAN_POINT ( 'NONE',  ( -17.24574565275887750, -80.41022924428168039, -12.83877941551875779 ) ) ;
#1620 = CARTESIAN_POINT ( 'NONE',  ( 2.247361960254412150, 45.19999999999998863, -21.38222075041786852 ) ) ;
#1621 = AXIS2_PLACEMENT_3D ( 'NONE', #12022, #9141, #339 ) ;
#1622 = ORIENTED_EDGE ( 'NONE', *, *, #12683, .F. ) ;
#1623 = LINE ( 'NONE', #2599, #6617 ) ;
#1624 = CYLINDRICAL_SURFACE ( 'NONE', #10694, 21.50000000000000355 ) ;
#1625 = VERTEX_POINT ( 'NONE', #10386 ) ;
#1626 = EDGE_LOOP ( 'NONE', ( #2699, #5511, #1190, #3387 ) ) ;
#1627 = EDGE_CURVE ( 'NONE', #5315, #11085, #9360, .T. ) ;
#1628 = ORIENTED_EDGE ( 'NONE', *, *, #1362, .T. ) ;
#1629 = CYLINDRICAL_SURFACE ( 'NONE', #3771, 21.50000000000000355 ) ;
#1630 = AXIS2_PLACEMENT_3D ( 'NONE', #12703, #3938, #11497 ) ;
#1631 = ADVANCED_FACE ( 'NONE', ( #2491 ), #1521, .T. ) ;
#1632 = CARTESIAN_POINT ( 'NONE',  ( 0.000000000000000000, 45.20000000000000995, -9.220454712679835547E-15 ) ) ;
#1633 = ORIENTED_EDGE ( 'NONE', *, *, #3599, .F. ) ;
#1634 = CARTESIAN_POINT ( 'NONE',  ( 7.704910915223966761, 45.20000000000000284, 20.07197916968983620 ) ) ;
#1635 = DIRECTION ( 'NONE',  ( 0.000000000000000000, 0.000000000000000000, -1.000000000000000000 ) ) ;
#1636 = DIRECTION ( 'NONE',  ( 0.000000000000000000, -3.227392513445220839E-16, 1.000000000000000000 ) ) ;
#1637 = EDGE_LOOP ( 'NONE', ( #12377, #5191, #5654, #8223 ) ) ;
#1638 = DIRECTION ( 'NONE',  ( -0.000000000000000000, 1.000000000000000000, 3.061616997868383141E-16 ) ) ;
#1639 = DIRECTION ( 'NONE',  ( -9.860761315262647568E-32, 1.000000000000000000, 3.061616997868381662E-16 ) ) ;
#1640 = DIRECTION ( 'NONE',  ( 0.000000000000000000, 0.000000000000000000, 1.000000000000000000 ) ) ;
#1641 = ORIENTED_EDGE ( 'NONE', *, *, #5265, .T. ) ;
#1642 = CARTESIAN_POINT ( 'NONE',  ( 16.55018116000693240, 51.20000000000000995, 13.72375690439579543 ) ) ;
#1643 = DIRECTION ( 'NONE',  ( 0.000000000000000000, 0.000000000000000000, -1.000000000000000000 ) ) ;
#1644 = EDGE_CURVE ( 'NONE', #876, #6083, #3057, .T. ) ;
#1645 = VERTEX_POINT ( 'NONE', #2615 ) ;
#1646 = EDGE_CURVE ( 'NONE', #7860, #11151, #12464, .T. ) ;
#1647 = ORIENTED_EDGE ( 'NONE', *, *, #12585, .T. ) ;
#1648 = FACE_BOUND ( 'NONE', #2980, .T. ) ;
#1649 = CYLINDRICAL_SURFACE ( 'NONE', #2494, 21.50000000000000355 ) ;
#1650 = ORIENTED_EDGE ( 'NONE', *, *, #378, .T. ) ;
#1651 = CARTESIAN_POINT ( 'NONE',  ( 0.000000000000000000, 75.00000000000000000, -18.19686085958248967 ) ) ;
#1652 = CARTESIAN_POINT ( 'NONE',  ( 4.225266388133034567, 45.19999999999998863, -21.08072873382966961 ) ) ;
#1653 = AXIS2_PLACEMENT_3D ( 'NONE', #9681, #6746, #6686 ) ;
#1654 = CIRCLE ( 'NONE', #9247, 21.50000000000001066 ) ;
#1655 = EDGE_CURVE ( 'NONE', #9961, #10693, #10234, .T. ) ;
#1656 = ADVANCED_FACE ( 'NONE', ( #11649 ), #931, .F. ) ;
#1657 = VECTOR ( 'NONE', #7203, 1000.000000000000000 ) ;
#1658 = ORIENTED_EDGE ( 'NONE', *, *, #1712, .F. ) ;
#1659 = ORIENTED_EDGE ( 'NONE', *, *, #7039, .T. ) ;
#1660 = VERTEX_POINT ( 'NONE', #5838 ) ;
#1661 = CARTESIAN_POINT ( 'NONE',  ( 0.9999142384383530313, 0.07390508604212596422, -2.639094913957876987 ) ) ;
#1662 = LINE ( 'NONE', #8547, #9687 ) ;
#1663 = ORIENTED_EDGE ( 'NONE', *, *, #11545, .F. ) ;
#1664 = CARTESIAN_POINT ( 'NONE',  ( 19.53821706942827419, 51.19999999999999574, -8.972629143562198095 ) ) ;
#1665 = CIRCLE ( 'NONE', #5395, 0.2500000000000002220 ) ;
#1666 = VECTOR ( 'NONE', #1748, 1000.000000000000000 ) ;
#1667 = DIRECTION ( 'NONE',  ( -0.000000000000000000, 1.000000000000000000, 3.061616997868383141E-16 ) ) ;
#1668 = CYLINDRICAL_SURFACE ( 'NONE', #5682, 0.2500000000000002220 ) ;
#1669 = AXIS2_PLACEMENT_3D ( 'NONE', #6405, #10309, #1506 ) ;
#1670 = CARTESIAN_POINT ( 'NONE',  ( 1.125223059223148248, -80.41022924428168039, -21.47053499722336056 ) ) ;
#1671 = CARTESIAN_POINT ( 'NONE',  ( 19.98103174821858374, -80.41022924428168039, -7.937781193550295100 ) ) ;
#1672 = SHAPE_REPRESENTATION ( 'nikon_mrd77226_20x1.0_water_objective', ( #7256 ), #4791 ) ;
#1673 = DIRECTION ( 'NONE',  ( 0.000000000000000000, 0.000000000000000000, 1.000000000000000000 ) ) ;
#1674 = ORIENTED_EDGE ( 'NONE', *, *, #7329, .T. ) ;
#1675 = EDGE_CURVE ( 'NONE', #8432, #6471, #2807, .T. ) ;
#1676 = VECTOR ( 'NONE', #2729, 1000.000000000000000 ) ;
#1677 = VERTEX_POINT ( 'NONE', #97 ) ;
#1678 = AXIS2_PLACEMENT_3D ( 'NONE', #12261, #12387, #2884 ) ;
#1679 = ADVANCED_BREP_SHAPE_REPRESENTATION ( '', ( #5777, #7256 ), #4791 ) ;
#1680 = CARTESIAN_POINT ( 'NONE',  ( 8.972629143562134146, 51.20000000000000995, 19.53821706942829195 ) ) ;
#1681 = CARTESIAN_POINT ( 'NONE',  ( -20.52358569366473162, 45.19999999999998863, -6.405656115871324552 ) ) ;
#1682 = LINE ( 'NONE', #10554, #5836 ) ;
#1683 = TOROIDAL_SURFACE ( 'NONE', #1482, 47.85087804878074280, 0.005000000000000000104 ) ;
#1684 = VECTOR ( 'NONE', #9057, 1000.000000000000000 ) ;
#1685 = DIRECTION ( 'NONE',  ( 2.465190328815661892E-32, 1.000000000000000000, 3.061616997868381169E-16 ) ) ;
#1686 = ORIENTED_EDGE ( 'NONE', *, *, #2200, .F. ) ;
#1687 = LINE ( 'NONE', #11385, #4045 ) ;
#1688 = CIRCLE ( 'NONE', #9077, 0.2500000000000002220 ) ;
#1689 = AXIS2_PLACEMENT_3D ( 'NONE', #12052, #1450, #12114 ) ;
#1690 = CARTESIAN_POINT ( 'NONE',  ( -6.643865379061097975, 51.20000000000000995, 20.44771510034589213 ) ) ;
#1691 = DIRECTION ( 'NONE',  ( 0.000000000000000000, 0.000000000000000000, -1.000000000000000000 ) ) ;
#1692 = ORIENTED_EDGE ( 'NONE', *, *, #3410, .F. ) ;
#1693 = CARTESIAN_POINT ( 'NONE',  ( 0.000000000000000000, 45.20000000000000995, -9.220454712679835547E-15 ) ) ;
#1694 = CARTESIAN_POINT ( 'NONE',  ( 21.08072873382967316, 45.19999999999998863, 4.225266388133117168 ) ) ;
#1695 = ORIENTED_EDGE ( 'NONE', *, *, #8612, .T. ) ;
#1696 = EDGE_CURVE ( 'NONE', #9708, #6724, #4047, .T. ) ;
#1697 = VERTEX_POINT ( 'NONE', #7940 ) ;
#1698 = VECTOR ( 'NONE', #1182, 1000.000000000000000 ) ;
#1699 =( GEOMETRIC_REPRESENTATION_CONTEXT ( 3 ) GLOBAL_UNCERTAINTY_ASSIGNED_CONTEXT ( ( #12005 ) ) GLOBAL_UNIT_ASSIGNED_CONTEXT ( ( #8825, #1889, #9658 ) ) REPRESENTATION_CONTEXT ( 'NONE', 'WORKASPACE' ) );
#1700 = CIRCLE ( 'NONE', #10315, 0.2500000000000002220 ) ;
#1701 = ORIENTED_EDGE ( 'NONE', *, *, #11133, .T. ) ;
#1702 = DIRECTION ( 'NONE',  ( 0.000000000000000000, 0.000000000000000000, 1.000000000000000000 ) ) ;
#1703 = CARTESIAN_POINT ( 'NONE',  ( 18.03141721082655380, -80.41022924428168039, -11.70973925282318184 ) ) ;
#1704 = DIRECTION ( 'NONE',  ( 0.000000000000000000, -3.227392513445220839E-16, 1.000000000000000000 ) ) ;
#1705 = CARTESIAN_POINT ( 'NONE',  ( 11.70973925282297579, -80.41022924428168039, -17.78141721082669591 ) ) ;
#1706 = CARTESIAN_POINT ( 'NONE',  ( 0.000000000000000000, 87.50000000000001421, 3.730185188303422936E-15 ) ) ;
#1707 = DIRECTION ( 'NONE',  ( 0.000000000000000000, -3.227392513445222318E-16, 1.000000000000000000 ) ) ;
#1708 = ORIENTED_EDGE ( 'NONE', *, *, #11317, .T. ) ;
#1709 = DIRECTION ( 'NONE',  ( 0.000000000000000000, 0.000000000000000000, 1.000000000000000000 ) ) ;
#1710 = CARTESIAN_POINT ( 'NONE',  ( 5.564609469704206113, -80.41022924428169460, 20.76740526521492924 ) ) ;
#1711 = FACE_OUTER_BOUND ( 'NONE', #473, .T. ) ;
#1712 = EDGE_CURVE ( 'NONE', #1896, #11535, #3480, .T. ) ;
#1713 = VERTEX_POINT ( 'NONE', #6676 ) ;
#1714 = DIRECTION ( 'NONE',  ( 0.000000000000000000, -1.000000000000000000, -3.061616997868383141E-16 ) ) ;
#1715 = DIRECTION ( 'NONE',  ( 1.232595164407830946E-32, 1.000000000000000000, 3.061616997868381662E-16 ) ) ;
#1716 = CIRCLE ( 'NONE', #687, 0.2500000000000002220 ) ;
#1717 = EDGE_LOOP ( 'NONE', ( #4401, #11523, #3761, #9675 ) ) ;
#1718 = APPLICATION_CONTEXT ( 'automotive_design' ) ;
#1719 = AXIS2_PLACEMENT_3D ( 'NONE', #1846, #3994, #7760 ) ;
#1720 = VERTEX_POINT ( 'NONE', #9806 ) ;
#1721 = DIRECTION ( 'NONE',  ( -0.000000000000000000, 1.000000000000000000, 3.061616997868383141E-16 ) ) ;
#1722 = CARTESIAN_POINT ( 'NONE',  ( -13.53038840757163541, -80.41022924428168039, -16.70863817132477891 ) ) ;
#1723 = ADVANCED_FACE ( 'NONE', ( #9669 ), #10692, .T. ) ;
#1724 = ORIENTED_EDGE ( 'NONE', *, *, #5704, .F. ) ;
#1725 = FACE_OUTER_BOUND ( 'NONE', #8057, .T. ) ;
#1726 = DIRECTION ( 'NONE',  ( -0.000000000000000000, 1.000000000000000000, 3.061616997868383141E-16 ) ) ;
#1727 = ADVANCED_FACE ( 'NONE', ( #1899 ), #4750, .F. ) ;
#1728 = VECTOR ( 'NONE', #8781, 1000.000000000000000 ) ;
#1729 = EDGE_CURVE ( 'NONE', #578, #7305, #3906, .T. ) ;
#1730 = ORIENTED_EDGE ( 'NONE', *, *, #12137, .F. ) ;
#1731 = ORIENTED_EDGE ( 'NONE', *, *, #11647, .T. ) ;
#1732 = AXIS2_PLACEMENT_3D ( 'NONE', #8454, #6729, #3711 ) ;
#1733 = ORIENTED_EDGE ( 'NONE', *, *, #10570, .T. ) ;
#1734 = CARTESIAN_POINT ( 'NONE',  ( 0.9949999999999995515, 0.07763355007211342196, -2.635366449927883270 ) ) ;
#1735 = DIRECTION ( 'NONE',  ( 0.000000000000000000, 0.000000000000000000, 1.000000000000000000 ) ) ;
#1736 = EDGE_CURVE ( 'NONE', #6615, #3228, #5713, .T. ) ;
#1737 = EDGE_LOOP ( 'NONE', ( #8585, #8499, #12517 ) ) ;
#1738 = ADVANCED_FACE ( 'NONE', ( #5770 ), #3004, .F. ) ;
#1739 = DIRECTION ( 'NONE',  ( 0.000000000000000000, 0.000000000000000000, -1.000000000000000000 ) ) ;
#1740 = FACE_OUTER_BOUND ( 'NONE', #3809, .T. ) ;
#1741 = CARTESIAN_POINT ( 'NONE',  ( 12.63738292428818610, 51.20000000000000995, 17.39386537906136354 ) ) ;
#1742 = DIRECTION ( 'NONE',  ( 0.000000000000000000, 0.000000000000000000, 1.000000000000000000 ) ) ;
#1743 = CARTESIAN_POINT ( 'NONE',  ( -5.322755903978798386, -80.41022924428168039, -20.83070497094755780 ) ) ;
#1744 = ORIENTED_EDGE ( 'NONE', *, *, #12615, .T. ) ;
#1745 = VERTEX_POINT ( 'NONE', #995 ) ;
#1746 = AXIS2_PLACEMENT_3D ( 'NONE', #10058, #12099, #3194 ) ;
#1747 = CARTESIAN_POINT ( 'NONE',  ( -21.47053499722334280, 45.19999999999998863, -0.8752230592230594297 ) ) ;
#1748 = DIRECTION ( 'NONE',  ( 3.081487911019577365E-33, 1.000000000000000000, 3.061616997868381662E-16 ) ) ;
#1749 = CARTESIAN_POINT ( 'NONE',  ( 20.70129763556868596, -80.41022924428168039, -5.805710654484788513 ) ) ;
#1750 = EDGE_CURVE ( 'NONE', #9878, #286, #5336, .T. ) ;
#1751 = CARTESIAN_POINT ( 'NONE',  ( -19.98103174821869032, -80.41022924428168039, -7.937781193550025982 ) ) ;
#1752 = ORIENTED_EDGE ( 'NONE', *, *, #11595, .F. ) ;
#1753 = DIRECTION ( 'NONE',  ( -0.000000000000000000, 1.000000000000000000, 3.061616997868383141E-16 ) ) ;
#1754 = FACE_OUTER_BOUND ( 'NONE', #164, .T. ) ;
#1755 = FACE_OUTER_BOUND ( 'NONE', #10951, .T. ) ;
#1756 = ORIENTED_EDGE ( 'NONE', *, *, #5868, .F. ) ;
#1757 = DIRECTION ( 'NONE',  ( -0.000000000000000000, 1.000000000000000000, 3.061616997868383141E-16 ) ) ;
#1758 = AXIS2_PLACEMENT_3D ( 'NONE', #7, #1876, #3696 ) ;
#1759 = DIRECTION ( 'NONE',  ( -9.860761315262647568E-32, 1.000000000000000000, 3.061616997868381662E-16 ) ) ;
#1760 = ORIENTED_EDGE ( 'NONE', *, *, #5981, .F. ) ;
#1761 = ORIENTED_EDGE ( 'NONE', *, *, #10570, .F. ) ;
#1762 = VERTEX_POINT ( 'NONE', #11714 ) ;
#1763 = DIRECTION ( 'NONE',  ( 0.000000000000000000, 0.000000000000000000, -1.000000000000000000 ) ) ;
#1764 = DIRECTION ( 'NONE',  ( 2.465190328815661892E-32, 1.000000000000000000, 3.061616997868383141E-16 ) ) ;
#1765 = DIRECTION ( 'NONE',  ( -0.000000000000000000, 1.000000000000000000, 3.061616997868383141E-16 ) ) ;
#1766 = AXIS2_PLACEMENT_3D ( 'NONE', #3047, #2207, #6137 ) ;
#1767 = DIRECTION ( 'NONE',  ( -0.000000000000000000, 1.000000000000000000, 3.061616997868383141E-16 ) ) ;
#1768 = DIRECTION ( 'NONE',  ( 0.000000000000000000, -1.000000000000000000, -3.061616997868383141E-16 ) ) ;
#1769 = CYLINDRICAL_SURFACE ( 'NONE', #7846, 21.50000000000000355 ) ;
#1770 = ORIENTED_EDGE ( 'NONE', *, *, #12463, .F. ) ;
#1771 = CARTESIAN_POINT ( 'NONE',  ( 7.591902705884668330E-16, 1.132798289211305642E-15, -3.700000000000035261 ) ) ;
#1772 = EDGE_CURVE ( 'NONE', #11905, #2964, #12069, .T. ) ;
#1773 = DIRECTION ( 'NONE',  ( 0.000000000000000000, 0.000000000000000000, -1.000000000000000000 ) ) ;
#1774 = DIRECTION ( 'NONE',  ( 1.232595164407830946E-32, 1.000000000000000000, 3.061616997868381662E-16 ) ) ;
#1775 = VERTEX_POINT ( 'NONE', #8834 ) ;
#1776 = CYLINDRICAL_SURFACE ( 'NONE', #2009, 8.698518023597397786 ) ;
#1777 = DIRECTION ( 'NONE',  ( 0.000000000000000000, 0.000000000000000000, 1.000000000000000000 ) ) ;
#1778 = ORIENTED_EDGE ( 'NONE', *, *, #10210, .F. ) ;
#1779 = ADVANCED_FACE ( 'NONE', ( #10764 ), #1966, .F. ) ;
#1780 = CIRCLE ( 'NONE', #8968, 21.50000000000001066 ) ;
#1781 = EDGE_CURVE ( 'NONE', #4960, #5997, #6966, .T. ) ;
#1782 = ORIENTED_EDGE ( 'NONE', *, *, #6786, .F. ) ;
#1783 = CYLINDRICAL_SURFACE ( 'NONE', #874, 15.39999999999999680 ) ;
#1784 = CYLINDRICAL_SURFACE ( 'NONE', #9059, 0.2500000000000002220 ) ;
#1785 = VERTEX_POINT ( 'NONE', #871 ) ;
#1786 = DIRECTION ( 'NONE',  ( -0.000000000000000000, 1.000000000000000000, 3.061616997868383141E-16 ) ) ;
#1787 = EDGE_CURVE ( 'NONE', #1352, #9215, #4313, .T. ) ;
#1788 = TOROIDAL_SURFACE ( 'NONE', #8976, 47.85087804878074280, 0.005000000000000000104 ) ;
#1789 = CARTESIAN_POINT ( 'NONE',  ( -20.83070497094751516, -80.41022924428168039, 5.322755903978847236 ) ) ;
#1790 = AXIS2_PLACEMENT_3D ( 'NONE', #1741, #3556, #6450 ) ;
#1791 = EDGE_CURVE ( 'NONE', #7507, #3655, #10060, .T. ) ;
#1792 = ORIENTED_EDGE ( 'NONE', *, *, #5210, .F. ) ;
#1793 = VECTOR ( 'NONE', #4568, 1000.000000000000000 ) ;
#1794 = VERTEX_POINT ( 'NONE', #7167 ) ;
#1795 = EDGE_CURVE ( 'NONE', #6002, #5718, #420, .T. ) ;
#1796 = ORIENTED_EDGE ( 'NONE', *, *, #5309, .F. ) ;
#1797 = DIRECTION ( 'NONE',  ( -0.000000000000000000, 1.000000000000000000, 3.061616997868383141E-16 ) ) ;
#1798 = DIRECTION ( 'NONE',  ( -0.000000000000000000, 1.000000000000000000, 3.061616997868383141E-16 ) ) ;
#1799 = ORIENTED_EDGE ( 'NONE', *, *, #6997, .T. ) ;
#1800 = ADVANCED_FACE ( 'NONE', ( #5202 ), #6220, .T. ) ;
#1801 = DIRECTION ( 'NONE',  ( 7.395570986446986770E-32, 1.000000000000000000, 3.061616997868381662E-16 ) ) ;
#1802 = DIRECTION ( 'NONE',  ( 0.000000000000000000, 0.000000000000000000, 1.000000000000000000 ) ) ;
#1803 = DIRECTION ( 'NONE',  ( -0.000000000000000000, 1.000000000000000000, 3.061616997868383141E-16 ) ) ;
#1804 = DIRECTION ( 'NONE',  ( -0.000000000000000000, 1.000000000000000000, 3.061616997868383141E-16 ) ) ;
#1805 = CIRCLE ( 'NONE', #10624, 47.85087804878048701 ) ;
#1806 = ORIENTED_EDGE ( 'NONE', *, *, #736, .F. ) ;
#1807 = EDGE_CURVE ( 'NONE', #8700, #10124, #1411, .T. ) ;
#1808 = VERTEX_POINT ( 'NONE', #9092 ) ;
#1809 = CIRCLE ( 'NONE', #12456, 21.50000000000000000 ) ;
#1810 = ADVANCED_FACE ( 'NONE', ( #4237 ), #5145, .T. ) ;
#1811 = CARTESIAN_POINT ( 'NONE',  ( 0.9954579252738546824, 0.07763355007211690528, -2.635366449927869947 ) ) ;
#1812 = CARTESIAN_POINT ( 'NONE',  ( 15.20279579551068316, -80.41022924428168039, -15.20279579551086790 ) ) ;
#1813 = DIRECTION ( 'NONE',  ( 0.000000000000000000, -3.791745302681544101E-16, 1.000000000000000000 ) ) ;
#1814 = LINE ( 'NONE', #4792, #8082 ) ;
#1815 = ORIENTED_EDGE ( 'NONE', *, *, #4324, .F. ) ;
#1816 = LINE ( 'NONE', #7724, #8939 ) ;
#1817 = VECTOR ( 'NONE', #1395, 1000.000000000000000 ) ;
#1818 = CARTESIAN_POINT ( 'NONE',  ( 0.2499957747073984216, 45.19999999999996021, 21.49854651162790731 ) ) ;
#1819 = CIRCLE ( 'NONE', #8595, 21.50000000000000000 ) ;
#1820 = CYLINDRICAL_SURFACE ( 'NONE', #9020, 0.2500000000000002220 ) ;
#1821 = CARTESIAN_POINT ( 'NONE',  ( -21.47053499722334280, 45.19999999999998863, -1.125223059223059652 ) ) ;
#1822 = CARTESIAN_POINT ( 'NONE',  ( 0.000000000000000000, 45.20000000000000995, -9.220454712679835547E-15 ) ) ;
#1823 = VERTEX_POINT ( 'NONE', #2093 ) ;
#1824 = VECTOR ( 'NONE', #1188, 1000.000000000000000 ) ;
#1825 = VERTEX_POINT ( 'NONE', #7055 ) ;
#1826 = EDGE_CURVE ( 'NONE', #3009, #10199, #5735, .T. ) ;
#1827 = ORIENTED_EDGE ( 'NONE', *, *, #1339, .T. ) ;
#1828 = CIRCLE ( 'NONE', #10045, 47.84587804878049155 ) ;
#1829 = CYLINDRICAL_SURFACE ( 'NONE', #9917, 21.50000000000000355 ) ;
#1830 = AXIS2_PLACEMENT_3D ( 'NONE', #10173, #5433, #8497 ) ;
#1831 = CARTESIAN_POINT ( 'NONE',  ( 0.000000000000000000, 45.20000000000000995, -9.220454712679835547E-15 ) ) ;
#1832 = FACE_OUTER_BOUND ( 'NONE', #2141, .T. ) ;
#1833 = ORIENTED_EDGE ( 'NONE', *, *, #5966, .T. ) ;
#1834 = FACE_OUTER_BOUND ( 'NONE', #10616, .T. ) ;
#1835 = CARTESIAN_POINT ( 'NONE',  ( 0.000000000000000000, 75.00000000000000000, 15.40000000000001279 ) ) ;
#1836 = DIRECTION ( 'NONE',  ( 0.000000000000000000, 0.000000000000000000, -1.000000000000000000 ) ) ;
#1837 = ORIENTED_EDGE ( 'NONE', *, *, #69, .F. ) ;
#1838 = FACE_OUTER_BOUND ( 'NONE', #12545, .T. ) ;
#1839 = DIRECTION ( 'NONE',  ( 0.000000000000000000, 0.000000000000000000, 1.000000000000000000 ) ) ;
#1840 = ORIENTED_EDGE ( 'NONE', *, *, #9749, .F. ) ;
#1841 = CIRCLE ( 'NONE', #1630, 16.01785065697083965 ) ;
#1842 = ORIENTED_EDGE ( 'NONE', *, *, #1712, .T. ) ;
#1843 = LINE ( 'NONE', #4830, #7840 ) ;
#1844 = DIRECTION ( 'NONE',  ( 1.479114197289397354E-31, 1.000000000000000000, 3.061616997868381662E-16 ) ) ;
#1845 = EDGE_LOOP ( 'NONE', ( #1148, #2415, #667, #1659 ) ) ;
#1846 = CARTESIAN_POINT ( 'NONE',  ( 0.000000000000000000, 87.50000000000001421, 3.730185188303422936E-15 ) ) ;
#1847 = CARTESIAN_POINT ( 'NONE',  ( 0.000000000000000000, 51.20000000000000995, -7.383484513958806747E-15 ) ) ;
#1848 = EDGE_CURVE ( 'NONE', #2195, #1823, #12677, .T. ) ;
#1849 = EDGE_CURVE ( 'NONE', #12309, #12646, #6359, .T. ) ;
#1850 = ORIENTED_EDGE ( 'NONE', *, *, #4513, .F. ) ;
#1851 = ORIENTED_EDGE ( 'NONE', *, *, #2507, .T. ) ;
#1852 = ORIENTED_EDGE ( 'NONE', *, *, #1489, .F. ) ;
#1853 = CARTESIAN_POINT ( 'NONE',  ( 3.363340998364822809, 45.19999999999998863, -20.98529932279545562 ) ) ;
#1854 = DIRECTION ( 'NONE',  ( -2.465190328815661892E-32, 1.000000000000000000, 3.061616997868381169E-16 ) ) ;
#1855 = VERTEX_POINT ( 'NONE', #11146 ) ;
#1856 = FACE_OUTER_BOUND ( 'NONE', #7826, .T. ) ;
#1858 = EDGE_CURVE ( 'NONE', #5420, #2240, #2354, .T. ) ;
#1857 = CARTESIAN_POINT ( 'NONE',  ( 0.9999999999999995559, -0.08254785179391534167, -2.795547851793915406 ) ) ;
#1859 = DIRECTION ( 'NONE',  ( 0.000000000000000000, 0.000000000000000000, -1.000000000000000000 ) ) ;
#1860 = CIRCLE ( 'NONE', #8433, 0.2500000000000002220 ) ;
#1861 = EDGE_CURVE ( 'NONE', #1745, #12691, #3277, .T. ) ;
#1862 = CARTESIAN_POINT ( 'NONE',  ( -1.000000000000000444, 47.85087804878074280, 0.000000000000000000 ) ) ;
#1863 = EDGE_CURVE ( 'NONE', #997, #5317, #4914, .T. ) ;
#1864 = DIRECTION ( 'NONE',  ( 0.000000000000000000, -3.227392513445222318E-16, 1.000000000000000000 ) ) ;
#1865 = ORIENTED_EDGE ( 'NONE', *, *, #12287, .F. ) ;
#1866 = ORIENTED_EDGE ( 'NONE', *, *, #1133, .F. ) ;
#1867 = AXIS2_PLACEMENT_3D ( 'NONE', #12499, #8534, #819 ) ;
#1868 = DIRECTION ( 'NONE',  ( -0.000000000000000000, 1.000000000000000000, 3.061616997868383141E-16 ) ) ;
#1869 = VECTOR ( 'NONE', #10553, 1000.000000000000000 ) ;
#1870 = ORIENTED_EDGE ( 'NONE', *, *, #2279, .F. ) ;
#1871 = AXIS2_PLACEMENT_3D ( 'NONE', #12595, #6914, #3831 ) ;
#1872 = DIRECTION ( 'NONE',  ( -9.860761315262647568E-32, 1.000000000000000000, 3.061616997868382155E-16 ) ) ;
#1873 = CARTESIAN_POINT ( 'NONE',  ( -21.38222075041788628, -80.41022924428168039, -2.247361960254361968 ) ) ;
#1874 = DIRECTION ( 'NONE',  ( -0.000000000000000000, 1.000000000000000000, 3.061616997868383141E-16 ) ) ;
#1875 = ORIENTED_EDGE ( 'NONE', *, *, #3863, .T. ) ;
#1877 = ADVANCED_FACE ( 'NONE', ( #355, #163 ), #7112, .T. ) ;
#1876 = DIRECTION ( 'NONE',  ( 0.000000000000000000, -1.000000000000000000, -3.061616997868383141E-16 ) ) ;
#1878 = LINE ( 'NONE', #2146, #10209 ) ;
#1879 = DIRECTION ( 'NONE',  ( -0.000000000000000000, 1.000000000000000000, 3.061616997868383141E-16 ) ) ;
#1880 = ADVANCED_FACE ( 'NONE', ( #3130 ), #1247, .T. ) ;
#1881 = CARTESIAN_POINT ( 'NONE',  ( 17.39386537906129604, 51.19999999999999574, -12.63738292428823407 ) ) ;
#1882 = AXIS2_PLACEMENT_3D ( 'NONE', #83, #6012, #1111 ) ;
#1883 = DIRECTION ( 'NONE',  ( -1.232595164407830946E-32, 1.000000000000000000, 3.061616997868383141E-16 ) ) ;
#1884 = AXIS2_PLACEMENT_3D ( 'NONE', #7396, #11248, #7336 ) ;
#1885 = EDGE_LOOP ( 'NONE', ( #5731, #9779, #11909, #10338 ) ) ;
#1886 = EDGE_CURVE ( 'NONE', #2512, #5056, #8005, .T. ) ;
#1887 = ORIENTED_EDGE ( 'NONE', *, *, #6951, .T. ) ;
#1888 = VERTEX_POINT ( 'NONE', #11908 ) ;
#1889 =( NAMED_UNIT ( * ) PLANE_ANGLE_UNIT ( ) SI_UNIT ( $, .RADIAN. ) );
#1890 = AXIS2_PLACEMENT_3D ( 'NONE', #10068, #5212, #7245 ) ;
#1891 = CARTESIAN_POINT ( 'NONE',  ( 20.76740526521497543, 51.19999999999999574, 5.564609469704148381 ) ) ;
#1892 = DIRECTION ( 'NONE',  ( 0.000000000000000000, 0.000000000000000000, 1.000000000000000000 ) ) ;
#1893 = VECTOR ( 'NONE', #3146, 1000.000000000000000 ) ;
#1894 = DIRECTION ( 'NONE',  ( -9.860761315262647568E-32, 1.000000000000000000, 3.061616997868381662E-16 ) ) ;
#1895 = LINE ( 'NONE', #3902, #8065 ) ;
#1896 = VERTEX_POINT ( 'NONE', #10959 ) ;
#1897 = FACE_OUTER_BOUND ( 'NONE', #8577, .T. ) ;
#1898 = DIRECTION ( 'NONE',  ( 1.000000000000000000, 0.000000000000000000, 0.000000000000000000 ) ) ;
#1899 = FACE_OUTER_BOUND ( 'NONE', #6961, .T. ) ;
#1900 = ADVANCED_FACE ( 'NONE', ( #10123 ), #1316, .T. ) ;
#1901 = ORIENTED_EDGE ( 'NONE', *, *, #334, .T. ) ;
#1902 = CYLINDRICAL_SURFACE ( 'NONE', #4095, 0.2500000000000002220 ) ;
#1903 = AXIS2_PLACEMENT_3D ( 'NONE', #499, #5517, #7368 ) ;
#1904 = CARTESIAN_POINT ( 'NONE',  ( 17.53963331177567397, -80.41022924428169460, 12.43427775499839250 ) ) ;
#1905 = ORIENTED_EDGE ( 'NONE', *, *, #10499, .F. ) ;
#1906 = CIRCLE ( 'NONE', #2945, 0.2500000000000002220 ) ;
#1907 = CARTESIAN_POINT ( 'NONE',  ( 0.000000000000000000, 51.20000000000000284, 20.49999999999999645 ) ) ;
#1908 = DIRECTION ( 'NONE',  ( 0.000000000000000000, -3.227392513445222318E-16, 1.000000000000000000 ) ) ;
#1909 = AXIS2_PLACEMENT_3D ( 'NONE', #8963, #156, #2278 ) ;
#1910 = ORIENTED_EDGE ( 'NONE', *, *, #4795, .F. ) ;
#1911 = CARTESIAN_POINT ( 'NONE',  ( 15.20279579551068316, -80.41022924428168039, -15.20279579551086790 ) ) ;
#1912 = CARTESIAN_POINT ( 'NONE',  ( -11.70973925282321915, 45.19999999999998863, -18.03141721082650051 ) ) ;
#1913 = CARTESIAN_POINT ( 'NONE',  ( 19.53821706942831682, 51.19999999999999574, 8.972629143562086185 ) ) ;
#1914 = ORIENTED_EDGE ( 'NONE', *, *, #8912, .T. ) ;
#1915 = DIRECTION ( 'NONE',  ( 0.000000000000000000, 0.000000000000000000, 1.000000000000000000 ) ) ;
#1916 = CIRCLE ( 'NONE', #9100, 0.2500000000000002220 ) ;
#1917 = AXIS2_PLACEMENT_3D ( 'NONE', #7535, #3760, #7664 ) ;
#1918 = DIRECTION ( 'NONE',  ( 0.000000000000000000, 0.000000000000000000, 1.000000000000000000 ) ) ;
#1919 = EDGE_CURVE ( 'NONE', #1243, #8750, #3446, .T. ) ;
#1920 = AXIS2_PLACEMENT_3D ( 'NONE', #717, #4416, #11503 ) ;
#1921 = CIRCLE ( 'NONE', #7064, 21.50000000000000000 ) ;
#1922 = AXIS2_PLACEMENT_3D ( 'NONE', #1279, #5415, #386 ) ;
#1923 = ORIENTED_EDGE ( 'NONE', *, *, #6903, .F. ) ;
#1924 = AXIS2_PLACEMENT_3D ( 'NONE', #2206, #2334, #12019 ) ;
#1925 = VERTEX_POINT ( 'NONE', #601 ) ;
#1926 = ORIENTED_EDGE ( 'NONE', *, *, #1826, .F. ) ;
#1927 = DIRECTION ( 'NONE',  ( 0.000000000000000000, -3.227392513445220839E-16, 1.000000000000000000 ) ) ;
#1928 = CARTESIAN_POINT ( 'NONE',  ( -19.74158195380330838, 51.19999999999999574, 8.515864134735087632 ) ) ;
#1929 = ORIENTED_EDGE ( 'NONE', *, *, #8998, .F. ) ;
#1930 = CARTESIAN_POINT ( 'NONE',  ( 5.805710654484546929, -80.41022924428168039, -20.70129763556876767 ) ) ;
#1931 = CARTESIAN_POINT ( 'NONE',  ( 0.9953221424704331577, -0.08700000000039771753, -2.800000000000397726 ) ) ;
#1932 = ADVANCED_FACE ( 'NONE', ( #5383 ), #3504, .T. ) ;
#1933 = DIRECTION ( 'NONE',  ( -0.000000000000000000, 1.000000000000000000, 3.061616997868383141E-16 ) ) ;
#1934 = CARTESIAN_POINT ( 'NONE',  ( -12.63738292428830867, 45.19999999999998863, -17.39386537906124275 ) ) ;
#1935 = CARTESIAN_POINT ( 'NONE',  ( 21.49854651162792152, 45.19999999999998863, 0.2499957747071692160 ) ) ;
#1936 = EDGE_LOOP ( 'NONE', ( #11437, #4370, #6221, #9465 ) ) ;
#1937 = ORIENTED_EDGE ( 'NONE', *, *, #2252, .T. ) ;
#1938 = AXIS2_PLACEMENT_3D ( 'NONE', #4497, #12297, #7432 ) ;
#1939 = ADVANCED_FACE ( 'NONE', ( #6401 ), #7415, .T. ) ;
#1940 = ORIENTED_EDGE ( 'NONE', *, *, #1772, .F. ) ;
#1941 = CARTESIAN_POINT ( 'NONE',  ( -10.75000000000014744, -80.41022924428168039, -18.36954618136536155 ) ) ;
#1942 = DIRECTION ( 'NONE',  ( 0.000000000000000000, 0.000000000000000000, 1.000000000000000000 ) ) ;
#1943 = CARTESIAN_POINT ( 'NONE',  ( -15.37854173159019666, -80.41022924428168039, -15.02499431646278261 ) ) ;
#1944 = ORIENTED_EDGE ( 'NONE', *, *, #10758, .F. ) ;
#1945 = CARTESIAN_POINT ( 'NONE',  ( 1.998583757652438120, -80.41022924428168039, -21.40690689856076290 ) ) ;
#1946 = ADVANCED_FACE ( 'NONE', ( #12165 ), #7354, .F. ) ;
#1947 = AXIS2_PLACEMENT_3D ( 'NONE', #9229, #12111, #10137 ) ;
#1948 = DIRECTION ( 'NONE',  ( -0.000000000000000000, 1.000000000000000000, 3.061616997868383141E-16 ) ) ;
#1949 = CARTESIAN_POINT ( 'NONE',  ( 8.744837826129582936, -80.41022924428168039, -19.64122733931598219 ) ) ;
#1950 = DIRECTION ( 'NONE',  ( 0.000000000000000000, 0.000000000000000000, 1.000000000000000000 ) ) ;
#1951 = LINE ( 'NONE', #6782, #12327 ) ;
#1952 = ORIENTED_EDGE ( 'NONE', *, *, #3669, .T. ) ;
#1953 = ORIENTED_EDGE ( 'NONE', *, *, #7433, .T. ) ;
#1954 = ORIENTED_EDGE ( 'NONE', *, *, #3408, .F. ) ;
#1955 = DIRECTION ( 'NONE',  ( 0.000000000000000000, 0.000000000000000000, 1.000000000000000000 ) ) ;
#1956 = EDGE_CURVE ( 'NONE', #1123, #11469, #4538, .T. ) ;
#1957 = CARTESIAN_POINT ( 'NONE',  ( 13.33519049100578613, 45.20000000000000284, 16.86483603740602888 ) ) ;
#1958 = LINE ( 'NONE', #5764, #4396 ) ;
#1959 = LINE ( 'NONE', #4872, #10835 ) ;
#1960 = DIRECTION ( 'NONE',  ( 0.000000000000000000, -3.227392513445220839E-16, 1.000000000000000000 ) ) ;
#1961 = ORIENTED_EDGE ( 'NONE', *, *, #761, .F. ) ;
#1962 = CARTESIAN_POINT ( 'NONE',  ( -9.982883740771804071, 45.19999999999998863, -19.04184949573525287 ) ) ;
#1963 = EDGE_CURVE ( 'NONE', #9249, #1785, #8395, .T. ) ;
#1964 = CIRCLE ( 'NONE', #522, 0.2500000000000002220 ) ;
#1965 = DIRECTION ( 'NONE',  ( 0.000000000000000000, 0.000000000000000000, 1.000000000000000000 ) ) ;
#1966 = CYLINDRICAL_SURFACE ( 'NONE', #9614, 0.2500000000000002220 ) ;
#1967 = EDGE_LOOP ( 'NONE', ( #554, #581, #4760, #5913 ) ) ;
#1968 = CARTESIAN_POINT ( 'NONE',  ( 0.000000000000000000, 51.20000000000000995, -7.383484513958806747E-15 ) ) ;
#1969 = CARTESIAN_POINT ( 'NONE',  ( -6.881176337034565549, 45.20000000000000284, 20.36907980785179362 ) ) ;
#1970 = ORIENTED_EDGE ( 'NONE', *, *, #5582, .T. ) ;
#1971 = ORIENTED_EDGE ( 'NONE', *, *, #2653, .F. ) ;
#1972 = CLOSED_SHELL ( 'NONE', ( #10366, #10913, #5346, #10448, #4704, #11363, #6512, #394, #7104, #6366, #2832, #3479 ) ) ;
#1973 = EDGE_CURVE ( 'NONE', #8254, #3981, #2860, .T. ) ;
#1974 = AXIS2_PLACEMENT_3D ( 'NONE', #4858, #3952, #12527 ) ;
#1975 = CYLINDRICAL_SURFACE ( 'NONE', #8469, 21.50000000000000355 ) ;
#1976 = ADVANCED_FACE ( 'NONE', ( #662 ), #542, .T. ) ;
#1977 = CARTESIAN_POINT ( 'NONE',  ( 0.000000000000000000, 51.20000000000000995, -7.383484513958806747E-15 ) ) ;
#1978 = ORIENTED_EDGE ( 'NONE', *, *, #2458, .T. ) ;
#1979 = DIRECTION ( 'NONE',  ( 0.000000000000000000, 0.000000000000000000, 1.000000000000000000 ) ) ;
#1980 = CARTESIAN_POINT ( 'NONE',  ( 0.000000000000000000, 87.50000000000001421, 3.730185188303422936E-15 ) ) ;
#1981 = DIRECTION ( 'NONE',  ( 1.848892746611746693E-32, 1.000000000000000000, 3.061616997868380676E-16 ) ) ;
#1982 = ORIENTED_EDGE ( 'NONE', *, *, #11287, .T. ) ;
#1983 = CARTESIAN_POINT ( 'NONE',  ( 14.38630803671536462, 51.19999999999999574, -15.97761374776402299 ) ) ;
#1984 = LINE ( 'NONE', #9825, #8189 ) ;
#1985 = AXIS2_PLACEMENT_3D ( 'NONE', #11479, #6621, #8598 ) ;
#1986 = AXIS2_PLACEMENT_3D ( 'NONE', #8239, #5429, #8363 ) ;
#1987 = ORIENTED_EDGE ( 'NONE', *, *, #6539, .T. ) ;
#1988 = VERTEX_POINT ( 'NONE', #9340 ) ;
#1989 = ORIENTED_EDGE ( 'NONE', *, *, #10218, .F. ) ;
#1990 = DIRECTION ( 'NONE',  ( -0.000000000000000000, 1.000000000000000000, 3.061616997868383141E-16 ) ) ;
#1991 = DIRECTION ( 'NONE',  ( 0.000000000000000000, -3.227392513445222318E-16, 1.000000000000000000 ) ) ;
#1992 = CIRCLE ( 'NONE', #11616, 21.50000000000001066 ) ;
#1993 = VERTEX_POINT ( 'NONE', #5448 ) ;
#1994 = DIRECTION ( 'NONE',  ( -1.000000000000000000, -0.000000000000000000, -0.000000000000000000 ) ) ;
#1995 = LINE ( 'NONE', #7020, #12230 ) ;
#1996 = DIRECTION ( 'NONE',  ( 0.000000000000000000, -3.227392513445222318E-16, 1.000000000000000000 ) ) ;
#1997 = CARTESIAN_POINT ( 'NONE',  ( -15.20279579551089455, -80.41022924428168039, -15.20279579551065297 ) ) ;
#1998 = VERTEX_POINT ( 'NONE', #2663 ) ;
#1999 = CIRCLE ( 'NONE', #10403, 0.2500000000000002220 ) ;
#2000 = EDGE_LOOP ( 'NONE', ( #5788, #4584, #6988, #12092 ) ) ;
#2001 = VERTEX_POINT ( 'NONE', #2537 ) ;
#2002 = ADVANCED_FACE ( 'NONE', ( #8441 ), #10368, .T. ) ;
#2003 = CARTESIAN_POINT ( 'NONE',  ( 11.91861172467628016, 51.19999999999999574, -17.89404075541377992 ) ) ;
#2004 = DIRECTION ( 'NONE',  ( 0.000000000000000000, 0.000000000000000000, 1.000000000000000000 ) ) ;
#2005 = ORIENTED_EDGE ( 'NONE', *, *, #6005, .F. ) ;
#2006 = LINE ( 'NONE', #3044, #4987 ) ;
#2007 = ORIENTED_EDGE ( 'NONE', *, *, #177, .F. ) ;
#2008 = CARTESIAN_POINT ( 'NONE',  ( 0.000000000000000000, 75.00000000000000000, -9.683605903205802417E-17 ) ) ;
#2009 = AXIS2_PLACEMENT_3D ( 'NONE', #10515, #2874, #9609 ) ;
#2010 = DIRECTION ( 'NONE',  ( 0.000000000000000000, 0.000000000000000000, 1.000000000000000000 ) ) ;
#2011 = CARTESIAN_POINT ( 'NONE',  ( 0.000000000000000000, 45.20000000000000995, -9.220454712679835547E-15 ) ) ;
#2012 = ADVANCED_FACE ( 'NONE', ( #3386 ), #9399, .F. ) ;
#2013 = DIRECTION ( 'NONE',  ( 4.930380657631323784E-32, 1.000000000000000000, 3.061616997868382155E-16 ) ) ;
#2014 = CARTESIAN_POINT ( 'NONE',  ( -18.16635567040265187, 45.19999999999998863, -11.49928352796070463 ) ) ;
#2015 = AXIS2_PLACEMENT_3D ( 'NONE', #8828, #2998, #5959 ) ;
#2016 = ORIENTED_EDGE ( 'NONE', *, *, #9492, .F. ) ;
#2017 = EDGE_CURVE ( 'NONE', #4484, #8786, #2254, .T. ) ;
#2018 = ORIENTED_EDGE ( 'NONE', *, *, #7131, .F. ) ;
#2019 = EDGE_CURVE ( 'NONE', #6753, #6235, #3635, .T. ) ;
#2020 = ORIENTED_EDGE ( 'NONE', *, *, #1858, .T. ) ;
#2021 = AXIS2_PLACEMENT_3D ( 'NONE', #4499, #11472, #7558 ) ;
#2022 = DIRECTION ( 'NONE',  ( 0.000000000000000000, -1.000000000000000000, -3.061616997868383141E-16 ) ) ;
#2023 = DIRECTION ( 'NONE',  ( -0.000000000000000000, 1.000000000000000000, 3.061616997868383141E-16 ) ) ;
#2024 = CIRCLE ( 'NONE', #7564, 0.2500000000000002220 ) ;
#2025 = DIRECTION ( 'NONE',  ( 0.000000000000000000, 0.000000000000000000, 1.000000000000000000 ) ) ;
#2026 = EDGE_LOOP ( 'NONE', ( #10930, #8874, #3600, #5254 ) ) ;
#2027 = CARTESIAN_POINT ( 'NONE',  ( -9.760795744400017071, 51.20000000000000995, 19.15664027005003334 ) ) ;
#2028 = DIRECTION ( 'NONE',  ( -0.000000000000000000, 1.000000000000000000, 3.061616997868383141E-16 ) ) ;
#2029 = CARTESIAN_POINT ( 'NONE',  ( 0.000000000000000000, 45.20000000000000995, -9.220454712679835547E-15 ) ) ;
#2030 = AXIS2_PLACEMENT_3D ( 'NONE', #11387, #7540, #4605 ) ;
#2031 = ORIENTED_EDGE ( 'NONE', *, *, #8893, .T. ) ;
#2032 = EDGE_CURVE ( 'NONE', #1515, #3119, #398, .T. ) ;
#2033 = CARTESIAN_POINT ( 'NONE',  ( 0.9967602942313551484, 0.08667637654484217080, 2.799676376544842693 ) ) ;
#2034 = CARTESIAN_POINT ( 'NONE',  ( 15.20279579551068316, 45.19999999999998863, -14.95279579551082882 ) ) ;
#2035 = ORIENTED_EDGE ( 'NONE', *, *, #12396, .F. ) ;
#2036 = EDGE_CURVE ( 'NONE', #1352, #8642, #726, .T. ) ;
#2037 = AXIS2_PLACEMENT_3D ( 'NONE', #1847, #9891, #822 ) ;
#2038 = VERTEX_POINT ( 'NONE', #8260 ) ;
#2039 = AXIS2_PLACEMENT_3D ( 'NONE', #2937, #8969, #8071 ) ;
#2040 = EDGE_CURVE ( 'NONE', #4769, #5920, #602, .T. ) ;
#2041 = CARTESIAN_POINT ( 'NONE',  ( -17.89404075541384387, 45.19999999999998863, -11.91861172467620555 ) ) ;
#2042 = AXIS2_PLACEMENT_3D ( 'NONE', #6345, #10250, #8754 ) ;
#2043 = DIRECTION ( 'NONE',  ( 9.860761315262647568E-32, 1.000000000000000000, 3.061616997868382155E-16 ) ) ;
#2044 = ORIENTED_EDGE ( 'NONE', *, *, #2361, .T. ) ;
#2045 = DIRECTION ( 'NONE',  ( 0.000000000000000000, -3.227392513445220839E-16, 1.000000000000000000 ) ) ;
#2046 = DIRECTION ( 'NONE',  ( 0.000000000000000000, 0.000000000000000000, 1.000000000000000000 ) ) ;
#2047 = DIRECTION ( 'NONE',  ( -0.000000000000000000, 1.000000000000000000, 3.061616997868383141E-16 ) ) ;
#2048 = VERTEX_POINT ( 'NONE', #11697 ) ;
#2049 = DIRECTION ( 'NONE',  ( 0.000000000000000000, -3.227392513445222318E-16, 1.000000000000000000 ) ) ;
#2050 = DIRECTION ( 'NONE',  ( 0.000000000000000000, 0.000000000000000000, -1.000000000000000000 ) ) ;
#2051 = CIRCLE ( 'NONE', #5553, 21.50000000000001066 ) ;
#2052 = ADVANCED_FACE ( 'NONE', ( #3699 ), #12593, .T. ) ;
#2053 = ADVANCED_FACE ( 'NONE', ( #3892 ), #1820, .F. ) ;
#2054 = ORIENTED_EDGE ( 'NONE', *, *, #2365, .T. ) ;
#2055 = VERTEX_POINT ( 'NONE', #10674 ) ;
#2056 = ORIENTED_EDGE ( 'NONE', *, *, #8482, .T. ) ;
#2057 = DIRECTION ( 'NONE',  ( 4.930380657631323784E-32, 1.000000000000000000, 3.061616997868382155E-16 ) ) ;
#2058 = AXIS2_PLACEMENT_3D ( 'NONE', #9361, #9484, #10453 ) ;
#2059 = PLANE ( 'NONE',  #2317 ) ;
#2060 = ORIENTED_EDGE ( 'NONE', *, *, #7981, .F. ) ;
#2061 = CARTESIAN_POINT ( 'NONE',  ( 1.885956070686923806E-15, 79.00000000000000000, 15.40000000000000036 ) ) ;
#2062 = DIRECTION ( 'NONE',  ( 0.000000000000000000, -3.103659815676441484E-16, 1.000000000000000000 ) ) ;
#2063 = CARTESIAN_POINT ( 'NONE',  ( 10.75000000000001421, -80.41022924428169460, 18.61954618136538642 ) ) ;
#2064 = EDGE_CURVE ( 'NONE', #10552, #3398, #7575, .T. ) ;
#2065 = ADVANCED_FACE ( 'NONE', ( #11513 ), #804, .T. ) ;
#2066 = ORIENTED_EDGE ( 'NONE', *, *, #6701, .F. ) ;
#2067 = ORIENTED_EDGE ( 'NONE', *, *, #149, .F. ) ;
#2068 = DIRECTION ( 'NONE',  ( 0.000000000000000000, 1.000000000000000000, 3.061616997868381662E-16 ) ) ;
#2069 = VERTEX_POINT ( 'NONE', #4924 ) ;
#2070 = CARTESIAN_POINT ( 'NONE',  ( 2.247361960254412150, 51.19999999999999574, -21.38222075041786496 ) ) ;
#2071 = VECTOR ( 'NONE', #9442, 1000.000000000000000 ) ;
#2072 = LINE ( 'NONE', #1943, #11558 ) ;
#2073 = ORIENTED_EDGE ( 'NONE', *, *, #4338, .F. ) ;
#2074 = DIRECTION ( 'NONE',  ( -0.000000000000000000, 1.000000000000000000, 3.061616997868383141E-16 ) ) ;
#2075 = DIRECTION ( 'NONE',  ( -0.000000000000000000, 1.000000000000000000, 3.061616997868383141E-16 ) ) ;
#2076 = DIRECTION ( 'NONE',  ( 0.000000000000000000, -3.227392513445220839E-16, 1.000000000000000000 ) ) ;
#2077 = EDGE_CURVE ( 'NONE', #2893, #7220, #979, .T. ) ;
#2078 = LINE ( 'NONE', #6081, #3742 ) ;
#2079 = CARTESIAN_POINT ( 'NONE',  ( 0.000000000000000000, 87.50000000000001421, 3.730185188303422936E-15 ) ) ;
#2080 = VERTEX_POINT ( 'NONE', #10807 ) ;
#2081 = VECTOR ( 'NONE', #805, 1000.000000000000000 ) ;
#2082 = VERTEX_POINT ( 'NONE', #6658 ) ;
#2083 = AXIS2_PLACEMENT_3D ( 'NONE', #5556, #6460, #10298 ) ;
#2084 = CIRCLE ( 'NONE', #9261, 0.2500000000000002220 ) ;
#2085 = ORIENTED_EDGE ( 'NONE', *, *, #471, .T. ) ;
#2086 = CARTESIAN_POINT ( 'NONE',  ( -21.35464355025364114, 51.19999999999999574, -2.495836301044305650 ) ) ;
#2087 = DIRECTION ( 'NONE',  ( 3.697785493223493385E-32, 1.000000000000000000, 3.061616997868381662E-16 ) ) ;
#2088 = DIRECTION ( 'NONE',  ( 0.000000000000000000, -1.000000000000000000, -3.061616997868383141E-16 ) ) ;
#2089 = ORIENTED_EDGE ( 'NONE', *, *, #10418, .F. ) ;
#2090 = DIRECTION ( 'NONE',  ( -3.697785493223493385E-32, 1.000000000000000000, 3.061616997868381662E-16 ) ) ;
#2091 = AXIS2_PLACEMENT_3D ( 'NONE', #1693, #5632, #12530 ) ;
#2092 = DIRECTION ( 'NONE',  ( 0.000000000000000000, -3.227392513445222318E-16, 1.000000000000000000 ) ) ;
#2093 = CARTESIAN_POINT ( 'NONE',  ( -6.643865379061518084, 45.19999999999998863, -20.19771510034572515 ) ) ;
#2094 = ORIENTED_EDGE ( 'NONE', *, *, #12246, .T. ) ;
#2095 = CARTESIAN_POINT ( 'NONE',  ( 3.610031534565584899, 45.20000000000000284, 21.19475577399849087 ) ) ;
#2096 = CARTESIAN_POINT ( 'NONE',  ( -21.40690689856074158, -80.41022924428168039, -1.998583757652387494 ) ) ;
#2097 = ORIENTED_EDGE ( 'NONE', *, *, #5026, .T. ) ;
#2098 = VERTEX_POINT ( 'NONE', #10559 ) ;
#2099 = CIRCLE ( 'NONE', #7439, 0.2500000000000002220 ) ;
#2100 = AXIS2_PLACEMENT_3D ( 'NONE', #5277, #11220, #3400 ) ;
#2101 = DIRECTION ( 'NONE',  ( -0.000000000000000000, 1.000000000000000000, 3.061616997868383141E-16 ) ) ;
#2102 = EDGE_CURVE ( 'NONE', #532, #3673, #1216, .T. ) ;
#2103 = CYLINDRICAL_SURFACE ( 'NONE', #11571, 21.50000000000000355 ) ;
#2104 = ORIENTED_EDGE ( 'NONE', *, *, #9192, .F. ) ;
#2105 = DIRECTION ( 'NONE',  ( 0.000000000000000000, -3.227392513445222318E-16, 1.000000000000000000 ) ) ;
#2106 = ADVANCED_FACE ( 'NONE', ( #1755 ), #9649, .F. ) ;
#2107 = CARTESIAN_POINT ( 'NONE',  ( 21.38222075041785786, 51.19999999999999574, -2.247361960254610658 ) ) ;
#2108 = DIRECTION ( 'NONE',  ( 0.000000000000000000, 0.000000000000000000, -1.000000000000000000 ) ) ;
#2109 = ORIENTED_EDGE ( 'NONE', *, *, #2181, .T. ) ;
#2110 = DIRECTION ( 'NONE',  ( -0.000000000000000000, 1.000000000000000000, 3.061616997868383141E-16 ) ) ;
#2111 = CIRCLE ( 'NONE', #10927, 21.50000000000001066 ) ;
#2112 = CARTESIAN_POINT ( 'NONE',  ( 0.000000000000000000, 51.20000000000000995, -7.383484513958806747E-15 ) ) ;
#2113 = CIRCLE ( 'NONE', #7241, 0.2500000000000002220 ) ;
#2114 = LINE ( 'NONE', #4962, #9012 ) ;
#2115 = AXIS2_PLACEMENT_3D ( 'NONE', #11726, #11863, #2951 ) ;
#2116 = ORIENTED_EDGE ( 'NONE', *, *, #6126, .T. ) ;
#2117 = CIRCLE ( 'NONE', #3770, 21.50000000000001066 ) ;
#2118 = CIRCLE ( 'NONE', #10313, 21.50000000000000000 ) ;
#2119 = AXIS2_PLACEMENT_3D ( 'NONE', #2792, #5758, #6723 ) ;
#2120 = ORIENTED_EDGE ( 'NONE', *, *, #3237, .T. ) ;
#2121 = FACE_OUTER_BOUND ( 'NONE', #1936, .T. ) ;
#2122 = CIRCLE ( 'NONE', #5225, 0.2500000000000002220 ) ;
#2123 = EDGE_CURVE ( 'NONE', #6224, #6260, #2867, .T. ) ;
#2124 = DIRECTION ( 'NONE',  ( -1.972152263052529514E-31, 1.000000000000000000, 3.061616997868382155E-16 ) ) ;
#2125 = ORIENTED_EDGE ( 'NONE', *, *, #3772, .T. ) ;
#2126 = LINE ( 'NONE', #5172, #1274 ) ;
#2127 = FACE_OUTER_BOUND ( 'NONE', #11679, .T. ) ;
#2128 = EDGE_CURVE ( 'NONE', #7546, #10153, #4724, .T. ) ;
#2129 = CIRCLE ( 'NONE', #680, 0.2500000000000002220 ) ;
#2130 = CARTESIAN_POINT ( 'NONE',  ( 0.000000000000000000, 87.50000000000001421, 3.730185188303422936E-15 ) ) ;
#2131 = VECTOR ( 'NONE', #2253, 1000.000000000000000 ) ;
#2132 = AXIS2_PLACEMENT_3D ( 'NONE', #6841, #7787, #5059 ) ;
#2133 = ORIENTED_EDGE ( 'NONE', *, *, #4064, .T. ) ;
#2134 = ORIENTED_EDGE ( 'NONE', *, *, #12072, .F. ) ;
#2135 = APPLICATION_CONTEXT ( 'automotive_design' ) ;
#2136 = EDGE_CURVE ( 'NONE', #3701, #1529, #5746, .T. ) ;
#2137 = CIRCLE ( 'NONE', #7671, 21.50000000000001066 ) ;
#2138 = CARTESIAN_POINT ( 'NONE',  ( 17.53963331177551055, 51.19999999999999574, -12.43427775499867494 ) ) ;
#2139 = CARTESIAN_POINT ( 'NONE',  ( 0.000000000000000000, 80.00000000000000000, 1.433972439902135161E-15 ) ) ;
#2140 = EDGE_CURVE ( 'NONE', #2001, #12618, #4519, .T. ) ;
#2141 = EDGE_LOOP ( 'NONE', ( #356, #12536, #1070, #9755 ) ) ;
#2142 = DIRECTION ( 'NONE',  ( 0.000000000000000000, 0.000000000000000000, -1.000000000000000000 ) ) ;
#2143 = DIRECTION ( 'NONE',  ( 0.000000000000000000, 0.000000000000000000, 1.000000000000000000 ) ) ;
#2144 = ORIENTED_EDGE ( 'NONE', *, *, #10228, .F. ) ;
#2145 = DIRECTION ( 'NONE',  ( 0.000000000000000000, -1.000000000000000000, -3.061616997868383141E-16 ) ) ;
#2146 = CARTESIAN_POINT ( 'NONE',  ( -10.53277056407832823, -80.41022924428169460, 18.74328531086489136 ) ) ;
#2147 = CARTESIAN_POINT ( 'NONE',  ( -1.000000000000000444, -0.07288794480800320219, 2.640112055191996987 ) ) ;
#2148 = DIRECTION ( 'NONE',  ( -9.860761315262647568E-32, 1.000000000000000000, 3.061616997868380676E-16 ) ) ;
#2149 = AXIS2_PLACEMENT_3D ( 'NONE', #5339, #4381, #12185 ) ;
#2150 = CARTESIAN_POINT ( 'NONE',  ( 0.9949999999999997735, -0.08699999999999999400, -2.799999999999999822 ) ) ;
#2151 = ORIENTED_EDGE ( 'NONE', *, *, #9971, .F. ) ;
#2152 = ORIENTED_EDGE ( 'NONE', *, *, #11080, .F. ) ;
#2153 = ORIENTED_EDGE ( 'NONE', *, *, #3231, .T. ) ;
#2154 = EDGE_CURVE ( 'NONE', #1720, #8543, #1417, .T. ) ;
#2155 = CARTESIAN_POINT ( 'NONE',  ( 19.04184949573529906, -80.41022924428168039, -9.982883740771763215 ) ) ;
#2156 = AXIS2_PLACEMENT_3D ( 'NONE', #10440, #987, #8764 ) ;
#2157 = CARTESIAN_POINT ( 'NONE',  ( 0.000000000000000000, 87.50000000000001421, 3.730185188303422936E-15 ) ) ;
#2158 = CYLINDRICAL_SURFACE ( 'NONE', #780, 0.2500000000000002220 ) ;
#2159 = CARTESIAN_POINT ( 'NONE',  ( 18.03141721082655380, -80.41022924428168039, -11.70973925282318184 ) ) ;
#2160 = VERTEX_POINT ( 'NONE', #7668 ) ;
#2161 = DIRECTION ( 'NONE',  ( 9.860761315262647568E-32, 1.000000000000000000, 3.061616997868382155E-16 ) ) ;
#2162 = CYLINDRICAL_SURFACE ( 'NONE', #9422, 21.50000000000000355 ) ;
#2163 = CARTESIAN_POINT ( 'NONE',  ( -21.47053499722334280, 51.19999999999999574, -1.125223059223057653 ) ) ;
#2164 = VERTEX_POINT ( 'NONE', #2789 ) ;
#2165 = CARTESIAN_POINT ( 'NONE',  ( 8.972629143562016907, 51.19999999999999574, -19.53821706942835945 ) ) ;
#2166 = CARTESIAN_POINT ( 'NONE',  ( -12.43427775499823973, -80.41022924428169460, 17.53963331177577700 ) ) ;
#2167 = ORIENTED_EDGE ( 'NONE', *, *, #4645, .T. ) ;
#2168 = EDGE_LOOP ( 'NONE', ( #9560, #11984, #37, #3579, #8124 ) ) ;
#2169 = CARTESIAN_POINT ( 'NONE',  ( -1.125223059223438904, 51.19999999999999574, -21.22053499722330727 ) ) ;
#2170 = EDGE_CURVE ( 'NONE', #9042, #2303, #1004, .T. ) ;
#2171 = CARTESIAN_POINT ( 'NONE',  ( -16.70863817132498141, 45.19999999999998863, -13.53038840757134409 ) ) ;
#2172 = AXIS2_PLACEMENT_3D ( 'NONE', #4813, #10444, #1635 ) ;
#2173 = ORIENTED_EDGE ( 'NONE', *, *, #9551, .F. ) ;
#2174 = CARTESIAN_POINT ( 'NONE',  ( -10.96577594754908702, -80.41022924428169460, 18.49328953615749782 ) ) ;
#2175 = DIRECTION ( 'NONE',  ( 0.000000000000000000, 0.000000000000000000, -1.000000000000000000 ) ) ;
#2176 = DIRECTION ( 'NONE',  ( -9.860761315262647568E-32, 1.000000000000000000, 3.061616997868382648E-16 ) ) ;
#2177 = VERTEX_POINT ( 'NONE', #7727 ) ;
#2178 = LINE ( 'NONE', #5279, #10341 ) ;
#2179 = DIRECTION ( 'NONE',  ( 0.000000000000000000, -3.227392513445222318E-16, 1.000000000000000000 ) ) ;
#2180 = DIRECTION ( 'NONE',  ( 0.000000000000000000, 0.000000000000000000, 1.000000000000000000 ) ) ;
#2181 = EDGE_CURVE ( 'NONE', #11330, #10715, #11498, .T. ) ;
#2182 = AXIS2_PLACEMENT_3D ( 'NONE', #2535, #2473, #12401 ) ;
#2183 = EDGE_CURVE ( 'NONE', #6346, #5188, #4323, .T. ) ;
#2184 = EDGE_CURVE ( 'NONE', #8878, #1326, #4489, .T. ) ;
#2185 = ORIENTED_EDGE ( 'NONE', *, *, #5466, .T. ) ;
#2186 = CARTESIAN_POINT ( 'NONE',  ( 0.9971111658241293974, 0.08650247068054717214, 2.799502470680547361 ) ) ;
#2187 = CARTESIAN_POINT ( 'NONE',  ( -0.9982623994384779431, -0.08574444021467080013, -2.798744440214671059 ) ) ;
#2188 = EDGE_LOOP ( 'NONE', ( #2628, #1465, #8109, #3716 ) ) ;
#2189 = CIRCLE ( 'NONE', #3633, 0.2500000000000002220 ) ;
#2190 = CYLINDRICAL_SURFACE ( 'NONE', #2543, 0.2500000000000002220 ) ;
#2191 = CYLINDRICAL_SURFACE ( 'NONE', #2313, 0.2500000000000002220 ) ;
#2192 = DIRECTION ( 'NONE',  ( 0.000000000000000000, 0.000000000000000000, 1.000000000000000000 ) ) ;
#2193 = DIRECTION ( 'NONE',  ( -0.000000000000000000, 1.000000000000000000, 3.061616997868383141E-16 ) ) ;
#2194 = EDGE_CURVE ( 'NONE', #6534, #326, #7781, .T. ) ;
#2195 = VERTEX_POINT ( 'NONE', #11005 ) ;
#2196 = EDGE_CURVE ( 'NONE', #5805, #6346, #7215, .T. ) ;
#2197 = VERTEX_POINT ( 'NONE', #8053 ) ;
#2198 = AXIS2_PLACEMENT_3D ( 'NONE', #6957, #11047, #7905 ) ;
#2199 = AXIS2_PLACEMENT_3D ( 'NONE', #8308, #8365, #9201 ) ;
#2200 = EDGE_CURVE ( 'NONE', #683, #210, #10049, .T. ) ;
#2201 = CYLINDRICAL_SURFACE ( 'NONE', #6201, 0.2500000000000002220 ) ;
#2202 = CYLINDRICAL_SURFACE ( 'NONE', #9178, 0.2500000000000002220 ) ;
#2203 = ORIENTED_EDGE ( 'NONE', *, *, #5656, .T. ) ;
#2204 = DIRECTION ( 'NONE',  ( 0.000000000000000000, -3.227392513445222318E-16, 1.000000000000000000 ) ) ;
#2205 = DIRECTION ( 'NONE',  ( 0.000000000000000000, -1.000000000000000000, -3.061616997868383141E-16 ) ) ;
#2206 = CARTESIAN_POINT ( 'NONE',  ( 16.70863817132479667, -80.41022924428168039, -13.53038840757160521 ) ) ;
#2207 = DIRECTION ( 'NONE',  ( -0.000000000000000000, 1.000000000000000000, 3.061616997868383141E-16 ) ) ;
#2208 = CIRCLE ( 'NONE', #9374, 21.50000000000000000 ) ;
#2209 = DIRECTION ( 'NONE',  ( 0.000000000000000000, -1.000000000000000000, -3.061616997868383141E-16 ) ) ;
#2210 = CARTESIAN_POINT ( 'NONE',  ( 20.44771510034580686, -80.41022924428168039, 6.643865379061288046 ) ) ;
#2211 = EDGE_CURVE ( 'NONE', #1625, #6818, #12690, .T. ) ;
#2212 = AXIS2_PLACEMENT_3D ( 'NONE', #2619, #2193, #4210 ) ;
#2213 = FACE_OUTER_BOUND ( 'NONE', #9541, .T. ) ;
#2214 = ORIENTED_EDGE ( 'NONE', *, *, #5347, .T. ) ;
#2215 = EDGE_CURVE ( 'NONE', #2001, #10033, #3284, .T. ) ;
#2216 = ORIENTED_EDGE ( 'NONE', *, *, #699, .T. ) ;
#2217 = VECTOR ( 'NONE', #3344, 1000.000000000000000 ) ;
#2218 = ORIENTED_EDGE ( 'NONE', *, *, #8141, .T. ) ;
#2219 = VECTOR ( 'NONE', #5385, 1000.000000000000000 ) ;
#2220 = PLANE ( 'NONE',  #4667 ) ;
#2221 = DIRECTION ( 'NONE',  ( -0.000000000000000000, 1.000000000000000000, 3.061616997868383141E-16 ) ) ;
#2222 = FACE_OUTER_BOUND ( 'NONE', #9517, .T. ) ;
#2223 = VERTEX_POINT ( 'NONE', #5064 ) ;
#2224 = FACE_OUTER_BOUND ( 'NONE', #10258, .T. ) ;
#2225 = CARTESIAN_POINT ( 'NONE',  ( 0.000000000000000000, 87.50000000000001421, 3.730185188303422936E-15 ) ) ;
#2226 = CARTESIAN_POINT ( 'NONE',  ( 15.97761374776389331, 45.19999999999998863, -14.38630803671551028 ) ) ;
#2227 = ORIENTED_EDGE ( 'NONE', *, *, #4600, .T. ) ;
#2228 = LINE ( 'NONE', #10002, #9596 ) ;
#2229 = LINE ( 'NONE', #7115, #4162 ) ;
#2230 = ORIENTED_EDGE ( 'NONE', *, *, #1255, .F. ) ;
#2231 = ADVANCED_FACE ( 'NONE', ( #10943 ), #7098, .F. ) ;
#2232 = EDGE_CURVE ( 'NONE', #7929, #8329, #4098, .T. ) ;
#2233 = ORIENTED_EDGE ( 'NONE', *, *, #1321, .T. ) ;
#2234 = DIRECTION ( 'NONE',  ( 0.000000000000000000, 0.000000000000000000, 1.000000000000000000 ) ) ;
#2235 = CYLINDRICAL_SURFACE ( 'NONE', #9134, 0.2500000000000002220 ) ;
#2236 = ORIENTED_EDGE ( 'NONE', *, *, #1288, .F. ) ;
#2237 = CARTESIAN_POINT ( 'NONE',  ( 20.76740526521493635, 51.19999999999999574, -5.564609469704262956 ) ) ;
#2238 = CARTESIAN_POINT ( 'NONE',  ( -4.470101352581554721, -80.41022924428169460, 21.03017341577684007 ) ) ;
#2239 = CARTESIAN_POINT ( 'NONE',  ( 0.000000000000000000, 51.20000000000000995, -7.383484513958806747E-15 ) ) ;
#2240 = VERTEX_POINT ( 'NONE', #4155 ) ;
#2241 = DIRECTION ( 'NONE',  ( 0.000000000000000000, 0.000000000000000000, 1.000000000000000000 ) ) ;
#2242 = CARTESIAN_POINT ( 'NONE',  ( 1.885956070686923411E-15, 80.00000000000000000, -15.39999999999999503 ) ) ;
#2243 = DIRECTION ( 'NONE',  ( 0.000000000000000000, 0.000000000000000000, 1.000000000000000000 ) ) ;
#2244 = CIRCLE ( 'NONE', #5135, 21.50000000000001066 ) ;
#2245 = LINE ( 'NONE', #11816, #7589 ) ;
#2246 = AXIS2_PLACEMENT_3D ( 'NONE', #11285, #3272, #373 ) ;
#2247 = AXIS2_PLACEMENT_3D ( 'NONE', #5264, #12223, #2475 ) ;
#2248 = VERTEX_POINT ( 'NONE', #6140 ) ;
#2249 = CARTESIAN_POINT ( 'NONE',  ( 0.9959563894067329226, 0.08690176242274347262, 2.799901762422743356 ) ) ;
#2250 = CARTESIAN_POINT ( 'NONE',  ( -0.9958629984937213964, -0.08693846207045993757, -2.799938462070459710 ) ) ;
#2251 = VERTEX_POINT ( 'NONE', #10046 ) ;
#2252 = EDGE_CURVE ( 'NONE', #6768, #10162, #7179, .T. ) ;
#2253 = DIRECTION ( 'NONE',  ( -9.860761315262647568E-32, 1.000000000000000000, 3.061616997868382648E-16 ) ) ;
#2254 = CIRCLE ( 'NONE', #5345, 21.50000000000000000 ) ;
#2255 = CARTESIAN_POINT ( 'NONE',  ( -8.515864134734600910, 51.20000000000000995, 19.74158195380351444 ) ) ;
#2256 = DIRECTION ( 'NONE',  ( -0.000000000000000000, 1.000000000000000000, 3.061616997868383141E-16 ) ) ;
#2257 = DIRECTION ( 'NONE',  ( 0.000000000000000000, -3.227392513445220839E-16, 1.000000000000000000 ) ) ;
#2258 = ORIENTED_EDGE ( 'NONE', *, *, #9701, .F. ) ;
#2259 = ORIENTED_EDGE ( 'NONE', *, *, #10919, .F. ) ;
#2260 = CYLINDRICAL_SURFACE ( 'NONE', #10484, 21.50000000000000355 ) ;
#2261 = DIRECTION ( 'NONE',  ( 0.000000000000000000, 0.000000000000000000, 1.000000000000000000 ) ) ;
#2262 = EDGE_CURVE ( 'NONE', #5170, #848, #7381, .T. ) ;
#2263 = ORIENTED_EDGE ( 'NONE', *, *, #3985, .F. ) ;
#2264 = DIRECTION ( 'NONE',  ( -0.000000000000000000, 1.000000000000000000, 3.061616997868383141E-16 ) ) ;
#2265 = CARTESIAN_POINT ( 'NONE',  ( -20.70129763556864333, 45.19999999999998863, 5.805710654484923516 ) ) ;
#2266 = EDGE_CURVE ( 'NONE', #6002, #12002, #10456, .T. ) ;
#2267 = EDGE_CURVE ( 'NONE', #8759, #6323, #4025, .T. ) ;
#2268 = DIRECTION ( 'NONE',  ( 0.000000000000000000, 0.000000000000000000, 1.000000000000000000 ) ) ;
#2269 = CARTESIAN_POINT ( 'NONE',  ( 5.564609469704206113, 45.20000000000000284, 20.76740526521496832 ) ) ;
#2270 = DIRECTION ( 'NONE',  ( 0.000000000000000000, 0.000000000000000000, 1.000000000000000000 ) ) ;
#2271 = CARTESIAN_POINT ( 'NONE',  ( -1.000000000000000444, -0.07348327417852124066, 2.639516725821478893 ) ) ;
#2272 = EDGE_CURVE ( 'NONE', #12629, #5815, #1016, .T. ) ;
#2273 = CARTESIAN_POINT ( 'NONE',  ( 21.19475577399845534, -80.41022924428168039, -3.610031534565680378 ) ) ;
#2274 = ORIENTED_EDGE ( 'NONE', *, *, #6293, .F. ) ;
#2275 = ORIENTED_EDGE ( 'NONE', *, *, #10040, .T. ) ;
#2276 = ORIENTED_EDGE ( 'NONE', *, *, #5796, .T. ) ;
#2277 = CYLINDRICAL_SURFACE ( 'NONE', #3406, 0.2500000000000002220 ) ;
#2278 = DIRECTION ( 'NONE',  ( 0.000000000000000000, -3.227392513445220839E-16, 1.000000000000000000 ) ) ;
#2279 = EDGE_CURVE ( 'NONE', #5974, #1380, #12282, .T. ) ;
#2280 = DIRECTION ( 'NONE',  ( 0.000000000000000000, -3.227392513445222318E-16, 1.000000000000000000 ) ) ;
#2281 = ORIENTED_EDGE ( 'NONE', *, *, #8950, .T. ) ;
#2282 = DIRECTION ( 'NONE',  ( 0.000000000000000000, 1.000000000000000000, 3.061616997868383141E-16 ) ) ;
#2283 = CARTESIAN_POINT ( 'NONE',  ( -19.04184949573544117, -80.41022924428168039, -9.982883740771498537 ) ) ;
#2284 = CARTESIAN_POINT ( 'NONE',  ( 0.000000000000000000, 87.50000000000001421, 3.730185188303422936E-15 ) ) ;
#2285 = ORIENTED_EDGE ( 'NONE', *, *, #4678, .T. ) ;
#2286 = CARTESIAN_POINT ( 'NONE',  ( -1.000000000000000444, -0.08699999999999999400, -2.800000000000000266 ) ) ;
#2287 = EDGE_CURVE ( 'NONE', #1896, #8793, #6769, .T. ) ;
#2288 = CARTESIAN_POINT ( 'NONE',  ( 21.35464355025357008, 45.19999999999998863, -2.495836301044761729 ) ) ;
#2289 = VECTOR ( 'NONE', #8932, 1000.000000000000000 ) ;
#2290 = ORIENTED_EDGE ( 'NONE', *, *, #6426, .T. ) ;
#2291 = CIRCLE ( 'NONE', #442, 0.2500000000000002220 ) ;
#2292 = ORIENTED_EDGE ( 'NONE', *, *, #10271, .T. ) ;
#2293 = ORIENTED_EDGE ( 'NONE', *, *, #4952, .F. ) ;
#2294 = DIRECTION ( 'NONE',  ( 7.395570986446986770E-32, 1.000000000000000000, 3.061616997868381662E-16 ) ) ;
#2295 = VECTOR ( 'NONE', #11415, 1000.000000000000000 ) ;
#2296 = CARTESIAN_POINT ( 'NONE',  ( -18.03141721082671367, 51.19999999999999574, -11.70973925282289763 ) ) ;
#2297 = ORIENTED_EDGE ( 'NONE', *, *, #2879, .T. ) ;
#2298 = DIRECTION ( 'NONE',  ( 0.000000000000000000, -1.000000000000000000, -3.061616997868383141E-16 ) ) ;
#2299 = VECTOR ( 'NONE', #11761, 1000.000000000000000 ) ;
#2300 = EDGE_CURVE ( 'NONE', #11905, #1324, #3431, .T. ) ;
#2301 = DIRECTION ( 'NONE',  ( 0.000000000000000000, 0.000000000000000000, 1.000000000000000000 ) ) ;
#2302 = CARTESIAN_POINT ( 'NONE',  ( -1.000000000000000444, -47.85087804878048701, 0.000000000000000000 ) ) ;
#2303 = VERTEX_POINT ( 'NONE', #2522 ) ;
#2304 = CARTESIAN_POINT ( 'NONE',  ( -19.04184949573554775, 45.19999999999998863, -9.982883740771328007 ) ) ;
#2305 = AXIS2_PLACEMENT_3D ( 'NONE', #1822, #5882, #12656 ) ;
#2306 = CARTESIAN_POINT ( 'NONE',  ( -0.9994451427763608731, 0.08420705802239940307, 2.797207058022399551 ) ) ;
#2307 = CARTESIAN_POINT ( 'NONE',  ( 15.37854173158988758, 51.19999999999999574, -15.02499431646310057 ) ) ;
#2308 = DIRECTION ( 'NONE',  ( 0.000000000000000000, 0.000000000000000000, 1.000000000000000000 ) ) ;
#2309 = AXIS2_PLACEMENT_3D ( 'NONE', #704, #2638, #9631 ) ;
#2310 = AXIS2_PLACEMENT_3D ( 'NONE', #9441, #4650, #9507 ) ;
#2311 = AXIS2_PLACEMENT_3D ( 'NONE', #1389, #10140, #1330 ) ;
#2312 = CARTESIAN_POINT ( 'NONE',  ( 0.9956472653865275912, 0.08696586433877812050, 2.799965864338778143 ) ) ;
#2313 = AXIS2_PLACEMENT_3D ( 'NONE', #9967, #4207, #4141 ) ;
#2314 = EDGE_CURVE ( 'NONE', #282, #11160, #4411, .T. ) ;
#2315 = DIRECTION ( 'NONE',  ( 0.000000000000000000, 0.000000000000000000, 1.000000000000000000 ) ) ;
#2316 = VERTEX_POINT ( 'NONE', #7524 ) ;
#2317 = AXIS2_PLACEMENT_3D ( 'NONE', #57, #4005, #3030 ) ;
#2318 = VECTOR ( 'NONE', #4250, 1000.000000000000000 ) ;
#2319 = CARTESIAN_POINT ( 'NONE',  ( 10.53277056407873857, 45.20000000000000284, 18.74328531086470662 ) ) ;
#2320 = CARTESIAN_POINT ( 'NONE',  ( -16.86483603740588677, 45.20000000000000284, 13.33519049100597087 ) ) ;
#2321 = DIRECTION ( 'NONE',  ( 9.860761315262647568E-32, 1.000000000000000000, 3.061616997868382155E-16 ) ) ;
#2322 = DIRECTION ( 'NONE',  ( 0.000000000000000000, 0.000000000000000000, -1.000000000000000000 ) ) ;
#2323 = CIRCLE ( 'NONE', #5824, 0.2500000000000002220 ) ;
#2324 = ORIENTED_EDGE ( 'NONE', *, *, #11599, .T. ) ;
#2325 = ORIENTED_EDGE ( 'NONE', *, *, #7246, .F. ) ;
#2326 = CIRCLE ( 'NONE', #263, 0.2500000000000002220 ) ;
#2327 = PRODUCT_CONTEXT ( 'NONE', #1718, 'mechanical' ) ;
#2328 = FACE_OUTER_BOUND ( 'NONE', #2588, .T. ) ;
#2329 = ORIENTED_EDGE ( 'NONE', *, *, #7000, .F. ) ;
#2330 = EDGE_CURVE ( 'NONE', #3025, #4304, #4528, .T. ) ;
#2331 = FACE_OUTER_BOUND ( 'NONE', #2409, .T. ) ;
#2332 = CARTESIAN_POINT ( 'NONE',  ( 0.000000000000000000, 45.20000000000000995, -9.220454712679835547E-15 ) ) ;
#2333 = CIRCLE ( 'NONE', #3988, 0.2500000000000002220 ) ;
#2334 = DIRECTION ( 'NONE',  ( 4.930380657631323784E-32, 1.000000000000000000, 3.061616997868382648E-16 ) ) ;
#2335 = CARTESIAN_POINT ( 'NONE',  ( 15.80925377108437502, 51.20000000000000995, 14.57111852952456665 ) ) ;
#2336 = CIRCLE ( 'NONE', #3773, 21.50000000000000000 ) ;
#2337 = CARTESIAN_POINT ( 'NONE',  ( 8.744837826129582936, 51.19999999999999574, -19.64122733931593956 ) ) ;
#2338 = CARTESIAN_POINT ( 'NONE',  ( -0.9990808744461308066, -0.07569946240213899780, 2.637300537597860650 ) ) ;
#2339 = DIRECTION ( 'NONE',  ( 0.000000000000000000, 0.000000000000000000, -1.000000000000000000 ) ) ;
#2340 = ORIENTED_EDGE ( 'NONE', *, *, #8104, .F. ) ;
#2341 = EDGE_CURVE ( 'NONE', #3993, #12346, #7386, .T. ) ;
#2342 = ORIENTED_EDGE ( 'NONE', *, *, #6175, .F. ) ;
#2343 = AXIS2_PLACEMENT_3D ( 'NONE', #10587, #1786, #8178 ) ;
#2344 = EDGE_CURVE ( 'NONE', #5534, #4034, #2051, .T. ) ;
#2345 = ORIENTED_EDGE ( 'NONE', *, *, #10114, .F. ) ;
#2346 = EDGE_CURVE ( 'NONE', #1332, #2098, #3418, .T. ) ;
#2347 = CARTESIAN_POINT ( 'NONE',  ( 0.000000000000000000, 45.20000000000000995, -9.220454712679835547E-15 ) ) ;
#2348 = DIRECTION ( 'NONE',  ( -4.930380657631323784E-32, 1.000000000000000000, 3.061616997868383141E-16 ) ) ;
#2349 = CARTESIAN_POINT ( 'NONE',  ( 0.9999999999999995559, 47.85087804878048701, 0.000000000000000000 ) ) ;
#2350 = ORIENTED_EDGE ( 'NONE', *, *, #5813, .F. ) ;
#2351 = DIRECTION ( 'NONE',  ( 0.000000000000000000, 0.000000000000000000, 1.000000000000000000 ) ) ;
#2352 = CIRCLE ( 'NONE', #9518, 0.2500000000000002220 ) ;
#2353 = CARTESIAN_POINT ( 'NONE',  ( 0.9992227334363703584, -0.07550946811485945154, 2.637490531885140488 ) ) ;
#2354 = LINE ( 'NONE', #1126, #4116 ) ;
#2355 = VERTEX_POINT ( 'NONE', #8242 ) ;
#2356 = DIRECTION ( 'NONE',  ( 0.000000000000000000, 0.000000000000000000, 1.000000000000000000 ) ) ;
#2357 = CARTESIAN_POINT ( 'NONE',  ( -21.40690689856069895, 51.19999999999999574, 1.998583757652975912 ) ) ;
#2358 = ORIENTED_EDGE ( 'NONE', *, *, #12538, .T. ) ;
#2359 = EDGE_CURVE ( 'NONE', #4016, #5315, #3700, .T. ) ;
#2360 = ORIENTED_EDGE ( 'NONE', *, *, #1729, .F. ) ;
#2361 = EDGE_CURVE ( 'NONE', #6346, #68, #3911, .T. ) ;
#2362 = AXIS2_PLACEMENT_3D ( 'NONE', #6234, #9290, #5333 ) ;
#2363 = ORIENTED_EDGE ( 'NONE', *, *, #6202, .F. ) ;
#2364 = CARTESIAN_POINT ( 'NONE',  ( -21.40690689856074158, 45.19999999999998863, -1.998583757652348858 ) ) ;
#2365 = EDGE_CURVE ( 'NONE', #3826, #3333, #8677, .T. ) ;
#2366 = DIRECTION ( 'NONE',  ( 0.000000000000000000, -1.000000000000000000, -3.061616997868383141E-16 ) ) ;
#2367 = ORIENTED_EDGE ( 'NONE', *, *, #12429, .F. ) ;
#2368 = DIRECTION ( 'NONE',  ( 0.000000000000000000, 0.000000000000000000, 1.000000000000000000 ) ) ;
#2369 = CARTESIAN_POINT ( 'NONE',  ( 20.76740526521493635, 45.19999999999998863, -5.564609469704264733 ) ) ;
#2370 = VERTEX_POINT ( 'NONE', #8739 ) ;
#2371 = DIRECTION ( 'NONE',  ( 0.000000000000000000, -3.061616997868383141E-16, 1.000000000000000000 ) ) ;
#2372 = DIRECTION ( 'NONE',  ( 0.000000000000000000, 0.000000000000000000, 1.000000000000000000 ) ) ;
#2373 = FACE_OUTER_BOUND ( 'NONE', #5767, .T. ) ;
#2374 = AXIS2_PLACEMENT_3D ( 'NONE', #8063, #4291, #11973 ) ;
#2375 = DIRECTION ( 'NONE',  ( 0.000000000000000000, 0.000000000000000000, 1.000000000000000000 ) ) ;
#2376 = EDGE_CURVE ( 'NONE', #5702, #1576, #1841, .T. ) ;
#2377 = VECTOR ( 'NONE', #2090, 1000.000000000000000 ) ;
#2378 = VERTEX_POINT ( 'NONE', #11568 ) ;
#2379 = LINE ( 'NONE', #5103, #11231 ) ;
#2380 = FACE_OUTER_BOUND ( 'NONE', #733, .T. ) ;
#2381 = ORIENTED_EDGE ( 'NONE', *, *, #3922, .T. ) ;
#2382 = DIRECTION ( 'NONE',  ( 0.000000000000000000, -3.791745302681544101E-16, 1.000000000000000000 ) ) ;
#2383 = PRODUCT_DEFINITION_CONTEXT ( 'detailed design', #1466, 'design' ) ;
#2384 = DIRECTION ( 'NONE',  ( -0.000000000000000000, 1.000000000000000000, 3.061616997868383141E-16 ) ) ;
#2385 = AXIS2_PLACEMENT_3D ( 'NONE', #11201, #9338, #3572 ) ;
#2386 = EDGE_CURVE ( 'NONE', #5450, #11972, #6376, .T. ) ;
#2387 = EDGE_CURVE ( 'NONE', #5934, #4480, #8218, .T. ) ;
#2388 = ORIENTED_EDGE ( 'NONE', *, *, #5796, .F. ) ;
#2389 = APPLICATION_PROTOCOL_DEFINITION ( 'draft international standard', 'automotive_design', 1998, #11154 ) ;
#2390 = AXIS2_PLACEMENT_3D ( 'NONE', #8674, #833, #5798 ) ;
#2391 = ORIENTED_EDGE ( 'NONE', *, *, #10798, .F. ) ;
#2392 = DIRECTION ( 'NONE',  ( 1.000000000000000000, 0.000000000000000000, 0.000000000000000000 ) ) ;
#2393 = VERTEX_POINT ( 'NONE', #6765 ) ;
#2394 = CARTESIAN_POINT ( 'NONE',  ( -18.49328953615760440, 45.19999999999998863, -10.96577594754901419 ) ) ;
#2395 = CARTESIAN_POINT ( 'NONE',  ( -17.53963331177575569, -80.41022924428168039, -12.43427775499832322 ) ) ;
#2396 = CARTESIAN_POINT ( 'NONE',  ( -20.16021269457224108, 51.19999999999999574, 7.470998869602916592 ) ) ;
#2397 = CARTESIAN_POINT ( 'NONE',  ( -21.23529932279548049, 51.19999999999999574, -3.363340998364742873 ) ) ;
#2398 = DIRECTION ( 'NONE',  ( 0.000000000000000000, -1.000000000000000000, -3.061616997868383141E-16 ) ) ;
#2399 = AXIS2_PLACEMENT_3D ( 'NONE', #12431, #1721, #3663 ) ;
#2400 = AXIS2_PLACEMENT_3D ( 'NONE', #514, #11177, #12312 ) ;
#2401 = CYLINDRICAL_SURFACE ( 'NONE', #11344, 0.2500000000000002220 ) ;
#2402 = EDGE_LOOP ( 'NONE', ( #6370, #4672, #7896, #136 ) ) ;
#2403 = ORIENTED_EDGE ( 'NONE', *, *, #212, .F. ) ;
#2404 = ORIENTED_EDGE ( 'NONE', *, *, #3819, .T. ) ;
#2405 = DIRECTION ( 'NONE',  ( 0.000000000000000000, -1.000000000000000000, -3.061616997868383141E-16 ) ) ;
#2406 = AXIS2_PLACEMENT_3D ( 'NONE', #5929, #5109, #9839 ) ;
#2407 = DIRECTION ( 'NONE',  ( -9.860761315262647568E-32, 1.000000000000000000, 3.061616997868382648E-16 ) ) ;
#2408 = DIRECTION ( 'NONE',  ( 0.000000000000000000, 0.000000000000000000, -1.000000000000000000 ) ) ;
#2409 = EDGE_LOOP ( 'NONE', ( #11846, #1367, #1199, #10897 ) ) ;
#2410 = DIRECTION ( 'NONE',  ( 0.000000000000000000, -3.227392513445220839E-16, 1.000000000000000000 ) ) ;
#2411 = VECTOR ( 'NONE', #6009, 1000.000000000000000 ) ;
#2412 = DIRECTION ( 'NONE',  ( 2.465190328815661892E-32, 1.000000000000000000, 3.061616997868383141E-16 ) ) ;
#2413 = CARTESIAN_POINT ( 'NONE',  ( -6.881176337035140200, -80.41022924428168039, -20.36907980785160888 ) ) ;
#2414 = EDGE_CURVE ( 'NONE', #9963, #1415, #3496, .T. ) ;
#2415 = ORIENTED_EDGE ( 'NONE', *, *, #8851, .T. ) ;
#2416 = DIRECTION ( 'NONE',  ( 0.000000000000000000, -3.227392513445220839E-16, 1.000000000000000000 ) ) ;
#2417 = DIRECTION ( 'NONE',  ( 9.860761315262647568E-32, 1.000000000000000000, 3.061616997868382648E-16 ) ) ;
#2418 = ORIENTED_EDGE ( 'NONE', *, *, #10206, .T. ) ;
#2419 = EDGE_CURVE ( 'NONE', #1340, #262, #6780, .T. ) ;
#2420 = AXIS2_PLACEMENT_3D ( 'NONE', #579, #4710, #6569 ) ;
#2421 = ORIENTED_EDGE ( 'NONE', *, *, #9496, .F. ) ;
#2422 = VECTOR ( 'NONE', #6550, 1000.000000000000000 ) ;
#2423 = ORIENTED_EDGE ( 'NONE', *, *, #8540, .F. ) ;
#2424 = CARTESIAN_POINT ( 'NONE',  ( 0.000000000000000000, 51.20000000000000995, -7.383484513958806747E-15 ) ) ;
#2425 = DIRECTION ( 'NONE',  ( -0.000000000000000000, 1.000000000000000000, 3.061616997868383141E-16 ) ) ;
#2426 = ORIENTED_EDGE ( 'NONE', *, *, #7355, .T. ) ;
#2427 = DIRECTION ( 'NONE',  ( 0.000000000000000000, -1.000000000000000000, -3.061616997868383141E-16 ) ) ;
#2428 = DIRECTION ( 'NONE',  ( 0.000000000000000000, -3.227392513445222318E-16, 1.000000000000000000 ) ) ;
#2429 = ORIENTED_EDGE ( 'NONE', *, *, #6458, .T. ) ;
#2430 = DIRECTION ( 'NONE',  ( 0.000000000000000000, 0.000000000000000000, 1.000000000000000000 ) ) ;
#2431 = LINE ( 'NONE', #6363, #11255 ) ;
#2432 = CARTESIAN_POINT ( 'NONE',  ( 0.000000000000000000, 77.00000000000000000, 2.357445088358655073E-14 ) ) ;
#2433 = EDGE_CURVE ( 'NONE', #344, #12071, #10659, .T. ) ;
#2434 = AXIS2_PLACEMENT_3D ( 'NONE', #8713, #1714, #9548 ) ;
#2435 = CYLINDRICAL_SURFACE ( 'NONE', #4733, 0.2500000000000002220 ) ;
#2436 = EDGE_CURVE ( 'NONE', #11694, #5166, #1428, .T. ) ;
#2437 = AXIS2_PLACEMENT_3D ( 'NONE', #1077, #115, #10976 ) ;
#2438 = VERTEX_POINT ( 'NONE', #8616 ) ;
#2439 = FACE_OUTER_BOUND ( 'NONE', #4353, .T. ) ;
#2440 = FACE_OUTER_BOUND ( 'NONE', #1222, .T. ) ;
#2441 = EDGE_CURVE ( 'NONE', #4769, #8830, #10866, .T. ) ;
#2443 = EDGE_LOOP ( 'NONE', ( #7548, #12063, #8731, #7101 ) ) ;
#2442 = AXIS2_PLACEMENT_3D ( 'NONE', #8788, #12689, #3923 ) ;
#2444 = CIRCLE ( 'NONE', #12675, 21.50000000000001066 ) ;
#2445 = CARTESIAN_POINT ( 'NONE',  ( -1.000000000000000444, -0.07288794480800667164, 2.640112055191992990 ) ) ;
#2446 = EDGE_CURVE ( 'NONE', #11352, #2584, #2775, .T. ) ;
#2447 = DIRECTION ( 'NONE',  ( 0.000000000000000000, 0.000000000000000000, 1.000000000000000000 ) ) ;
#2448 = AXIS2_PLACEMENT_3D ( 'NONE', #4820, #12549, #10827 ) ;
#2449 = EDGE_CURVE ( 'NONE', #8449, #11247, #12695, .T. ) ;
#2450 = ORIENTED_EDGE ( 'NONE', *, *, #2136, .T. ) ;
#2451 = VECTOR ( 'NONE', #12592, 1000.000000000000000 ) ;
#2452 = CONTEXT_DEPENDENT_SHAPE_REPRESENTATION ( #5037, #4072 ) ;
#2453 = EDGE_LOOP ( 'NONE', ( #6742, #1901, #4857, #4413 ) ) ;
#2454 = LINE ( 'NONE', #198, #12439 ) ;
#2455 = VECTOR ( 'NONE', #8819, 1000.000000000000000 ) ;
#2456 = VERTEX_POINT ( 'NONE', #5800 ) ;
#2457 = CARTESIAN_POINT ( 'NONE',  ( -16.55018116000664108, -80.41022924428169460, 13.72375690439611340 ) ) ;
#2458 = EDGE_CURVE ( 'NONE', #5729, #6335, #7189, .T. ) ;
#2459 = DIRECTION ( 'NONE',  ( -0.000000000000000000, 1.000000000000000000, 3.061616997868383141E-16 ) ) ;
#2460 = CYLINDRICAL_SURFACE ( 'NONE', #6501, 0.2500000000000002220 ) ;
#2461 = DIRECTION ( 'NONE',  ( 0.000000000000000000, 1.000000000000000000, 3.061616997868381662E-16 ) ) ;
#2462 = DIRECTION ( 'NONE',  ( 0.000000000000000000, -3.227392513445220839E-16, 1.000000000000000000 ) ) ;
#2463 = LINE ( 'NONE', #1545, #3157 ) ;
#2464 = ORIENTED_EDGE ( 'NONE', *, *, #7410, .T. ) ;
#2465 = AXIS2_PLACEMENT_3D ( 'NONE', #6643, #10476, #9704 ) ;
#2466 = ORIENTED_EDGE ( 'NONE', *, *, #10675, .F. ) ;
#2467 = ORIENTED_EDGE ( 'NONE', *, *, #6248, .F. ) ;
#2468 = DIRECTION ( 'NONE',  ( 0.000000000000000000, -1.000000000000000000, -3.061616997868383141E-16 ) ) ;
#2469 = DIRECTION ( 'NONE',  ( -0.000000000000000000, 1.000000000000000000, 3.061616997868383141E-16 ) ) ;
#2470 = EDGE_CURVE ( 'NONE', #1248, #1355, #4135, .T. ) ;
#2471 = CARTESIAN_POINT ( 'NONE',  ( -21.49999999999998934, -80.41022924428168039, 2.005820138897033291E-13 ) ) ;
#2472 = ORIENTED_EDGE ( 'NONE', *, *, #12072, .T. ) ;
#2473 = DIRECTION ( 'NONE',  ( 0.000000000000000000, -1.000000000000000000, -3.061616997868383141E-16 ) ) ;
#2474 = DIRECTION ( 'NONE',  ( 0.000000000000000000, 0.000000000000000000, -1.000000000000000000 ) ) ;
#2475 = DIRECTION ( 'NONE',  ( 0.000000000000000000, 0.000000000000000000, 1.000000000000000000 ) ) ;
#2476 = ORIENTED_EDGE ( 'NONE', *, *, #48, .F. ) ;
#2477 = CARTESIAN_POINT ( 'NONE',  ( -1.000000000000000444, -47.85087804878048701, 0.000000000000000000 ) ) ;
#2478 = DIRECTION ( 'NONE',  ( -0.000000000000000000, 1.000000000000000000, 3.061616997868383141E-16 ) ) ;
#2479 = EDGE_LOOP ( 'NONE', ( #2771, #11501, #1756, #11735 ) ) ;
#2480 = EDGE_LOOP ( 'NONE', ( #2984, #701, #7555, #11569 ) ) ;
#2481 = EDGE_LOOP ( 'NONE', ( #5519, #8487 ) ) ;
#2482 = CARTESIAN_POINT ( 'NONE',  ( 12.83877941551867963, 51.19999999999999574, -17.24574565275894500 ) ) ;
#2483 = LINE ( 'NONE', #300, #7087 ) ;
#2484 = EDGE_LOOP ( 'NONE', ( #3245, #3206, #6504, #8769 ) ) ;
#2485 = CARTESIAN_POINT ( 'NONE',  ( 2.510525938252075270E-15, 28.86506350946110899, -20.50000000000002132 ) ) ;
#2486 = CARTESIAN_POINT ( 'NONE',  ( -3.116195710812804442, 51.19999999999999574, -21.27297168455578102 ) ) ;
#2487 = ORIENTED_EDGE ( 'NONE', *, *, #11996, .F. ) ;
#2488 = DIRECTION ( 'NONE',  ( 0.000000000000000000, -1.000000000000000000, -3.061616997868383141E-16 ) ) ;
#2489 = AXIS2_PLACEMENT_3D ( 'NONE', #4522, #6508, #10409 ) ;
#2490 = CARTESIAN_POINT ( 'NONE',  ( -0.9982623994384798305, 0.08574444021467281241, 2.798744440214673279 ) ) ;
#2491 = FACE_OUTER_BOUND ( 'NONE', #1210, .T. ) ;
#2492 = CARTESIAN_POINT ( 'NONE',  ( -2.247361960254262048, 45.20000000000000284, 21.38222075041790760 ) ) ;
#2493 = ADVANCED_FACE ( 'NONE', ( #5739 ), #836, .T. ) ;
#2494 = AXIS2_PLACEMENT_3D ( 'NONE', #5593, #2818, #9491 ) ;
#2495 = AXIS2_PLACEMENT_3D ( 'NONE', #2070, #3823, #6003 ) ;
#2496 = ADVANCED_FACE ( 'NONE', ( #4656 ), #12580, .T. ) ;
#2497 = AXIS2_PLACEMENT_3D ( 'NONE', #3578, #8511, #8384 ) ;
#2498 = ORIENTED_EDGE ( 'NONE', *, *, #5854, .F. ) ;
#2499 = CARTESIAN_POINT ( 'NONE',  ( -20.70129763556864333, -80.41022924428168039, 5.805710654484885325 ) ) ;
#2500 = DIRECTION ( 'NONE',  ( 0.000000000000000000, -3.227392513445222318E-16, 1.000000000000000000 ) ) ;
#2501 = ORIENTED_EDGE ( 'NONE', *, *, #9971, .T. ) ;
#2502 = ADVANCED_FACE ( 'NONE', ( #3816 ), #7713, .F. ) ;
#2503 = LINE ( 'NONE', #5661, #6365 ) ;
#2504 = DIRECTION ( 'NONE',  ( -1.000000000000000000, 0.000000000000000000, 0.000000000000000000 ) ) ;
#2505 = CIRCLE ( 'NONE', #11113, 21.50000000000000000 ) ;
#2506 = AXIS2_PLACEMENT_3D ( 'NONE', #400, #12139, #10999 ) ;
#2507 = EDGE_CURVE ( 'NONE', #8254, #12138, #5676, .T. ) ;
#2508 = ORIENTED_EDGE ( 'NONE', *, *, #5868, .T. ) ;
#2509 = CIRCLE ( 'NONE', #10518, 21.50000000000000000 ) ;
#2510 = ADVANCED_FACE ( 'NONE', ( #6245 ), #6959, .F. ) ;
#2511 = VECTOR ( 'NONE', #5733, 1000.000000000000000 ) ;
#2512 = VERTEX_POINT ( 'NONE', #9118 ) ;
#2513 = CARTESIAN_POINT ( 'NONE',  ( -21.08072873382960566, 45.19999999999998863, 4.225266388133577244 ) ) ;
#2514 = CIRCLE ( 'NONE', #3970, 0.2500000000000002220 ) ;
#2515 = ORIENTED_EDGE ( 'NONE', *, *, #2154, .T. ) ;
#2516 = LINE ( 'NONE', #6384, #5200 ) ;
#2517 = CARTESIAN_POINT ( 'NONE',  ( 0.000000000000000000, 45.20000000000000995, -9.220454712679835547E-15 ) ) ;
#2518 = CARTESIAN_POINT ( 'NONE',  ( -17.39386537906147012, 51.19999999999999574, -12.38738292428799603 ) ) ;
#2519 = AXIS2_PLACEMENT_3D ( 'NONE', #5216, #5159, #2105 ) ;
#2520 = FACE_OUTER_BOUND ( 'NONE', #3381, .T. ) ;
#2521 = CIRCLE ( 'NONE', #4194, 21.50000000000000000 ) ;
#2522 = CARTESIAN_POINT ( 'NONE',  ( -19.26884090911953606, 51.19999999999999574, 9.537388008204406020 ) ) ;
#2523 = DIRECTION ( 'NONE',  ( 0.000000000000000000, -3.227392513445222318E-16, 1.000000000000000000 ) ) ;
#2524 = AXIS2_PLACEMENT_3D ( 'NONE', #350, #4294, #2280 ) ;
#2525 = ORIENTED_EDGE ( 'NONE', *, *, #2879, .F. ) ;
#2526 = VERTEX_POINT ( 'NONE', #12057 ) ;
#2527 = EDGE_CURVE ( 'NONE', #12296, #3222, #2664, .T. ) ;
#2528 = ORIENTED_EDGE ( 'NONE', *, *, #3962, .T. ) ;
#2529 = AXIS2_PLACEMENT_3D ( 'NONE', #11190, #8555, #3371 ) ;
#2530 = DIRECTION ( 'NONE',  ( 0.000000000000000000, 0.000000000000000000, 1.000000000000000000 ) ) ;
#2531 = CARTESIAN_POINT ( 'NONE',  ( 0.000000000000000000, 76.25000000000000000, 2.858660657014905341E-16 ) ) ;
#2532 = VECTOR ( 'NONE', #10742, 1000.000000000000000 ) ;
#2533 = CARTESIAN_POINT ( 'NONE',  ( 1.125223059223148248, -80.41022924428168039, -21.47053499722336056 ) ) ;
#2534 = ORIENTED_EDGE ( 'NONE', *, *, #8893, .F. ) ;
#2535 = CARTESIAN_POINT ( 'NONE',  ( 18.61954618136537576, 45.19999999999998863, -10.75000000000006928 ) ) ;
#2536 = CARTESIAN_POINT ( 'NONE',  ( 0.9967777323287374536, -0.07734336586368038835, 2.635656634136319454 ) ) ;
#2537 = CARTESIAN_POINT ( 'NONE',  ( 13.33519049100568488, 51.19999999999999574, -16.86483603740610704 ) ) ;
#2538 = ORIENTED_EDGE ( 'NONE', *, *, #1973, .F. ) ;
#2539 = DIRECTION ( 'NONE',  ( 0.000000000000000000, 0.000000000000000000, -1.000000000000000000 ) ) ;
#2540 = VECTOR ( 'NONE', #6135, 1000.000000000000000 ) ;
#2541 = CYLINDRICAL_SURFACE ( 'NONE', #5787, 0.2500000000000002220 ) ;
#2542 = ORIENTED_EDGE ( 'NONE', *, *, #6770, .F. ) ;
#2543 = AXIS2_PLACEMENT_3D ( 'NONE', #5353, #8294, #6121 ) ;
#2544 = ORIENTED_EDGE ( 'NONE', *, *, #8302, .F. ) ;
#2545 = AXIS2_PLACEMENT_3D ( 'NONE', #8690, #12588, #3825 ) ;
#2546 = EDGE_CURVE ( 'NONE', #4628, #3436, #8413, .T. ) ;
#2547 = ORIENTED_EDGE ( 'NONE', *, *, #3534, .T. ) ;
#2548 = CARTESIAN_POINT ( 'NONE',  ( 19.74158195380342917, -80.41022924428168039, -8.515864134734808744 ) ) ;
#2549 = DIRECTION ( 'NONE',  ( 0.000000000000000000, 0.000000000000000000, 1.000000000000000000 ) ) ;
#2550 = ORIENTED_EDGE ( 'NONE', *, *, #8630, .T. ) ;
#2551 = CARTESIAN_POINT ( 'NONE',  ( -10.53277056407888601, 51.19999999999999574, -18.74328531086462490 ) ) ;
#2552 = CARTESIAN_POINT ( 'NONE',  ( -20.44771510034585660, 51.19999999999999574, -6.393865379061153043 ) ) ;
#2553 = EDGE_LOOP ( 'NONE', ( #7838, #7890, #1276, #1937 ) ) ;
#2554 = DIRECTION ( 'NONE',  ( 0.000000000000000000, 0.000000000000000000, 1.000000000000000000 ) ) ;
#2555 = CYLINDRICAL_SURFACE ( 'NONE', #6757, 0.2500000000000002220 ) ;
#2556 = CARTESIAN_POINT ( 'NONE',  ( 19.74158195380337943, 51.19999999999999574, -8.515864134734931312 ) ) ;
#2557 = DIRECTION ( 'NONE',  ( 0.000000000000000000, -3.227392513445220839E-16, 1.000000000000000000 ) ) ;
#2558 = DIRECTION ( 'NONE',  ( 0.000000000000000000, 0.000000000000000000, 1.000000000000000000 ) ) ;
#2559 = ORIENTED_EDGE ( 'NONE', *, *, #450, .F. ) ;
#2560 = AXIS2_PLACEMENT_3D ( 'NONE', #8462, #5463, #6606 ) ;
#2561 = EDGE_CURVE ( 'NONE', #2584, #7973, #6178, .T. ) ;
#2562 = VERTEX_POINT ( 'NONE', #4979 ) ;
#2563 = LINE ( 'NONE', #8348, #122 ) ;
#2564 = LINE ( 'NONE', #4328, #1065 ) ;
#2565 = ORIENTED_EDGE ( 'NONE', *, *, #6211, .F. ) ;
#2566 = CARTESIAN_POINT ( 'NONE',  ( -0.9990949630984925500, -0.08482553422745806038, -2.797825534227458721 ) ) ;
#2567 = CIRCLE ( 'NONE', #700, 0.2500000000000002220 ) ;
#2568 = EDGE_CURVE ( 'NONE', #6361, #7244, #10464, .T. ) ;
#2569 = ADVANCED_FACE ( 'NONE', ( #63 ), #6177, .F. ) ;
#2570 = EDGE_CURVE ( 'NONE', #3749, #8432, #4950, .T. ) ;
#2571 = EDGE_LOOP ( 'NONE', ( #1914, #4006, #2345, #3108 ) ) ;
#2572 = CONTEXT_DEPENDENT_SHAPE_REPRESENTATION ( #8766, #4180 ) ;
#2573 = ORIENTED_EDGE ( 'NONE', *, *, #12215, .T. ) ;
#2574 = CARTESIAN_POINT ( 'NONE',  ( 0.9995419935583814697, 0.07495876827541333998, -2.638041231724590041 ) ) ;
#2575 = ORIENTED_EDGE ( 'NONE', *, *, #3622, .T. ) ;
#2576 = DIRECTION ( 'NONE',  ( 0.000000000000000000, -3.227392513445220839E-16, 1.000000000000000000 ) ) ;
#2577 = DIRECTION ( 'NONE',  ( 0.000000000000000000, -2.843808977011157336E-16, 1.000000000000000000 ) ) ;
#2579 = EDGE_CURVE ( 'NONE', #9412, #8793, #1021, .T. ) ;
#2578 = CARTESIAN_POINT ( 'NONE',  ( -10.96577594754947604, -80.41022924428168039, -18.49328953615731663 ) ) ;
#2580 = CARTESIAN_POINT ( 'NONE',  ( 0.000000000000000000, 87.50000000000001421, 3.730185188303422936E-15 ) ) ;
#2581 = DIRECTION ( 'NONE',  ( -0.000000000000000000, 1.000000000000000000, 3.061616997868383141E-16 ) ) ;
#2582 = EDGE_CURVE ( 'NONE', #4083, #1645, #2673, .T. ) ;
#2583 = CARTESIAN_POINT ( 'NONE',  ( -21.08072873382962342, -80.41022924428168039, 4.225266388133370299 ) ) ;
#2584 = VERTEX_POINT ( 'NONE', #376 ) ;
#2585 = ADVANCED_FACE ( 'NONE', ( #438 ), #4320, .F. ) ;
#2586 = VERTEX_POINT ( 'NONE', #11227 ) ;
#2587 = AXIS2_PLACEMENT_3D ( 'NONE', #7537, #7351, #2410 ) ;
#2588 = EDGE_LOOP ( 'NONE', ( #4535, #5329, #345, #6231 ) ) ;
#2589 = CARTESIAN_POINT ( 'NONE',  ( -21.48216726873253180, -80.41022924428168039, 0.8754938253329985764 ) ) ;
#2590 = DIRECTION ( 'NONE',  ( 0.000000000000000000, -3.558407130208834256E-16, 1.000000000000000000 ) ) ;
#2591 = ORIENTED_EDGE ( 'NONE', *, *, #9436, .F. ) ;
#2593 = ADVANCED_FACE ( 'NONE', ( #5931 ), #2435, .F. ) ;
#2592 = DIRECTION ( 'NONE',  ( 0.000000000000000000, -3.384826294588891447E-16, 1.000000000000000000 ) ) ;
#2594 = AXIS2_PLACEMENT_3D ( 'NONE', #2269, #4023, #9980 ) ;
#2595 = DIRECTION ( 'NONE',  ( 0.000000000000000000, -1.000000000000000000, -3.061616997868383141E-16 ) ) ;
#2596 = DIRECTION ( 'NONE',  ( -0.000000000000000000, 1.000000000000000000, 3.061616997868383141E-16 ) ) ;
#2597 = EDGE_CURVE ( 'NONE', #9708, #1515, #10260, .T. ) ;
#2598 = VERTEX_POINT ( 'NONE', #6367 ) ;
#2599 = CARTESIAN_POINT ( 'NONE',  ( 2.247361960254412150, -80.41022924428168039, -21.13222075041790404 ) ) ;
#2600 = CARTESIAN_POINT ( 'NONE',  ( 0.000000000000000000, 45.20000000000000995, -9.220454712679835547E-15 ) ) ;
#2601 = ORIENTED_EDGE ( 'NONE', *, *, #7302, .F. ) ;
#2602 = EDGE_LOOP ( 'NONE', ( #8824, #3775, #4967, #11118 ) ) ;
#2603 = AXIS2_PLACEMENT_3D ( 'NONE', #6496, #3478, #12195 ) ;
#2604 = ORIENTED_EDGE ( 'NONE', *, *, #4630, .F. ) ;
#2605 = CARTESIAN_POINT ( 'NONE',  ( 19.53821706942818537, -80.41022924428168039, -8.972629143562379284 ) ) ;
#2606 = CIRCLE ( 'NONE', #5491, 15.40000000000001279 ) ;
#2607 = FACE_OUTER_BOUND ( 'NONE', #12209, .T. ) ;
#2608 = ORIENTED_EDGE ( 'NONE', *, *, #11932, .T. ) ;
#2609 = DIRECTION ( 'NONE',  ( -0.000000000000000000, 1.000000000000000000, 3.061616997868383141E-16 ) ) ;
#2610 = DIRECTION ( 'NONE',  ( -4.930380657631323784E-32, 1.000000000000000000, 3.061616997868381169E-16 ) ) ;
#2611 = CARTESIAN_POINT ( 'NONE',  ( -3.610031534565299793, -80.41022924428169460, 21.19475577399849797 ) ) ;
#2612 = ORIENTED_EDGE ( 'NONE', *, *, #11540, .F. ) ;
#2613 = DIRECTION ( 'NONE',  ( -0.000000000000000000, 1.000000000000000000, 3.061616997868383141E-16 ) ) ;
#2614 = DIRECTION ( 'NONE',  ( 0.000000000000000000, 0.000000000000000000, -1.000000000000000000 ) ) ;
#2615 = CARTESIAN_POINT ( 'NONE',  ( -20.83070497094747608, 51.19999999999999574, 5.322755903979050629 ) ) ;
#2616 = EDGE_CURVE ( 'NONE', #10509, #6083, #3710, .T. ) ;
#2617 = ORIENTED_EDGE ( 'NONE', *, *, #12597, .F. ) ;
#2618 = EDGE_CURVE ( 'NONE', #858, #5648, #415, .T. ) ;
#2619 = CARTESIAN_POINT ( 'NONE',  ( 0.000000000000000000, 45.20000000000000995, -9.220454712679835547E-15 ) ) ;
#2620 = AXIS2_PLACEMENT_3D ( 'NONE', #7334, #11246, #10282 ) ;
#2621 = DIRECTION ( 'NONE',  ( 0.000000000000000000, 0.000000000000000000, 1.000000000000000000 ) ) ;
#2622 = AXIS2_PLACEMENT_3D ( 'NONE', #8869, #128, #10727 ) ;
#2623 = ORIENTED_EDGE ( 'NONE', *, *, #12599, .F. ) ;
#2624 = VERTEX_POINT ( 'NONE', #1029 ) ;
#2625 = DIRECTION ( 'NONE',  ( 0.000000000000000000, -1.000000000000000000, -3.061616997868383141E-16 ) ) ;
#2626 = DIRECTION ( 'NONE',  ( 0.000000000000000000, 0.000000000000000000, 1.000000000000000000 ) ) ;
#2627 = VECTOR ( 'NONE', #933, 1000.000000000000000 ) ;
#2628 = ORIENTED_EDGE ( 'NONE', *, *, #7442, .T. ) ;
#2629 = CARTESIAN_POINT ( 'NONE',  ( -1.000000000000000444, -0.08167987200253366831, -2.794679872002534093 ) ) ;
#2630 = DIRECTION ( 'NONE',  ( -0.000000000000000000, 1.000000000000000000, 3.061616997868383141E-16 ) ) ;
#2631 = EDGE_CURVE ( 'NONE', #8461, #12316, #2245, .T. ) ;
#2632 = ORIENTED_EDGE ( 'NONE', *, *, #8091, .T. ) ;
#2633 = AXIS2_PLACEMENT_3D ( 'NONE', #3862, #6811, #1079 ) ;
#2634 = ORIENTED_EDGE ( 'NONE', *, *, #365, .T. ) ;
#2635 = LINE ( 'NONE', #4647, #1381 ) ;
#2636 = AXIS2_PLACEMENT_3D ( 'NONE', #7505, #4627, #1643 ) ;
#2637 = ADVANCED_FACE ( 'NONE', ( #3597 ), #3658, .F. ) ;
#2638 = DIRECTION ( 'NONE',  ( 0.000000000000000000, -1.000000000000000000, -3.061616997868383141E-16 ) ) ;
#2639 = ORIENTED_EDGE ( 'NONE', *, *, #8058, .F. ) ;
#2640 = DIRECTION ( 'NONE',  ( 0.000000000000000000, -3.227392513445220839E-16, 1.000000000000000000 ) ) ;
#2641 = AXIS2_PLACEMENT_3D ( 'NONE', #3314, #7233, #10000 ) ;
#2642 = CARTESIAN_POINT ( 'NONE',  ( -17.39386537906121788, 51.20000000000000995, 12.63738292428837617 ) ) ;
#2643 = CARTESIAN_POINT ( 'NONE',  ( 0.9963675561695519711, -0.08681650027686765858, -2.799816500276867792 ) ) ;
#2644 = CARTESIAN_POINT ( 'NONE',  ( -4.470101352581976606, 45.19999999999998863, -20.78017341577676191 ) ) ;
#2645 = CARTESIAN_POINT ( 'NONE',  ( 1.000000000000145439, -0.07339451849166257758, 2.639605481508336737 ) ) ;
#2646 = AXIS2_PLACEMENT_3D ( 'NONE', #3151, #1206, #8282 ) ;
#2647 = DIRECTION ( 'NONE',  ( 0.000000000000000000, 0.000000000000000000, 1.000000000000000000 ) ) ;
#2648 = AXIS2_PLACEMENT_3D ( 'NONE', #6609, #7742, #744 ) ;
#2649 = VERTEX_POINT ( 'NONE', #9421 ) ;
#2650 = ORIENTED_EDGE ( 'NONE', *, *, #11898, .F. ) ;
#2651 = AXIS2_PLACEMENT_3D ( 'NONE', #5251, #7154, #4223 ) ;
#2652 = ORIENTED_EDGE ( 'NONE', *, *, #35, .F. ) ;
#2653 = EDGE_CURVE ( 'NONE', #8698, #6407, #10875, .T. ) ;
#2654 = EDGE_CURVE ( 'NONE', #1493, #4019, #5358, .T. ) ;
#2655 = FACE_OUTER_BOUND ( 'NONE', #1737, .T. ) ;
#2656 = CARTESIAN_POINT ( 'NONE',  ( 0.000000000000000000, 87.50000000000001421, 3.730185188303422936E-15 ) ) ;
#2657 = CIRCLE ( 'NONE', #3483, 0.2500000000000002220 ) ;
#2658 = CYLINDRICAL_SURFACE ( 'NONE', #10732, 0.2500000000000002220 ) ;
#2659 = ORIENTED_EDGE ( 'NONE', *, *, #608, .T. ) ;
#2660 = CARTESIAN_POINT ( 'NONE',  ( -0.9950000000000006617, 0.07763355007211342196, -2.635366449927883270 ) ) ;
#2661 = EDGE_CURVE ( 'NONE', #23, #5176, #8405, .T. ) ;
#2662 = DIRECTION ( 'NONE',  ( 2.465190328815661892E-32, 1.000000000000000000, 3.061616997868380676E-16 ) ) ;
#2663 = CARTESIAN_POINT ( 'NONE',  ( 18.49328953615733440, 45.19999999999998863, -10.96577594754939966 ) ) ;
#2664 = CIRCLE ( 'NONE', #3291, 21.50000000000000000 ) ;
#2665 = ORIENTED_EDGE ( 'NONE', *, *, #4787, .T. ) ;
#2666 = DIRECTION ( 'NONE',  ( 9.860761315262647568E-32, 1.000000000000000000, 3.061616997868381662E-16 ) ) ;
#2667 = CARTESIAN_POINT ( 'NONE',  ( 0.000000000000000000, 87.50000000000001421, 3.730185188303422936E-15 ) ) ;
#2668 = EDGE_LOOP ( 'NONE', ( #4145, #11888, #1039, #8715 ) ) ;
#2669 = ORIENTED_EDGE ( 'NONE', *, *, #3304, .T. ) ;
#2670 = VERTEX_POINT ( 'NONE', #686 ) ;
#2671 = DIRECTION ( 'NONE',  ( 0.000000000000000000, -1.000000000000000000, -3.061616997868383141E-16 ) ) ;
#2672 = DIRECTION ( 'NONE',  ( -0.000000000000000000, 1.000000000000000000, 3.061616997868383141E-16 ) ) ;
#2673 = CIRCLE ( 'NONE', #9849, 0.2500000000000002220 ) ;
#2674 = EDGE_CURVE ( 'NONE', #984, #10969, #1809, .T. ) ;
#2675 = CARTESIAN_POINT ( 'NONE',  ( 0.9998015137294511412, -0.08343150025756075616, -2.796431500257561265 ) ) ;
#2676 = CYLINDRICAL_SURFACE ( 'NONE', #8467, 21.50000000000000355 ) ;
#2677 = DIRECTION ( 'NONE',  ( 0.000000000000000000, 0.000000000000000000, -1.000000000000000000 ) ) ;
#2678 = CARTESIAN_POINT ( 'NONE',  ( 0.000000000000000000, 51.20000000000000995, -7.383484513958806747E-15 ) ) ;
#2679 = ORIENTED_EDGE ( 'NONE', *, *, #610, .F. ) ;
#2680 = FACE_OUTER_BOUND ( 'NONE', #7293, .T. ) ;
#2681 = EDGE_CURVE ( 'NONE', #5176, #11638, #11045, .T. ) ;
#2682 = DIRECTION ( 'NONE',  ( 0.000000000000000000, 0.000000000000000000, -1.000000000000000000 ) ) ;
#2683 = CYLINDRICAL_SURFACE ( 'NONE', #12266, 0.2500000000000002220 ) ;
#2684 = ORIENTED_EDGE ( 'NONE', *, *, #9777, .T. ) ;
#2685 = CARTESIAN_POINT ( 'NONE',  ( -15.80925377108406416, 45.20000000000000284, 14.57111852952490771 ) ) ;
#2686 = CARTESIAN_POINT ( 'NONE',  ( 17.39386537906138841, 45.20000000000000284, 12.63738292428814347 ) ) ;
#2687 = ORIENTED_EDGE ( 'NONE', *, *, #7024, .F. ) ;
#2688 = EDGE_CURVE ( 'NONE', #3436, #9280, #8995, .T. ) ;
#2689 = ORIENTED_EDGE ( 'NONE', *, *, #2032, .T. ) ;
#2690 = FACE_OUTER_BOUND ( 'NONE', #7849, .T. ) ;
#2691 = DIRECTION ( 'NONE',  ( 0.000000000000000000, -3.227392513445220839E-16, 1.000000000000000000 ) ) ;
#2692 = ORIENTED_EDGE ( 'NONE', *, *, #10724, .T. ) ;
#2693 = CARTESIAN_POINT ( 'NONE',  ( -1.000000000000000444, -0.07288794480800320219, 2.640112055191996987 ) ) ;
#2694 = CYLINDRICAL_SURFACE ( 'NONE', #1412, 21.50000000000000355 ) ;
#2695 = AXIS2_PLACEMENT_3D ( 'NONE', #8599, #7757, #5722 ) ;
#2696 = AXIS2_PLACEMENT_3D ( 'NONE', #11619, #2835, #9633 ) ;
#2697 = VECTOR ( 'NONE', #8008, 1000.000000000000000 ) ;
#2698 = ORIENTED_EDGE ( 'NONE', *, *, #2344, .T. ) ;
#2699 = ORIENTED_EDGE ( 'NONE', *, *, #2266, .T. ) ;
#2700 = EDGE_CURVE ( 'NONE', #942, #3484, #6344, .T. ) ;
#2701 = ORIENTED_EDGE ( 'NONE', *, *, #12181, .T. ) ;
#2702 = CARTESIAN_POINT ( 'NONE',  ( 0.9967777323287362323, 0.07734336586368122102, -2.635656634136321674 ) ) ;
#2703 = DIRECTION ( 'NONE',  ( 0.000000000000000000, 1.000000000000000000, 3.061616997868381662E-16 ) ) ;
#2704 = ORIENTED_EDGE ( 'NONE', *, *, #8703, .F. ) ;
#2705 = VECTOR ( 'NONE', #1872, 1000.000000000000000 ) ;
#2706 = DIRECTION ( 'NONE',  ( 1.000000000000000000, 0.000000000000000000, 0.000000000000000000 ) ) ;
#2707 = CYLINDRICAL_SURFACE ( 'NONE', #2390, 0.2500000000000002220 ) ;
#2708 = DIRECTION ( 'NONE',  ( -0.000000000000000000, 1.000000000000000000, 3.061616997868383141E-16 ) ) ;
#2709 = DIRECTION ( 'NONE',  ( -0.000000000000000000, 1.000000000000000000, 3.061616997868383141E-16 ) ) ;
#2710 = DIRECTION ( 'NONE',  ( 0.000000000000000000, 0.000000000000000000, 1.000000000000000000 ) ) ;
#2711 = ORIENTED_EDGE ( 'NONE', *, *, #1504, .T. ) ;
#2712 = CIRCLE ( 'NONE', #9901, 0.2500000000000002220 ) ;
#2713 = ORIENTED_EDGE ( 'NONE', *, *, #10896, .T. ) ;
#2714 = ADVANCED_FACE ( 'NONE', ( #748 ), #11288, .T. ) ;
#2715 = CARTESIAN_POINT ( 'NONE',  ( -15.97761374776409227, 51.19999999999999574, -14.13630803671529179 ) ) ;
#2716 = LINE ( 'NONE', #6586, #7420 ) ;
#2717 = DIRECTION ( 'NONE',  ( 9.860761315262647568E-32, 1.000000000000000000, 3.061616997868382648E-16 ) ) ;
#2718 = AXIS2_PLACEMENT_3D ( 'NONE', #11861, #8144, #1138 ) ;
#2719 = CIRCLE ( 'NONE', #464, 0.2500000000000002220 ) ;
#2720 = CARTESIAN_POINT ( 'NONE',  ( 6.643865379061240972, -80.41022924428168039, -20.44771510034585660 ) ) ;
#2721 = ORIENTED_EDGE ( 'NONE', *, *, #8998, .T. ) ;
#2722 = FACE_OUTER_BOUND ( 'NONE', #10478, .T. ) ;
#2723 = AXIS2_PLACEMENT_3D ( 'NONE', #8658, #754, #5781 ) ;
#2724 = AXIS2_PLACEMENT_3D ( 'NONE', #3715, #3650, #1636 ) ;
#2725 = DIRECTION ( 'NONE',  ( 0.000000000000000000, 0.000000000000000000, -1.000000000000000000 ) ) ;
#2726 = CARTESIAN_POINT ( 'NONE',  ( 0.000000000000000000, 28.86506350946110189, -1.422158663453328212E-14 ) ) ;
#2727 = ORIENTED_EDGE ( 'NONE', *, *, #3448, .T. ) ;
#2728 = EDGE_CURVE ( 'NONE', #12219, #9639, #7625, .T. ) ;
#2729 = DIRECTION ( 'NONE',  ( 9.860761315262647568E-32, 1.000000000000000000, 3.061616997868382155E-16 ) ) ;
#2730 = DIRECTION ( 'NONE',  ( 9.860761315262647568E-32, 1.000000000000000000, 3.061616997868382648E-16 ) ) ;
#2731 = ORIENTED_EDGE ( 'NONE', *, *, #8371, .F. ) ;
#2732 = EDGE_CURVE ( 'NONE', #3518, #4251, #12259, .T. ) ;
#2733 = VERTEX_POINT ( 'NONE', #6487 ) ;
#2734 = AXIS2_PLACEMENT_3D ( 'NONE', #2157, #5010, #6088 ) ;
#2735 = PRODUCT_DEFINITION_FORMATION_WITH_SPECIFIED_SOURCE ( 'ANY', '', #3954, .NOT_KNOWN. ) ;
#2736 = EDGE_CURVE ( 'NONE', #9640, #4144, #1597, .T. ) ;
#2737 = AXIS2_PLACEMENT_3D ( 'NONE', #3839, #9540, #677 ) ;
#2738 = ORIENTED_EDGE ( 'NONE', *, *, #4064, .F. ) ;
#2739 = DIRECTION ( 'NONE',  ( 0.000000000000000000, 0.000000000000000000, 1.000000000000000000 ) ) ;
#2740 = CARTESIAN_POINT ( 'NONE',  ( 0.000000000000000000, 45.20000000000000995, -9.220454712679835547E-15 ) ) ;
#2741 = DIRECTION ( 'NONE',  ( 0.000000000000000000, 0.000000000000000000, -1.000000000000000000 ) ) ;
#2742 = DIRECTION ( 'NONE',  ( -0.000000000000000000, 1.000000000000000000, 3.061616997868383141E-16 ) ) ;
#2743 = CARTESIAN_POINT ( 'NONE',  ( -20.76740526521501096, 45.19999999999998863, -5.314609469703973410 ) ) ;
#2744 = VERTEX_POINT ( 'NONE', #10517 ) ;
#2745 = CARTESIAN_POINT ( 'NONE',  ( -3.116195710812206254, 45.20000000000000284, 21.27297168455586629 ) ) ;
#2746 = CIRCLE ( 'NONE', #10949, 21.50000000000001066 ) ;
#2747 = CARTESIAN_POINT ( 'NONE',  ( -15.80925377108449759, 51.19999999999999574, -14.57111852952444941 ) ) ;
#2748 = CARTESIAN_POINT ( 'NONE',  ( 0.000000000000000000, 87.50000000000001421, 3.730185188303422936E-15 ) ) ;
#2749 = ORIENTED_EDGE ( 'NONE', *, *, #4419, .T. ) ;
#2750 = DIRECTION ( 'NONE',  ( -0.000000000000000000, 1.000000000000000000, 3.061616997868383141E-16 ) ) ;
#2751 = FACE_OUTER_BOUND ( 'NONE', #636, .T. ) ;
#2752 = AXIS2_PLACEMENT_3D ( 'NONE', #4991, #3885, #77 ) ;
#2753 = EDGE_CURVE ( 'NONE', #1303, #6104, #5527, .T. ) ;
#2754 = ORIENTED_EDGE ( 'NONE', *, *, #10648, .T. ) ;
#2755 = ADVANCED_FACE ( 'NONE', ( #11538 ), #813, .F. ) ;
#2756 = CIRCLE ( 'NONE', #2343, 21.50000000000001066 ) ;
#2757 = VERTEX_POINT ( 'NONE', #4693 ) ;
#2758 = CARTESIAN_POINT ( 'NONE',  ( 3.116195710812658781, 45.20000000000000284, 21.27297168455580234 ) ) ;
#2759 = CARTESIAN_POINT ( 'NONE',  ( 20.70129763556872149, -80.41022924428168039, 5.805710654484595779 ) ) ;
#2760 = ORIENTED_EDGE ( 'NONE', *, *, #10912, .T. ) ;
#2761 = DIRECTION ( 'NONE',  ( 0.000000000000000000, 0.000000000000000000, 1.000000000000000000 ) ) ;
#2762 = CARTESIAN_POINT ( 'NONE',  ( 9.537388008203910417, -80.41022924428168039, -19.26884090911979186 ) ) ;
#2763 = AXIS2_PLACEMENT_3D ( 'NONE', #4622, #502, #2554 ) ;
#2764 = EDGE_CURVE ( 'NONE', #2649, #4480, #1522, .T. ) ;
#2765 = ORIENTED_EDGE ( 'NONE', *, *, #7276, .F. ) ;
#2766 = ORIENTED_EDGE ( 'NONE', *, *, #12556, .F. ) ;
#2767 = CIRCLE ( 'NONE', #3808, 0.2500000000000002220 ) ;
#2768 = VERTEX_POINT ( 'NONE', #3722 ) ;
#2769 = DIRECTION ( 'NONE',  ( -0.000000000000000000, 1.000000000000000000, 3.061616997868383141E-16 ) ) ;
#2770 = DIRECTION ( 'NONE',  ( -0.000000000000000000, 1.000000000000000000, 3.061616997868383141E-16 ) ) ;
#2771 = ORIENTED_EDGE ( 'NONE', *, *, #3985, .T. ) ;
#2772 = DIRECTION ( 'NONE',  ( -0.000000000000000000, 1.000000000000000000, 3.061616997868383141E-16 ) ) ;
#2773 = DIRECTION ( 'NONE',  ( 0.000000000000000000, 0.000000000000000000, 1.000000000000000000 ) ) ;
#2774 = DIRECTION ( 'NONE',  ( 0.000000000000000000, -2.991412108253678048E-16, 1.000000000000000000 ) ) ;
#2775 = LINE ( 'NONE', #10545, #5958 ) ;
#2776 = ADVANCED_FACE ( 'NONE', ( #2751 ), #6422, .T. ) ;
#2777 = EDGE_CURVE ( 'NONE', #12629, #8350, #12243, .T. ) ;
#2778 = AXIS2_PLACEMENT_3D ( 'NONE', #1049, #4934, #6857 ) ;
#2779 = CYLINDRICAL_SURFACE ( 'NONE', #280, 0.2500000000000002220 ) ;
#2780 = VERTEX_POINT ( 'NONE', #1129 ) ;
#2781 = ORIENTED_EDGE ( 'NONE', *, *, #3516, .T. ) ;
#2782 = AXIS2_PLACEMENT_3D ( 'NONE', #8709, #11783, #10574 ) ;
#2783 = CARTESIAN_POINT ( 'NONE',  ( -20.83070497094760043, 51.19999999999999574, -5.322755903978585224 ) ) ;
#2784 = FACE_OUTER_BOUND ( 'NONE', #6275, .T. ) ;
#2785 = DIRECTION ( 'NONE',  ( 0.000000000000000000, -3.227392513445220839E-16, 1.000000000000000000 ) ) ;
#2786 = VERTEX_POINT ( 'NONE', #11598 ) ;
#2787 = LINE ( 'NONE', #1945, #10185 ) ;
#2788 = LINE ( 'NONE', #4537, #393 ) ;
#2789 = CARTESIAN_POINT ( 'NONE',  ( 17.89404075541355610, 45.19999999999998863, -11.91861172467656971 ) ) ;
#2790 = FACE_OUTER_BOUND ( 'NONE', #11322, .T. ) ;
#2791 = AXIS2_PLACEMENT_3D ( 'NONE', #12220, #599, #539 ) ;
#2792 = CARTESIAN_POINT ( 'NONE',  ( -20.07197916968989659, 45.19999999999998863, -7.704910915223751822 ) ) ;
#2793 = ORIENTED_EDGE ( 'NONE', *, *, #6523, .F. ) ;
#2794 = VERTEX_POINT ( 'NONE', #1969 ) ;
#2795 = ORIENTED_EDGE ( 'NONE', *, *, #11389, .T. ) ;
#2796 =( NAMED_UNIT ( * ) PLANE_ANGLE_UNIT ( ) SI_UNIT ( $, .RADIAN. ) );
#2797 = AXIS2_PLACEMENT_3D ( 'NONE', #6116, #8992, #5287 ) ;
#2798 = DIRECTION ( 'NONE',  ( -0.000000000000000000, 1.000000000000000000, 3.061616997868383141E-16 ) ) ;
#2799 = AXIS2_PLACEMENT_3D ( 'NONE', #11060, #6200, #5061 ) ;
#2800 = DIRECTION ( 'NONE',  ( 0.000000000000000000, 0.000000000000000000, -1.000000000000000000 ) ) ;
#2801 = ADVANCED_FACE ( 'NONE', ( #12612, #3070 ), #8714, .T. ) ;
#2802 = CARTESIAN_POINT ( 'NONE',  ( -0.2499957747072304171, 51.19999999999999574, 21.49854651162790020 ) ) ;
#2803 = CARTESIAN_POINT ( 'NONE',  ( -21.35464355025358429, 51.19999999999999574, 2.495836301044764394 ) ) ;
#2804 = ORIENTED_EDGE ( 'NONE', *, *, #12070, .T. ) ;
#2805 = DIRECTION ( 'NONE',  ( 0.000000000000000000, 0.000000000000000000, 1.000000000000000000 ) ) ;
#2806 = DIRECTION ( 'NONE',  ( -0.000000000000000000, 1.000000000000000000, 3.061616997868383141E-16 ) ) ;
#2807 = LINE ( 'NONE', #4877, #11659 ) ;
#2808 = ORIENTED_EDGE ( 'NONE', *, *, #12640, .T. ) ;
#2809 = LINE ( 'NONE', #6738, #6129 ) ;
#2810 = CARTESIAN_POINT ( 'NONE',  ( 21.38222075041787562, 51.19999999999999574, 2.247361960254497859 ) ) ;
#2811 = CIRCLE ( 'NONE', #8752, 15.65000000000001101 ) ;
#2812 = ORIENTED_EDGE ( 'NONE', *, *, #11169, .F. ) ;
#2813 = CIRCLE ( 'NONE', #759, 0.2500000000000002220 ) ;
#2814 = EDGE_CURVE ( 'NONE', #8092, #11550, #5130, .T. ) ;
#2815 = ORIENTED_EDGE ( 'NONE', *, *, #519, .T. ) ;
#2816 = CARTESIAN_POINT ( 'NONE',  ( 14.19955239679459069, -80.41022924428168039, -16.14381341971856543 ) ) ;
#2817 = ADVANCED_FACE ( 'NONE', ( #9744 ), #4947, .F. ) ;
#2818 = DIRECTION ( 'NONE',  ( -0.000000000000000000, 1.000000000000000000, 3.061616997868383141E-16 ) ) ;
#2819 = ORIENTED_EDGE ( 'NONE', *, *, #3550, .T. ) ;
#2820 = CARTESIAN_POINT ( 'NONE',  ( -1.125223059222998367, -80.41022924428169460, 21.47053499722331793 ) ) ;
#2821 = AXIS2_PLACEMENT_3D ( 'NONE', #4087, #3709, #7978 ) ;
#2822 = CARTESIAN_POINT ( 'NONE',  ( 19.15664027004985215, 51.19999999999999574, -9.510795744400317275 ) ) ;
#2823 = AXIS2_PLACEMENT_3D ( 'NONE', #773, #3746, #2774 ) ;
#2824 = ADVANCED_FACE ( 'NONE', ( #934 ), #10635, .F. ) ;
#2825 = EDGE_CURVE ( 'NONE', #4034, #4304, #5773, .T. ) ;
#2826 = ORIENTED_EDGE ( 'NONE', *, *, #11429, .F. ) ;
#2827 = AXIS2_PLACEMENT_3D ( 'NONE', #11614, #2831, #1087 ) ;
#2828 = ORIENTED_EDGE ( 'NONE', *, *, #9094, .F. ) ;
#2829 = EDGE_CURVE ( 'NONE', #12227, #8700, #2844, .T. ) ;
#2830 = VERTEX_POINT ( 'NONE', #9876 ) ;
#2831 = DIRECTION ( 'NONE',  ( -0.000000000000000000, 1.000000000000000000, 3.061616997868383141E-16 ) ) ;
#2832 = ADVANCED_FACE ( 'NONE', ( #8651 ), #4703, .T. ) ;
#2833 = CARTESIAN_POINT ( 'NONE',  ( 0.000000000000000000, 51.20000000000000995, -7.383484513958806747E-15 ) ) ;
#2834 = ORIENTED_EDGE ( 'NONE', *, *, #8703, .T. ) ;
#2835 = DIRECTION ( 'NONE',  ( -0.000000000000000000, 1.000000000000000000, 3.061616997868383141E-16 ) ) ;
#2836 = FACE_OUTER_BOUND ( 'NONE', #3447, .T. ) ;
#2837 = ADVANCED_FACE ( 'NONE', ( #10767 ), #1061, .T. ) ;
#2838 = CARTESIAN_POINT ( 'NONE',  ( -11.49928352796118780, 51.19999999999999574, -18.16635567040237831 ) ) ;
#2839 = DIRECTION ( 'NONE',  ( -0.000000000000000000, 1.000000000000000000, 3.061616997868383141E-16 ) ) ;
#2840 = AXIS2_PLACEMENT_3D ( 'NONE', #9157, #11270, #8383 ) ;
#2841 = CARTESIAN_POINT ( 'NONE',  ( -2.495836301044687122, 51.19999999999999574, -21.35464355025360206 ) ) ;
#2842 = VERTEX_POINT ( 'NONE', #12553 ) ;
#2843 = ORIENTED_EDGE ( 'NONE', *, *, #12382, .T. ) ;
#2844 = CIRCLE ( 'NONE', #171, 0.2500000000000002220 ) ;
#2845 = DIRECTION ( 'NONE',  ( 0.000000000000000000, 0.000000000000000000, 1.000000000000000000 ) ) ;
#2846 = EDGE_CURVE ( 'NONE', #10402, #3498, #8379, .T. ) ;
#2847 = VERTEX_POINT ( 'NONE', #11652 ) ;
#2848 = DIRECTION ( 'NONE',  ( -3.697785493223493385E-32, 1.000000000000000000, 3.061616997868382648E-16 ) ) ;
#2849 = CARTESIAN_POINT ( 'NONE',  ( -15.20279579551057658, -80.41022924428169460, 15.20279579551092297 ) ) ;
#2850 = DIRECTION ( 'NONE',  ( 0.000000000000000000, 0.000000000000000000, 1.000000000000000000 ) ) ;
#2851 = ORIENTED_EDGE ( 'NONE', *, *, #3625, .T. ) ;
#2852 = CYLINDRICAL_SURFACE ( 'NONE', #1974, 0.2500000000000002220 ) ;
#2853 = AXIS2_PLACEMENT_3D ( 'NONE', #12565, #10779, #1918 ) ;
#2854 = DIRECTION ( 'NONE',  ( -4.930380657631323784E-32, 1.000000000000000000, 3.061616997868382648E-16 ) ) ;
#2855 = AXIS2_PLACEMENT_3D ( 'NONE', #7685, #809, #2614 ) ;
#2856 = CARTESIAN_POINT ( 'NONE',  ( -0.9994163731770787651, 0.07518477396986027184, -2.637815226030141513 ) ) ;
#2857 = CYLINDRICAL_SURFACE ( 'NONE', #5597, 21.50000000000000355 ) ;
#2858 = DIRECTION ( 'NONE',  ( -9.860761315262647568E-32, 1.000000000000000000, 3.061616997868382155E-16 ) ) ;
#2859 = ORIENTED_EDGE ( 'NONE', *, *, #5935, .F. ) ;
#2860 = CIRCLE ( 'NONE', #7565, 20.50000000000000711 ) ;
#2861 = ORIENTED_EDGE ( 'NONE', *, *, #12016, .F. ) ;
#2862 = ORIENTED_EDGE ( 'NONE', *, *, #8687, .T. ) ;
#2863 = VECTOR ( 'NONE', #2412, 1000.000000000000000 ) ;
#2864 = ADVANCED_FACE ( 'NONE', ( #9809 ), #6740, .F. ) ;
#2865 = DIRECTION ( 'NONE',  ( 9.860761315262647568E-32, 1.000000000000000000, 3.061616997868382155E-16 ) ) ;
#2866 = DIRECTION ( 'NONE',  ( 0.000000000000000000, -1.000000000000000000, -3.061616997868383141E-16 ) ) ;
#2867 = CIRCLE ( 'NONE', #9624, 21.50000000000001066 ) ;
#2868 = CARTESIAN_POINT ( 'NONE',  ( -11.70973925282321915, -80.41022924428168039, -18.03141721082653604 ) ) ;
#2869 = VERTEX_POINT ( 'NONE', #30 ) ;
#2870 = DIRECTION ( 'NONE',  ( -0.000000000000000000, 1.000000000000000000, 3.061616997868383141E-16 ) ) ;
#2871 = LINE ( 'NONE', #4876, #11869 ) ;
#2872 = DIRECTION ( 'NONE',  ( -0.000000000000000000, 1.000000000000000000, 3.061616997868383141E-16 ) ) ;
#2873 = ORIENTED_EDGE ( 'NONE', *, *, #9960, .T. ) ;
#2874 = DIRECTION ( 'NONE',  ( -0.000000000000000000, 1.000000000000000000, 3.061616997868383141E-16 ) ) ;
#2875 = DIRECTION ( 'NONE',  ( 0.000000000000000000, 0.000000000000000000, -1.000000000000000000 ) ) ;
#2876 = ORIENTED_EDGE ( 'NONE', *, *, #2436, .F. ) ;
#2877 = AXIS2_PLACEMENT_3D ( 'NONE', #7281, #2581, #527 ) ;
#2878 = FACE_OUTER_BOUND ( 'NONE', #4414, .T. ) ;
#2879 = EDGE_CURVE ( 'NONE', #12477, #8186, #11790, .T. ) ;
#2880 = LINE ( 'NONE', #6802, #5639 ) ;
#2881 = VERTEX_POINT ( 'NONE', #3007 ) ;
#2882 = DIRECTION ( 'NONE',  ( 0.000000000000000000, 1.000000000000000000, 3.061616997868382648E-16 ) ) ;
#2883 = DIRECTION ( 'NONE',  ( 0.000000000000000000, 0.000000000000000000, -1.000000000000000000 ) ) ;
#2884 = DIRECTION ( 'NONE',  ( 0.000000000000000000, 0.000000000000000000, 1.000000000000000000 ) ) ;
#2885 = ORIENTED_EDGE ( 'NONE', *, *, #7714, .T. ) ;
#2886 = DIRECTION ( 'NONE',  ( 0.000000000000000000, 0.000000000000000000, 1.000000000000000000 ) ) ;
#2887 = CARTESIAN_POINT ( 'NONE',  ( 0.000000000000000000, 3.500000000000003109, -2.198739759379099683E-14 ) ) ;
#2888 = CIRCLE ( 'NONE', #10130, 0.2500000000000002220 ) ;
#2889 = ADVANCED_FACE ( 'NONE', ( #6930 ), #6553, .T. ) ;
#2890 = ORIENTED_EDGE ( 'NONE', *, *, #12091, .T. ) ;
#2891 = VERTEX_POINT ( 'NONE', #10696 ) ;
#2892 = EDGE_CURVE ( 'NONE', #4251, #4380, #10830, .T. ) ;
#2893 = VERTEX_POINT ( 'NONE', #2034 ) ;
#2894 = DIRECTION ( 'NONE',  ( 0.000000000000000000, -3.227392513445220839E-16, 1.000000000000000000 ) ) ;
#2895 = DIRECTION ( 'NONE',  ( -0.000000000000000000, 1.000000000000000000, 3.061616997868383141E-16 ) ) ;
#2896 = ORIENTED_EDGE ( 'NONE', *, *, #9844, .F. ) ;
#2897 = CARTESIAN_POINT ( 'NONE',  ( -7.704910915223695866, -80.41022924428169460, 20.07197916968990370 ) ) ;
#2898 = CARTESIAN_POINT ( 'NONE',  ( 0.000000000000000000, 77.00000000000000000, 2.357445088358655073E-14 ) ) ;
#2899 = FACE_OUTER_BOUND ( 'NONE', #3000, .T. ) ;
#2900 = CIRCLE ( 'NONE', #11912, 18.30000000000001137 ) ;
#2901 = DIRECTION ( 'NONE',  ( 1.000000000000000000, 0.000000000000000000, 0.000000000000000000 ) ) ;
#2902 = ADVANCED_FACE ( 'NONE', ( #4040 ), #12662, .T. ) ;
#2903 = CIRCLE ( 'NONE', #4560, 0.2500000000000002220 ) ;
#2904 = DIRECTION ( 'NONE',  ( 0.000000000000000000, 0.000000000000000000, 1.000000000000000000 ) ) ;
#2905 = EDGE_LOOP ( 'NONE', ( #4520, #4649, #5077, #5664 ) ) ;
#2906 = ADVANCED_FACE ( 'NONE', ( #6025 ), #5832, .F. ) ;
#2907 = VERTEX_POINT ( 'NONE', #7869 ) ;
#2908 = EDGE_CURVE ( 'NONE', #5847, #8702, #3061, .T. ) ;
#2909 = DIRECTION ( 'NONE',  ( 0.000000000000000000, -1.000000000000000000, -3.061616997868383141E-16 ) ) ;
#2910 = AXIS2_PLACEMENT_3D ( 'NONE', #1240, #2405, #12216 ) ;
#2911 = ORIENTED_EDGE ( 'NONE', *, *, #5887, .F. ) ;
#2912 = CIRCLE ( 'NONE', #5590, 21.50000000000001066 ) ;
#2913 = DIRECTION ( 'NONE',  ( 0.000000000000000000, 0.000000000000000000, 1.000000000000000000 ) ) ;
#2914 = DIRECTION ( 'NONE',  ( 1.479114197289397354E-31, 1.000000000000000000, 3.061616997868381662E-16 ) ) ;
#2915 = DIRECTION ( 'NONE',  ( 0.000000000000000000, -3.227392513445222318E-16, 1.000000000000000000 ) ) ;
#2916 = ORIENTED_EDGE ( 'NONE', *, *, #12451, .T. ) ;
#2917 = DIRECTION ( 'NONE',  ( 0.000000000000000000, 0.000000000000000000, 1.000000000000000000 ) ) ;
#2918 = DIRECTION ( 'NONE',  ( 0.000000000000000000, -3.227392513445220839E-16, 1.000000000000000000 ) ) ;
#2919 = DIRECTION ( 'NONE',  ( -0.000000000000000000, 1.000000000000000000, 3.061616997868383141E-16 ) ) ;
#2920 = LINE ( 'NONE', #10944, #2921 ) ;
#2921 = VECTOR ( 'NONE', #2148, 1000.000000000000000 ) ;
#2922 = CARTESIAN_POINT ( 'NONE',  ( -21.19475577399846955, 51.19999999999999574, 3.610031534565650180 ) ) ;
#2923 = CIRCLE ( 'NONE', #9902, 0.2500000000000002220 ) ;
#2924 = ORIENTED_EDGE ( 'NONE', *, *, #3840, .T. ) ;
#2925 = ADVANCED_FACE ( 'NONE', ( #7935 ), #2158, .F. ) ;
#2926 = EDGE_LOOP ( 'NONE', ( #5901, #12554 ) ) ;
#2927 = AXIS2_PLACEMENT_3D ( 'NONE', #302, #10200, #7066 ) ;
#2928 = ORIENTED_EDGE ( 'NONE', *, *, #3608, .T. ) ;
#2929 = VECTOR ( 'NONE', #6935, 1000.000000000000000 ) ;
#2930 = CIRCLE ( 'NONE', #4385, 21.50000000000000000 ) ;
#2931 = DIRECTION ( 'NONE',  ( -0.000000000000000000, 1.000000000000000000, 3.061616997868383141E-16 ) ) ;
#2932 = FACE_OUTER_BOUND ( 'NONE', #3947, .T. ) ;
#2933 = AXIS2_PLACEMENT_3D ( 'NONE', #6301, #9169, #7430 ) ;
#2934 = DIRECTION ( 'NONE',  ( -0.000000000000000000, 1.000000000000000000, 3.061616997868383141E-16 ) ) ;
#2935 = ORIENTED_EDGE ( 'NONE', *, *, #8219, .T. ) ;
#2936 = CARTESIAN_POINT ( 'NONE',  ( -7.704910915224106205, -80.41022924428168039, -20.07197916968979001 ) ) ;
#2937 = CARTESIAN_POINT ( 'NONE',  ( -1.000000000000000444, 47.85087804878048701, 0.000000000000000000 ) ) ;
#2938 = DIRECTION ( 'NONE',  ( 0.000000000000000000, 0.5735764363510481578, 0.8191520442889904663 ) ) ;
#2939 = VERTEX_POINT ( 'NONE', #9735 ) ;
#2940 = DIRECTION ( 'NONE',  ( 0.000000000000000000, -1.000000000000000000, -3.061616997868383141E-16 ) ) ;
#2941 = CIRCLE ( 'NONE', #5419, 21.50000000000001066 ) ;
#2942 = DIRECTION ( 'NONE',  ( 0.000000000000000000, 0.000000000000000000, 1.000000000000000000 ) ) ;
#2943 = EDGE_CURVE ( 'NONE', #12133, #6084, #1959, .T. ) ;
#2944 = ORIENTED_EDGE ( 'NONE', *, *, #8141, .F. ) ;
#2945 = AXIS2_PLACEMENT_3D ( 'NONE', #9802, #10885, #9028 ) ;
#2946 = DIRECTION ( 'NONE',  ( 0.000000000000000000, 0.000000000000000000, 1.000000000000000000 ) ) ;
#2947 = CARTESIAN_POINT ( 'NONE',  ( -1.374800153705815431, -80.41022924428169460, 21.45599973288051743 ) ) ;
#2948 = ORIENTED_EDGE ( 'NONE', *, *, #7195, .T. ) ;
#2949 = FACE_OUTER_BOUND ( 'NONE', #5297, .T. ) ;
#2950 = SURFACE_SIDE_STYLE ('',( #1008 ) ) ;
#2951 = DIRECTION ( 'NONE',  ( 0.000000000000000000, 0.000000000000000000, 1.000000000000000000 ) ) ;
#2952 = ORIENTED_EDGE ( 'NONE', *, *, #2957, .F. ) ;
#2953 = CARTESIAN_POINT ( 'NONE',  ( -19.15664027004978465, -80.41022924428168039, 9.760795744400443397 ) ) ;
#2954 = CIRCLE ( 'NONE', #475, 0.2500000000000002220 ) ;
#2955 = CIRCLE ( 'NONE', #4203, 21.50000000000000000 ) ;
#2956 = DIRECTION ( 'NONE',  ( -0.000000000000000000, 1.000000000000000000, 3.061616997868383141E-16 ) ) ;
#2957 = EDGE_CURVE ( 'NONE', #6091, #4720, #11844, .T. ) ;
#2958 = CIRCLE ( 'NONE', #4415, 0.2500000000000002220 ) ;
#2959 = EDGE_LOOP ( 'NONE', ( #11395, #10037, #2687, #1617 ) ) ;
#2960 = ORIENTED_EDGE ( 'NONE', *, *, #9081, .T. ) ;
#2961 = ORIENTED_EDGE ( 'NONE', *, *, #4427, .T. ) ;
#2962 = DIRECTION ( 'NONE',  ( -0.000000000000000000, 1.000000000000000000, 3.061616997868383141E-16 ) ) ;
#2963 = LINE ( 'NONE', #9124, #6013 ) ;
#2964 = VERTEX_POINT ( 'NONE', #1051 ) ;
#2965 = AXIS2_PLACEMENT_3D ( 'NONE', #7950, #10770, #1908 ) ;
#2966 = ADVANCED_FACE ( 'NONE', ( #11780 ), #12664, .T. ) ;
#2967 = CARTESIAN_POINT ( 'NONE',  ( -6.643865379061518084, 51.19999999999999574, -20.44771510034572159 ) ) ;
#2968 = DIRECTION ( 'NONE',  ( -9.244463733058733463E-33, 1.000000000000000000, 3.061616997868380676E-16 ) ) ;
#2969 = DIRECTION ( 'NONE',  ( 0.000000000000000000, -3.227392513445222318E-16, 1.000000000000000000 ) ) ;
#2970 = DIRECTION ( 'NONE',  ( 0.000000000000000000, 0.000000000000000000, 1.000000000000000000 ) ) ;
#2971 = ORIENTED_EDGE ( 'NONE', *, *, #11028, .F. ) ;
#2972 = EDGE_CURVE ( 'NONE', #5056, #1546, #4912, .T. ) ;
#2973 = DIRECTION ( 'NONE',  ( -2.465190328815661892E-32, 1.000000000000000000, 3.061616997868381169E-16 ) ) ;
#2974 = ORIENTED_EDGE ( 'NONE', *, *, #12210, .F. ) ;
#2975 = ORIENTED_EDGE ( 'NONE', *, *, #9116, .T. ) ;
#2976 = VECTOR ( 'NONE', #4055, 1000.000000000000000 ) ;
#2977 = DIRECTION ( 'NONE',  ( 2.465190328815661892E-32, 1.000000000000000000, 3.061616997868380676E-16 ) ) ;
#2978 = CARTESIAN_POINT ( 'NONE',  ( -1.374800153706255745, 45.19999999999998863, -21.45599973288050677 ) ) ;
#2979 = EDGE_CURVE ( 'NONE', #12288, #10319, #12064, .T. ) ;
#2980 = EDGE_LOOP ( 'NONE', ( #7808, #12050 ) ) ;
#2981 = CARTESIAN_POINT ( 'NONE',  ( -21.45599973288051032, 45.19999999999998863, 1.374800153706353889 ) ) ;
#2982 = ADVANCED_FACE ( 'NONE', ( #7009 ), #44, .T. ) ;
#2983 = DIRECTION ( 'NONE',  ( 0.000000000000000000, -1.000000000000000000, -3.061616997868383141E-16 ) ) ;
#2984 = ORIENTED_EDGE ( 'NONE', *, *, #1, .T. ) ;
#2985 = AXIS2_PLACEMENT_3D ( 'NONE', #2740, #1570, #1704 ) ;
#2986 = DIRECTION ( 'NONE',  ( 9.860761315262647568E-32, 1.000000000000000000, 3.061616997868382648E-16 ) ) ;
#2987 = CARTESIAN_POINT ( 'NONE',  ( 0.000000000000000000, 87.50000000000001421, 3.730185188303422936E-15 ) ) ;
#2988 = CARTESIAN_POINT ( 'NONE',  ( 15.20279579551068316, 45.19999999999998863, -15.20279579551082882 ) ) ;
#2989 = CARTESIAN_POINT ( 'NONE',  ( -20.76740526521501096, 51.19999999999999574, -5.564609469703971634 ) ) ;
#2990 = ORIENTED_EDGE ( 'NONE', *, *, #12410, .F. ) ;
#2991 = VERTEX_POINT ( 'NONE', #6944 ) ;
#2992 = AXIS2_PLACEMENT_3D ( 'NONE', #11977, #7165, #7229 ) ;
#2993 = ORIENTED_EDGE ( 'NONE', *, *, #4197, .F. ) ;
#2994 = ADVANCED_FACE ( 'NONE', ( #10077 ), #3213, .T. ) ;
#2995 = CARTESIAN_POINT ( 'NONE',  ( 15.37854173159009186, 45.20000000000000284, 15.02499431646288208 ) ) ;
#2996 = CARTESIAN_POINT ( 'NONE',  ( -14.57111852952451869, -80.41022924428169460, 15.80925377108438568 ) ) ;
#2997 = EDGE_CURVE ( 'NONE', #8350, #12309, #1399, .T. ) ;
#2998 = DIRECTION ( 'NONE',  ( -0.000000000000000000, 1.000000000000000000, 3.061616997868383141E-16 ) ) ;
#2999 = CARTESIAN_POINT ( 'NONE',  ( 0.000000000000000000, 45.20000000000000995, -9.220454712679835547E-15 ) ) ;
#3000 = EDGE_LOOP ( 'NONE', ( #825, #5634, #10189, #11329 ) ) ;
#3001 = CYLINDRICAL_SURFACE ( 'NONE', #12607, 0.2500000000000002220 ) ;
#3002 = CIRCLE ( 'NONE', #4851, 0.2500000000000002220 ) ;
#3003 = CARTESIAN_POINT ( 'NONE',  ( 11.49928352796078102, 45.19999999999998863, -18.16635567040260213 ) ) ;
#3004 = CYLINDRICAL_SURFACE ( 'NONE', #2448, 0.2500000000000002220 ) ;
#3005 = ORIENTED_EDGE ( 'NONE', *, *, #5139, .F. ) ;
#3006 = DIRECTION ( 'NONE',  ( 0.000000000000000000, 0.000000000000000000, -1.000000000000000000 ) ) ;
#3007 = CARTESIAN_POINT ( 'NONE',  ( -2.495836301044850103, 45.19999999999998863, -21.35464355025355232 ) ) ;
#3008 = ORIENTED_EDGE ( 'NONE', *, *, #10665, .F. ) ;
#3009 = VERTEX_POINT ( 'NONE', #7959 ) ;
#3010 = AXIS2_PLACEMENT_3D ( 'NONE', #1124, #5262, #10121 ) ;
#3011 = CARTESIAN_POINT ( 'NONE',  ( 13.53038840757140804, 45.19999999999998863, -16.70863817132492457 ) ) ;
#3012 = DIRECTION ( 'NONE',  ( -4.930380657631323784E-32, 1.000000000000000000, 3.061616997868381662E-16 ) ) ;
#3013 = ORIENTED_EDGE ( 'NONE', *, *, #10245, .F. ) ;
#3014 = LINE ( 'NONE', #5092, #462 ) ;
#3015 = EDGE_CURVE ( 'NONE', #12659, #10776, #11866, .T. ) ;
#3016 = PLANE ( 'NONE',  #6607 ) ;
#3017 = DIRECTION ( 'NONE',  ( -0.000000000000000000, 1.000000000000000000, 3.061616997868383141E-16 ) ) ;
#3018 = EDGE_LOOP ( 'NONE', ( #5373, #11300, #11473, #6871 ) ) ;
#3019 = FACE_OUTER_BOUND ( 'NONE', #3621, .T. ) ;
#3020 = EDGE_CURVE ( 'NONE', #10115, #2598, #11459, .T. ) ;
#3021 = DIRECTION ( 'NONE',  ( -0.000000000000000000, 1.000000000000000000, 3.061616997868383141E-16 ) ) ;
#3022 = CIRCLE ( 'NONE', #11211, 21.50000000000001066 ) ;
#3023 = CIRCLE ( 'NONE', #12427, 0.2500000000000002220 ) ;
#3024 = ORIENTED_EDGE ( 'NONE', *, *, #2972, .T. ) ;
#3025 = VERTEX_POINT ( 'NONE', #11038 ) ;
#3026 = CIRCLE ( 'NONE', #6112, 21.50000000000000000 ) ;
#3027 = VERTEX_POINT ( 'NONE', #2242 ) ;
#3028 = DIRECTION ( 'NONE',  ( 0.000000000000000000, 0.000000000000000000, 1.000000000000000000 ) ) ;
#3029 = ADVANCED_FACE ( 'NONE', ( #6051 ), #9824, .F. ) ;
#3030 = DIRECTION ( 'NONE',  ( 0.000000000000000000, 3.061616997868383141E-16, -1.000000000000000000 ) ) ;
#3031 = AXIS2_PLACEMENT_3D ( 'NONE', #3048, #5946, #8886 ) ;
#3032 = ORIENTED_EDGE ( 'NONE', *, *, #1304, .F. ) ;
#3033 = CARTESIAN_POINT ( 'NONE',  ( 0.9999999999999995559, 0.07763355007211342196, -2.635366449927883270 ) ) ;
#3034 = DIRECTION ( 'NONE',  ( 0.000000000000000000, 0.000000000000000000, -1.000000000000000000 ) ) ;
#3035 = CARTESIAN_POINT ( 'NONE',  ( 0.000000000000000000, 51.20000000000000995, -7.383484513958806747E-15 ) ) ;
#3036 = DIRECTION ( 'NONE',  ( -9.860761315262647568E-32, 1.000000000000000000, 3.061616997868382155E-16 ) ) ;
#3037 = ORIENTED_EDGE ( 'NONE', *, *, #9973, .F. ) ;
#3038 = VERTEX_POINT ( 'NONE', #1143 ) ;
#3039 = AXIS2_PLACEMENT_3D ( 'NONE', #3035, #5050, #1996 ) ;
#3040 = ORIENTED_EDGE ( 'NONE', *, *, #2314, .T. ) ;
#3041 = CARTESIAN_POINT ( 'NONE',  ( 0.000000000000000000, 87.50000000000001421, 3.730185188303422936E-15 ) ) ;
#3042 = ORIENTED_EDGE ( 'NONE', *, *, #11932, .F. ) ;
#3043 = EDGE_CURVE ( 'NONE', #9046, #7058, #10638, .T. ) ;
#3044 = CARTESIAN_POINT ( 'NONE',  ( 21.49854651162789310, -80.41022924428168039, -0.2499957747074981196 ) ) ;
#3045 = DIRECTION ( 'NONE',  ( -1.000000000000000000, 0.000000000000000000, 0.000000000000000000 ) ) ;
#3046 = ORIENTED_EDGE ( 'NONE', *, *, #7688, .F. ) ;
#3047 = CARTESIAN_POINT ( 'NONE',  ( 0.000000000000000000, 51.20000000000000995, -7.383484513958806747E-15 ) ) ;
#3048 = CARTESIAN_POINT ( 'NONE',  ( 0.000000000000000000, 45.20000000000000995, -9.220454712679835547E-15 ) ) ;
#3049 = CARTESIAN_POINT ( 'NONE',  ( -0.9950000000000006617, 0.07763355007212383030, -2.635366449927869503 ) ) ;
#3050 = CARTESIAN_POINT ( 'NONE',  ( 0.000000000000000000, 87.50000000000001421, 3.730185188303422936E-15 ) ) ;
#3051 = CARTESIAN_POINT ( 'NONE',  ( -3.116195710812206254, -80.41022924428169460, 21.27297168455582721 ) ) ;
#3052 = AXIS2_PLACEMENT_3D ( 'NONE', #7878, #9945, #4823 ) ;
#3053 = VERTEX_POINT ( 'NONE', #5097 ) ;
#3054 = ORIENTED_EDGE ( 'NONE', *, *, #6426, .F. ) ;
#3055 = EDGE_CURVE ( 'NONE', #5091, #11612, #3996, .T. ) ;
#3056 = ORIENTED_EDGE ( 'NONE', *, *, #3797, .F. ) ;
#3057 = CIRCLE ( 'NONE', #10435, 0.2500000000000002220 ) ;
#3058 = CARTESIAN_POINT ( 'NONE',  ( -13.53038840757129968, -80.41022924428169460, 16.70863817132500273 ) ) ;
#3059 = DIRECTION ( 'NONE',  ( 0.000000000000000000, -3.227392513445222318E-16, 1.000000000000000000 ) ) ;
#3060 = CIRCLE ( 'NONE', #8805, 0.2500000000000002220 ) ;
#3061 = LINE ( 'NONE', #217, #580 ) ;
#3062 = PLANE ( 'NONE',  #5414 ) ;
#3063 = EDGE_LOOP ( 'NONE', ( #4783, #4446, #6879, #3931, #2066 ) ) ;
#3064 = DIRECTION ( 'NONE',  ( 0.000000000000000000, 0.000000000000000000, 1.000000000000000000 ) ) ;
#3065 = CARTESIAN_POINT ( 'NONE',  ( 0.000000000000000000, 87.50000000000001421, 3.730185188303422936E-15 ) ) ;
#3066 = DIRECTION ( 'NONE',  ( 0.000000000000000000, 0.000000000000000000, 1.000000000000000000 ) ) ;
#3067 = AXIS2_PLACEMENT_3D ( 'NONE', #8772, #8647, #12669 ) ;
#3068 = ORIENTED_EDGE ( 'NONE', *, *, #6628, .F. ) ;
#3069 = CARTESIAN_POINT ( 'NONE',  ( 0.000000000000000000, -80.41022924428168039, -21.50000000000001066 ) ) ;
#3070 = FACE_BOUND ( 'NONE', #1372, .T. ) ;
#3071 = VERTEX_POINT ( 'NONE', #6304 ) ;
#3072 = STYLED_ITEM ( 'NONE', ( #1592 ), #1220 ) ;
#3073 = ORIENTED_EDGE ( 'NONE', *, *, #760, .T. ) ;
#3074 = AXIS2_PLACEMENT_3D ( 'NONE', #5628, #2595, #10618 ) ;
#3075 = EDGE_CURVE ( 'NONE', #2378, #6907, #4382, .T. ) ;
#3076 = CARTESIAN_POINT ( 'NONE',  ( -1.000000000000000444, 0.07348327417852823507, -2.639516725821475784 ) ) ;
#3077 = AXIS2_PLACEMENT_3D ( 'NONE', #11635, #851, #6720 ) ;
#3078 = ADVANCED_FACE ( 'NONE', ( #7373 ), #2555, .F. ) ;
#3079 = CARTESIAN_POINT ( 'NONE',  ( -18.61954618136552142, -80.41022924428168039, -10.49999999999984368 ) ) ;
#3080 = ORIENTED_EDGE ( 'NONE', *, *, #6249, .T. ) ;
#3081 = DIRECTION ( 'NONE',  ( 0.000000000000000000, 0.000000000000000000, -1.000000000000000000 ) ) ;
#3082 = DIRECTION ( 'NONE',  ( -0.000000000000000000, 1.000000000000000000, 3.061616997868383141E-16 ) ) ;
#3083 = CARTESIAN_POINT ( 'NONE',  ( -8.972629143562281584, 51.19999999999999574, -19.53821706942823866 ) ) ;
#3084 = ORIENTED_EDGE ( 'NONE', *, *, #12641, .T. ) ;
#3085 = CYLINDRICAL_SURFACE ( 'NONE', #1719, 21.50000000000000355 ) ;
#3086 = AXIS2_PLACEMENT_3D ( 'NONE', #9527, #661, #3828 ) ;
#3087 = CARTESIAN_POINT ( 'NONE',  ( 0.000000000000000000, 61.70000000000000284, 19.50000000000000000 ) ) ;
#3088 = AXIS2_PLACEMENT_3D ( 'NONE', #1338, #10792, #3275 ) ;
#3089 = ADVANCED_FACE ( 'NONE', ( #8400 ), #3404, .F. ) ;
#3090 = EDGE_CURVE ( 'NONE', #11070, #10262, #6150, .T. ) ;
#3091 = ORIENTED_EDGE ( 'NONE', *, *, #6186, .T. ) ;
#3092 = ORIENTED_EDGE ( 'NONE', *, *, #1858, .F. ) ;
#3093 = CARTESIAN_POINT ( 'NONE',  ( -21.23529932279548049, 51.19999999999999574, -3.113340998364742429 ) ) ;
#3094 = DIRECTION ( 'NONE',  ( 0.000000000000000000, 0.000000000000000000, -1.000000000000000000 ) ) ;
#3095 = ORIENTED_EDGE ( 'NONE', *, *, #9570, .T. ) ;
#3096 = CARTESIAN_POINT ( 'NONE',  ( 0.000000000000000000, 87.50000000000001421, 3.730185188303422936E-15 ) ) ;
#3097 = DIRECTION ( 'NONE',  ( 1.000000000000000000, 0.000000000000000000, 0.000000000000000000 ) ) ;
#3098 = DIRECTION ( 'NONE',  ( 0.000000000000000000, 0.000000000000000000, 1.000000000000000000 ) ) ;
#3099 = VERTEX_POINT ( 'NONE', #11342 ) ;
#3100 = EDGE_CURVE ( 'NONE', #8202, #7267, #2431, .T. ) ;
#3101 = ORIENTED_EDGE ( 'NONE', *, *, #7246, .T. ) ;
#3102 = DIRECTION ( 'NONE',  ( -0.000000000000000000, 1.000000000000000000, 3.061616997868383141E-16 ) ) ;
#3103 = ORIENTED_EDGE ( 'NONE', *, *, #11289, .F. ) ;
#3104 = CARTESIAN_POINT ( 'NONE',  ( 1.374800153706111416, -80.41022924428169460, 21.45599973288050322 ) ) ;
#3105 = CARTESIAN_POINT ( 'NONE',  ( -17.39386537906147012, 45.19999999999998863, -12.63738292428799781 ) ) ;
#3106 = CIRCLE ( 'NONE', #5780, 0.2500000000000002220 ) ;
#3107 = CARTESIAN_POINT ( 'NONE',  ( 0.000000000000000000, 87.50000000000001421, 3.730185188303422936E-15 ) ) ;
#3108 = ORIENTED_EDGE ( 'NONE', *, *, #983, .F. ) ;
#3109 = DIRECTION ( 'NONE',  ( 0.000000000000000000, 0.000000000000000000, 1.000000000000000000 ) ) ;
#3110 = CARTESIAN_POINT ( 'NONE',  ( 0.000000000000000000, 51.20000000000000995, -7.383484513958806747E-15 ) ) ;
#3111 = CARTESIAN_POINT ( 'NONE',  ( -0.9957767842720308682, -0.07758966997138537491, 2.635410330028614467 ) ) ;
#3112 = DIRECTION ( 'NONE',  ( 2.465190328815661892E-32, 1.000000000000000000, 3.061616997868381662E-16 ) ) ;
#3113 = DIRECTION ( 'NONE',  ( 0.000000000000000000, 0.000000000000000000, 1.000000000000000000 ) ) ;
#3114 = ORIENTED_EDGE ( 'NONE', *, *, #3338, .F. ) ;
#3115 = CIRCLE ( 'NONE', #7418, 0.2500000000000002220 ) ;
#3116 = ORIENTED_EDGE ( 'NONE', *, *, #3360, .F. ) ;
#3117 = AXIS2_PLACEMENT_3D ( 'NONE', #75, #4854, #4020 ) ;
#3118 = CIRCLE ( 'NONE', #635, 0.2500000000000002220 ) ;
#3119 = VERTEX_POINT ( 'NONE', #6242 ) ;
#3120 = FACE_OUTER_BOUND ( 'NONE', #3495, .T. ) ;
#3121 = FACE_OUTER_BOUND ( 'NONE', #7177, .T. ) ;
#3122 = CARTESIAN_POINT ( 'NONE',  ( 19.15664027004991965, -80.41022924428168039, 9.760795744400178720 ) ) ;
#3123 = DIRECTION ( 'NONE',  ( 0.000000000000000000, 3.061616997868383141E-16, -1.000000000000000000 ) ) ;
#3124 = EDGE_CURVE ( 'NONE', #936, #7244, #11450, .T. ) ;
#3125 = ORIENTED_EDGE ( 'NONE', *, *, #8465, .T. ) ;
#3126 = CARTESIAN_POINT ( 'NONE',  ( -21.45599973288057782, 45.19999999999998863, -1.374800153705710404 ) ) ;
#3127 = AXIS2_PLACEMENT_3D ( 'NONE', #9591, #9530, #12655 ) ;
#3128 = AXIS2_PLACEMENT_3D ( 'NONE', #8549, #8491, #3857 ) ;
#3129 = DIRECTION ( 'NONE',  ( 0.000000000000000000, 0.000000000000000000, 1.000000000000000000 ) ) ;
#3130 = FACE_OUTER_BOUND ( 'NONE', #9449, .T. ) ;
#3131 = EDGE_CURVE ( 'NONE', #5729, #1137, #9235, .T. ) ;
#3132 = ORIENTED_EDGE ( 'NONE', *, *, #3884, .F. ) ;
#3133 = CARTESIAN_POINT ( 'NONE',  ( 6.643865379061240972, 45.19999999999998863, -20.19771510034581752 ) ) ;
#3134 = CARTESIAN_POINT ( 'NONE',  ( 15.37854173158997106, 51.20000000000000995, 15.02499431646299932 ) ) ;
#3135 = ORIENTED_EDGE ( 'NONE', *, *, #3015, .T. ) ;
#3136 = ADVANCED_FACE ( 'NONE', ( #6484 ), #621, .F. ) ;
#3137 = ORIENTED_EDGE ( 'NONE', *, *, #4969, .F. ) ;
#3138 = PRODUCT_DEFINITION_SHAPE ( 'NONE', 'NONE',  #3912 ) ;
#3139 = CIRCLE ( 'NONE', #5604, 0.2500000000000002220 ) ;
#3140 = AXIS2_PLACEMENT_3D ( 'NONE', #10201, #10141, #4314 ) ;
#3141 = CARTESIAN_POINT ( 'NONE',  ( -0.9950000000000006617, 0.07763355007211342196, -2.635366449927883270 ) ) ;
#3142 = CARTESIAN_POINT ( 'NONE',  ( 0.000000000000000000, 87.50000000000001421, 3.730185188303422936E-15 ) ) ;
#3143 = ORIENTED_EDGE ( 'NONE', *, *, #212, .T. ) ;
#3144 = DIRECTION ( 'NONE',  ( -0.000000000000000000, 1.000000000000000000, 3.061616997868383141E-16 ) ) ;
#3145 = DIRECTION ( 'NONE',  ( -0.000000000000000000, 1.000000000000000000, 3.061616997868383141E-16 ) ) ;
#3146 = DIRECTION ( 'NONE',  ( -4.930380657631323784E-32, 1.000000000000000000, 3.061616997868383141E-16 ) ) ;
#3147 = ORIENTED_EDGE ( 'NONE', *, *, #7674, .F. ) ;
#3148 = LINE ( 'NONE', #6303, #5244 ) ;
#3149 = AXIS2_PLACEMENT_3D ( 'NONE', #3399, #9353, #10442 ) ;
#3150 = AXIS2_PLACEMENT_3D ( 'NONE', #2424, #3202, #3265 ) ;
#3151 = CARTESIAN_POINT ( 'NONE',  ( 0.9999999999999995559, 0.08699999999999999400, -2.799999999999999822 ) ) ;
#3152 = EDGE_CURVE ( 'NONE', #4476, #3603, #9409, .T. ) ;
#3153 = AXIS2_PLACEMENT_3D ( 'NONE', #8964, #6792, #158 ) ;
#3154 = EDGE_CURVE ( 'NONE', #12269, #6856, #2024, .T. ) ;
#3155 = AXIS2_PLACEMENT_3D ( 'NONE', #10569, #1767, #8638 ) ;
#3156 = AXIS2_PLACEMENT_3D ( 'NONE', #5457, #5637, #9349 ) ;
#3157 = VECTOR ( 'NONE', #6389, 1000.000000000000000 ) ;
#3158 = ORIENTED_EDGE ( 'NONE', *, *, #2979, .F. ) ;
#3159 = CARTESIAN_POINT ( 'NONE',  ( 0.000000000000000000, 74.75000000000000000, -18.49999999999999645 ) ) ;
#3160 = CIRCLE ( 'NONE', #8486, 0.2500000000000002220 ) ;
#3161 = DIRECTION ( 'NONE',  ( 0.000000000000000000, -3.227392513445222318E-16, 1.000000000000000000 ) ) ;
#3162 = EDGE_CURVE ( 'NONE', #6649, #3435, #9514, .T. ) ;
#3163 = ORIENTED_EDGE ( 'NONE', *, *, #9323, .F. ) ;
#3164 = DIRECTION ( 'NONE',  ( 0.000000000000000000, 0.000000000000000000, 1.000000000000000000 ) ) ;
#3165 = EDGE_CURVE ( 'NONE', #6947, #9226, #6352, .T. ) ;
#3166 = LINE ( 'NONE', #5235, #11126 ) ;
#3167 = FACE_OUTER_BOUND ( 'NONE', #11640, .T. ) ;
#3168 = VECTOR ( 'NONE', #784, 1000.000000000000000 ) ;
#3169 = DIRECTION ( 'NONE',  ( -0.000000000000000000, 1.000000000000000000, 3.061616997868383141E-16 ) ) ;
#3170 = CIRCLE ( 'NONE', #4611, 0.2500000000000002220 ) ;
#3171 = CIRCLE ( 'NONE', #10740, 0.2500000000000002220 ) ;
#3172 = ORIENTED_EDGE ( 'NONE', *, *, #4434, .T. ) ;
#3173 = EDGE_LOOP ( 'NONE', ( #9550, #6454, #10007, #226 ) ) ;
#3174 = AXIS2_PLACEMENT_3D ( 'NONE', #4252, #8214, #3334 ) ;
#3175 = CYLINDRICAL_SURFACE ( 'NONE', #2620, 0.2500000000000002220 ) ;
#3176 = ORIENTED_EDGE ( 'NONE', *, *, #8855, .F. ) ;
#3177 = LINE ( 'NONE', #9977, #12533 ) ;
#3178 = LINE ( 'NONE', #8944, #9497 ) ;
#3179 = EDGE_CURVE ( 'NONE', #1030, #3583, #2444, .T. ) ;
#3180 = CARTESIAN_POINT ( 'NONE',  ( 21.47053499722332504, -80.41022924428168039, -1.125223059223392941 ) ) ;
#3181 = DIRECTION ( 'NONE',  ( -0.000000000000000000, 1.000000000000000000, 3.061616997868383141E-16 ) ) ;
#3182 = CYLINDRICAL_SURFACE ( 'NONE', #6721, 0.2500000000000002220 ) ;
#3183 = CARTESIAN_POINT ( 'NONE',  ( 13.53038840757140804, 51.19999999999999574, -16.70863817132492102 ) ) ;
#3184 = VECTOR ( 'NONE', #9295, 1000.000000000000000 ) ;
#3185 = FACE_OUTER_BOUND ( 'NONE', #8720, .T. ) ;
#3186 = ORIENTED_EDGE ( 'NONE', *, *, #200, .T. ) ;
#3187 = ORIENTED_EDGE ( 'NONE', *, *, #8227, .F. ) ;
#3188 = ORIENTED_EDGE ( 'NONE', *, *, #9174, .T. ) ;
#3189 = CARTESIAN_POINT ( 'NONE',  ( 13.53038840757140804, 51.19999999999999574, -16.45863817132492102 ) ) ;
#3190 = VECTOR ( 'NONE', #7247, 1000.000000000000000 ) ;
#3191 = DIRECTION ( 'NONE',  ( -0.000000000000000000, 1.000000000000000000, 3.061616997868383141E-16 ) ) ;
#3192 = DIRECTION ( 'NONE',  ( 0.000000000000000000, -1.000000000000000000, -3.061616997868383141E-16 ) ) ;
#3193 = ORIENTED_EDGE ( 'NONE', *, *, #9914, .T. ) ;
#3194 = DIRECTION ( 'NONE',  ( 0.000000000000000000, -3.227392513445222318E-16, 1.000000000000000000 ) ) ;
#3195 = DIRECTION ( 'NONE',  ( 0.000000000000000000, -1.000000000000000000, -3.061616997868383141E-16 ) ) ;
#3196 = DIRECTION ( 'NONE',  ( 0.000000000000000000, 0.000000000000000000, 1.000000000000000000 ) ) ;
#3197 = VERTEX_POINT ( 'NONE', #5464 ) ;
#3198 = DIRECTION ( 'NONE',  ( 1.972152263052529514E-31, 1.000000000000000000, 3.061616997868382648E-16 ) ) ;
#3199 = DIRECTION ( 'NONE',  ( 0.000000000000000000, -1.000000000000000000, -3.061616997868383141E-16 ) ) ;
#3200 = EDGE_LOOP ( 'NONE', ( #2151, #1870 ) ) ;
#3201 = VERTEX_POINT ( 'NONE', #9359 ) ;
#3202 = DIRECTION ( 'NONE',  ( -0.000000000000000000, 1.000000000000000000, 3.061616997868383141E-16 ) ) ;
#3203 = EDGE_CURVE ( 'NONE', #919, #7941, #8391, .T. ) ;
#3204 = SURFACE_STYLE_FILL_AREA ( #11987 ) ;
#3205 = AXIS2_PLACEMENT_3D ( 'NONE', #3842, #10762, #6924 ) ;
#3206 = ORIENTED_EDGE ( 'NONE', *, *, #9844, .T. ) ;
#3207 = CARTESIAN_POINT ( 'NONE',  ( 21.48216726873255666, 45.19999999999998863, -0.8754938253330236675 ) ) ;
#3208 = DIRECTION ( 'NONE',  ( 0.000000000000000000, 0.000000000000000000, 1.000000000000000000 ) ) ;
#3209 = DIRECTION ( 'NONE',  ( 0.000000000000000000, 0.000000000000000000, 1.000000000000000000 ) ) ;
#3210 = ORIENTED_EDGE ( 'NONE', *, *, #10161, .F. ) ;
#3211 = DIRECTION ( 'NONE',  ( 1.479114197289397354E-31, 1.000000000000000000, 3.061616997868381662E-16 ) ) ;
#3212 = EDGE_CURVE ( 'NONE', #1785, #3749, #3276, .T. ) ;
#3213 = CYLINDRICAL_SURFACE ( 'NONE', #9003, 21.50000000000000355 ) ;
#3214 = CARTESIAN_POINT ( 'NONE',  ( 0.000000000000000000, -80.41022924428168039, -21.50000000000001066 ) ) ;
#3215 = VECTOR ( 'NONE', #7482, 1000.000000000000000 ) ;
#3216 = ADVANCED_FACE ( 'NONE', ( #8587 ), #3786, .F. ) ;
#3217 = ADVANCED_FACE ( 'NONE', ( #12608 ), #870, .F. ) ;
#3218 = VERTEX_POINT ( 'NONE', #10631 ) ;
#3219 = LINE ( 'NONE', #8159, #9983 ) ;
#3220 = CARTESIAN_POINT ( 'NONE',  ( -0.9985996054052503901, -0.08537226377138650013, -2.798372263771386592 ) ) ;
#3221 = VECTOR ( 'NONE', #4071, 1000.000000000000114 ) ;
#3222 = VERTEX_POINT ( 'NONE', #2747 ) ;
#3223 = AXIS2_PLACEMENT_3D ( 'NONE', #5367, #5308, #9383 ) ;
#3224 = CARTESIAN_POINT ( 'NONE',  ( -0.9961451776889616028, -0.07750739757202979030, 2.635492602427969455 ) ) ;
#3225 = LINE ( 'NONE', #10156, #1684 ) ;
#3226 = CARTESIAN_POINT ( 'NONE',  ( -21.19475577399854771, 51.19999999999999574, -3.610031534565194544 ) ) ;
#3227 = DIRECTION ( 'NONE',  ( 1.232595164407830946E-32, 1.000000000000000000, 3.061616997868383141E-16 ) ) ;
#3228 = VERTEX_POINT ( 'NONE', #9668 ) ;
#3229 = ORIENTED_EDGE ( 'NONE', *, *, #2272, .F. ) ;
#3230 = AXIS2_PLACEMENT_3D ( 'NONE', #9129, #5173, #9058 ) ;
#3231 = EDGE_CURVE ( 'NONE', #3720, #6294, #5937, .T. ) ;
#3232 = VECTOR ( 'NONE', #11004, 1000.000000000000000 ) ;
#3233 = CARTESIAN_POINT ( 'NONE',  ( -20.07197916968974027, 45.19999999999998863, 7.704910915224180812 ) ) ;
#3234 = CARTESIAN_POINT ( 'NONE',  ( 0.000000000000000000, 51.20000000000000995, -7.383484513958806747E-15 ) ) ;
#3235 = ORIENTED_EDGE ( 'NONE', *, *, #1186, .T. ) ;
#3236 = DIRECTION ( 'NONE',  ( 0.000000000000000000, 0.000000000000000000, -1.000000000000000000 ) ) ;
#3237 = EDGE_CURVE ( 'NONE', #4285, #10914, #9613, .T. ) ;
#3238 = CYLINDRICAL_SURFACE ( 'NONE', #1924, 0.2500000000000002220 ) ;
#3239 = DIRECTION ( 'NONE',  ( 9.860761315262647568E-32, 1.000000000000000000, 3.061616997868382155E-16 ) ) ;
#3240 = AXIS2_PLACEMENT_3D ( 'NONE', #3359, #2392, #8232 ) ;
#3241 = CARTESIAN_POINT ( 'NONE',  ( 10.74999999999988454, -80.41022924428168039, -18.36954618136551076 ) ) ;
#3242 = CARTESIAN_POINT ( 'NONE',  ( -0.9953863304355486941, -0.07763355007325770107, 2.635366449926742405 ) ) ;
#3243 = CIRCLE ( 'NONE', #1790, 0.2500000000000002220 ) ;
#3244 = DIRECTION ( 'NONE',  ( 0.000000000000000000, 0.000000000000000000, 1.000000000000000000 ) ) ;
#3245 = ORIENTED_EDGE ( 'NONE', *, *, #10665, .T. ) ;
#3246 = ORIENTED_EDGE ( 'NONE', *, *, #1611, .F. ) ;
#3247 = EDGE_CURVE ( 'NONE', #1529, #2562, #2871, .T. ) ;
#3248 = ORIENTED_EDGE ( 'NONE', *, *, #12454, .T. ) ;
#3249 = VECTOR ( 'NONE', #8527, 1000.000000000000000 ) ;
#3250 = DIRECTION ( 'NONE',  ( -0.000000000000000000, 1.000000000000000000, 3.061616997868383141E-16 ) ) ;
#3251 = CARTESIAN_POINT ( 'NONE',  ( 21.48216726873254245, 51.19999999999999574, 0.8754938253329069830 ) ) ;
#3252 = DIRECTION ( 'NONE',  ( 0.000000000000000000, 0.000000000000000000, -1.000000000000000000 ) ) ;
#3253 = ORIENTED_EDGE ( 'NONE', *, *, #7195, .F. ) ;
#3254 = CYLINDRICAL_SURFACE ( 'NONE', #8326, 0.2500000000000002220 ) ;
#3255 = LINE ( 'NONE', #9339, #2863 ) ;
#3256 = CARTESIAN_POINT ( 'NONE',  ( 14.38630803671536462, -80.41022924428168039, -15.72761374776406385 ) ) ;
#3257 = VERTEX_POINT ( 'NONE', #3843 ) ;
#3258 = LINE ( 'NONE', #99, #10832 ) ;
#3259 = DIRECTION ( 'NONE',  ( -0.000000000000000000, 1.000000000000000000, 3.061616997868383141E-16 ) ) ;
#3260 = ORIENTED_EDGE ( 'NONE', *, *, #814, .F. ) ;
#3261 = ORIENTED_EDGE ( 'NONE', *, *, #7226, .T. ) ;
#3262 = EDGE_CURVE ( 'NONE', #8369, #9389, #6735, .T. ) ;
#3263 = VERTEX_POINT ( 'NONE', #6547 ) ;
#3264 = AXIS2_PLACEMENT_3D ( 'NONE', #6680, #10580, #1777 ) ;
#3265 = DIRECTION ( 'NONE',  ( 0.000000000000000000, -3.227392513445222318E-16, 1.000000000000000000 ) ) ;
#3266 = DIRECTION ( 'NONE',  ( 0.000000000000000000, 0.000000000000000000, 1.000000000000000000 ) ) ;
#3267 = ORIENTED_EDGE ( 'NONE', *, *, #9181, .F. ) ;
#3268 = DIRECTION ( 'NONE',  ( -9.860761315262647568E-32, 1.000000000000000000, 3.061616997868382648E-16 ) ) ;
#3269 = CARTESIAN_POINT ( 'NONE',  ( -16.55018116000704254, 51.19999999999999574, -13.72375690439567641 ) ) ;
#3270 = ORIENTED_EDGE ( 'NONE', *, *, #8302, .T. ) ;
#3271 = DIRECTION ( 'NONE',  ( -0.000000000000000000, 1.000000000000000000, 3.061616997868383141E-16 ) ) ;
#3272 = DIRECTION ( 'NONE',  ( -0.000000000000000000, 1.000000000000000000, 3.061616997868383141E-16 ) ) ;
#3273 = CYLINDRICAL_SURFACE ( 'NONE', #11448, 0.2500000000000002220 ) ;
#3274 = CIRCLE ( 'NONE', #11868, 20.50000000000000711 ) ;
#3275 = DIRECTION ( 'NONE',  ( 0.000000000000000000, -3.227392513445220839E-16, 1.000000000000000000 ) ) ;
#3276 = CIRCLE ( 'NONE', #2855, 0.2500000000000002220 ) ;
#3277 = CIRCLE ( 'NONE', #795, 0.2500000000000002220 ) ;
#3278 = VERTEX_POINT ( 'NONE', #6675 ) ;
#3279 = CYLINDRICAL_SURFACE ( 'NONE', #12023, 21.50000000000000355 ) ;
#3280 = CIRCLE ( 'NONE', #2039, 47.85087804878048701 ) ;
#3281 = DIRECTION ( 'NONE',  ( -0.000000000000000000, 1.000000000000000000, 3.061616997868383141E-16 ) ) ;
#3282 = ORIENTED_EDGE ( 'NONE', *, *, #6743, .T. ) ;
#3283 = LINE ( 'NONE', #4330, #12567 ) ;
#3284 = CIRCLE ( 'NONE', #5156, 0.2500000000000002220 ) ;
#3285 = DIRECTION ( 'NONE',  ( 0.000000000000000000, 0.000000000000000000, 1.000000000000000000 ) ) ;
#3286 = CARTESIAN_POINT ( 'NONE',  ( 19.04184949573529906, 45.19999999999998863, -9.982883740771724135 ) ) ;
#3287 = FACE_OUTER_BOUND ( 'NONE', #9310, .T. ) ;
#3288 = EDGE_CURVE ( 'NONE', #2438, #4839, #10034, .T. ) ;
#3289 = VERTEX_POINT ( 'NONE', #1835 ) ;
#3290 = ORIENTED_EDGE ( 'NONE', *, *, #5111, .F. ) ;
#3291 = AXIS2_PLACEMENT_3D ( 'NONE', #6306, #5283, #4384 ) ;
#3292 = CARTESIAN_POINT ( 'NONE',  ( 0.000000000000000000, 45.20000000000000995, -9.220454712679835547E-15 ) ) ;
#3293 = ORIENTED_EDGE ( 'NONE', *, *, #4630, .T. ) ;
#3294 = CARTESIAN_POINT ( 'NONE',  ( -13.33519049100542375, -80.41022924428169460, 16.86483603740627402 ) ) ;
#3295 = CYLINDRICAL_SURFACE ( 'NONE', #4595, 0.2500000000000002220 ) ;
#3296 = DIRECTION ( 'NONE',  ( 2.465190328815661892E-32, 1.000000000000000000, 3.061616997868383141E-16 ) ) ;
#3298 = ADVANCED_FACE ( 'NONE', ( #5769 ), #11404, .F. ) ;
#3297 = CARTESIAN_POINT ( 'NONE',  ( -1.125223059223438904, -80.41022924428168039, -21.47053499722334990 ) ) ;
#3299 = DIRECTION ( 'NONE',  ( -0.000000000000000000, 1.000000000000000000, 3.061616997868383141E-16 ) ) ;
#3300 = CARTESIAN_POINT ( 'NONE',  ( -0.9950000000000006617, -0.07763355007212036085, 2.635366449927879717 ) ) ;
#3301 = ADVANCED_FACE ( 'NONE', ( #8646 ), #10511, .F. ) ;
#3302 = DIRECTION ( 'NONE',  ( -9.860761315262647568E-32, 1.000000000000000000, 3.061616997868382648E-16 ) ) ;
#3303 = ORIENTED_EDGE ( 'NONE', *, *, #11287, .F. ) ;
#3304 = EDGE_CURVE ( 'NONE', #4960, #9220, #681, .T. ) ;
#3305 = ORIENTED_EDGE ( 'NONE', *, *, #9557, .T. ) ;
#3306 = ORIENTED_EDGE ( 'NONE', *, *, #12168, .F. ) ;
#3307 = DIRECTION ( 'NONE',  ( 0.000000000000000000, 0.000000000000000000, 1.000000000000000000 ) ) ;
#3308 = CARTESIAN_POINT ( 'NONE',  ( -20.97677464539635395, 45.19999999999998863, -4.714331922580043965 ) ) ;
#3309 = LINE ( 'NONE', #6281, #11741 ) ;
#3310 = ORIENTED_EDGE ( 'NONE', *, *, #8530, .T. ) ;
#3312 = EDGE_CURVE ( 'NONE', #5752, #2197, #4509, .T. ) ;
#3311 = DIRECTION ( 'NONE',  ( -9.860761315262647568E-32, 1.000000000000000000, 3.061616997868381662E-16 ) ) ;
#3313 = CARTESIAN_POINT ( 'NONE',  ( 19.15664027004985215, 51.19999999999999574, -9.760795744400319052 ) ) ;
#3314 = CARTESIAN_POINT ( 'NONE',  ( -20.44771510034585660, 45.19999999999998863, -6.643865379061155707 ) ) ;
#3315 = ADVANCED_FACE ( 'NONE', ( #4623 ), #8524, .T. ) ;
#3316 = ORIENTED_EDGE ( 'NONE', *, *, #10967, .F. ) ;
#3317 = SHAPE_REPRESENTATION ( 'lightsheet_green', ( #7256 ), #1699 ) ;
#3318 = CARTESIAN_POINT ( 'NONE',  ( 0.000000000000000000, 87.50000000000001421, 3.730185188303422936E-15 ) ) ;
#3319 = AXIS2_PLACEMENT_3D ( 'NONE', #12483, #10507, #12603 ) ;
#3320 = CARTESIAN_POINT ( 'NONE',  ( 0.8754938253328177211, 51.19999999999999574, -21.48216726873255666 ) ) ;
#3321 = CIRCLE ( 'NONE', #9877, 19.25000000000000711 ) ;
#3322 = EDGE_LOOP ( 'NONE', ( #4821, #1833, #5939, #266 ) ) ;
#3323 = AXIS2_PLACEMENT_3D ( 'NONE', #3041, #5683, #8619 ) ;
#3324 = ORIENTED_EDGE ( 'NONE', *, *, #760, .F. ) ;
#3325 = ORIENTED_EDGE ( 'NONE', *, *, #10116, .F. ) ;
#3326 = LINE ( 'NONE', #428, #3759 ) ;
#3327 = AXIS2_PLACEMENT_3D ( 'NONE', #6848, #10747, #1950 ) ;
#3328 = DIRECTION ( 'NONE',  ( 0.000000000000000000, -3.227392513445222318E-16, 1.000000000000000000 ) ) ;
#3329 = ORIENTED_EDGE ( 'NONE', *, *, #337, .T. ) ;
#3330 = DIRECTION ( 'NONE',  ( 0.000000000000000000, 0.000000000000000000, -1.000000000000000000 ) ) ;
#3331 = VECTOR ( 'NONE', #534, 1000.000000000000000 ) ;
#3332 = DIRECTION ( 'NONE',  ( -0.000000000000000000, 1.000000000000000000, 3.061616997868383141E-16 ) ) ;
#3333 = VERTEX_POINT ( 'NONE', #12421 ) ;
#3334 = DIRECTION ( 'NONE',  ( 0.000000000000000000, -3.227392513445222318E-16, 1.000000000000000000 ) ) ;
#3335 = CIRCLE ( 'NONE', #11110, 47.84587804878049155 ) ;
#3336 = DIRECTION ( 'NONE',  ( 0.000000000000000000, -3.227392513445220839E-16, 1.000000000000000000 ) ) ;
#3337 = CYLINDRICAL_SURFACE ( 'NONE', #7974, 0.2500000000000002220 ) ;
#3338 = EDGE_CURVE ( 'NONE', #10776, #7305, #7768, .T. ) ;
#3339 = DIRECTION ( 'NONE',  ( -0.000000000000000000, 1.000000000000000000, 3.061616997868383141E-16 ) ) ;
#3340 = AXIS2_PLACEMENT_3D ( 'NONE', #12250, #8292, #12062 ) ;
#3341 = CIRCLE ( 'NONE', #8258, 21.50000000000001066 ) ;
#3342 = CIRCLE ( 'NONE', #10312, 0.2500000000000002220 ) ;
#3343 = ORIENTED_EDGE ( 'NONE', *, *, #2419, .F. ) ;
#3344 = DIRECTION ( 'NONE',  ( 7.395570986446986770E-32, 1.000000000000000000, 3.061616997868381169E-16 ) ) ;
#3345 = VECTOR ( 'NONE', #11681, 1000.000000000000000 ) ;
#3346 = DIRECTION ( 'NONE',  ( 0.000000000000000000, 0.000000000000000000, -1.000000000000000000 ) ) ;
#3347 = VERTEX_POINT ( 'NONE', #4749 ) ;
#3348 = CIRCLE ( 'NONE', #3340, 0.2500000000000002220 ) ;
#3349 = AXIS2_PLACEMENT_3D ( 'NONE', #4746, #11530, #5574 ) ;
#3350 = CARTESIAN_POINT ( 'NONE',  ( -8.972629143561874798, 45.20000000000000284, 19.53821706942841985 ) ) ;
#3351 = CARTESIAN_POINT ( 'NONE',  ( -6.405656115871267708, -80.41022924428169460, 20.52358569366472807 ) ) ;
#3352 = DIRECTION ( 'NONE',  ( 0.000000000000000000, 0.000000000000000000, 1.000000000000000000 ) ) ;
#3353 = ADVANCED_FACE ( 'NONE', ( #12668 ), #5080, .T. ) ;
#3354 = CIRCLE ( 'NONE', #7649, 15.40000000000000036 ) ;
#3355 = AXIS2_PLACEMENT_3D ( 'NONE', #6019, #9933, #8960 ) ;
#3356 = ORIENTED_EDGE ( 'NONE', *, *, #12338, .F. ) ;
#3357 = AXIS2_PLACEMENT_3D ( 'NONE', #10628, #5766, #9662 ) ;
#3358 = FACE_OUTER_BOUND ( 'NONE', #2443, .T. ) ;
#3359 = CARTESIAN_POINT ( 'NONE',  ( -1.000000000000000444, 47.85087804878074280, 0.000000000000000000 ) ) ;
#3360 = EDGE_CURVE ( 'NONE', #9555, #10552, #4108, .T. ) ;
#3361 = ORIENTED_EDGE ( 'NONE', *, *, #4367, .T. ) ;
#3362 = DIRECTION ( 'NONE',  ( 9.860761315262647568E-32, 1.000000000000000000, 3.061616997868381662E-16 ) ) ;
#3363 = DIRECTION ( 'NONE',  ( 0.000000000000000000, -3.227392513445220839E-16, 1.000000000000000000 ) ) ;
#3364 = CARTESIAN_POINT ( 'NONE',  ( 21.08072873382964829, -80.41022924428168039, -4.225266388133271711 ) ) ;
#3365 = DIRECTION ( 'NONE',  ( -4.930380657631323784E-32, 1.000000000000000000, 3.061616997868382648E-16 ) ) ;
#3366 = AXIS2_PLACEMENT_3D ( 'NONE', #8183, #3302, #7216 ) ;
#3367 = EDGE_CURVE ( 'NONE', #317, #6759, #1819, .T. ) ;
#3368 = CIRCLE ( 'NONE', #2132, 0.2500000000000002220 ) ;
#3369 = CARTESIAN_POINT ( 'NONE',  ( 0.9999999999999995559, 0.07763355007212383030, -2.635366449927869503 ) ) ;
#3370 = CARTESIAN_POINT ( 'NONE',  ( -0.9985996054052503901, 0.08537226377138652789, 2.798372263771386592 ) ) ;
#3371 = DIRECTION ( 'NONE',  ( 0.000000000000000000, -3.227392513445220839E-16, 1.000000000000000000 ) ) ;
#3372 = EDGE_LOOP ( 'NONE', ( #7301, #1842, #4349, #9068 ) ) ;
#3373 = ORIENTED_EDGE ( 'NONE', *, *, #9827, .F. ) ;
#3374 = VECTOR ( 'NONE', #7128, 1000.000000000000000 ) ;
#3375 = EDGE_CURVE ( 'NONE', #8565, #10800, #3060, .T. ) ;
#3376 = VERTEX_POINT ( 'NONE', #11907 ) ;
#3377 = EDGE_CURVE ( 'NONE', #6323, #1045, #3280, .T. ) ;
#3378 = DIRECTION ( 'NONE',  ( -7.395570986446986770E-32, 1.000000000000000000, 3.061616997868381662E-16 ) ) ;
#3379 = CARTESIAN_POINT ( 'NONE',  ( 17.39386537906129604, -80.41022924428168039, -12.63738292428827314 ) ) ;
#3380 = DIRECTION ( 'NONE',  ( 0.000000000000000000, 0.000000000000000000, 1.000000000000000000 ) ) ;
#3381 = EDGE_LOOP ( 'NONE', ( #3497, #10664, #12109, #8902 ) ) ;
#3382 = DIRECTION ( 'NONE',  ( 0.000000000000000000, -1.000000000000000000, -3.061616997868383141E-16 ) ) ;
#3383 = ADVANCED_FACE ( 'NONE', ( #7939 ), #1057, .T. ) ;
#3384 = CIRCLE ( 'NONE', #10551, 0.2500000000000002220 ) ;
#3385 = LINE ( 'NONE', #2283, #1212 ) ;
#3386 = FACE_OUTER_BOUND ( 'NONE', #10524, .T. ) ;
#3387 = ORIENTED_EDGE ( 'NONE', *, *, #1795, .F. ) ;
#3388 = CARTESIAN_POINT ( 'NONE',  ( -6.405656115871687817, -80.41022924428168039, -20.52358569366464636 ) ) ;
#3389 = DIRECTION ( 'NONE',  ( -0.000000000000000000, 1.000000000000000000, 3.061616997868383141E-16 ) ) ;
#3390 = ORIENTED_EDGE ( 'NONE', *, *, #12301, .T. ) ;
#3391 = ORIENTED_EDGE ( 'NONE', *, *, #6770, .T. ) ;
#3392 = EDGE_CURVE ( 'NONE', #1823, #7286, #9999, .T. ) ;
#3393 = AXIS2_PLACEMENT_3D ( 'NONE', #11641, #9799, #4038 ) ;
#3394 = ORIENTED_EDGE ( 'NONE', *, *, #7491, .F. ) ;
#3395 = DIRECTION ( 'NONE',  ( 0.000000000000000000, 0.000000000000000000, 1.000000000000000000 ) ) ;
#3396 = ADVANCED_FACE ( 'NONE', ( #162 ), #9805, .F. ) ;
#3397 = FACE_OUTER_BOUND ( 'NONE', #3896, .T. ) ;
#3398 = VERTEX_POINT ( 'NONE', #10958 ) ;
#3399 = CARTESIAN_POINT ( 'NONE',  ( 0.000000000000000000, 51.20000000000000995, -7.383484513958806747E-15 ) ) ;
#3400 = DIRECTION ( 'NONE',  ( 0.000000000000000000, -3.227392513445220839E-16, 1.000000000000000000 ) ) ;
#3401 = ORIENTED_EDGE ( 'NONE', *, *, #11317, .F. ) ;
#3402 = CARTESIAN_POINT ( 'NONE',  ( 1.374800153705800554, 45.19999999999998863, -21.45599973288057782 ) ) ;
#3403 = ADVANCED_FACE ( 'NONE', ( #994 ), #2162, .T. ) ;
#3404 = CYLINDRICAL_SURFACE ( 'NONE', #5138, 0.2500000000000002220 ) ;
#3405 = FACE_OUTER_BOUND ( 'NONE', #603, .T. ) ;
#3406 = AXIS2_PLACEMENT_3D ( 'NONE', #5195, #3437, #3307 ) ;
#3407 = DIRECTION ( 'NONE',  ( 0.000000000000000000, 0.000000000000000000, 1.000000000000000000 ) ) ;
#3408 = EDGE_CURVE ( 'NONE', #9830, #2733, #6990, .T. ) ;
#3409 = AXIS2_PLACEMENT_3D ( 'NONE', #5322, #8129, #9216 ) ;
#3410 = EDGE_CURVE ( 'NONE', #9412, #9389, #6163, .T. ) ;
#3411 = EDGE_CURVE ( 'NONE', #12026, #4940, #1013, .T. ) ;
#3412 = EDGE_LOOP ( 'NONE', ( #868, #11384, #390, #12053 ) ) ;
#3413 = CARTESIAN_POINT ( 'NONE',  ( 0.000000000000000000, 51.20000000000000995, -7.383484513958806747E-15 ) ) ;
#3414 = LINE ( 'NONE', #5412, #8257 ) ;
#3415 = ORIENTED_EDGE ( 'NONE', *, *, #6378, .T. ) ;
#3416 = CARTESIAN_POINT ( 'NONE',  ( 17.89404075541372308, 51.20000000000000995, 11.91861172467634233 ) ) ;
#3417 = CARTESIAN_POINT ( 'NONE',  ( -0.2499957747073984216, -136.9110066833317205, 21.49854651162785046 ) ) ;
#3418 = B_SPLINE_CURVE_WITH_KNOTS ( 'NONE', 3,
 ( #12147, #10353, #6511, #5488, #9386, #10412, #1361, #586, #12329, #9445, #1604, #5550, #647, #4590, #2645, #5312 ),
 .UNSPECIFIED., .F., .F.,
 ( 4, 3, 3, 3, 3, 4 ),
 ( 8.758959612327588609E-19, 1.373775821567141225E-06, 2.737902105180461201E-06, 4.598658819371376855E-06, 7.064745935390718266E-06, 9.210299136917659378E-06 ),
 .UNSPECIFIED. ) ;
#3419 = ORIENTED_EDGE ( 'NONE', *, *, #837, .T. ) ;
#3420 = EDGE_CURVE ( 'NONE', #12510, #11070, #6864, .T. ) ;
#3421 = AXIS2_PLACEMENT_3D ( 'NONE', #9695, #1990, #2894 ) ;
#3422 = DIRECTION ( 'NONE',  ( 1.000000000000000000, 0.000000000000000000, 0.000000000000000000 ) ) ;
#3423 = AXIS2_PLACEMENT_3D ( 'NONE', #9139, #11003, #79 ) ;
#3424 = VERTEX_POINT ( 'NONE', #4942 ) ;
#3425 = FACE_OUTER_BOUND ( 'NONE', #637, .T. ) ;
#3426 = VERTEX_POINT ( 'NONE', #3003 ) ;
#3427 = DIRECTION ( 'NONE',  ( 7.395570986446986770E-32, 1.000000000000000000, 3.061616997868383141E-16 ) ) ;
#3428 = DIRECTION ( 'NONE',  ( -0.000000000000000000, 1.000000000000000000, 3.061616997868383141E-16 ) ) ;
#3429 = CARTESIAN_POINT ( 'NONE',  ( -1.000000000000000444, 0.08699999999999999400, 2.799999999999999822 ) ) ;
#3430 = DIRECTION ( 'NONE',  ( 0.000000000000000000, 0.000000000000000000, 1.000000000000000000 ) ) ;
#3431 = LINE ( 'NONE', #465, #9837 ) ;
#3432 = CIRCLE ( 'NONE', #10399, 21.50000000000001066 ) ;
#3433 = CARTESIAN_POINT ( 'NONE',  ( 14.19955239679481984, 51.20000000000000995, 16.14381341971834871 ) ) ;
#3434 = ORIENTED_EDGE ( 'NONE', *, *, #9404, .F. ) ;
#3435 = VERTEX_POINT ( 'NONE', #8905 ) ;
#3436 = VERTEX_POINT ( 'NONE', #8833 ) ;
#3437 = DIRECTION ( 'NONE',  ( -7.395570986446986770E-32, 1.000000000000000000, 3.061616997868381662E-16 ) ) ;
#3438 = AXIS2_PLACEMENT_3D ( 'NONE', #3292, #397, #11056 ) ;
#3439 = DIRECTION ( 'NONE',  ( 0.000000000000000000, 0.000000000000000000, 1.000000000000000000 ) ) ;
#3440 = CARTESIAN_POINT ( 'NONE',  ( 0.000000000000000000, 51.20000000000000995, -7.383484513958806747E-15 ) ) ;
#3441 = B_SPLINE_CURVE_WITH_KNOTS ( 'NONE', 3,
 ( #1149, #1273, #9964, #1402, #5167, #314, #11042, #1211, #1341, #2186, #12061, #249, #2249, #2312, #187, #10982 ),
 .UNSPECIFIED., .F., .F.,
 ( 4, 3, 3, 3, 3, 4 ),
 ( 4.065758146820641628E-20, 3.682526378543604224E-06, 5.949850216021897734E-06, 7.611928525833088189E-06, 8.884767629189081720E-06, 9.837449744280234986E-06 ),
 .UNSPECIFIED. ) ;
#3442 = ORIENTED_EDGE ( 'NONE', *, *, #11858, .F. ) ;
#3443 = CARTESIAN_POINT ( 'NONE',  ( -19.98103174821878625, 45.19999999999998863, -7.937781193549843906 ) ) ;
#3444 = AXIS2_PLACEMENT_3D ( 'NONE', #324, #1282, #4561 ) ;
#3445 = CARTESIAN_POINT ( 'NONE',  ( 0.9971807391522697905, -0.07717652363796928539, 2.635823476362030515 ) ) ;
#3446 = LINE ( 'NONE', #5629, #9414 ) ;
#3447 = EDGE_LOOP ( 'NONE', ( #2429, #5510, #10226, #455 ) ) ;
#3448 = EDGE_CURVE ( 'NONE', #4545, #7305, #9621, .T. ) ;
#3449 = DIRECTION ( 'NONE',  ( 0.000000000000000000, -1.000000000000000000, -3.061616997868383141E-16 ) ) ;
#3450 = LINE ( 'NONE', #9345, #5390 ) ;
#3451 = ORIENTED_EDGE ( 'NONE', *, *, #3411, .T. ) ;
#3452 = EDGE_CURVE ( 'NONE', #10111, #7723, #1828, .T. ) ;
#3453 = CIRCLE ( 'NONE', #8951, 0.2500000000000002220 ) ;
#3454 = ORIENTED_EDGE ( 'NONE', *, *, #6714, .F. ) ;
#3455 = AXIS2_PLACEMENT_3D ( 'NONE', #293, #5148, #165 ) ;
#3456 = EDGE_LOOP ( 'NONE', ( #12034, #3561, #5665, #3920 ) ) ;
#3457 = LINE ( 'NONE', #231, #3982 ) ;
#3458 = DIRECTION ( 'NONE',  ( 2.465190328815661892E-32, 1.000000000000000000, 3.061616997868383634E-16 ) ) ;
#3459 = EDGE_LOOP ( 'NONE', ( #11446, #32, #10222, #3482 ) ) ;
#3460 = FACE_OUTER_BOUND ( 'NONE', #5954, .T. ) ;
#3461 = DIRECTION ( 'NONE',  ( 0.000000000000000000, -1.000000000000000000, -3.061616997868383141E-16 ) ) ;
#3462 = ORIENTED_EDGE ( 'NONE', *, *, #5582, .F. ) ;
#3463 = CYLINDRICAL_SURFACE ( 'NONE', #9317, 20.50000000000000711 ) ;
#3464 = CARTESIAN_POINT ( 'NONE',  ( -0.9954283379157922163, 0.08699999999999999400, 2.799999999999999822 ) ) ;
#3465 = CARTESIAN_POINT ( 'NONE',  ( 7.704910915223966761, -80.41022924428169460, 20.07197916968979712 ) ) ;
#3466 = EDGE_CURVE ( 'NONE', #1272, #11654, #3898, .T. ) ;
#3467 = DIRECTION ( 'NONE',  ( -0.000000000000000000, 1.000000000000000000, 3.061616997868383141E-16 ) ) ;
#3468 = EDGE_CURVE ( 'NONE', #3769, #6647, #10889, .T. ) ;
#3469 = AXIS2_PLACEMENT_3D ( 'NONE', #2492, #4502, #4562 ) ;
#3470 = EDGE_CURVE ( 'NONE', #1238, #12419, #8406, .T. ) ;
#3471 = ORIENTED_EDGE ( 'NONE', *, *, #3203, .T. ) ;
#3472 = FACE_OUTER_BOUND ( 'NONE', #6277, .T. ) ;
#3473 = CARTESIAN_POINT ( 'NONE',  ( 21.45599973288054585, 51.19999999999999574, -1.374800153706002614 ) ) ;
#3475 = ORIENTED_EDGE ( 'NONE', *, *, #6829, .F. ) ;
#3474 = AXIS2_PLACEMENT_3D ( 'NONE', #4690, #562, #1640 ) ;
#3476 = AXIS2_PLACEMENT_3D ( 'NONE', #4317, #12240, #2372 ) ;
#3477 = CARTESIAN_POINT ( 'NONE',  ( 1.224646799147353256E-15, 77.00000000000000000, -9.999999999999975131 ) ) ;
#3478 = DIRECTION ( 'NONE',  ( -0.000000000000000000, 1.000000000000000000, 3.061616997868383141E-16 ) ) ;
#3479 = ADVANCED_FACE ( 'NONE', ( #6400 ), #12275, .T. ) ;
#3480 = CIRCLE ( 'NONE', #6156, 0.2500000000000002220 ) ;
#3481 = EDGE_CURVE ( 'NONE', #11054, #8786, #3255, .T. ) ;
#3482 = ORIENTED_EDGE ( 'NONE', *, *, #12641, .F. ) ;
#3483 = AXIS2_PLACEMENT_3D ( 'NONE', #3313, #11202, #9217 ) ;
#3484 = VERTEX_POINT ( 'NONE', #10249 ) ;
#3485 = CYLINDRICAL_SURFACE ( 'NONE', #142, 21.50000000000000355 ) ;
#3486 = AXIS2_PLACEMENT_3D ( 'NONE', #5694, #3829, #10619 ) ;
#3487 = ORIENTED_EDGE ( 'NONE', *, *, #6436, .F. ) ;
#3488 = CARTESIAN_POINT ( 'NONE',  ( 14.19955239679469727, -80.41022924428169460, 16.14381341971842332 ) ) ;
#3489 = DIRECTION ( 'NONE',  ( -0.000000000000000000, 1.000000000000000000, 3.061616997868383141E-16 ) ) ;
#3490 = DIRECTION ( 'NONE',  ( 0.000000000000000000, 0.000000000000000000, 1.000000000000000000 ) ) ;
#3491 = CARTESIAN_POINT ( 'NONE',  ( 0.000000000000000000, 87.50000000000001421, 3.730185188303422936E-15 ) ) ;
#3492 = CARTESIAN_POINT ( 'NONE',  ( -0.9954283379157922163, 0.08699999999999999400, 2.799999999999999822 ) ) ;
#3493 = EDGE_CURVE ( 'NONE', #11897, #11412, #7378, .T. ) ;
#3494 = DIRECTION ( 'NONE',  ( 0.000000000000000000, 0.000000000000000000, 1.000000000000000000 ) ) ;
#3495 = EDGE_LOOP ( 'NONE', ( #5969, #12614, #12411, #9524 ) ) ;
#3496 = CIRCLE ( 'NONE', #2465, 0.2500000000000002220 ) ;
#3497 = ORIENTED_EDGE ( 'NONE', *, *, #1963, .T. ) ;
#3498 = VERTEX_POINT ( 'NONE', #7295 ) ;
#3499 = DIRECTION ( 'NONE',  ( -9.860761315262647568E-32, 1.000000000000000000, 3.061616997868382155E-16 ) ) ;
#3500 = CARTESIAN_POINT ( 'NONE',  ( 6.881176337035001644, 45.20000000000000284, 20.36907980785164440 ) ) ;
#3501 = ORIENTED_EDGE ( 'NONE', *, *, #7397, .T. ) ;
#3502 = FACE_OUTER_BOUND ( 'NONE', #7288, .T. ) ;
#3503 = CYLINDRICAL_SURFACE ( 'NONE', #11476, 16.01785065697083965 ) ;
#3504 = CYLINDRICAL_SURFACE ( 'NONE', #9828, 21.50000000000000355 ) ;
#3505 = ORIENTED_EDGE ( 'NONE', *, *, #10578, .T. ) ;
#3506 = ADVANCED_FACE ( 'NONE', ( #354 ), #3503, .T. ) ;
#3507 = FACE_OUTER_BOUND ( 'NONE', #762, .T. ) ;
#3508 = DIRECTION ( 'NONE',  ( 0.000000000000000000, -3.227392513445222318E-16, 1.000000000000000000 ) ) ;
#3509 = VERTEX_POINT ( 'NONE', #8378 ) ;
#3510 = ORIENTED_EDGE ( 'NONE', *, *, #4044, .F. ) ;
#3511 = ORIENTED_EDGE ( 'NONE', *, *, #9654, .T. ) ;
#3512 = DIRECTION ( 'NONE',  ( 0.000000000000000000, -1.000000000000000000, -3.061616997868383141E-16 ) ) ;
#3513 =( NAMED_UNIT ( * ) SI_UNIT ( $, .STERADIAN. ) SOLID_ANGLE_UNIT ( ) );
#3514 = ORIENTED_EDGE ( 'NONE', *, *, #7843, .F. ) ;
#3515 = CARTESIAN_POINT ( 'NONE',  ( -6.643865379061097975, -80.41022924428169460, 20.44771510034585305 ) ) ;
#3516 = EDGE_CURVE ( 'NONE', #2355, #1388, #2657, .T. ) ;
#3517 = CARTESIAN_POINT ( 'NONE',  ( 3.363340998364822809, -80.41022924428168039, -21.23529932279549470 ) ) ;
#3518 = VERTEX_POINT ( 'NONE', #9091 ) ;
#3519 = FACE_OUTER_BOUND ( 'NONE', #3872, .T. ) ;
#3520 = CIRCLE ( 'NONE', #5984, 21.50000000000000000 ) ;
#3521 = DIRECTION ( 'NONE',  ( 0.000000000000000000, 0.000000000000000000, 1.000000000000000000 ) ) ;
#3522 = LINE ( 'NONE', #12488, #10636 ) ;
#3523 = AXIS2_PLACEMENT_3D ( 'NONE', #2600, #5509, #12348 ) ;
#3524 = EDGE_CURVE ( 'NONE', #9590, #11710, #7778, .T. ) ;
#3525 = DIRECTION ( 'NONE',  ( 0.000000000000000000, 0.000000000000000000, 1.000000000000000000 ) ) ;
#3526 = DIRECTION ( 'NONE',  ( 4.930380657631323784E-32, 1.000000000000000000, 3.061616997868382648E-16 ) ) ;
#3527 = VERTEX_POINT ( 'NONE', #8259 ) ;
#3528 = CIRCLE ( 'NONE', #10900, 0.2500000000000002220 ) ;
#3529 = AXIS2_PLACEMENT_3D ( 'NONE', #11507, #8374, #6651 ) ;
#3530 = EDGE_CURVE ( 'NONE', #572, #4440, #10645, .T. ) ;
#3531 = AXIS2_PLACEMENT_3D ( 'NONE', #10562, #5821, #8889 ) ;
#3532 = ORIENTED_EDGE ( 'NONE', *, *, #10149, .F. ) ;
#3533 = CARTESIAN_POINT ( 'NONE',  ( 3.610031534565281142, 45.19999999999998863, -21.19475577399856192 ) ) ;
#3534 = EDGE_CURVE ( 'NONE', #11976, #4553, #6567, .T. ) ;
#3535 = CARTESIAN_POINT ( 'NONE',  ( -14.38630803671525804, 45.20000000000000284, 15.97761374776414733 ) ) ;
#3536 = EDGE_LOOP ( 'NONE', ( #7643, #6605, #6580, #8942 ) ) ;
#3537 = FACE_OUTER_BOUND ( 'NONE', #9759, .T. ) ;
#3538 = FACE_OUTER_BOUND ( 'NONE', #12123, .T. ) ;
#3539 = EDGE_CURVE ( 'NONE', #11452, #1536, #10421, .T. ) ;
#3540 = CIRCLE ( 'NONE', #7028, 0.2500000000000002220 ) ;
#3541 = VECTOR ( 'NONE', #4521, 1000.000000000000000 ) ;
#3542 = ORIENTED_EDGE ( 'NONE', *, *, #4896, .T. ) ;
#3543 = AXIS2_PLACEMENT_3D ( 'NONE', #7884, #878, #6873 ) ;
#3544 = ADVANCED_FACE ( 'NONE', ( #7166 ), #12164, .T. ) ;
#3545 = VECTOR ( 'NONE', #1150, 1000.000000000000000 ) ;
#3546 = SHAPE_DEFINITION_REPRESENTATION ( #1064, #3317 ) ;
#3547 = ORIENTED_EDGE ( 'NONE', *, *, #8346, .F. ) ;
#3548 = CARTESIAN_POINT ( 'NONE',  ( -11.91861172467614338, 45.20000000000000284, 17.89404075541386874 ) ) ;
#3549 = CIRCLE ( 'NONE', #2100, 21.50000000000001066 ) ;
#3550 = EDGE_CURVE ( 'NONE', #9226, #7962, #3385, .T. ) ;
#3551 = ORIENTED_EDGE ( 'NONE', *, *, #6233, .F. ) ;
#3552 = CARTESIAN_POINT ( 'NONE',  ( 20.07197916968979001, -80.41022924428168039, -7.454910915224060020 ) ) ;
#3553 = DIRECTION ( 'NONE',  ( -0.000000000000000000, 1.000000000000000000, 3.061616997868383141E-16 ) ) ;
#3554 = CARTESIAN_POINT ( 'NONE',  ( 3.363340998364822809, 45.19999999999998863, -21.23529932279545562 ) ) ;
#3555 = CIRCLE ( 'NONE', #12552, 47.85087804878074280 ) ;
#3556 = DIRECTION ( 'NONE',  ( -0.000000000000000000, 1.000000000000000000, 3.061616997868383141E-16 ) ) ;
#3557 = CARTESIAN_POINT ( 'NONE',  ( -0.9973623449334918512, 0.08636871567441803399, 2.799368715674418251 ) ) ;
#3558 = DIRECTION ( 'NONE',  ( 0.000000000000000000, 0.000000000000000000, 1.000000000000000000 ) ) ;
#3559 = VECTOR ( 'NONE', #12604, 1000.000000000000000 ) ;
#3560 = ORIENTED_EDGE ( 'NONE', *, *, #3165, .F. ) ;
#3561 = ORIENTED_EDGE ( 'NONE', *, *, #7379, .T. ) ;
#3562 = AXIS2_PLACEMENT_3D ( 'NONE', #348, #8191, #12095 ) ;
#3563 = ORIENTED_EDGE ( 'NONE', *, *, #11053, .F. ) ;
#3564 = EDGE_CURVE ( 'NONE', #8565, #1384, #10122, .T. ) ;
#3565 = EDGE_CURVE ( 'NONE', #7975, #12510, #12688, .T. ) ;
#3566 = AXIS2_PLACEMENT_3D ( 'NONE', #9264, #713, #3494 ) ;
#3567 = FACE_OUTER_BOUND ( 'NONE', #3806, .T. ) ;
#3568 = DIRECTION ( 'NONE',  ( 0.000000000000000000, 0.000000000000000000, 1.000000000000000000 ) ) ;
#3569 = CIRCLE ( 'NONE', #1497, 47.84587804878074735 ) ;
#3570 = CARTESIAN_POINT ( 'NONE',  ( 0.000000000000000000, 24.19999999999999929, -1.564985040820344345E-14 ) ) ;
#3571 = ORIENTED_EDGE ( 'NONE', *, *, #2267, .T. ) ;
#3572 = DIRECTION ( 'NONE',  ( 0.000000000000000000, 0.000000000000000000, 1.000000000000000000 ) ) ;
#3573 = DIRECTION ( 'NONE',  ( 0.000000000000000000, -3.227392513445222318E-16, 1.000000000000000000 ) ) ;
#3574 = CARTESIAN_POINT ( 'NONE',  ( 3.363340998364822809, -80.41022924428168039, -21.23529932279549470 ) ) ;
#3575 = ORIENTED_EDGE ( 'NONE', *, *, #10612, .T. ) ;
#3576 = DIRECTION ( 'NONE',  ( 0.000000000000000000, 0.000000000000000000, 1.000000000000000000 ) ) ;
#3577 = CIRCLE ( 'NONE', #4818, 0.2500000000000002220 ) ;
#3578 = CARTESIAN_POINT ( 'NONE',  ( 7.704910915223966761, 51.20000000000000995, 20.07197916968983975 ) ) ;
#3579 = ORIENTED_EDGE ( 'NONE', *, *, #8205, .F. ) ;
#3580 = CIRCLE ( 'NONE', #1922, 21.50000000000000000 ) ;
#3581 = ORIENTED_EDGE ( 'NONE', *, *, #1133, .T. ) ;
#3582 = AXIS2_PLACEMENT_3D ( 'NONE', #4918, #8814, #2143 ) ;
#3583 = VERTEX_POINT ( 'NONE', #6719 ) ;
#3584 = FACE_OUTER_BOUND ( 'NONE', #3895, .T. ) ;
#3585 = DIRECTION ( 'NONE',  ( 0.000000000000000000, -1.000000000000000000, -3.061616997868383141E-16 ) ) ;
#3586 = AXIS2_PLACEMENT_3D ( 'NONE', #7891, #5033, #8921 ) ;
#3587 = EDGE_LOOP ( 'NONE', ( #5603, #11782, #5600, #12394 ) ) ;
#3588 = FACE_OUTER_BOUND ( 'NONE', #3536, .T. ) ;
#3589 = CARTESIAN_POINT ( 'NONE',  ( 17.39386537906129604, 45.19999999999998863, -12.63738292428823584 ) ) ;
#3590 = DIRECTION ( 'NONE',  ( -0.000000000000000000, 1.000000000000000000, 3.061616997868383141E-16 ) ) ;
#3591 = ORIENTED_EDGE ( 'NONE', *, *, #2908, .F. ) ;
#3592 = DIRECTION ( 'NONE',  ( 0.000000000000000000, 0.000000000000000000, 1.000000000000000000 ) ) ;
#3593 = DIRECTION ( 'NONE',  ( 2.465190328815661892E-32, 1.000000000000000000, 3.061616997868383141E-16 ) ) ;
#3594 = DIRECTION ( 'NONE',  ( -0.000000000000000000, 1.000000000000000000, 3.061616997868383141E-16 ) ) ;
#3595 = ORIENTED_EDGE ( 'NONE', *, *, #6287, .T. ) ;
#3596 = DIRECTION ( 'NONE',  ( 0.000000000000000000, -0.7071067811865535679, -0.7071067811865415775 ) ) ;
#3597 = FACE_OUTER_BOUND ( 'NONE', #4341, .T. ) ;
#3598 = ORIENTED_EDGE ( 'NONE', *, *, #3090, .T. ) ;
#3599 = EDGE_CURVE ( 'NONE', #9619, #9042, #4604, .T. ) ;
#3600 = ORIENTED_EDGE ( 'NONE', *, *, #10896, .F. ) ;
#3601 = CYLINDRICAL_SURFACE ( 'NONE', #152, 0.2500000000000002220 ) ;
#3602 = LINE ( 'NONE', #2759, #2295 ) ;
#3603 = VERTEX_POINT ( 'NONE', #789 ) ;
#3604 = DIRECTION ( 'NONE',  ( 0.000000000000000000, 0.000000000000000000, 1.000000000000000000 ) ) ;
#3605 = CIRCLE ( 'NONE', #2362, 21.50000000000000000 ) ;
#3606 = ADVANCED_FACE ( 'NONE', ( #1754 ), #5693, .F. ) ;
#3607 = EDGE_CURVE ( 'NONE', #9348, #10131, #5955, .T. ) ;
#3608 = EDGE_CURVE ( 'NONE', #4835, #7194, #2788, .T. ) ;
#3609 = ORIENTED_EDGE ( 'NONE', *, *, #7525, .F. ) ;
#3610 = ORIENTED_EDGE ( 'NONE', *, *, #10912, .F. ) ;
#3611 = DIRECTION ( 'NONE',  ( 0.000000000000000000, 0.000000000000000000, 1.000000000000000000 ) ) ;
#3612 = VERTEX_POINT ( 'NONE', #6657 ) ;
#3613 = CARTESIAN_POINT ( 'NONE',  ( -0.9950000000000006617, 0.07763355007212383030, -2.635366449927869503 ) ) ;
#3614 = CIRCLE ( 'NONE', #10780, 0.2500000000000002220 ) ;
#3615 = CARTESIAN_POINT ( 'NONE',  ( -4.225266388132896900, 45.20000000000000284, 21.08072873382973000 ) ) ;
#3616 = CARTESIAN_POINT ( 'NONE',  ( -20.16021269457240805, 51.19999999999999574, -7.470998869602486714 ) ) ;
#3617 = DIRECTION ( 'NONE',  ( -7.395570986446986770E-32, 1.000000000000000000, 3.061616997868381169E-16 ) ) ;
#3618 = CARTESIAN_POINT ( 'NONE',  ( -0.9962617306406352791, 0.08682781387769966663, 2.799827813877699523 ) ) ;
#3619 = EDGE_CURVE ( 'NONE', #11041, #4679, #12402, .T. ) ;
#3620 = LINE ( 'NONE', #7527, #4806 ) ;
#3621 = EDGE_LOOP ( 'NONE', ( #9021, #4247, #2591, #4487 ) ) ;
#3622 = EDGE_CURVE ( 'NONE', #7273, #240, #10854, .T. ) ;
#3623 = EDGE_LOOP ( 'NONE', ( #480, #367, #3114, #5885 ) ) ;
#3624 = CIRCLE ( 'NONE', #11601, 0.2500000000000002220 ) ;
#3625 = EDGE_CURVE ( 'NONE', #10115, #8133, #12478, .T. ) ;
#3626 = VERTEX_POINT ( 'NONE', #5754 ) ;
#3627 = DIRECTION ( 'NONE',  ( -1.479114197289397354E-31, 1.000000000000000000, 3.061616997868382155E-16 ) ) ;
#3628 = CARTESIAN_POINT ( 'NONE',  ( -13.72375690439608320, -80.41022924428168039, -16.55018116000671213 ) ) ;
#3629 = FACE_OUTER_BOUND ( 'NONE', #11036, .T. ) ;
#3630 = ORIENTED_EDGE ( 'NONE', *, *, #4956, .F. ) ;
#3632 = CARTESIAN_POINT ( 'NONE',  ( -1.000000000000000444, 0.08167987200253568059, 2.794679872002535870 ) ) ;
#3631 = AXIS2_PLACEMENT_3D ( 'NONE', #4888, #11663, #4955 ) ;
#3633 = AXIS2_PLACEMENT_3D ( 'NONE', #8180, #2145, #6972 ) ;
#3634 = CARTESIAN_POINT ( 'NONE',  ( -5.322755903978523051, 51.20000000000000995, 20.83070497094760753 ) ) ;
#3635 = LINE ( 'NONE', #10428, #191 ) ;
#3636 = ORIENTED_EDGE ( 'NONE', *, *, #11362, .F. ) ;
#3637 = EDGE_CURVE ( 'NONE', #10693, #5121, #9648, .T. ) ;
#3638 = CARTESIAN_POINT ( 'NONE',  ( -10.75000000000014744, 51.19999999999999574, -18.61954618136531892 ) ) ;
#3639 = FACE_OUTER_BOUND ( 'NONE', #11937, .T. ) ;
#3640 = VERTEX_POINT ( 'NONE', #10558 ) ;
#3641 = EDGE_CURVE ( 'NONE', #10800, #7181, #8602, .T. ) ;
#3642 = EDGE_LOOP ( 'NONE', ( #3511, #10765, #9737, #8958 ) ) ;
#3643 = VERTEX_POINT ( 'NONE', #1818 ) ;
#3644 = CARTESIAN_POINT ( 'NONE',  ( -12.63738292428830867, 51.19999999999999574, -17.39386537906123920 ) ) ;
#3645 = VECTOR ( 'NONE', #1423, 1000.000000000000000 ) ;
#3646 = CARTESIAN_POINT ( 'NONE',  ( 0.9983057463143290011, -0.08567125605033981683, -2.798671256050340173 ) ) ;
#3647 = VERTEX_POINT ( 'NONE', #3634 ) ;
#3648 = DIRECTION ( 'NONE',  ( -1.000000000000000000, 0.000000000000000000, 0.000000000000000000 ) ) ;
#3649 = CYLINDRICAL_SURFACE ( 'NONE', #4976, 21.50000000000000355 ) ;
#3650 = DIRECTION ( 'NONE',  ( -0.000000000000000000, 1.000000000000000000, 3.061616997868383141E-16 ) ) ;
#3651 = ORIENTED_EDGE ( 'NONE', *, *, #11230, .F. ) ;
#3652 = CARTESIAN_POINT ( 'NONE',  ( -4.714331922579997780, 45.20000000000000284, 20.97677464539635039 ) ) ;
#3653 = DIRECTION ( 'NONE',  ( 0.000000000000000000, 0.000000000000000000, 1.000000000000000000 ) ) ;
#3654 = DIRECTION ( 'NONE',  ( -0.000000000000000000, 1.000000000000000000, 3.061616997868383141E-16 ) ) ;
#3655 = VERTEX_POINT ( 'NONE', #850 ) ;
#3656 = CARTESIAN_POINT ( 'NONE',  ( 15.37854173158998528, -80.41022924428168039, -15.02499431646299755 ) ) ;
#3657 = VECTOR ( 'NONE', #7644, 1000.000000000000000 ) ;
#3658 = CYLINDRICAL_SURFACE ( 'NONE', #9238, 0.2500000000000002220 ) ;
#3659 = EDGE_CURVE ( 'NONE', #1713, #5436, #11386, .T. ) ;
#3660 = CIRCLE ( 'NONE', #7332, 21.50000000000000000 ) ;
#3661 = ORIENTED_EDGE ( 'NONE', *, *, #9366, .F. ) ;
#3662 = ORIENTED_EDGE ( 'NONE', *, *, #8501, .F. ) ;
#3663 = DIRECTION ( 'NONE',  ( 0.000000000000000000, 0.000000000000000000, 1.000000000000000000 ) ) ;
#3664 = FACE_OUTER_BOUND ( 'NONE', #11304, .T. ) ;
#3665 = CIRCLE ( 'NONE', #1588, 0.2500000000000002220 ) ;
#3666 = ORIENTED_EDGE ( 'NONE', *, *, #882, .F. ) ;
#3667 = CARTESIAN_POINT ( 'NONE',  ( -20.76740526521501096, -80.41022924428168039, -5.564609469704011602 ) ) ;
#3668 = AXIS2_PLACEMENT_3D ( 'NONE', #7748, #5900, #4050 ) ;
#3669 = EDGE_CURVE ( 'NONE', #8532, #10359, #4719, .T. ) ;
#3670 = ORIENTED_EDGE ( 'NONE', *, *, #6138, .T. ) ;
#3671 = VERTEX_POINT ( 'NONE', #4797 ) ;
#3672 = VECTOR ( 'NONE', #8988, 1000.000000000000000 ) ;
#3673 = VERTEX_POINT ( 'NONE', #11512 ) ;
#3674 = CARTESIAN_POINT ( 'NONE',  ( 21.47053499722333214, 45.19999999999998863, 1.125223059223236843 ) ) ;
#3675 = CARTESIAN_POINT ( 'NONE',  ( 20.70129763556877478, 51.19999999999999574, 5.805710654484474986 ) ) ;
#3676 = VERTEX_POINT ( 'NONE', #12465 ) ;
#3677 = EDGE_CURVE ( 'NONE', #1127, #1252, #1558, .T. ) ;
#3678 = DIRECTION ( 'NONE',  ( 7.395570986446986770E-32, 1.000000000000000000, 3.061616997868381662E-16 ) ) ;
#3679 = CARTESIAN_POINT ( 'NONE',  ( 0.000000000000000000, 78.75000000000000000, 1.051270315168586837E-15 ) ) ;
#3680 = DIRECTION ( 'NONE',  ( 3.081487911019577365E-33, 1.000000000000000000, 3.061616997868381662E-16 ) ) ;
#3681 = DIRECTION ( 'NONE',  ( 0.000000000000000000, 0.000000000000000000, 1.000000000000000000 ) ) ;
#3682 = CIRCLE ( 'NONE', #5342, 0.2500000000000002220 ) ;
#3683 = EDGE_CURVE ( 'NONE', #10033, #11247, #10257, .T. ) ;
#3684 = DIRECTION ( 'NONE',  ( -0.000000000000000000, 1.000000000000000000, 3.061616997868383141E-16 ) ) ;
#3685 = VECTOR ( 'NONE', #2662, 1000.000000000000000 ) ;
#3686 = VERTEX_POINT ( 'NONE', #7726 ) ;
#3687 = ORIENTED_EDGE ( 'NONE', *, *, #6060, .T. ) ;
#3688 = AXIS2_PLACEMENT_3D ( 'NONE', #2011, #8569, #3955 ) ;
#3689 = ORIENTED_EDGE ( 'NONE', *, *, #7694, .T. ) ;
#3690 = DIRECTION ( 'NONE',  ( -0.000000000000000000, 1.000000000000000000, 3.061616997868383141E-16 ) ) ;
#3691 = LINE ( 'NONE', #6774, #3168 ) ;
#3692 = CIRCLE ( 'NONE', #12494, 0.2500000000000002220 ) ;
#3693 = EDGE_CURVE ( 'NONE', #2069, #4553, #4727, .T. ) ;
#3694 = LINE ( 'NONE', #7411, #11153 ) ;
#3695 = ORIENTED_EDGE ( 'NONE', *, *, #7934, .T. ) ;
#3696 = DIRECTION ( 'NONE',  ( 0.000000000000000000, 0.000000000000000000, -1.000000000000000000 ) ) ;
#3697 = APPLICATION_CONTEXT ( 'automotive_design' ) ;
#3698 = DIRECTION ( 'NONE',  ( -0.000000000000000000, 1.000000000000000000, 3.061616997868383141E-16 ) ) ;
#3699 = FACE_OUTER_BOUND ( 'NONE', #6620, .T. ) ;
#3700 = CIRCLE ( 'NONE', #12291, 0.2500000000000002220 ) ;
#3701 = VERTEX_POINT ( 'NONE', #6528 ) ;
#3702 = DIRECTION ( 'NONE',  ( -0.000000000000000000, 1.000000000000000000, 3.061616997868383141E-16 ) ) ;
#3703 = EDGE_CURVE ( 'NONE', #7191, #9961, #3692, .T. ) ;
#3704 = FACE_OUTER_BOUND ( 'NONE', #6442, .T. ) ;
#3705 = ORIENTED_EDGE ( 'NONE', *, *, #7688, .T. ) ;
#3706 = ORIENTED_EDGE ( 'NONE', *, *, #10848, .T. ) ;
#3707 = EDGE_LOOP ( 'NONE', ( #5506, #2924, #5867, #1633 ) ) ;
#3708 = FACE_OUTER_BOUND ( 'NONE', #8916, .T. ) ;
#3709 = DIRECTION ( 'NONE',  ( -0.000000000000000000, 1.000000000000000000, 3.061616997868383141E-16 ) ) ;
#3710 = CIRCLE ( 'NONE', #4337, 21.50000000000000000 ) ;
#3711 = DIRECTION ( 'NONE',  ( 0.000000000000000000, 0.000000000000000000, 1.000000000000000000 ) ) ;
#3712 = DIRECTION ( 'NONE',  ( -4.930380657631323784E-32, 1.000000000000000000, 3.061616997868382648E-16 ) ) ;
#3713 = ADVANCED_FACE ( 'NONE', ( #8568 ), #5124, .T. ) ;
#3714 = FACE_OUTER_BOUND ( 'NONE', #10734, .T. ) ;
#3715 = CARTESIAN_POINT ( 'NONE',  ( 0.000000000000000000, 45.20000000000000995, -9.220454712679835547E-15 ) ) ;
#3716 = ORIENTED_EDGE ( 'NONE', *, *, #7210, .T. ) ;
#3717 = DIRECTION ( 'NONE',  ( 9.860761315262647568E-32, 1.000000000000000000, 3.061616997868382155E-16 ) ) ;
#3718 = CARTESIAN_POINT ( 'NONE',  ( 6.405656115871549261, -80.41022924428169460, 20.52358569366463925 ) ) ;
#3719 = CARTESIAN_POINT ( 'NONE',  ( 14.57111852952451869, 51.19999999999999574, -15.80925377108443541 ) ) ;
#3720 = VERTEX_POINT ( 'NONE', #8051 ) ;
#3721 = DIRECTION ( 'NONE',  ( 0.000000000000000000, 0.000000000000000000, -1.000000000000000000 ) ) ;
#3722 = CARTESIAN_POINT ( 'NONE',  ( 19.04184949573545538, 45.19999999999998863, 9.982883740771482550 ) ) ;
#3723 = ORIENTED_EDGE ( 'NONE', *, *, #10467, .F. ) ;
#3724 = ORIENTED_EDGE ( 'NONE', *, *, #7618, .F. ) ;
#3725 = DIRECTION ( 'NONE',  ( 0.000000000000000000, 0.000000000000000000, 1.000000000000000000 ) ) ;
#3726 = AXIS2_PLACEMENT_3D ( 'NONE', #2642, #3489, #6575 ) ;
#3727 = EDGE_CURVE ( 'NONE', #8723, #10021, #9225, .T. ) ;
#3728 = CARTESIAN_POINT ( 'NONE',  ( -19.15664027004999070, 51.19999999999999574, -9.510795744400050822 ) ) ;
#3729 = VERTEX_POINT ( 'NONE', #7037 ) ;
#3730 = DIRECTION ( 'NONE',  ( 0.000000000000000000, 0.000000000000000000, 1.000000000000000000 ) ) ;
#3731 = EDGE_CURVE ( 'NONE', #6599, #4883, #11893, .T. ) ;
#3732 = CYLINDRICAL_SURFACE ( 'NONE', #8403, 21.50000000000000355 ) ;
#3733 = CIRCLE ( 'NONE', #4364, 0.2500000000000002220 ) ;
#3734 = CIRCLE ( 'NONE', #11504, 21.50000000000001066 ) ;
#3735 = AXIS2_PLACEMENT_3D ( 'NONE', #730, #6470, #7419 ) ;
#3736 = ORIENTED_EDGE ( 'NONE', *, *, #7285, .F. ) ;
#3737 = EDGE_LOOP ( 'NONE', ( #7641, #458, #6261, #4529 ) ) ;
#3738 = ORIENTED_EDGE ( 'NONE', *, *, #1655, .F. ) ;
#3739 = DIRECTION ( 'NONE',  ( 2.465190328815661892E-32, 1.000000000000000000, 3.061616997868383141E-16 ) ) ;
#3740 = DIRECTION ( 'NONE',  ( 0.000000000000000000, 0.000000000000000000, 1.000000000000000000 ) ) ;
#3741 = ORIENTED_EDGE ( 'NONE', *, *, #5255, .F. ) ;
#3742 = VECTOR ( 'NONE', #4030, 1000.000000000000000 ) ;
#3743 = VECTOR ( 'NONE', #332, 1000.000000000000000 ) ;
#3744 = DIRECTION ( 'NONE',  ( 0.000000000000000000, -1.000000000000000000, -3.061616997868383141E-16 ) ) ;
#3745 = DIRECTION ( 'NONE',  ( 0.000000000000000000, 0.000000000000000000, 1.000000000000000000 ) ) ;
#3746 = DIRECTION ( 'NONE',  ( -0.000000000000000000, 1.000000000000000000, 3.061616997868383141E-16 ) ) ;
#3747 = DIRECTION ( 'NONE',  ( -0.000000000000000000, 1.000000000000000000, 3.061616997868383141E-16 ) ) ;
#3748 = DIRECTION ( 'NONE',  ( 9.860761315262647568E-32, 1.000000000000000000, 3.061616997868381662E-16 ) ) ;
#3749 = VERTEX_POINT ( 'NONE', #8753 ) ;
#3750 = AXIS2_PLACEMENT_3D ( 'NONE', #5859, #1798, #7581 ) ;
#3751 = ORIENTED_EDGE ( 'NONE', *, *, #5282, .T. ) ;
#3752 = AXIS2_PLACEMENT_3D ( 'NONE', #12544, #12418, #11401 ) ;
#3753 = ADVANCED_FACE ( 'NONE', ( #4994 ), #10942, .T. ) ;
#3754 = DIRECTION ( 'NONE',  ( -0.000000000000000000, 1.000000000000000000, 3.061616997868383141E-16 ) ) ;
#3755 = EDGE_CURVE ( 'NONE', #326, #7244, #6910, .T. ) ;
#3756 = DIRECTION ( 'NONE',  ( -0.000000000000000000, 1.000000000000000000, 3.061616997868383141E-16 ) ) ;
#3757 = DIRECTION ( 'NONE',  ( -0.000000000000000000, 1.000000000000000000, 3.061616997868383141E-16 ) ) ;
#3758 = AXIS2_PLACEMENT_3D ( 'NONE', #8211, #2298, #10903 ) ;
#3759 = VECTOR ( 'NONE', #12110, 1000.000000000000000 ) ;
#3760 = DIRECTION ( 'NONE',  ( -0.000000000000000000, 1.000000000000000000, 3.061616997868383141E-16 ) ) ;
#3761 = ORIENTED_EDGE ( 'NONE', *, *, #11096, .F. ) ;
#3762 = CARTESIAN_POINT ( 'NONE',  ( 0.9949999999999995515, 47.85087804878048701, 0.000000000000000000 ) ) ;
#3763 = AXIS2_PLACEMENT_3D ( 'NONE', #8901, #6090, #1183 ) ;
#3764 = CARTESIAN_POINT ( 'NONE',  ( 9.760795744400141416, 51.19999999999999574, -19.15664027004993741 ) ) ;
#3765 = DIRECTION ( 'NONE',  ( 0.000000000000000000, 0.000000000000000000, 1.000000000000000000 ) ) ;
#3766 = DIRECTION ( 'NONE',  ( 0.000000000000000000, 0.000000000000000000, 1.000000000000000000 ) ) ;
#3767 = DIRECTION ( 'NONE',  ( 0.000000000000000000, 0.000000000000000000, 1.000000000000000000 ) ) ;
#3768 = ORIENTED_EDGE ( 'NONE', *, *, #312, .F. ) ;
#3769 = VERTEX_POINT ( 'NONE', #12653 ) ;
#3770 = AXIS2_PLACEMENT_3D ( 'NONE', #8126, #11974, #11903 ) ;
#3771 = AXIS2_PLACEMENT_3D ( 'NONE', #8635, #10438, #5513 ) ;
#3772 = EDGE_CURVE ( 'NONE', #168, #4695, #6321, .T. ) ;
#3773 = AXIS2_PLACEMENT_3D ( 'NONE', #8311, #4465, #2523 ) ;
#3774 = VECTOR ( 'NONE', #926, 1000.000000000000000 ) ;
#3775 = ORIENTED_EDGE ( 'NONE', *, *, #10547, .T. ) ;
#3776 = FACE_BOUND ( 'NONE', #11871, .T. ) ;
#3777 = EDGE_CURVE ( 'NONE', #1660, #5926, #6845, .T. ) ;
#3778 = LINE ( 'NONE', #7679, #6068 ) ;
#3779 = DIRECTION ( 'NONE',  ( 0.000000000000000000, -1.000000000000000000, -3.061616997868383141E-16 ) ) ;
#3780 = EDGE_CURVE ( 'NONE', #690, #10021, #9981, .T. ) ;
#3781 = CARTESIAN_POINT ( 'NONE',  ( -20.16021269457229437, -80.41022924428168039, 7.470998869602716752 ) ) ;
#3782 = DIRECTION ( 'NONE',  ( -0.000000000000000000, 1.000000000000000000, 3.061616997868383141E-16 ) ) ;
#3783 = ORIENTED_EDGE ( 'NONE', *, *, #11929, .T. ) ;
#3784 = FACE_OUTER_BOUND ( 'NONE', #923, .T. ) ;
#3785 = AXIS2_PLACEMENT_3D ( 'NONE', #3379, #1434, #5378 ) ;
#3786 = CYLINDRICAL_SURFACE ( 'NONE', #7364, 0.2500000000000002220 ) ;
#3787 = CARTESIAN_POINT ( 'NONE',  ( 4.470101352581833609, 51.20000000000000995, 21.03017341577682586 ) ) ;
#3788 = ORIENTED_EDGE ( 'NONE', *, *, #8171, .T. ) ;
#3789 = CIRCLE ( 'NONE', #890, 18.30000000000000782 ) ;
#3790 = CARTESIAN_POINT ( 'NONE',  ( 3.610031534565278477, 51.19999999999999574, -21.19475577399854060 ) ) ;
#3791 = DIRECTION ( 'NONE',  ( -0.000000000000000000, 1.000000000000000000, 3.061616997868383141E-16 ) ) ;
#3792 = AXIS2_PLACEMENT_3D ( 'NONE', #6970, #2983, #10870 ) ;
#3793 = EDGE_CURVE ( 'NONE', #12659, #578, #4467, .T. ) ;
#3794 = ORIENTED_EDGE ( 'NONE', *, *, #6468, .F. ) ;
#3795 = EDGE_CURVE ( 'NONE', #10050, #3527, #1878, .T. ) ;
#3796 = AXIS2_PLACEMENT_3D ( 'NONE', #2953, #9683, #7957 ) ;
#3797 = EDGE_CURVE ( 'NONE', #6350, #5426, #6934, .T. ) ;
#3798 = EDGE_LOOP ( 'NONE', ( #213, #235, #5269, #10536 ) ) ;
#3799 = DIRECTION ( 'NONE',  ( 0.000000000000000000, 0.000000000000000000, 1.000000000000000000 ) ) ;
#3800 = LINE ( 'NONE', #693, #11306 ) ;
#3801 = ORIENTED_EDGE ( 'NONE', *, *, #11506, .F. ) ;
#3802 = DIRECTION ( 'NONE',  ( 0.000000000000000000, -3.384826294588891940E-16, 1.000000000000000000 ) ) ;
#3803 = CARTESIAN_POINT ( 'NONE',  ( 0.000000000000000000, -1.132798289211305642E-15, 3.699999999999989519 ) ) ;
#3804 = EDGE_CURVE ( 'NONE', #5166, #10650, #9014, .T. ) ;
#3805 = ADVANCED_FACE ( 'NONE', ( #4154 ), #3182, .F. ) ;
#3806 = EDGE_LOOP ( 'NONE', ( #2085, #839, #3575, #807 ) ) ;
#3807 = VERTEX_POINT ( 'NONE', #1041 ) ;
#3808 = AXIS2_PLACEMENT_3D ( 'NONE', #5515, #1765, #9411 ) ;
#3809 = EDGE_LOOP ( 'NONE', ( #7591, #9170, #7350, #960 ) ) ;
#3810 = CARTESIAN_POINT ( 'NONE',  ( -17.53963331177575569, 45.19999999999998863, -12.43427775499828414 ) ) ;
#3811 = CARTESIAN_POINT ( 'NONE',  ( 15.97761374776389331, 45.19999999999998863, -14.38630803671551028 ) ) ;
#3812 = ORIENTED_EDGE ( 'NONE', *, *, #11680, .F. ) ;
#3813 = DIRECTION ( 'NONE',  ( -0.000000000000000000, 1.000000000000000000, 3.061616997868383141E-16 ) ) ;
#3814 = DIRECTION ( 'NONE',  ( -0.000000000000000000, 1.000000000000000000, 3.061616997868383141E-16 ) ) ;
#3815 = DIRECTION ( 'NONE',  ( 0.000000000000000000, 0.000000000000000000, 1.000000000000000000 ) ) ;
#3816 = FACE_OUTER_BOUND ( 'NONE', #9084, .T. ) ;
#3817 = DIRECTION ( 'NONE',  ( -7.395570986446986770E-32, 1.000000000000000000, 3.061616997868381662E-16 ) ) ;
#3818 = VERTEX_POINT ( 'NONE', #10673 ) ;
#3819 = EDGE_CURVE ( 'NONE', #6637, #1585, #1992, .T. ) ;
#3820 = VERTEX_POINT ( 'NONE', #10745 ) ;
#3821 = VECTOR ( 'NONE', #2610, 1000.000000000000000 ) ;
#3822 = CYLINDRICAL_SURFACE ( 'NONE', #8684, 0.2500000000000002220 ) ;
#3823 = DIRECTION ( 'NONE',  ( -0.000000000000000000, 1.000000000000000000, 3.061616997868383141E-16 ) ) ;
#3824 = CARTESIAN_POINT ( 'NONE',  ( 21.45599973288052098, 45.19999999999998863, -1.374800153706171590 ) ) ;
#3825 = DIRECTION ( 'NONE',  ( 0.000000000000000000, 0.000000000000000000, 1.000000000000000000 ) ) ;
#3826 = VERTEX_POINT ( 'NONE', #5878 ) ;
#3827 = DIRECTION ( 'NONE',  ( -9.860761315262647568E-32, 1.000000000000000000, 3.061616997868381662E-16 ) ) ;
#3828 = DIRECTION ( 'NONE',  ( 0.000000000000000000, 0.000000000000000000, 1.000000000000000000 ) ) ;
#3829 = DIRECTION ( 'NONE',  ( -0.000000000000000000, 1.000000000000000000, 3.061616997868383141E-16 ) ) ;
#3830 = DIRECTION ( 'NONE',  ( 0.000000000000000000, -1.000000000000000000, -3.061616997868383141E-16 ) ) ;
#3831 = DIRECTION ( 'NONE',  ( 0.000000000000000000, 0.000000000000000000, 1.000000000000000000 ) ) ;
#3832 = ORIENTED_EDGE ( 'NONE', *, *, #8517, .T. ) ;
#3833 = ORIENTED_EDGE ( 'NONE', *, *, #9391, .T. ) ;
#3834 = ORIENTED_EDGE ( 'NONE', *, *, #11349, .T. ) ;
#3835 = AXIS2_PLACEMENT_3D ( 'NONE', #10719, #4968, #10596 ) ;
#3836 = DIRECTION ( 'NONE',  ( -0.000000000000000000, 1.000000000000000000, 3.061616997868383141E-16 ) ) ;
#3837 = CARTESIAN_POINT ( 'NONE',  ( -21.48216726873255311, 51.19999999999999574, -0.8754938253327259057 ) ) ;
#3838 = ADVANCED_BREP_SHAPE_REPRESENTATION ( '', ( #9689, #7256 ), #9298 ) ;
#3839 = CARTESIAN_POINT ( 'NONE',  ( 0.000000000000000000, 51.20000000000000995, -7.383484513958806747E-15 ) ) ;
#3840 = EDGE_CURVE ( 'NONE', #9555, #8158, #11831, .T. ) ;
#3841 = ORIENTED_EDGE ( 'NONE', *, *, #610, .T. ) ;
#3842 = CARTESIAN_POINT ( 'NONE',  ( 21.23529932279543431, -80.41022924428168039, -3.363340998365065282 ) ) ;
#3843 = CARTESIAN_POINT ( 'NONE',  ( 9.982883740771521630, 51.20000000000000995, 19.04184949573541985 ) ) ;
#3844 = DIRECTION ( 'NONE',  ( 1.848892746611746693E-32, 1.000000000000000000, 3.061616997868380676E-16 ) ) ;
#3845 = EDGE_CURVE ( 'NONE', #3289, #7909, #2606, .T. ) ;
#3846 = ORIENTED_EDGE ( 'NONE', *, *, #991, .F. ) ;
#3847 = LINE ( 'NONE', #3656, #3249 ) ;
#3848 = DIRECTION ( 'NONE',  ( -0.000000000000000000, 1.000000000000000000, 3.061616997868383141E-16 ) ) ;
#3849 = ADVANCED_FACE ( 'NONE', ( #3953 ), #10873, .F. ) ;
#3850 = AXIS2_PLACEMENT_3D ( 'NONE', #10790, #2256, #5993 ) ;
#3851 = ORIENTED_EDGE ( 'NONE', *, *, #3262, .F. ) ;
#3852 = AXIS2_PLACEMENT_3D ( 'NONE', #8118, #11188, #12021 ) ;
#3853 = FACE_OUTER_BOUND ( 'NONE', #31, .T. ) ;
#3854 = ORIENTED_EDGE ( 'NONE', *, *, #6562, .F. ) ;
#3855 = DIRECTION ( 'NONE',  ( 2.465190328815661892E-32, 1.000000000000000000, 3.061616997868381662E-16 ) ) ;
#3856 = CYLINDRICAL_SURFACE ( 'NONE', #4564, 0.2500000000000002220 ) ;
#3857 = DIRECTION ( 'NONE',  ( 0.000000000000000000, 0.000000000000000000, -1.000000000000000000 ) ) ;
#3858 = EDGE_CURVE ( 'NONE', #443, #6753, #7728, .T. ) ;
#3859 = ORIENTED_EDGE ( 'NONE', *, *, #2287, .T. ) ;
#3860 = DIRECTION ( 'NONE',  ( -0.000000000000000000, 1.000000000000000000, 3.061616997868383141E-16 ) ) ;
#3861 = AXIS2_PLACEMENT_3D ( 'NONE', #8579, #12480, #7610 ) ;
#3862 = CARTESIAN_POINT ( 'NONE',  ( 0.000000000000000000, 45.20000000000000995, -9.220454712679835547E-15 ) ) ;
#3863 = EDGE_CURVE ( 'NONE', #7164, #1084, #4222, .T. ) ;
#3864 = VECTOR ( 'NONE', #3227, 1000.000000000000000 ) ;
#3865 = EDGE_CURVE ( 'NONE', #7356, #1677, #9372, .T. ) ;
#3866 = ORIENTED_EDGE ( 'NONE', *, *, #4290, .T. ) ;
#3867 = ORIENTED_EDGE ( 'NONE', *, *, #11241, .T. ) ;
#3868 = CIRCLE ( 'NONE', #7547, 0.2500000000000002220 ) ;
#3869 = ORIENTED_EDGE ( 'NONE', *, *, #173, .T. ) ;
#3870 = DIRECTION ( 'NONE',  ( 0.000000000000000000, -3.227392513445220839E-16, 1.000000000000000000 ) ) ;
#3871 = FACE_OUTER_BOUND ( 'NONE', #10370, .T. ) ;
#3872 = EDGE_LOOP ( 'NONE', ( #2125, #1953, #3964, #10375 ) ) ;
#3873 = ADVANCED_FACE ( 'NONE', ( #12206 ), #1360, .T. ) ;
#3874 = DIRECTION ( 'NONE',  ( -9.860761315262647568E-32, 1.000000000000000000, 3.061616997868382155E-16 ) ) ;
#3875 = CARTESIAN_POINT ( 'NONE',  ( -4.470101352581976606, 51.19999999999999574, -21.03017341577675836 ) ) ;
#3876 = CYLINDRICAL_SURFACE ( 'NONE', #6332, 47.84587804878074735 ) ;
#3877 = CARTESIAN_POINT ( 'NONE',  ( 0.000000000000000000, 51.20000000000000995, -7.383484513958806747E-15 ) ) ;
#3878 = LINE ( 'NONE', #7587, #9714 ) ;
#3879 = ORIENTED_EDGE ( 'NONE', *, *, #1849, .T. ) ;
#3880 = VERTEX_POINT ( 'NONE', #7214 ) ;
#3881 = EDGE_LOOP ( 'NONE', ( #11081, #5743, #11605, #3768 ) ) ;
#3882 = CARTESIAN_POINT ( 'NONE',  ( 19.15664027004985215, 51.19999999999999574, -9.760795744400319052 ) ) ;
#3883 = CARTESIAN_POINT ( 'NONE',  ( -21.49854651162790375, 51.19999999999999574, 0.2499957747074712799 ) ) ;
#3884 = EDGE_CURVE ( 'NONE', #811, #5558, #4066, .T. ) ;
#3885 = DIRECTION ( 'NONE',  ( 0.000000000000000000, 1.000000000000000000, 3.061616997868383141E-16 ) ) ;
#3886 = VERTEX_POINT ( 'NONE', #11125 ) ;
#3887 = CARTESIAN_POINT ( 'NONE',  ( 20.44771510034576067, 45.19999999999998863, -6.643865379061437260 ) ) ;
#3888 = CIRCLE ( 'NONE', #9831, 47.85087804878074280 ) ;
#3889 = EDGE_CURVE ( 'NONE', #1823, #1352, #2813, .T. ) ;
#3890 = CARTESIAN_POINT ( 'NONE',  ( 18.49328953615740900, -80.41022924428169460, 10.96577594754925755 ) ) ;
#3891 = AXIS2_PLACEMENT_3D ( 'NONE', #1125, #10826, #1965 ) ;
#3892 = FACE_OUTER_BOUND ( 'NONE', #3322, .T. ) ;
#3893 = CARTESIAN_POINT ( 'NONE',  ( -21.23529932279548049, 45.19999999999998863, -3.113340998364744205 ) ) ;
#3894 = DIRECTION ( 'NONE',  ( 0.000000000000000000, -1.000000000000000000, -3.061616997868383141E-16 ) ) ;
#3895 = EDGE_LOOP ( 'NONE', ( #6162, #9932, #6938, #7704 ) ) ;
#3896 = EDGE_LOOP ( 'NONE', ( #2749, #1413, #1343, #3419 ) ) ;
#3897 = ORIENTED_EDGE ( 'NONE', *, *, #692, .F. ) ;
#3898 = CIRCLE ( 'NONE', #9015, 19.50000000000000355 ) ;
#3899 = LINE ( 'NONE', #8826, #1132 ) ;
#3900 = CARTESIAN_POINT ( 'NONE',  ( 0.000000000000000000, 76.25000000000000000, 2.858660657014905341E-16 ) ) ;
#3901 = CARTESIAN_POINT ( 'NONE',  ( 0.000000000000000000, 87.50000000000001421, 3.730185188303422936E-15 ) ) ;
#3902 = CARTESIAN_POINT ( 'NONE',  ( 3.116195710812492692, -80.41022924428169460, 21.27297168455578813 ) ) ;
#3903 = ORIENTED_EDGE ( 'NONE', *, *, #5820, .F. ) ;
#3904 = DIRECTION ( 'NONE',  ( -0.000000000000000000, 1.000000000000000000, 3.061616997868383141E-16 ) ) ;
#3905 = DIRECTION ( 'NONE',  ( 0.000000000000000000, -1.000000000000000000, -3.061616997868383141E-16 ) ) ;
#3906 = LINE ( 'NONE', #5897, #5538 ) ;
#3907 = ORIENTED_EDGE ( 'NONE', *, *, #10812, .T. ) ;
#3908 = CARTESIAN_POINT ( 'NONE',  ( -17.53963331177542528, 45.20000000000000284, 12.43427775499880994 ) ) ;
#3909 = CARTESIAN_POINT ( 'NONE',  ( 19.98103174821864059, -80.41022924428168039, 7.937781193550111247 ) ) ;
#3910 = EDGE_LOOP ( 'NONE', ( #3907, #5591, #2325, #10751 ) ) ;
#3911 = CIRCLE ( 'NONE', #6986, 0.2500000000000002220 ) ;
#3912 = PRODUCT_DEFINITION ( 'UNKNOWN', '', #2735, #4078 ) ;
#3913 = DIRECTION ( 'NONE',  ( 0.000000000000000000, 0.000000000000000000, -1.000000000000000000 ) ) ;
#3914 = EDGE_CURVE ( 'NONE', #11041, #12659, #11420, .T. ) ;
#3915 = CARTESIAN_POINT ( 'NONE',  ( -2.247361960254701252, 45.19999999999998863, -21.13222075041783654 ) ) ;
#3916 = ORIENTED_EDGE ( 'NONE', *, *, #7657, .T. ) ;
#3917 = DIRECTION ( 'NONE',  ( 0.000000000000000000, 0.000000000000000000, -1.000000000000000000 ) ) ;
#3918 = LINE ( 'NONE', #8784, #8235 ) ;
#3919 = DIRECTION ( 'NONE',  ( 0.000000000000000000, -1.000000000000000000, -3.061616997868383141E-16 ) ) ;
#3920 = ORIENTED_EDGE ( 'NONE', *, *, #10480, .T. ) ;
#3921 = CARTESIAN_POINT ( 'NONE',  ( 0.000000000000000000, 61.70000000000000995, -4.168786666197004375E-15 ) ) ;
#3922 = EDGE_CURVE ( 'NONE', #10655, #8087, #8755, .T. ) ;
#3923 = DIRECTION ( 'NONE',  ( 0.000000000000000000, 0.000000000000000000, 1.000000000000000000 ) ) ;
#3924 = EDGE_CURVE ( 'NONE', #11070, #7731, #6516, .T. ) ;
#3925 = ORIENTED_EDGE ( 'NONE', *, *, #5566, .T. ) ;
#3926 = ORIENTED_EDGE ( 'NONE', *, *, #9459, .F. ) ;
#3927 = EDGE_CURVE ( 'NONE', #1745, #5170, #338, .T. ) ;
#3928 = ORIENTED_EDGE ( 'NONE', *, *, #11409, .F. ) ;
#3929 = DIRECTION ( 'NONE',  ( 0.000000000000000000, -3.227392513445222318E-16, 1.000000000000000000 ) ) ;
#3930 = DIRECTION ( 'NONE',  ( 0.000000000000000000, 0.000000000000000000, 1.000000000000000000 ) ) ;
#3931 = ORIENTED_EDGE ( 'NONE', *, *, #3231, .F. ) ;
#3932 = EDGE_CURVE ( 'NONE', #5072, #7563, #4074, .T. ) ;
#3933 = CARTESIAN_POINT ( 'NONE',  ( -13.33519049100592468, 45.19999999999998863, -16.86483603740594006 ) ) ;
#3934 = PRODUCT_DEFINITION_CONTEXT ( 'detailed design', #3697, 'design' ) ;
#3935 = CARTESIAN_POINT ( 'NONE',  ( 0.9999999999999995559, -0.08167987200253390423, -2.794679872002534093 ) ) ;
#3936 = PLANE ( 'NONE',  #362 ) ;
#3937 = AXIS2_PLACEMENT_3D ( 'NONE', #4151, #2772, #7465 ) ;
#3938 = DIRECTION ( 'NONE',  ( -0.000000000000000000, 1.000000000000000000, 3.061616997868383141E-16 ) ) ;
#3939 = ORIENTED_EDGE ( 'NONE', *, *, #9270, .F. ) ;
#3940 = VECTOR ( 'NONE', #4086, 1000.000000000000000 ) ;
#3941 = LINE ( 'NONE', #1743, #9112 ) ;
#3942 = EDGE_LOOP ( 'NONE', ( #6819, #5762, #7964, #8061 ) ) ;
#3943 = EDGE_CURVE ( 'NONE', #3509, #3686, #10401, .T. ) ;
#3944 = ORIENTED_EDGE ( 'NONE', *, *, #761, .T. ) ;
#3945 = EDGE_CURVE ( 'NONE', #7723, #10715, #12145, .T. ) ;
#3946 = CARTESIAN_POINT ( 'NONE',  ( 14.19955239679482872, 45.20000000000000284, 16.14381341971835582 ) ) ;
#3947 = EDGE_LOOP ( 'NONE', ( #6899, #8668, #11192, #5023 ) ) ;
#3948 = CIRCLE ( 'NONE', #8417, 21.50000000000001066 ) ;
#3949 = CARTESIAN_POINT ( 'NONE',  ( 5.322755903978817038, 45.20000000000000284, 20.83070497094754359 ) ) ;
#3950 = CARTESIAN_POINT ( 'NONE',  ( 16.86483603740606441, -80.41022924428168039, -13.33519049100573284 ) ) ;
#3951 = VERTEX_POINT ( 'NONE', #1483 ) ;
#3952 = DIRECTION ( 'NONE',  ( -2.465190328815661892E-32, 1.000000000000000000, 3.061616997868381662E-16 ) ) ;
#3953 = FACE_OUTER_BOUND ( 'NONE', #9694, .T. ) ;
#3954 = PRODUCT ( 'lightsheet_red', 'lightsheet_red', '', ( #2327 ) ) ;
#3955 = DIRECTION ( 'NONE',  ( 0.000000000000000000, -3.227392513445220839E-16, 1.000000000000000000 ) ) ;
#3956 = DIRECTION ( 'NONE',  ( -0.000000000000000000, 1.000000000000000000, 3.061616997868383141E-16 ) ) ;
#3957 = CARTESIAN_POINT ( 'NONE',  ( -21.27297168455584142, -80.41022924428168039, -3.116195710812305730 ) ) ;
#3958 = CIRCLE ( 'NONE', #9269, 21.50000000000000000 ) ;
#3959 = EDGE_LOOP ( 'NONE', ( #10498, #101, #5575, #3246 ) ) ;
#3960 = EDGE_LOOP ( 'NONE', ( #6491, #912, #9190, #9803 ) ) ;
#3961 = ADVANCED_FACE ( 'NONE', ( #5432 ), #9326, .T. ) ;
#3962 = EDGE_CURVE ( 'NONE', #6744, #1147, #959, .T. ) ;
#3963 = CIRCLE ( 'NONE', #9907, 0.2500000000000002220 ) ;
#3964 = ORIENTED_EDGE ( 'NONE', *, *, #6573, .F. ) ;
#3965 =( NAMED_UNIT ( * ) SI_UNIT ( $, .STERADIAN. ) SOLID_ANGLE_UNIT ( ) );
#3966 = AXIS2_PLACEMENT_3D ( 'NONE', #7970, #1801, #5736 ) ;
#3967 = AXIS2_PLACEMENT_3D ( 'NONE', #3535, #8410, #6312 ) ;
#3968 = CARTESIAN_POINT ( 'NONE',  ( -19.98103174821853045, 45.19999999999998863, 7.937781193550416781 ) ) ;
#3969 = DIRECTION ( 'NONE',  ( -0.000000000000000000, 1.000000000000000000, 3.061616997868383141E-16 ) ) ;
#3970 = AXIS2_PLACEMENT_3D ( 'NONE', #5162, #1009, #8919 ) ;
#3971 = DIRECTION ( 'NONE',  ( 0.000000000000000000, 0.000000000000000000, 1.000000000000000000 ) ) ;
#3972 = DIRECTION ( 'NONE',  ( 0.000000000000000000, 1.000000000000000000, 3.061616997868382648E-16 ) ) ;
#3973 = ORIENTED_EDGE ( 'NONE', *, *, #7304, .T. ) ;
#3974 = DIRECTION ( 'NONE',  ( -0.000000000000000000, 1.000000000000000000, 3.061616997868383141E-16 ) ) ;
#3975 = CARTESIAN_POINT ( 'NONE',  ( 0.9949999999999995515, 47.85087804878048701, 0.000000000000000000 ) ) ;
#3976 = DIRECTION ( 'NONE',  ( 0.000000000000000000, 0.000000000000000000, 1.000000000000000000 ) ) ;
#3977 = ORIENTED_EDGE ( 'NONE', *, *, #8813, .T. ) ;
#3978 = DIRECTION ( 'NONE',  ( 0.000000000000000000, -1.000000000000000000, -3.061616997868383141E-16 ) ) ;
#3979 = CIRCLE ( 'NONE', #269, 0.2500000000000002220 ) ;
#3980 = CARTESIAN_POINT ( 'NONE',  ( -20.76740526521501096, 51.19999999999999574, -5.564609469703971634 ) ) ;
#3981 = VERTEX_POINT ( 'NONE', #6203 ) ;
#3982 = VECTOR ( 'NONE', #12232, 1000.000000000000000 ) ;
#3983 = EDGE_LOOP ( 'NONE', ( #12238, #8175, #9184, #11051 ) ) ;
#3984 = AXIS2_PLACEMENT_3D ( 'NONE', #10823, #1371, #11016 ) ;
#3985 = EDGE_CURVE ( 'NONE', #9810, #6144, #7153, .T. ) ;
#3986 = CARTESIAN_POINT ( 'NONE',  ( -0.9957767842720302021, 0.07758966997138824762, -2.635410330028614911 ) ) ;
#3987 = DIRECTION ( 'NONE',  ( 0.000000000000000000, -3.227392513445220839E-16, 1.000000000000000000 ) ) ;
#3988 = AXIS2_PLACEMENT_3D ( 'NONE', #8689, #7594, #12587 ) ;
#3989 = ORIENTED_EDGE ( 'NONE', *, *, #5493, .F. ) ;
#3990 = DIRECTION ( 'NONE',  ( 0.000000000000000000, -3.227392513445222318E-16, 1.000000000000000000 ) ) ;
#3991 = CYLINDRICAL_SURFACE ( 'NONE', #6207, 0.2500000000000002220 ) ;
#3992 = CARTESIAN_POINT ( 'NONE',  ( 1.125223059223294575, 51.20000000000000995, 21.47053499722334990 ) ) ;
#3993 = VERTEX_POINT ( 'NONE', #5250 ) ;
#3994 = DIRECTION ( 'NONE',  ( -0.000000000000000000, 1.000000000000000000, 3.061616997868383141E-16 ) ) ;
#3995 = AXIS2_PLACEMENT_3D ( 'NONE', #6453, #1426, #4412 ) ;
#3996 = LINE ( 'NONE', #6881, #1607 ) ;
#3997 = CARTESIAN_POINT ( 'NONE',  ( 0.9949999999999995515, -0.07763355007212383030, 2.635366449927876165 ) ) ;
#3998 = EDGE_CURVE ( 'NONE', #7489, #6530, #6329, .T. ) ;
#3999 = AXIS2_PLACEMENT_3D ( 'NONE', #8372, #4018, #2845 ) ;
#4000 = AXIS2_PLACEMENT_3D ( 'NONE', #8093, #9171, #2241 ) ;
#4001 = ORIENTED_EDGE ( 'NONE', *, *, #11225, .F. ) ;
#4002 = ORIENTED_EDGE ( 'NONE', *, *, #3179, .T. ) ;
#4003 = ORIENTED_EDGE ( 'NONE', *, *, #9712, .F. ) ;
#4004 = DIRECTION ( 'NONE',  ( 0.000000000000000000, -3.227392513445220839E-16, 1.000000000000000000 ) ) ;
#4005 = DIRECTION ( 'NONE',  ( 0.000000000000000000, -1.000000000000000000, -3.061616997868383141E-16 ) ) ;
#4006 = ORIENTED_EDGE ( 'NONE', *, *, #9195, .T. ) ;
#4007 = CIRCLE ( 'NONE', #2560, 0.2500000000000002220 ) ;
#4008 = DIRECTION ( 'NONE',  ( 0.000000000000000000, -3.604620209821935308E-16, 1.000000000000000000 ) ) ;
#4009 = DIRECTION ( 'NONE',  ( 7.395570986446986770E-32, 1.000000000000000000, 3.061616997868382648E-16 ) ) ;
#4010 = CYLINDRICAL_SURFACE ( 'NONE', #5918, 21.50000000000000355 ) ;
#4011 = EDGE_CURVE ( 'NONE', #4476, #7201, #5368, .T. ) ;
#4012 = CARTESIAN_POINT ( 'NONE',  ( -20.76740526521489372, 51.19999999999999574, 5.564609469704438816 ) ) ;
#4013 = VERTEX_POINT ( 'NONE', #6641 ) ;
#4014 = EDGE_CURVE ( 'NONE', #1660, #8565, #12436, .T. ) ;
#4015 = EDGE_LOOP ( 'NONE', ( #7623, #2916, #7695, #6800 ) ) ;
#4016 = VERTEX_POINT ( 'NONE', #2644 ) ;
#4017 = CIRCLE ( 'NONE', #11577, 0.2500000000000002220 ) ;
#4018 = DIRECTION ( 'NONE',  ( -0.000000000000000000, 1.000000000000000000, 3.061616997868383141E-16 ) ) ;
#4019 = VERTEX_POINT ( 'NONE', #710 ) ;
#4020 = DIRECTION ( 'NONE',  ( 0.000000000000000000, 0.000000000000000000, -1.000000000000000000 ) ) ;
#4021 = CARTESIAN_POINT ( 'NONE',  ( 18.03141721082655380, 51.19999999999999574, -11.70973925282314099 ) ) ;
#4022 = VERTEX_POINT ( 'NONE', #4716 ) ;
#4024 = ADVANCED_FACE ( 'NONE', ( #5675 ), #834, .F. ) ;
#4023 = DIRECTION ( 'NONE',  ( 0.000000000000000000, -1.000000000000000000, -3.061616997868383141E-16 ) ) ;
#4025 = B_SPLINE_CURVE_WITH_KNOTS ( 'NONE', 3,
 ( #8309, #3492, #1484, #3618, #7401, #1425, #3557, #12207, #6388, #3370, #10290, #5369, #11310, #12265, #4525, #9202 ),
 .UNSPECIFIED., .F., .F.,
 ( 4, 3, 3, 3, 3, 4 ),
 ( 0.000000000000000000, 1.285013747378261810E-06, 2.557497526643184936E-06, 4.432566183458118157E-06, 7.195801936956649204E-06, 9.898898396328781665E-06 ),
 .UNSPECIFIED. ) ;
#4026 = CIRCLE ( 'NONE', #5062, 0.2500000000000002220 ) ;
#4027 = DIRECTION ( 'NONE',  ( -0.000000000000000000, 1.000000000000000000, 3.061616997868383141E-16 ) ) ;
#4028 = CARTESIAN_POINT ( 'NONE',  ( -0.9974093761797998559, -0.07704621178234891121, 2.635953788217650917 ) ) ;
#4029 = EDGE_CURVE ( 'NONE', #4436, #2670, #9512, .T. ) ;
#4030 = DIRECTION ( 'NONE',  ( -9.860761315262647568E-32, 1.000000000000000000, 3.061616997868381662E-16 ) ) ;
#4031 = CARTESIAN_POINT ( 'NONE',  ( 10.96577594754934459, 45.20000000000000284, 18.49328953615738058 ) ) ;
#4032 = ORIENTED_EDGE ( 'NONE', *, *, #10591, .F. ) ;
#4033 = EDGE_CURVE ( 'NONE', #5926, #1384, #8558, .T. ) ;
#4034 = VERTEX_POINT ( 'NONE', #5549 ) ;
#4035 = AXIS2_PLACEMENT_3D ( 'NONE', #7617, #2870, #5963 ) ;
#4036 = ORIENTED_EDGE ( 'NONE', *, *, #1956, .F. ) ;
#4037 = CARTESIAN_POINT ( 'NONE',  ( 0.000000000000000000, 0.000000000000000000, 0.000000000000000000 ) ) ;
#4038 = DIRECTION ( 'NONE',  ( 0.000000000000000000, 0.000000000000000000, 1.000000000000000000 ) ) ;
#4039 = CARTESIAN_POINT ( 'NONE',  ( 0.2499957747072304726, 45.19999999999998863, -21.49854651162793218 ) ) ;
#4040 = FACE_OUTER_BOUND ( 'NONE', #8659, .T. ) ;
#4041 = FACE_OUTER_BOUND ( 'NONE', #12686, .T. ) ;
#4042 = VERTEX_POINT ( 'NONE', #9573 ) ;
#4044 = EDGE_CURVE ( 'NONE', #4839, #1546, #8496, .T. ) ;
#4043 = DIRECTION ( 'NONE',  ( 0.000000000000000000, -1.000000000000000000, -3.061616997868383141E-16 ) ) ;
#4045 = VECTOR ( 'NONE', #6399, 1000.000000000000000 ) ;
#4046 = CARTESIAN_POINT ( 'NONE',  ( 0.000000000000000000, 61.70000000000000995, -4.168786666197004375E-15 ) ) ;
#4047 = LINE ( 'NONE', #1058, #4512 ) ;
#4048 = EDGE_CURVE ( 'NONE', #8981, #11535, #4655, .T. ) ;
#4049 = DIRECTION ( 'NONE',  ( -0.000000000000000000, 1.000000000000000000, 3.061616997868383141E-16 ) ) ;
#4050 = DIRECTION ( 'NONE',  ( 0.000000000000000000, 0.7071067811865464625, 0.7071067811865486830 ) ) ;
#4051 = ORIENTED_EDGE ( 'NONE', *, *, #6382, .F. ) ;
#4052 = ORIENTED_EDGE ( 'NONE', *, *, #10245, .T. ) ;
#4053 = CIRCLE ( 'NONE', #3421, 21.50000000000001066 ) ;
#4054 = CARTESIAN_POINT ( 'NONE',  ( -21.47053499722334280, 51.19999999999999574, -0.8752230592230575423 ) ) ;
#4055 = DIRECTION ( 'NONE',  ( 9.860761315262647568E-32, 1.000000000000000000, 3.061616997868381662E-16 ) ) ;
#4056 = ORIENTED_EDGE ( 'NONE', *, *, #3962, .F. ) ;
#4057 = DIRECTION ( 'NONE',  ( 0.000000000000000000, 0.000000000000000000, 1.000000000000000000 ) ) ;
#4058 = CARTESIAN_POINT ( 'NONE',  ( 1.961620953627966510E-15, 9.200000000000004619, -16.01785065697086097 ) ) ;
#4059 = DIRECTION ( 'NONE',  ( 0.000000000000000000, 0.000000000000000000, 1.000000000000000000 ) ) ;
#4060 = ORIENTED_EDGE ( 'NONE', *, *, #8171, .F. ) ;
#4061 = FACE_OUTER_BOUND ( 'NONE', #8975, .T. ) ;
#4062 = DIRECTION ( 'NONE',  ( 0.000000000000000000, 0.000000000000000000, 1.000000000000000000 ) ) ;
#4063 = CARTESIAN_POINT ( 'NONE',  ( -13.53038840757129968, 45.20000000000000284, 16.70863817132504181 ) ) ;
#4064 = EDGE_CURVE ( 'NONE', #2907, #7404, #1780, .T. ) ;
#4065 = VECTOR ( 'NONE', #2882, 1000.000000000000000 ) ;
#4066 = CIRCLE ( 'NONE', #8352, 0.2500000000000002220 ) ;
#4067 = ORIENTED_EDGE ( 'NONE', *, *, #1489, .T. ) ;
#4068 = ORIENTED_EDGE ( 'NONE', *, *, #12229, .T. ) ;
#4069 = AXIS2_PLACEMENT_3D ( 'NONE', #5480, #11426, #3611 ) ;
#4070 = EDGE_LOOP ( 'NONE', ( #2116, #3188, #7310, #10466 ) ) ;
#4071 = DIRECTION ( 'NONE',  ( 0.000000000000000000, 0.5735764363510473807, 0.8191520442889909104 ) ) ;
#4072 = PRODUCT_DEFINITION_SHAPE ( 'NONE', 'NONE',  #12706 ) ;
#4073 = DIRECTION ( 'NONE',  ( 0.000000000000000000, 0.000000000000000000, -1.000000000000000000 ) ) ;
#4074 = CIRCLE ( 'NONE', #7529, 0.2500000000000002220 ) ;
#4075 = VERTEX_POINT ( 'NONE', #10544 ) ;
#4076 = CARTESIAN_POINT ( 'NONE',  ( -1.000000000000000444, 0.000000000000000000, 0.000000000000000000 ) ) ;
#4077 = CYLINDRICAL_SURFACE ( 'NONE', #3966, 0.2500000000000002220 ) ;
#4078 = PRODUCT_DEFINITION_CONTEXT ( 'detailed design', #6164, 'design' ) ;
#4079 = DIRECTION ( 'NONE',  ( -9.860761315262647568E-32, 1.000000000000000000, 3.061616997868380676E-16 ) ) ;
#4080 = ADVANCED_FACE ( 'NONE', ( #2520 ), #7400, .F. ) ;
#4081 = CARTESIAN_POINT ( 'NONE',  ( -18.61954618136552142, 45.19999999999998863, -10.74999999999980638 ) ) ;
#4082 = VECTOR ( 'NONE', #702, 1000.000000000000000 ) ;
#4083 = VERTEX_POINT ( 'NONE', #7585 ) ;
#4084 = EDGE_LOOP ( 'NONE', ( #7018, #830, #7784, #779 ) ) ;
#4085 = ADVANCED_FACE ( 'NONE', ( #9385 ), #11029, .T. ) ;
#4086 = DIRECTION ( 'NONE',  ( -9.860761315262647568E-32, 1.000000000000000000, 3.061616997868381662E-16 ) ) ;
#4087 = CARTESIAN_POINT ( 'NONE',  ( -21.03017341577685784, 51.19999999999999574, -4.470101352581593801 ) ) ;
#4088 = EDGE_CURVE ( 'NONE', #3886, #8167, #3243, .T. ) ;
#4089 = VERTEX_POINT ( 'NONE', #12513 ) ;
#4090 = CYLINDRICAL_SURFACE ( 'NONE', #7822, 0.2500000000000002220 ) ;
#4091 = CARTESIAN_POINT ( 'NONE',  ( -12.63738292428830867, 45.19999999999998863, -17.39386537906124275 ) ) ;
#4092 = DIRECTION ( 'NONE',  ( 0.000000000000000000, 0.000000000000000000, 1.000000000000000000 ) ) ;
#4093 = ORIENTED_EDGE ( 'NONE', *, *, #5961, .T. ) ;
#4094 = CARTESIAN_POINT ( 'NONE',  ( 0.000000000000000000, 76.25000000000000000, 15.65000000000000036 ) ) ;
#4095 = AXIS2_PLACEMENT_3D ( 'NONE', #4822, #10579, #6613 ) ;
#4096 = ADVANCED_FACE ( 'NONE', ( #646 ), #7650, .F. ) ;
#4097 = DIRECTION ( 'NONE',  ( -0.000000000000000000, 1.000000000000000000, 3.061616997868383141E-16 ) ) ;
#4098 = LINE ( 'NONE', #11894, #8808 ) ;
#4099 = CARTESIAN_POINT ( 'NONE',  ( 10.53277056407845791, -80.41022924428168039, -18.74328531086486649 ) ) ;
#4100 = DIRECTION ( 'NONE',  ( -0.000000000000000000, 1.000000000000000000, 3.061616997868383141E-16 ) ) ;
#4101 = ORIENTED_EDGE ( 'NONE', *, *, #12437, .F. ) ;
#4102 = VERTEX_POINT ( 'NONE', #12390 ) ;
#4103 = EDGE_LOOP ( 'NONE', ( #9379, #8328, #5240, #4270 ) ) ;
#4104 = ADVANCED_FACE ( 'NONE', ( #8675 ), #11432, .T. ) ;
#4105 = AXIS2_PLACEMENT_3D ( 'NONE', #11224, #6111, #4383 ) ;
#4106 = DIRECTION ( 'NONE',  ( 0.000000000000000000, 0.000000000000000000, 1.000000000000000000 ) ) ;
#4107 = LINE ( 'NONE', #10118, #8076 ) ;
#4108 = CIRCLE ( 'NONE', #1407, 0.2500000000000002220 ) ;
#4109 = DIRECTION ( 'NONE',  ( 0.000000000000000000, 0.000000000000000000, -1.000000000000000000 ) ) ;
#4110 = LINE ( 'NONE', #8067, #3774 ) ;
#4111 = ORIENTED_EDGE ( 'NONE', *, *, #983, .T. ) ;
#4112 = CYLINDRICAL_SURFACE ( 'NONE', #11398, 21.50000000000000355 ) ;
#4113 = ADVANCED_FACE ( 'NONE', ( #10352 ), #1542, .T. ) ;
#4114 = CARTESIAN_POINT ( 'NONE',  ( -18.61954618136529760, 45.20000000000000284, 10.75000000000022382 ) ) ;
#4115 = DIRECTION ( 'NONE',  ( 0.000000000000000000, -3.061616997868383141E-16, 1.000000000000000000 ) ) ;
#4116 = VECTOR ( 'NONE', #4299, 1000.000000000000000 ) ;
#4117 = ORIENTED_EDGE ( 'NONE', *, *, #2568, .F. ) ;
#4118 = LINE ( 'NONE', #9035, #8777 ) ;
#4119 = CARTESIAN_POINT ( 'NONE',  ( -11.70973925282284966, -80.41022924428169460, 18.03141721082672788 ) ) ;
#4120 = EDGE_LOOP ( 'NONE', ( #12558, #5070, #9585, #8652 ) ) ;
#4121 = AXIS2_PLACEMENT_3D ( 'NONE', #4639, #12310, #10463 ) ;
#4122 = ORIENTED_EDGE ( 'NONE', *, *, #10343, .T. ) ;
#4123 = AXIS2_PLACEMENT_3D ( 'NONE', #1187, #7111, #7054 ) ;
#4124 = DIRECTION ( 'NONE',  ( 0.000000000000000000, 1.769316586506366292E-14, 1.000000000000000000 ) ) ;
#4125 = AXIS2_PLACEMENT_3D ( 'NONE', #9982, #8119, #2076 ) ;
#4126 = ADVANCED_FACE ( 'NONE', ( #8425 ), #9444, .F. ) ;
#4127 = CARTESIAN_POINT ( 'NONE',  ( 0.000000000000000000, 45.20000000000000995, -9.220454712679835547E-15 ) ) ;
#4128 = EDGE_LOOP ( 'NONE', ( #5790, #2851, #10629, #359 ) ) ;
#4129 = DIRECTION ( 'NONE',  ( 0.000000000000000000, -3.227392513445220839E-16, 1.000000000000000000 ) ) ;
#4130 = FACE_OUTER_BOUND ( 'NONE', #4866, .T. ) ;
#4131 = CYLINDRICAL_SURFACE ( 'NONE', #2115, 0.2500000000000002220 ) ;
#4132 = EDGE_LOOP ( 'NONE', ( #10573, #7134, #1760, #7390 ) ) ;
#4133 = FACE_BOUND ( 'NONE', #9775, .T. ) ;
#4134 = CARTESIAN_POINT ( 'NONE',  ( 8.744837826129582936, 51.19999999999999574, -19.64122733931593956 ) ) ;
#4135 = CIRCLE ( 'NONE', #9433, 0.2500000000000002220 ) ;
#4136 = EDGE_CURVE ( 'NONE', #8245, #12568, #4694, .T. ) ;
#4137 = ORIENTED_EDGE ( 'NONE', *, *, #11393, .T. ) ;
#4138 = CARTESIAN_POINT ( 'NONE',  ( 0.9949999999999995515, 0.07763355007212383030, -2.635366449927869503 ) ) ;
#4139 = CARTESIAN_POINT ( 'NONE',  ( -0.9973623449334918512, -0.08636871567441803399, -2.799368715674418251 ) ) ;
#4140 = ORIENTED_EDGE ( 'NONE', *, *, #3408, .T. ) ;
#4141 = DIRECTION ( 'NONE',  ( 0.000000000000000000, 0.000000000000000000, 1.000000000000000000 ) ) ;
#4142 = CARTESIAN_POINT ( 'NONE',  ( 0.000000000000000000, 87.50000000000001421, 3.730185188303422936E-15 ) ) ;
#4143 = CARTESIAN_POINT ( 'NONE',  ( -1.000000000000000444, -0.08167987200253390423, -2.794679872002534093 ) ) ;
#4144 = VERTEX_POINT ( 'NONE', #6895 ) ;
#4145 = ORIENTED_EDGE ( 'NONE', *, *, #7607, .T. ) ;
#4146 = CARTESIAN_POINT ( 'NONE',  ( -18.61954618136552142, 45.19999999999998863, -10.49999999999980638 ) ) ;
#4147 = ORIENTED_EDGE ( 'NONE', *, *, #380, .T. ) ;
#4148 = DIRECTION ( 'NONE',  ( 0.000000000000000000, 0.000000000000000000, -1.000000000000000000 ) ) ;
#4149 = CARTESIAN_POINT ( 'NONE',  ( 0.000000000000000000, 45.20000000000000995, -9.220454712679835547E-15 ) ) ;
#4150 = VECTOR ( 'NONE', #5797, 1000.000000000000000 ) ;
#4151 = CARTESIAN_POINT ( 'NONE',  ( 0.000000000000000000, 51.20000000000000995, -7.383484513958806747E-15 ) ) ;
#4152 = EDGE_LOOP ( 'NONE', ( #5133, #7825, #9306, #9579 ) ) ;
#4153 = CARTESIAN_POINT ( 'NONE',  ( 0.2499957747072304171, 51.19999999999999574, -21.49854651162791441 ) ) ;
#4154 = FACE_OUTER_BOUND ( 'NONE', #9552, .T. ) ;
#4155 = CARTESIAN_POINT ( 'NONE',  ( 3.116195710812518005, 51.19999999999999574, -21.27297168455582366 ) ) ;
#4156 = FACE_OUTER_BOUND ( 'NONE', #12162, .T. ) ;
#4157 = ORIENTED_EDGE ( 'NONE', *, *, #6993, .F. ) ;
#4158 = ADVANCED_FACE ( 'NONE', ( #1156 ), #6728, .T. ) ;
#4159 = STYLED_ITEM ( 'NONE', ( #7125 ), #5777 ) ;
#4160 = VERTEX_POINT ( 'NONE', #2838 ) ;
#4161 = CIRCLE ( 'NONE', #9667, 0.2500000000000002220 ) ;
#4162 = VECTOR ( 'NONE', #294, 1000.000000000000000 ) ;
#4163 = EDGE_CURVE ( 'NONE', #3509, #10272, #5705, .T. ) ;
#4164 = ORIENTED_EDGE ( 'NONE', *, *, #4029, .F. ) ;
#4165 = FACE_OUTER_BOUND ( 'NONE', #6341, .T. ) ;
#4166 = CARTESIAN_POINT ( 'NONE',  ( 20.97677464539622605, -80.41022924428168039, -4.714331922580533352 ) ) ;
#4167 = DIRECTION ( 'NONE',  ( -4.930380657631323784E-32, 1.000000000000000000, 3.061616997868382648E-16 ) ) ;
#4168 = ORIENTED_EDGE ( 'NONE', *, *, #10979, .F. ) ;
#4169 = DIRECTION ( 'NONE',  ( -0.000000000000000000, 1.000000000000000000, 3.061616997868383141E-16 ) ) ;
#4170 = VECTOR ( 'NONE', #3362, 1000.000000000000000 ) ;
#4171 = CARTESIAN_POINT ( 'NONE',  ( -6.643865379061518084, -80.41022924428168039, -20.19771510034576423 ) ) ;
#4172 = CARTESIAN_POINT ( 'NONE',  ( -9.982883740771804071, -80.41022924428168039, -19.04184949573529195 ) ) ;
#4173 = EDGE_LOOP ( 'NONE', ( #7026, #5278, #5951, #12598 ) ) ;
#4174 = ADVANCED_FACE ( 'NONE', ( #10926 ), #5930, .F. ) ;
#4175 = CARTESIAN_POINT ( 'NONE',  ( 0.9963675561695450877, 0.08681650027686640958, 2.799816500276866904 ) ) ;
#4176 = CARTESIAN_POINT ( 'NONE',  ( 0.000000000000000000, 9.199999999999999289, -2.024227590500601781E-14 ) ) ;
#4177 = ORIENTED_EDGE ( 'NONE', *, *, #625, .F. ) ;
#4178 = EDGE_CURVE ( 'NONE', #572, #1697, #4977, .T. ) ;
#4179 = ORIENTED_EDGE ( 'NONE', *, *, #6452, .F. ) ;
#4180 = PRODUCT_DEFINITION_SHAPE ( 'NONE', 'NONE',  #12707 ) ;
#4181 = VECTOR ( 'NONE', #10836, 1000.000000000000000 ) ;
#4182 = AXIS2_PLACEMENT_3D ( 'NONE', #7770, #6758, #828 ) ;
#4183 = CIRCLE ( 'NONE', #11939, 21.50000000000001066 ) ;
#4184 = FACE_OUTER_BOUND ( 'NONE', #11510, .T. ) ;
#4185 = DIRECTION ( 'NONE',  ( 2.546183866652789466E-17, -0.9781476007338063550, 0.2079116908177556233 ) ) ;
#4186 = ORIENTED_EDGE ( 'NONE', *, *, #7981, .T. ) ;
#4187 = FACE_OUTER_BOUND ( 'NONE', #4173, .T. ) ;
#4188 = CARTESIAN_POINT ( 'NONE',  ( 0.000000000000000000, 87.50000000000001421, 3.730185188303422936E-15 ) ) ;
#4189 = CARTESIAN_POINT ( 'NONE',  ( 0.000000000000000000, 87.50000000000001421, 3.730185188303422936E-15 ) ) ;
#4190 = ORIENTED_EDGE ( 'NONE', *, *, #6951, .F. ) ;
#4191 = DIRECTION ( 'NONE',  ( 0.000000000000000000, 0.000000000000000000, 1.000000000000000000 ) ) ;
#4192 = CIRCLE ( 'NONE', #11331, 21.50000000000001066 ) ;
#4193 = DIRECTION ( 'NONE',  ( 0.000000000000000000, -3.227392513445222318E-16, 1.000000000000000000 ) ) ;
#4194 = AXIS2_PLACEMENT_3D ( 'NONE', #6600, #4742, #612 ) ;
#4195 = CARTESIAN_POINT ( 'NONE',  ( 2.231726574532832138E-15, 75.00000000000000000, 18.19686085958248967 ) ) ;
#4196 = AXIS2_PLACEMENT_3D ( 'NONE', #3440, #536, #7349 ) ;
#4197 = EDGE_CURVE ( 'NONE', #7335, #6947, #1383, .T. ) ;
#4198 = EDGE_CURVE ( 'NONE', #11743, #4304, #6119, .T. ) ;
#4199 = AXIS2_PLACEMENT_3D ( 'NONE', #11642, #10685, #1892 ) ;
#4200 = AXIS2_PLACEMENT_3D ( 'NONE', #12025, #11008, #5187 ) ;
#4201 = ORIENTED_EDGE ( 'NONE', *, *, #4556, .F. ) ;
#4202 = DIRECTION ( 'NONE',  ( 0.000000000000000000, -0.9781476007338054668, -0.2079116908177604806 ) ) ;
#4203 = AXIS2_PLACEMENT_3D ( 'NONE', #11630, #1874, #2915 ) ;
#4204 = CARTESIAN_POINT ( 'NONE',  ( 21.35464355025363403, 45.19999999999998863, 2.495836301044480177 ) ) ;
#4205 = EDGE_LOOP ( 'NONE', ( #2018, #9628, #5303, #927 ) ) ;
#4206 = PLANE ( 'NONE',  #8094 ) ;
#4207 = DIRECTION ( 'NONE',  ( 9.860761315262647568E-32, 1.000000000000000000, 3.061616997868382648E-16 ) ) ;
#4208 = CARTESIAN_POINT ( 'NONE',  ( -21.38222075041788628, 45.19999999999998863, -1.997361960254323110 ) ) ;
#4209 = CIRCLE ( 'NONE', #6247, 0.2500000000000002220 ) ;
#4210 = DIRECTION ( 'NONE',  ( 0.000000000000000000, -3.384826294588890954E-16, 1.000000000000000000 ) ) ;
#4211 = EDGE_CURVE ( 'NONE', #10124, #3676, #9840, .T. ) ;
#4212 = CIRCLE ( 'NONE', #6259, 0.2500000000000002220 ) ;
#4213 = ORIENTED_EDGE ( 'NONE', *, *, #11378, .F. ) ;
#4214 = ORIENTED_EDGE ( 'NONE', *, *, #2140, .T. ) ;
#4215 = AXIS2_PLACEMENT_3D ( 'NONE', #947, #9823, #11606 ) ;
#4216 = CARTESIAN_POINT ( 'NONE',  ( 0.000000000000000000, 45.20000000000000995, -9.220454712679835547E-15 ) ) ;
#4217 = DIRECTION ( 'NONE',  ( 0.000000000000000000, -3.227392513445222318E-16, 1.000000000000000000 ) ) ;
#4218 = ORIENTED_EDGE ( 'NONE', *, *, #7285, .T. ) ;
#4219 = CARTESIAN_POINT ( 'NONE',  ( -19.15664027004999070, -80.41022924428168039, -9.510795744400091678 ) ) ;
#4220 = CYLINDRICAL_SURFACE ( 'NONE', #9049, 0.2500000000000002220 ) ;
#4221 = FACE_OUTER_BOUND ( 'NONE', #433, .T. ) ;
#4222 = LINE ( 'NONE', #3241, #3232 ) ;
#4223 = DIRECTION ( 'NONE',  ( 0.000000000000000000, 0.000000000000000000, 1.000000000000000000 ) ) ;
#4224 = ADVANCED_FACE ( 'NONE', ( #11882 ), #900, .T. ) ;
#4225 = VECTOR ( 'NONE', #4185, 1000.000000000000114 ) ;
#4226 = DIRECTION ( 'NONE',  ( 0.000000000000000000, 0.000000000000000000, 1.000000000000000000 ) ) ;
#4227 = EDGE_LOOP ( 'NONE', ( #3783, #94, #10177, #7075 ) ) ;
#4228 = ORIENTED_EDGE ( 'NONE', *, *, #3755, .T. ) ;
#4229 = ORIENTED_EDGE ( 'NONE', *, *, #8114, .T. ) ;
#4230 = CARTESIAN_POINT ( 'NONE',  ( -10.53277056407832823, 45.20000000000000284, 18.74328531086493044 ) ) ;
#4231 = STYLED_ITEM ( 'NONE', ( #5706 ), #9689 ) ;
#4232 = FACE_OUTER_BOUND ( 'NONE', #3707, .T. ) ;
#4233 = DIRECTION ( 'NONE',  ( -1.000000000000000000, -0.000000000000000000, -0.000000000000000000 ) ) ;
#4234 = ORIENTED_EDGE ( 'NONE', *, *, #4288, .F. ) ;
#4235 = DIRECTION ( 'NONE',  ( -9.860761315262647568E-32, 1.000000000000000000, 3.061616997868382648E-16 ) ) ;
#4236 = DIRECTION ( 'NONE',  ( 0.000000000000000000, 0.000000000000000000, 1.000000000000000000 ) ) ;
#4237 = FACE_OUTER_BOUND ( 'NONE', #11759, .T. ) ;
#4238 = ORIENTED_EDGE ( 'NONE', *, *, #11734, .F. ) ;
#4239 = DIRECTION ( 'NONE',  ( 0.000000000000000000, 0.000000000000000000, 1.000000000000000000 ) ) ;
#4240 = DIRECTION ( 'NONE',  ( 0.000000000000000000, 0.000000000000000000, 1.000000000000000000 ) ) ;
#4241 = ORIENTED_EDGE ( 'NONE', *, *, #7765, .F. ) ;
#4242 = ORIENTED_EDGE ( 'NONE', *, *, #3131, .T. ) ;
#4243 = CARTESIAN_POINT ( 'NONE',  ( 14.38630803671536462, 45.19999999999998863, -15.97761374776402654 ) ) ;
#4244 = ADVANCED_FACE ( 'NONE', ( #7022 ), #4010, .T. ) ;
#4245 = CARTESIAN_POINT ( 'NONE',  ( -6.643865379061097975, 45.20000000000000284, 20.44771510034588857 ) ) ;
#4246 = AXIS2_PLACEMENT_3D ( 'NONE', #11077, #4169, #6153 ) ;
#4247 = ORIENTED_EDGE ( 'NONE', *, *, #10597, .T. ) ;
#4248 = DIRECTION ( 'NONE',  ( -0.000000000000000000, 1.000000000000000000, 3.061616997868383141E-16 ) ) ;
#4249 = ADVANCED_FACE ( 'NONE', ( #7907 ), #12579, .F. ) ;
#4250 = DIRECTION ( 'NONE',  ( -6.162975822039154730E-33, 1.000000000000000000, 3.061616997868381662E-16 ) ) ;
#4251 = VERTEX_POINT ( 'NONE', #7712 ) ;
#4252 = CARTESIAN_POINT ( 'NONE',  ( 0.000000000000000000, 51.20000000000000995, -7.383484513958806747E-15 ) ) ;
#4253 = CARTESIAN_POINT ( 'NONE',  ( -5.564609469703916567, 45.20000000000000284, 20.76740526521504293 ) ) ;
#4254 = DIRECTION ( 'NONE',  ( -1.000000000000000000, 0.000000000000000000, 0.000000000000000000 ) ) ;
#4255 = ADVANCED_FACE ( 'NONE', ( #11621 ), #3936, .F. ) ;
#4256 = DIRECTION ( 'NONE',  ( 0.000000000000000000, 1.000000000000000000, 3.061616997868381662E-16 ) ) ;
#4257 = CIRCLE ( 'NONE', #11950, 15.40000000000000036 ) ;
#4258 = ORIENTED_EDGE ( 'NONE', *, *, #3124, .T. ) ;
#4259 = CYLINDRICAL_SURFACE ( 'NONE', #6127, 21.50000000000000355 ) ;
#4260 = EDGE_CURVE ( 'NONE', #1102, #876, #8356, .T. ) ;
#4261 = CARTESIAN_POINT ( 'NONE',  ( 0.000000000000000000, 45.20000000000000995, -9.220454712679835547E-15 ) ) ;
#4262 = AXIS2_PLACEMENT_3D ( 'NONE', #6311, #10213, #10916 ) ;
#4263 = ORIENTED_EDGE ( 'NONE', *, *, #8859, .T. ) ;
#4264 = CARTESIAN_POINT ( 'NONE',  ( -21.35464355025355587, -80.41022924428168039, 2.495836301044890515 ) ) ;
#4265 = DIRECTION ( 'NONE',  ( -0.000000000000000000, 1.000000000000000000, 3.061616997868383141E-16 ) ) ;
#4266 = FACE_OUTER_BOUND ( 'NONE', #3063, .T. ) ;
#4267 = EDGE_CURVE ( 'NONE', #8099, #1137, #3660, .T. ) ;
#4268 = CARTESIAN_POINT ( 'NONE',  ( -12.83877941551867430, -80.41022924428169460, 17.24574565275890237 ) ) ;
#4269 = ORIENTED_EDGE ( 'NONE', *, *, #1611, .T. ) ;
#4270 = ORIENTED_EDGE ( 'NONE', *, *, #3659, .F. ) ;
#4271 = CIRCLE ( 'NONE', #11418, 0.2500000000000002220 ) ;
#4272 = AXIS2_PLACEMENT_3D ( 'NONE', #273, #4410, #9140 ) ;
#4273 = DIRECTION ( 'NONE',  ( -4.930380657631323784E-32, 1.000000000000000000, 3.061616997868383141E-16 ) ) ;
#4274 = ADVANCED_FACE ( 'NONE', ( #2899 ), #3876, .F. ) ;
#4275 = ORIENTED_EDGE ( 'NONE', *, *, #11522, .F. ) ;
#4276 = DIRECTION ( 'NONE',  ( -4.930380657631323784E-32, 1.000000000000000000, 3.061616997868381662E-16 ) ) ;
#4277 = CARTESIAN_POINT ( 'NONE',  ( 0.000000000000000000, 51.20000000000000995, -7.383484513958806747E-15 ) ) ;
#4278 = DIRECTION ( 'NONE',  ( -0.000000000000000000, 1.000000000000000000, 3.061616997868383141E-16 ) ) ;
#4279 = CARTESIAN_POINT ( 'NONE',  ( 0.000000000000000000, 51.20000000000000995, -7.383484513958806747E-15 ) ) ;
#4280 = CIRCLE ( 'NONE', #4069, 0.2500000000000002220 ) ;
#4281 = DIRECTION ( 'NONE',  ( 0.000000000000000000, -1.000000000000000000, -3.061616997868383141E-16 ) ) ;
#4282 = CARTESIAN_POINT ( 'NONE',  ( 0.000000000000000000, 45.20000000000000995, -9.220454712679835547E-15 ) ) ;
#4283 = AXIS2_PLACEMENT_3D ( 'NONE', #2063, #5995, #3815 ) ;
#4284 = CYLINDRICAL_SURFACE ( 'NONE', #3366, 0.2500000000000002220 ) ;
#4285 = VERTEX_POINT ( 'NONE', #9770 ) ;
#4286 = ORIENTED_EDGE ( 'NONE', *, *, #996, .T. ) ;
#4287 = EDGE_LOOP ( 'NONE', ( #6478, #6709, #8959 ) ) ;
#4288 = EDGE_CURVE ( 'NONE', #11743, #10650, #10819, .T. ) ;
#4289 = AXIS2_PLACEMENT_3D ( 'NONE', #8775, #2940, #3721 ) ;
#4290 = EDGE_CURVE ( 'NONE', #190, #6188, #6486, .T. ) ;
#4291 = DIRECTION ( 'NONE',  ( -2.465190328815661892E-32, 1.000000000000000000, 3.061616997868381169E-16 ) ) ;
#4292 = DIRECTION ( 'NONE',  ( 0.000000000000000000, -3.227392513445220839E-16, 1.000000000000000000 ) ) ;
#4293 = DIRECTION ( 'NONE',  ( -0.000000000000000000, 1.000000000000000000, 3.061616997868383141E-16 ) ) ;
#4294 = DIRECTION ( 'NONE',  ( -0.000000000000000000, 1.000000000000000000, 3.061616997868383141E-16 ) ) ;
#4295 = ORIENTED_EDGE ( 'NONE', *, *, #485, .T. ) ;
#4296 = CARTESIAN_POINT ( 'NONE',  ( -19.26884090911960712, -80.41022924428168039, 9.537388008204214174 ) ) ;
#4297 = CARTESIAN_POINT ( 'NONE',  ( 0.9997406115519675840, -0.07439655704749148502, 2.638603442952508260 ) ) ;
#4298 = AXIS2_PLACEMENT_3D ( 'NONE', #6799, #11853, #6034 ) ;
#4299 = DIRECTION ( 'NONE',  ( 6.162975822039154730E-33, 1.000000000000000000, 3.061616997868382155E-16 ) ) ;
#4300 = VERTEX_POINT ( 'NONE', #11049 ) ;
#4301 = CARTESIAN_POINT ( 'NONE',  ( 0.000000000000000000, 87.50000000000001421, 3.730185188303422936E-15 ) ) ;
#4302 = FACE_OUTER_BOUND ( 'NONE', #8607, .T. ) ;
#4303 = ORIENTED_EDGE ( 'NONE', *, *, #2618, .T. ) ;
#4304 = VERTEX_POINT ( 'NONE', #8466 ) ;
#4305 = VECTOR ( 'NONE', #244, 1000.000000000000000 ) ;
#4306 = ORIENTED_EDGE ( 'NONE', *, *, #7157, .T. ) ;
#4307 = VECTOR ( 'NONE', #8528, 1000.000000000000000 ) ;
#4308 = LINE ( 'NONE', #6102, #250 ) ;
#4309 = ADVANCED_FACE ( 'NONE', ( #9130 ), #1349, .F. ) ;
#4310 = CARTESIAN_POINT ( 'NONE',  ( -17.89404075541356676, 51.20000000000000995, 11.91861172467657504 ) ) ;
#4311 = VERTEX_POINT ( 'NONE', #257 ) ;
#4312 = DIRECTION ( 'NONE',  ( 0.000000000000000000, 0.000000000000000000, 1.000000000000000000 ) ) ;
#4313 = CIRCLE ( 'NONE', #592, 21.50000000000001066 ) ;
#4314 = DIRECTION ( 'NONE',  ( 0.000000000000000000, 0.000000000000000000, 1.000000000000000000 ) ) ;
#4315 = VERTEX_POINT ( 'NONE', #8404 ) ;
#4316 = DIRECTION ( 'NONE',  ( -0.000000000000000000, 1.000000000000000000, 3.061616997868383141E-16 ) ) ;
#4317 = CARTESIAN_POINT ( 'NONE',  ( 13.53038840757140804, -80.41022924428168039, -16.70863817132496365 ) ) ;
#4318 = PLANE ( 'NONE',  #2646 ) ;
#4319 = VECTOR ( 'NONE', #11358, 1000.000000000000000 ) ;
#4320 = CYLINDRICAL_SURFACE ( 'NONE', #12496, 0.2500000000000002220 ) ;
#4321 = VECTOR ( 'NONE', #5837, 1000.000000000000000 ) ;
#4322 = ADVANCED_FACE ( 'NONE', ( #12302 ), #10091, .T. ) ;
#4323 = CIRCLE ( 'NONE', #11068, 21.50000000000000000 ) ;
#4324 = EDGE_CURVE ( 'NONE', #7909, #12658, #12009, .T. ) ;
#4325 = ORIENTED_EDGE ( 'NONE', *, *, #8773, .T. ) ;
#4326 = CARTESIAN_POINT ( 'NONE',  ( -13.33519049100591403, 51.19999999999999574, -16.86483603740592230 ) ) ;
#4327 = AXIS2_PLACEMENT_3D ( 'NONE', #8626, #600, #2725 ) ;
#4328 = CARTESIAN_POINT ( 'NONE',  ( 0.2499957747073984216, -136.9110066833317205, 21.49854651162785046 ) ) ;
#4329 = VERTEX_POINT ( 'NONE', #11944 ) ;
#4330 = CARTESIAN_POINT ( 'NONE',  ( -8.515864134734449920, -80.41022924428169460, 19.74158195380354996 ) ) ;
#4331 = AXIS2_PLACEMENT_3D ( 'NONE', #8870, #10147, #2308 ) ;
#4332 = DIRECTION ( 'NONE',  ( -1.232595164407830946E-32, 1.000000000000000000, 3.061616997868383141E-16 ) ) ;
#4333 = CARTESIAN_POINT ( 'NONE',  ( 10.74999999999988454, 51.19999999999999574, -18.61954618136546813 ) ) ;
#4334 = ORIENTED_EDGE ( 'NONE', *, *, #11157, .T. ) ;
#4335 = EDGE_CURVE ( 'NONE', #4315, #2794, #1583, .T. ) ;
#4336 = ORIENTED_EDGE ( 'NONE', *, *, #9650, .F. ) ;
#4337 = AXIS2_PLACEMENT_3D ( 'NONE', #10270, #5405, #9301 ) ;
#4338 = EDGE_CURVE ( 'NONE', #2393, #5666, #11841, .T. ) ;
#4339 = CARTESIAN_POINT ( 'NONE',  ( 0.9975384582459768668, 0.07697644439475287426, -2.636023555605249147 ) ) ;
#4340 = LINE ( 'NONE', #1290, #5101 ) ;
#4341 = EDGE_LOOP ( 'NONE', ( #12305, #10383, #1236, #3661 ) ) ;
#4342 = PLANE ( 'NONE',  #11931 ) ;
#4343 = DIRECTION ( 'NONE',  ( 0.000000000000000000, -3.227392513445222318E-16, 1.000000000000000000 ) ) ;
#4344 = DIRECTION ( 'NONE',  ( 0.000000000000000000, 0.9659258262890682012, 0.2588190451025209615 ) ) ;
#4345 = CARTESIAN_POINT ( 'NONE',  ( -15.20279579551057658, 51.20000000000000995, 15.20279579551096205 ) ) ;
#4346 = CARTESIAN_POINT ( 'NONE',  ( 0.000000000000000000, 51.20000000000000995, -7.383484513958806747E-15 ) ) ;
#4347 = EDGE_CURVE ( 'NONE', #3655, #537, #8763, .T. ) ;
#4348 = CYLINDRICAL_SURFACE ( 'NONE', #8895, 21.50000000000000355 ) ;
#4349 = ORIENTED_EDGE ( 'NONE', *, *, #4048, .F. ) ;
#4350 = EDGE_CURVE ( 'NONE', #5983, #9640, #5717, .T. ) ;
#4351 = ORIENTED_EDGE ( 'NONE', *, *, #8114, .F. ) ;
#4352 = EDGE_CURVE ( 'NONE', #7385, #5170, #8978, .T. ) ;
#4353 = EDGE_LOOP ( 'NONE', ( #4563, #6915, #9946, #11256 ) ) ;
#4354 = CIRCLE ( 'NONE', #12121, 0.2500000000000002220 ) ;
#4355 = DIRECTION ( 'NONE',  ( -0.000000000000000000, 1.000000000000000000, 3.061616997868383141E-16 ) ) ;
#4356 = FACE_OUTER_BOUND ( 'NONE', #140, .T. ) ;
#4357 = DIRECTION ( 'NONE',  ( 0.000000000000000000, -3.227392513445220839E-16, 1.000000000000000000 ) ) ;
#4358 = ORIENTED_EDGE ( 'NONE', *, *, #2386, .T. ) ;
#4359 = DIRECTION ( 'NONE',  ( -4.930380657631323784E-32, 1.000000000000000000, 3.061616997868382648E-16 ) ) ;
#4360 = DIRECTION ( 'NONE',  ( -4.930380657631323784E-32, 1.000000000000000000, 3.061616997868381662E-16 ) ) ;
#4361 = DIRECTION ( 'NONE',  ( -0.000000000000000000, 1.000000000000000000, 3.061616997868383141E-16 ) ) ;
#4362 = ORIENTED_EDGE ( 'NONE', *, *, #1787, .F. ) ;
#4363 = CARTESIAN_POINT ( 'NONE',  ( 0.000000000000000000, 70.04536989052154183, -19.50000000000000000 ) ) ;
#4364 = AXIS2_PLACEMENT_3D ( 'NONE', #1912, #11664, #2883 ) ;
#4365 = CYLINDRICAL_SURFACE ( 'NONE', #8037, 21.50000000000000355 ) ;
#4366 = ORIENTED_EDGE ( 'NONE', *, *, #3312, .F. ) ;
#4367 = EDGE_CURVE ( 'NONE', #10162, #4102, #10608, .T. ) ;
#4368 = EDGE_CURVE ( 'NONE', #5401, #12138, #7734, .T. ) ;
#4369 = AXIS2_PLACEMENT_3D ( 'NONE', #4119, #11150, #1379 ) ;
#4370 = ORIENTED_EDGE ( 'NONE', *, *, #4936, .T. ) ;
#4371 =( REPRESENTATION_RELATIONSHIP ('NONE','NONE', #4640, #1672 ) REPRESENTATION_RELATIONSHIP_WITH_TRANSFORMATION ( #9376 )SHAPE_REPRESENTATION_RELATIONSHIP( ) );
#4372 = ORIENTED_EDGE ( 'NONE', *, *, #1646, .T. ) ;
#4373 = DIRECTION ( 'NONE',  ( 0.000000000000000000, 0.000000000000000000, 1.000000000000000000 ) ) ;
#4374 = CIRCLE ( 'NONE', #7219, 0.2500000000000002220 ) ;
#4375 = LINE ( 'NONE', #11088, #3190 ) ;
#4376 = ORIENTED_EDGE ( 'NONE', *, *, #10296, .F. ) ;
#4377 = DIRECTION ( 'NONE',  ( 0.000000000000000000, 0.000000000000000000, 1.000000000000000000 ) ) ;
#4378 = CIRCLE ( 'NONE', #9258, 0.2500000000000002220 ) ;
#4379 = DIRECTION ( 'NONE',  ( -0.000000000000000000, 1.000000000000000000, 3.061616997868383141E-16 ) ) ;
#4380 = VERTEX_POINT ( 'NONE', #10452 ) ;
#4381 = DIRECTION ( 'NONE',  ( -7.395570986446986770E-32, 1.000000000000000000, 3.061616997868381662E-16 ) ) ;
#4382 = LINE ( 'NONE', #8463, #12466 ) ;
#4383 = DIRECTION ( 'NONE',  ( 0.000000000000000000, 0.000000000000000000, -1.000000000000000000 ) ) ;
#4384 = DIRECTION ( 'NONE',  ( 0.000000000000000000, -3.227392513445222318E-16, 1.000000000000000000 ) ) ;
#4385 = AXIS2_PLACEMENT_3D ( 'NONE', #1088, #7017, #3161 ) ;
#4386 = CIRCLE ( 'NONE', #5399, 8.948518023597397786 ) ;
#4387 = VERTEX_POINT ( 'NONE', #1642 ) ;
#4388 = CARTESIAN_POINT ( 'NONE',  ( 0.000000000000000000, 87.50000000000001421, 3.730185188303422936E-15 ) ) ;
#4389 = VECTOR ( 'NONE', #9227, 1000.000000000000000 ) ;
#4390 = DIRECTION ( 'NONE',  ( 0.000000000000000000, -1.000000000000000000, -3.061616997868383141E-16 ) ) ;
#4391 = EDGE_LOOP ( 'NONE', ( #9653, #2044, #3290, #4954 ) ) ;
#4392 = AXIS2_PLACEMENT_3D ( 'NONE', #9182, #1587, #5532 ) ;
#4393 = AXIS2_PLACEMENT_3D ( 'NONE', #3517, #6481, #1260 ) ;
#4394 = DIRECTION ( 'NONE',  ( -0.000000000000000000, 1.000000000000000000, 3.061616997868383141E-16 ) ) ;
#4395 = DIRECTION ( 'NONE',  ( 0.000000000000000000, 1.000000000000000000, 3.061616997868383141E-16 ) ) ;
#4396 = VECTOR ( 'NONE', #3712, 1000.000000000000000 ) ;
#4397 = PRODUCT_DEFINITION_FORMATION_WITH_SPECIFIED_SOURCE ( 'ANY', '', #4995, .NOT_KNOWN. ) ;
#4398 = ORIENTED_EDGE ( 'NONE', *, *, #9131, .F. ) ;
#4399 = VECTOR ( 'NONE', #416, 1000.000000000000000 ) ;
#4400 = FACE_OUTER_BOUND ( 'NONE', #4120, .T. ) ;
#4401 = ORIENTED_EDGE ( 'NONE', *, *, #7360, .T. ) ;
#4402 = CARTESIAN_POINT ( 'NONE',  ( -18.49328953615725268, 45.20000000000000284, 10.96577594754955243 ) ) ;
#4403 = CIRCLE ( 'NONE', #7658, 0.2500000000000002220 ) ;
#4404 = EDGE_CURVE ( 'NONE', #10800, #12568, #5238, .T. ) ;
#4405 = LINE ( 'NONE', #8305, #7606 ) ;
#4406 = DIRECTION ( 'NONE',  ( -4.930380657631323784E-32, 1.000000000000000000, 3.061616997868381169E-16 ) ) ;
#4407 = B_SPLINE_CURVE_WITH_KNOTS ( 'NONE', 3,
 ( #9875, #6096, #7056, #11852, #7877, #6159, #6032, #12040, #1249, #1128, #2033, #4175, #11789, #8007, #8908, #5204 ),
 .UNSPECIFIED., .F., .F.,
 ( 4, 3, 3, 3, 3, 4 ),
 ( 5.421010862427522170E-20, 3.682526378543739325E-06, 5.949850216027763437E-06, 7.611928525840515821E-06, 8.884767629192180167E-06, 9.837449744278932250E-06 ),
 .UNSPECIFIED. ) ;
#4408 = AXIS2_PLACEMENT_3D ( 'NONE', #11376, #9388, #11254 ) ;
#4409 = AXIS2_PLACEMENT_3D ( 'NONE', #5942, #3045, #9919 ) ;
#4410 = DIRECTION ( 'NONE',  ( 0.000000000000000000, -1.000000000000000000, -3.061616997868383141E-16 ) ) ;
#4411 = LINE ( 'NONE', #8426, #5952 ) ;
#4412 = DIRECTION ( 'NONE',  ( 0.000000000000000000, 0.000000000000000000, -1.000000000000000000 ) ) ;
#4413 = ORIENTED_EDGE ( 'NONE', *, *, #1186, .F. ) ;
#4414 = EDGE_LOOP ( 'NONE', ( #5053, #5714, #12, #9125 ) ) ;
#4415 = AXIS2_PLACEMENT_3D ( 'NONE', #6809, #4892, #42 ) ;
#4416 = DIRECTION ( 'NONE',  ( -0.000000000000000000, 1.000000000000000000, 3.061616997868383141E-16 ) ) ;
#4417 = CARTESIAN_POINT ( 'NONE',  ( 0.000000000000000000, 87.50000000000001421, 3.730185188303422936E-15 ) ) ;
#4418 = CYLINDRICAL_SURFACE ( 'NONE', #12169, 18.30000000000001137 ) ;
#4419 = EDGE_CURVE ( 'NONE', #919, #9506, #5174, .T. ) ;
#4420 = CARTESIAN_POINT ( 'NONE',  ( 15.02499431646281280, -80.41022924428168039, -15.37854173159016824 ) ) ;
#4421 = VERTEX_POINT ( 'NONE', #4143 ) ;
#4422 = CARTESIAN_POINT ( 'NONE',  ( -7.704910915224106205, 45.19999999999998863, -20.07197916968975093 ) ) ;
#4423 = DIRECTION ( 'NONE',  ( 0.000000000000000000, 0.000000000000000000, 1.000000000000000000 ) ) ;
#4424 = DIRECTION ( 'NONE',  ( -0.000000000000000000, 1.000000000000000000, 3.061616997868383141E-16 ) ) ;
#4425 = EDGE_LOOP ( 'NONE', ( #1382, #7897, #7605, #11381, #8381, #3571, #5860, #12657 ) ) ;
#4426 = CYLINDRICAL_SURFACE ( 'NONE', #7145, 0.2500000000000002220 ) ;
#4427 = EDGE_CURVE ( 'NONE', #1775, #8515, #3868, .T. ) ;
#4428 = DIRECTION ( 'NONE',  ( 0.000000000000000000, 1.000000000000000000, 3.061616997868382648E-16 ) ) ;
#4429 = ORIENTED_EDGE ( 'NONE', *, *, #412, .F. ) ;
#4430 = VERTEX_POINT ( 'NONE', #10990 ) ;
#4431 = PRESENTATION_LAYER_ASSIGNMENT (  '', '', ( #4231 ) ) ;
#4432 = ORIENTED_EDGE ( 'NONE', *, *, #7958, .T. ) ;
#4433 = DIRECTION ( 'NONE',  ( 0.000000000000000000, 0.000000000000000000, 1.000000000000000000 ) ) ;
#4434 = EDGE_CURVE ( 'NONE', #5087, #7616, #12652, .T. ) ;
#4435 = CARTESIAN_POINT ( 'NONE',  ( 3.610031534565584899, -80.41022924428169460, 21.19475577399845179 ) ) ;
#4436 = VERTEX_POINT ( 'NONE', #12068 ) ;
#4437 = DIRECTION ( 'NONE',  ( -3.697785493223493385E-32, 1.000000000000000000, 3.061616997868382648E-16 ) ) ;
#4438 = ADVANCED_FACE ( 'NONE', ( #3287 ), #5296, .T. ) ;
#4439 = DIRECTION ( 'NONE',  ( 0.000000000000000000, -3.384826294588890954E-16, 1.000000000000000000 ) ) ;
#4440 = VERTEX_POINT ( 'NONE', #9673 ) ;
#4441 = DIRECTION ( 'NONE',  ( 0.000000000000000000, -3.227392513445222318E-16, 1.000000000000000000 ) ) ;
#4442 = CARTESIAN_POINT ( 'NONE',  ( -0.9996710168333317048, 0.08357769860876616830, 2.796577698608766482 ) ) ;
#4443 = DIRECTION ( 'NONE',  ( 1.232595164407830946E-32, 1.000000000000000000, 3.061616997868383141E-16 ) ) ;
#4444 = AXIS2_PLACEMENT_3D ( 'NONE', #6790, #10684, #924 ) ;
#4445 = CIRCLE ( 'NONE', #9544, 0.2500000000000002220 ) ;
#4446 = ORIENTED_EDGE ( 'NONE', *, *, #12382, .F. ) ;
#4447 = CARTESIAN_POINT ( 'NONE',  ( -5.564609469704350886, -80.41022924428168039, -20.76740526521493990 ) ) ;
#4448 = ADVANCED_FACE ( 'NONE', ( #1838 ), #7624, .T. ) ;
#4449 = CARTESIAN_POINT ( 'NONE',  ( 15.80925377108416718, -80.41022924428168039, -14.57111852952480646 ) ) ;
#4450 = VERTEX_POINT ( 'NONE', #3908 ) ;
#4451 = DIRECTION ( 'NONE',  ( 0.000000000000000000, 0.000000000000000000, 1.000000000000000000 ) ) ;
#4452 = LINE ( 'NONE', #8165, #9564 ) ;
#4453 = AXIS2_PLACEMENT_3D ( 'NONE', #10302, #8320, #9397 ) ;
#4454 = VERTEX_POINT ( 'NONE', #11474 ) ;
#4455 = CIRCLE ( 'NONE', #12221, 20.50000000000000000 ) ;
#4456 = VERTEX_POINT ( 'NONE', #11536 ) ;
#4457 = FACE_OUTER_BOUND ( 'NONE', #11851, .T. ) ;
#4458 = VERTEX_POINT ( 'NONE', #2685 ) ;
#4459 = CARTESIAN_POINT ( 'NONE',  ( 17.24574565275879579, -80.41022924428169460, 12.83877941551882529 ) ) ;
#4460 = CYLINDRICAL_SURFACE ( 'NONE', #8237, 0.2500000000000002220 ) ;
#4461 = CARTESIAN_POINT ( 'NONE',  ( 0.000000000000000000, 3.750000000000003553, -2.191085716884428736E-14 ) ) ;
#4462 = DIRECTION ( 'NONE',  ( -1.000000000000000000, -0.000000000000000000, -0.000000000000000000 ) ) ;
#4463 = CARTESIAN_POINT ( 'NONE',  ( 0.000000000000000000, 0.000000000000000000, -2.305896354304492938E-14 ) ) ;
#4464 = AXIS2_PLACEMENT_3D ( 'NONE', #5236, #1218, #3034 ) ;
#4465 = DIRECTION ( 'NONE',  ( -0.000000000000000000, 1.000000000000000000, 3.061616997868383141E-16 ) ) ;
#4466 = ORIENTED_EDGE ( 'NONE', *, *, #7915, .F. ) ;
#4467 = CIRCLE ( 'NONE', #3031, 21.50000000000001066 ) ;
#4468 = ORIENTED_EDGE ( 'NONE', *, *, #4651, .F. ) ;
#4469 = ADVANCED_FACE ( 'NONE', ( #5715 ), #1902, .F. ) ;
#4470 = DIRECTION ( 'NONE',  ( -9.860761315262647568E-32, 1.000000000000000000, 3.061616997868382648E-16 ) ) ;
#4471 = ADVANCED_FACE ( 'NONE', ( #6679 ), #1776, .T. ) ;
#4472 = CARTESIAN_POINT ( 'NONE',  ( 0.9999999999999995559, -0.07763355007212383030, 2.635366449927876165 ) ) ;
#4473 = AXIS2_PLACEMENT_3D ( 'NONE', #11758, #1764, #135 ) ;
#4474 = DIRECTION ( 'NONE',  ( 0.000000000000000000, -3.227392513445220839E-16, 1.000000000000000000 ) ) ;
#4475 = CARTESIAN_POINT ( 'NONE',  ( -9.760795744400400764, 45.19999999999998863, -18.90664027004980952 ) ) ;
#4476 = VERTEX_POINT ( 'NONE', #4753 ) ;
#4477 = CARTESIAN_POINT ( 'NONE',  ( 0.000000000000000000, 51.20000000000000995, -7.383484513958806747E-15 ) ) ;
#4478 = CARTESIAN_POINT ( 'NONE',  ( -2.247361960254701252, 51.19999999999999574, -21.38222075041783299 ) ) ;
#4479 = DIRECTION ( 'NONE',  ( 0.000000000000000000, 0.000000000000000000, 1.000000000000000000 ) ) ;
#4480 = VERTEX_POINT ( 'NONE', #12424 ) ;
#4481 = DIRECTION ( 'NONE',  ( 0.000000000000000000, -3.227392513445222318E-16, 1.000000000000000000 ) ) ;
#4482 = DIRECTION ( 'NONE',  ( 0.000000000000000000, -1.000000000000000000, -3.061616997868383141E-16 ) ) ;
#4483 = VERTEX_POINT ( 'NONE', #3790 ) ;
#4484 = VERTEX_POINT ( 'NONE', #873 ) ;
#4485 = ADVANCED_FACE ( 'NONE', ( #4626 ), #11717, .F. ) ;
#4486 = CIRCLE ( 'NONE', #571, 21.50000000000000000 ) ;
#4487 = ORIENTED_EDGE ( 'NONE', *, *, #533, .F. ) ;
#4488 = DIRECTION ( 'NONE',  ( 0.000000000000000000, 0.000000000000000000, -1.000000000000000000 ) ) ;
#4489 = B_SPLINE_CURVE_WITH_KNOTS ( 'NONE', 3,
 ( #2147, #2271, #1042, #8949, #8887, #2338, #81, #9016, #12086, #4028, #6204, #8182, #5186, #3111, #3242, #3300 ),
 .UNSPECIFIED., .F., .F.,
 ( 4, 3, 3, 3, 3, 4 ),
 ( 5.421010862427522170E-20, 2.525768609668218338E-06, 4.871191486692902467E-06, 6.627982770229878679E-06, 8.046505712692607329E-06, 9.198675655825876613E-06 ),
 .UNSPECIFIED. ) ;
#4490 = EDGE_CURVE ( 'NONE', #6963, #12477, #154, .T. ) ;
#4491 = CARTESIAN_POINT ( 'NONE',  ( -7.937781193549776404, 45.20000000000000284, 19.98103174821880046 ) ) ;
#4492 = EDGE_LOOP ( 'NONE', ( #1978, #6278, #6086, #764 ) ) ;
#4493 = CARTESIAN_POINT ( 'NONE',  ( 0.000000000000000000, 45.20000000000000995, -9.220454712679835547E-15 ) ) ;
#4494 = DIRECTION ( 'NONE',  ( 0.000000000000000000, -3.227392513445222318E-16, 1.000000000000000000 ) ) ;
#4495 = CARTESIAN_POINT ( 'NONE',  ( 0.000000000000000000, 45.20000000000000995, -9.220454712679835547E-15 ) ) ;
#4496 = ORIENTED_EDGE ( 'NONE', *, *, #8719, .T. ) ;
#4497 = CARTESIAN_POINT ( 'NONE',  ( 0.000000000000000000, 51.20000000000000995, -7.383484513958806747E-15 ) ) ;
#4498 = DIRECTION ( 'NONE',  ( 9.860761315262647568E-32, 1.000000000000000000, 3.061616997868382155E-16 ) ) ;
#4499 = CARTESIAN_POINT ( 'NONE',  ( 13.53038840757140804, -80.41022924428168039, -16.70863817132496365 ) ) ;
#4500 = CIRCLE ( 'NONE', #5123, 21.50000000000000000 ) ;
#4501 = CARTESIAN_POINT ( 'NONE',  ( 0.000000000000000000, 45.20000000000000995, -9.220454712679835547E-15 ) ) ;
#4502 = DIRECTION ( 'NONE',  ( 0.000000000000000000, -1.000000000000000000, -3.061616997868383141E-16 ) ) ;
#4503 = EDGE_CURVE ( 'NONE', #7404, #7860, #10413, .T. ) ;
#4504 = EDGE_CURVE ( 'NONE', #5389, #2303, #775, .T. ) ;
#4505 = ORIENTED_EDGE ( 'NONE', *, *, #451, .F. ) ;
#4506 = DIRECTION ( 'NONE',  ( 0.000000000000000000, 0.000000000000000000, 1.000000000000000000 ) ) ;
#4507 = DIRECTION ( 'NONE',  ( 0.000000000000000000, -1.000000000000000000, -3.061616997868383141E-16 ) ) ;
#4508 = ORIENTED_EDGE ( 'NONE', *, *, #10663, .F. ) ;
#4509 = CIRCLE ( 'NONE', #6563, 0.2500000000000002220 ) ;
#4510 = DIRECTION ( 'NONE',  ( 0.000000000000000000, 0.000000000000000000, 1.000000000000000000 ) ) ;
#4511 = DIRECTION ( 'NONE',  ( -2.465190328815661892E-32, 1.000000000000000000, 3.061616997868381169E-16 ) ) ;
#4512 = VECTOR ( 'NONE', #3844, 1000.000000000000000 ) ;
#4513 = EDGE_CURVE ( 'NONE', #8186, #12526, #3665, .T. ) ;
#4514 = EDGE_CURVE ( 'NONE', #3729, #10768, #2809, .T. ) ;
#4515 = VERTEX_POINT ( 'NONE', #10634 ) ;
#4516 = AXIS2_PLACEMENT_3D ( 'NONE', #4478, #5447, #4423 ) ;
#4517 = PRODUCT_CONTEXT ( 'NONE', #7217, 'mechanical' ) ;
#4518 = CARTESIAN_POINT ( 'NONE',  ( 12.63738292428807419, -80.41022924428168039, -17.14386537906144881 ) ) ;
#4519 = CIRCLE ( 'NONE', #8198, 21.50000000000000000 ) ;
#4520 = ORIENTED_EDGE ( 'NONE', *, *, #8058, .T. ) ;
#4521 = DIRECTION ( 'NONE',  ( -9.860761315262647568E-32, 1.000000000000000000, 3.061616997868382648E-16 ) ) ;
#4522 = CARTESIAN_POINT ( 'NONE',  ( 15.20279579551068316, 51.19999999999999574, -15.20279579551082705 ) ) ;
#4523 = DIRECTION ( 'NONE',  ( -0.000000000000000000, 1.000000000000000000, 3.061616997868383141E-16 ) ) ;
#4524 = DIRECTION ( 'NONE',  ( -0.000000000000000000, 1.000000000000000000, 3.061616997868383141E-16 ) ) ;
#4525 = CARTESIAN_POINT ( 'NONE',  ( -1.000000000000208278, 0.08231721551619289312, 2.795317215516192721 ) ) ;
#4526 = CARTESIAN_POINT ( 'NONE',  ( 13.53038840757140804, 45.19999999999998863, -16.45863817132492457 ) ) ;
#4527 = ORIENTED_EDGE ( 'NONE', *, *, #5372, .T. ) ;
#4528 = CIRCLE ( 'NONE', #816, 0.2500000000000011102 ) ;
#4529 = ORIENTED_EDGE ( 'NONE', *, *, #703, .F. ) ;
#4530 = ORIENTED_EDGE ( 'NONE', *, *, #1025, .T. ) ;
#4531 = CARTESIAN_POINT ( 'NONE',  ( 18.61954618136537576, 51.19999999999999574, -10.50000000000006573 ) ) ;
#4532 = CARTESIAN_POINT ( 'NONE',  ( -18.03141721082647919, -80.41022924428169460, 11.70973925282325112 ) ) ;
#4533 = AXIS2_PLACEMENT_3D ( 'NONE', #4999, #7794, #11699 ) ;
#4534 = CYLINDRICAL_SURFACE ( 'NONE', #7663, 21.50000000000000355 ) ;
#4535 = ORIENTED_EDGE ( 'NONE', *, *, #12168, .T. ) ;
#4536 = CARTESIAN_POINT ( 'NONE',  ( -18.03141721082647919, 51.20000000000000995, 11.70973925282329020 ) ) ;
#4537 = CARTESIAN_POINT ( 'NONE',  ( -19.26884090911980962, -80.41022924428168039, -9.537388008203860679 ) ) ;
#4538 = LINE ( 'NONE', #9458, #6761 ) ;
#4539 = EDGE_CURVE ( 'NONE', #639, #1406, #3847, .T. ) ;
#4540 = ORIENTED_EDGE ( 'NONE', *, *, #5521, .T. ) ;
#4541 = DIRECTION ( 'NONE',  ( 4.930380657631323784E-32, 1.000000000000000000, 3.061616997868382155E-16 ) ) ;
#4542 = CYLINDRICAL_SURFACE ( 'NONE', #10081, 0.2500000000000002220 ) ;
#4543 = ORIENTED_EDGE ( 'NONE', *, *, #1362, .F. ) ;
#4544 = EDGE_CURVE ( 'NONE', #4853, #1988, #6869, .T. ) ;
#4545 = VERTEX_POINT ( 'NONE', #9743 ) ;
#4546 = ORIENTED_EDGE ( 'NONE', *, *, #334, .F. ) ;
#4547 = PLANE ( 'NONE',  #7447 ) ;
#4548 = DIRECTION ( 'NONE',  ( -0.000000000000000000, 1.000000000000000000, 3.061616997868383141E-16 ) ) ;
#4549 = ORIENTED_EDGE ( 'NONE', *, *, #8778, .T. ) ;
#4550 = DIRECTION ( 'NONE',  ( -0.000000000000000000, 1.000000000000000000, 3.061616997868383141E-16 ) ) ;
#4551 = CARTESIAN_POINT ( 'NONE',  ( 21.35464355025360916, 51.19999999999999574, -2.495836301044594752 ) ) ;
#4552 = EDGE_CURVE ( 'NONE', #3038, #3257, #4692, .T. ) ;
#4553 = VERTEX_POINT ( 'NONE', #12492 ) ;
#4554 = CARTESIAN_POINT ( 'NONE',  ( 0.000000000000000000, 51.20000000000000995, -7.383484513958806747E-15 ) ) ;
#4555 = CIRCLE ( 'NONE', #7406, 21.50000000000000000 ) ;
#4556 = EDGE_CURVE ( 'NONE', #7489, #4628, #8576, .T. ) ;
#4557 = CARTESIAN_POINT ( 'NONE',  ( -0.9978488633033356647, 0.08609119238737404645, 2.799091192387374250 ) ) ;
#4558 = CARTESIAN_POINT ( 'NONE',  ( -15.80925377108450824, 45.19999999999998863, -14.57111852952446007 ) ) ;
#4559 = EDGE_CURVE ( 'NONE', #5317, #11550, #10766, .T. ) ;
#4560 = AXIS2_PLACEMENT_3D ( 'NONE', #5452, #4482, #6533 ) ;
#4561 = DIRECTION ( 'NONE',  ( 0.000000000000000000, 0.000000000000000000, 1.000000000000000000 ) ) ;
#4562 = DIRECTION ( 'NONE',  ( 0.000000000000000000, 0.000000000000000000, -1.000000000000000000 ) ) ;
#4563 = ORIENTED_EDGE ( 'NONE', *, *, #11522, .T. ) ;
#4564 = AXIS2_PLACEMENT_3D ( 'NONE', #9554, #7509, #10460 ) ;
#4565 = CIRCLE ( 'NONE', #3529, 0.2500000000000002220 ) ;
#4566 = CIRCLE ( 'NONE', #7824, 0.2500000000000002220 ) ;
#4567 = VERTEX_POINT ( 'NONE', #11023 ) ;
#4568 = DIRECTION ( 'NONE',  ( -4.930380657631323784E-32, 1.000000000000000000, 3.061616997868382648E-16 ) ) ;
#4569 = DIRECTION ( 'NONE',  ( -9.860761315262647568E-32, 1.000000000000000000, 3.061616997868383634E-16 ) ) ;
#4570 = ORIENTED_EDGE ( 'NONE', *, *, #10967, .T. ) ;
#4571 = CARTESIAN_POINT ( 'NONE',  ( -0.8754938253324979769, 45.20000000000000284, 21.48216726873256377 ) ) ;
#4572 = CARTESIAN_POINT ( 'NONE',  ( 0.000000000000000000, 87.50000000000001421, 3.730185188303422936E-15 ) ) ;
#4573 = EDGE_CURVE ( 'NONE', #6784, #2786, #11633, .T. ) ;
#4574 = CIRCLE ( 'NONE', #8041, 0.2500000000000002220 ) ;
#4575 = VECTOR ( 'NONE', #7033, 1000.000000000000000 ) ;
#4576 = EDGE_CURVE ( 'NONE', #286, #5091, #10019, .T. ) ;
#4577 = ORIENTED_EDGE ( 'NONE', *, *, #3203, .F. ) ;
#4578 = AXIS2_PLACEMENT_3D ( 'NONE', #1911, #943, #1979 ) ;
#4579 = CIRCLE ( 'NONE', #5602, 21.50000000000000000 ) ;
#4580 = AXIS2_PLACEMENT_3D ( 'NONE', #4648, #5792, #3930 ) ;
#4581 = ORIENTED_EDGE ( 'NONE', *, *, #7996, .F. ) ;
#4582 = FACE_OUTER_BOUND ( 'NONE', #6955, .T. ) ;
#4583 = AXIS2_PLACEMENT_3D ( 'NONE', #8337, #7251, #7370 ) ;
#4584 = ORIENTED_EDGE ( 'NONE', *, *, #4559, .T. ) ;
#4585 = DIRECTION ( 'NONE',  ( -0.000000000000000000, 1.000000000000000000, 3.061616997868383141E-16 ) ) ;
#4586 = EDGE_CURVE ( 'NONE', #5568, #7962, #9812, .T. ) ;
#4587 = CARTESIAN_POINT ( 'NONE',  ( -19.15664027004999070, 45.19999999999998863, -9.760795744400052598 ) ) ;
#4588 = CARTESIAN_POINT ( 'NONE',  ( 0.000000000000000000, 87.50000000000001421, 3.730185188303422936E-15 ) ) ;
#4589 = DIRECTION ( 'NONE',  ( 0.000000000000000000, 0.000000000000000000, 1.000000000000000000 ) ) ;
#4590 = CARTESIAN_POINT ( 'NONE',  ( 0.9999142384383525872, -0.07390508604211432075, 2.639094913957885424 ) ) ;
#4591 = CARTESIAN_POINT ( 'NONE',  ( 20.52358569366462149, 45.19999999999998863, -6.405656115871779299 ) ) ;
#4592 = AXIS2_PLACEMENT_3D ( 'NONE', #22, #3972, #6922 ) ;
#4593 = ORIENTED_EDGE ( 'NONE', *, *, #4178, .T. ) ;
#4594 = ORIENTED_EDGE ( 'NONE', *, *, #2232, .F. ) ;
#4595 = AXIS2_PLACEMENT_3D ( 'NONE', #3667, #9556, #2761 ) ;
#4596 = EDGE_LOOP ( 'NONE', ( #1010, #6707, #6189, #421 ) ) ;
#4597 = VECTOR ( 'NONE', #11896, 1000.000000000000000 ) ;
#4598 = DIRECTION ( 'NONE',  ( 1.003171929053523391E-16, 0.5735764363510478248, -0.8191520442889905773 ) ) ;
#4599 = DIRECTION ( 'NONE',  ( -0.000000000000000000, 1.000000000000000000, 3.061616997868383141E-16 ) ) ;
#4600 = EDGE_CURVE ( 'NONE', #3612, #11452, #6741, .T. ) ;
#4601 = CARTESIAN_POINT ( 'NONE',  ( 1.125223059223294575, -80.41022924428169460, 21.47053499722330727 ) ) ;
#4602 = EDGE_LOOP ( 'NONE', ( #331, #7035, #7665, #6666 ) ) ;
#4603 = CARTESIAN_POINT ( 'NONE',  ( -15.97761374776379739, 45.20000000000000284, 14.38630803671565062 ) ) ;
#4604 = LINE ( 'NONE', #11578, #7176 ) ;
#4605 = DIRECTION ( 'NONE',  ( 0.000000000000000000, 0.000000000000000000, 1.000000000000000000 ) ) ;
#4606 = EDGE_LOOP ( 'NONE', ( #11738, #12332, #3373, #5194 ) ) ;
#4607 = CARTESIAN_POINT ( 'NONE',  ( 1.916572240665609960E-15, 78.75000000000000000, 15.65000000000001457 ) ) ;
#4608 = AXIS2_PLACEMENT_3D ( 'NONE', #4636, #8536, #6689 ) ;
#4609 = DIRECTION ( 'NONE',  ( -0.000000000000000000, 1.000000000000000000, 3.061616997868383141E-16 ) ) ;
#4610 = ORIENTED_EDGE ( 'NONE', *, *, #6233, .T. ) ;
#4611 = AXIS2_PLACEMENT_3D ( 'NONE', #9845, #9772, #10606 ) ;
#4612 = VERTEX_POINT ( 'NONE', #2165 ) ;
#4613 = VERTEX_POINT ( 'NONE', #2095 ) ;
#4614 = CARTESIAN_POINT ( 'NONE',  ( -20.97677464539619407, -80.41022924428168039, 4.714331922580630163 ) ) ;
#4615 = CARTESIAN_POINT ( 'NONE',  ( 0.9987639536898922366, -0.08524160148854983965, -2.798241601488550501 ) ) ;
#4616 = VECTOR ( 'NONE', #1005, 1000.000000000000000 ) ;
#4617 = ORIENTED_EDGE ( 'NONE', *, *, #11212, .F. ) ;
#4618 = CYLINDRICAL_SURFACE ( 'NONE', #258, 0.2500000000000002220 ) ;
#4619 = CYLINDRICAL_SURFACE ( 'NONE', #3319, 21.50000000000000355 ) ;
#4620 = FACE_OUTER_BOUND ( 'NONE', #5175, .T. ) ;
#4621 = ORIENTED_EDGE ( 'NONE', *, *, #9168, .T. ) ;
#4622 = CARTESIAN_POINT ( 'NONE',  ( 0.000000000000000000, 87.50000000000001421, 3.730185188303422936E-15 ) ) ;
#4623 = FACE_OUTER_BOUND ( 'NONE', #6502, .T. ) ;
#4624 = FACE_OUTER_BOUND ( 'NONE', #6302, .T. ) ;
#4625 = ORIENTED_EDGE ( 'NONE', *, *, #7538, .F. ) ;
#4626 = FACE_OUTER_BOUND ( 'NONE', #3642, .T. ) ;
#4627 = DIRECTION ( 'NONE',  ( 0.000000000000000000, -1.000000000000000000, -3.061616997868383141E-16 ) ) ;
#4628 = VERTEX_POINT ( 'NONE', #3133 ) ;
#4629 = AXIS2_PLACEMENT_3D ( 'NONE', #1891, #8961, #155 ) ;
#4630 = EDGE_CURVE ( 'NONE', #3701, #1062, #2228, .T. ) ;
#4631 = ADVANCED_FACE ( 'NONE', ( #7942 ), #10062, .F. ) ;
#4632 = ORIENTED_EDGE ( 'NONE', *, *, #4539, .T. ) ;
#4633 = CYLINDRICAL_SURFACE ( 'NONE', #2399, 21.50000000000000355 ) ;
#4634 = FACE_OUTER_BOUND ( 'NONE', #7405, .T. ) ;
#4635 = ORIENTED_EDGE ( 'NONE', *, *, #8155, .T. ) ;
#4636 = CARTESIAN_POINT ( 'NONE',  ( -15.97761374776409227, -80.41022924428168039, -14.38630803671533265 ) ) ;
#4637 = EDGE_CURVE ( 'NONE', #259, #752, #4407, .T. ) ;
#4638 = MECHANICAL_DESIGN_GEOMETRIC_PRESENTATION_REPRESENTATION (  '', ( #4231 ), #11375 ) ;
#4639 = CARTESIAN_POINT ( 'NONE',  ( 0.000000000000000000, 80.00000000000000000, 1.433972439902135161E-15 ) ) ;
#4640 = SHAPE_REPRESENTATION ( 'o1_lightsheets', ( #6642, #10934, #3355, #7651 ), #5022 ) ;
#4641 = CIRCLE ( 'NONE', #5663, 0.2500000000000002220 ) ;
#4642 = ADVANCED_FACE ( 'NONE', ( #5019 ), #1191, .T. ) ;
#4643 = ORIENTED_EDGE ( 'NONE', *, *, #8458, .F. ) ;
#4644 = ORIENTED_EDGE ( 'NONE', *, *, #12156, .T. ) ;
#4645 = EDGE_CURVE ( 'NONE', #5815, #8822, #4118, .T. ) ;
#4646 = ORIENTED_EDGE ( 'NONE', *, *, #7775, .T. ) ;
#4647 = CARTESIAN_POINT ( 'NONE',  ( 5.805710654484691702, -80.41022924428169460, 20.70129763556867530 ) ) ;
#4648 = CARTESIAN_POINT ( 'NONE',  ( 7.704910915223833534, 51.19999999999999574, -20.07197916968985396 ) ) ;
#4649 = ORIENTED_EDGE ( 'NONE', *, *, #9335, .T. ) ;
#4650 = DIRECTION ( 'NONE',  ( -0.000000000000000000, 1.000000000000000000, 3.061616997868383141E-16 ) ) ;
#4651 = EDGE_CURVE ( 'NONE', #5534, #11743, #3258, .T. ) ;
#4652 = CIRCLE ( 'NONE', #5881, 0.2500000000000002220 ) ;
#4653 = CARTESIAN_POINT ( 'NONE',  ( 9.760795744400141416, -80.41022924428168039, -18.90664027004997649 ) ) ;
#4654 = CARTESIAN_POINT ( 'NONE',  ( 0.9967602942313530390, -0.08667637654483099918, -2.799676376544831147 ) ) ;
#4655 = LINE ( 'NONE', #8552, #7328 ) ;
#4656 = FACE_OUTER_BOUND ( 'NONE', #10637, .T. ) ;
#4657 = DIRECTION ( 'NONE',  ( -0.000000000000000000, 1.000000000000000000, 3.061616997868383141E-16 ) ) ;
#4658 = ORIENTED_EDGE ( 'NONE', *, *, #8912, .F. ) ;
#4659 = ORIENTED_EDGE ( 'NONE', *, *, #10457, .F. ) ;
#4660 = AXIS2_PLACEMENT_3D ( 'NONE', #8692, #7854, #4668 ) ;
#4661 = EDGE_CURVE ( 'NONE', #10678, #11925, #4486, .T. ) ;
#4662 = ORIENTED_EDGE ( 'NONE', *, *, #3055, .F. ) ;
#4663 = DIRECTION ( 'NONE',  ( -0.000000000000000000, 1.000000000000000000, 3.061616997868383141E-16 ) ) ;
#4664 = DIRECTION ( 'NONE',  ( 0.000000000000000000, 0.000000000000000000, 1.000000000000000000 ) ) ;
#4665 = CARTESIAN_POINT ( 'NONE',  ( 0.000000000000000000, 87.50000000000001421, 3.730185188303422936E-15 ) ) ;
#4666 = ORIENTED_EDGE ( 'NONE', *, *, #8229, .F. ) ;
#4668 = DIRECTION ( 'NONE',  ( 0.000000000000000000, 0.000000000000000000, 1.000000000000000000 ) ) ;
#4667 = AXIS2_PLACEMENT_3D ( 'NONE', #10117, #215, #9025 ) ;
#4669 = AXIS2_PLACEMENT_3D ( 'NONE', #4588, #644, #7522 ) ;
#4670 = CARTESIAN_POINT ( 'NONE',  ( 5.564609469704060452, -80.41022924428168039, -20.51740526521501451 ) ) ;
#4671 = DIRECTION ( 'NONE',  ( -4.930380657631323784E-32, 1.000000000000000000, 3.061616997868382648E-16 ) ) ;
#4672 = ORIENTED_EDGE ( 'NONE', *, *, #9811, .T. ) ;
#4673 = CARTESIAN_POINT ( 'NONE',  ( 21.23529932279543431, -80.41022924428168039, -3.363340998365065282 ) ) ;
#4674 = PLANE ( 'NONE',  #6810 ) ;
#4675 = ORIENTED_EDGE ( 'NONE', *, *, #6309, .F. ) ;
#4676 = ORIENTED_EDGE ( 'NONE', *, *, #5785, .F. ) ;
#4677 = ADVANCED_FACE ( 'NONE', ( #9808 ), #998, .T. ) ;
#4678 = EDGE_CURVE ( 'NONE', #578, #5635, #7749, .T. ) ;
#4679 = VERTEX_POINT ( 'NONE', #6929 ) ;
#4680 = CARTESIAN_POINT ( 'NONE',  ( 15.80925377108416718, 45.19999999999998863, -14.57111852952476916 ) ) ;
#4681 = DIRECTION ( 'NONE',  ( 9.860761315262647568E-32, 1.000000000000000000, 3.061616997868382155E-16 ) ) ;
#4682 = AXIS2_PLACEMENT_3D ( 'NONE', #11696, #1948, #7922 ) ;
#4683 = CARTESIAN_POINT ( 'NONE',  ( 0.9999999999999995559, -0.08254785179391528616, -2.795547851793915406 ) ) ;
#4684 = LINE ( 'NONE', #863, #5613 ) ;
#4685 = CARTESIAN_POINT ( 'NONE',  ( 17.39386537906129604, 45.19999999999998863, -12.38738292428823584 ) ) ;
#4686 = CYLINDRICAL_SURFACE ( 'NONE', #11551, 15.40000000000000746 ) ;
#4687 = ORIENTED_EDGE ( 'NONE', *, *, #8307, .T. ) ;
#4688 = CYLINDRICAL_SURFACE ( 'NONE', #5047, 0.2500000000000002220 ) ;
#4689 = CARTESIAN_POINT ( 'NONE',  ( -21.38222075041788628, -80.41022924428168039, -2.247361960254361968 ) ) ;
#4690 = CARTESIAN_POINT ( 'NONE',  ( -21.23529932279548049, -80.41022924428168039, -3.363340998364782841 ) ) ;
#4691 = ORIENTED_EDGE ( 'NONE', *, *, #3565, .F. ) ;
#4692 = LINE ( 'NONE', #8590, #2627 ) ;
#4693 = CARTESIAN_POINT ( 'NONE',  ( -18.49328953615734150, 51.20000000000000995, 10.96577594754940854 ) ) ;
#4694 = CIRCLE ( 'NONE', #6946, 0.2500000000000002220 ) ;
#4695 = VERTEX_POINT ( 'NONE', #7298 ) ;
#4696 = ORIENTED_EDGE ( 'NONE', *, *, #9083, .T. ) ;
#4697 = LINE ( 'NONE', #11233, #11200 ) ;
#4698 = DIRECTION ( 'NONE',  ( 0.000000000000000000, 0.000000000000000000, 1.000000000000000000 ) ) ;
#4699 = AXIS2_PLACEMENT_3D ( 'NONE', #12225, #487, #9342 ) ;
#4700 = ORIENTED_EDGE ( 'NONE', *, *, #11803, .T. ) ;
#4701 = CARTESIAN_POINT ( 'NONE',  ( 19.26884090911973857, -80.41022924428168039, 9.537388008203949497 ) ) ;
#4702 = DIRECTION ( 'NONE',  ( 0.000000000000000000, 3.061616997868383141E-16, -1.000000000000000000 ) ) ;
#4703 = TOROIDAL_SURFACE ( 'NONE', #1196, 47.85087804878048701, 0.005000000000000000104 ) ;
#4704 = ADVANCED_FACE ( 'NONE', ( #3507 ), #10253, .F. ) ;
#4705 = ADVANCED_FACE ( 'NONE', ( #5451 ), #6222, .T. ) ;
#4706 = ORIENTED_EDGE ( 'NONE', *, *, #1849, .F. ) ;
#4707 = ORIENTED_EDGE ( 'NONE', *, *, #604, .T. ) ;
#4708 = AXIS2_PLACEMENT_3D ( 'NONE', #27, #11594, #9741 ) ;
#4709 = ORIENTED_EDGE ( 'NONE', *, *, #8148, .F. ) ;
#4710 = DIRECTION ( 'NONE',  ( -0.000000000000000000, 1.000000000000000000, 3.061616997868383141E-16 ) ) ;
#4711 = CARTESIAN_POINT ( 'NONE',  ( -3.363340998365109691, 45.19999999999998863, -21.23529932279540944 ) ) ;
#4712 = ORIENTED_EDGE ( 'NONE', *, *, #10188, .F. ) ;
#4713 = AXIS2_PLACEMENT_3D ( 'NONE', #6991, #4361, #11850 ) ;
#4714 = CARTESIAN_POINT ( 'NONE',  ( 0.000000000000000000, 51.20000000000000995, -7.383484513958806747E-15 ) ) ;
#4715 = DIRECTION ( 'NONE',  ( -0.000000000000000000, 1.000000000000000000, 3.061616997868383141E-16 ) ) ;
#4716 = CARTESIAN_POINT ( 'NONE',  ( 10.53277056407845791, 45.19999999999998863, -18.74328531086482741 ) ) ;
#4717 = CARTESIAN_POINT ( 'NONE',  ( 7.704910915223833534, -80.41022924428168039, -20.07197916968989304 ) ) ;
#4718 = EDGE_CURVE ( 'NONE', #2195, #10279, #11148, .T. ) ;
#4719 = CIRCLE ( 'NONE', #7988, 21.50000000000001066 ) ;
#4720 = VERTEX_POINT ( 'NONE', #8325 ) ;
#4721 = EDGE_CURVE ( 'NONE', #2842, #262, #10125, .T. ) ;
#4722 = ORIENTED_EDGE ( 'NONE', *, *, #10975, .T. ) ;
#4723 = EDGE_CURVE ( 'NONE', #5117, #1594, #9387, .T. ) ;
#4724 = CIRCLE ( 'NONE', #3486, 0.2500000000000002220 ) ;
#4725 = DIRECTION ( 'NONE',  ( 0.000000000000000000, 0.000000000000000000, 1.000000000000000000 ) ) ;
#4726 = DIRECTION ( 'NONE',  ( 0.000000000000000000, 0.000000000000000000, -1.000000000000000000 ) ) ;
#4727 = CIRCLE ( 'NONE', #5350, 21.50000000000000000 ) ;
#4728 = DIRECTION ( 'NONE',  ( 0.000000000000000000, 0.000000000000000000, 1.000000000000000000 ) ) ;
#4729 = EDGE_LOOP ( 'NONE', ( #5943, #4496, #1165, #8016 ) ) ;
#4730 = CYLINDRICAL_SURFACE ( 'NONE', #7913, 21.50000000000000355 ) ;
#4731 = DIRECTION ( 'NONE',  ( 0.000000000000000000, -3.227392513445222318E-16, 1.000000000000000000 ) ) ;
#4732 = DIRECTION ( 'NONE',  ( -0.000000000000000000, 1.000000000000000000, 3.061616997868383141E-16 ) ) ;
#4733 = AXIS2_PLACEMENT_3D ( 'NONE', #7258, #10208, #1398 ) ;
#4734 = ADVANCED_FACE ( 'NONE', ( #8263 ), #4426, .F. ) ;
#4735 = ORIENTED_EDGE ( 'NONE', *, *, #12301, .F. ) ;
#4736 = DIRECTION ( 'NONE',  ( 0.000000000000000000, 0.000000000000000000, -1.000000000000000000 ) ) ;
#4737 = DIRECTION ( 'NONE',  ( 0.000000000000000000, 0.000000000000000000, -1.000000000000000000 ) ) ;
#4738 = VERTEX_POINT ( 'NONE', #10308 ) ;
#4739 = EDGE_CURVE ( 'NONE', #12138, #5401, #12056, .T. ) ;
#4740 = ORIENTED_EDGE ( 'NONE', *, *, #35, .T. ) ;
#4741 = EDGE_LOOP ( 'NONE', ( #4755, #932, #6059, #7879 ) ) ;
#4742 = DIRECTION ( 'NONE',  ( -0.000000000000000000, 1.000000000000000000, 3.061616997868383141E-16 ) ) ;
#4743 = CARTESIAN_POINT ( 'NONE',  ( 0.9963675561695453098, -0.08681650027686597937, -2.799816500276866460 ) ) ;
#4744 = DIRECTION ( 'NONE',  ( 0.000000000000000000, -0.7071067811865464625, -0.7071067811865486830 ) ) ;
#4745 = DIRECTION ( 'NONE',  ( 0.000000000000000000, -1.000000000000000000, -3.061616997868383141E-16 ) ) ;
#4746 = CARTESIAN_POINT ( 'NONE',  ( 0.000000000000000000, 45.20000000000000995, -9.220454712679835547E-15 ) ) ;
#4747 = ORIENTED_EDGE ( 'NONE', *, *, #9814, .F. ) ;
#4748 = CARTESIAN_POINT ( 'NONE',  ( -18.03141721082671367, -80.41022924428168039, -11.70973925282293848 ) ) ;
#4749 = CARTESIAN_POINT ( 'NONE',  ( 19.64122733931587206, 45.19999999999998863, -8.494837826129771230 ) ) ;
#4750 = CYLINDRICAL_SURFACE ( 'NONE', #3067, 0.2500000000000002220 ) ;
#4751 = EDGE_CURVE ( 'NONE', #12340, #2177, #7963, .T. ) ;
#4752 = EDGE_LOOP ( 'NONE', ( #12173, #4140, #2060, #7831 ) ) ;
#4753 = CARTESIAN_POINT ( 'NONE',  ( 2.326828918379970970E-15, 74.75000000000000000, 18.49999999999999645 ) ) ;
#4754 = DIRECTION ( 'NONE',  ( -7.395570986446986770E-32, 1.000000000000000000, 3.061616997868381662E-16 ) ) ;
#4755 = ORIENTED_EDGE ( 'NONE', *, *, #7387, .F. ) ;
#4756 = ORIENTED_EDGE ( 'NONE', *, *, #9962, .F. ) ;
#4757 = DIRECTION ( 'NONE',  ( -4.930380657631323784E-32, 1.000000000000000000, 3.061616997868383141E-16 ) ) ;
#4758 = CIRCLE ( 'NONE', #1251, 0.2500000000000002220 ) ;
#4759 = CARTESIAN_POINT ( 'NONE',  ( 4.470101352581692389, 45.19999999999998863, -20.78017341577682231 ) ) ;
#4760 = ORIENTED_EDGE ( 'NONE', *, *, #11656, .T. ) ;
#4761 = FACE_OUTER_BOUND ( 'NONE', #5384, .T. ) ;
#4762 = CARTESIAN_POINT ( 'NONE',  ( 5.564609469704060452, 51.19999999999999574, -20.76740526521497543 ) ) ;
#4763 = EDGE_CURVE ( 'NONE', #10256, #2768, #8373, .T. ) ;
#4764 = AXIS2_PLACEMENT_3D ( 'NONE', #11549, #5657, #4698 ) ;
#4765 = CIRCLE ( 'NONE', #2495, 0.2500000000000002220 ) ;
#4766 = VECTOR ( 'NONE', #2417, 1000.000000000000000 ) ;
#4767 = ORIENTED_EDGE ( 'NONE', *, *, #8427, .T. ) ;
#4768 = ORIENTED_EDGE ( 'NONE', *, *, #3932, .F. ) ;
#4769 = VERTEX_POINT ( 'NONE', #8200 ) ;
#4770 = CARTESIAN_POINT ( 'NONE',  ( 20.44771510034576067, 51.19999999999999574, -6.393865379061435483 ) ) ;
#4771 = DIRECTION ( 'NONE',  ( -0.000000000000000000, 1.000000000000000000, 3.061616997868383141E-16 ) ) ;
#4772 = EDGE_LOOP ( 'NONE', ( #12666, #6572 ) ) ;
#4773 = AXIS2_PLACEMENT_3D ( 'NONE', #8510, #852, #4736 ) ;
#4774 = AXIS2_PLACEMENT_3D ( 'NONE', #10014, #2047, #9954 ) ;
#4775 = DIRECTION ( 'NONE',  ( -4.930380657631323784E-32, 1.000000000000000000, 3.061616997868383634E-16 ) ) ;
#4776 = CARTESIAN_POINT ( 'NONE',  ( 19.15664027004985215, 45.19999999999998863, -9.510795744400319052 ) ) ;
#4777 = DIRECTION ( 'NONE',  ( 9.860761315262647568E-32, 1.000000000000000000, 3.061616997868382155E-16 ) ) ;
#4778 = DIRECTION ( 'NONE',  ( 0.000000000000000000, 0.000000000000000000, 1.000000000000000000 ) ) ;
#4779 = CYLINDRICAL_SURFACE ( 'NONE', #12372, 0.2500000000000002220 ) ;
#4780 = VERTEX_POINT ( 'NONE', #5267 ) ;
#4781 = AXIS2_PLACEMENT_3D ( 'NONE', #6232, #1254, #4373 ) ;
#4782 = CIRCLE ( 'NONE', #7636, 21.50000000000000000 ) ;
#4783 = ORIENTED_EDGE ( 'NONE', *, *, #2346, .F. ) ;
#4784 = AXIS2_PLACEMENT_3D ( 'NONE', #8090, #1981, #4059 ) ;
#4785 = EDGE_CURVE ( 'NONE', #11022, #1720, #1194, .T. ) ;
#4786 = CARTESIAN_POINT ( 'NONE',  ( 1.125223059223148248, 51.19999999999999574, -21.47053499722331793 ) ) ;
#4787 = EDGE_CURVE ( 'NONE', #1045, #5681, #1805, .T. ) ;
#4788 = CARTESIAN_POINT ( 'NONE',  ( -6.881176337034721868, -80.41022924428169460, 20.36907980785170125 ) ) ;
#4789 = LINE ( 'NONE', #3628, #10332 ) ;
#4790 = CIRCLE ( 'NONE', #5409, 47.85087804878074280 ) ;
#4791 =( GEOMETRIC_REPRESENTATION_CONTEXT ( 3 ) GLOBAL_UNCERTAINTY_ASSIGNED_CONTEXT ( ( #10089 ) ) GLOBAL_UNIT_ASSIGNED_CONTEXT ( ( #11776, #2796, #3965 ) ) REPRESENTATION_CONTEXT ( 'NONE', 'WORKASPACE' ) );
#4792 = CARTESIAN_POINT ( 'NONE',  ( -15.80925377108436614, -80.41022924428168039, -14.57111852952459330 ) ) ;
#4793 = ORIENTED_EDGE ( 'NONE', *, *, #3845, .F. ) ;
#4794 = DIRECTION ( 'NONE',  ( 0.000000000000000000, -3.227392513445222318E-16, 1.000000000000000000 ) ) ;
#4795 = EDGE_CURVE ( 'NONE', #109, #9762, #6747, .T. ) ;
#4796 = VECTOR ( 'NONE', #7682, 999.9999999999998863 ) ;
#4797 = CARTESIAN_POINT ( 'NONE',  ( -17.89404075541382966, 51.19999999999999574, -11.91861172467619667 ) ) ;
#4798 = CARTESIAN_POINT ( 'NONE',  ( -1.000000000000000444, 0.07348327417852822119, -2.639516725821478449 ) ) ;
#4799 = CARTESIAN_POINT ( 'NONE',  ( 2.234980408443919215E-15, 74.75000000000000000, 18.24999999999999645 ) ) ;
#4800 = DIRECTION ( 'NONE',  ( 0.000000000000000000, 0.000000000000000000, -1.000000000000000000 ) ) ;
#4801 = ORIENTED_EDGE ( 'NONE', *, *, #6866, .F. ) ;
#4802 = ORIENTED_EDGE ( 'NONE', *, *, #3599, .T. ) ;
#4803 = CIRCLE ( 'NONE', #1909, 21.50000000000001066 ) ;
#4804 = AXIS2_PLACEMENT_3D ( 'NONE', #3644, #5703, #7609 ) ;
#4805 = EDGE_CURVE ( 'NONE', #3880, #9220, #4500, .T. ) ;
#4806 = VECTOR ( 'NONE', #6579, 1000.000000000000000 ) ;
#4807 = CIRCLE ( 'NONE', #5624, 19.50000000000000355 ) ;
#4808 = ORIENTED_EDGE ( 'NONE', *, *, #8989, .F. ) ;
#4809 = DIRECTION ( 'NONE',  ( 0.000000000000000000, -3.227392513445222318E-16, 1.000000000000000000 ) ) ;
#4810 = ADVANCED_FACE ( 'NONE', ( #6469 ), #1561, .F. ) ;
#4811 = CARTESIAN_POINT ( 'NONE',  ( 16.55018116000694306, 45.20000000000000284, 13.72375690439580254 ) ) ;
#4812 = DIRECTION ( 'NONE',  ( 0.000000000000000000, 0.000000000000000000, 1.000000000000000000 ) ) ;
#4813 = CARTESIAN_POINT ( 'NONE',  ( 20.76740526521493635, 45.19999999999998863, -5.564609469704264733 ) ) ;
#4814 = LINE ( 'NONE', #8707, #3559 ) ;
#4815 = ORIENTED_EDGE ( 'NONE', *, *, #3727, .F. ) ;
#4816 = DIRECTION ( 'NONE',  ( 0.000000000000000000, -1.000000000000000000, -3.061616997868383141E-16 ) ) ;
#4817 = ADVANCED_FACE ( 'NONE', ( #357 ), #12103, .T. ) ;
#4818 = AXIS2_PLACEMENT_3D ( 'NONE', #6587, #11955, #6197 ) ;
#4819 = DIRECTION ( 'NONE',  ( -4.930380657631323784E-32, 1.000000000000000000, 3.061616997868382648E-16 ) ) ;
#4820 = CARTESIAN_POINT ( 'NONE',  ( 14.38630803671536462, -80.41022924428168039, -15.97761374776406385 ) ) ;
#4821 = ORIENTED_EDGE ( 'NONE', *, *, #4956, .T. ) ;
#4822 = CARTESIAN_POINT ( 'NONE',  ( 18.61954618136537576, -80.41022924428168039, -10.75000000000010658 ) ) ;
#4823 = DIRECTION ( 'NONE',  ( 0.000000000000000000, 0.000000000000000000, 1.000000000000000000 ) ) ;
#4824 = CONICAL_SURFACE ( 'NONE', #9717, 18.49999999999999645, 0.2094395102393203645 ) ;
#4825 = ORIENTED_EDGE ( 'NONE', *, *, #1255, .T. ) ;
#4826 = AXIS2_PLACEMENT_3D ( 'NONE', #8147, #11164, #181 ) ;
#4827 = LINE ( 'NONE', #8718, #2929 ) ;
#4828 = EDGE_CURVE ( 'NONE', #6325, #6649, #11930, .T. ) ;
#4829 = ORIENTED_EDGE ( 'NONE', *, *, #6372, .T. ) ;
#4830 = CARTESIAN_POINT ( 'NONE',  ( 12.83877941551890522, -80.41022924428169460, 17.24574565275872828 ) ) ;
#4831 = CARTESIAN_POINT ( 'NONE',  ( 12.43427775499851862, 51.19999999999999574, -17.53963331177562424 ) ) ;
#4832 = VERTEX_POINT ( 'NONE', #4363 ) ;
#4833 = DIRECTION ( 'NONE',  ( -0.000000000000000000, 1.000000000000000000, 3.061616997868383141E-16 ) ) ;
#4834 = DIRECTION ( 'NONE',  ( 0.000000000000000000, 0.000000000000000000, 1.000000000000000000 ) ) ;
#4835 = VERTEX_POINT ( 'NONE', #10561 ) ;
#4836 = ORIENTED_EDGE ( 'NONE', *, *, #5631, .F. ) ;
#4837 = EDGE_CURVE ( 'NONE', #10199, #8723, #10492, .T. ) ;
#4838 = VECTOR ( 'NONE', #7612, 999.9999999999998863 ) ;
#4839 = VERTEX_POINT ( 'NONE', #917 ) ;
#4840 = CARTESIAN_POINT ( 'NONE',  ( 21.48216726873253535, -80.41022924428168039, -0.8754938253328928832 ) ) ;
#4841 = CARTESIAN_POINT ( 'NONE',  ( 21.47053499722332504, -80.41022924428168039, -0.8752230592233927187 ) ) ;
#4842 = ORIENTED_EDGE ( 'NONE', *, *, #6039, .T. ) ;
#4843 = LINE ( 'NONE', #11744, #2289 ) ;
#4844 = CARTESIAN_POINT ( 'NONE',  ( 0.9979693847162174336, -0.08598665755357107199, -2.798986657553571344 ) ) ;
#4845 = DIRECTION ( 'NONE',  ( 0.000000000000000000, 0.000000000000000000, 1.000000000000000000 ) ) ;
#4846 = CARTESIAN_POINT ( 'NONE',  ( 21.08072873382967316, -80.41022924428168039, 4.225266388133078976 ) ) ;
#4847 = CARTESIAN_POINT ( 'NONE',  ( 21.27297168455582010, 45.19999999999998863, 3.116195710812433628 ) ) ;
#4848 = ORIENTED_EDGE ( 'NONE', *, *, #4324, .T. ) ;
#4849 = ORIENTED_EDGE ( 'NONE', *, *, #10886, .F. ) ;
#4850 = EDGE_CURVE ( 'NONE', #12175, #1564, #1665, .T. ) ;
#4851 = AXIS2_PLACEMENT_3D ( 'NONE', #6734, #10825, #808 ) ;
#4852 = DIRECTION ( 'NONE',  ( 0.000000000000000000, -3.227392513445220839E-16, 1.000000000000000000 ) ) ;
#4853 = VERTEX_POINT ( 'NONE', #5697 ) ;
#4854 = DIRECTION ( 'NONE',  ( 1.000000000000000000, 0.000000000000000000, 0.000000000000000000 ) ) ;
#4855 = DIRECTION ( 'NONE',  ( 0.000000000000000000, -1.000000000000000000, -3.061616997868383141E-16 ) ) ;
#4856 = CARTESIAN_POINT ( 'NONE',  ( -19.15664027004999070, 45.19999999999998863, -9.510795744400052598 ) ) ;
#4857 = ORIENTED_EDGE ( 'NONE', *, *, #12338, .T. ) ;
#4858 = CARTESIAN_POINT ( 'NONE',  ( -9.760795744400400764, -80.41022924428168039, -19.15664027004984504 ) ) ;
#4859 = DIRECTION ( 'NONE',  ( -0.000000000000000000, 1.000000000000000000, 3.061616997868383141E-16 ) ) ;
#4860 = CARTESIAN_POINT ( 'NONE',  ( -0.9998813553147612998, 0.07408534169292188554, -2.638914658307079719 ) ) ;
#4861 = CYLINDRICAL_SURFACE ( 'NONE', #3127, 0.2500000000000002220 ) ;
#4862 = CIRCLE ( 'NONE', #3010, 47.84587804878049155 ) ;
#4863 = CARTESIAN_POINT ( 'NONE',  ( 4.470101352581692389, 45.19999999999998863, -21.03017341577682231 ) ) ;
#4864 = ORIENTED_EDGE ( 'NONE', *, *, #1848, .T. ) ;
#4865 = EDGE_CURVE ( 'NONE', #11456, #10914, #3540, .T. ) ;
#4866 = EDGE_LOOP ( 'NONE', ( #9144, #2669, #8102, #7499 ) ) ;
#4867 = EDGE_CURVE ( 'NONE', #4450, #8858, #11515, .T. ) ;
#4868 = ORIENTED_EDGE ( 'NONE', *, *, #10149, .T. ) ;
#4869 = AXIS2_PLACEMENT_3D ( 'NONE', #444, #6180, #10022 ) ;
#4870 = CARTESIAN_POINT ( 'NONE',  ( -10.75000000000014744, 45.19999999999998863, -18.61954618136532247 ) ) ;
#4871 = DIRECTION ( 'NONE',  ( -0.000000000000000000, 1.000000000000000000, 3.061616997868383141E-16 ) ) ;
#4872 = CARTESIAN_POINT ( 'NONE',  ( -3.610031534565724787, -80.41022924428168039, -21.19475577399846955 ) ) ;
#4873 = DIRECTION ( 'NONE',  ( -9.860761315262647568E-32, 1.000000000000000000, 3.061616997868381662E-16 ) ) ;
#4874 = ORIENTED_EDGE ( 'NONE', *, *, #3703, .F. ) ;
#4875 = CARTESIAN_POINT ( 'NONE',  ( 0.000000000000000000, 51.20000000000000995, -7.383484513958806747E-15 ) ) ;
#4876 = CARTESIAN_POINT ( 'NONE',  ( 1.065261225492411370E-15, 87.50000000000001421, -8.698518023597394233 ) ) ;
#4877 = CARTESIAN_POINT ( 'NONE',  ( 0.2499957747073984216, -80.41022924428168039, -21.49854651162791797 ) ) ;
#4878 = ORIENTED_EDGE ( 'NONE', *, *, #5496, .F. ) ;
#4879 = DIRECTION ( 'NONE',  ( 0.000000000000000000, -1.000000000000000000, -3.061616997868383141E-16 ) ) ;
#4880 = DIRECTION ( 'NONE',  ( 0.000000000000000000, -1.000000000000000000, -3.061616997868383141E-16 ) ) ;
#4881 = ADVANCED_FACE ( 'NONE', ( #2790 ), #2857, .T. ) ;
#4882 = AXIS2_PLACEMENT_3D ( 'NONE', #8296, #12129, #10400 ) ;
#4883 = VERTEX_POINT ( 'NONE', #4607 ) ;
#4884 = AXIS2_PLACEMENT_3D ( 'NONE', #1232, #7340, #5185 ) ;
#4885 = DIRECTION ( 'NONE',  ( 0.000000000000000000, -1.000000000000000000, -3.061616997868383141E-16 ) ) ;
#4886 = CARTESIAN_POINT ( 'NONE',  ( 19.04184949573536656, -80.41022924428168039, 9.982883740771583803 ) ) ;
#4887 = ORIENTED_EDGE ( 'NONE', *, *, #11209, .T. ) ;
#4888 = CARTESIAN_POINT ( 'NONE',  ( 0.000000000000000000, 45.20000000000000995, -9.220454712679835547E-15 ) ) ;
#4889 = CARTESIAN_POINT ( 'NONE',  ( 0.000000000000000000, 80.00000000000000000, 7.217593954060189491E-31 ) ) ;
#4890 = DIRECTION ( 'NONE',  ( -0.000000000000000000, 1.000000000000000000, 3.061616997868383141E-16 ) ) ;
#4891 = ORIENTED_EDGE ( 'NONE', *, *, #5514, .T. ) ;
#4892 = DIRECTION ( 'NONE',  ( 0.000000000000000000, -1.000000000000000000, -3.061616997868383141E-16 ) ) ;
#4893 = CIRCLE ( 'NONE', #5310, 21.50000000000001066 ) ;
#4894 = CYLINDRICAL_SURFACE ( 'NONE', #2853, 0.2500000000000002220 ) ;
#4895 = AXIS2_PLACEMENT_3D ( 'NONE', #12702, #9906, #4906 ) ;
#4896 = EDGE_CURVE ( 'NONE', #6098, #8250, #7230, .T. ) ;
#4897 = ORIENTED_EDGE ( 'NONE', *, *, #4048, .T. ) ;
#4898 = VERTEX_POINT ( 'NONE', #4799 ) ;
#4899 = AXIS2_PLACEMENT_3D ( 'NONE', #1060, #4946, #8836 ) ;
#4900 = ORIENTED_EDGE ( 'NONE', *, *, #5935, .T. ) ;
#4901 = CARTESIAN_POINT ( 'NONE',  ( 10.53277056407862133, 51.19999999999999574, -18.74328531086477057 ) ) ;
#4902 = DIRECTION ( 'NONE',  ( 0.000000000000000000, -3.227392513445222318E-16, 1.000000000000000000 ) ) ;
#4903 = ORIENTED_EDGE ( 'NONE', *, *, #3625, .F. ) ;
#4904 = LINE ( 'NONE', #6825, #9884 ) ;
#4905 = CARTESIAN_POINT ( 'NONE',  ( 0.000000000000000000, 45.20000000000000995, -9.220454712679835547E-15 ) ) ;
#4906 = DIRECTION ( 'NONE',  ( 0.000000000000000000, -3.227392513445222318E-16, 1.000000000000000000 ) ) ;
#4907 = CARTESIAN_POINT ( 'NONE',  ( 0.000000000000000000, 87.50000000000001421, 3.730185188303422936E-15 ) ) ;
#4908 = ADVANCED_FACE ( 'NONE', ( #6660 ), #9651, .F. ) ;
#4909 = EDGE_CURVE ( 'NONE', #11542, #8628, #1055, .T. ) ;
#4910 = ORIENTED_EDGE ( 'NONE', *, *, #7559, .T. ) ;
#4911 = ORIENTED_EDGE ( 'NONE', *, *, #7250, .F. ) ;
#4912 = CIRCLE ( 'NONE', #2015, 0.2500000000000002220 ) ;
#4913 = DIRECTION ( 'NONE',  ( -0.000000000000000000, 1.000000000000000000, 3.061616997868383141E-16 ) ) ;
#4914 = CIRCLE ( 'NONE', #185, 21.50000000000001066 ) ;
#4915 = VERTEX_POINT ( 'NONE', #9724 ) ;
#4916 = DIRECTION ( 'NONE',  ( -1.848892746611746693E-32, 1.000000000000000000, 3.061616997868381662E-16 ) ) ;
#4917 = LINE ( 'NONE', #1749, #8685 ) ;
#4918 = CARTESIAN_POINT ( 'NONE',  ( -8.744837826129456815, -80.41022924428169460, 19.64122733931599640 ) ) ;
#4919 = ORIENTED_EDGE ( 'NONE', *, *, #9665, .T. ) ;
#4920 = DIRECTION ( 'NONE',  ( 0.000000000000000000, 0.000000000000000000, -1.000000000000000000 ) ) ;
#4921 = CIRCLE ( 'NONE', #2633, 21.50000000000001066 ) ;
#4922 = DIRECTION ( 'NONE',  ( 0.000000000000000000, 0.000000000000000000, 1.000000000000000000 ) ) ;
#4923 = AXIS2_PLACEMENT_3D ( 'NONE', #4253, #8149, #7892 ) ;
#4924 = CARTESIAN_POINT ( 'NONE',  ( -16.55018116000674411, 51.20000000000000995, 13.72375690439601925 ) ) ;
#4925 = ADVANCED_FACE ( 'NONE', ( #7543 ), #4861, .F. ) ;
#4926 = CARTESIAN_POINT ( 'NONE',  ( 15.02499431646303663, 51.20000000000000995, 15.37854173158993376 ) ) ;
#4927 = DIRECTION ( 'NONE',  ( -1.000000000000000000, -0.000000000000000000, -0.000000000000000000 ) ) ;
#4928 = ORIENTED_EDGE ( 'NONE', *, *, #9354, .T. ) ;
#4929 = AXIS2_PLACEMENT_3D ( 'NONE', #8072, #222, #11979 ) ;
#4930 = EDGE_LOOP ( 'NONE', ( #2274, #7313, #10487, #5018 ) ) ;
#4931 = ORIENTED_EDGE ( 'NONE', *, *, #4805, .T. ) ;
#4932 = VECTOR ( 'NONE', #11849, 1000.000000000000000 ) ;
#4933 = CARTESIAN_POINT ( 'NONE',  ( 0.000000000000000000, 0.000000000000000000, 0.000000000000000000 ) ) ;
#4934 = DIRECTION ( 'NONE',  ( -0.000000000000000000, 1.000000000000000000, 3.061616997868383141E-16 ) ) ;
#4935 = CYLINDRICAL_SURFACE ( 'NONE', #7254, 0.2500000000000002220 ) ;
#4936 = EDGE_CURVE ( 'NONE', #1515, #6971, #1623, .T. ) ;
#4937 = AXIS2_PLACEMENT_3D ( 'NONE', #4346, #11374, #9263 ) ;
#4938 = DIRECTION ( 'NONE',  ( 0.000000000000000000, 0.000000000000000000, 1.000000000000000000 ) ) ;
#4939 = CARTESIAN_POINT ( 'NONE',  ( 8.744837826129582936, 45.19999999999998863, -19.64122733931594311 ) ) ;
#4940 = VERTEX_POINT ( 'NONE', #792 ) ;
#4941 = CARTESIAN_POINT ( 'NONE',  ( 21.45599973288052098, -80.41022924428168039, -1.374800153706210004 ) ) ;
#4942 = CARTESIAN_POINT ( 'NONE',  ( -18.61954618136552142, 51.19999999999999574, -10.49999999999980460 ) ) ;
#4943 = DIRECTION ( 'NONE',  ( -4.930380657631323784E-32, 1.000000000000000000, 3.061616997868381169E-16 ) ) ;
#4944 = ORIENTED_EDGE ( 'NONE', *, *, #5656, .F. ) ;
#4945 = EDGE_CURVE ( 'NONE', #997, #1762, #12470, .T. ) ;
#4946 = DIRECTION ( 'NONE',  ( -0.000000000000000000, 1.000000000000000000, 3.061616997868383141E-16 ) ) ;
#4947 = PLANE ( 'NONE',  #3668 ) ;
#4948 = ORIENTED_EDGE ( 'NONE', *, *, #2943, .F. ) ;
#4949 = ORIENTED_EDGE ( 'NONE', *, *, #5192, .F. ) ;
#4950 = CIRCLE ( 'NONE', #3088, 21.50000000000001066 ) ;
#4951 = CARTESIAN_POINT ( 'NONE',  ( -0.9986307217673185965, 0.07615070674710007481, -2.636849293252903070 ) ) ;
#4952 = EDGE_CURVE ( 'NONE', #4300, #3426, #10293, .T. ) ;
#4953 = DIRECTION ( 'NONE',  ( 0.000000000000000000, 0.000000000000000000, 1.000000000000000000 ) ) ;
#4954 = ORIENTED_EDGE ( 'NONE', *, *, #10748, .T. ) ;
#4955 = DIRECTION ( 'NONE',  ( 0.000000000000000000, -3.227392513445220839E-16, 1.000000000000000000 ) ) ;
#4956 = EDGE_CURVE ( 'NONE', #6744, #9064, #6531, .T. ) ;
#4957 = EDGE_CURVE ( 'NONE', #6146, #88, #9267, .T. ) ;
#4958 = DIRECTION ( 'NONE',  ( -0.000000000000000000, 1.000000000000000000, 3.061616997868383141E-16 ) ) ;
#4959 = CARTESIAN_POINT ( 'NONE',  ( 0.000000000000000000, 87.50000000000001421, 3.730185188303422936E-15 ) ) ;
#4960 = VERTEX_POINT ( 'NONE', #5563 ) ;
#4961 = CARTESIAN_POINT ( 'NONE',  ( 12.63738292428807419, 51.19999999999999574, -17.39386537906140973 ) ) ;
#4962 = CARTESIAN_POINT ( 'NONE',  ( 21.49854651162789310, -80.41022924428168039, 0.2499957747072987235 ) ) ;
#4963 = EDGE_CURVE ( 'NONE', #2082, #10183, #854, .T. ) ;
#4964 = ORIENTED_EDGE ( 'NONE', *, *, #8402, .F. ) ;
#4965 = ORIENTED_EDGE ( 'NONE', *, *, #11170, .T. ) ;
#4966 = EDGE_CURVE ( 'NONE', #5482, #1660, #4374, .T. ) ;
#4967 = ORIENTED_EDGE ( 'NONE', *, *, #2661, .T. ) ;
#4968 = DIRECTION ( 'NONE',  ( -0.000000000000000000, 1.000000000000000000, 3.061616997868383141E-16 ) ) ;
#4969 = EDGE_CURVE ( 'NONE', #8702, #210, #4574, .T. ) ;
#4970 = AXIS2_PLACEMENT_3D ( 'NONE', #6965, #8809, #8686 ) ;
#4971 = DIRECTION ( 'NONE',  ( 0.000000000000000000, -3.227392513445220839E-16, 1.000000000000000000 ) ) ;
#4972 = ORIENTED_EDGE ( 'NONE', *, *, #4033, .F. ) ;
#4973 = CARTESIAN_POINT ( 'NONE',  ( 15.02499431646295314, 51.19999999999999574, -15.37854173159003324 ) ) ;
#4974 = FACE_OUTER_BOUND ( 'NONE', #9475, .T. ) ;
#4975 = ADVANCED_FACE ( 'NONE', ( #9790 ), #11698, .T. ) ;
#4976 = AXIS2_PLACEMENT_3D ( 'NONE', #6671, #5642, #9539 ) ;
#4977 = LINE ( 'NONE', #11748, #1172 ) ;
#4978 = VECTOR ( 'NONE', #1994, 1000.000000000000000 ) ;
#4979 = CARTESIAN_POINT ( 'NONE',  ( 1.065261225492411370E-15, 3.750000000000005773, -8.698518023597419102 ) ) ;
#4980 = ORIENTED_EDGE ( 'NONE', *, *, #4367, .F. ) ;
#4981 = AXIS2_PLACEMENT_3D ( 'NONE', #1250, #3259, #9158 ) ;
#4982 = DIRECTION ( 'NONE',  ( 0.000000000000000000, 0.000000000000000000, 1.000000000000000000 ) ) ;
#4983 = ORIENTED_EDGE ( 'NONE', *, *, #11061, .F. ) ;
#4984 = ORIENTED_EDGE ( 'NONE', *, *, #10864, .T. ) ;
#4985 = CIRCLE ( 'NONE', #12130, 21.50000000000000000 ) ;
#4986 = CARTESIAN_POINT ( 'NONE',  ( 0.000000000000000000, 79.00000000000000000, 1.127810740115296699E-15 ) ) ;
#4987 = VECTOR ( 'NONE', #8811, 1000.000000000000000 ) ;
#4988 = EDGE_CURVE ( 'NONE', #12219, #6797, #1267, .T. ) ;
#4989 = ORIENTED_EDGE ( 'NONE', *, *, #3922, .F. ) ;
#4990 = DIRECTION ( 'NONE',  ( -0.000000000000000000, 1.000000000000000000, 3.061616997868383141E-16 ) ) ;
#4991 = CARTESIAN_POINT ( 'NONE',  ( 0.000000000000000000, 80.00000000000000000, 2.449293598294706434E-14 ) ) ;
#4992 = ORIENTED_EDGE ( 'NONE', *, *, #5719, .T. ) ;
#4993 = CYLINDRICAL_SURFACE ( 'NONE', #12626, 0.2500000000000002220 ) ;
#4994 = FACE_OUTER_BOUND ( 'NONE', #6467, .T. ) ;
#4995 = PRODUCT ( 'nikon_mrd77226_20x1.0_water_objective', 'nikon_mrd77226_20x1.0_water_objective', '', ( #4517 ) ) ;
#4996 = CARTESIAN_POINT ( 'NONE',  ( 0.000000000000000000, 51.20000000000000995, -7.383484513958806747E-15 ) ) ;
#4997 = DIRECTION ( 'NONE',  ( 0.000000000000000000, -3.227392513445220839E-16, 1.000000000000000000 ) ) ;
#4998 = CIRCLE ( 'NONE', #11732, 0.2500000000000002220 ) ;
#4999 = CARTESIAN_POINT ( 'NONE',  ( 0.000000000000000000, 75.00000000000000000, -9.683605903205802417E-17 ) ) ;
#5000 = CIRCLE ( 'NONE', #11116, 0.2500000000000002220 ) ;
#5001 = EDGE_LOOP ( 'NONE', ( #9159, #10992, #7763, #6115 ) ) ;
#5002 = EDGE_LOOP ( 'NONE', ( #2501, #2418, #6042, #9223 ) ) ;
#5003 = AXIS2_PLACEMENT_3D ( 'NONE', #7552, #11400, #11219 ) ;
#5004 = EDGE_LOOP ( 'NONE', ( #12152, #12270, #12438, #8370 ) ) ;
#5005 = DIRECTION ( 'NONE',  ( 0.000000000000000000, 0.000000000000000000, 1.000000000000000000 ) ) ;
#5006 = AXIS2_PLACEMENT_3D ( 'NONE', #255, #192, #3285 ) ;
#5007 = EDGE_CURVE ( 'NONE', #2893, #2438, #6217, .T. ) ;
#5008 = AXIS2_PLACEMENT_3D ( 'NONE', #10152, #11234, #1464 ) ;
#5009 = CYLINDRICAL_SURFACE ( 'NONE', #12197, 0.2500000000000002220 ) ;
#5010 = DIRECTION ( 'NONE',  ( -0.000000000000000000, 1.000000000000000000, 3.061616997868383141E-16 ) ) ;
#5011 = CIRCLE ( 'NONE', #8056, 21.50000000000000000 ) ;
#5012 = DIRECTION ( 'NONE',  ( 1.000000000000000000, 0.000000000000000000, 0.000000000000000000 ) ) ;
#5013 = FACE_OUTER_BOUND ( 'NONE', #9966, .T. ) ;
#5014 = ORIENTED_EDGE ( 'NONE', *, *, #2527, .T. ) ;
#5015 = LINE ( 'NONE', #4941, #12008 ) ;
#5016 = DIRECTION ( 'NONE',  ( 0.000000000000000000, -1.000000000000000000, -3.061616997868383141E-16 ) ) ;
#5017 = DIRECTION ( 'NONE',  ( 0.000000000000000000, 0.000000000000000000, 1.000000000000000000 ) ) ;
#5018 = ORIENTED_EDGE ( 'NONE', *, *, #676, .T. ) ;
#5019 = FACE_OUTER_BOUND ( 'NONE', #12635, .T. ) ;
#5020 = DIRECTION ( 'NONE',  ( 9.860761315262647568E-32, 1.000000000000000000, 3.061616997868382648E-16 ) ) ;
#5021 = ORIENTED_EDGE ( 'NONE', *, *, #6287, .F. ) ;
#5022 =( GEOMETRIC_REPRESENTATION_CONTEXT ( 3 ) GLOBAL_UNCERTAINTY_ASSIGNED_CONTEXT ( ( #321 ) ) GLOBAL_UNIT_ASSIGNED_CONTEXT ( ( #9316, #8357, #11244 ) ) REPRESENTATION_CONTEXT ( 'NONE', 'WORKASPACE' ) );
#5023 = ORIENTED_EDGE ( 'NONE', *, *, #3312, .T. ) ;
#5024 = CIRCLE ( 'NONE', #12159, 0.2500000000000002220 ) ;
#5025 = LINE ( 'NONE', #11857, #4181 ) ;
#5026 = EDGE_CURVE ( 'NONE', #5117, #11456, #2078, .T. ) ;
#5027 = CARTESIAN_POINT ( 'NONE',  ( 5.805710654484526501, 51.20000000000000995, 20.70129763556875346 ) ) ;
#5028 = ORIENTED_EDGE ( 'NONE', *, *, #3124, .F. ) ;
#5029 = DIRECTION ( 'NONE',  ( -0.000000000000000000, 1.000000000000000000, 3.061616997868383141E-16 ) ) ;
#5030 = CARTESIAN_POINT ( 'NONE',  ( 21.03017341577679389, 45.19999999999998863, -4.220101352581890453 ) ) ;
#5031 = LINE ( 'NONE', #179, #1893 ) ;
#5032 = ORIENTED_EDGE ( 'NONE', *, *, #8355, .T. ) ;
#5033 = DIRECTION ( 'NONE',  ( -0.000000000000000000, 1.000000000000000000, 3.061616997868383141E-16 ) ) ;
#5034 = AXIS2_PLACEMENT_3D ( 'NONE', #8954, #10047, #11965 ) ;
#5035 = AXIS2_PLACEMENT_3D ( 'NONE', #5875, #8883, #7852 ) ;
#5036 = CYLINDRICAL_SURFACE ( 'NONE', #2442, 15.65000000000000391 ) ;
#5037 =( REPRESENTATION_RELATIONSHIP ('NONE','NONE', #4640, #3317 ) REPRESENTATION_RELATIONSHIP_WITH_TRANSFORMATION ( #9251 )SHAPE_REPRESENTATION_RELATIONSHIP( ) );
#5038 = CIRCLE ( 'NONE', #4215, 21.50000000000001066 ) ;
#5039 = EDGE_CURVE ( 'NONE', #3333, #1547, #2505, .T. ) ;
#5040 = ORIENTED_EDGE ( 'NONE', *, *, #7843, .T. ) ;
#5041 = ORIENTED_EDGE ( 'NONE', *, *, #8261, .F. ) ;
#5042 = EDGE_CURVE ( 'NONE', #17, #3222, #9470, .T. ) ;
#5043 = ORIENTED_EDGE ( 'NONE', *, *, #3481, .T. ) ;
#5044 = CARTESIAN_POINT ( 'NONE',  ( -21.48216726873254601, 45.19999999999998863, 0.8754938253332058551 ) ) ;
#5045 = CARTESIAN_POINT ( 'NONE',  ( -15.02499431646317696, 45.19999999999998863, -15.37854173158983251 ) ) ;
#5046 = VERTEX_POINT ( 'NONE', #7990 ) ;
#5047 = AXIS2_PLACEMENT_3D ( 'NONE', #743, #679, #8339 ) ;
#5048 = DIRECTION ( 'NONE',  ( -0.000000000000000000, 1.000000000000000000, 3.061616997868383141E-16 ) ) ;
#5049 = CARTESIAN_POINT ( 'NONE',  ( 21.47053499722333214, 51.19999999999999574, 1.125223059223238842 ) ) ;
#5050 = DIRECTION ( 'NONE',  ( -0.000000000000000000, 1.000000000000000000, 3.061616997868383141E-16 ) ) ;
#5051 = ORIENTED_EDGE ( 'NONE', *, *, #8530, .F. ) ;
#5052 = EDGE_CURVE ( 'NONE', #2177, #598, #5999, .T. ) ;
#5053 = ORIENTED_EDGE ( 'NONE', *, *, #10514, .F. ) ;
#5054 = AXIS2_PLACEMENT_3D ( 'NONE', #7308, #12178, #3328 ) ;
#5055 = EDGE_CURVE ( 'NONE', #6146, #12646, #7924, .T. ) ;
#5056 = VERTEX_POINT ( 'NONE', #9860 ) ;
#5057 = CARTESIAN_POINT ( 'NONE',  ( 0.000000000000000000, 74.75000000000000000, -1.733764839787674301E-16 ) ) ;
#5058 = DIRECTION ( 'NONE',  ( -0.000000000000000000, 1.000000000000000000, 3.061616997868383141E-16 ) ) ;
#5059 = DIRECTION ( 'NONE',  ( 0.000000000000000000, 0.000000000000000000, 1.000000000000000000 ) ) ;
#5060 = ORIENTED_EDGE ( 'NONE', *, *, #3162, .T. ) ;
#5061 = DIRECTION ( 'NONE',  ( 0.000000000000000000, -0.7071067811865517916, -0.7071067811865433539 ) ) ;
#5062 = AXIS2_PLACEMENT_3D ( 'NONE', #1181, #8190, #7160 ) ;
#5063 = DIRECTION ( 'NONE',  ( -9.860761315262647568E-32, 1.000000000000000000, 3.061616997868381662E-16 ) ) ;
#5064 = CARTESIAN_POINT ( 'NONE',  ( 21.19475577399845534, 45.19999999999998863, -3.610031534565641742 ) ) ;
#5065 = EDGE_CURVE ( 'NONE', #6753, #10683, #8247, .T. ) ;
#5066 = DIRECTION ( 'NONE',  ( 0.000000000000000000, -3.227392513445222318E-16, 1.000000000000000000 ) ) ;
#5067 = DIRECTION ( 'NONE',  ( -0.000000000000000000, 1.000000000000000000, 3.061616997868383141E-16 ) ) ;
#5068 = ORIENTED_EDGE ( 'NONE', *, *, #968, .T. ) ;
#5069 = EDGE_CURVE ( 'NONE', #6971, #6724, #245, .T. ) ;
#5070 = ORIENTED_EDGE ( 'NONE', *, *, #10116, .T. ) ;
#5071 = AXIS2_PLACEMENT_3D ( 'NONE', #4748, #8643, #7684 ) ;
#5072 = VERTEX_POINT ( 'NONE', #8952 ) ;
#5073 =( NAMED_UNIT ( * ) SI_UNIT ( $, .STERADIAN. ) SOLID_ANGLE_UNIT ( ) );
#5074 = DIRECTION ( 'NONE',  ( 0.000000000000000000, -3.227392513445220839E-16, 1.000000000000000000 ) ) ;
#5075 = DIRECTION ( 'NONE',  ( 0.000000000000000000, 0.000000000000000000, -1.000000000000000000 ) ) ;
#5076 = DIRECTION ( 'NONE',  ( 0.000000000000000000, -1.000000000000000000, -3.061616997868383141E-16 ) ) ;
#5077 = ORIENTED_EDGE ( 'NONE', *, *, #6786, .T. ) ;
#5078 = CARTESIAN_POINT ( 'NONE',  ( -12.83877941551853752, 51.20000000000000995, 17.24574565275903382 ) ) ;
#5079 = CIRCLE ( 'NONE', #1758, 0.2500000000000002220 ) ;
#5080 = CYLINDRICAL_SURFACE ( 'NONE', #3891, 21.50000000000000355 ) ;
#5081 = CARTESIAN_POINT ( 'NONE',  ( 0.000000000000000000, 45.20000000000000995, -9.220454712679835547E-15 ) ) ;
#5082 = ORIENTED_EDGE ( 'NONE', *, *, #1919, .T. ) ;
#5083 = CARTESIAN_POINT ( 'NONE',  ( 0.9949999999999995515, -47.85087804878074280, 0.000000000000000000 ) ) ;
#5084 = LINE ( 'NONE', #12170, #4766 ) ;
#5085 = ORIENTED_EDGE ( 'NONE', *, *, #9335, .F. ) ;
#5086 = EDGE_CURVE ( 'NONE', #4022, #7506, #146, .T. ) ;
#5087 = VERTEX_POINT ( 'NONE', #3893 ) ;
#5088 = CIRCLE ( 'NONE', #8344, 21.50000000000001066 ) ;
#5089 = CARTESIAN_POINT ( 'NONE',  ( -20.36907980785177230, 51.19999999999999574, -6.881176337034625057 ) ) ;
#5090 = CARTESIAN_POINT ( 'NONE',  ( 19.26884090911966751, 51.19999999999999574, 9.537388008204141343 ) ) ;
#5091 = VERTEX_POINT ( 'NONE', #7040 ) ;
#5092 = CARTESIAN_POINT ( 'NONE',  ( 1.374800153705965311, -80.41022924428168039, -21.45599973288055651 ) ) ;
#5093 = CARTESIAN_POINT ( 'NONE',  ( -21.23529932279541299, 45.19999999999998863, 3.363340998365198065 ) ) ;
#5094 = DIRECTION ( 'NONE',  ( -0.000000000000000000, 1.000000000000000000, 3.061616997868383141E-16 ) ) ;
#5095 = ORIENTED_EDGE ( 'NONE', *, *, #10919, .T. ) ;
#5096 = LINE ( 'NONE', #1262, #3374 ) ;
#5097 = CARTESIAN_POINT ( 'NONE',  ( 9.982883740771413272, 51.19999999999999574, -19.04184949573549090 ) ) ;
#5098 = LINE ( 'NONE', #6305, #3672 ) ;
#5099 = AXIS2_PLACEMENT_3D ( 'NONE', #6763, #4715, #899 ) ;
#5100 = VECTOR ( 'NONE', #5487, 1000.000000000000114 ) ;
#5101 = VECTOR ( 'NONE', #7090, 1000.000000000000000 ) ;
#5102 = ORIENTED_EDGE ( 'NONE', *, *, #1025, .F. ) ;
#5103 = CARTESIAN_POINT ( 'NONE',  ( -5.564609469704350886, -80.41022924428168039, -20.51740526521493990 ) ) ;
#5104 = DIRECTION ( 'NONE',  ( 0.000000000000000000, -1.000000000000000000, -3.061616997868383141E-16 ) ) ;
#5105 = AXIS2_PLACEMENT_3D ( 'NONE', #1670, #3680, #4589 ) ;
#5106 = ORIENTED_EDGE ( 'NONE', *, *, #9505, .F. ) ;
#5107 = EDGE_CURVE ( 'NONE', #4780, #17, #2920, .T. ) ;
#5108 = DIRECTION ( 'NONE',  ( 0.000000000000000000, 0.000000000000000000, 1.000000000000000000 ) ) ;
#5109 = DIRECTION ( 'NONE',  ( -9.860761315262647568E-32, 1.000000000000000000, 3.061616997868382155E-16 ) ) ;
#5110 = DIRECTION ( 'NONE',  ( -0.000000000000000000, 1.000000000000000000, 3.061616997868383141E-16 ) ) ;
#5111 = EDGE_CURVE ( 'NONE', #4915, #68, #980, .T. ) ;
#5112 = CIRCLE ( 'NONE', #8364, 0.2500000000000002220 ) ;
#5113 = ORIENTED_EDGE ( 'NONE', *, *, #1403, .T. ) ;
#5114 = ORIENTED_EDGE ( 'NONE', *, *, #5042, .T. ) ;
#5115 = CARTESIAN_POINT ( 'NONE',  ( -20.07197916968989659, 45.19999999999998863, -7.454910915223750933 ) ) ;
#5116 = LINE ( 'NONE', #9004, #8157 ) ;
#5117 = VERTEX_POINT ( 'NONE', #7793 ) ;
#5118 = LINE ( 'NONE', #4219, #3743 ) ;
#5119 = EDGE_CURVE ( 'NONE', #9506, #8087, #651, .T. ) ;
#5120 = DIRECTION ( 'NONE',  ( 4.930380657631323784E-32, 1.000000000000000000, 3.061616997868382155E-16 ) ) ;
#5121 = VERTEX_POINT ( 'NONE', #4926 ) ;
#5122 = CARTESIAN_POINT ( 'NONE',  ( 6.881176337034716539, 51.19999999999999574, -20.36907980785174388 ) ) ;
#5123 = AXIS2_PLACEMENT_3D ( 'NONE', #11082, #544, #4481 ) ;
#5124 = CYLINDRICAL_SURFACE ( 'NONE', #1424, 21.50000000000000355 ) ;
#5125 = DIRECTION ( 'NONE',  ( 1.479114197289397354E-31, 1.000000000000000000, 3.061616997868381662E-16 ) ) ;
#5126 = CARTESIAN_POINT ( 'NONE',  ( 0.000000000000000000, 51.20000000000000995, -7.383484513958806747E-15 ) ) ;
#5127 = EDGE_CURVE ( 'NONE', #2080, #6637, #7832, .T. ) ;
#5128 = CARTESIAN_POINT ( 'NONE',  ( -20.70129763556884228, 45.19999999999998863, -5.805710654484308009 ) ) ;
#5129 = EDGE_CURVE ( 'NONE', #9042, #8158, #4985, .T. ) ;
#5130 = CIRCLE ( 'NONE', #7762, 0.2500000000000002220 ) ;
#5131 = ORIENTED_EDGE ( 'NONE', *, *, #12696, .F. ) ;
#5132 = ORIENTED_EDGE ( 'NONE', *, *, #6831, .F. ) ;
#5133 = ORIENTED_EDGE ( 'NONE', *, *, #200, .F. ) ;
#5134 = ADVANCED_FACE ( 'NONE', ( #3871 ), #896, .F. ) ;
#5135 = AXIS2_PLACEMENT_3D ( 'NONE', #8342, #8525, #682 ) ;
#5136 = FACE_OUTER_BOUND ( 'NONE', #9346, .T. ) ;
#5137 = LINE ( 'NONE', #6213, #10933 ) ;
#5138 = AXIS2_PLACEMENT_3D ( 'NONE', #10204, #7315, #1578 ) ;
#5139 = EDGE_CURVE ( 'NONE', #5648, #10272, #9892, .T. ) ;
#5140 = CARTESIAN_POINT ( 'NONE',  ( 2.241103642439657471E-15, 10.27282251965209170, -18.30000000000003268 ) ) ;
#5141 = CARTESIAN_POINT ( 'NONE',  ( 0.000000000000000000, 45.20000000000000284, 21.50000000000000000 ) ) ;
#5142 = ORIENTED_EDGE ( 'NONE', *, *, #12504, .T. ) ;
#5143 = LINE ( 'NONE', #8070, #2377 ) ;
#5144 = DIRECTION ( 'NONE',  ( 0.000000000000000000, 0.000000000000000000, -1.000000000000000000 ) ) ;
#5145 = CYLINDRICAL_SURFACE ( 'NONE', #11870, 15.65000000000000391 ) ;
#5146 = AXIS2_PLACEMENT_3D ( 'NONE', #1439, #9528, #4479 ) ;
#5147 = ORIENTED_EDGE ( 'NONE', *, *, #10031, .T. ) ;
#5148 = DIRECTION ( 'NONE',  ( -0.000000000000000000, 1.000000000000000000, 3.061616997868383141E-16 ) ) ;
#5149 = EDGE_CURVE ( 'NONE', #6144, #6752, #1277, .T. ) ;
#5150 = DIRECTION ( 'NONE',  ( 0.000000000000000000, 0.000000000000000000, 1.000000000000000000 ) ) ;
#5151 = EDGE_LOOP ( 'NONE', ( #12256, #1674, #2804, #9107 ) ) ;
#5152 = AXIS2_PLACEMENT_3D ( 'NONE', #2887, #3021, #6052 ) ;
#5153 = ORIENTED_EDGE ( 'NONE', *, *, #4198, .T. ) ;
#5154 = AXIS2_PLACEMENT_3D ( 'NONE', #7414, #9278, #7232 ) ;
#5155 = CARTESIAN_POINT ( 'NONE',  ( 16.70863817132479667, -80.41022924428168039, -13.53038840757160521 ) ) ;
#5156 = AXIS2_PLACEMENT_3D ( 'NONE', #3183, #1110, #9924 ) ;
#5157 = DIRECTION ( 'NONE',  ( -0.000000000000000000, 1.000000000000000000, 3.061616997868383141E-16 ) ) ;
#5158 = ORIENTED_EDGE ( 'NONE', *, *, #10975, .F. ) ;
#5159 = DIRECTION ( 'NONE',  ( -0.000000000000000000, 1.000000000000000000, 3.061616997868383141E-16 ) ) ;
#5160 = EDGE_CURVE ( 'NONE', #7007, #4160, #3139, .T. ) ;
#5161 = DIRECTION ( 'NONE',  ( -0.000000000000000000, 1.000000000000000000, 3.061616997868383141E-16 ) ) ;
#5162 = CARTESIAN_POINT ( 'NONE',  ( -20.44771510034571804, 45.19999999999998863, 6.643865379061594467 ) ) ;
#5163 = ORIENTED_EDGE ( 'NONE', *, *, #4368, .F. ) ;
#5164 = DIRECTION ( 'NONE',  ( 0.000000000000000000, -3.227392513445220839E-16, 1.000000000000000000 ) ) ;
#5165 = CARTESIAN_POINT ( 'NONE',  ( 13.33519049100553211, 45.19999999999998863, -16.86483603740618875 ) ) ;
#5166 = VERTEX_POINT ( 'NONE', #12574 ) ;
#5167 = CARTESIAN_POINT ( 'NONE',  ( 0.9991179619992973659, 0.08475192185264326938, 2.797751921852642987 ) ) ;
#5168 = EDGE_CURVE ( 'NONE', #4628, #6584, #10470, .T. ) ;
#5169 = CARTESIAN_POINT ( 'NONE',  ( -1.000000000000208278, -0.08231721551619172739, -2.795317215516191833 ) ) ;
#5170 = VERTEX_POINT ( 'NONE', #11562 ) ;
#5171 = DIRECTION ( 'NONE',  ( -3.697785493223493385E-32, 1.000000000000000000, 3.061616997868381662E-16 ) ) ;
#5172 = CARTESIAN_POINT ( 'NONE',  ( -7.937781193550342174, -80.41022924428168039, -19.98103174821858019 ) ) ;
#5173 = DIRECTION ( 'NONE',  ( -0.000000000000000000, 1.000000000000000000, 3.061616997868383141E-16 ) ) ;
#5174 = LINE ( 'NONE', #9060, #3864 ) ;
#5175 = EDGE_LOOP ( 'NONE', ( #1815, #10032, #4540, #2035 ) ) ;
#5176 = VERTEX_POINT ( 'NONE', #12444 ) ;
#5177 = DIRECTION ( 'NONE',  ( -0.000000000000000000, 1.000000000000000000, 3.061616997868383141E-16 ) ) ;
#5178 = ORIENTED_EDGE ( 'NONE', *, *, #2077, .F. ) ;
#5179 = CARTESIAN_POINT ( 'NONE',  ( 19.15664027004991965, 45.19999999999998863, 9.760795744400217799 ) ) ;
#5180 = CYLINDRICAL_SURFACE ( 'NONE', #11149, 21.50000000000000355 ) ;
#5181 = AXIS2_PLACEMENT_3D ( 'NONE', #7337, #8179, #11249 ) ;
#5182 = CYLINDRICAL_SURFACE ( 'NONE', #281, 0.2500000000000002220 ) ;
#5183 = DIRECTION ( 'NONE',  ( 0.000000000000000000, 0.000000000000000000, 1.000000000000000000 ) ) ;
#5184 = AXIS2_PLACEMENT_3D ( 'NONE', #12406, #545, #9283 ) ;
#5185 = DIRECTION ( 'NONE',  ( 0.000000000000000000, 0.000000000000000000, -1.000000000000000000 ) ) ;
#5186 = CARTESIAN_POINT ( 'NONE',  ( -0.9961451776889513887, -0.07750739757202028402, 2.635492602427979669 ) ) ;
#5187 = DIRECTION ( 'NONE',  ( 0.000000000000000000, 0.000000000000000000, 1.000000000000000000 ) ) ;
#5188 = VERTEX_POINT ( 'NONE', #3675 ) ;
#5189 = EDGE_CURVE ( 'NONE', #5410, #11456, #861, .T. ) ;
#5190 = AXIS2_PLACEMENT_3D ( 'NONE', #12684, #10905, #238 ) ;
#5191 = ORIENTED_EDGE ( 'NONE', *, *, #11444, .T. ) ;
#5192 = EDGE_CURVE ( 'NONE', #1147, #6856, #1662, .T. ) ;
#5193 = CIRCLE ( 'NONE', #4533, 18.19686085958248967 ) ;
#5194 = ORIENTED_EDGE ( 'NONE', *, *, #8790, .F. ) ;
#5195 = CARTESIAN_POINT ( 'NONE',  ( -14.38630803671557956, -80.41022924428168039, -15.97761374776387022 ) ) ;
#5196 = CARTESIAN_POINT ( 'NONE',  ( 0.000000000000000000, 45.20000000000000995, -9.220454712679835547E-15 ) ) ;
#5197 = CARTESIAN_POINT ( 'NONE',  ( 0.000000000000000000, 45.20000000000000995, -9.220454712679835547E-15 ) ) ;
#5198 = ORIENTED_EDGE ( 'NONE', *, *, #1919, .F. ) ;
#5199 = DIRECTION ( 'NONE',  ( -0.000000000000000000, 1.000000000000000000, 3.061616997868383141E-16 ) ) ;
#5200 = VECTOR ( 'NONE', #12446, 1000.000000000000000 ) ;
#5201 = CARTESIAN_POINT ( 'NONE',  ( 0.9999999999999995559, -0.07288794480800320219, 2.640112055191996987 ) ) ;
#5202 = FACE_OUTER_BOUND ( 'NONE', #6852, .T. ) ;
#5203 = VERTEX_POINT ( 'NONE', #10721 ) ;
#5204 = CARTESIAN_POINT ( 'NONE',  ( 0.9949999999999997735, 0.08699999999999999400, 2.799999999999999822 ) ) ;
#5205 = DIRECTION ( 'NONE',  ( 0.000000000000000000, 0.000000000000000000, 1.000000000000000000 ) ) ;
#5206 = VERTEX_POINT ( 'NONE', #1928 ) ;
#5207 = ORIENTED_EDGE ( 'NONE', *, *, #566, .T. ) ;
#5208 = CIRCLE ( 'NONE', #6630, 21.50000000000001066 ) ;
#5209 = CIRCLE ( 'NONE', #1078, 47.84587804878049155 ) ;
#5210 = EDGE_CURVE ( 'NONE', #4285, #17, #11324, .T. ) ;
#5211 = CIRCLE ( 'NONE', #6635, 0.2500000000000002220 ) ;
#5212 = DIRECTION ( 'NONE',  ( -9.860761315262647568E-32, 1.000000000000000000, 3.061616997868381662E-16 ) ) ;
#5213 = EDGE_CURVE ( 'NONE', #8099, #7007, #11128, .T. ) ;
#5214 = CARTESIAN_POINT ( 'NONE',  ( -21.19475577399843402, 45.19999999999998863, 3.610031534565813160 ) ) ;
#5215 = EDGE_LOOP ( 'NONE', ( #9037, #2547, #12184, #3595 ) ) ;
#5216 = CARTESIAN_POINT ( 'NONE',  ( 0.000000000000000000, 51.20000000000000995, -7.383484513958806747E-15 ) ) ;
#5217 = DIRECTION ( 'NONE',  ( 0.000000000000000000, -3.227392513445222318E-16, 1.000000000000000000 ) ) ;
#5218 = ORIENTED_EDGE ( 'NONE', *, *, #5854, .T. ) ;
#5219 = CARTESIAN_POINT ( 'NONE',  ( 10.96577594754909413, 45.19999999999998863, -18.49328953615755822 ) ) ;
#5220 = CIRCLE ( 'NONE', #9487, 21.50000000000000000 ) ;
#5221 = DIRECTION ( 'NONE',  ( -0.000000000000000000, 1.000000000000000000, 3.061616997868383141E-16 ) ) ;
#5222 = VECTOR ( 'NONE', #10567, 1000.000000000000000 ) ;
#5223 = DIRECTION ( 'NONE',  ( -0.000000000000000000, 1.000000000000000000, 3.061616997868383141E-16 ) ) ;
#5224 = DIRECTION ( 'NONE',  ( 2.465190328815661892E-32, 1.000000000000000000, 3.061616997868381662E-16 ) ) ;
#5225 = AXIS2_PLACEMENT_3D ( 'NONE', #4939, #5076, #11845 ) ;
#5226 = EDGE_CURVE ( 'NONE', #4695, #1745, #4998, .T. ) ;
#5227 = AXIS2_PLACEMENT_3D ( 'NONE', #10821, #2023, #3059 ) ;
#5228 = CIRCLE ( 'NONE', #3566, 15.40000000000001279 ) ;
#5229 = ORIENTED_EDGE ( 'NONE', *, *, #11241, .F. ) ;
#5230 = FACE_OUTER_BOUND ( 'NONE', #4606, .T. ) ;
#5231 = CIRCLE ( 'NONE', #9707, 0.2500000000000002220 ) ;
#5232 = CARTESIAN_POINT ( 'NONE',  ( -0.9990949630984955476, -0.08482553422745209293, -2.797825534227452060 ) ) ;
#5233 = ORIENTED_EDGE ( 'NONE', *, *, #6829, .T. ) ;
#5234 = CARTESIAN_POINT ( 'NONE',  ( -0.9970278821157297910, -0.07724534085846238018, 2.635754659141537282 ) ) ;
#5235 = CARTESIAN_POINT ( 'NONE',  ( -1.000000000000000444, 0.08699999999999999400, 2.799999999999999822 ) ) ;
#5236 = CARTESIAN_POINT ( 'NONE',  ( 21.38222075041785786, 45.19999999999998863, -2.247361960254612434 ) ) ;
#5237 = AXIS2_PLACEMENT_3D ( 'NONE', #4149, #5058, #11001 ) ;
#5238 = LINE ( 'NONE', #8999, #9375 ) ;
#5239 = AXIS2_PLACEMENT_3D ( 'NONE', #1031, #3684, #1864 ) ;
#5240 = ORIENTED_EDGE ( 'NONE', *, *, #7847, .T. ) ;
#5241 = ADVANCED_FACE ( 'NONE', ( #10539 ), #9764, .F. ) ;
#5242 = EDGE_CURVE ( 'NONE', #12227, #11972, #958, .T. ) ;
#5243 = ORIENTED_EDGE ( 'NONE', *, *, #7379, .F. ) ;
#5244 = VECTOR ( 'NONE', #3211, 1000.000000000000000 ) ;
#5245 = FACE_OUTER_BOUND ( 'NONE', #4084, .T. ) ;
#5246 = ORIENTED_EDGE ( 'NONE', *, *, #12058, .T. ) ;
#5247 = CARTESIAN_POINT ( 'NONE',  ( -9.760795744400017071, 45.20000000000000284, 19.15664027005002978 ) ) ;
#5248 = CARTESIAN_POINT ( 'NONE',  ( -4.470101352581976606, 51.19999999999999574, -20.78017341577675836 ) ) ;
#5249 = DIRECTION ( 'NONE',  ( -9.244463733058733463E-33, 1.000000000000000000, 3.061616997868380676E-16 ) ) ;
#5250 = CARTESIAN_POINT ( 'NONE',  ( 21.23529932279543431, 51.19999999999999574, -3.113340998365024870 ) ) ;
#5251 = CARTESIAN_POINT ( 'NONE',  ( 18.61954618136537576, 51.19999999999999574, -10.75000000000006750 ) ) ;
#5252 = AXIS2_PLACEMENT_3D ( 'NONE', #10447, #12239, #6419 ) ;
#5253 = FACE_OUTER_BOUND ( 'NONE', #1560, .T. ) ;
#5254 = ORIENTED_EDGE ( 'NONE', *, *, #8789, .F. ) ;
#5255 = EDGE_CURVE ( 'NONE', #3527, #5678, #4782, .T. ) ;
#5256 = ORIENTED_EDGE ( 'NONE', *, *, #439, .F. ) ;
#5257 = ORIENTED_EDGE ( 'NONE', *, *, #9436, .T. ) ;
#5258 = DIRECTION ( 'NONE',  ( 0.000000000000000000, -3.227392513445220839E-16, 1.000000000000000000 ) ) ;
#5259 = CARTESIAN_POINT ( 'NONE',  ( 0.000000000000000000, 79.00000000000000000, 1.127810740115296699E-15 ) ) ;
#5260 = DIRECTION ( 'NONE',  ( 0.000000000000000000, 0.000000000000000000, 1.000000000000000000 ) ) ;
#5261 = ORIENTED_EDGE ( 'NONE', *, *, #6005, .T. ) ;
#5262 = DIRECTION ( 'NONE',  ( -1.000000000000000000, -0.000000000000000000, -0.000000000000000000 ) ) ;
#5263 = CARTESIAN_POINT ( 'NONE',  ( 0.9954579252738529060, -0.07763355007212036085, 2.635366449927879717 ) ) ;
#5264 = CARTESIAN_POINT ( 'NONE',  ( 0.000000000000000000, 87.50000000000001421, 3.730185188303422936E-15 ) ) ;
#5265 = EDGE_CURVE ( 'NONE', #6418, #12133, #2099, .T. ) ;
#5266 = ORIENTED_EDGE ( 'NONE', *, *, #853, .T. ) ;
#5267 = CARTESIAN_POINT ( 'NONE',  ( -15.97761374776409227, 45.19999999999998863, -14.13630803671529357 ) ) ;
#5268 = CARTESIAN_POINT ( 'NONE',  ( 15.80925377108438568, 45.20000000000000284, 14.57111852952457376 ) ) ;
#5269 = ORIENTED_EDGE ( 'NONE', *, *, #9670, .F. ) ;
#5270 = ADVANCED_FACE ( 'NONE', ( #8610 ), #7645, .T. ) ;
#5271 = ORIENTED_EDGE ( 'NONE', *, *, #1675, .F. ) ;
#5272 = ORIENTED_EDGE ( 'NONE', *, *, #3998, .T. ) ;
#5273 = DIRECTION ( 'NONE',  ( 0.000000000000000000, -3.227392513445220839E-16, 1.000000000000000000 ) ) ;
#5274 = CARTESIAN_POINT ( 'NONE',  ( 6.405656115871410705, -80.41022924428168039, -20.52358569366473162 ) ) ;
#5275 = ORIENTED_EDGE ( 'NONE', *, *, #4178, .F. ) ;
#5276 = CARTESIAN_POINT ( 'NONE',  ( 12.43427775499860566, 51.20000000000000995, 17.53963331177554963 ) ) ;
#5277 = CARTESIAN_POINT ( 'NONE',  ( 0.000000000000000000, 45.20000000000000995, -9.220454712679835547E-15 ) ) ;
#5278 = ORIENTED_EDGE ( 'NONE', *, *, #10679, .T. ) ;
#5279 = CARTESIAN_POINT ( 'NONE',  ( -18.74328531086487715, -80.41022924428168039, -10.53277056407841883 ) ) ;
#5280 = CARTESIAN_POINT ( 'NONE',  ( 0.000000000000000000, 45.20000000000000995, -9.220454712679835547E-15 ) ) ;
#5281 = CARTESIAN_POINT ( 'NONE',  ( 16.86483603740616033, 45.20000000000000284, 13.33519049100560494 ) ) ;
#5282 = EDGE_CURVE ( 'NONE', #2869, #6545, #1688, .T. ) ;
#5283 = DIRECTION ( 'NONE',  ( -0.000000000000000000, 1.000000000000000000, 3.061616997868383141E-16 ) ) ;
#5284 = ADVANCED_FACE ( 'NONE', ( #7901 ), #11936, .F. ) ;
#5285 = VECTOR ( 'NONE', #1618, 1000.000000000000000 ) ;
#5286 = ORIENTED_EDGE ( 'NONE', *, *, #11137, .F. ) ;
#5287 = DIRECTION ( 'NONE',  ( 0.000000000000000000, 0.000000000000000000, -1.000000000000000000 ) ) ;
#5288 = CARTESIAN_POINT ( 'NONE',  ( 0.000000000000000000, 87.50000000000001421, 15.40000000000001101 ) ) ;
#5289 = CIRCLE ( 'NONE', #12426, 0.2500000000000002220 ) ;
#5290 = ORIENTED_EDGE ( 'NONE', *, *, #1535, .T. ) ;
#5291 = AXIS2_PLACEMENT_3D ( 'NONE', #11122, #2074, #8050 ) ;
#5292 = CARTESIAN_POINT ( 'NONE',  ( -0.9990808744461358026, -0.07569946240214324440, 2.637300537597855765 ) ) ;
#5293 = EDGE_CURVE ( 'NONE', #3071, #11535, #11938, .T. ) ;
#5294 = CARTESIAN_POINT ( 'NONE',  ( 3.610031534565438349, -80.41022924428168039, -21.19475577399851574 ) ) ;
#5295 = CYLINDRICAL_SURFACE ( 'NONE', #2400, 21.50000000000000355 ) ;
#5296 = CYLINDRICAL_SURFACE ( 'NONE', #8367, 21.50000000000000355 ) ;
#5297 = EDGE_LOOP ( 'NONE', ( #11194, #7117, #3253, #3356 ) ) ;
#5298 = ORIENTED_EDGE ( 'NONE', *, *, #10994, .F. ) ;
#5299 = AXIS2_PLACEMENT_3D ( 'NONE', #8933, #10029, #6123 ) ;
#5300 = AXIS2_PLACEMENT_3D ( 'NONE', #8181, #3299, #3430 ) ;
#5301 = CARTESIAN_POINT ( 'NONE',  ( 0.9997406115519746894, 0.07439655704747764886, -2.638603442952524247 ) ) ;
#5302 = DIRECTION ( 'NONE',  ( -0.000000000000000000, 1.000000000000000000, 3.061616997868383141E-16 ) ) ;
#5303 = ORIENTED_EDGE ( 'NONE', *, *, #5445, .T. ) ;
#5304 = CARTESIAN_POINT ( 'NONE',  ( 0.000000000000000000, 45.20000000000001705, 21.50000000000000000 ) ) ;
#5305 = DIRECTION ( 'NONE',  ( -0.000000000000000000, 1.000000000000000000, 3.061616997868383141E-16 ) ) ;
#5306 = EDGE_CURVE ( 'NONE', #11469, #7677, #2930, .T. ) ;
#5307 = CARTESIAN_POINT ( 'NONE',  ( -5.322755903978969805, 51.19999999999999574, -20.83070497094750806 ) ) ;
#5308 = DIRECTION ( 'NONE',  ( -9.860761315262647568E-32, 1.000000000000000000, 3.061616997868382648E-16 ) ) ;
#5309 = EDGE_CURVE ( 'NONE', #9908, #12346, #251, .T. ) ;
#5310 = AXIS2_PLACEMENT_3D ( 'NONE', #11887, #3102, #6668 ) ;
#5311 = CARTESIAN_POINT ( 'NONE',  ( 20.44771510034576067, 45.19999999999998863, -6.643865379061437260 ) ) ;
#5312 = CARTESIAN_POINT ( 'NONE',  ( 0.9999999999999995559, -0.07288794480800667164, 2.640112055191992990 ) ) ;
#5313 = AXIS2_PLACEMENT_3D ( 'NONE', #10030, #1580, #3596 ) ;
#5314 = DIRECTION ( 'NONE',  ( 0.000000000000000000, -3.227392513445220839E-16, 1.000000000000000000 ) ) ;
#5315 = VERTEX_POINT ( 'NONE', #8028 ) ;
#5316 = ORIENTED_EDGE ( 'NONE', *, *, #3669, .F. ) ;
#5317 = VERTEX_POINT ( 'NONE', #4204 ) ;
#5318 = DIRECTION ( 'NONE',  ( 0.000000000000000000, 0.000000000000000000, 1.000000000000000000 ) ) ;
#5319 = CARTESIAN_POINT ( 'NONE',  ( 0.000000000000000000, 45.20000000000000995, -9.220454712679835547E-15 ) ) ;
#5320 = CARTESIAN_POINT ( 'NONE',  ( 13.72375690439574747, 51.19999999999999574, -16.55018116000698569 ) ) ;
#5321 = VERTEX_POINT ( 'NONE', #5045 ) ;
#5322 = CARTESIAN_POINT ( 'NONE',  ( -21.03017341577685784, 51.19999999999999574, -4.470101352581593801 ) ) ;
#5323 = DIRECTION ( 'NONE',  ( 1.000000000000000000, 0.000000000000000000, 0.000000000000000000 ) ) ;
#5324 = DIRECTION ( 'NONE',  ( 0.000000000000000000, -1.000000000000000000, -3.061616997868383141E-16 ) ) ;
#5325 = ORIENTED_EDGE ( 'NONE', *, *, #12678, .F. ) ;
#5326 = DIRECTION ( 'NONE',  ( 9.860761315262647568E-32, 1.000000000000000000, 3.061616997868381662E-16 ) ) ;
#5327 = CARTESIAN_POINT ( 'NONE',  ( 0.000000000000000000, 51.20000000000000995, -7.383484513958806747E-15 ) ) ;
#5328 = ORIENTED_EDGE ( 'NONE', *, *, #12255, .F. ) ;
#5329 = ORIENTED_EDGE ( 'NONE', *, *, #10602, .T. ) ;
#5330 = AXIS2_PLACEMENT_3D ( 'NONE', #5523, #3594, #8464 ) ;
#5331 = ORIENTED_EDGE ( 'NONE', *, *, #8104, .T. ) ;
#5332 = CARTESIAN_POINT ( 'NONE',  ( -15.02499431646270622, 45.20000000000000284, 15.37854173159026061 ) ) ;
#5333 = DIRECTION ( 'NONE',  ( 0.000000000000000000, -3.227392513445222318E-16, 1.000000000000000000 ) ) ;
#5334 = ORIENTED_EDGE ( 'NONE', *, *, #11688, .F. ) ;
#5335 = DIRECTION ( 'NONE',  ( -0.000000000000000000, 1.000000000000000000, 3.061616997868383141E-16 ) ) ;
#5336 = CIRCLE ( 'NONE', #5938, 21.50000000000001066 ) ;
#5337 = CARTESIAN_POINT ( 'NONE',  ( -20.52358569366455754, 51.19999999999999574, 6.405656115871929401 ) ) ;
#5338 = ORIENTED_EDGE ( 'NONE', *, *, #7996, .T. ) ;
#5339 = CARTESIAN_POINT ( 'NONE',  ( -14.38630803671557956, -80.41022924428168039, -15.97761374776387022 ) ) ;
#5340 = CARTESIAN_POINT ( 'NONE',  ( 0.000000000000000000, 51.20000000000000995, -7.383484513958806747E-15 ) ) ;
#5341 = DIRECTION ( 'NONE',  ( 1.972152263052529514E-31, 1.000000000000000000, 3.061616997868382648E-16 ) ) ;
#5342 = AXIS2_PLACEMENT_3D ( 'NONE', #4762, #7893, #5784 ) ;
#5343 = CARTESIAN_POINT ( 'NONE',  ( 2.247361960254412150, 45.19999999999998863, -21.38222075041786852 ) ) ;
#5344 = AXIS2_PLACEMENT_3D ( 'NONE', #6778, #10489, #4731 ) ;
#5345 = AXIS2_PLACEMENT_3D ( 'NONE', #7485, #4424, #12403 ) ;
#5346 = ADVANCED_FACE ( 'NONE', ( #5925 ), #10085, .F. ) ;
#5347 = EDGE_CURVE ( 'NONE', #10723, #9895, #7041, .T. ) ;
#5348 = ORIENTED_EDGE ( 'NONE', *, *, #8855, .T. ) ;
#5349 = LINE ( 'NONE', #3159, #11006 ) ;
#5350 = AXIS2_PLACEMENT_3D ( 'NONE', #11634, #8440, #3573 ) ;
#5351 = CARTESIAN_POINT ( 'NONE',  ( 0.000000000000000000, 87.50000000000001421, 3.730185188303422936E-15 ) ) ;
#5352 = ORIENTED_EDGE ( 'NONE', *, *, #5904, .T. ) ;
#5353 = CARTESIAN_POINT ( 'NONE',  ( -20.76740526521501096, -80.41022924428168039, -5.564609469704011602 ) ) ;
#5354 = AXIS2_PLACEMENT_3D ( 'NONE', #11750, #3747, #7777 ) ;
#5355 = CARTESIAN_POINT ( 'NONE',  ( 10.74999999999988454, 45.19999999999998863, -18.36954618136547168 ) ) ;
#5356 = EDGE_CURVE ( 'NONE', #639, #2893, #46, .T. ) ;
#5357 = EDGE_LOOP ( 'NONE', ( #9133, #10892, #815, #1589 ) ) ;
#5358 = CIRCLE ( 'NONE', #12503, 10.00000000000000000 ) ;
#5359 = EDGE_CURVE ( 'NONE', #12442, #4421, #8956, .T. ) ;
#5360 = APPLICATION_PROTOCOL_DEFINITION ( 'draft international standard', 'automotive_design', 1998, #6164 ) ;
#5361 = ORIENTED_EDGE ( 'NONE', *, *, #482, .T. ) ;
#5362 = LINE ( 'NONE', #6324, #965 ) ;
#5363 = ORIENTED_EDGE ( 'NONE', *, *, #3677, .F. ) ;
#5364 = DIRECTION ( 'NONE',  ( 0.000000000000000000, 0.000000000000000000, 1.000000000000000000 ) ) ;
#5365 = EDGE_CURVE ( 'NONE', #7570, #5420, #6834, .T. ) ;
#5366 = FACE_OUTER_BOUND ( 'NONE', #10667, .T. ) ;
#5367 = CARTESIAN_POINT ( 'NONE',  ( -20.07197916968974027, -80.41022924428168039, 7.704910915224142620 ) ) ;
#5368 = LINE ( 'NONE', #463, #5100 ) ;
#5369 = CARTESIAN_POINT ( 'NONE',  ( -0.9994451427763717533, 0.08420705802239158988, 2.797207058022391557 ) ) ;
#5370 = DIRECTION ( 'NONE',  ( 0.000000000000000000, 0.000000000000000000, -1.000000000000000000 ) ) ;
#5371 = ORIENTED_EDGE ( 'NONE', *, *, #796, .T. ) ;
#5372 = EDGE_CURVE ( 'NONE', #4089, #6682, #2963, .T. ) ;
#5373 = ORIENTED_EDGE ( 'NONE', *, *, #11107, .T. ) ;
#5374 = EDGE_CURVE ( 'NONE', #10687, #5554, #10109, .T. ) ;
#5375 = DIRECTION ( 'NONE',  ( -0.000000000000000000, 1.000000000000000000, 3.061616997868383141E-16 ) ) ;
#5376 = AXIS2_PLACEMENT_3D ( 'NONE', #2897, #4775, #6762 ) ;
#5377 = DIRECTION ( 'NONE',  ( 0.000000000000000000, 0.000000000000000000, -1.000000000000000000 ) ) ;
#5378 = DIRECTION ( 'NONE',  ( 0.000000000000000000, 0.000000000000000000, 1.000000000000000000 ) ) ;
#5379 = CARTESIAN_POINT ( 'NONE',  ( -3.363340998365109691, 51.19999999999999574, -21.23529932279540589 ) ) ;
#5380 = ORIENTED_EDGE ( 'NONE', *, *, #4163, .F. ) ;
#5381 = DIRECTION ( 'NONE',  ( 0.000000000000000000, 0.000000000000000000, -1.000000000000000000 ) ) ;
#5382 = CARTESIAN_POINT ( 'NONE',  ( 0.9949999999999995515, -0.07763355007212036085, 2.635366449927879717 ) ) ;
#5383 = FACE_OUTER_BOUND ( 'NONE', #4070, .T. ) ;
#5384 = EDGE_LOOP ( 'NONE', ( #2056, #10599, #7108, #12644 ) ) ;
#5385 = DIRECTION ( 'NONE',  ( -2.465190328815661892E-32, 1.000000000000000000, 3.061616997868381169E-16 ) ) ;
#5386 = CIRCLE ( 'NONE', #12519, 0.2500000000000002220 ) ;
#5387 = CARTESIAN_POINT ( 'NONE',  ( -17.89404075541371242, -80.41022924428168039, -11.91861172467636720 ) ) ;
#5388 = AXIS2_PLACEMENT_3D ( 'NONE', #1613, #595, #720 ) ;
#5389 = VERTEX_POINT ( 'NONE', #8862 ) ;
#5390 = VECTOR ( 'NONE', #2730, 1000.000000000000000 ) ;
#5391 = ORIENTED_EDGE ( 'NONE', *, *, #102, .F. ) ;
#5392 = ADVANCED_FACE ( 'NONE', ( #10786 ), #2059, .T. ) ;
#5393 = ORIENTED_EDGE ( 'NONE', *, *, #7525, .T. ) ;
#5394 = CARTESIAN_POINT ( 'NONE',  ( 0.000000000000000000, 87.50000000000001421, 3.730185188303422936E-15 ) ) ;
#5395 = AXIS2_PLACEMENT_3D ( 'NONE', #11453, #7670, #7602 ) ;
#5396 = DIRECTION ( 'NONE',  ( 0.000000000000000000, 0.000000000000000000, 1.000000000000000000 ) ) ;
#5397 = ORIENTED_EDGE ( 'NONE', *, *, #7541, .F. ) ;
#5398 = DIRECTION ( 'NONE',  ( 0.000000000000000000, -3.227392513445220839E-16, 1.000000000000000000 ) ) ;
#5399 = AXIS2_PLACEMENT_3D ( 'NONE', #1420, #12080, #9256 ) ;
#5400 = FACE_OUTER_BOUND ( 'NONE', #6803, .T. ) ;
#5401 = VERTEX_POINT ( 'NONE', #6954 ) ;
#5402 = FACE_OUTER_BOUND ( 'NONE', #58, .T. ) ;
#5403 = DIRECTION ( 'NONE',  ( -0.000000000000000000, 1.000000000000000000, 3.061616997868383141E-16 ) ) ;
#5404 = CYLINDRICAL_SURFACE ( 'NONE', #10846, 0.2500000000000002220 ) ;
#5405 = DIRECTION ( 'NONE',  ( -0.000000000000000000, 1.000000000000000000, 3.061616997868383141E-16 ) ) ;
#5406 = AXIS2_PLACEMENT_3D ( 'NONE', #6430, #570, #2500 ) ;
#5407 = VECTOR ( 'NONE', #7615, 1000.000000000000000 ) ;
#5408 = EDGE_CURVE ( 'NONE', #3119, #9249, #7844, .T. ) ;
#5409 = AXIS2_PLACEMENT_3D ( 'NONE', #12113, #8017, #3330 ) ;
#5410 = VERTEX_POINT ( 'NONE', #445 ) ;
#5411 = DIRECTION ( 'NONE',  ( -0.000000000000000000, 1.000000000000000000, 3.061616997868383141E-16 ) ) ;
#5412 = CARTESIAN_POINT ( 'NONE',  ( 17.89404075541355610, -80.41022924428168039, -11.91861172467660701 ) ) ;
#5413 = ORIENTED_EDGE ( 'NONE', *, *, #2764, .T. ) ;
#5414 = AXIS2_PLACEMENT_3D ( 'NONE', #5141, #2088, #3123 ) ;
#5415 = DIRECTION ( 'NONE',  ( -0.000000000000000000, 1.000000000000000000, 3.061616997868383141E-16 ) ) ;
#5417 = EDGE_CURVE ( 'NONE', #897, #2378, #11526, .T. ) ;
#5416 = CARTESIAN_POINT ( 'NONE',  ( 6.881176337034839108, 51.20000000000000995, 20.36907980785169059 ) ) ;
#5418 = ADVANCED_FACE ( 'NONE', ( #1528 ), #9309, .T. ) ;
#5419 = AXIS2_PLACEMENT_3D ( 'NONE', #5196, #11073, #4292 ) ;
#5420 = VERTEX_POINT ( 'NONE', #7798 ) ;
#5421 = EDGE_CURVE ( 'NONE', #9830, #3376, #6626, .T. ) ;
#5422 = ORIENTED_EDGE ( 'NONE', *, *, #7701, .T. ) ;
#5423 = VECTOR ( 'NONE', #11890, 1000.000000000000000 ) ;
#5424 = ORIENTED_EDGE ( 'NONE', *, *, #2449, .F. ) ;
#5425 = LINE ( 'NONE', #10405, #9575 ) ;
#5426 = VERTEX_POINT ( 'NONE', #6252 ) ;
#5427 = CARTESIAN_POINT ( 'NONE',  ( -20.44771510034585660, 51.19999999999999574, -6.643865379061153931 ) ) ;
#5428 = DIRECTION ( 'NONE',  ( 0.000000000000000000, -3.227392513445222318E-16, 1.000000000000000000 ) ) ;
#5430 = ADVANCED_FACE ( 'NONE', ( #2440 ), #7448, .F. ) ;
#5429 = DIRECTION ( 'NONE',  ( -0.000000000000000000, 1.000000000000000000, 3.061616997868383141E-16 ) ) ;
#5431 = AXIS2_PLACEMENT_3D ( 'NONE', #1106, #5, #10670 ) ;
#5432 = FACE_OUTER_BOUND ( 'NONE', #6589, .T. ) ;
#5433 = DIRECTION ( 'NONE',  ( -0.000000000000000000, 1.000000000000000000, 3.061616997868383141E-16 ) ) ;
#5434 = EDGE_CURVE ( 'NONE', #7563, #6967, #3348, .T. ) ;
#5435 = FACE_OUTER_BOUND ( 'NONE', #8535, .T. ) ;
#5436 = VERTEX_POINT ( 'NONE', #9367 ) ;
#5437 = EDGE_CURVE ( 'NONE', #3643, #3880, #2564, .T. ) ;
#5438 = ORIENTED_EDGE ( 'NONE', *, *, #4865, .F. ) ;
#5439 = CIRCLE ( 'NONE', #9725, 0.2500000000000002220 ) ;
#5440 = CARTESIAN_POINT ( 'NONE',  ( -20.52358569366460017, -80.41022924428168039, 6.405656115871726897 ) ) ;
#5441 = LINE ( 'NONE', #2589, #5589 ) ;
#5442 = CYLINDRICAL_SURFACE ( 'NONE', #8286, 21.50000000000000355 ) ;
#5443 = ORIENTED_EDGE ( 'NONE', *, *, #2064, .T. ) ;
#5445 = EDGE_CURVE ( 'NONE', #2164, #683, #3414, .T. ) ;
#5444 = DIRECTION ( 'NONE',  ( 0.000000000000000000, 0.000000000000000000, -1.000000000000000000 ) ) ;
#5446 = AXIS2_PLACEMENT_3D ( 'NONE', #6109, #7071, #5164 ) ;
#5447 = DIRECTION ( 'NONE',  ( -0.000000000000000000, 1.000000000000000000, 3.061616997868383141E-16 ) ) ;
#5448 = CARTESIAN_POINT ( 'NONE',  ( 18.61954618136537576, 45.19999999999998863, -10.50000000000006750 ) ) ;
#5449 = EDGE_CURVE ( 'NONE', #10521, #7335, #2712, .T. ) ;
#5450 = VERTEX_POINT ( 'NONE', #3473 ) ;
#5451 = FACE_OUTER_BOUND ( 'NONE', #10781, .T. ) ;
#5452 = CARTESIAN_POINT ( 'NONE',  ( 18.61954618136537576, 45.19999999999998863, -10.75000000000006928 ) ) ;
#5453 = EDGE_LOOP ( 'NONE', ( #10622, #5978, #3532, #7481 ) ) ;
#5454 = EDGE_LOOP ( 'NONE', ( #7345, #8911, #4137, #5271 ) ) ;
#5455 = CIRCLE ( 'NONE', #1337, 21.50000000000001066 ) ;
#5456 = EDGE_LOOP ( 'NONE', ( #732, #6518, #2350, #10075 ) ) ;
#5457 = CARTESIAN_POINT ( 'NONE',  ( -4.470101352581554721, 45.20000000000000284, 21.03017341577687915 ) ) ;
#5458 = DIRECTION ( 'NONE',  ( 4.930380657631323784E-32, 1.000000000000000000, 3.061616997868382648E-16 ) ) ;
#5459 = ORIENTED_EDGE ( 'NONE', *, *, #7455, .T. ) ;
#5460 = CARTESIAN_POINT ( 'NONE',  ( -1.374800153706089656, 51.19999999999999574, -21.45599973288054585 ) ) ;
#5461 = DIRECTION ( 'NONE',  ( 4.930380657631323784E-32, 1.000000000000000000, 3.061616997868382648E-16 ) ) ;
#5462 = ORIENTED_EDGE ( 'NONE', *, *, #6176, .F. ) ;
#5463 = DIRECTION ( 'NONE',  ( 0.000000000000000000, -1.000000000000000000, -3.061616997868383141E-16 ) ) ;
#5464 = CARTESIAN_POINT ( 'NONE',  ( 12.63738292428807419, 51.19999999999999574, -17.14386537906140973 ) ) ;
#5465 = DIRECTION ( 'NONE',  ( -4.930380657631323784E-32, 1.000000000000000000, 3.061616997868382648E-16 ) ) ;
#5466 = EDGE_CURVE ( 'NONE', #10166, #8632, #10274, .T. ) ;
#5467 = CARTESIAN_POINT ( 'NONE',  ( 17.39386537906129604, -80.41022924428168039, -12.63738292428827314 ) ) ;
#5468 = CIRCLE ( 'NONE', #6901, 21.50000000000000000 ) ;
#5469 = ORIENTED_EDGE ( 'NONE', *, *, #11096, .T. ) ;
#5470 = CARTESIAN_POINT ( 'NONE',  ( 0.000000000000000000, 87.50000000000001421, 3.730185188303422936E-15 ) ) ;
#5471 = CARTESIAN_POINT ( 'NONE',  ( -18.61954618136552142, 45.19999999999998863, -10.74999999999980638 ) ) ;
#5472 = ORIENTED_EDGE ( 'NONE', *, *, #4721, .T. ) ;
#5473 = SURFACE_STYLE_FILL_AREA ( #9432 ) ;
#5474 = CARTESIAN_POINT ( 'NONE',  ( -4.225266388133319673, -80.41022924428168039, -21.08072873382965184 ) ) ;
#5475 = VECTOR ( 'NONE', #8566, 1000.000000000000000 ) ;
#5476 = EDGE_LOOP ( 'NONE', ( #9882, #10824, #9291, #7472 ) ) ;
#5477 = CIRCLE ( 'NONE', #10589, 0.2500000000000002220 ) ;
#5478 = VECTOR ( 'NONE', #4344, 1000.000000000000000 ) ;
#5479 = ORIENTED_EDGE ( 'NONE', *, *, #10387, .T. ) ;
#5480 = CARTESIAN_POINT ( 'NONE',  ( -13.53038840757163541, 51.19999999999999574, -16.70863817132473628 ) ) ;
#5481 = EDGE_CURVE ( 'NONE', #9064, #6856, #9277, .T. ) ;
#5482 = VERTEX_POINT ( 'NONE', #6373 ) ;
#5483 = DIRECTION ( 'NONE',  ( 0.000000000000000000, 0.000000000000000000, 1.000000000000000000 ) ) ;
#5484 = CARTESIAN_POINT ( 'NONE',  ( -2.247361960254701252, 51.19999999999999574, -21.13222075041783299 ) ) ;
#5485 = DIRECTION ( 'NONE',  ( 9.860761315262647568E-32, 1.000000000000000000, 3.061616997868382648E-16 ) ) ;
#5486 = ADVANCED_FACE ( 'NONE', ( #11173 ), #510, .T. ) ;
#5487 = DIRECTION ( 'NONE',  ( 2.546183866652841235E-17, -0.9781476007338054668, 0.2079116908177598144 ) ) ;
#5488 = CARTESIAN_POINT ( 'NONE',  ( 0.9963509092825143520, -0.07745705061272947778, 2.635542949387270184 ) ) ;
#5489 = CYLINDRICAL_SURFACE ( 'NONE', #11556, 0.2500000000000002220 ) ;
#5490 = ORIENTED_EDGE ( 'NONE', *, *, #1410, .T. ) ;
#5491 = AXIS2_PLACEMENT_3D ( 'NONE', #915, #80, #4922 ) ;
#5492 = VERTEX_POINT ( 'NONE', #9429 ) ;
#5493 = EDGE_CURVE ( 'NONE', #5718, #2584, #467, .T. ) ;
#5494 = VERTEX_POINT ( 'NONE', #8222 ) ;
#5495 = EDGE_CURVE ( 'NONE', #12691, #7385, #629, .T. ) ;
#5496 = EDGE_CURVE ( 'NONE', #1324, #10783, #10520, .T. ) ;
#5497 = LINE ( 'NONE', #655, #642 ) ;
#5498 = CIRCLE ( 'NONE', #3438, 21.50000000000001066 ) ;
#5499 = FACE_OUTER_BOUND ( 'NONE', #7576, .T. ) ;
#5500 = CARTESIAN_POINT ( 'NONE',  ( -5.564609469704350886, 51.19999999999999574, -20.76740526521489727 ) ) ;
#5501 = ORIENTED_EDGE ( 'NONE', *, *, #9859, .T. ) ;
#5502 = CYLINDRICAL_SURFACE ( 'NONE', #2385, 21.50000000000000355 ) ;
#5503 = AXIS2_PLACEMENT_3D ( 'NONE', #4081, #963, #7972 ) ;
#5504 = DIRECTION ( 'NONE',  ( -4.930380657631323784E-32, 1.000000000000000000, 3.061616997868381662E-16 ) ) ;
#5505 = DIRECTION ( 'NONE',  ( -0.000000000000000000, 1.000000000000000000, 3.061616997868383141E-16 ) ) ;
#5506 = ORIENTED_EDGE ( 'NONE', *, *, #11117, .T. ) ;
#5507 = DIRECTION ( 'NONE',  ( -0.000000000000000000, 1.000000000000000000, 3.061616997868383141E-16 ) ) ;
#5508 = AXIS2_PLACEMENT_3D ( 'NONE', #5807, #907, #4852 ) ;
#5509 = DIRECTION ( 'NONE',  ( -0.000000000000000000, 1.000000000000000000, 3.061616997868383141E-16 ) ) ;
#5510 = ORIENTED_EDGE ( 'NONE', *, *, #11303, .T. ) ;
#5511 = ORIENTED_EDGE ( 'NONE', *, *, #5884, .T. ) ;
#5512 = ORIENTED_EDGE ( 'NONE', *, *, #9843, .F. ) ;
#5513 = DIRECTION ( 'NONE',  ( 0.000000000000000000, 0.000000000000000000, 1.000000000000000000 ) ) ;
#5514 = EDGE_CURVE ( 'NONE', #1252, #204, #11541, .T. ) ;
#5515 = CARTESIAN_POINT ( 'NONE',  ( 10.75000000000001421, 51.20000000000000995, 18.61954618136542550 ) ) ;
#5516 = ORIENTED_EDGE ( 'NONE', *, *, #10907, .F. ) ;
#5517 = DIRECTION ( 'NONE',  ( 9.860761315262647568E-32, 1.000000000000000000, 3.061616997868382155E-16 ) ) ;
#5518 = CARTESIAN_POINT ( 'NONE',  ( -21.38222075041788628, 45.19999999999998863, -2.247361960254323332 ) ) ;
#5519 = ORIENTED_EDGE ( 'NONE', *, *, #7000, .T. ) ;
#5520 = DIRECTION ( 'NONE',  ( 0.000000000000000000, 0.000000000000000000, 1.000000000000000000 ) ) ;
#5521 = EDGE_CURVE ( 'NONE', #3289, #7403, #11102, .T. ) ;
#5522 = CARTESIAN_POINT ( 'NONE',  ( -0.9962617306406352791, 0.08682781387769962500, 2.799827813877699967 ) ) ;
#5523 = CARTESIAN_POINT ( 'NONE',  ( 0.000000000000000000, 87.50000000000001421, 3.730185188303422936E-15 ) ) ;
#5524 = DIRECTION ( 'NONE',  ( -0.000000000000000000, 1.000000000000000000, 3.061616997868383141E-16 ) ) ;
#5525 = CARTESIAN_POINT ( 'NONE',  ( 0.000000000000000000, 77.00000000000000000, 2.357445088358655073E-14 ) ) ;
#5526 = ORIENTED_EDGE ( 'NONE', *, *, #4260, .F. ) ;
#5527 = CIRCLE ( 'NONE', #5726, 21.50000000000001066 ) ;
#5528 = ADVANCED_FACE ( 'NONE', ( #2380 ), #12125, .T. ) ;
#5529 = EDGE_CURVE ( 'NONE', #6629, #4102, #6622, .T. ) ;
#5530 = ORIENTED_EDGE ( 'NONE', *, *, #10837, .T. ) ;
#5531 = LINE ( 'NONE', #2499, #1793 ) ;
#5532 = DIRECTION ( 'NONE',  ( 0.000000000000000000, 0.000000000000000000, 1.000000000000000000 ) ) ;
#5534 = VERTEX_POINT ( 'NONE', #10526 ) ;
#5533 = VECTOR ( 'NONE', #5465, 1000.000000000000000 ) ;
#5535 = CARTESIAN_POINT ( 'NONE',  ( -0.9970308217411253393, -0.08655782550412337295, -2.799557825504123798 ) ) ;
#5536 = AXIS2_PLACEMENT_3D ( 'NONE', #4689, #4819, #930 ) ;
#5537 = DIRECTION ( 'NONE',  ( -7.395570986446986770E-32, 1.000000000000000000, 3.061616997868381169E-16 ) ) ;
#5538 = VECTOR ( 'NONE', #1774, 1000.000000000000000 ) ;
#5539 = ORIENTED_EDGE ( 'NONE', *, *, #11943, .T. ) ;
#5540 = AXIS2_PLACEMENT_3D ( 'NONE', #10305, #541, #12279 ) ;
#5541 = ADVANCED_FACE ( 'NONE', ( #10705 ), #1784, .F. ) ;
#5542 = ORIENTED_EDGE ( 'NONE', *, *, #11752, .T. ) ;
#5543 = CARTESIAN_POINT ( 'NONE',  ( 0.000000000000000000, 76.00000000000000000, 15.40000000000000036 ) ) ;
#5544 = AXIS2_PLACEMENT_3D ( 'NONE', #1233, #1170, #11832 ) ;
#5545 = ORIENTED_EDGE ( 'NONE', *, *, #9266, .F. ) ;
#5546 = CARTESIAN_POINT ( 'NONE',  ( -10.74999999999975486, 45.20000000000000284, 18.61954618136557116 ) ) ;
#5547 = LINE ( 'NONE', #11430, #10080 ) ;
#5548 = CYLINDRICAL_SURFACE ( 'NONE', #4669, 21.50000000000000355 ) ;
#5549 = CARTESIAN_POINT ( 'NONE',  ( 19.98103174821871519, 45.19999999999998863, 7.937781193550000225 ) ) ;
#5550 = CARTESIAN_POINT ( 'NONE',  ( 0.9995419935583871318, -0.07495876827539910137, 2.638041231724600255 ) ) ;
#5551 = DIRECTION ( 'NONE',  ( 0.000000000000000000, -1.000000000000000000, -3.061616997868383141E-16 ) ) ;
#5552 = ORIENTED_EDGE ( 'NONE', *, *, #10331, .F. ) ;
#5553 = AXIS2_PLACEMENT_3D ( 'NONE', #8366, #11252, #6451 ) ;
#5554 = VERTEX_POINT ( 'NONE', #9617 ) ;
#5555 = ORIENTED_EDGE ( 'NONE', *, *, #11080, .T. ) ;
#5556 = CARTESIAN_POINT ( 'NONE',  ( 0.000000000000000000, 45.20000000000000995, -9.220454712679835547E-15 ) ) ;
#5557 = DIRECTION ( 'NONE',  ( 0.000000000000000000, -1.000000000000000000, -3.061616997868383141E-16 ) ) ;
#5558 = VERTEX_POINT ( 'NONE', #7568 ) ;
#5559 = DIRECTION ( 'NONE',  ( 0.000000000000000000, 0.000000000000000000, 1.000000000000000000 ) ) ;
#5560 = DIRECTION ( 'NONE',  ( 9.860761315262647568E-32, 1.000000000000000000, 3.061616997868382155E-16 ) ) ;
#5561 = DIRECTION ( 'NONE',  ( -7.395570986446986770E-32, 1.000000000000000000, 3.061616997868381169E-16 ) ) ;
#5562 = ORIENTED_EDGE ( 'NONE', *, *, #7190, .T. ) ;
#5563 = CARTESIAN_POINT ( 'NONE',  ( 0.8754938253329621611, 45.20000000000000284, 21.48216726873254601 ) ) ;
#5564 = DIRECTION ( 'NONE',  ( 0.000000000000000000, 0.000000000000000000, 1.000000000000000000 ) ) ;
#5565 = ORIENTED_EDGE ( 'NONE', *, *, #232, .T. ) ;
#5566 = EDGE_CURVE ( 'NONE', #12693, #3720, #8444, .T. ) ;
#5567 = ORIENTED_EDGE ( 'NONE', *, *, #8283, .T. ) ;
#5568 = VERTEX_POINT ( 'NONE', #3728 ) ;
#5569 = DIRECTION ( 'NONE',  ( 0.000000000000000000, 3.061616997868383141E-16, -1.000000000000000000 ) ) ;
#5570 = CIRCLE ( 'NONE', #7202, 0.2500000000000002220 ) ;
#5571 = SURFACE_STYLE_USAGE ( .BOTH. , #9600 ) ;
#5572 = VERTEX_POINT ( 'NONE', #4831 ) ;
#5573 = FACE_OUTER_BOUND ( 'NONE', #4128, .T. ) ;
#5574 = DIRECTION ( 'NONE',  ( 0.000000000000000000, -3.227392513445220839E-16, 1.000000000000000000 ) ) ;
#5575 = ORIENTED_EDGE ( 'NONE', *, *, #4504, .F. ) ;
#5576 = DIRECTION ( 'NONE',  ( -0.000000000000000000, 1.000000000000000000, 3.061616997868383141E-16 ) ) ;
#5577 = CIRCLE ( 'NONE', #1458, 0.2500000000000002220 ) ;
#5578 = AXIS2_PLACEMENT_3D ( 'NONE', #3096, #10600, #961 ) ;
#5579 = CARTESIAN_POINT ( 'NONE',  ( 0.000000000000000000, 51.20000000000000995, -7.383484513958806747E-15 ) ) ;
#5580 = CARTESIAN_POINT ( 'NONE',  ( -19.64122733931598574, 45.19999999999998863, -8.494837826129508329 ) ) ;
#5581 = ORIENTED_EDGE ( 'NONE', *, *, #9562, .T. ) ;
#5582 = EDGE_CURVE ( 'NONE', #3426, #4769, #3800, .T. ) ;
#5583 = AXIS2_PLACEMENT_3D ( 'NONE', #6223, #12041, #7171 ) ;
#5584 = CARTESIAN_POINT ( 'NONE',  ( 21.35464355025359495, -80.41022924428168039, 2.495836301044606742 ) ) ;
#5585 = DIRECTION ( 'NONE',  ( 0.000000000000000000, 0.5735764363510469366, 0.8191520442889912434 ) ) ;
#5586 = ADVANCED_FACE ( 'NONE', ( #12620 ), #3856, .F. ) ;
#5587 = ORIENTED_EDGE ( 'NONE', *, *, #9099, .F. ) ;
#5588 = EDGE_CURVE ( 'NONE', #5572, #3197, #11918, .T. ) ;
#5589 = VECTOR ( 'NONE', #3627, 1000.000000000000000 ) ;
#5590 = AXIS2_PLACEMENT_3D ( 'NONE', #489, #4609, #7488 ) ;
#5591 = ORIENTED_EDGE ( 'NONE', *, *, #709, .T. ) ;
#5592 = DIRECTION ( 'NONE',  ( 0.000000000000000000, 3.061616997868383141E-16, -1.000000000000000000 ) ) ;
#5593 = CARTESIAN_POINT ( 'NONE',  ( 0.000000000000000000, 87.50000000000001421, 3.730185188303422936E-15 ) ) ;
#5594 = ORIENTED_EDGE ( 'NONE', *, *, #5514, .F. ) ;
#5595 = CARTESIAN_POINT ( 'NONE',  ( 0.000000000000000000, 87.50000000000001421, 3.730185188303422936E-15 ) ) ;
#5596 = LINE ( 'NONE', #2762, #6973 ) ;
#5597 = AXIS2_PLACEMENT_3D ( 'NONE', #8571, #1757, #5819 ) ;
#5598 = CIRCLE ( 'NONE', #6416, 0.2500000000000002220 ) ;
#5599 = EDGE_CURVE ( 'NONE', #5450, #3676, #233, .T. ) ;
#5600 = ORIENTED_EDGE ( 'NONE', *, *, #2183, .F. ) ;
#5601 = CIRCLE ( 'NONE', #2718, 18.19686085958248967 ) ;
#5602 = AXIS2_PLACEMENT_3D ( 'NONE', #8032, #7197, #1345 ) ;
#5603 = ORIENTED_EDGE ( 'NONE', *, *, #11840, .T. ) ;
#5604 = AXIS2_PLACEMENT_3D ( 'NONE', #8796, #12697, #9697 ) ;
#5605 = ORIENTED_EDGE ( 'NONE', *, *, #337, .F. ) ;
#5606 = LINE ( 'NONE', #7393, #10816 ) ;
#5607 = CIRCLE ( 'NONE', #6024, 21.50000000000000000 ) ;
#5608 = DIRECTION ( 'NONE',  ( -0.000000000000000000, 1.000000000000000000, 3.061616997868383141E-16 ) ) ;
#5609 = ORIENTED_EDGE ( 'NONE', *, *, #7389, .T. ) ;
#5610 = DIRECTION ( 'NONE',  ( -0.000000000000000000, 1.000000000000000000, 3.061616997868383141E-16 ) ) ;
#5611 = DIRECTION ( 'NONE',  ( 9.860761315262647568E-32, 1.000000000000000000, 3.061616997868382155E-16 ) ) ;
#5612 = LINE ( 'NONE', #11566, #6308 ) ;
#5613 = VECTOR ( 'NONE', #10626, 1000.000000000000000 ) ;
#5614 = CARTESIAN_POINT ( 'NONE',  ( 0.000000000000000000, 45.20000000000000995, -9.220454712679835547E-15 ) ) ;
#5615 = DIRECTION ( 'NONE',  ( 9.860761315262647568E-32, 1.000000000000000000, 3.061616997868382155E-16 ) ) ;
#5616 = ADVANCED_FACE ( 'NONE', ( #10641 ), #12432, .F. ) ;
#5617 = CARTESIAN_POINT ( 'NONE',  ( 21.03017341577679389, -80.41022924428168039, -4.470101352581928644 ) ) ;
#5618 = AXIS2_PLACEMENT_3D ( 'NONE', #2159, #5893, #9995 ) ;
#5619 = ORIENTED_EDGE ( 'NONE', *, *, #9391, .F. ) ;
#5620 = ORIENTED_EDGE ( 'NONE', *, *, #2700, .T. ) ;
#5621 = CYLINDRICAL_SURFACE ( 'NONE', #1920, 21.50000000000000355 ) ;
#5622 = VECTOR ( 'NONE', #7471, 1000.000000000000000 ) ;
#5623 = CARTESIAN_POINT ( 'NONE',  ( 11.70973925282309835, 51.20000000000000995, 18.03141721082661064 ) ) ;
#5624 = AXIS2_PLACEMENT_3D ( 'NONE', #6461, #12460, #2590 ) ;
#5625 = DIRECTION ( 'NONE',  ( 0.000000000000000000, 0.000000000000000000, 1.000000000000000000 ) ) ;
#5626 = ORIENTED_EDGE ( 'NONE', *, *, #10041, .F. ) ;
#5627 = CYLINDRICAL_SURFACE ( 'NONE', #7309, 0.2500000000000002220 ) ;
#5628 = CARTESIAN_POINT ( 'NONE',  ( -1.125223059223438904, 45.19999999999998863, -21.47053499722331082 ) ) ;
#5629 = CARTESIAN_POINT ( 'NONE',  ( 4.225266388133034567, -80.41022924428168039, -21.08072873382970869 ) ) ;
#5630 = ORIENTED_EDGE ( 'NONE', *, *, #4645, .F. ) ;
#5631 = EDGE_CURVE ( 'NONE', #4329, #3218, #3733, .T. ) ;
#5632 = DIRECTION ( 'NONE',  ( -0.000000000000000000, 1.000000000000000000, 3.061616997868383141E-16 ) ) ;
#5633 = DIRECTION ( 'NONE',  ( 0.000000000000000000, -0.7071067811865464625, -0.7071067811865486830 ) ) ;
#5634 = ORIENTED_EDGE ( 'NONE', *, *, #11618, .T. ) ;
#5635 = VERTEX_POINT ( 'NONE', #4759 ) ;
#5636 = ORIENTED_EDGE ( 'NONE', *, *, #9051, .F. ) ;
#5637 = DIRECTION ( 'NONE',  ( 0.000000000000000000, -1.000000000000000000, -3.061616997868383141E-16 ) ) ;
#5638 = CARTESIAN_POINT ( 'NONE',  ( 0.000000000000000000, 51.19999999999999574, 21.50000000000000355 ) ) ;
#5639 = VECTOR ( 'NONE', #10702, 1000.000000000000000 ) ;
#5640 = DIRECTION ( 'NONE',  ( 4.930380657631323784E-32, 1.000000000000000000, 3.061616997868381662E-16 ) ) ;
#5641 = EDGE_CURVE ( 'NONE', #11612, #6759, #3528, .T. ) ;
#5642 = DIRECTION ( 'NONE',  ( -0.000000000000000000, 1.000000000000000000, 3.061616997868383141E-16 ) ) ;
#5643 = DIRECTION ( 'NONE',  ( 0.000000000000000000, 0.000000000000000000, 1.000000000000000000 ) ) ;
#5644 = ORIENTED_EDGE ( 'NONE', *, *, #2892, .T. ) ;
#5645 = CARTESIAN_POINT ( 'NONE',  ( 9.537388008204075618, 51.19999999999999574, -19.26884090911971015 ) ) ;
#5646 = DIRECTION ( 'NONE',  ( 0.000000000000000000, -3.227392513445222318E-16, 1.000000000000000000 ) ) ;
#5647 = DIRECTION ( 'NONE',  ( -0.000000000000000000, 1.000000000000000000, 3.061616997868383141E-16 ) ) ;
#5648 = VERTEX_POINT ( 'NONE', #7697 ) ;
#5649 = EDGE_CURVE ( 'NONE', #7995, #7997, #11604, .T. ) ;
#5650 = DIRECTION ( 'NONE',  ( -0.000000000000000000, 1.000000000000000000, 3.061616997868383141E-16 ) ) ;
#5651 = DIRECTION ( 'NONE',  ( 0.000000000000000000, 0.000000000000000000, 1.000000000000000000 ) ) ;
#5652 = EDGE_LOOP ( 'NONE', ( #6380, #2689, #3415, #5479 ) ) ;
#5653 = VECTOR ( 'NONE', #10198, 1000.000000000000000 ) ;
#5654 = ORIENTED_EDGE ( 'NONE', *, *, #6542, .T. ) ;
#5655 = DIRECTION ( 'NONE',  ( 0.000000000000000000, -1.000000000000000000, -3.061616997868383141E-16 ) ) ;
#5656 = EDGE_CURVE ( 'NONE', #5997, #70, #1046, .T. ) ;
#5657 = DIRECTION ( 'NONE',  ( -0.000000000000000000, 1.000000000000000000, 3.061616997868383141E-16 ) ) ;
#5658 = ORIENTED_EDGE ( 'NONE', *, *, #8813, .F. ) ;
#5659 = CYLINDRICAL_SURFACE ( 'NONE', #4608, 0.2500000000000002220 ) ;
#5660 = CIRCLE ( 'NONE', #2778, 0.2500000000000002220 ) ;
#5661 = CARTESIAN_POINT ( 'NONE',  ( -1.000000000000000444, -0.08699999999999999400, -2.799999999999999822 ) ) ;
#5662 = EDGE_CURVE ( 'NONE', #10192, #5188, #3602, .T. ) ;
#5663 = AXIS2_PLACEMENT_3D ( 'NONE', #1373, #5199, #3064 ) ;
#5664 = ORIENTED_EDGE ( 'NONE', *, *, #7088, .F. ) ;
#5665 = ORIENTED_EDGE ( 'NONE', *, *, #9522, .F. ) ;
#5666 = VERTEX_POINT ( 'NONE', #6558 ) ;
#5667 = CARTESIAN_POINT ( 'NONE',  ( 0.9959223772478928982, 0.07757119055259584228, -2.635428809447406984 ) ) ;
#5668 = ADVANCED_FACE ( 'NONE', ( #4634 ), #1649, .T. ) ;
#5669 = CARTESIAN_POINT ( 'NONE',  ( -11.70973925282321915, 51.19999999999999574, -18.03141721082649696 ) ) ;
#5670 = ORIENTED_EDGE ( 'NONE', *, *, #12701, .F. ) ;
#5671 = CIRCLE ( 'NONE', #2182, 0.2500000000000002220 ) ;
#5672 = CARTESIAN_POINT ( 'NONE',  ( -21.27297168455577392, 45.19999999999998863, 3.116195710812890152 ) ) ;
#5673 = DIRECTION ( 'NONE',  ( 0.000000000000000000, 0.000000000000000000, 1.000000000000000000 ) ) ;
#5674 = ADVANCED_FACE ( 'NONE', ( #3664 ), #11481, .F. ) ;
#5675 = FACE_OUTER_BOUND ( 'NONE', #12201, .T. ) ;
#5676 = LINE ( 'NONE', #9574, #10653 ) ;
#5677 = CARTESIAN_POINT ( 'NONE',  ( -12.63738292428830867, 51.19999999999999574, -17.14386537906123920 ) ) ;
#5678 = VERTEX_POINT ( 'NONE', #9886 ) ;
#5679 = CIRCLE ( 'NONE', #9765, 8.948518023597397786 ) ;
#5680 = VECTOR ( 'NONE', #120, 1000.000000000000000 ) ;
#5681 = VERTEX_POINT ( 'NONE', #7005 ) ;
#5682 = AXIS2_PLACEMENT_3D ( 'NONE', #5862, #9572, #12578 ) ;
#5683 = DIRECTION ( 'NONE',  ( -0.000000000000000000, 1.000000000000000000, 3.061616997868383141E-16 ) ) ;
#5684 = ADVANCED_FACE ( 'NONE', ( #10013, #9044 ), #3016, .T. ) ;
#5685 = EDGE_CURVE ( 'NONE', #11980, #9646, #5577, .T. ) ;
#5686 = FACE_OUTER_BOUND ( 'NONE', #10662, .T. ) ;
#5687 = DIRECTION ( 'NONE',  ( -4.930380657631323784E-32, 1.000000000000000000, 3.061616997868382648E-16 ) ) ;
#5688 = DIRECTION ( 'NONE',  ( -9.860761315262647568E-32, 1.000000000000000000, 3.061616997868381662E-16 ) ) ;
#5689 = VERTEX_POINT ( 'NONE', #6044 ) ;
#5691 = CARTESIAN_POINT ( 'NONE',  ( 15.80925377108426488, -80.41022924428169460, 14.57111852952465192 ) ) ;
#5690 = AXIS2_PLACEMENT_3D ( 'NONE', #38, #5029, #3990 ) ;
#5692 = CIRCLE ( 'NONE', #10805, 10.00000000000000000 ) ;
#5693 = CYLINDRICAL_SURFACE ( 'NONE', #406, 0.2500000000000002220 ) ;
#5694 = CARTESIAN_POINT ( 'NONE',  ( 20.44771510034576067, 51.19999999999999574, -6.643865379061435483 ) ) ;
#5695 = ORIENTED_EDGE ( 'NONE', *, *, #991, .T. ) ;
#5696 = AXIS2_PLACEMENT_3D ( 'NONE', #11567, #3617, #12328 ) ;
#5697 = CARTESIAN_POINT ( 'NONE',  ( 1.916572240665607987E-15, 76.25000000000000000, -15.65000000000000036 ) ) ;
#5698 = DIRECTION ( 'NONE',  ( 0.000000000000000000, -3.227392513445220839E-16, 1.000000000000000000 ) ) ;
#5699 = ORIENTED_EDGE ( 'NONE', *, *, #10193, .T. ) ;
#5700 = ORIENTED_EDGE ( 'NONE', *, *, #11964, .F. ) ;
#5701 = CIRCLE ( 'NONE', #10211, 0.2500000000000002220 ) ;
#5702 = VERTEX_POINT ( 'NONE', #4058 ) ;
#5703 = DIRECTION ( 'NONE',  ( -0.000000000000000000, 1.000000000000000000, 3.061616997868383141E-16 ) ) ;
#5704 = EDGE_CURVE ( 'NONE', #857, #10319, #8034, .T. ) ;
#5705 = CIRCLE ( 'NONE', #3039, 21.50000000000000000 ) ;
#5706 = PRESENTATION_STYLE_ASSIGNMENT (( #5571 ) ) ;
#5707 = FACE_OUTER_BOUND ( 'NONE', #12079, .T. ) ;
#5708 = CARTESIAN_POINT ( 'NONE',  ( 20.52358569366468544, 45.19999999999998863, 6.405656115871495970 ) ) ;
#5709 = FACE_OUTER_BOUND ( 'NONE', #180, .T. ) ;
#5710 = EDGE_LOOP ( 'NONE', ( #12453, #211, #9377, #6035 ) ) ;
#5711 = CYLINDRICAL_SURFACE ( 'NONE', #3205, 0.2500000000000002220 ) ;
#5712 = DIRECTION ( 'NONE',  ( -0.000000000000000000, 1.000000000000000000, 3.061616997868383141E-16 ) ) ;
#5713 = LINE ( 'NONE', #8711, #10443 ) ;
#5714 = ORIENTED_EDGE ( 'NONE', *, *, #3858, .T. ) ;
#5715 = FACE_OUTER_BOUND ( 'NONE', #2553, .T. ) ;
#5716 = CARTESIAN_POINT ( 'NONE',  ( 19.26884090911967462, -80.41022924428168039, -9.537388008204128909 ) ) ;
#5717 = CIRCLE ( 'NONE', #11229, 21.50000000000001066 ) ;
#5718 = VERTEX_POINT ( 'NONE', #5911 ) ;
#5719 = EDGE_CURVE ( 'NONE', #10768, #1252, #3115, .T. ) ;
#5720 = VERTEX_POINT ( 'NONE', #6877 ) ;
#5721 = CARTESIAN_POINT ( 'NONE',  ( 1.885956070686925778E-15, 75.00000000000000000, -15.40000000000001457 ) ) ;
#5722 = DIRECTION ( 'NONE',  ( 0.000000000000000000, -3.227392513445222318E-16, 1.000000000000000000 ) ) ;
#5723 = EDGE_LOOP ( 'NONE', ( #7766, #12497, #2152, #4756 ) ) ;
#5724 = DIRECTION ( 'NONE',  ( 0.000000000000000000, -3.227392513445220839E-16, 1.000000000000000000 ) ) ;
#5725 = DIRECTION ( 'NONE',  ( -3.697785493223493385E-32, 1.000000000000000000, 3.061616997868381662E-16 ) ) ;
#5726 = AXIS2_PLACEMENT_3D ( 'NONE', #8591, #11475, #8468 ) ;
#5727 = ADVANCED_FACE ( 'NONE', ( #10971 ), #3991, .F. ) ;
#5728 = EDGE_CURVE ( 'NONE', #11542, #7046, #3918, .T. ) ;
#5729 = VERTEX_POINT ( 'NONE', #10774 ) ;
#5730 = ORIENTED_EDGE ( 'NONE', *, *, #11752, .F. ) ;
#5731 = ORIENTED_EDGE ( 'NONE', *, *, #10129, .T. ) ;
#5732 = LINE ( 'NONE', #7767, #6726 ) ;
#5733 = DIRECTION ( 'NONE',  ( 2.465190328815661892E-32, 1.000000000000000000, 3.061616997868381169E-16 ) ) ;
#5734 = EDGE_LOOP ( 'NONE', ( #11489, #8030, #5542, #1770 ) ) ;
#5735 = CIRCLE ( 'NONE', #2641, 0.2500000000000002220 ) ;
#5736 = DIRECTION ( 'NONE',  ( 0.000000000000000000, 0.000000000000000000, 1.000000000000000000 ) ) ;
#5737 = CARTESIAN_POINT ( 'NONE',  ( -1.000000000000000444, -0.08699999999999999400, -2.799999999999999822 ) ) ;
#5738 = CARTESIAN_POINT ( 'NONE',  ( 14.57111852952462527, -80.41022924428168039, -15.80925377108433771 ) ) ;
#5739 = FACE_OUTER_BOUND ( 'NONE', #10556, .T. ) ;
#5740 = EDGE_CURVE ( 'NONE', #8202, #344, #5386, .T. ) ;
#5741 = CIRCLE ( 'NONE', #10851, 21.50000000000001066 ) ;
#5742 = VECTOR ( 'NONE', #4360, 1000.000000000000000 ) ;
#5743 = ORIENTED_EDGE ( 'NONE', *, *, #5111, .T. ) ;
#5744 = EDGE_CURVE ( 'NONE', #7127, #5745, #10689, .T. ) ;
#5745 = VERTEX_POINT ( 'NONE', #5030 ) ;
#5746 = CIRCLE ( 'NONE', #6166, 8.698518023597397786 ) ;
#5747 = ADVANCED_FACE ( 'NONE', ( #4130 ), #8918, .T. ) ;
#5748 = FACE_OUTER_BOUND ( 'NONE', #10100, .T. ) ;
#5749 = CARTESIAN_POINT ( 'NONE',  ( 7.937781193549927394, 51.19999999999999574, -19.98103174821874006 ) ) ;
#5750 = DIRECTION ( 'NONE',  ( 0.000000000000000000, 0.000000000000000000, 1.000000000000000000 ) ) ;
#5751 = LINE ( 'NONE', #656, #67 ) ;
#5752 = VERTEX_POINT ( 'NONE', #11862 ) ;
#5753 = CYLINDRICAL_SURFACE ( 'NONE', #1145, 21.50000000000000355 ) ;
#5754 = CARTESIAN_POINT ( 'NONE',  ( 21.49854651162790731, 51.19999999999999574, -0.2499957747072898417 ) ) ;
#5755 = DIRECTION ( 'NONE',  ( 0.000000000000000000, -3.384826294588890954E-16, 1.000000000000000000 ) ) ;
#5756 = AXIS2_PLACEMENT_3D ( 'NONE', #9771, #2839, #964 ) ;
#5757 = DIRECTION ( 'NONE',  ( 0.000000000000000000, 0.000000000000000000, -1.000000000000000000 ) ) ;
#5758 = DIRECTION ( 'NONE',  ( 0.000000000000000000, -1.000000000000000000, -3.061616997868383141E-16 ) ) ;
#5759 = ORIENTED_EDGE ( 'NONE', *, *, #3777, .F. ) ;
#5760 = EDGE_CURVE ( 'NONE', #11027, #292, #12322, .T. ) ;
#5761 = ORIENTED_EDGE ( 'NONE', *, *, #11553, .T. ) ;
#5762 = ORIENTED_EDGE ( 'NONE', *, *, #9350, .T. ) ;
#5763 = CARTESIAN_POINT ( 'NONE',  ( 0.9949999999999997735, -0.08699999999999999400, -2.799999999999999822 ) ) ;
#5764 = CARTESIAN_POINT ( 'NONE',  ( -16.14381341971829897, -80.41022924428169460, 14.19955239679484293 ) ) ;
#5765 = DIRECTION ( 'NONE',  ( 0.000000000000000000, -3.227392513445220839E-16, 1.000000000000000000 ) ) ;
#5766 = DIRECTION ( 'NONE',  ( -0.000000000000000000, 1.000000000000000000, 3.061616997868383141E-16 ) ) ;
#5767 = EDGE_LOOP ( 'NONE', ( #3391, #7795, #10394, #1987 ) ) ;
#5768 = DIRECTION ( 'NONE',  ( 9.860761315262647568E-32, 1.000000000000000000, 3.061616997868382648E-16 ) ) ;
#5769 = FACE_OUTER_BOUND ( 'NONE', #14, .T. ) ;
#5770 = FACE_OUTER_BOUND ( 'NONE', #11521, .T. ) ;
#5771 = EDGE_LOOP ( 'NONE', ( #9679, #797, #9516, #7517 ) ) ;
#5772 = DIRECTION ( 'NONE',  ( 0.000000000000000000, 0.000000000000000000, 1.000000000000000000 ) ) ;
#5773 = LINE ( 'NONE', #3909, #8184 ) ;
#5774 = ADVANCED_FACE ( 'NONE', ( #6170 ), #9820, .T. ) ;
#5775 = ORIENTED_EDGE ( 'NONE', *, *, #2631, .T. ) ;
#5776 = CARTESIAN_POINT ( 'NONE',  ( 0.000000000000000000, 87.50000000000001421, 3.730185188303422936E-15 ) ) ;
#5777 = MANIFOLD_SOLID_BREP ( 'CirPattern9', #737 ) ;
#5778 = ORIENTED_EDGE ( 'NONE', *, *, #2128, .T. ) ;
#5779 = DIRECTION ( 'NONE',  ( 0.000000000000000000, 0.000000000000000000, -1.000000000000000000 ) ) ;
#5780 = AXIS2_PLACEMENT_3D ( 'NONE', #6956, #7773, #898 ) ;
#5781 = DIRECTION ( 'NONE',  ( 0.000000000000000000, 0.000000000000000000, 1.000000000000000000 ) ) ;
#5782 = ORIENTED_EDGE ( 'NONE', *, *, #9142, .T. ) ;
#5783 = CYLINDRICAL_SURFACE ( 'NONE', #3796, 0.2500000000000002220 ) ;
#5784 = DIRECTION ( 'NONE',  ( 0.000000000000000000, 0.000000000000000000, 1.000000000000000000 ) ) ;
#5785 = EDGE_CURVE ( 'NONE', #9348, #4612, #13, .T. ) ;
#5786 = AXIS2_PLACEMENT_3D ( 'NONE', #10242, #1433, #5377 ) ;
#5787 = AXIS2_PLACEMENT_3D ( 'NONE', #10372, #10494, #12226 ) ;
#5788 = ORIENTED_EDGE ( 'NONE', *, *, #1863, .T. ) ;
#5789 = ORIENTED_EDGE ( 'NONE', *, *, #6677, .F. ) ;
#5790 = ORIENTED_EDGE ( 'NONE', *, *, #12244, .T. ) ;
#5791 = CARTESIAN_POINT ( 'NONE',  ( 9.760795744400141416, 45.19999999999998863, -19.15664027004994097 ) ) ;
#5792 = DIRECTION ( 'NONE',  ( -0.000000000000000000, 1.000000000000000000, 3.061616997868383141E-16 ) ) ;
#5793 = ORIENTED_EDGE ( 'NONE', *, *, #1171, .F. ) ;
#5794 = AXIS2_PLACEMENT_3D ( 'NONE', #8888, #3956, #4997 ) ;
#5795 = AXIS2_PLACEMENT_3D ( 'NONE', #1600, #4585, #1537 ) ;
#5796 = EDGE_CURVE ( 'NONE', #12568, #1384, #7619, .T. ) ;
#5797 = DIRECTION ( 'NONE',  ( 2.465190328815661892E-32, 1.000000000000000000, 3.061616997868380676E-16 ) ) ;
#5798 = DIRECTION ( 'NONE',  ( 0.000000000000000000, 0.000000000000000000, 1.000000000000000000 ) ) ;
#5799 = CARTESIAN_POINT ( 'NONE',  ( 21.03017341577679389, 51.19999999999999574, -4.470101352581888676 ) ) ;
#5800 = CARTESIAN_POINT ( 'NONE',  ( -6.405656115871267708, 45.20000000000000284, 20.52358569366476360 ) ) ;
#5801 = ADVANCED_FACE ( 'NONE', ( #6237 ), #4619, .T. ) ;
#5802 = ORIENTED_EDGE ( 'NONE', *, *, #766, .F. ) ;
#5803 = AXIS2_PLACEMENT_3D ( 'NONE', #4243, #10135, #6296 ) ;
#5804 = AXIS2_PLACEMENT_3D ( 'NONE', #5669, #5608, #12509 ) ;
#5805 = VERTEX_POINT ( 'NONE', #5708 ) ;
#5806 = AXIS2_PLACEMENT_3D ( 'NONE', #11338, #3332, #4439 ) ;
#5807 = CARTESIAN_POINT ( 'NONE',  ( 0.000000000000000000, 45.20000000000000995, -9.220454712679835547E-15 ) ) ;
#5808 = ADVANCED_FACE ( 'NONE', ( #7738 ), #3649, .T. ) ;
#5809 = ORIENTED_EDGE ( 'NONE', *, *, #8789, .T. ) ;
#5810 = CYLINDRICAL_SURFACE ( 'NONE', #1459, 0.2500000000000002220 ) ;
#5811 = DIRECTION ( 'NONE',  ( 0.000000000000000000, 0.000000000000000000, 1.000000000000000000 ) ) ;
#5812 = VECTOR ( 'NONE', #8392, 1000.000000000000000 ) ;
#5813 = EDGE_CURVE ( 'NONE', #11976, #7731, #10481, .T. ) ;
#5814 = CYLINDRICAL_SURFACE ( 'NONE', #11971, 21.50000000000000355 ) ;
#5815 = VERTEX_POINT ( 'NONE', #6480 ) ;
#5816 = CARTESIAN_POINT ( 'NONE',  ( 0.000000000000000000, 87.50000000000001421, 3.730185188303422936E-15 ) ) ;
#5817 = DIRECTION ( 'NONE',  ( 0.000000000000000000, 0.000000000000000000, 1.000000000000000000 ) ) ;
#5818 = DIRECTION ( 'NONE',  ( 0.000000000000000000, -3.227392513445220839E-16, 1.000000000000000000 ) ) ;
#5819 = DIRECTION ( 'NONE',  ( 0.000000000000000000, 0.000000000000000000, 1.000000000000000000 ) ) ;
#5820 = EDGE_CURVE ( 'NONE', #10687, #5203, #10381, .T. ) ;
#5821 = DIRECTION ( 'NONE',  ( 0.000000000000000000, -1.000000000000000000, -3.061616997868383141E-16 ) ) ;
#5822 = ORIENTED_EDGE ( 'NONE', *, *, #365, .F. ) ;
#5823 = ORIENTED_EDGE ( 'NONE', *, *, #1750, .F. ) ;
#5824 = AXIS2_PLACEMENT_3D ( 'NONE', #10505, #5335, #431 ) ;
#5825 = AXIS2_PLACEMENT_3D ( 'NONE', #10621, #9652, #148 ) ;
#5826 = CIRCLE ( 'NONE', #5035, 21.50000000000000000 ) ;
#5827 = ORIENTED_EDGE ( 'NONE', *, *, #6918, .F. ) ;
#5828 =( NAMED_UNIT ( * ) PLANE_ANGLE_UNIT ( ) SI_UNIT ( $, .RADIAN. ) );
#5829 = CARTESIAN_POINT ( 'NONE',  ( 16.86483603740605375, 51.20000000000000995, 13.33519049100573461 ) ) ;
#5830 = DIRECTION ( 'NONE',  ( 0.000000000000000000, 0.000000000000000000, 1.000000000000000000 ) ) ;
#5831 = ADVANCED_FACE ( 'NONE', ( #3714 ), #617, .T. ) ;
#5832 = CYLINDRICAL_SURFACE ( 'NONE', #5927, 0.2500000000000002220 ) ;
#5833 = DIRECTION ( 'NONE',  ( 0.000000000000000000, 0.000000000000000000, -1.000000000000000000 ) ) ;
#5834 = EDGE_LOOP ( 'NONE', ( #755, #4610, #2928, #6633 ) ) ;
#5835 = FACE_OUTER_BOUND ( 'NONE', #11425, .T. ) ;
#5836 = VECTOR ( 'NONE', #2717, 1000.000000000000000 ) ;
#5837 = DIRECTION ( 'NONE',  ( 9.244463733058733463E-33, 1.000000000000000000, 3.061616997868383634E-16 ) ) ;
#5838 = CARTESIAN_POINT ( 'NONE',  ( -0.2499957747073984216, 45.19999999999998863, -21.49854651162787889 ) ) ;
#5839 = EDGE_LOOP ( 'NONE', ( #8385, #2508, #7510, #3903 ) ) ;
#5840 = DIRECTION ( 'NONE',  ( 0.000000000000000000, -3.227392513445222318E-16, 1.000000000000000000 ) ) ;
#5841 = DIRECTION ( 'NONE',  ( 4.930380657631323784E-32, 1.000000000000000000, 3.061616997868382648E-16 ) ) ;
#5842 = AXIS2_PLACEMENT_3D ( 'NONE', #203, #1358, #8115 ) ;
#5843 = ORIENTED_EDGE ( 'NONE', *, *, #6847, .F. ) ;
#5844 = CIRCLE ( 'NONE', #497, 0.2500000000000002220 ) ;
#5845 = CARTESIAN_POINT ( 'NONE',  ( -15.20279579551089455, 51.19999999999999574, -14.95279579551061389 ) ) ;
#5846 = LINE ( 'NONE', #9750, #2976 ) ;
#5847 = VERTEX_POINT ( 'NONE', #4685 ) ;
#5848 = LINE ( 'NONE', #2816, #4065 ) ;
#5849 = EDGE_CURVE ( 'NONE', #10124, #2939, #4445, .T. ) ;
#5850 = DIRECTION ( 'NONE',  ( -0.000000000000000000, 1.000000000000000000, 3.061616997868383141E-16 ) ) ;
#5851 = CARTESIAN_POINT ( 'NONE',  ( 15.02499431646304906, 45.20000000000000284, 15.37854173158994264 ) ) ;
#5852 = ORIENTED_EDGE ( 'NONE', *, *, #7861, .F. ) ;
#5853 = CYLINDRICAL_SURFACE ( 'NONE', #7271, 21.50000000000000355 ) ;
#5854 = EDGE_CURVE ( 'NONE', #9632, #6018, #929, .T. ) ;
#5855 = ORIENTED_EDGE ( 'NONE', *, *, #319, .T. ) ;
#5856 = EDGE_LOOP ( 'NONE', ( #10373, #4295, #7716, #2990 ) ) ;
#5857 = ORIENTED_EDGE ( 'NONE', *, *, #9119, .F. ) ;
#5858 = CARTESIAN_POINT ( 'NONE',  ( 7.937781193550069503, -80.41022924428168039, -19.98103174821868677 ) ) ;
#5859 = CARTESIAN_POINT ( 'NONE',  ( -15.97761374776409227, 51.19999999999999574, -14.38630803671529357 ) ) ;
#5860 = ORIENTED_EDGE ( 'NONE', *, *, #12281, .T. ) ;
#5861 = CARTESIAN_POINT ( 'NONE',  ( -1.000000000000000444, -0.08699999999999999400, -2.799999999999999822 ) ) ;
#5862 = CARTESIAN_POINT ( 'NONE',  ( -20.76740526521489372, -80.41022924428168039, 5.564609469704398848 ) ) ;
#5863 = CARTESIAN_POINT ( 'NONE',  ( 0.000000000000000000, 87.50000000000001421, 3.730185188303422936E-15 ) ) ;
#5864 = DIRECTION ( 'NONE',  ( 0.000000000000000000, 0.000000000000000000, 1.000000000000000000 ) ) ;
#5865 = CARTESIAN_POINT ( 'NONE',  ( -17.39386537906121788, -80.41022924428169460, 12.63738292428833532 ) ) ;
#5866 = ORIENTED_EDGE ( 'NONE', *, *, #7918, .F. ) ;
#5867 = ORIENTED_EDGE ( 'NONE', *, *, #5129, .F. ) ;
#5868 = EDGE_CURVE ( 'NONE', #5554, #6752, #12543, .T. ) ;
#5869 = VECTOR ( 'NONE', #7681, 1000.000000000000000 ) ;
#5870 = CARTESIAN_POINT ( 'NONE',  ( -21.40690689856071671, 45.19999999999998863, 1.998583757652975912 ) ) ;
#5871 = ORIENTED_EDGE ( 'NONE', *, *, #8797, .T. ) ;
#5872 = EDGE_CURVE ( 'NONE', #5847, #282, #7702, .T. ) ;
#5873 = CARTESIAN_POINT ( 'NONE',  ( -6.405656115871860123, 51.19999999999999574, -20.52358569366458951 ) ) ;
#5874 = DIRECTION ( 'NONE',  ( 9.860761315262647568E-32, 1.000000000000000000, 3.061616997868381662E-16 ) ) ;
#5875 = CARTESIAN_POINT ( 'NONE',  ( 0.000000000000000000, 51.20000000000000995, -7.383484513958806747E-15 ) ) ;
#5876 = VERTEX_POINT ( 'NONE', #2802 ) ;
#5877 = CARTESIAN_POINT ( 'NONE',  ( 9.760795744400141416, 45.19999999999998863, -19.15664027004994097 ) ) ;
#5878 = CARTESIAN_POINT ( 'NONE',  ( 19.98103174821858374, 45.19999999999998863, -7.937781193550256909 ) ) ;
#5879 = DIRECTION ( 'NONE',  ( 0.000000000000000000, 0.000000000000000000, 1.000000000000000000 ) ) ;
#5880 = CARTESIAN_POINT ( 'NONE',  ( 19.15664027004985215, 45.19999999999998863, -9.760795744400320828 ) ) ;
#5881 = AXIS2_PLACEMENT_3D ( 'NONE', #8377, #11447, #8255 ) ;
#5882 = DIRECTION ( 'NONE',  ( -0.000000000000000000, 1.000000000000000000, 3.061616997868383141E-16 ) ) ;
#5883 = ORIENTED_EDGE ( 'NONE', *, *, #8407, .T. ) ;
#5884 = EDGE_CURVE ( 'NONE', #12002, #8250, #866, .T. ) ;
#5885 = ORIENTED_EDGE ( 'NONE', *, *, #3015, .F. ) ;
#5886 = EDGE_CURVE ( 'NONE', #3643, #4960, #1348, .T. ) ;
#5887 = EDGE_CURVE ( 'NONE', #295, #6471, #5468, .T. ) ;
#5888 = ORIENTED_EDGE ( 'NONE', *, *, #4763, .F. ) ;
#5889 = AXIS2_PLACEMENT_3D ( 'NONE', #9553, #5655, #5592 ) ;
#5890 = DIRECTION ( 'NONE',  ( 0.000000000000000000, -3.227392513445220839E-16, 1.000000000000000000 ) ) ;
#5891 = CIRCLE ( 'NONE', #9986, 21.50000000000000000 ) ;
#5892 = CARTESIAN_POINT ( 'NONE',  ( 20.76740526521493635, 51.19999999999999574, -5.314609469704262956 ) ) ;
#5893 = DIRECTION ( 'NONE',  ( 9.860761315262647568E-32, 1.000000000000000000, 3.061616997868382155E-16 ) ) ;
#5894 = ORIENTED_EDGE ( 'NONE', *, *, #7132, .T. ) ;
#5895 = CARTESIAN_POINT ( 'NONE',  ( 13.72375690439575813, 45.19999999999998863, -16.55018116000699990 ) ) ;
#5896 = DIRECTION ( 'NONE',  ( -7.395570986446986770E-32, 1.000000000000000000, 3.061616997868382648E-16 ) ) ;
#5897 = CARTESIAN_POINT ( 'NONE',  ( 4.714331922580296208, -80.41022924428168039, -20.97677464539629355 ) ) ;
#5898 = ORIENTED_EDGE ( 'NONE', *, *, #11061, .T. ) ;
#5899 = DIRECTION ( 'NONE',  ( 0.000000000000000000, -3.227392513445222318E-16, 1.000000000000000000 ) ) ;
#5900 = DIRECTION ( 'NONE',  ( 0.000000000000000000, 0.7071067811865486830, -0.7071067811865464625 ) ) ;
#5901 = ORIENTED_EDGE ( 'NONE', *, *, #6936, .F. ) ;
#5902 = CIRCLE ( 'NONE', #955, 0.2500000000000002220 ) ;
#5903 = ORIENTED_EDGE ( 'NONE', *, *, #8162, .T. ) ;
#5904 = EDGE_CURVE ( 'NONE', #6818, #7929, #9344, .T. ) ;
#5905 = VECTOR ( 'NONE', #2461, 1000.000000000000000 ) ;
#5906 = CARTESIAN_POINT ( 'NONE',  ( -0.9961451776889496124, 0.07750739757202347591, -2.635492602427979669 ) ) ;
#5907 = ADVANCED_FACE ( 'NONE', ( #5835 ), #11711, .T. ) ;
#5908 = DIRECTION ( 'NONE',  ( 0.000000000000000000, 0.000000000000000000, 1.000000000000000000 ) ) ;
#5909 = VERTEX_POINT ( 'NONE', #5895 ) ;
#5910 = CYLINDRICAL_SURFACE ( 'NONE', #11537, 0.2500000000000002220 ) ;
#5911 = CARTESIAN_POINT ( 'NONE',  ( -9.982883740771669068, 51.19999999999999574, -19.04184949573535590 ) ) ;
#5912 = CARTESIAN_POINT ( 'NONE',  ( 5.322755903978678482, 51.19999999999999574, -20.83070497094758267 ) ) ;
#5913 = ORIENTED_EDGE ( 'NONE', *, *, #12190, .T. ) ;
#5914 = DIRECTION ( 'NONE',  ( 0.000000000000000000, 0.000000000000000000, 1.000000000000000000 ) ) ;
#5915 = AXIS2_PLACEMENT_3D ( 'NONE', #3674, #6634, #1475 ) ;
#5916 = CARTESIAN_POINT ( 'NONE',  ( -21.47053499722334280, 51.19999999999999574, -1.125223059223057653 ) ) ;
#5917 = CYLINDRICAL_SURFACE ( 'NONE', #7362, 21.50000000000000355 ) ;
#5918 = AXIS2_PLACEMENT_3D ( 'NONE', #2130, #1933, #6958 ) ;
#5919 = ADVANCED_FACE ( 'NONE', ( #1897 ), #3001, .F. ) ;
#5920 = VERTEX_POINT ( 'NONE', #11646 ) ;
#5921 = ORIENTED_EDGE ( 'NONE', *, *, #4350, .F. ) ;
#5922 = AXIS2_PLACEMENT_3D ( 'NONE', #6994, #8134, #4239 ) ;
#5923 = ORIENTED_EDGE ( 'NONE', *, *, #8683, .F. ) ;
#5924 = CARTESIAN_POINT ( 'NONE',  ( 0.000000000000000000, 51.20000000000000995, -7.383484513958806747E-15 ) ) ;
#5925 = FACE_OUTER_BOUND ( 'NONE', #11666, .T. ) ;
#5926 = VERTEX_POINT ( 'NONE', #928 ) ;
#5927 = AXIS2_PLACEMENT_3D ( 'NONE', #3122, #10759, #3971 ) ;
#5928 = DIRECTION ( 'NONE',  ( 0.000000000000000000, 0.000000000000000000, 1.000000000000000000 ) ) ;
#5929 = CARTESIAN_POINT ( 'NONE',  ( -21.23529932279541299, -80.41022924428168039, 3.363340998365159429 ) ) ;
#5930 = CYLINDRICAL_SURFACE ( 'NONE', #2622, 0.2500000000000002220 ) ;
#5931 = FACE_OUTER_BOUND ( 'NONE', #5001, .T. ) ;
#5932 = ORIENTED_EDGE ( 'NONE', *, *, #5356, .T. ) ;
#5933 = CARTESIAN_POINT ( 'NONE',  ( 18.16635567040248489, 51.20000000000000995, 11.49928352796100306 ) ) ;
#5934 = VERTEX_POINT ( 'NONE', #11532 ) ;
#5935 = EDGE_CURVE ( 'NONE', #1594, #1713, #323, .T. ) ;
#5936 = ORIENTED_EDGE ( 'NONE', *, *, #9040, .F. ) ;
#5937 = CIRCLE ( 'NONE', #7976, 47.85087804878048701 ) ;
#5938 = AXIS2_PLACEMENT_3D ( 'NONE', #6927, #2872, #7807 ) ;
#5939 = ORIENTED_EDGE ( 'NONE', *, *, #12233, .F. ) ;
#5940 = DIRECTION ( 'NONE',  ( 0.000000000000000000, 0.000000000000000000, 1.000000000000000000 ) ) ;
#5941 = DIRECTION ( 'NONE',  ( 3.697785493223493385E-32, 1.000000000000000000, 3.061616997868383141E-16 ) ) ;
#5942 = CARTESIAN_POINT ( 'NONE',  ( 0.9949999999999995515, -47.85087804878074280, 0.000000000000000000 ) ) ;
#5943 = ORIENTED_EDGE ( 'NONE', *, *, #7694, .F. ) ;
#5944 = DIRECTION ( 'NONE',  ( -0.000000000000000000, 1.000000000000000000, 3.061616997868383141E-16 ) ) ;
#5945 = AXIS2_PLACEMENT_3D ( 'NONE', #4063, #10845, #9685 ) ;
#5946 = DIRECTION ( 'NONE',  ( -0.000000000000000000, 1.000000000000000000, 3.061616997868383141E-16 ) ) ;
#5947 = AXIS2_PLACEMENT_3D ( 'NONE', #7621, #1639, #9478 ) ;
#5948 = DIRECTION ( 'NONE',  ( -0.000000000000000000, 1.000000000000000000, 3.061616997868383141E-16 ) ) ;
#5949 = DIRECTION ( 'NONE',  ( 0.000000000000000000, 0.000000000000000000, -1.000000000000000000 ) ) ;
#5950 = CARTESIAN_POINT ( 'NONE',  ( -7.937781193550198289, 51.19999999999999574, -19.98103174821863348 ) ) ;
#5951 = ORIENTED_EDGE ( 'NONE', *, *, #7737, .F. ) ;
#5952 = VECTOR ( 'NONE', #12391, 1000.000000000000000 ) ;
#5953 = ORIENTED_EDGE ( 'NONE', *, *, #5055, .T. ) ;
#5954 = EDGE_LOOP ( 'NONE', ( #1419, #5953, #1752, #2525 ) ) ;
#5955 = CIRCLE ( 'NONE', #7577, 0.2500000000000002220 ) ;
#5956 = DIRECTION ( 'NONE',  ( 0.000000000000000000, 0.000000000000000000, -1.000000000000000000 ) ) ;
#5957 = LINE ( 'NONE', #6985, #10716 ) ;
#5958 = VECTOR ( 'NONE', #12450, 1000.000000000000000 ) ;
#5959 = DIRECTION ( 'NONE',  ( 0.000000000000000000, 0.000000000000000000, 1.000000000000000000 ) ) ;
#5960 = LINE ( 'NONE', #7803, #7451 ) ;
#5961 = EDGE_CURVE ( 'NONE', #5718, #8250, #108, .T. ) ;
#5962 = ORIENTED_EDGE ( 'NONE', *, *, #766, .T. ) ;
#5963 = DIRECTION ( 'NONE',  ( 0.000000000000000000, 0.000000000000000000, 1.000000000000000000 ) ) ;
#5964 = DIRECTION ( 'NONE',  ( 0.000000000000000000, -3.558407130208834256E-16, 1.000000000000000000 ) ) ;
#5965 = CARTESIAN_POINT ( 'NONE',  ( 1.125223059223294575, 45.20000000000000284, 21.47053499722334635 ) ) ;
#5966 = EDGE_CURVE ( 'NONE', #9064, #5678, #1964, .T. ) ;
#5967 = DIRECTION ( 'NONE',  ( -0.000000000000000000, 1.000000000000000000, 3.061616997868383141E-16 ) ) ;
#5968 = DIRECTION ( 'NONE',  ( 0.000000000000000000, 0.000000000000000000, -1.000000000000000000 ) ) ;
#5969 = ORIENTED_EDGE ( 'NONE', *, *, #11803, .F. ) ;
#5970 = ADVANCED_FACE ( 'NONE', ( #12546 ), #9146, .T. ) ;
#5971 = EDGE_LOOP ( 'NONE', ( #2896, #3172, #1401, #8559 ) ) ;
#5972 = CARTESIAN_POINT ( 'NONE',  ( 16.70863817132479667, 51.19999999999999574, -13.28038840757156613 ) ) ;
#5973 = DIRECTION ( 'NONE',  ( 0.000000000000000000, 0.000000000000000000, 1.000000000000000000 ) ) ;
#5974 = VERTEX_POINT ( 'NONE', #1771 ) ;
#5975 = DIRECTION ( 'NONE',  ( 0.000000000000000000, -3.227392513445222318E-16, 1.000000000000000000 ) ) ;
#5976 = CARTESIAN_POINT ( 'NONE',  ( 21.03017341577682231, 45.19999999999998863, 4.470101352581774989 ) ) ;
#5977 = LINE ( 'NONE', #8984, #12542 ) ;
#5978 = ORIENTED_EDGE ( 'NONE', *, *, #6519, .T. ) ;
#5979 = CARTESIAN_POINT ( 'NONE',  ( 17.39386537906138841, -80.41022924428169460, 12.63738292428810439 ) ) ;
#5980 = DIRECTION ( 'NONE',  ( 0.000000000000000000, -3.227392513445220839E-16, 1.000000000000000000 ) ) ;
#5981 = EDGE_CURVE ( 'NONE', #3263, #4160, #7102, .T. ) ;
#5982 = ADVANCED_FACE ( 'NONE', ( #1834 ), #5711, .F. ) ;
#5983 = VERTEX_POINT ( 'NONE', #2745 ) ;
#5984 = AXIS2_PLACEMENT_3D ( 'NONE', #643, #1540, #5428 ) ;
#5985 = ORIENTED_EDGE ( 'NONE', *, *, #260, .F. ) ;
#5986 = ORIENTED_EDGE ( 'NONE', *, *, #7302, .T. ) ;
#5987 = DIRECTION ( 'NONE',  ( 0.000000000000000000, 0.000000000000000000, 1.000000000000000000 ) ) ;
#5988 = DIRECTION ( 'NONE',  ( -0.000000000000000000, 1.000000000000000000, 3.061616997868383141E-16 ) ) ;
#5989 = ADVANCED_FACE ( 'NONE', ( #6794 ), #6674, .T. ) ;
#5990 = ORIENTED_EDGE ( 'NONE', *, *, #12437, .T. ) ;
#5991 = ADVANCED_FACE ( 'NONE', ( #8770 ), #993, .F. ) ;
#5992 = FACE_OUTER_BOUND ( 'NONE', #8712, .T. ) ;
#5993 = DIRECTION ( 'NONE',  ( 0.000000000000000000, 0.000000000000000000, 1.000000000000000000 ) ) ;
#5994 = AXIS2_PLACEMENT_3D ( 'NONE', #8018, #12182, #4494 ) ;
#5995 = DIRECTION ( 'NONE',  ( 4.930380657631323784E-32, 1.000000000000000000, 3.061616997868383141E-16 ) ) ;
#5996 = AXIS2_PLACEMENT_3D ( 'NONE', #10962, #10191, #5205 ) ;
#5997 = VERTEX_POINT ( 'NONE', #12667 ) ;
#5998 = ORIENTED_EDGE ( 'NONE', *, *, #11048, .F. ) ;
#5999 = CIRCLE ( 'NONE', #11313, 0.2500000000000002220 ) ;
#6000 = DIRECTION ( 'NONE',  ( 0.000000000000000000, 0.000000000000000000, 1.000000000000000000 ) ) ;
#6001 = CIRCLE ( 'NONE', #4774, 21.50000000000001066 ) ;
#6002 = VERTEX_POINT ( 'NONE', #1962 ) ;
#6003 = DIRECTION ( 'NONE',  ( 0.000000000000000000, 0.000000000000000000, 1.000000000000000000 ) ) ;
#6004 = DIRECTION ( 'NONE',  ( 0.000000000000000000, 0.000000000000000000, -1.000000000000000000 ) ) ;
#6005 = EDGE_CURVE ( 'NONE', #5920, #104, #3002, .T. ) ;
#6006 = DIRECTION ( 'NONE',  ( 0.000000000000000000, 1.000000000000000000, 3.061616997868381662E-16 ) ) ;
#6007 = ORIENTED_EDGE ( 'NONE', *, *, #10425, .T. ) ;
#6008 = DIRECTION ( 'NONE',  ( 0.000000000000000000, 0.000000000000000000, 1.000000000000000000 ) ) ;
#6009 = DIRECTION ( 'NONE',  ( 9.860761315262647568E-32, 1.000000000000000000, 3.061616997868382648E-16 ) ) ;
#6010 = PRODUCT_DEFINITION_SHAPE ( 'NONE', 'NONE',  #7669 ) ;
#6011 = CARTESIAN_POINT ( 'NONE',  ( 0.000000000000000000, 45.20000000000000995, -9.220454712679835547E-15 ) ) ;
#6012 = DIRECTION ( 'NONE',  ( -0.000000000000000000, 1.000000000000000000, 3.061616997868383141E-16 ) ) ;
#6013 = VECTOR ( 'NONE', #315, 1000.000000000000000 ) ;
#6014 = CARTESIAN_POINT ( 'NONE',  ( -18.61954618136552142, 51.19999999999999574, -10.74999999999980460 ) ) ;
#6015 = CIRCLE ( 'NONE', #3128, 0.2500000000000002220 ) ;
#6016 = ORIENTED_EDGE ( 'NONE', *, *, #2128, .F. ) ;
#6017 = ORIENTED_EDGE ( 'NONE', *, *, #10387, .F. ) ;
#6018 = VERTEX_POINT ( 'NONE', #9871 ) ;
#6019 = CARTESIAN_POINT ( 'NONE',  ( 5.421010862427522170E-17, -1.918380697359116205, -1.203464411458909922E-14 ) ) ;
#6020 = AXIS2_PLACEMENT_3D ( 'NONE', #7140, #4265, #11941 ) ;
#6021 = VECTOR ( 'NONE', #8349, 1000.000000000000000 ) ;
#6022 = CARTESIAN_POINT ( 'NONE',  ( -2.247361960254701252, -80.41022924428168039, -21.38222075041787562 ) ) ;
#6023 = DIRECTION ( 'NONE',  ( 0.000000000000000000, -1.000000000000000000, -3.061616997868383141E-16 ) ) ;
#6024 = AXIS2_PLACEMENT_3D ( 'NONE', #40, #5094, #10842 ) ;
#6025 = FACE_OUTER_BOUND ( 'NONE', #3456, .T. ) ;
#6026 = DIRECTION ( 'NONE',  ( 0.000000000000000000, -1.000000000000000000, -3.061616997868383141E-16 ) ) ;
#6027 = ORIENTED_EDGE ( 'NONE', *, *, #11945, .T. ) ;
#6028 = CARTESIAN_POINT ( 'NONE',  ( -19.64122733931598574, 45.19999999999998863, -8.744837826129508329 ) ) ;
#6029 = CARTESIAN_POINT ( 'NONE',  ( 4.470101352581692389, 51.19999999999999574, -21.03017341577681876 ) ) ;
#6030 = CARTESIAN_POINT ( 'NONE',  ( -17.24574565275862170, -80.41022924428169460, 12.83877941551905444 ) ) ;
#6031 = ORIENTED_EDGE ( 'NONE', *, *, #2732, .F. ) ;
#6032 = CARTESIAN_POINT ( 'NONE',  ( 0.9983057463143290011, 0.08567125605033983071, 2.798671256050340173 ) ) ;
#6033 = CIRCLE ( 'NONE', #11134, 0.2500000000000002220 ) ;
#6034 = DIRECTION ( 'NONE',  ( 0.000000000000000000, -3.248981738798774652E-16, 1.000000000000000000 ) ) ;
#6035 = ORIENTED_EDGE ( 'NONE', *, *, #11169, .T. ) ;
#6036 = ORIENTED_EDGE ( 'NONE', *, *, #6069, .F. ) ;
#6037 = CIRCLE ( 'NONE', #7654, 0.2500000000000002220 ) ;
#6038 = CARTESIAN_POINT ( 'NONE',  ( 21.27297168455578813, 51.19999999999999574, -3.116195710812717845 ) ) ;
#6039 = EDGE_CURVE ( 'NONE', #8700, #5450, #5015, .T. ) ;
#6040 = DIRECTION ( 'NONE',  ( 0.000000000000000000, 0.000000000000000000, 1.000000000000000000 ) ) ;
#6041 = AXIS2_PLACEMENT_3D ( 'NONE', #10669, #3757, #1813 ) ;
#6042 = ORIENTED_EDGE ( 'NONE', *, *, #2136, .F. ) ;
#6043 = LINE ( 'NONE', #2174, #7045 ) ;
#6044 = CARTESIAN_POINT ( 'NONE',  ( -20.83070497094749030, 45.19999999999998863, 5.322755903979053294 ) ) ;
#6045 = DIRECTION ( 'NONE',  ( -0.000000000000000000, 1.000000000000000000, 3.061616997868383141E-16 ) ) ;
#6046 = ORIENTED_EDGE ( 'NONE', *, *, #466, .T. ) ;
#6047 = CYLINDRICAL_SURFACE ( 'NONE', #6263, 21.50000000000000355 ) ;
#6048 = AXIS2_PLACEMENT_3D ( 'NONE', #6274, #10174, #8244 ) ;
#6049 = ADVANCED_FACE ( 'NONE', ( #3784 ), #95, .F. ) ;
#6050 = CIRCLE ( 'NONE', #5431, 21.50000000000001066 ) ;
#6051 = FACE_OUTER_BOUND ( 'NONE', #11333, .T. ) ;
#6052 = DIRECTION ( 'NONE',  ( 0.000000000000000000, -2.991412108253678048E-16, 1.000000000000000000 ) ) ;
#6053 = CIRCLE ( 'NONE', #9940, 0.2500000000000002220 ) ;
#6054 = ORIENTED_EDGE ( 'NONE', *, *, #7121, .T. ) ;
#6055 = EDGE_CURVE ( 'NONE', #3398, #1825, #6490, .T. ) ;
#6056 = ORIENTED_EDGE ( 'NONE', *, *, #6394, .T. ) ;
#6057 = FACE_OUTER_BOUND ( 'NONE', #3173, .T. ) ;
#6058 = DIRECTION ( 'NONE',  ( -1.000000000000000000, 0.000000000000000000, 0.000000000000000000 ) ) ;
#6059 = ORIENTED_EDGE ( 'NONE', *, *, #12468, .T. ) ;
#6060 = EDGE_CURVE ( 'NONE', #2757, #767, #8934, .T. ) ;
#6061 = AXIS2_PLACEMENT_3D ( 'NONE', #11859, #2043, #5973 ) ;
#6062 = EDGE_CURVE ( 'NONE', #11181, #2303, #1185, .T. ) ;
#6063 = DIRECTION ( 'NONE',  ( 6.162975822039154730E-33, 1.000000000000000000, 3.061616997868382155E-16 ) ) ;
#6064 = CARTESIAN_POINT ( 'NONE',  ( -20.07197916968989659, 51.19999999999999574, -7.454910915223749157 ) ) ;
#6065 = DIRECTION ( 'NONE',  ( 9.860761315262647568E-32, 1.000000000000000000, 3.061616997868382155E-16 ) ) ;
#6066 = ORIENTED_EDGE ( 'NONE', *, *, #11205, .F. ) ;
#6067 = EDGE_LOOP ( 'NONE', ( #1429, #1257, #3158, #1865 ) ) ;
#6068 = VECTOR ( 'NONE', #9659, 1000.000000000000000 ) ;
#6069 = EDGE_CURVE ( 'NONE', #1594, #5410, #1244, .T. ) ;
#6070 = LINE ( 'NONE', #9975, #7407 ) ;
#6071 = CARTESIAN_POINT ( 'NONE',  ( 2.388061258337338939E-15, 70.04536989052154183, 19.50000000000000000 ) ) ;
#6072 = VERTEX_POINT ( 'NONE', #8195 ) ;
#6073 = CYLINDRICAL_SURFACE ( 'NONE', #10099, 21.50000000000000355 ) ;
#6074 = EDGE_CURVE ( 'NONE', #11719, #10956, #5143, .T. ) ;
#6075 = CARTESIAN_POINT ( 'NONE',  ( -15.97761374776409227, 45.19999999999998863, -14.38630803671529357 ) ) ;
#6076 = ORIENTED_EDGE ( 'NONE', *, *, #5529, .F. ) ;
#6077 = LINE ( 'NONE', #1166, #10797 ) ;
#6078 = AXIS2_PLACEMENT_3D ( 'NONE', #862, #3836, #8704 ) ;
#6079 = DIRECTION ( 'NONE',  ( -4.930380657631323784E-32, 1.000000000000000000, 3.061616997868383141E-16 ) ) ;
#6080 = CARTESIAN_POINT ( 'NONE',  ( -0.9953863304355480279, 0.07763355007325217771, -2.635366449926749510 ) ) ;
#6081 = CARTESIAN_POINT ( 'NONE',  ( -16.70863817132498141, -80.41022924428168039, -13.28038840757138139 ) ) ;
#6082 = CARTESIAN_POINT ( 'NONE',  ( 16.70863817132489260, 51.20000000000000995, 13.53038840757148087 ) ) ;
#6083 = VERTEX_POINT ( 'NONE', #7053 ) ;
#6084 = VERTEX_POINT ( 'NONE', #8003 ) ;
#6085 = EDGE_CURVE ( 'NONE', #1564, #6224, #3614, .T. ) ;
#6086 = ORIENTED_EDGE ( 'NONE', *, *, #8386, .T. ) ;
#6087 = DIRECTION ( 'NONE',  ( 4.930380657631323784E-32, 1.000000000000000000, 3.061616997868381662E-16 ) ) ;
#6088 = DIRECTION ( 'NONE',  ( 0.000000000000000000, 0.000000000000000000, 1.000000000000000000 ) ) ;
#6089 = CARTESIAN_POINT ( 'NONE',  ( -16.70863817132498141, -80.41022924428168039, -13.53038840757138139 ) ) ;
#6090 = DIRECTION ( 'NONE',  ( -0.000000000000000000, 1.000000000000000000, 3.061616997868383141E-16 ) ) ;
#6091 = VERTEX_POINT ( 'NONE', #9090 ) ;
#6092 = CARTESIAN_POINT ( 'NONE',  ( 0.000000000000000000, 87.50000000000001421, 3.730185188303422936E-15 ) ) ;
#6093 = CARTESIAN_POINT ( 'NONE',  ( 13.33519049100564757, -80.41022924428169460, 16.86483603740608572 ) ) ;
#6094 = DIRECTION ( 'NONE',  ( -2.465190328815661892E-32, 1.000000000000000000, 3.061616997868381662E-16 ) ) ;
#6095 = EDGE_LOOP ( 'NONE', ( #10828, #975, #12115, #343 ) ) ;
#6096 = CARTESIAN_POINT ( 'NONE',  ( 0.9999999999999995559, 0.08254785179391528616, 2.795547851793915406 ) ) ;
#6097 = DIRECTION ( 'NONE',  ( 0.000000000000000000, 0.000000000000000000, -1.000000000000000000 ) ) ;
#6098 = VERTEX_POINT ( 'NONE', #220 ) ;
#6099 = ORIENTED_EDGE ( 'NONE', *, *, #9570, .F. ) ;
#6100 = ADVANCED_FACE ( 'NONE', ( #1313 ), #9030, .T. ) ;
#6101 = CIRCLE ( 'NONE', #9363, 0.2500000000000002220 ) ;
#6102 = CARTESIAN_POINT ( 'NONE',  ( -21.19475577399850508, -80.41022924428168039, -3.610031534565398825 ) ) ;
#6103 = FACE_OUTER_BOUND ( 'NONE', #11131, .T. ) ;
#6104 = VERTEX_POINT ( 'NONE', #7938 ) ;
#6105 = CARTESIAN_POINT ( 'NONE',  ( 19.53821706942818537, 45.19999999999998863, -8.972629143562341980 ) ) ;
#6106 = CARTESIAN_POINT ( 'NONE',  ( -8.744837826129849390, 51.19999999999999574, -19.64122733931582587 ) ) ;
#6107 = CYLINDRICAL_SURFACE ( 'NONE', #11543, 21.50000000000000355 ) ;
#6108 = ORIENTED_EDGE ( 'NONE', *, *, #7039, .F. ) ;
#6109 = CARTESIAN_POINT ( 'NONE',  ( 0.000000000000000000, 45.20000000000000995, -9.220454712679835547E-15 ) ) ;
#6110 = DIRECTION ( 'NONE',  ( -0.000000000000000000, 1.000000000000000000, 3.061616997868383141E-16 ) ) ;
#6111 = DIRECTION ( 'NONE',  ( 0.000000000000000000, -1.000000000000000000, -3.061616997868383141E-16 ) ) ;
#6112 = AXIS2_PLACEMENT_3D ( 'NONE', #7835, #6377, #6434 ) ;
#6113 = VECTOR ( 'NONE', #10475, 1000.000000000000000 ) ;
#6114 = CIRCLE ( 'NONE', #2821, 0.2500000000000002220 ) ;
#6115 = ORIENTED_EDGE ( 'NONE', *, *, #11253, .F. ) ;
#6116 = CARTESIAN_POINT ( 'NONE',  ( -3.363340998364683809, 45.20000000000000284, 21.23529932279550891 ) ) ;
#6117 = PRODUCT ( 'lightsheet_green', 'lightsheet_green', '', ( #577 ) ) ;
#6118 = CARTESIAN_POINT ( 'NONE',  ( 19.64122733931587206, 51.19999999999999574, -8.744837826129769454 ) ) ;
#6119 = CIRCLE ( 'NONE', #4895, 21.50000000000000000 ) ;
#6120 = ORIENTED_EDGE ( 'NONE', *, *, #11380, .F. ) ;
#6121 = DIRECTION ( 'NONE',  ( 0.000000000000000000, 0.000000000000000000, 1.000000000000000000 ) ) ;
#6122 = DIRECTION ( 'NONE',  ( 0.000000000000000000, -3.227392513445222318E-16, 1.000000000000000000 ) ) ;
#6124 = ADVANCED_FACE ( 'NONE', ( #2224 ), #9997, .T. ) ;
#6123 = DIRECTION ( 'NONE',  ( 0.000000000000000000, 0.000000000000000000, 1.000000000000000000 ) ) ;
#6125 = CARTESIAN_POINT ( 'NONE',  ( -5.564609469704350886, 45.19999999999998863, -20.76740526521490082 ) ) ;
#6126 = EDGE_CURVE ( 'NONE', #2881, #10793, #11185, .T. ) ;
#6127 = AXIS2_PLACEMENT_3D ( 'NONE', #10151, #9123, #8221 ) ;
#6128 = ORIENTED_EDGE ( 'NONE', *, *, #11170, .F. ) ;
#6129 = VECTOR ( 'NONE', #12611, 1000.000000000000000 ) ;
#6130 = EDGE_CURVE ( 'NONE', #1825, #9547, #11847, .T. ) ;
#6131 = ORIENTED_EDGE ( 'NONE', *, *, #9480, .T. ) ;
#6132 = DIRECTION ( 'NONE',  ( 0.000000000000000000, -0.9781476007338062439, -0.2079116908177562895 ) ) ;
#6133 = VERTEX_POINT ( 'NONE', #10184 ) ;
#6134 = DIRECTION ( 'NONE',  ( -0.000000000000000000, 1.000000000000000000, 3.061616997868383141E-16 ) ) ;
#6135 = DIRECTION ( 'NONE',  ( 9.860761315262647568E-32, 1.000000000000000000, 3.061616997868381662E-16 ) ) ;
#6136 = DIRECTION ( 'NONE',  ( 0.000000000000000000, 0.000000000000000000, -1.000000000000000000 ) ) ;
#6138 = EDGE_CURVE ( 'NONE', #12331, #2733, #4641, .T. ) ;
#6137 = DIRECTION ( 'NONE',  ( 0.000000000000000000, -3.227392513445222318E-16, 1.000000000000000000 ) ) ;
#6139 = DIRECTION ( 'NONE',  ( -4.930380657631323784E-32, 1.000000000000000000, 3.061616997868381169E-16 ) ) ;
#6140 = CARTESIAN_POINT ( 'NONE',  ( 20.70129763556874281, 51.19999999999999574, -5.805710654484592226 ) ) ;
#6141 = EDGE_CURVE ( 'NONE', #6235, #7175, #7299, .T. ) ;
#6142 = CARTESIAN_POINT ( 'NONE',  ( 17.89404075541366979, 51.19999999999999574, -11.91861172467644359 ) ) ;
#6143 = VECTOR ( 'NONE', #5841, 1000.000000000000000 ) ;
#6144 = VERTEX_POINT ( 'NONE', #12035 ) ;
#6145 = ORIENTED_EDGE ( 'NONE', *, *, #2341, .T. ) ;
#6146 = VERTEX_POINT ( 'NONE', #3126 ) ;
#6147 = AXIS2_PLACEMENT_3D ( 'NONE', #6174, #10977, #12118 ) ;
#6148 = CARTESIAN_POINT ( 'NONE',  ( 12.63738292428807419, 45.19999999999998863, -17.14386537906141328 ) ) ;
#6149 = CARTESIAN_POINT ( 'NONE',  ( -7.470998869602420989, 51.20000000000000995, 20.16021269457242227 ) ) ;
#6150 = CIRCLE ( 'NONE', #184, 21.50000000000000000 ) ;
#6151 = CARTESIAN_POINT ( 'NONE',  ( 0.000000000000000000, 87.50000000000001421, 16.01785065697084320 ) ) ;
#6152 = ORIENTED_EDGE ( 'NONE', *, *, #2736, .T. ) ;
#6153 = DIRECTION ( 'NONE',  ( 0.000000000000000000, 0.000000000000000000, 1.000000000000000000 ) ) ;
#6154 = DIRECTION ( 'NONE',  ( -0.000000000000000000, 1.000000000000000000, 3.061616997868383141E-16 ) ) ;
#6155 = DIRECTION ( 'NONE',  ( -0.000000000000000000, 1.000000000000000000, 3.061616997868383141E-16 ) ) ;
#6156 = AXIS2_PLACEMENT_3D ( 'NONE', #3787, #11786, #9873 ) ;
#6157 = ADVANCED_FACE ( 'NONE', ( #9152 ), #3254, .F. ) ;
#6158 = ORIENTED_EDGE ( 'NONE', *, *, #9239, .T. ) ;
#6159 = CARTESIAN_POINT ( 'NONE',  ( 0.9987639536898922366, 0.08524160148854985353, 2.798241601488550501 ) ) ;
#6160 = CYLINDRICAL_SURFACE ( 'NONE', #5583, 0.2500000000000002220 ) ;
#6161 = ORIENTED_EDGE ( 'NONE', *, *, #3247, .T. ) ;
#6162 = ORIENTED_EDGE ( 'NONE', *, *, #1807, .T. ) ;
#6163 = CIRCLE ( 'NONE', #596, 21.50000000000000000 ) ;
#6164 = APPLICATION_CONTEXT ( 'automotive_design' ) ;
#6165 = CARTESIAN_POINT ( 'NONE',  ( -0.9950000000000006617, -0.08699999999999999400, -2.799999999999999822 ) ) ;
#6166 = AXIS2_PLACEMENT_3D ( 'NONE', #10746, #9589, #11768 ) ;
#6167 = DIRECTION ( 'NONE',  ( 0.000000000000000000, 0.000000000000000000, 1.000000000000000000 ) ) ;
#6168 = ORIENTED_EDGE ( 'NONE', *, *, #9721, .T. ) ;
#6169 = CARTESIAN_POINT ( 'NONE',  ( -11.91861172467652530, 51.19999999999999574, -17.89404075541361649 ) ) ;
#6170 = FACE_OUTER_BOUND ( 'NONE', #12430, .T. ) ;
#6171 = DIRECTION ( 'NONE',  ( 0.000000000000000000, 0.000000000000000000, 1.000000000000000000 ) ) ;
#6172 = ORIENTED_EDGE ( 'NONE', *, *, #7088, .T. ) ;
#6173 = DIRECTION ( 'NONE',  ( -0.000000000000000000, 1.000000000000000000, 3.061616997868383141E-16 ) ) ;
#6174 = CARTESIAN_POINT ( 'NONE',  ( 0.000000000000000000, 51.20000000000000995, -7.383484513958806747E-15 ) ) ;
#6175 = EDGE_CURVE ( 'NONE', #12407, #9682, #12203, .T. ) ;
#6176 = EDGE_CURVE ( 'NONE', #2869, #12196, #6989, .T. ) ;
#6177 = CYLINDRICAL_SURFACE ( 'NONE', #6581, 0.2500000000000002220 ) ;
#6178 = CIRCLE ( 'NONE', #613, 0.2500000000000002220 ) ;
#6179 = ORIENTED_EDGE ( 'NONE', *, *, #8489, .T. ) ;
#6180 = DIRECTION ( 'NONE',  ( 4.930380657631323784E-32, 1.000000000000000000, 3.061616997868381662E-16 ) ) ;
#6181 = DIRECTION ( 'NONE',  ( 0.000000000000000000, -1.000000000000000000, -3.061616997868383141E-16 ) ) ;
#6182 = ORIENTED_EDGE ( 'NONE', *, *, #11281, .F. ) ;
#6183 = CARTESIAN_POINT ( 'NONE',  ( -1.000000000000000444, -0.07348327417852826282, 2.639516725821478005 ) ) ;
#6184 = CARTESIAN_POINT ( 'NONE',  ( -19.53821706942840919, 45.19999999999998863, -8.972629143561942300 ) ) ;
#6185 = DIRECTION ( 'NONE',  ( -0.000000000000000000, 1.000000000000000000, 3.061616997868383141E-16 ) ) ;
#6186 = EDGE_CURVE ( 'NONE', #7733, #12442, #4862, .T. ) ;
#6187 = DIRECTION ( 'NONE',  ( 0.000000000000000000, 0.000000000000000000, -1.000000000000000000 ) ) ;
#6188 = VERTEX_POINT ( 'NONE', #5078 ) ;
#6189 = ORIENTED_EDGE ( 'NONE', *, *, #1304, .T. ) ;
#6190 = ADVANCED_FACE ( 'NONE', ( #8966 ), #4112, .T. ) ;
#6191 = LINE ( 'NONE', #134, #3940 ) ;
#6192 = CARTESIAN_POINT ( 'NONE',  ( 4.714331922580140777, 51.19999999999999574, -20.97677464539632197 ) ) ;
#6193 = B_SPLINE_CURVE_WITH_KNOTS ( 'NONE', 3,
 ( #802, #4683, #2675, #6602, #12292, #4615, #3646, #11527, #11335, #738, #7550, #4743, #8637, #12413, #12540, #5763 ),
 .UNSPECIFIED., .F., .F.,
 ( 4, 3, 3, 3, 3, 4 ),
 ( 8.131516293641283255E-20, 3.682526378543541967E-06, 5.949850216027487304E-06, 7.611928525839887323E-06, 8.884767629191378874E-06, 9.837449744278849241E-06 ),
 .UNSPECIFIED. ) ;
#6194 = ADVANCED_FACE ( 'NONE', ( #6463 ), #5502, .T. ) ;
#6195 = ORIENTED_EDGE ( 'NONE', *, *, #5365, .T. ) ;
#6196 = CARTESIAN_POINT ( 'NONE',  ( 0.000000000000000000, 51.20000000000000995, -7.383484513958806747E-15 ) ) ;
#6197 = DIRECTION ( 'NONE',  ( 0.000000000000000000, 0.000000000000000000, -1.000000000000000000 ) ) ;
#6198 = VECTOR ( 'NONE', #5611, 1000.000000000000000 ) ;
#6199 = CARTESIAN_POINT ( 'NONE',  ( -18.61954618136552142, 51.19999999999999574, -10.74999999999980460 ) ) ;
#6200 = DIRECTION ( 'NONE',  ( 0.000000000000000000, -0.7071067811865433539, 0.7071067811865517916 ) ) ;
#6201 = AXIS2_PLACEMENT_3D ( 'NONE', #10867, #2068, #6000 ) ;
#6202 = EDGE_CURVE ( 'NONE', #8329, #10803, #9974, .T. ) ;
#6203 = CARTESIAN_POINT ( 'NONE',  ( 0.000000000000000000, 28.86506350946109478, 20.49999999999999289 ) ) ;
#6204 = CARTESIAN_POINT ( 'NONE',  ( -0.9970278821157302351, -0.07724534085846256060, 2.635754659141537282 ) ) ;
#6205 = CARTESIAN_POINT ( 'NONE',  ( 0.000000000000000000, 87.50000000000001421, 3.730185188303422936E-15 ) ) ;
#6206 = ORIENTED_EDGE ( 'NONE', *, *, #12696, .T. ) ;
#6207 = AXIS2_PLACEMENT_3D ( 'NONE', #2238, #39, #1201 ) ;
#6208 = ORIENTED_EDGE ( 'NONE', *, *, #2470, .F. ) ;
#6209 = AXIS2_PLACEMENT_3D ( 'NONE', #9592, #10677, #10750 ) ;
#6210 = ORIENTED_EDGE ( 'NONE', *, *, #8168, .F. ) ;
#6211 = EDGE_CURVE ( 'NONE', #11719, #9460, #3624, .T. ) ;
#6212 = FACE_BOUND ( 'NONE', #6678, .T. ) ;
#6213 = CARTESIAN_POINT ( 'NONE',  ( 0.000000000000000000, 87.50000000000001421, 18.30000000000001492 ) ) ;
#6214 = DIRECTION ( 'NONE',  ( 0.000000000000000000, 0.000000000000000000, 1.000000000000000000 ) ) ;
#6215 = ORIENTED_EDGE ( 'NONE', *, *, #12281, .F. ) ;
#6216 = DIRECTION ( 'NONE',  ( -0.000000000000000000, 1.000000000000000000, 3.061616997868383141E-16 ) ) ;
#6217 = CIRCLE ( 'NONE', #8453, 0.2500000000000002220 ) ;
#6218 = VECTOR ( 'NONE', #10706, 1000.000000000000000 ) ;
#6219 = DIRECTION ( 'NONE',  ( -9.860761315262647568E-32, 1.000000000000000000, 3.061616997868382155E-16 ) ) ;
#6220 = CYLINDRICAL_SURFACE ( 'NONE', #7772, 21.50000000000000355 ) ;
#6221 = ORIENTED_EDGE ( 'NONE', *, *, #5069, .T. ) ;
#6222 = CYLINDRICAL_SURFACE ( 'NONE', #12251, 21.50000000000000355 ) ;
#6223 = CARTESIAN_POINT ( 'NONE',  ( -21.23529932279548049, -80.41022924428168039, -3.363340998364782841 ) ) ;
#6224 = VERTEX_POINT ( 'NONE', #1500 ) ;
#6225 = ORIENTED_EDGE ( 'NONE', *, *, #7174, .T. ) ;
#6226 = CIRCLE ( 'NONE', #7851, 0.2500000000000002220 ) ;
#6227 = AXIS2_PLACEMENT_3D ( 'NONE', #9816, #10899, #2946 ) ;
#6228 = EDGE_CURVE ( 'NONE', #3038, #1063, #11804, .T. ) ;
#6229 = VECTOR ( 'NONE', #8733, 1000.000000000000000 ) ;
#6230 = AXIS2_PLACEMENT_3D ( 'NONE', #6878, #112, #2108 ) ;
#6231 = ORIENTED_EDGE ( 'NONE', *, *, #6949, .F. ) ;
#6232 = CARTESIAN_POINT ( 'NONE',  ( -19.15664027004999070, -80.41022924428168039, -9.760795744400091678 ) ) ;
#6233 = EDGE_CURVE ( 'NONE', #11546, #4835, #8130, .T. ) ;
#6234 = CARTESIAN_POINT ( 'NONE',  ( 0.000000000000000000, 51.20000000000000995, -7.383484513958806747E-15 ) ) ;
#6235 = VERTEX_POINT ( 'NONE', #10365 ) ;
#6236 = CARTESIAN_POINT ( 'NONE',  ( 0.000000000000000000, 45.20000000000000995, -9.220454712679835547E-15 ) ) ;
#6237 = FACE_OUTER_BOUND ( 'NONE', #7911, .T. ) ;
#6238 = PLANE ( 'NONE',  #2933 ) ;
#6239 = EDGE_LOOP ( 'NONE', ( #9766, #8038, #3324, #5275 ) ) ;
#6240 = DIRECTION ( 'NONE',  ( 0.000000000000000000, 1.000000000000000000, 3.061616997868381662E-16 ) ) ;
#6241 = AXIS2_PLACEMENT_3D ( 'NONE', #7680, #9660, #5830 ) ;
#6242 = CARTESIAN_POINT ( 'NONE',  ( 1.998583757652438120, 45.19999999999998863, -21.40690689856072737 ) ) ;
#6243 = AXIS2_PLACEMENT_3D ( 'NONE', #7494, #3512, #1763 ) ;
#6244 = CARTESIAN_POINT ( 'NONE',  ( 2.247361960254412150, 45.19999999999998863, -21.13222075041786852 ) ) ;
#6245 = FACE_OUTER_BOUND ( 'NONE', #1082, .T. ) ;
#6246 = CIRCLE ( 'NONE', #11140, 21.50000000000001066 ) ;
#6247 = AXIS2_PLACEMENT_3D ( 'NONE', #12158, #7291, #11196 ) ;
#6248 = EDGE_CURVE ( 'NONE', #12400, #10166, #8538, .T. ) ;
#6249 = EDGE_CURVE ( 'NONE', #9547, #767, #6298, .T. ) ;
#6250 = CARTESIAN_POINT ( 'NONE',  ( 2.433985513305365408E-15, 24.20000000000000639, -19.25000000000002487 ) ) ;
#6251 = CIRCLE ( 'NONE', #8896, 19.25000000000000711 ) ;
#6252 = CARTESIAN_POINT ( 'NONE',  ( -13.53038840757163541, 51.19999999999999574, -16.45863817132473628 ) ) ;
#6253 = ORIENTED_EDGE ( 'NONE', *, *, #3945, .T. ) ;
#6254 = LINE ( 'NONE', #4264, #2131 ) ;
#6255 = CARTESIAN_POINT ( 'NONE',  ( -1.998583757652287574, -80.41022924428169460, 21.40690689856072737 ) ) ;
#6256 = DIRECTION ( 'NONE',  ( 0.000000000000000000, 0.000000000000000000, -1.000000000000000000 ) ) ;
#6257 = CIRCLE ( 'NONE', #3174, 21.50000000000000000 ) ;
#6258 = DIRECTION ( 'NONE',  ( 0.000000000000000000, -1.000000000000000000, -3.061616997868383141E-16 ) ) ;
#6259 = AXIS2_PLACEMENT_3D ( 'NONE', #12127, #10087, #3164 ) ;
#6260 = VERTEX_POINT ( 'NONE', #3443 ) ;
#6261 = ORIENTED_EDGE ( 'NONE', *, *, #2616, .F. ) ;
#6262 = EDGE_CURVE ( 'NONE', #119, #9533, #4652, .T. ) ;
#6263 = AXIS2_PLACEMENT_3D ( 'NONE', #9956, #8399, #3592 ) ;
#6264 = CARTESIAN_POINT ( 'NONE',  ( 0.000000000000000000, 87.50000000000001421, 3.730185188303422936E-15 ) ) ;
#6265 = LINE ( 'NONE', #10165, #360 ) ;
#6266 = EDGE_LOOP ( 'NONE', ( #9471, #8319, #3741, #8734 ) ) ;
#6267 = CYLINDRICAL_SURFACE ( 'NONE', #2506, 0.2500000000000002220 ) ;
#6268 = CARTESIAN_POINT ( 'NONE',  ( 0.000000000000000000, 76.25000000000000000, 2.858660657014905341E-16 ) ) ;
#6269 = CARTESIAN_POINT ( 'NONE',  ( 9.760795744400269314, -80.41022924428169460, 19.15664027004985925 ) ) ;
#6270 = DIRECTION ( 'NONE',  ( 0.000000000000000000, 0.000000000000000000, 1.000000000000000000 ) ) ;
#6271 = DIRECTION ( 'NONE',  ( -0.000000000000000000, 1.000000000000000000, 3.061616997868383141E-16 ) ) ;
#6272 = DIRECTION ( 'NONE',  ( -0.000000000000000000, 1.000000000000000000, 3.061616997868383141E-16 ) ) ;
#6273 = AXIS2_PLACEMENT_3D ( 'NONE', #11902, #90, #11777 ) ;
#6274 = CARTESIAN_POINT ( 'NONE',  ( 0.000000000000000000, 51.20000000000000995, -7.383484513958806747E-15 ) ) ;
#6275 = EDGE_LOOP ( 'NONE', ( #8353, #10703, #5778, #9244 ) ) ;
#6276 = ADVANCED_FACE ( 'NONE', ( #3502 ), #11265, .T. ) ;
#6277 = EDGE_LOOP ( 'NONE', ( #7252, #4632, #2617, #12192 ) ) ;
#6278 = ORIENTED_EDGE ( 'NONE', *, *, #7077, .T. ) ;
#6279 = CARTESIAN_POINT ( 'NONE',  ( 0.000000000000000000, 51.20000000000000995, -7.383484513958806747E-15 ) ) ;
#6280 = CARTESIAN_POINT ( 'NONE',  ( 0.000000000000000000, 51.20000000000000995, -7.383484513958806747E-15 ) ) ;
#6281 = CARTESIAN_POINT ( 'NONE',  ( -11.49928352796102615, -80.41022924428168039, -18.16635567040248134 ) ) ;
#6282 = ORIENTED_EDGE ( 'NONE', *, *, #7011, .T. ) ;
#6283 = CARTESIAN_POINT ( 'NONE',  ( -16.86483603740624559, -80.41022924428168039, -13.33519049100550724 ) ) ;
#6284 = CARTESIAN_POINT ( 'NONE',  ( 0.9995419935583782500, -0.07495876827541278486, 2.638041231724586932 ) ) ;
#6285 = DIRECTION ( 'NONE',  ( -0.000000000000000000, 1.000000000000000000, 3.061616997868383141E-16 ) ) ;
#6286 = ORIENTED_EDGE ( 'NONE', *, *, #3539, .F. ) ;
#6287 = EDGE_CURVE ( 'NONE', #3583, #4458, #531, .T. ) ;
#6288 = CARTESIAN_POINT ( 'NONE',  ( -0.9950000000000006617, 47.85087804878074280, 0.000000000000000000 ) ) ;
#6289 = AXIS2_PLACEMENT_3D ( 'NONE', #9664, #4816, #869 ) ;
#6290 = CARTESIAN_POINT ( 'NONE',  ( 0.000000000000000000, 74.75000000000000000, -1.733764839787674301E-16 ) ) ;
#6291 = EDGE_CURVE ( 'NONE', #4940, #5426, #8439, .T. ) ;
#6292 = EDGE_LOOP ( 'NONE', ( #2421, #186, #11012, #5962 ) ) ;
#6293 = EDGE_CURVE ( 'NONE', #5482, #10595, #1687, .T. ) ;
#6294 = VERTEX_POINT ( 'NONE', #6526 ) ;
#6295 = ORIENTED_EDGE ( 'NONE', *, *, #2170, .T. ) ;
#6296 = DIRECTION ( 'NONE',  ( 0.000000000000000000, 0.000000000000000000, -1.000000000000000000 ) ) ;
#6297 = CARTESIAN_POINT ( 'NONE',  ( 7.937781193549932723, 45.19999999999998863, -19.98103174821875783 ) ) ;
#6298 = CIRCLE ( 'NONE', #1353, 0.2500000000000002220 ) ;
#6299 = ORIENTED_EDGE ( 'NONE', *, *, #304, .F. ) ;
#6300 = CARTESIAN_POINT ( 'NONE',  ( -21.45599973288051032, -80.41022924428168039, 1.374800153706315475 ) ) ;
#6301 = CARTESIAN_POINT ( 'NONE',  ( 0.9999999999999995559, 0.08699999999999999400, -2.799999999999999822 ) ) ;
#6302 = EDGE_LOOP ( 'NONE', ( #11067, #2634, #8522, #7503 ) ) ;
#6303 = CARTESIAN_POINT ( 'NONE',  ( 20.83070497094755424, -80.41022924428168039, -5.322755903978750425 ) ) ;
#6304 = CARTESIAN_POINT ( 'NONE',  ( 3.610031534565417033, 51.20000000000000995, 21.19475577399850508 ) ) ;
#6305 = CARTESIAN_POINT ( 'NONE',  ( 9.982883740771546499, -80.41022924428168039, -19.04184949573541985 ) ) ;
#6306 = CARTESIAN_POINT ( 'NONE',  ( 0.000000000000000000, 51.20000000000000995, -7.383484513958806747E-15 ) ) ;
#6307 = EDGE_CURVE ( 'NONE', #9895, #1547, #7709, .T. ) ;
#6308 = VECTOR ( 'NONE', #9634, 1000.000000000000000 ) ;
#6309 = EDGE_CURVE ( 'NONE', #4440, #1808, #1556, .T. ) ;
#6310 = ORIENTED_EDGE ( 'NONE', *, *, #2262, .F. ) ;
#6311 = CARTESIAN_POINT ( 'NONE',  ( 7.704910915223833534, -80.41022924428168039, -20.07197916968989304 ) ) ;
#6312 = DIRECTION ( 'NONE',  ( 0.000000000000000000, 0.000000000000000000, -1.000000000000000000 ) ) ;
#6313 = AXIS2_PLACEMENT_3D ( 'NONE', #6939, #8783, #7696 ) ;
#6314 = ORIENTED_EDGE ( 'NONE', *, *, #5007, .T. ) ;
#6315 = CARTESIAN_POINT ( 'NONE',  ( 0.000000000000000000, 8.699999999999999289, -2.039535675489943990E-14 ) ) ;
#6316 = DIRECTION ( 'NONE',  ( -0.000000000000000000, 1.000000000000000000, 3.061616997868383141E-16 ) ) ;
#6317 = EDGE_CURVE ( 'NONE', #5420, #9708, #6497, .T. ) ;
#6318 = EDGE_CURVE ( 'NONE', #1993, #1998, #5671, .T. ) ;
#6319 = ORIENTED_EDGE ( 'NONE', *, *, #9188, .F. ) ;
#6320 = CIRCLE ( 'NONE', #4464, 0.2500000000000002220 ) ;
#6321 = CIRCLE ( 'NONE', #8153, 21.50000000000001066 ) ;
#6322 = SHAPE_DEFINITION_REPRESENTATION ( #10008, #1672 ) ;
#6323 = VERTEX_POINT ( 'NONE', #3632 ) ;
#6324 = CARTESIAN_POINT ( 'NONE',  ( 1.885956070686923411E-15, 87.50000000000001421, -15.39999999999999325 ) ) ;
#6325 = VERTEX_POINT ( 'NONE', #2660 ) ;
#6326 = CARTESIAN_POINT ( 'NONE',  ( -2.247361960254701252, 45.19999999999998863, -21.38222075041783654 ) ) ;
#6327 = DIRECTION ( 'NONE',  ( -1.232595164407830946E-32, 1.000000000000000000, 3.061616997868383141E-16 ) ) ;
#6328 = FACE_OUTER_BOUND ( 'NONE', #5357, .T. ) ;
#6329 = LINE ( 'NONE', #10232, #3645 ) ;
#6330 = DIRECTION ( 'NONE',  ( 0.000000000000000000, 0.000000000000000000, -1.000000000000000000 ) ) ;
#6331 = ADVANCED_FACE ( 'NONE', ( #10488 ), #5627, .F. ) ;
#6332 = AXIS2_PLACEMENT_3D ( 'NONE', #7776, #11683, #6828 ) ;
#6333 = CARTESIAN_POINT ( 'NONE',  ( 9.760795744400141416, 51.19999999999999574, -19.15664027004993741 ) ) ;
#6334 = ORIENTED_EDGE ( 'NONE', *, *, #4490, .F. ) ;
#6335 = VERTEX_POINT ( 'NONE', #724 ) ;
#6336 = ORIENTED_EDGE ( 'NONE', *, *, #10133, .F. ) ;
#6337 = VECTOR ( 'NONE', #3198, 1000.000000000000000 ) ;
#6338 = DIRECTION ( 'NONE',  ( 0.000000000000000000, 0.000000000000000000, -1.000000000000000000 ) ) ;
#6339 = DIRECTION ( 'NONE',  ( -0.000000000000000000, 1.000000000000000000, 3.061616997868383141E-16 ) ) ;
#6340 = FACE_OUTER_BOUND ( 'NONE', #10833, .T. ) ;
#6341 = EDGE_LOOP ( 'NONE', ( #10564, #5413, #1566, #5626 ) ) ;
#6342 = DIRECTION ( 'NONE',  ( -0.000000000000000000, 1.000000000000000000, 3.061616997868383141E-16 ) ) ;
#6343 = DIRECTION ( 'NONE',  ( -0.000000000000000000, 1.000000000000000000, 3.061616997868383141E-16 ) ) ;
#6344 = CIRCLE ( 'NONE', #2636, 0.2500000000000002220 ) ;
#6345 = CARTESIAN_POINT ( 'NONE',  ( 11.70973925282297579, 51.19999999999999574, -18.03141721082665683 ) ) ;
#6346 = VERTEX_POINT ( 'NONE', #11632 ) ;
#6347 = DIRECTION ( 'NONE',  ( 0.000000000000000000, 0.000000000000000000, -1.000000000000000000 ) ) ;
#6348 = LINE ( 'NONE', #9036, #2697 ) ;
#6349 = VERTEX_POINT ( 'NONE', #9784 ) ;
#6350 = VERTEX_POINT ( 'NONE', #10804 ) ;
#6351 = ORIENTED_EDGE ( 'NONE', *, *, #3840, .F. ) ;
#6352 = CIRCLE ( 'NONE', #12268, 21.50000000000001066 ) ;
#6353 = CARTESIAN_POINT ( 'NONE',  ( -21.38222075041788628, 51.19999999999999574, -1.997361960254321334 ) ) ;
#6354 = EDGE_CURVE ( 'NONE', #3347, #8161, #5079, .T. ) ;
#6355 = CARTESIAN_POINT ( 'NONE',  ( -19.04184949573522800, 45.19999999999998863, 9.982883740771884007 ) ) ;
#6356 = ORIENTED_EDGE ( 'NONE', *, *, #4011, .T. ) ;
#6357 = DIRECTION ( 'NONE',  ( 0.000000000000000000, 0.000000000000000000, 1.000000000000000000 ) ) ;
#6358 = ADVANCED_FACE ( 'NONE', ( #2722 ), #2852, .F. ) ;
#6359 = CIRCLE ( 'NONE', #7369, 0.2500000000000002220 ) ;
#6360 = CARTESIAN_POINT ( 'NONE',  ( 0.000000000000000000, 77.00000000000000000, 10.00000000000002487 ) ) ;
#6361 = VERTEX_POINT ( 'NONE', #10617 ) ;
#6362 = CARTESIAN_POINT ( 'NONE',  ( 21.19475577399848376, -80.41022924428168039, 3.610031534565487643 ) ) ;
#6363 = CARTESIAN_POINT ( 'NONE',  ( 20.97677464539625447, -80.41022924428168039, 4.714331922580340617 ) ) ;
#6364 = DIRECTION ( 'NONE',  ( 9.860761315262647568E-32, 1.000000000000000000, 3.061616997868382648E-16 ) ) ;
#6365 = VECTOR ( 'NONE', #9558, 1000.000000000000000 ) ;
#6366 = ADVANCED_FACE ( 'NONE', ( #10744 ), #10995, .T. ) ;
#6367 = CARTESIAN_POINT ( 'NONE',  ( -5.805710654484237843, 51.20000000000000995, 20.70129763556883518 ) ) ;
#6368 = AXIS2_PLACEMENT_3D ( 'NONE', #1620, #10490, #1691 ) ;
#6369 = EDGE_CURVE ( 'NONE', #3025, #68, #10788, .T. ) ;
#6370 = ORIENTED_EDGE ( 'NONE', *, *, #2433, .T. ) ;
#6371 = DIRECTION ( 'NONE',  ( 0.000000000000000000, -3.227392513445220839E-16, 1.000000000000000000 ) ) ;
#6372 = EDGE_CURVE ( 'NONE', #4515, #6072, #12212, .T. ) ;
#6373 = CARTESIAN_POINT ( 'NONE',  ( 0.000000000000000000, 45.19999999999998863, -21.24999999999997513 ) ) ;
#6374 = ORIENTED_EDGE ( 'NONE', *, *, #7304, .F. ) ;
#6375 = CARTESIAN_POINT ( 'NONE',  ( 20.97677464539627579, 51.19999999999999574, -4.714331922580332623 ) ) ;
#6376 = CIRCLE ( 'NONE', #9027, 0.2500000000000002220 ) ;
#6377 = DIRECTION ( 'NONE',  ( -0.000000000000000000, 1.000000000000000000, 3.061616997868383141E-16 ) ) ;
#6378 = EDGE_CURVE ( 'NONE', #3119, #5046, #2787, .T. ) ;
#6379 = ORIENTED_EDGE ( 'NONE', *, *, #7476, .T. ) ;
#6380 = ORIENTED_EDGE ( 'NONE', *, *, #4936, .F. ) ;
#6381 = CYLINDRICAL_SURFACE ( 'NONE', #7331, 0.2500000000000002220 ) ;
#6382 = EDGE_CURVE ( 'NONE', #2744, #8815, #12414, .T. ) ;
#6383 = ORIENTED_EDGE ( 'NONE', *, *, #6436, .T. ) ;
#6384 = CARTESIAN_POINT ( 'NONE',  ( -21.35464355025360561, -80.41022924428168039, -2.495836301044511263 ) ) ;
#6385 = CARTESIAN_POINT ( 'NONE',  ( 1.125223059223148248, 51.19999999999999574, -21.22053499722331793 ) ) ;
#6386 = CARTESIAN_POINT ( 'NONE',  ( -0.9950000000000006617, 0.08699999999999999400, 2.799999999999999822 ) ) ;
#6387 = DIRECTION ( 'NONE',  ( 0.000000000000000000, 0.000000000000000000, -1.000000000000000000 ) ) ;
#6388 = CARTESIAN_POINT ( 'NONE',  ( -0.9982623994384779431, 0.08574444021467082788, 2.798744440214671059 ) ) ;
#6389 = DIRECTION ( 'NONE',  ( -9.860761315262647568E-32, 1.000000000000000000, 3.061616997868382155E-16 ) ) ;
#6390 = ORIENTED_EDGE ( 'NONE', *, *, #378, .F. ) ;
#6391 = ORIENTED_EDGE ( 'NONE', *, *, #10063, .F. ) ;
#6392 = ORIENTED_EDGE ( 'NONE', *, *, #11165, .T. ) ;
#6393 = VECTOR ( 'NONE', #6327, 1000.000000000000000 ) ;
#6394 = EDGE_CURVE ( 'NONE', #5558, #7474, #1548, .T. ) ;
#6395 = CARTESIAN_POINT ( 'NONE',  ( -20.44771510034585660, -80.41022924428168039, -6.643865379061193899 ) ) ;
#6396 = B_SPLINE_CURVE_WITH_KNOTS ( 'NONE', 3,
 ( #7081, #3076, #7949, #8013, #8840, #11917, #4951, #8780, #7062, #10966, #11722, #106, #5906, #3986, #10769, #3141 ),
 .UNSPECIFIED., .F., .F.,
 ( 4, 3, 3, 3, 3, 4 ),
 ( 1.084202172485504434E-19, 2.525768609668361486E-06, 4.871191486687424705E-06, 6.627982770221323646E-06, 8.046505712686779742E-06, 9.198675655816457606E-06 ),
 .UNSPECIFIED. ) ;
#6397 = DIRECTION ( 'NONE',  ( 0.000000000000000000, 0.000000000000000000, 1.000000000000000000 ) ) ;
#6398 = ORIENTED_EDGE ( 'NONE', *, *, #5820, .T. ) ;
#6399 = DIRECTION ( 'NONE',  ( 0.000000000000000000, 1.000000000000000000, 3.061616997868381169E-16 ) ) ;
#6400 = FACE_OUTER_BOUND ( 'NONE', #11314, .T. ) ;
#6401 = FACE_OUTER_BOUND ( 'NONE', #7412, .T. ) ;
#6402 = ORIENTED_EDGE ( 'NONE', *, *, #5213, .T. ) ;
#6403 = DIRECTION ( 'NONE',  ( 0.000000000000000000, 0.000000000000000000, 1.000000000000000000 ) ) ;
#6404 = VECTOR ( 'NONE', #4569, 1000.000000000000000 ) ;
#6405 = CARTESIAN_POINT ( 'NONE',  ( -19.64122733931581166, 51.19999999999999574, 8.744837826129932878 ) ) ;
#6406 = AXIS2_PLACEMENT_3D ( 'NONE', #8688, #11626, #10869 ) ;
#6407 = VERTEX_POINT ( 'NONE', #12651 ) ;
#6408 = AXIS2_PLACEMENT_3D ( 'NONE', #4216, #12014, #8173 ) ;
#6409 = ORIENTED_EDGE ( 'NONE', *, *, #10161, .T. ) ;
#6410 = ORIENTED_EDGE ( 'NONE', *, *, #9435, .F. ) ;
#6411 = CARTESIAN_POINT ( 'NONE',  ( 0.9999999999999995559, 0.07288794480800786513, -2.640112055191994322 ) ) ;
#6412 = AXIS2_PLACEMENT_3D ( 'NONE', #1821, #8695, #5757 ) ;
#6413 = DIRECTION ( 'NONE',  ( 0.000000000000000000, 0.000000000000000000, -1.000000000000000000 ) ) ;
#6414 = ORIENTED_EDGE ( 'NONE', *, *, #8950, .F. ) ;
#6415 = CARTESIAN_POINT ( 'NONE',  ( -21.49999999999998934, 45.19999999999998863, 2.390390551857470406E-13 ) ) ;
#6416 = AXIS2_PLACEMENT_3D ( 'NONE', #5247, #7150, #2142 ) ;
#6417 = LINE ( 'NONE', #10321, #660 ) ;
#6418 = VERTEX_POINT ( 'NONE', #12590 ) ;
#6419 = DIRECTION ( 'NONE',  ( 0.000000000000000000, -3.227392513445220839E-16, 1.000000000000000000 ) ) ;
#6420 = CARTESIAN_POINT ( 'NONE',  ( -1.000000000000000444, 0.08167987200253372382, 2.794679872002534093 ) ) ;
#6421 = DIRECTION ( 'NONE',  ( 0.000000000000000000, -0.7071067811865301422, -0.7071067811865648922 ) ) ;
#6422 = CYLINDRICAL_SURFACE ( 'NONE', #3264, 21.50000000000000355 ) ;
#6423 = CIRCLE ( 'NONE', #11320, 21.50000000000001066 ) ;
#6424 = AXIS2_PLACEMENT_3D ( 'NONE', #9899, #5104, #3094 ) ;
#6425 = ADVANCED_FACE ( 'NONE', ( #9586 ), #4730, .T. ) ;
#6426 = EDGE_CURVE ( 'NONE', #6104, #10914, #8816, .T. ) ;
#6427 = CIRCLE ( 'NONE', #2311, 21.50000000000000000 ) ;
#6428 = ORIENTED_EDGE ( 'NONE', *, *, #1245, .F. ) ;
#6429 = DIRECTION ( 'NONE',  ( 0.000000000000000000, 0.000000000000000000, 1.000000000000000000 ) ) ;
#6430 = CARTESIAN_POINT ( 'NONE',  ( 0.000000000000000000, 51.20000000000000995, -7.383484513958806747E-15 ) ) ;
#6431 = VERTEX_POINT ( 'NONE', #11765 ) ;
#6432 = AXIS2_PLACEMENT_3D ( 'NONE', #2868, #8460, #1575 ) ;
#6433 = SURFACE_SIDE_STYLE ('',( #5473 ) ) ;
#6434 = DIRECTION ( 'NONE',  ( 0.000000000000000000, -3.227392513445222318E-16, 1.000000000000000000 ) ) ;
#6435 = VECTOR ( 'NONE', #4744, 999.9999999999998863 ) ;
#6436 = EDGE_CURVE ( 'NONE', #7703, #8254, #1816, .T. ) ;
#6437 = AXIS2_PLACEMENT_3D ( 'NONE', #9987, #7099, #3244 ) ;
#6438 = ORIENTED_EDGE ( 'NONE', *, *, #2344, .F. ) ;
#6439 = CIRCLE ( 'NONE', #10330, 0.2500000000000002220 ) ;
#6440 = ADVANCED_FACE ( 'NONE', ( #6908 ), #8735, .T. ) ;
#6441 = SHAPE_DEFINITION_REPRESENTATION ( #3138, #11660 ) ;
#6442 = EDGE_LOOP ( 'NONE', ( #5562, #3866, #4001, #611 ) ) ;
#6443 = DIRECTION ( 'NONE',  ( 0.000000000000000000, 0.000000000000000000, 1.000000000000000000 ) ) ;
#6444 = ORIENTED_EDGE ( 'NONE', *, *, #8876, .F. ) ;
#6445 = DIRECTION ( 'NONE',  ( -0.000000000000000000, 1.000000000000000000, 3.061616997868383141E-16 ) ) ;
#6446 = AXIS2_PLACEMENT_3D ( 'NONE', #4532, #2407, #10181 ) ;
#6447 = DIRECTION ( 'NONE',  ( 0.000000000000000000, -3.227392513445222318E-16, 1.000000000000000000 ) ) ;
#6448 = CARTESIAN_POINT ( 'NONE',  ( -8.744837826129849390, -80.41022924428168039, -19.64122733931586851 ) ) ;
#6449 = VECTOR ( 'NONE', #9903, 1000.000000000000000 ) ;
#6450 = DIRECTION ( 'NONE',  ( 0.000000000000000000, 0.000000000000000000, 1.000000000000000000 ) ) ;
#6451 = DIRECTION ( 'NONE',  ( 0.000000000000000000, -3.227392513445220839E-16, 1.000000000000000000 ) ) ;
#6452 = EDGE_CURVE ( 'NONE', #286, #6759, #10557, .T. ) ;
#6453 = CARTESIAN_POINT ( 'NONE',  ( 2.247361960254553370, 45.20000000000000284, 21.38222075041787917 ) ) ;
#6454 = ORIENTED_EDGE ( 'NONE', *, *, #7592, .T. ) ;
#6455 = ADVANCED_FACE ( 'NONE', ( #7666 ), #5753, .T. ) ;
#6456 = ORIENTED_EDGE ( 'NONE', *, *, #8778, .F. ) ;
#6457 = AXIS2_PLACEMENT_3D ( 'NONE', #5595, #9494, #3730 ) ;
#6458 = EDGE_CURVE ( 'NONE', #7992, #11980, #12616, .T. ) ;
#6459 = ORIENTED_EDGE ( 'NONE', *, *, #1318, .T. ) ;
#6460 = DIRECTION ( 'NONE',  ( -0.000000000000000000, 1.000000000000000000, 3.061616997868383141E-16 ) ) ;
#6461 = CARTESIAN_POINT ( 'NONE',  ( 0.000000000000000000, 61.70000000000000995, -4.168786666197004375E-15 ) ) ;
#6462 = EDGE_LOOP ( 'NONE', ( #8447, #7156, #3293, #3068 ) ) ;
#6463 = FACE_OUTER_BOUND ( 'NONE', #6266, .T. ) ;
#6464 = AXIS2_PLACEMENT_3D ( 'NONE', #4127, #8015, #3987 ) ;
#6465 = CARTESIAN_POINT ( 'NONE',  ( 0.9980246340370632074, -0.07670451682347628752, 2.636295483176523291 ) ) ;
#6466 = CARTESIAN_POINT ( 'NONE',  ( 0.000000000000000000, 28.86506350946110189, -1.422158663453328212E-14 ) ) ;
#6467 = EDGE_LOOP ( 'NONE', ( #11947, #12610, #11273, #3092 ) ) ;
#6468 = EDGE_CURVE ( 'NONE', #4329, #7007, #8625, .T. ) ;
#6469 = FACE_OUTER_BOUND ( 'NONE', #4741, .T. ) ;
#6470 = DIRECTION ( 'NONE',  ( -0.000000000000000000, 1.000000000000000000, 3.061616997868383141E-16 ) ) ;
#6471 = VERTEX_POINT ( 'NONE', #4153 ) ;
#6472 = EDGE_CURVE ( 'NONE', #10359, #2991, #6710, .T. ) ;
#6473 = ORIENTED_EDGE ( 'NONE', *, *, #4513, .T. ) ;
#6474 = AXIS2_PLACEMENT_3D ( 'NONE', #6919, #10883, #7867 ) ;
#6475 = ORIENTED_EDGE ( 'NONE', *, *, #7903, .F. ) ;
#6476 = LINE ( 'NONE', #2548, #5222 ) ;
#6477 = DIRECTION ( 'NONE',  ( 0.000000000000000000, 0.000000000000000000, -1.000000000000000000 ) ) ;
#6478 = ORIENTED_EDGE ( 'NONE', *, *, #12107, .F. ) ;
#6479 = CYLINDRICAL_SURFACE ( 'NONE', #1283, 0.2499999999999993616 ) ;
#6480 = CARTESIAN_POINT ( 'NONE',  ( -21.49854651162792862, 45.19999999999998863, -0.2499957747069914138 ) ) ;
#6481 = DIRECTION ( 'NONE',  ( 6.162975822039154730E-33, 1.000000000000000000, 3.061616997868382155E-16 ) ) ;
#6482 = ORIENTED_EDGE ( 'NONE', *, *, #11629, .F. ) ;
#6483 = CARTESIAN_POINT ( 'NONE',  ( 0.000000000000000000, 51.20000000000000995, -7.383484513958806747E-15 ) ) ;
#6484 = FACE_OUTER_BOUND ( 'NONE', #10237, .T. ) ;
#6485 = CARTESIAN_POINT ( 'NONE',  ( 17.89404075541363426, -80.41022924428169460, 11.91861172467644181 ) ) ;
#6486 = LINE ( 'NONE', #4268, #2422 ) ;
#6487 = CARTESIAN_POINT ( 'NONE',  ( 13.33519049100577725, 51.20000000000000995, 16.86483603740602177 ) ) ;
#6488 = EDGE_CURVE ( 'NONE', #1159, #3347, #2189, .T. ) ;
#6489 = ORIENTED_EDGE ( 'NONE', *, *, #5129, .T. ) ;
#6490 = CIRCLE ( 'NONE', #6289, 0.2500000000000002220 ) ;
#6491 = ORIENTED_EDGE ( 'NONE', *, *, #2300, .T. ) ;
#6492 = DIRECTION ( 'NONE',  ( 1.848892746611746693E-32, 1.000000000000000000, 3.061616997868380676E-16 ) ) ;
#6493 = CARTESIAN_POINT ( 'NONE',  ( 2.510525938252074481E-15, 87.50000000000001421, -20.50000000000000000 ) ) ;
#6494 = VERTEX_POINT ( 'NONE', #7152 ) ;
#6495 = CARTESIAN_POINT ( 'NONE',  ( 11.91861172467640273, -80.41022924428168039, -17.89404075541370176 ) ) ;
#6496 = CARTESIAN_POINT ( 'NONE',  ( 0.000000000000000000, 51.20000000000000995, -7.383484513958806747E-15 ) ) ;
#6497 = CIRCLE ( 'NONE', #2587, 21.50000000000001066 ) ;
#6498 = ORIENTED_EDGE ( 'NONE', *, *, #10798, .T. ) ;
#6499 = AXIS2_PLACEMENT_3D ( 'NONE', #753, #628, #10335 ) ;
#6500 = APPLICATION_PROTOCOL_DEFINITION ( 'draft international standard', 'automotive_design', 1998, #1302 ) ;
#6501 = AXIS2_PLACEMENT_3D ( 'NONE', #11372, #3365, #7338 ) ;
#6502 = EDGE_LOOP ( 'NONE', ( #6817, #5530, #10752, #12235 ) ) ;
#6503 = DIRECTION ( 'NONE',  ( 9.860761315262647568E-32, 1.000000000000000000, 3.061616997868381662E-16 ) ) ;
#6504 = ORIENTED_EDGE ( 'NONE', *, *, #5434, .T. ) ;
#6505 = DIRECTION ( 'NONE',  ( -0.000000000000000000, 1.000000000000000000, 3.061616997868383141E-16 ) ) ;
#6506 = B_SPLINE_CURVE_WITH_KNOTS ( 'NONE', 3,
 ( #7634, #1357, #12378, #11357, #9198, #5535, #402, #11483, #1590, #8601, #2566, #631, #7511, #11417, #6561, #2629 ),
 .UNSPECIFIED., .F., .F.,
 ( 4, 3, 3, 3, 3, 4 ),
 ( 0.000000000000000000, 1.285013747378234916E-06, 2.557497526646698852E-06, 4.432566183455870978E-06, 7.195801936941688908E-06, 9.898898396336210144E-06 ),
 .UNSPECIFIED. ) ;
#6507 = ADVANCED_FACE ( 'NONE', ( #4221 ), #7036, .F. ) ;
#6508 = DIRECTION ( 'NONE',  ( -0.000000000000000000, 1.000000000000000000, 3.061616997868383141E-16 ) ) ;
#6509 = CARTESIAN_POINT ( 'NONE',  ( -9.537388008203786072, 45.20000000000000284, 19.26884090911984870 ) ) ;
#6510 = DIRECTION ( 'NONE',  ( 0.000000000000000000, -3.227392513445222318E-16, 1.000000000000000000 ) ) ;
#6511 = CARTESIAN_POINT ( 'NONE',  ( 0.9959223772478926762, -0.07757119055257967466, 2.635428809447419862 ) ) ;
#6512 = ADVANCED_FACE ( 'NONE', ( #1231 ), #12020, .F. ) ;
#6513 = AXIS2_PLACEMENT_3D ( 'NONE', #9434, #8414, #7453 ) ;
#6514 = CARTESIAN_POINT ( 'NONE',  ( 2.495836301044702221, 45.20000000000000284, 21.35464355025359495 ) ) ;
#6515 = ORIENTED_EDGE ( 'NONE', *, *, #12181, .F. ) ;
#6516 = CIRCLE ( 'NONE', #353, 0.2500000000000002220 ) ;
#6517 = EDGE_LOOP ( 'NONE', ( #9938, #2290, #8485, #1598 ) ) ;
#6518 = ORIENTED_EDGE ( 'NONE', *, *, #247, .T. ) ;
#6519 = EDGE_CURVE ( 'NONE', #7273, #6407, #9776, .T. ) ;
#6520 = CARTESIAN_POINT ( 'NONE',  ( -20.52358569366456820, 45.19999999999998863, 6.405656115871931178 ) ) ;
#6521 = AXIS2_PLACEMENT_3D ( 'NONE', #8111, #11952, #11182 ) ;
#6522 = CARTESIAN_POINT ( 'NONE',  ( -6.881176337034991874, 51.19999999999999574, -20.36907980785165151 ) ) ;
#6523 = EDGE_CURVE ( 'NONE', #10895, #3671, #1557, .T. ) ;
#6524 = CARTESIAN_POINT ( 'NONE',  ( -16.70863817132498141, 51.19999999999999574, -13.28038840757134231 ) ) ;
#6525 = EDGE_LOOP ( 'NONE', ( #10357, #7788, #3851, #688 ) ) ;
#6526 = CARTESIAN_POINT ( 'NONE',  ( 0.9999999999999995559, -0.08167987200253390423, -2.794679872002534093 ) ) ;
#6527 = AXIS2_PLACEMENT_3D ( 'NONE', #9969, #8802, #9703 ) ;
#6528 = CARTESIAN_POINT ( 'NONE',  ( 0.000000000000000000, 3.500000000000000444, 8.698518023597374693 ) ) ;
#6529 = DIRECTION ( 'NONE',  ( 6.162975822039154730E-33, 1.000000000000000000, 3.061616997868382155E-16 ) ) ;
#6530 = VERTEX_POINT ( 'NONE', #5122 ) ;
#6531 = LINE ( 'NONE', #7487, #9065 ) ;
#6532 = ADVANCED_FACE ( 'NONE', ( #1296 ), #12083, .F. ) ;
#6533 = DIRECTION ( 'NONE',  ( 0.000000000000000000, 0.000000000000000000, -1.000000000000000000 ) ) ;
#6534 = VERTEX_POINT ( 'NONE', #7212 ) ;
#6535 = EDGE_LOOP ( 'NONE', ( #8682, #11800, #12126, #7431 ) ) ;
#6536 = AXIS2_PLACEMENT_3D ( 'NONE', #9482, #4879, #812 ) ;
#6537 = ORIENTED_EDGE ( 'NONE', *, *, #1397, .T. ) ;
#6538 = CARTESIAN_POINT ( 'NONE',  ( 11.70973925282297579, 45.19999999999998863, -18.03141721082666038 ) ) ;
#6539 = EDGE_CURVE ( 'NONE', #5317, #9080, #1153, .T. ) ;
#6540 = ORIENTED_EDGE ( 'NONE', *, *, #6760, .T. ) ;
#6541 = CYLINDRICAL_SURFACE ( 'NONE', #1903, 0.2500000000000002220 ) ;
#6542 = EDGE_CURVE ( 'NONE', #1272, #7201, #6077, .T. ) ;
#6543 = DIRECTION ( 'NONE',  ( -0.000000000000000000, 1.000000000000000000, 3.061616997868383141E-16 ) ) ;
#6544 = CYLINDRICAL_SURFACE ( 'NONE', #3752, 15.40000000000000746 ) ;
#6545 = VERTEX_POINT ( 'NONE', #8885 ) ;
#6546 = CARTESIAN_POINT ( 'NONE',  ( 21.03017341577679389, 45.19999999999998863, -4.470101352581890453 ) ) ;
#6547 = CARTESIAN_POINT ( 'NONE',  ( -10.96577594754934815, 51.19999999999999574, -18.49328953615738769 ) ) ;
#6548 = DIRECTION ( 'NONE',  ( 3.697785493223493385E-32, 1.000000000000000000, 3.061616997868383141E-16 ) ) ;
#6549 = ORIENTED_EDGE ( 'NONE', *, *, #1539, .F. ) ;
#6550 = DIRECTION ( 'NONE',  ( -4.930380657631323784E-32, 1.000000000000000000, 3.061616997868383141E-16 ) ) ;
#6551 = DIRECTION ( 'NONE',  ( 0.000000000000000000, -3.227392513445222318E-16, 1.000000000000000000 ) ) ;
#6552 = EDGE_LOOP ( 'NONE', ( #6027, #5266, #9822, #5147 ) ) ;
#6553 = CONICAL_SURFACE ( 'NONE', #4298, 16.01785065697083965, 0.9599310885968799223 ) ;
#6554 = VECTOR ( 'NONE', #12101, 1000.000000000000000 ) ;
#6555 = ORIENTED_EDGE ( 'NONE', *, *, #6262, .F. ) ;
#6556 = DIRECTION ( 'NONE',  ( 4.930380657631323784E-32, 1.000000000000000000, 3.061616997868382648E-16 ) ) ;
#6557 = EDGE_CURVE ( 'NONE', #12645, #12360, #11411, .T. ) ;
#6558 = CARTESIAN_POINT ( 'NONE',  ( 9.537388008204194634, 45.20000000000000284, 19.26884090911964975 ) ) ;
#6560 = ORIENTED_EDGE ( 'NONE', *, *, #2446, .F. ) ;
#6559 = CIRCLE ( 'NONE', #6147, 21.50000000000000000 ) ;
#6561 = CARTESIAN_POINT ( 'NONE',  ( -1.000000000000209166, -0.08231721551619565480, -2.795317215516196274 ) ) ;
#6562 = EDGE_CURVE ( 'NONE', #984, #11897, #11610, .T. ) ;
#6563 = AXIS2_PLACEMENT_3D ( 'NONE', #9740, #12363, #2682 ) ;
#6564 = DIRECTION ( 'NONE',  ( 0.000000000000000000, 0.000000000000000000, 1.000000000000000000 ) ) ;
#6565 = AXIS2_PLACEMENT_3D ( 'NONE', #4463, #407, #1543 ) ;
#6566 = ORIENTED_EDGE ( 'NONE', *, *, #485, .F. ) ;
#6567 = CIRCLE ( 'NONE', #5154, 0.2500000000000002220 ) ;
#6568 = ORIENTED_EDGE ( 'NONE', *, *, #5255, .T. ) ;
#6569 = DIRECTION ( 'NONE',  ( 0.000000000000000000, 0.000000000000000000, 1.000000000000000000 ) ) ;
#6570 = VECTOR ( 'NONE', #8323, 1000.000000000000000 ) ;
#6571 = CARTESIAN_POINT ( 'NONE',  ( 6.643865379061240972, -80.41022924428168039, -20.19771510034585305 ) ) ;
#6572 = ORIENTED_EDGE ( 'NONE', *, *, #4739, .T. ) ;
#6573 = EDGE_CURVE ( 'NONE', #12645, #848, #5891, .T. ) ;
#6574 = DIRECTION ( 'NONE',  ( -0.000000000000000000, 1.000000000000000000, 3.061616997868383141E-16 ) ) ;
#6575 = DIRECTION ( 'NONE',  ( 0.000000000000000000, 0.000000000000000000, 1.000000000000000000 ) ) ;
#6576 = CARTESIAN_POINT ( 'NONE',  ( 0.9949999999999997735, -0.08699999999999999400, -2.799999999999999822 ) ) ;
#6577 = CARTESIAN_POINT ( 'NONE',  ( 0.9999999999999995559, -0.08699999999999999400, -2.800000000000000266 ) ) ;
#6578 = DIRECTION ( 'NONE',  ( 0.000000000000000000, -3.227392513445222318E-16, 1.000000000000000000 ) ) ;
#6579 = DIRECTION ( 'NONE',  ( -0.000000000000000000, 1.000000000000000000, 3.061616997868383141E-16 ) ) ;
#6580 = ORIENTED_EDGE ( 'NONE', *, *, #4837, .T. ) ;
#6581 = AXIS2_PLACEMENT_3D ( 'NONE', #1997, #4256, #8152 ) ;
#6582 = ORIENTED_EDGE ( 'NONE', *, *, #1655, .T. ) ;
#6583 = EDGE_CURVE ( 'NONE', #486, #204, #540, .T. ) ;
#6584 = VERTEX_POINT ( 'NONE', #1108 ) ;
#6585 = EDGE_CURVE ( 'NONE', #10678, #6584, #6101, .T. ) ;
#6586 = CARTESIAN_POINT ( 'NONE',  ( -5.322755903978362291, -80.41022924428169460, 20.83070497094761819 ) ) ;
#6587 = CARTESIAN_POINT ( 'NONE',  ( -15.97761374776409227, 45.19999999999998863, -14.38630803671529357 ) ) ;
#6588 = FACE_OUTER_BOUND ( 'NONE', #11477, .T. ) ;
#6589 = EDGE_LOOP ( 'NONE', ( #9467, #12469, #6684, #1610 ) ) ;
#6590 = DIRECTION ( 'NONE',  ( -0.000000000000000000, 1.000000000000000000, 3.061616997868383141E-16 ) ) ;
#6591 = DIRECTION ( 'NONE',  ( 0.000000000000000000, -1.000000000000000000, -3.061616997868383141E-16 ) ) ;
#6592 = DIRECTION ( 'NONE',  ( 0.000000000000000000, 0.000000000000000000, 1.000000000000000000 ) ) ;
#6593 = ORIENTED_EDGE ( 'NONE', *, *, #8719, .F. ) ;
#6594 = DIRECTION ( 'NONE',  ( -9.860761315262647568E-32, 1.000000000000000000, 3.061616997868382155E-16 ) ) ;
#6595 = DIRECTION ( 'NONE',  ( -0.000000000000000000, 1.000000000000000000, 3.061616997868383141E-16 ) ) ;
#6596 = ORIENTED_EDGE ( 'NONE', *, *, #5434, .F. ) ;
#6597 = ORIENTED_EDGE ( 'NONE', *, *, #9320, .F. ) ;
#6598 = ADVANCED_FACE ( 'NONE', ( #141 ), #4993, .F. ) ;
#6599 = VERTEX_POINT ( 'NONE', #4094 ) ;
#6600 = CARTESIAN_POINT ( 'NONE',  ( 0.000000000000000000, 51.20000000000000995, -7.383484513958806747E-15 ) ) ;
#6601 = CARTESIAN_POINT ( 'NONE',  ( 20.83070497094755424, 51.19999999999999574, 5.322755903978759306 ) ) ;
#6602 = CARTESIAN_POINT ( 'NONE',  ( 0.9993795618995751084, -0.08424658751968590320, -2.797246587519686134 ) ) ;
#6603 = DIRECTION ( 'NONE',  ( 0.000000000000000000, -1.000000000000000000, -3.061616997868383141E-16 ) ) ;
#6604 = CARTESIAN_POINT ( 'NONE',  ( -20.07197916968989659, 51.19999999999999574, -7.704910915223750045 ) ) ;
#6605 = ORIENTED_EDGE ( 'NONE', *, *, #1826, .T. ) ;
#6606 = DIRECTION ( 'NONE',  ( 0.000000000000000000, 0.000000000000000000, -1.000000000000000000 ) ) ;
#6607 = AXIS2_PLACEMENT_3D ( 'NONE', #4889, #4958, #1139 ) ;
#6608 = CIRCLE ( 'NONE', #2696, 21.50000000000000000 ) ;
#6609 = CARTESIAN_POINT ( 'NONE',  ( 0.000000000000000000, 45.20000000000000995, -9.220454712679835547E-15 ) ) ;
#6610 = DIRECTION ( 'NONE',  ( 0.000000000000000000, 0.000000000000000000, 1.000000000000000000 ) ) ;
#6611 = ORIENTED_EDGE ( 'NONE', *, *, #1350, .T. ) ;
#6612 = VECTOR ( 'NONE', #11024, 1000.000000000000000 ) ;
#6613 = DIRECTION ( 'NONE',  ( 0.000000000000000000, 0.000000000000000000, 1.000000000000000000 ) ) ;
#6614 = DIRECTION ( 'NONE',  ( 0.000000000000000000, 1.000000000000000000, 3.061616997868383141E-16 ) ) ;
#6615 = VERTEX_POINT ( 'NONE', #7985 ) ;
#6616 = ADVANCED_FACE ( 'NONE', ( #11892 ), #524, .F. ) ;
#6617 = VECTOR ( 'NONE', #728, 1000.000000000000000 ) ;
#6618 = CIRCLE ( 'NONE', #11518, 0.2500000000000002220 ) ;
#6619 = EDGE_CURVE ( 'NONE', #5745, #876, #1422, .T. ) ;
#6620 = EDGE_LOOP ( 'NONE', ( #11458, #2167, #12384, #8897 ) ) ;
#6621 = DIRECTION ( 'NONE',  ( -0.000000000000000000, 1.000000000000000000, 3.061616997868383141E-16 ) ) ;
#6622 = LINE ( 'NONE', #12561, #8269 ) ;
#6623 = ORIENTED_EDGE ( 'NONE', *, *, #937, .T. ) ;
#6624 = LINE ( 'NONE', #4701, #61 ) ;
#6625 = CARTESIAN_POINT ( 'NONE',  ( 0.000000000000000000, 3.750000000000000000, 8.948518023597374693 ) ) ;
#6626 = CIRCLE ( 'NONE', #10503, 0.2500000000000002220 ) ;
#6627 = ADVANCED_FACE ( 'NONE', ( #7399 ), #12143, .F. ) ;
#6628 = EDGE_CURVE ( 'NONE', #2562, #1062, #750, .T. ) ;
#6629 = VERTEX_POINT ( 'NONE', #8494 ) ;
#6630 = AXIS2_PLACEMENT_3D ( 'NONE', #6236, #4248, #4129 ) ;
#6631 = AXIS2_PLACEMENT_3D ( 'NONE', #172, #2101, #8914 ) ;
#6632 = ORIENTED_EDGE ( 'NONE', *, *, #12663, .F. ) ;
#6633 = ORIENTED_EDGE ( 'NONE', *, *, #9650, .T. ) ;
#6634 = DIRECTION ( 'NONE',  ( 0.000000000000000000, -1.000000000000000000, -3.061616997868383141E-16 ) ) ;
#6635 = AXIS2_PLACEMENT_3D ( 'NONE', #3992, #7816, #1073 ) ;
#6636 = CARTESIAN_POINT ( 'NONE',  ( -15.20279579551089455, -80.41022924428168039, -15.20279579551065297 ) ) ;
#6637 = VERTEX_POINT ( 'NONE', #9200 ) ;
#6638 = DIRECTION ( 'NONE',  ( 0.000000000000000000, 1.000000000000000000, 3.061616997868382648E-16 ) ) ;
#6639 = DIRECTION ( 'NONE',  ( -0.000000000000000000, 1.000000000000000000, 3.061616997868383141E-16 ) ) ;
#6640 = VECTOR ( 'NONE', #5640, 1000.000000000000000 ) ;
#6641 = CARTESIAN_POINT ( 'NONE',  ( 0.000000000000000000, 24.19999999999999218, 19.24999999999998934 ) ) ;
#6642 = AXIS2_PLACEMENT_3D ( 'NONE', #4933, #12317, #3422 ) ;
#6643 = CARTESIAN_POINT ( 'NONE',  ( 16.70863817132489260, 45.20000000000000284, 13.53038840757147909 ) ) ;
#6644 = DIRECTION ( 'NONE',  ( -4.930380657631323784E-32, 1.000000000000000000, 3.061616997868382648E-16 ) ) ;
#6645 = CIRCLE ( 'NONE', #7259, 21.50000000000000000 ) ;
#6646 = ORIENTED_EDGE ( 'NONE', *, *, #4288, .T. ) ;
#6647 = VERTEX_POINT ( 'NONE', #2518 ) ;
#6648 = CIRCLE ( 'NONE', #279, 21.50000000000001066 ) ;
#6649 = VERTEX_POINT ( 'NONE', #6386 ) ;
#6650 = AXIS2_PLACEMENT_3D ( 'NONE', #408, #10110, #9018 ) ;
#6651 = DIRECTION ( 'NONE',  ( 0.000000000000000000, 0.000000000000000000, -1.000000000000000000 ) ) ;
#6652 = CARTESIAN_POINT ( 'NONE',  ( 13.53038840757140804, 45.19999999999998863, -16.70863817132492457 ) ) ;
#6653 = TOROIDAL_SURFACE ( 'NONE', #4409, 47.85087804878074280, 0.005000000000000000104 ) ;
#6654 = DIRECTION ( 'NONE',  ( 0.000000000000000000, 0.000000000000000000, -1.000000000000000000 ) ) ;
#6655 = ORIENTED_EDGE ( 'NONE', *, *, #3858, .F. ) ;
#6656 = DIRECTION ( 'NONE',  ( 0.000000000000000000, 0.000000000000000000, -1.000000000000000000 ) ) ;
#6657 = CARTESIAN_POINT ( 'NONE',  ( 0.9949999999999997735, -0.08699999999999999400, -2.799999999999999822 ) ) ;
#6658 = CARTESIAN_POINT ( 'NONE',  ( 16.86483603740599690, 45.19999999999998863, -13.33519049100585185 ) ) ;
#6659 = ORIENTED_EDGE ( 'NONE', *, *, #11658, .T. ) ;
#6660 = FACE_OUTER_BOUND ( 'NONE', #8358, .T. ) ;
#6661 = CIRCLE ( 'NONE', #8098, 21.50000000000001066 ) ;
#6662 = DIRECTION ( 'NONE',  ( 0.000000000000000000, 0.7071067811865464625, 0.7071067811865486830 ) ) ;
#6663 = ORIENTED_EDGE ( 'NONE', *, *, #4963, .F. ) ;
#6664 = EDGE_CURVE ( 'NONE', #8632, #2624, #4455, .T. ) ;
#6665 = EDGE_LOOP ( 'NONE', ( #11756, #8891 ) ) ;
#6666 = ORIENTED_EDGE ( 'NONE', *, *, #7629, .F. ) ;
#6667 = DIRECTION ( 'NONE',  ( 0.000000000000000000, 0.000000000000000000, 1.000000000000000000 ) ) ;
#6668 = DIRECTION ( 'NONE',  ( 0.000000000000000000, -3.227392513445220839E-16, 1.000000000000000000 ) ) ;
#6669 = CIRCLE ( 'NONE', #298, 21.50000000000000000 ) ;
#6670 = FACE_OUTER_BOUND ( 'NONE', #5734, .T. ) ;
#6671 = CARTESIAN_POINT ( 'NONE',  ( 0.000000000000000000, 87.50000000000001421, 3.730185188303422936E-15 ) ) ;
#6672 = CARTESIAN_POINT ( 'NONE',  ( 5.564609469704060452, 45.19999999999998863, -20.51740526521497898 ) ) ;
#6673 = ORIENTED_EDGE ( 'NONE', *, *, #2618, .F. ) ;
#6674 = CYLINDRICAL_SURFACE ( 'NONE', #1136, 21.50000000000000355 ) ;
#6675 = CARTESIAN_POINT ( 'NONE',  ( 9.537388008203910417, 45.19999999999998863, -19.26884090911975278 ) ) ;
#6676 = CARTESIAN_POINT ( 'NONE',  ( -17.24574565275901250, 45.19999999999998863, -12.83877941551860857 ) ) ;
#6677 = EDGE_CURVE ( 'NONE', #4013, #3981, #404, .T. ) ;
#6678 = EDGE_LOOP ( 'NONE', ( #2467, #5998 ) ) ;
#6679 = FACE_OUTER_BOUND ( 'NONE', #6462, .T. ) ;
#6680 = CARTESIAN_POINT ( 'NONE',  ( 0.000000000000000000, 87.50000000000001421, 3.730185188303422936E-15 ) ) ;
#6681 = ADVANCED_FACE ( 'NONE', ( #11250 ), #9443, .T. ) ;
#6682 = VERTEX_POINT ( 'NONE', #3616 ) ;
#6683 = AXIS2_PLACEMENT_3D ( 'NONE', #10504, #3585, #6477 ) ;
#6684 = ORIENTED_EDGE ( 'NONE', *, *, #11769, .F. ) ;
#6685 = CARTESIAN_POINT ( 'NONE',  ( -17.53963331177568463, 51.19999999999999574, -12.43427775499843513 ) ) ;
#6686 = DIRECTION ( 'NONE',  ( 0.000000000000000000, 0.000000000000000000, 1.000000000000000000 ) ) ;
#6687 = EDGE_CURVE ( 'NONE', #8759, #10111, #12389, .T. ) ;
#6688 = ORIENTED_EDGE ( 'NONE', *, *, #9142, .F. ) ;
#6689 = DIRECTION ( 'NONE',  ( 0.000000000000000000, 0.000000000000000000, 1.000000000000000000 ) ) ;
#6690 = CIRCLE ( 'NONE', #712, 16.01785065697083965 ) ;
#6691 = ADVANCED_FACE ( 'NONE', ( #11187 ), #9325, .T. ) ;
#6692 = ADVANCED_FACE ( 'NONE', ( #8306 ), #2460, .F. ) ;
#6693 = AXIS2_PLACEMENT_3D ( 'NONE', #2936, #9605, #10688 ) ;
#6694 = ORIENTED_EDGE ( 'NONE', *, *, #3845, .T. ) ;
#6695 = ORIENTED_EDGE ( 'NONE', *, *, #5265, .F. ) ;
#6696 = EDGE_LOOP ( 'NONE', ( #6737, #12252, #4949, #11983 ) ) ;
#6697 = DIRECTION ( 'NONE',  ( 0.000000000000000000, -1.000000000000000000, -3.061616997868383141E-16 ) ) ;
#6698 = DIRECTION ( 'NONE',  ( 0.000000000000000000, 0.000000000000000000, -1.000000000000000000 ) ) ;
#6699 = EDGE_LOOP ( 'NONE', ( #2948, #3235 ) ) ;
#6700 = AXIS2_PLACEMENT_3D ( 'NONE', #2008, #10672, #6656 ) ;
#6701 = EDGE_CURVE ( 'NONE', #2098, #3720, #950, .T. ) ;
#6702 = CYLINDRICAL_SURFACE ( 'NONE', #435, 21.50000000000000355 ) ;
#6703 = DIRECTION ( 'NONE',  ( 0.000000000000000000, 1.000000000000000000, 3.061616997868383141E-16 ) ) ;
#6704 = CARTESIAN_POINT ( 'NONE',  ( 20.07197916968979001, -80.41022924428168039, -7.704910915224060020 ) ) ;
#6705 = DIRECTION ( 'NONE',  ( -0.000000000000000000, 1.000000000000000000, 3.061616997868383141E-16 ) ) ;
#6706 = DIRECTION ( 'NONE',  ( 0.000000000000000000, 0.000000000000000000, 1.000000000000000000 ) ) ;
#6707 = ORIENTED_EDGE ( 'NONE', *, *, #11048, .T. ) ;
#6708 = CIRCLE ( 'NONE', #11627, 21.50000000000001066 ) ;
#6709 = ORIENTED_EDGE ( 'NONE', *, *, #10886, .T. ) ;
#6710 = CIRCLE ( 'NONE', #2594, 0.2500000000000002220 ) ;
#6711 = CARTESIAN_POINT ( 'NONE',  ( -1.998583757652899529, 45.19999999999998863, -21.40690689856073092 ) ) ;
#6712 = FACE_OUTER_BOUND ( 'NONE', #11966, .T. ) ;
#6713 = CARTESIAN_POINT ( 'NONE',  ( 0.000000000000000000, 45.20000000000000995, -9.220454712679835547E-15 ) ) ;
#6714 = EDGE_CURVE ( 'NONE', #7828, #7570, #3023, .T. ) ;
#6715 = DIRECTION ( 'NONE',  ( 0.000000000000000000, 0.000000000000000000, -1.000000000000000000 ) ) ;
#6716 = ORIENTED_EDGE ( 'NONE', *, *, #3683, .F. ) ;
#6717 = DIRECTION ( 'NONE',  ( 0.000000000000000000, 0.000000000000000000, 1.000000000000000000 ) ) ;
#6718 = AXIS2_PLACEMENT_3D ( 'NONE', #4142, #11813, #2192 ) ;
#6719 = CARTESIAN_POINT ( 'NONE',  ( -16.14381341971819239, 45.20000000000000284, 14.19955239679501346 ) ) ;
#6720 = DIRECTION ( 'NONE',  ( 0.000000000000000000, 0.000000000000000000, 1.000000000000000000 ) ) ;
#6721 = AXIS2_PLACEMENT_3D ( 'NONE', #8948, #8, #143 ) ;
#6722 = CARTESIAN_POINT ( 'NONE',  ( 21.27297168455582010, -80.41022924428168039, 3.116195710812394992 ) ) ;
#6723 = DIRECTION ( 'NONE',  ( 0.000000000000000000, 0.000000000000000000, -1.000000000000000000 ) ) ;
#6724 = VERTEX_POINT ( 'NONE', #7279 ) ;
#6725 = ORIENTED_EDGE ( 'NONE', *, *, #8957, .F. ) ;
#6726 = VECTOR ( 'NONE', #9763, 1000.000000000000000 ) ;
#6727 = ORIENTED_EDGE ( 'NONE', *, *, #3539, .T. ) ;
#6728 = CONICAL_SURFACE ( 'NONE', #6527, 15.39999999999999858, 0.7853981633974725929 ) ;
#6729 = DIRECTION ( 'NONE',  ( -0.000000000000000000, 1.000000000000000000, 3.061616997868383141E-16 ) ) ;
#6730 = DIRECTION ( 'NONE',  ( -0.000000000000000000, 1.000000000000000000, 3.061616997868383141E-16 ) ) ;
#6731 = CARTESIAN_POINT ( 'NONE',  ( -10.53277056407872081, -80.41022924428168039, -18.74328531086471727 ) ) ;
#6732 = DIRECTION ( 'NONE',  ( -0.000000000000000000, 1.000000000000000000, 3.061616997868383141E-16 ) ) ;
#6733 = ORIENTED_EDGE ( 'NONE', *, *, #921, .F. ) ;
#6734 = CARTESIAN_POINT ( 'NONE',  ( 11.70973925282297579, 51.19999999999999574, -18.03141721082665683 ) ) ;
#6735 = LINE ( 'NONE', #3718, #6964 ) ;
#6736 = DIRECTION ( 'NONE',  ( 0.000000000000000000, 0.000000000000000000, 1.000000000000000000 ) ) ;
#6737 = ORIENTED_EDGE ( 'NONE', *, *, #1116, .T. ) ;
#6738 = CARTESIAN_POINT ( 'NONE',  ( -8.972629143562418363, -80.41022924428168039, -19.53821706942818182 ) ) ;
#6739 = CIRCLE ( 'NONE', #2797, 0.2500000000000002220 ) ;
#6740 = CYLINDRICAL_SURFACE ( 'NONE', #11643, 0.2500000000000002220 ) ;
#6741 = CIRCLE ( 'NONE', #375, 47.84587804878074735 ) ;
#6742 = ORIENTED_EDGE ( 'NONE', *, *, #7307, .F. ) ;
#6743 = EDGE_CURVE ( 'NONE', #1018, #3263, #7466, .T. ) ;
#6744 = VERTEX_POINT ( 'NONE', #6509 ) ;
#6745 = DIRECTION ( 'NONE',  ( 0.000000000000000000, 0.000000000000000000, -1.000000000000000000 ) ) ;
#6746 = DIRECTION ( 'NONE',  ( -1.000000000000000000, 0.000000000000000000, 0.000000000000000000 ) ) ;
#6747 = CIRCLE ( 'NONE', #10020, 0.2500000000000002220 ) ;
#6748 = ORIENTED_EDGE ( 'NONE', *, *, #3755, .F. ) ;
#6749 = FACE_OUTER_BOUND ( 'NONE', #11662, .T. ) ;
#6750 = FACE_OUTER_BOUND ( 'NONE', #7445, .T. ) ;
#6751 = AXIS2_PLACEMENT_3D ( 'NONE', #12673, #3848, #6870 ) ;
#6752 = VERTEX_POINT ( 'NONE', #2396 ) ;
#6753 = VERTEX_POINT ( 'NONE', #1602 ) ;
#6754 = ADVANCED_FACE ( 'NONE', ( #6328 ), #5548, .T. ) ;
#6755 = ORIENTED_EDGE ( 'NONE', *, *, #2361, .F. ) ;
#6756 = LINE ( 'NONE', #4840, #1151 ) ;
#6757 = AXIS2_PLACEMENT_3D ( 'NONE', #8280, #561, #3521 ) ;
#6758 = DIRECTION ( 'NONE',  ( -0.000000000000000000, 1.000000000000000000, 3.061616997868383141E-16 ) ) ;
#6759 = VERTEX_POINT ( 'NONE', #2335 ) ;
#6760 = EDGE_CURVE ( 'NONE', #657, #12442, #10171, .T. ) ;
#6761 = VECTOR ( 'NONE', #11451, 1000.000000000000000 ) ;
#6762 = DIRECTION ( 'NONE',  ( 0.000000000000000000, 0.000000000000000000, 1.000000000000000000 ) ) ;
#6763 = CARTESIAN_POINT ( 'NONE',  ( 0.000000000000000000, 45.20000000000000995, -9.220454712679835547E-15 ) ) ;
#6764 = CARTESIAN_POINT ( 'NONE',  ( -1.000000000000000444, 0.08699999999999999400, -2.799999999999999822 ) ) ;
#6765 = CARTESIAN_POINT ( 'NONE',  ( 8.972629143562288689, 45.20000000000000284, 19.53821706942823155 ) ) ;
#6766 = CIRCLE ( 'NONE', #5945, 0.2500000000000002220 ) ;
#6767 = ORIENTED_EDGE ( 'NONE', *, *, #2376, .T. ) ;
#6768 = VERTEX_POINT ( 'NONE', #7584 ) ;
#6769 = CIRCLE ( 'NONE', #4937, 21.50000000000000000 ) ;
#6770 = EDGE_CURVE ( 'NONE', #9080, #8092, #5612, .T. ) ;
#6771 = DIRECTION ( 'NONE',  ( 0.000000000000000000, 0.000000000000000000, 1.000000000000000000 ) ) ;
#6772 = ORIENTED_EDGE ( 'NONE', *, *, #7375, .T. ) ;
#6773 = CARTESIAN_POINT ( 'NONE',  ( -14.38630803671525804, 51.20000000000000995, 15.97761374776415089 ) ) ;
#6774 = CARTESIAN_POINT ( 'NONE',  ( 20.36907980785160532, -80.41022924428168039, -6.881176337035097568 ) ) ;
#6775 = CARTESIAN_POINT ( 'NONE',  ( 0.9949999999999995515, 47.85087804878074280, 0.000000000000000000 ) ) ;
#6776 = ORIENTED_EDGE ( 'NONE', *, *, #173, .F. ) ;
#6777 = DIRECTION ( 'NONE',  ( 3.169619151431763709E-17, 0.9659258262890684232, -0.2588190451025204064 ) ) ;
#6778 = CARTESIAN_POINT ( 'NONE',  ( 0.000000000000000000, 51.20000000000000995, -7.383484513958806747E-15 ) ) ;
#6779 = CARTESIAN_POINT ( 'NONE',  ( -0.9990808744461358026, 0.07569946240214434074, -2.637300537597857097 ) ) ;
#6780 = CIRCLE ( 'NONE', #9630, 47.85087804878074280 ) ;
#6781 = CARTESIAN_POINT ( 'NONE',  ( -20.52358569366473162, -80.41022924428168039, -6.405656115871362744 ) ) ;
#6782 = CARTESIAN_POINT ( 'NONE',  ( -19.64122733931598574, -80.41022924428168039, -8.494837826129547409 ) ) ;
#6783 = ORIENTED_EDGE ( 'NONE', *, *, #10834, .T. ) ;
#6784 = VERTEX_POINT ( 'NONE', #6826 ) ;
#6785 = ADVANCED_FACE ( 'NONE', ( #12512 ), #2707, .F. ) ;
#6786 = EDGE_CURVE ( 'NONE', #11788, #4430, #7925, .T. ) ;
#6787 = ORIENTED_EDGE ( 'NONE', *, *, #8620, .T. ) ;
#6788 = CARTESIAN_POINT ( 'NONE',  ( 0.000000000000000000, 51.20000000000000995, -7.383484513958806747E-15 ) ) ;
#6789 = VECTOR ( 'NONE', #1883, 1000.000000000000000 ) ;
#6790 = CARTESIAN_POINT ( 'NONE',  ( -7.704910915223695866, 51.20000000000000995, 20.07197916968994633 ) ) ;
#6791 = CYLINDRICAL_SURFACE ( 'NONE', #6241, 0.2500000000000002220 ) ;
#6792 = DIRECTION ( 'NONE',  ( -0.000000000000000000, 1.000000000000000000, 3.061616997868383141E-16 ) ) ;
#6793 = EDGE_LOOP ( 'NONE', ( #6566, #6, #11617, #4919 ) ) ;
#6794 = FACE_OUTER_BOUND ( 'NONE', #3623, .T. ) ;
#6795 = CARTESIAN_POINT ( 'NONE',  ( 0.000000000000000000, 45.20000000000000995, -9.220454712679835547E-15 ) ) ;
#6796 = DIRECTION ( 'NONE',  ( -0.000000000000000000, 1.000000000000000000, 3.061616997868383141E-16 ) ) ;
#6797 = VERTEX_POINT ( 'NONE', #4776 ) ;
#6798 = DIRECTION ( 'NONE',  ( 2.465190328815661892E-32, 1.000000000000000000, 3.061616997868383634E-16 ) ) ;
#6799 = CARTESIAN_POINT ( 'NONE',  ( 0.000000000000000000, 8.699999999999999289, -2.039535675489943990E-14 ) ) ;
#6800 = ORIENTED_EDGE ( 'NONE', *, *, #2019, .F. ) ;
#6801 = CARTESIAN_POINT ( 'NONE',  ( 0.000000000000000000, 76.00000000000000000, 2.093256407547811404E-16 ) ) ;
#6802 = CARTESIAN_POINT ( 'NONE',  ( -15.20279579551089455, -80.41022924428168039, -14.95279579551065297 ) ) ;
#6803 = EDGE_LOOP ( 'NONE', ( #11613, #6383, #196, #5789 ) ) ;
#6804 = CARTESIAN_POINT ( 'NONE',  ( 0.000000000000000000, 45.20000000000000995, -9.220454712679835547E-15 ) ) ;
#6805 = VECTOR ( 'NONE', #1230, 1000.000000000000000 ) ;
#6806 = CARTESIAN_POINT ( 'NONE',  ( 15.97761374776399457, 51.20000000000000995, 14.38630803671543212 ) ) ;
#6807 = DIRECTION ( 'NONE',  ( 0.000000000000000000, -3.227392513445222318E-16, 1.000000000000000000 ) ) ;
#6808 = ORIENTED_EDGE ( 'NONE', *, *, #5588, .F. ) ;
#6809 = CARTESIAN_POINT ( 'NONE',  ( -17.39386537906121788, 45.20000000000000284, 12.63738292428837440 ) ) ;
#6810 = AXIS2_PLACEMENT_3D ( 'NONE', #606, #7358, #6662 ) ;
#6811 = DIRECTION ( 'NONE',  ( -0.000000000000000000, 1.000000000000000000, 3.061616997868383141E-16 ) ) ;
#6812 = ADVANCED_FACE ( 'NONE', ( #1740 ), #1668, .F. ) ;
#6813 = AXIS2_PLACEMENT_3D ( 'NONE', #2107, #3145, #3208 ) ;
#6814 = CIRCLE ( 'NONE', #2910, 0.2500000000000002220 ) ;
#6815 = CIRCLE ( 'NONE', #242, 0.2500000000000002220 ) ;
#6816 = ADVANCED_FACE ( 'NONE', ( #2836 ), #9769, .T. ) ;
#6817 = ORIENTED_EDGE ( 'NONE', *, *, #8501, .T. ) ;
#6818 = VERTEX_POINT ( 'NONE', #8801 ) ;
#6819 = ORIENTED_EDGE ( 'NONE', *, *, #8229, .T. ) ;
#6820 = CARTESIAN_POINT ( 'NONE',  ( 0.000000000000000000, 45.20000000000000995, -9.220454712679835547E-15 ) ) ;
#6821 = DIRECTION ( 'NONE',  ( -7.395570986446986770E-32, 1.000000000000000000, 3.061616997868383634E-16 ) ) ;
#6822 = ORIENTED_EDGE ( 'NONE', *, *, #7012, .T. ) ;
#6823 = AXIS2_PLACEMENT_3D ( 'NONE', #3318, #7235, #2356 ) ;
#6824 = CIRCLE ( 'NONE', #1268, 21.50000000000000000 ) ;
#6825 = CARTESIAN_POINT ( 'NONE',  ( -21.49854651162788954, -80.41022924428168039, 0.2499957747075989833 ) ) ;
#6827 = EDGE_CURVE ( 'NONE', #11160, #8702, #8953, .T. ) ;
#6826 = CARTESIAN_POINT ( 'NONE',  ( -13.72375690439608320, 45.19999999999998863, -16.55018116000667661 ) ) ;
#6828 = DIRECTION ( 'NONE',  ( 0.000000000000000000, 0.000000000000000000, 1.000000000000000000 ) ) ;
#6829 = EDGE_CURVE ( 'NONE', #1825, #4450, #10207, .T. ) ;
#6830 = DIRECTION ( 'NONE',  ( 0.000000000000000000, -3.227392513445222318E-16, 1.000000000000000000 ) ) ;
#6831 = EDGE_CURVE ( 'NONE', #4019, #1493, #5692, .T. ) ;
#6832 = ORIENTED_EDGE ( 'NONE', *, *, #12177, .T. ) ;
#6833 = CIRCLE ( 'NONE', #3543, 21.50000000000001066 ) ;
#6834 = CIRCLE ( 'NONE', #8470, 0.2500000000000002220 ) ;
#6835 = ORIENTED_EDGE ( 'NONE', *, *, #4539, .F. ) ;
#6836 = AXIS2_PLACEMENT_3D ( 'NONE', #11799, #6045, #3209 ) ;
#6837 = DIRECTION ( 'NONE',  ( 0.000000000000000000, 0.000000000000000000, -1.000000000000000000 ) ) ;
#6838 = ORIENTED_EDGE ( 'NONE', *, *, #9350, .F. ) ;
#6839 = DIRECTION ( 'NONE',  ( 0.000000000000000000, 0.000000000000000000, 1.000000000000000000 ) ) ;
#6840 = CARTESIAN_POINT ( 'NONE',  ( 15.20279579551078974, 51.20000000000000995, 15.20279579551075244 ) ) ;
#6841 = CARTESIAN_POINT ( 'NONE',  ( 17.39386537906138841, 51.20000000000000995, 12.63738292428814525 ) ) ;
#6842 = ORIENTED_EDGE ( 'NONE', *, *, #7958, .F. ) ;
#6843 = DIRECTION ( 'NONE',  ( 0.000000000000000000, 0.000000000000000000, 1.000000000000000000 ) ) ;
#6844 = AXIS2_PLACEMENT_3D ( 'NONE', #2999, #2934, #6859 ) ;
#6845 = LINE ( 'NONE', #1109, #552 ) ;
#6846 = CARTESIAN_POINT ( 'NONE',  ( 15.20279579551068316, -80.41022924428168039, -14.95279579551086613 ) ) ;
#6847 = EDGE_CURVE ( 'NONE', #12570, #8202, #548, .T. ) ;
#6848 = CARTESIAN_POINT ( 'NONE',  ( 2.247361960254553370, 51.20000000000000995, 21.38222075041788273 ) ) ;
#6849 = CARTESIAN_POINT ( 'NONE',  ( 0.000000000000000000, 45.20000000000000995, -9.220454712679835547E-15 ) ) ;
#6850 = ORIENTED_EDGE ( 'NONE', *, *, #2194, .F. ) ;
#6851 = ADVANCED_FACE ( 'NONE', ( #7648 ), #11620, .F. ) ;
#6852 = EDGE_LOOP ( 'NONE', ( #2133, #3101, #2487, #5985 ) ) ;
#6853 = AXIS2_PLACEMENT_3D ( 'NONE', #4091, #2205, #6004 ) ;
#6854 = CIRCLE ( 'NONE', #10729, 21.50000000000001066 ) ;
#6855 = CIRCLE ( 'NONE', #10941, 21.50000000000001066 ) ;
#6856 = VERTEX_POINT ( 'NONE', #10657 ) ;
#6857 = DIRECTION ( 'NONE',  ( 0.000000000000000000, 0.000000000000000000, 1.000000000000000000 ) ) ;
#6858 = CYLINDRICAL_SURFACE ( 'NONE', #9702, 0.2500000000000002220 ) ;
#6859 = DIRECTION ( 'NONE',  ( 0.000000000000000000, -3.227392513445220839E-16, 1.000000000000000000 ) ) ;
#6860 = ORIENTED_EDGE ( 'NONE', *, *, #4896, .F. ) ;
#6862 = EDGE_CURVE ( 'NONE', #6294, #657, #9117, .T. ) ;
#6861 = DIRECTION ( 'NONE',  ( 0.000000000000000000, 0.000000000000000000, 1.000000000000000000 ) ) ;
#6863 = AXIS2_PLACEMENT_3D ( 'NONE', #2849, #11508, #11628 ) ;
#6864 = LINE ( 'NONE', #10763, #1414 ) ;
#6865 = DIRECTION ( 'NONE',  ( 0.000000000000000000, -3.227392513445220839E-16, 1.000000000000000000 ) ) ;
#6866 = EDGE_CURVE ( 'NONE', #4883, #1988, #2811, .T. ) ;
#6867 = ORIENTED_EDGE ( 'NONE', *, *, #9747, .F. ) ;
#6868 = CIRCLE ( 'NONE', #8495, 21.50000000000000000 ) ;
#6869 = LINE ( 'NONE', #747, #977 ) ;
#6870 = DIRECTION ( 'NONE',  ( 0.000000000000000000, -3.061616997868383141E-16, 1.000000000000000000 ) ) ;
#6871 = ORIENTED_EDGE ( 'NONE', *, *, #10597, .F. ) ;
#6872 = AXIS2_PLACEMENT_3D ( 'NONE', #11037, #6173, #2371 ) ;
#6873 = DIRECTION ( 'NONE',  ( 0.000000000000000000, -3.227392513445220839E-16, 1.000000000000000000 ) ) ;
#6874 = DIRECTION ( 'NONE',  ( -6.162975822039154730E-33, 1.000000000000000000, 3.061616997868383141E-16 ) ) ;
#6875 = ORIENTED_EDGE ( 'NONE', *, *, #12597, .T. ) ;
#6876 = CARTESIAN_POINT ( 'NONE',  ( 0.000000000000000000, 75.00000000000000000, -9.683605903205802417E-17 ) ) ;
#6877 = CARTESIAN_POINT ( 'NONE',  ( 1.528749174549530834E-15, 3.750000000000005773, -8.948518023597419102 ) ) ;
#6878 = CARTESIAN_POINT ( 'NONE',  ( 20.44771510034580686, 45.19999999999998863, 6.643865379061326237 ) ) ;
#6879 = ORIENTED_EDGE ( 'NONE', *, *, #6862, .F. ) ;
#6880 = CARTESIAN_POINT ( 'NONE',  ( -19.04184949573530972, 51.19999999999999574, 9.982883740771740122 ) ) ;
#6881 = CARTESIAN_POINT ( 'NONE',  ( 16.14381341971849082, -80.41022924428169460, 14.19955239679462089 ) ) ;
#6882 = CARTESIAN_POINT ( 'NONE',  ( -0.9950000000000006617, -0.07763355007212036085, 2.635366449927879717 ) ) ;
#6883 = ADVANCED_FACE ( 'NONE', ( #7971 ), #757, .T. ) ;
#6884 = AXIS2_PLACEMENT_3D ( 'NONE', #11222, #10266, #2430 ) ;
#6885 = ORIENTED_EDGE ( 'NONE', *, *, #6186, .F. ) ;
#6886 = EDGE_LOOP ( 'NONE', ( #11673, #9760, #742, #4238 ) ) ;
#6887 = CIRCLE ( 'NONE', #6273, 0.2500000000000002220 ) ;
#6888 = EDGE_LOOP ( 'NONE', ( #2834, #10150, #6748, #8542 ) ) ;
#6889 = CARTESIAN_POINT ( 'NONE',  ( -18.74328531086481320, 51.19999999999999574, -10.53277056407853607 ) ) ;
#6890 = DIRECTION ( 'NONE',  ( -0.000000000000000000, 1.000000000000000000, 3.061616997868383141E-16 ) ) ;
#6891 = ORIENTED_EDGE ( 'NONE', *, *, #3564, .T. ) ;
#6892 = CARTESIAN_POINT ( 'NONE',  ( 21.08072873382964829, 51.19999999999999574, 4.225266388133285922 ) ) ;
#6893 = DIRECTION ( 'NONE',  ( 0.000000000000000000, -2.991412108253678048E-16, 1.000000000000000000 ) ) ;
#6894 = ADVANCED_FACE ( 'NONE', ( #2127 ), #11881, .F. ) ;
#6895 = CARTESIAN_POINT ( 'NONE',  ( -1.998583757652287574, 45.20000000000000284, 21.40690689856076290 ) ) ;
#6896 = DIRECTION ( 'NONE',  ( -0.000000000000000000, 1.000000000000000000, 3.061616997868383141E-16 ) ) ;
#6897 = VERTEX_POINT ( 'NONE', #6064 ) ;
#6898 = CARTESIAN_POINT ( 'NONE',  ( 20.44771510034576067, -80.41022924428168039, -6.643865379061475451 ) ) ;
#6899 = ORIENTED_EDGE ( 'NONE', *, *, #8014, .T. ) ;
#6900 = EDGE_LOOP ( 'NONE', ( #3591, #10984, #3040, #9318 ) ) ;
#6901 = AXIS2_PLACEMENT_3D ( 'NONE', #7553, #9661, #11467 ) ;
#6902 = DIRECTION ( 'NONE',  ( 0.000000000000000000, -3.227392513445222318E-16, 1.000000000000000000 ) ) ;
#6903 = EDGE_CURVE ( 'NONE', #7181, #8245, #9968, .T. ) ;
#6904 = ORIENTED_EDGE ( 'NONE', *, *, #4335, .F. ) ;
#6905 = FACE_OUTER_BOUND ( 'NONE', #3798, .T. ) ;
#6906 = FACE_OUTER_BOUND ( 'NONE', #11422, .T. ) ;
#6907 = VERTEX_POINT ( 'NONE', #1027 ) ;
#6908 = FACE_OUTER_BOUND ( 'NONE', #9927, .T. ) ;
#6909 = ADVANCED_FACE ( 'NONE', ( #10925 ), #1155, .T. ) ;
#6910 = LINE ( 'NONE', #3890, #2411 ) ;
#6911 = DIRECTION ( 'NONE',  ( -0.000000000000000000, 1.000000000000000000, 3.061616997868383141E-16 ) ) ;
#6912 = CARTESIAN_POINT ( 'NONE',  ( -15.97761374776409227, 51.19999999999999574, -14.38630803671529357 ) ) ;
#6913 = AXIS2_PLACEMENT_3D ( 'NONE', #7413, #9456, #10248 ) ;
#6914 = DIRECTION ( 'NONE',  ( 4.930380657631323784E-32, 1.000000000000000000, 3.061616997868380676E-16 ) ) ;
#6915 = ORIENTED_EDGE ( 'NONE', *, *, #10519, .T. ) ;
#6916 = ORIENTED_EDGE ( 'NONE', *, *, #9270, .T. ) ;
#6917 = ORIENTED_EDGE ( 'NONE', *, *, #4503, .F. ) ;
#6918 = EDGE_CURVE ( 'NONE', #6649, #752, #1995, .T. ) ;
#6919 = CARTESIAN_POINT ( 'NONE',  ( 0.000000000000000000, 51.20000000000000995, -7.383484513958806747E-15 ) ) ;
#6920 = AXIS2_PLACEMENT_3D ( 'NONE', #10104, #3181, #9072 ) ;
#6921 = LINE ( 'NONE', #1705, #6640 ) ;
#6922 = DIRECTION ( 'NONE',  ( 0.000000000000000000, 0.000000000000000000, 1.000000000000000000 ) ) ;
#6923 = ORIENTED_EDGE ( 'NONE', *, *, #6126, .F. ) ;
#6924 = DIRECTION ( 'NONE',  ( 0.000000000000000000, 0.000000000000000000, 1.000000000000000000 ) ) ;
#6925 = ADVANCED_FACE ( 'NONE', ( #3167 ), #7082, .F. ) ;
#6926 = DIRECTION ( 'NONE',  ( 0.000000000000000000, 0.000000000000000000, 1.000000000000000000 ) ) ;
#6927 = CARTESIAN_POINT ( 'NONE',  ( 0.000000000000000000, 45.20000000000000995, -9.220454712679835547E-15 ) ) ;
#6928 = ORIENTED_EDGE ( 'NONE', *, *, #11629, .T. ) ;
#6929 = CARTESIAN_POINT ( 'NONE',  ( 5.564609469704060452, 51.19999999999999574, -20.51740526521497543 ) ) ;
#6930 = FACE_OUTER_BOUND ( 'NONE', #2602, .T. ) ;
#6931 = EDGE_LOOP ( 'NONE', ( #1033, #7912, #12027, #2263 ) ) ;
#6932 = AXIS2_PLACEMENT_3D ( 'NONE', #10090, #4079, #8868 ) ;
#6933 = ORIENTED_EDGE ( 'NONE', *, *, #9551, .T. ) ;
#6934 = CIRCLE ( 'NONE', #4682, 0.2500000000000002220 ) ;
#6935 = DIRECTION ( 'NONE',  ( 3.697785493223493385E-32, 1.000000000000000000, 3.061616997868383141E-16 ) ) ;
#6936 = EDGE_CURVE ( 'NONE', #6615, #6091, #7130, .T. ) ;
#6937 = CARTESIAN_POINT ( 'NONE',  ( -7.937781193550342174, 45.19999999999998863, -19.98103174821854111 ) ) ;
#6938 = ORIENTED_EDGE ( 'NONE', *, *, #5599, .F. ) ;
#6939 = CARTESIAN_POINT ( 'NONE',  ( 0.000000000000000000, 51.20000000000000995, -7.383484513958806747E-15 ) ) ;
#6940 = CARTESIAN_POINT ( 'NONE',  ( -1.125223059222998367, 51.20000000000000995, 21.47053499722336056 ) ) ;
#6941 = CARTESIAN_POINT ( 'NONE',  ( -1.125223059223438904, 45.19999999999998863, -21.22053499722331082 ) ) ;
#6942 = ORIENTED_EDGE ( 'NONE', *, *, #11435, .F. ) ;
#6943 = DIRECTION ( 'NONE',  ( -0.000000000000000000, 1.000000000000000000, 3.061616997868383141E-16 ) ) ;
#6944 = CARTESIAN_POINT ( 'NONE',  ( 5.805710654484691702, 45.20000000000000284, 20.70129763556871438 ) ) ;
#6945 = CARTESIAN_POINT ( 'NONE',  ( -6.881176337035140200, 45.19999999999998863, -20.36907980785157335 ) ) ;
#6946 = AXIS2_PLACEMENT_3D ( 'NONE', #10860, #1094, #62 ) ;
#6947 = VERTEX_POINT ( 'NONE', #8033 ) ;
#6948 = ORIENTED_EDGE ( 'NONE', *, *, #11668, .F. ) ;
#6949 = EDGE_CURVE ( 'NONE', #3376, #12331, #10989, .T. ) ;
#6950 = AXIS2_PLACEMENT_3D ( 'NONE', #1378, #12347, #3576 ) ;
#6951 = EDGE_CURVE ( 'NONE', #8438, #8871, #7325, .T. ) ;
#6952 = ORIENTED_EDGE ( 'NONE', *, *, #10114, .T. ) ;
#6953 = CARTESIAN_POINT ( 'NONE',  ( 0.000000000000000000, 45.20000000000000995, -9.220454712679835547E-15 ) ) ;
#6954 = CARTESIAN_POINT ( 'NONE',  ( 0.000000000000000000, 45.20000000000000284, 20.49999999999999645 ) ) ;
#6955 = EDGE_LOOP ( 'NONE', ( #3343, #1158, #11611, #8331, #8926 ) ) ;
#6956 = CARTESIAN_POINT ( 'NONE',  ( -8.744837826129849390, 45.19999999999998863, -19.64122733931582943 ) ) ;
#6957 = CARTESIAN_POINT ( 'NONE',  ( 8.744837826129582936, 45.19999999999998863, -19.64122733931594311 ) ) ;
#6958 = DIRECTION ( 'NONE',  ( 0.000000000000000000, 0.000000000000000000, 1.000000000000000000 ) ) ;
#6959 = CYLINDRICAL_SURFACE ( 'NONE', #1223, 0.2500000000000002220 ) ;
#6960 = ORIENTED_EDGE ( 'NONE', *, *, #349, .T. ) ;
#6961 = EDGE_LOOP ( 'NONE', ( #11413, #9719, #7284, #8810 ) ) ;
#6962 = AXIS2_PLACEMENT_3D ( 'NONE', #12609, #7875, #9607 ) ;
#6963 = VERTEX_POINT ( 'NONE', #4208 ) ;
#6964 = VECTOR ( 'NONE', #7501, 1000.000000000000000 ) ;
#6965 = CARTESIAN_POINT ( 'NONE',  ( 15.20279579551068316, 51.19999999999999574, -15.20279579551082705 ) ) ;
#6966 = CIRCLE ( 'NONE', #1209, 0.2500000000000002220 ) ;
#6967 = VERTEX_POINT ( 'NONE', #3226 ) ;
#6968 = CARTESIAN_POINT ( 'NONE',  ( -2.247361960254262048, 51.20000000000000995, 21.38222075041791115 ) ) ;
#6969 = CARTESIAN_POINT ( 'NONE',  ( 1.224646799147353256E-15, 80.00000000000000000, -9.999999999999975131 ) ) ;
#6970 = CARTESIAN_POINT ( 'NONE',  ( 15.20279579551078974, 45.20000000000000284, 15.20279579551075066 ) ) ;
#6971 = VERTEX_POINT ( 'NONE', #12006 ) ;
#6972 = DIRECTION ( 'NONE',  ( 0.000000000000000000, 0.000000000000000000, -1.000000000000000000 ) ) ;
#6973 = VECTOR ( 'NONE', #758, 1000.000000000000000 ) ;
#6974 = DIRECTION ( 'NONE',  ( 0.000000000000000000, -3.227392513445222318E-16, 1.000000000000000000 ) ) ;
#6975 = AXIS2_PLACEMENT_3D ( 'NONE', #1690, #10426, #12528 ) ;
#6976 = DIRECTION ( 'NONE',  ( -0.000000000000000000, 1.000000000000000000, 3.061616997868383141E-16 ) ) ;
#6977 = DIRECTION ( 'NONE',  ( -0.000000000000000000, 1.000000000000000000, 3.061616997868383141E-16 ) ) ;
#6978 = DIRECTION ( 'NONE',  ( 0.000000000000000000, 0.000000000000000000, 1.000000000000000000 ) ) ;
#6979 = ORIENTED_EDGE ( 'NONE', *, *, #7387, .T. ) ;
#6980 = ADVANCED_FACE ( 'NONE', ( #4974 ), #60, .T. ) ;
#6981 = ORIENTED_EDGE ( 'NONE', *, *, #10499, .T. ) ;
#6982 = EDGE_CURVE ( 'NONE', #295, #11727, #12630, .T. ) ;
#6983 = ORIENTED_EDGE ( 'NONE', *, *, #10388, .T. ) ;
#6984 = CYLINDRICAL_SURFACE ( 'NONE', #11584, 0.2500000000000002220 ) ;
#6985 = CARTESIAN_POINT ( 'NONE',  ( -18.03141721082671367, -80.41022924428168039, -11.45973925282293848 ) ) ;
#6986 = AXIS2_PLACEMENT_3D ( 'NONE', #10233, #7586, #11684 ) ;
#6987 = CARTESIAN_POINT ( 'NONE',  ( 7.704910915223833534, -80.41022924428168039, -19.82197916968989304 ) ) ;
#6988 = ORIENTED_EDGE ( 'NONE', *, *, #8219, .F. ) ;
#6989 = LINE ( 'NONE', #352, #328 ) ;
#6990 = LINE ( 'NONE', #6093, #1615 ) ;
#6991 = CARTESIAN_POINT ( 'NONE',  ( 0.000000000000000000, 45.20000000000000995, -9.220454712679835547E-15 ) ) ;
#6992 = ORIENTED_EDGE ( 'NONE', *, *, #7011, .F. ) ;
#6993 = EDGE_CURVE ( 'NONE', #7013, #11183, #7946, .T. ) ;
#6994 = CARTESIAN_POINT ( 'NONE',  ( -19.15664027004999070, 51.19999999999999574, -9.760795744400050822 ) ) ;
#6995 = DIRECTION ( 'NONE',  ( 1.000000000000000000, 0.000000000000000000, 0.000000000000000000 ) ) ;
#6996 = ORIENTED_EDGE ( 'NONE', *, *, #9406, .T. ) ;
#6997 = EDGE_CURVE ( 'NONE', #2939, #276, #6320, .T. ) ;
#6998 = ORIENTED_EDGE ( 'NONE', *, *, #10176, .F. ) ;
#6999 = ADVANCED_FACE ( 'NONE', ( #9905 ), #1092, .T. ) ;
#7000 = EDGE_CURVE ( 'NONE', #1062, #2562, #11830, .T. ) ;
#7001 = FACE_OUTER_BOUND ( 'NONE', #6517, .T. ) ;
#7002 = LINE ( 'NONE', #3079, #4616 ) ;
#7003 = ORIENTED_EDGE ( 'NONE', *, *, #12141, .F. ) ;
#7004 = CARTESIAN_POINT ( 'NONE',  ( -6.881176337034560220, 51.20000000000000995, 20.36907980785178296 ) ) ;
#7005 = CARTESIAN_POINT ( 'NONE',  ( -1.000000000000000444, -0.07288794480800667164, 2.640112055191992990 ) ) ;
#7006 = DIRECTION ( 'NONE',  ( 0.000000000000000000, 0.000000000000000000, 1.000000000000000000 ) ) ;
#7007 = VERTEX_POINT ( 'NONE', #322 ) ;
#7008 = DIRECTION ( 'NONE',  ( 4.930380657631323784E-32, 1.000000000000000000, 3.061616997868382648E-16 ) ) ;
#7009 = FACE_OUTER_BOUND ( 'NONE', #11854, .T. ) ;
#7010 = CARTESIAN_POINT ( 'NONE',  ( 11.70973925282309835, 45.20000000000000284, 18.03141721082660709 ) ) ;
#7011 = EDGE_CURVE ( 'NONE', #8438, #9230, #3026, .T. ) ;
#7012 = EDGE_CURVE ( 'NONE', #88, #12309, #10277, .T. ) ;
#7013 = VERTEX_POINT ( 'NONE', #448 ) ;
#7014 = CIRCLE ( 'NONE', #10483, 21.50000000000000000 ) ;
#7015 = ORIENTED_EDGE ( 'NONE', *, *, #11011, .F. ) ;
#7016 = CYLINDRICAL_SURFACE ( 'NONE', #4262, 0.2500000000000002220 ) ;
#7017 = DIRECTION ( 'NONE',  ( -0.000000000000000000, 1.000000000000000000, 3.061616997868383141E-16 ) ) ;
#7018 = ORIENTED_EDGE ( 'NONE', *, *, #5226, .T. ) ;
#7019 = CARTESIAN_POINT ( 'NONE',  ( -19.98103174821877204, 51.19999999999999574, -7.937781193549837688 ) ) ;
#7020 = CARTESIAN_POINT ( 'NONE',  ( -1.000000000000000444, 0.08699999999999999400, 2.799999999999999822 ) ) ;
#7021 = EDGE_CURVE ( 'NONE', #7570, #2038, #574, .T. ) ;
#7022 = FACE_OUTER_BOUND ( 'NONE', #4132, .T. ) ;
#7023 = VECTOR ( 'NONE', #2848, 1000.000000000000000 ) ;
#7024 = EDGE_CURVE ( 'NONE', #11221, #5876, #7198, .T. ) ;
#7025 = CIRCLE ( 'NONE', #7213, 21.50000000000000000 ) ;
#7026 = ORIENTED_EDGE ( 'NONE', *, *, #1090, .T. ) ;
#7027 = ORIENTED_EDGE ( 'NONE', *, *, #9686, .F. ) ;
#7028 = AXIS2_PLACEMENT_3D ( 'NONE', #8756, #3702, #10620 ) ;
#7029 = CARTESIAN_POINT ( 'NONE',  ( -1.125223059223438904, -80.41022924428168039, -21.47053499722334990 ) ) ;
#7030 = CARTESIAN_POINT ( 'NONE',  ( -19.26884090911975278, 51.19999999999999574, -9.537388008203979695 ) ) ;
#7031 = VECTOR ( 'NONE', #9069, 1000.000000000000000 ) ;
#7032 = EDGE_LOOP ( 'NONE', ( #8049, #9727, #7015, #5422 ) ) ;
#7033 = DIRECTION ( 'NONE',  ( 9.244463733058733463E-33, 1.000000000000000000, 3.061616997868383634E-16 ) ) ;
#7034 = DIRECTION ( 'NONE',  ( 0.000000000000000000, 0.000000000000000000, 1.000000000000000000 ) ) ;
#7035 = ORIENTED_EDGE ( 'NONE', *, *, #5242, .T. ) ;
#7036 = CYLINDRICAL_SURFACE ( 'NONE', #11007, 0.2500000000000002220 ) ;
#7037 = CARTESIAN_POINT ( 'NONE',  ( -8.972629143562418363, 45.19999999999998863, -19.53821706942814274 ) ) ;
#7038 = CARTESIAN_POINT ( 'NONE',  ( -0.9974093761798016322, 0.07704621178234892509, -2.635953788217653138 ) ) ;
#7039 = EDGE_CURVE ( 'NONE', #7928, #6647, #5902, .T. ) ;
#7040 = CARTESIAN_POINT ( 'NONE',  ( 16.14381341971849082, 45.20000000000000284, 14.19955239679465819 ) ) ;
#7041 = CIRCLE ( 'NONE', #12342, 0.2500000000000002220 ) ;
#7042 = CYLINDRICAL_SURFACE ( 'NONE', #6437, 21.50000000000000355 ) ;
#7043 = ORIENTED_EDGE ( 'NONE', *, *, #4945, .T. ) ;
#7044 = ORIENTED_EDGE ( 'NONE', *, *, #6354, .F. ) ;
#7045 = VECTOR ( 'NONE', #9952, 1000.000000000000000 ) ;
#7046 = VERTEX_POINT ( 'NONE', #5416 ) ;
#7047 = CIRCLE ( 'NONE', #10710, 0.2500000000000002220 ) ;
#7048 = CARTESIAN_POINT ( 'NONE',  ( 14.57111852952472653, 45.20000000000000284, 15.80925377108423291 ) ) ;
#7049 = DIRECTION ( 'NONE',  ( 0.000000000000000000, 0.000000000000000000, 1.000000000000000000 ) ) ;
#7050 = AXIS2_PLACEMENT_3D ( 'NONE', #2678, #3782, #1707 ) ;
#7051 = FACE_BOUND ( 'NONE', #4772, .T. ) ;
#7052 = ORIENTED_EDGE ( 'NONE', *, *, #781, .T. ) ;
#7053 = CARTESIAN_POINT ( 'NONE',  ( 21.08072873382963053, 51.19999999999999574, -4.225266388133399609 ) ) ;
#7054 = DIRECTION ( 'NONE',  ( 0.000000000000000000, 0.000000000000000000, 1.000000000000000000 ) ) ;
#7055 = CARTESIAN_POINT ( 'NONE',  ( -17.89404075541347794, 45.20000000000000284, 11.91861172467671359 ) ) ;
#7056 = CARTESIAN_POINT ( 'NONE',  ( 0.9998015137294511412, 0.08343150025756081167, 2.796431500257561265 ) ) ;
#7057 = DIRECTION ( 'NONE',  ( -9.860761315262647568E-32, 1.000000000000000000, 3.061616997868382648E-16 ) ) ;
#7058 = VERTEX_POINT ( 'NONE', #1531 ) ;
#7059 = AXIS2_PLACEMENT_3D ( 'NONE', #6333, #11311, #1673 ) ;
#7060 = EDGE_LOOP ( 'NONE', ( #8313, #3841, #4527, #4052 ) ) ;
#7061 = CIRCLE ( 'NONE', #3792, 0.2500000000000002220 ) ;
#7062 = CARTESIAN_POINT ( 'NONE',  ( -0.9978812173038357214, 0.07679992410463616637, -2.636200075895367423 ) ) ;
#7063 = DIRECTION ( 'NONE',  ( 0.000000000000000000, 0.000000000000000000, 1.000000000000000000 ) ) ;
#7064 = AXIS2_PLACEMENT_3D ( 'NONE', #6280, #9212, #8252 ) ;
#7065 = ORIENTED_EDGE ( 'NONE', *, *, #6677, .T. ) ;
#7066 = DIRECTION ( 'NONE',  ( 0.000000000000000000, 0.000000000000000000, 1.000000000000000000 ) ) ;
#7067 = ADVANCED_FACE ( 'NONE', ( #8226 ), #1347, .F. ) ;
#7068 = FILL_AREA_STYLE ('',( #11923 ) ) ;
#7069 = LINE ( 'NONE', #10972, #1081 ) ;
#7070 = ORIENTED_EDGE ( 'NONE', *, *, #2446, .T. ) ;
#7071 = DIRECTION ( 'NONE',  ( -0.000000000000000000, 1.000000000000000000, 3.061616997868383141E-16 ) ) ;
#7072 = VECTOR ( 'NONE', #9638, 1000.000000000000000 ) ;
#7073 = CARTESIAN_POINT ( 'NONE',  ( 0.9999999999999995559, -47.85087804878074280, 0.000000000000000000 ) ) ;
#7074 = ADVANCED_FACE ( 'NONE', ( #1593 ), #5295, .T. ) ;
#7075 = ORIENTED_EDGE ( 'NONE', *, *, #8489, .F. ) ;
#7076 = CARTESIAN_POINT ( 'NONE',  ( -0.9950000000000006617, -0.07763355007212383030, 2.635366449927876165 ) ) ;
#7077 = EDGE_CURVE ( 'NONE', #6335, #1035, #4452, .T. ) ;
#7078 = CARTESIAN_POINT ( 'NONE',  ( 0.9999999999999995559, 0.08699999999999999400, -2.799999999999999822 ) ) ;
#7079 = ORIENTED_EDGE ( 'NONE', *, *, #3619, .T. ) ;
#7080 = VECTOR ( 'NONE', #12420, 1000.000000000000000 ) ;
#7081 = CARTESIAN_POINT ( 'NONE',  ( -1.000000000000000444, 0.07288794480801003006, -2.640112055191992990 ) ) ;
#7082 = CYLINDRICAL_SURFACE ( 'NONE', #2406, 0.2500000000000002220 ) ;
#7083 = EDGE_CURVE ( 'NONE', #1445, #1925, #3432, .T. ) ;
#7084 = DIRECTION ( 'NONE',  ( 0.000000000000000000, -1.000000000000000000, -3.061616997868383141E-16 ) ) ;
#7085 = ORIENTED_EDGE ( 'NONE', *, *, #3524, .T. ) ;
#7086 = ORIENTED_EDGE ( 'NONE', *, *, #304, .T. ) ;
#7087 = VECTOR ( 'NONE', #5458, 1000.000000000000000 ) ;
#7088 = EDGE_CURVE ( 'NONE', #1855, #4430, #12254, .T. ) ;
#7089 = CARTESIAN_POINT ( 'NONE',  ( 0.9999999999999995559, 0.07288794480800786513, -2.640112055191994322 ) ) ;
#7090 = DIRECTION ( 'NONE',  ( 4.930380657631323784E-32, 1.000000000000000000, 3.061616997868383141E-16 ) ) ;
#7091 = ADVANCED_FACE ( 'NONE', ( #3538 ), #10219, .T. ) ;
#7092 = ORIENTED_EDGE ( 'NONE', *, *, #1863, .F. ) ;
#7093 = DIRECTION ( 'NONE',  ( 0.000000000000000000, -1.000000000000000000, -3.061616997868383141E-16 ) ) ;
#7094 = CARTESIAN_POINT ( 'NONE',  ( 12.63738292428807419, 45.19999999999998863, -17.39386537906141328 ) ) ;
#7095 = CARTESIAN_POINT ( 'NONE',  ( -7.937781193549771075, 51.20000000000000995, 19.98103174821878980 ) ) ;
#7096 = DIRECTION ( 'NONE',  ( -0.000000000000000000, 1.000000000000000000, 3.061616997868383141E-16 ) ) ;
#7097 = DIRECTION ( 'NONE',  ( 0.000000000000000000, 0.000000000000000000, 1.000000000000000000 ) ) ;
#7098 = CYLINDRICAL_SURFACE ( 'NONE', #9425, 0.2500000000000002220 ) ;
#7099 = DIRECTION ( 'NONE',  ( -0.000000000000000000, 1.000000000000000000, 3.061616997868383141E-16 ) ) ;
#7100 = ORIENTED_EDGE ( 'NONE', *, *, #7012, .F. ) ;
#7101 = ORIENTED_EDGE ( 'NONE', *, *, #4136, .T. ) ;
#7102 = CIRCLE ( 'NONE', #1538, 21.50000000000000000 ) ;
#7103 = ORIENTED_EDGE ( 'NONE', *, *, #4260, .T. ) ;
#7104 = ADVANCED_FACE ( 'NONE', ( #4266 ), #8151, .T. ) ;
#7105 = DIRECTION ( 'NONE',  ( 0.000000000000000000, 0.000000000000000000, 1.000000000000000000 ) ) ;
#7106 = DIRECTION ( 'NONE',  ( 0.000000000000000000, 0.000000000000000000, -1.000000000000000000 ) ) ;
#7107 = DIRECTION ( 'NONE',  ( 0.000000000000000000, -1.000000000000000000, -3.061616997868383141E-16 ) ) ;
#7108 = ORIENTED_EDGE ( 'NONE', *, *, #1339, .F. ) ;
#7109 = CARTESIAN_POINT ( 'NONE',  ( -17.89404075541347794, -80.41022924428169460, 11.91861172467667629 ) ) ;
#7110 = AXIS2_PLACEMENT_3D ( 'NONE', #658, #8506, #5444 ) ;
#7111 = DIRECTION ( 'NONE',  ( -7.395570986446986770E-32, 1.000000000000000000, 3.061616997868382648E-16 ) ) ;
#7112 = PLANE ( 'NONE',  #7979 ) ;
#7113 = ORIENTED_EDGE ( 'NONE', *, *, #6202, .T. ) ;
#7114 = DIRECTION ( 'NONE',  ( 1.000000000000000000, -0.000000000000000000, -0.000000000000000000 ) ) ;
#7115 = CARTESIAN_POINT ( 'NONE',  ( -15.37854173158988402, -80.41022924428169460, 15.02499431646305617 ) ) ;
#7116 = EDGE_LOOP ( 'NONE', ( #2203, #9430, #4989, #1761 ) ) ;
#7117 = ORIENTED_EDGE ( 'NONE', *, *, #7307, .T. ) ;
#7118 = CIRCLE ( 'NONE', #7318, 21.50000000000001066 ) ;
#7119 = AXIS2_PLACEMENT_3D ( 'NONE', #9260, #1359, #12205 ) ;
#7120 = CYLINDRICAL_SURFACE ( 'NONE', #4781, 0.2500000000000002220 ) ;
#7121 = EDGE_CURVE ( 'NONE', #6144, #5206, #10594, .T. ) ;
#7122 = DIRECTION ( 'NONE',  ( 1.232595164407830946E-32, 1.000000000000000000, 3.061616997868383141E-16 ) ) ;
#7123 = VERTEX_POINT ( 'NONE', #3286 ) ;
#7124 = CARTESIAN_POINT ( 'NONE',  ( 0.000000000000000000, 87.50000000000001421, 3.730185188303422936E-15 ) ) ;
#7125 = PRESENTATION_STYLE_ASSIGNMENT (( #11991 ) ) ;
#7126 = DIRECTION ( 'NONE',  ( -0.000000000000000000, 1.000000000000000000, 3.061616997868383141E-16 ) ) ;
#7127 = VERTEX_POINT ( 'NONE', #11106 ) ;
#7128 = DIRECTION ( 'NONE',  ( -1.848892746611746693E-32, 1.000000000000000000, 3.061616997868381662E-16 ) ) ;
#7129 = DIRECTION ( 'NONE',  ( -0.000000000000000000, 1.000000000000000000, 3.061616997868383141E-16 ) ) ;
#7130 = CIRCLE ( 'NONE', #8554, 16.76785065697083965 ) ;
#7131 = EDGE_CURVE ( 'NONE', #6545, #4738, #7388, .T. ) ;
#7132 = EDGE_CURVE ( 'NONE', #8515, #4042, #4271, .T. ) ;
#7133 = AXIS2_PLACEMENT_3D ( 'NONE', #3234, #12135, #4217 ) ;
#7134 = ORIENTED_EDGE ( 'NONE', *, *, #11253, .T. ) ;
#7135 = FACE_OUTER_BOUND ( 'NONE', #3881, .T. ) ;
#7136 = CARTESIAN_POINT ( 'NONE',  ( -1.000000000000000444, -0.08167987200253390423, -2.794679872002534093 ) ) ;
#7137 = VECTOR ( 'NONE', #8107, 1000.000000000000000 ) ;
#7138 = ORIENTED_EDGE ( 'NONE', *, *, #6130, .T. ) ;
#7139 = DIRECTION ( 'NONE',  ( 0.000000000000000000, -3.248981738798774652E-16, 1.000000000000000000 ) ) ;
#7140 = CARTESIAN_POINT ( 'NONE',  ( 0.000000000000000000, 70.04536989052154183, -1.613754035165033947E-15 ) ) ;
#7141 = DIRECTION ( 'NONE',  ( -0.000000000000000000, 1.000000000000000000, 3.061616997868383141E-16 ) ) ;
#7142 = CARTESIAN_POINT ( 'NONE',  ( -21.23529932279548049, 45.19999999999998863, -3.363340998364744650 ) ) ;
#7143 = EDGE_LOOP ( 'NONE', ( #1000, #9502, #7740, #9408 ) ) ;
#7144 = EDGE_CURVE ( 'NONE', #7506, #1084, #347, .T. ) ;
#7145 = AXIS2_PLACEMENT_3D ( 'NONE', #9401, #5326, #6403 ) ;
#7146 = ORIENTED_EDGE ( 'NONE', *, *, #11916, .T. ) ;
#7147 = DIRECTION ( 'NONE',  ( 0.000000000000000000, 0.000000000000000000, -1.000000000000000000 ) ) ;
#7148 = CARTESIAN_POINT ( 'NONE',  ( 15.20279579551068316, 51.19999999999999574, -14.95279579551082705 ) ) ;
#7149 = ORIENTED_EDGE ( 'NONE', *, *, #5069, .F. ) ;
#7150 = DIRECTION ( 'NONE',  ( 0.000000000000000000, -1.000000000000000000, -3.061616997868383141E-16 ) ) ;
#7151 = LINE ( 'NONE', #2395, #8095 ) ;
#7152 = CARTESIAN_POINT ( 'NONE',  ( -20.97677464539633974, 51.19999999999999574, -4.714331922580038636 ) ) ;
#7153 = LINE ( 'NONE', #9262, #9568 ) ;
#7154 = DIRECTION ( 'NONE',  ( -0.000000000000000000, 1.000000000000000000, 3.061616997868383141E-16 ) ) ;
#7155 = DIRECTION ( 'NONE',  ( 0.000000000000000000, 0.000000000000000000, 1.000000000000000000 ) ) ;
#7156 = ORIENTED_EDGE ( 'NONE', *, *, #11484, .T. ) ;
#7157 = EDGE_CURVE ( 'NONE', #5203, #6752, #2208, .T. ) ;
#7158 = ORIENTED_EDGE ( 'NONE', *, *, #2561, .F. ) ;
#7159 = ORIENTED_EDGE ( 'NONE', *, *, #3410, .T. ) ;
#7160 = DIRECTION ( 'NONE',  ( 0.000000000000000000, 0.000000000000000000, -1.000000000000000000 ) ) ;
#7161 = DIRECTION ( 'NONE',  ( -0.000000000000000000, 1.000000000000000000, 3.061616997868383141E-16 ) ) ;
#7162 = AXIS2_PLACEMENT_3D ( 'NONE', #5916, #1205, #243 ) ;
#7163 = DIRECTION ( 'NONE',  ( -0.000000000000000000, 1.000000000000000000, 3.061616997868383141E-16 ) ) ;
#7164 = VERTEX_POINT ( 'NONE', #5355 ) ;
#7165 = DIRECTION ( 'NONE',  ( -0.000000000000000000, 1.000000000000000000, 3.061616997868383141E-16 ) ) ;
#7166 = FACE_OUTER_BOUND ( 'NONE', #123, .T. ) ;
#7167 = CARTESIAN_POINT ( 'NONE',  ( 0.000000000000000000, 74.75000000000000000, -18.24999999999999645 ) ) ;
#7168 = AXIS2_PLACEMENT_3D ( 'NONE', #11325, #12345, #484 ) ;
#7169 = ORIENTED_EDGE ( 'NONE', *, *, #5052, .F. ) ;
#7170 = DIRECTION ( 'NONE',  ( 9.860761315262647568E-32, 1.000000000000000000, 3.061616997868382648E-16 ) ) ;
#7171 = DIRECTION ( 'NONE',  ( 0.000000000000000000, 0.000000000000000000, 1.000000000000000000 ) ) ;
#7172 = ORIENTED_EDGE ( 'NONE', *, *, #10031, .F. ) ;
#7173 = ADVANCED_FACE ( 'NONE', ( #8636 ), #8941, .F. ) ;
#7174 = EDGE_CURVE ( 'NONE', #7175, #6494, #6114, .T. ) ;
#7175 = VERTEX_POINT ( 'NONE', #735 ) ;
#7176 = VECTOR ( 'NONE', #2854, 1000.000000000000000 ) ;
#7177 = EDGE_LOOP ( 'NONE', ( #6659, #4897, #11563, #9655 ) ) ;
#7178 = DIRECTION ( 'NONE',  ( -7.395570986446986770E-32, 1.000000000000000000, 3.061616997868381169E-16 ) ) ;
#7179 = CIRCLE ( 'NONE', #2651, 0.2500000000000002220 ) ;
#7180 = CARTESIAN_POINT ( 'NONE',  ( 21.19475577399852995, 45.19999999999998863, 3.610031534565363742 ) ) ;
#7181 = VERTEX_POINT ( 'NONE', #2978 ) ;
#7182 = DIRECTION ( 'NONE',  ( 0.000000000000000000, -1.000000000000000000, -3.061616997868383141E-16 ) ) ;
#7183 = FACE_OUTER_BOUND ( 'NONE', #10743, .T. ) ;
#7184 = ORIENTED_EDGE ( 'NONE', *, *, #3154, .F. ) ;
#7185 = CARTESIAN_POINT ( 'NONE',  ( -15.02499431646302774, -80.41022924428168039, -15.37854173158995863 ) ) ;
#7186 = DIRECTION ( 'NONE',  ( -0.000000000000000000, 1.000000000000000000, 3.061616997868383141E-16 ) ) ;
#7187 = DIRECTION ( 'NONE',  ( 0.000000000000000000, -1.000000000000000000, -3.061616997868383141E-16 ) ) ;
#7188 = DIRECTION ( 'NONE',  ( 0.000000000000000000, 0.000000000000000000, 1.000000000000000000 ) ) ;
#7189 = CIRCLE ( 'NONE', #11677, 0.2500000000000002220 ) ;
#7190 = EDGE_CURVE ( 'NONE', #3099, #190, #4893, .T. ) ;
#7191 = VERTEX_POINT ( 'NONE', #3946 ) ;
#7192 = DIRECTION ( 'NONE',  ( -0.000000000000000000, 1.000000000000000000, 3.061616997868383141E-16 ) ) ;
#7193 = DIRECTION ( 'NONE',  ( -0.000000000000000000, 1.000000000000000000, 3.061616997868383141E-16 ) ) ;
#7194 = VERTEX_POINT ( 'NONE', #7030 ) ;
#7195 = EDGE_CURVE ( 'NONE', #1533, #3027, #563, .T. ) ;
#7196 = CARTESIAN_POINT ( 'NONE',  ( -12.83877941551902957, 45.19999999999998863, -17.24574565275865012 ) ) ;
#7197 = DIRECTION ( 'NONE',  ( -0.000000000000000000, 1.000000000000000000, 3.061616997868383141E-16 ) ) ;
#7198 = LINE ( 'NONE', #3417, #9369 ) ;
#7199 = CARTESIAN_POINT ( 'NONE',  ( 0.000000000000000000, 45.20000000000000995, -9.220454712679835547E-15 ) ) ;
#7200 = VERTEX_POINT ( 'NONE', #6601 ) ;
#7201 = VERTEX_POINT ( 'NONE', #6071 ) ;
#7202 = AXIS2_PLACEMENT_3D ( 'NONE', #9642, #2909, #6837 ) ;
#7203 = DIRECTION ( 'NONE',  ( -6.162975822039154730E-33, 1.000000000000000000, 3.061616997868383141E-16 ) ) ;
#7204 = FACE_OUTER_BOUND ( 'NONE', #7980, .T. ) ;
#7205 = ORIENTED_EDGE ( 'NONE', *, *, #11028, .T. ) ;
#7206 = DIRECTION ( 'NONE',  ( 4.930380657631323784E-32, 1.000000000000000000, 3.061616997868382155E-16 ) ) ;
#7207 = AXIS2_PLACEMENT_3D ( 'NONE', #8396, #7429, #2301 ) ;
#7208 = DIRECTION ( 'NONE',  ( 9.860761315262647568E-32, 1.000000000000000000, 3.061616997868382648E-16 ) ) ;
#7209 = ADVANCED_FACE ( 'NONE', ( #9850 ), #10502, .F. ) ;
#7210 = EDGE_CURVE ( 'NONE', #11054, #2393, #1581, .T. ) ;
#7211 = DIRECTION ( 'NONE',  ( 0.000000000000000000, 0.000000000000000000, 1.000000000000000000 ) ) ;
#7212 = CARTESIAN_POINT ( 'NONE',  ( 18.16635567040257726, 45.20000000000000284, 11.49928352796085740 ) ) ;
#7213 = AXIS2_PLACEMENT_3D ( 'NONE', #8877, #11757, #6902 ) ;
#7214 = CARTESIAN_POINT ( 'NONE',  ( 0.2499957747072304171, 51.19999999999999574, 21.49854651162790020 ) ) ;
#7215 = LINE ( 'NONE', #7923, #11268 ) ;
#7216 = DIRECTION ( 'NONE',  ( 0.000000000000000000, 0.000000000000000000, 1.000000000000000000 ) ) ;
#7217 = APPLICATION_CONTEXT ( 'automotive_design' ) ;
#7218 = ORIENTED_EDGE ( 'NONE', *, *, #9793, .F. ) ;
#7219 = AXIS2_PLACEMENT_3D ( 'NONE', #11636, #10676, #9461 ) ;
#7220 = VERTEX_POINT ( 'NONE', #7148 ) ;
#7221 = AXIS2_PLACEMENT_3D ( 'NONE', #12335, #783, #4725 ) ;
#7222 = CIRCLE ( 'NONE', #12304, 21.50000000000000000 ) ;
#7223 = VERTEX_POINT ( 'NONE', #265 ) ;
#7224 = DIRECTION ( 'NONE',  ( -0.000000000000000000, 1.000000000000000000, 3.061616997868383141E-16 ) ) ;
#7225 = LINE ( 'NONE', #10243, #9711 ) ;
#7226 = EDGE_CURVE ( 'NONE', #11645, #9863, #4340, .T. ) ;
#7227 = DIRECTION ( 'NONE',  ( 0.000000000000000000, 0.000000000000000000, 1.000000000000000000 ) ) ;
#7228 = ORIENTED_EDGE ( 'NONE', *, *, #8876, .T. ) ;
#7229 = DIRECTION ( 'NONE',  ( 0.000000000000000000, -3.227392513445220839E-16, 1.000000000000000000 ) ) ;
#7230 = CIRCLE ( 'NONE', #7627, 0.2500000000000002220 ) ;
#7231 = AXIS2_PLACEMENT_3D ( 'NONE', #6326, #7093, #4148 ) ;
#7232 = DIRECTION ( 'NONE',  ( 0.000000000000000000, 0.000000000000000000, 1.000000000000000000 ) ) ;
#7233 = DIRECTION ( 'NONE',  ( 0.000000000000000000, -1.000000000000000000, -3.061616997868383141E-16 ) ) ;
#7234 = ORIENTED_EDGE ( 'NONE', *, *, #147, .T. ) ;
#7235 = DIRECTION ( 'NONE',  ( -0.000000000000000000, 1.000000000000000000, 3.061616997868383141E-16 ) ) ;
#7236 = ADVANCED_FACE ( 'NONE', ( #7204 ), #2202, .F. ) ;
#7237 = DIRECTION ( 'NONE',  ( 0.000000000000000000, -3.103659815676441484E-16, 1.000000000000000000 ) ) ;
#7238 = ORIENTED_EDGE ( 'NONE', *, *, #11544, .T. ) ;
#7239 = ORIENTED_EDGE ( 'NONE', *, *, #11065, .F. ) ;
#7240 = AXIS2_PLACEMENT_3D ( 'NONE', #1634, #2427, #10320 ) ;
#7241 = AXIS2_PLACEMENT_3D ( 'NONE', #3011, #1067, #1003 ) ;
#7242 = AXIS2_PLACEMENT_3D ( 'NONE', #5351, #10396, #2315 ) ;
#7243 = AXIS2_PLACEMENT_3D ( 'NONE', #369, #7312, #2428 ) ;
#7244 = VERTEX_POINT ( 'NONE', #330 ) ;
#7245 = DIRECTION ( 'NONE',  ( 0.000000000000000000, 0.000000000000000000, 1.000000000000000000 ) ) ;
#7246 = EDGE_CURVE ( 'NONE', #7404, #1888, #8043, .T. ) ;
#7247 = DIRECTION ( 'NONE',  ( -9.860761315262647568E-32, 1.000000000000000000, 3.061616997868380676E-16 ) ) ;
#7248 = ORIENTED_EDGE ( 'NONE', *, *, #2036, .F. ) ;
#7249 = CYLINDRICAL_SURFACE ( 'NONE', #2927, 10.00000000000000000 ) ;
#7250 = EDGE_CURVE ( 'NONE', #4251, #6431, #5498, .T. ) ;
#7251 = DIRECTION ( 'NONE',  ( 0.000000000000000000, -1.000000000000000000, -3.061616997868383141E-16 ) ) ;
#7252 = ORIENTED_EDGE ( 'NONE', *, *, #8957, .T. ) ;
#7253 = FACE_OUTER_BOUND ( 'NONE', #11243, .T. ) ;
#7254 = AXIS2_PLACEMENT_3D ( 'NONE', #9734, #8765, #7801 ) ;
#7255 = DIRECTION ( 'NONE',  ( 0.000000000000000000, -3.227392513445222318E-16, 1.000000000000000000 ) ) ;
#7256 = AXIS2_PLACEMENT_3D ( 'NONE', #9798, #5005, #9865 ) ;
#7257 = DIRECTION ( 'NONE',  ( -1.000000000000000000, 0.000000000000000000, 0.000000000000000000 ) ) ;
#7258 = CARTESIAN_POINT ( 'NONE',  ( -11.70973925282321915, -80.41022924428168039, -18.03141721082653604 ) ) ;
#7259 = AXIS2_PLACEMENT_3D ( 'NONE', #285, #12097, #11075 ) ;
#7260 = CIRCLE ( 'NONE', #8892, 21.50000000000001066 ) ;
#7261 = AXIS2_PLACEMENT_3D ( 'NONE', #275, #1174, #2339 ) ;
#7262 = ORIENTED_EDGE ( 'NONE', *, *, #1397, .F. ) ;
#7263 = DIRECTION ( 'NONE',  ( -9.860761315262647568E-32, 1.000000000000000000, 3.061616997868382648E-16 ) ) ;
#7264 = AXIS2_PLACEMENT_3D ( 'NONE', #847, #5557, #6654 ) ;
#7265 = EDGE_CURVE ( 'NONE', #3435, #1340, #8760, .T. ) ;
#7266 = DIRECTION ( 'NONE',  ( -0.000000000000000000, 1.000000000000000000, 3.061616997868383141E-16 ) ) ;
#7267 = VERTEX_POINT ( 'NONE', #1416 ) ;
#7268 = LINE ( 'NONE', #10155, #7467 ) ;
#7269 = DIRECTION ( 'NONE',  ( -0.000000000000000000, 1.000000000000000000, 3.061616997868383141E-16 ) ) ;
#7270 = CARTESIAN_POINT ( 'NONE',  ( 0.000000000000000000, 51.20000000000000995, -7.383484513958806747E-15 ) ) ;
#7271 = AXIS2_PLACEMENT_3D ( 'NONE', #885, #11865, #1915 ) ;
#7272 = VERTEX_POINT ( 'NONE', #8174 ) ;
#7273 = VERTEX_POINT ( 'NONE', #12078 ) ;
#7274 = CARTESIAN_POINT ( 'NONE',  ( -6.643865379061518084, 51.19999999999999574, -20.19771510034572159 ) ) ;
#7275 = ORIENTED_EDGE ( 'NONE', *, *, #12007, .F. ) ;
#7276 = EDGE_CURVE ( 'NONE', #7194, #1355, #12642, .T. ) ;
#7277 = DIRECTION ( 'NONE',  ( 0.000000000000000000, -1.000000000000000000, -3.061616997868383141E-16 ) ) ;
#7278 = CYLINDRICAL_SURFACE ( 'NONE', #5181, 8.698518023597397786 ) ;
#7279 = CARTESIAN_POINT ( 'NONE',  ( 2.495836301044398020, 51.19999999999999574, -21.35464355025363759 ) ) ;
#7280 = CARTESIAN_POINT ( 'NONE',  ( 0.000000000000000000, 87.50000000000001421, 3.730185188303422936E-15 ) ) ;
#7281 = CARTESIAN_POINT ( 'NONE',  ( 21.23529932279543431, 51.19999999999999574, -3.363340998365024870 ) ) ;
#7282 = AXIS2_PLACEMENT_3D ( 'NONE', #5638, #2798, #2549 ) ;
#7283 = DIRECTION ( 'NONE',  ( 0.000000000000000000, -1.000000000000000000, -3.061616997868383141E-16 ) ) ;
#7284 = ORIENTED_EDGE ( 'NONE', *, *, #10215, .T. ) ;
#7285 = EDGE_CURVE ( 'NONE', #8965, #1794, #6265, .T. ) ;
#7286 = VERTEX_POINT ( 'NONE', #7274 ) ;
#7287 = EDGE_CURVE ( 'NONE', #4315, #8512, #2454, .T. ) ;
#7288 = EDGE_LOOP ( 'NONE', ( #7297, #2819, #5670, #2104 ) ) ;
#7289 = FACE_OUTER_BOUND ( 'NONE', #11993, .T. ) ;
#7290 = CIRCLE ( 'NONE', #6078, 3.700000000000012168 ) ;
#7291 = DIRECTION ( 'NONE',  ( 0.000000000000000000, -1.000000000000000000, -3.061616997868383141E-16 ) ) ;
#7292 = CARTESIAN_POINT ( 'NONE',  ( -3.610031534565132372, 51.20000000000000995, 21.19475577399855126 ) ) ;
#7293 = EDGE_LOOP ( 'NONE', ( #11283, #2097, #10937, #3054 ) ) ;
#7294 = DIRECTION ( 'NONE',  ( 0.000000000000000000, -1.000000000000000000, -3.061616997868383141E-16 ) ) ;
#7295 = CARTESIAN_POINT ( 'NONE',  ( -20.76740526521501096, 51.19999999999999574, -5.314609469703971634 ) ) ;
#7296 = DIRECTION ( 'NONE',  ( 0.000000000000000000, -3.384826294588890954E-16, 1.000000000000000000 ) ) ;
#7297 = ORIENTED_EDGE ( 'NONE', *, *, #3165, .T. ) ;
#7298 = CARTESIAN_POINT ( 'NONE',  ( 16.14381341971832029, 45.19999999999998863, -14.19955239679489445 ) ) ;
#7299 = CIRCLE ( 'NONE', #3409, 0.2500000000000002220 ) ;
#7300 = CARTESIAN_POINT ( 'NONE',  ( -1.000000000000000444, 0.07288794480801003006, -2.640112055191992990 ) ) ;
#7301 = ORIENTED_EDGE ( 'NONE', *, *, #12599, .T. ) ;
#7302 = EDGE_CURVE ( 'NONE', #6133, #12211, #10605, .T. ) ;
#7303 = ORIENTED_EDGE ( 'NONE', *, *, #1644, .F. ) ;
#7304 = EDGE_CURVE ( 'NONE', #2038, #4483, #1999, .T. ) ;
#7305 = VERTEX_POINT ( 'NONE', #6192 ) ;
#7306 = FACE_OUTER_BOUND ( 'NONE', #9019, .T. ) ;
#7307 = EDGE_CURVE ( 'NONE', #12350, #3027, #5362, .T. ) ;
#7308 = CARTESIAN_POINT ( 'NONE',  ( 0.000000000000000000, 51.20000000000000995, -7.383484513958806747E-15 ) ) ;
#7309 = AXIS2_PLACEMENT_3D ( 'NONE', #418, #4359, #11576 ) ;
#7310 = ORIENTED_EDGE ( 'NONE', *, *, #2674, .F. ) ;
#7311 = FACE_OUTER_BOUND ( 'NONE', #2168, .T. ) ;
#7312 = DIRECTION ( 'NONE',  ( -0.000000000000000000, 1.000000000000000000, 3.061616997868383141E-16 ) ) ;
#7313 = ORIENTED_EDGE ( 'NONE', *, *, #4966, .T. ) ;
#7314 = FACE_OUTER_BOUND ( 'NONE', #252, .T. ) ;
#7315 = DIRECTION ( 'NONE',  ( -4.930380657631323784E-32, 1.000000000000000000, 3.061616997868381662E-16 ) ) ;
#7316 = FACE_OUTER_BOUND ( 'NONE', #954, .T. ) ;
#7317 = DIRECTION ( 'NONE',  ( 0.000000000000000000, -1.000000000000000000, -3.061616997868383141E-16 ) ) ;
#7319 = ADVANCED_FACE ( 'NONE', ( #4400 ), #6381, .F. ) ;
#7318 = AXIS2_PLACEMENT_3D ( 'NONE', #12573, #55, #4004 ) ;
#7320 = ADVANCED_FACE ( 'NONE', ( #3425 ), #3175, .F. ) ;
#7321 = ORIENTED_EDGE ( 'NONE', *, *, #6760, .F. ) ;
#7322 = DIRECTION ( 'NONE',  ( 0.000000000000000000, 0.7071067811865473507, 0.7071067811865477948 ) ) ;
#7323 = CARTESIAN_POINT ( 'NONE',  ( -9.760795744400400764, 51.19999999999999574, -19.15664027004980596 ) ) ;
#7324 = ORIENTED_EDGE ( 'NONE', *, *, #2365, .F. ) ;
#7325 = CIRCLE ( 'NONE', #7526, 0.2500000000000002220 ) ;
#7326 = CARTESIAN_POINT ( 'NONE',  ( -0.9953863304355486941, -0.07763355007325045687, 2.635366449926748622 ) ) ;
#7327 = CARTESIAN_POINT ( 'NONE',  ( -21.47053499722334280, -80.41022924428168039, -0.8752230592230978434 ) ) ;
#7328 = VECTOR ( 'NONE', #8615, 1000.000000000000000 ) ;
#7329 = EDGE_CURVE ( 'NONE', #2939, #292, #5116, .T. ) ;
#7330 = ORIENTED_EDGE ( 'NONE', *, *, #11435, .T. ) ;
#7331 = AXIS2_PLACEMENT_3D ( 'NONE', #10098, #8301, #12200 ) ;
#7332 = AXIS2_PLACEMENT_3D ( 'NONE', #8738, #12638, #2969 ) ;
#7333 = ORIENTED_EDGE ( 'NONE', *, *, #10663, .T. ) ;
#7334 = CARTESIAN_POINT ( 'NONE',  ( 20.76740526521493635, -80.41022924428168039, -5.564609469704302924 ) ) ;
#7335 = VERTEX_POINT ( 'NONE', #4146 ) ;
#7336 = DIRECTION ( 'NONE',  ( 0.000000000000000000, 0.000000000000000000, 1.000000000000000000 ) ) ;
#7337 = CARTESIAN_POINT ( 'NONE',  ( 0.000000000000000000, 87.50000000000001421, 3.730185188303422936E-15 ) ) ;
#7338 = DIRECTION ( 'NONE',  ( 0.000000000000000000, 0.000000000000000000, 1.000000000000000000 ) ) ;
#7339 = AXIS2_PLACEMENT_3D ( 'NONE', #9307, #6492, #6429 ) ;
#7340 = DIRECTION ( 'NONE',  ( 0.000000000000000000, -1.000000000000000000, -3.061616997868383141E-16 ) ) ;
#7341 = CARTESIAN_POINT ( 'NONE',  ( 20.07197916968984686, 51.19999999999999574, 7.704910915223915246 ) ) ;
#7342 = AXIS2_PLACEMENT_3D ( 'NONE', #10893, #10829, #10961 ) ;
#7343 = CYLINDRICAL_SURFACE ( 'NONE', #8288, 0.2500000000000002220 ) ;
#7344 = ORIENTED_EDGE ( 'NONE', *, *, #2829, .F. ) ;
#7345 = ORIENTED_EDGE ( 'NONE', *, *, #8402, .T. ) ;
#7346 = CARTESIAN_POINT ( 'NONE',  ( 0.000000000000000000, 3.750000000000000888, 8.948518023597374693 ) ) ;
#7347 = AXIS2_PLACEMENT_3D ( 'NONE', #685, #6798, #12672 ) ;
#7348 = FACE_OUTER_BOUND ( 'NONE', #9896, .T. ) ;
#7349 = DIRECTION ( 'NONE',  ( 0.000000000000000000, -3.227392513445222318E-16, 1.000000000000000000 ) ) ;
#7350 = ORIENTED_EDGE ( 'NONE', *, *, #1207, .F. ) ;
#7351 = DIRECTION ( 'NONE',  ( -0.000000000000000000, 1.000000000000000000, 3.061616997868383141E-16 ) ) ;
#7352 = CARTESIAN_POINT ( 'NONE',  ( 0.9975384582459703164, -0.07697644439475617717, 2.636023555605243374 ) ) ;
#7353 = AXIS2_PLACEMENT_3D ( 'NONE', #10390, #1715, #5651 ) ;
#7354 = CYLINDRICAL_SURFACE ( 'NONE', #12271, 0.2500000000000002220 ) ;
#7355 = EDGE_CURVE ( 'NONE', #3820, #10969, #9796, .T. ) ;
#7356 = VERTEX_POINT ( 'NONE', #2513 ) ;
#7357 = DIRECTION ( 'NONE',  ( -0.000000000000000000, 1.000000000000000000, 3.061616997868383141E-16 ) ) ;
#7358 = DIRECTION ( 'NONE',  ( 0.000000000000000000, 0.7071067811865486830, -0.7071067811865464625 ) ) ;
#7359 = ORIENTED_EDGE ( 'NONE', *, *, #5309, .T. ) ;
#7360 = EDGE_CURVE ( 'NONE', #2991, #9412, #2635, .T. ) ;
#7361 = ORIENTED_EDGE ( 'NONE', *, *, #4552, .F. ) ;
#7362 = AXIS2_PLACEMENT_3D ( 'NONE', #948, #2956, #11802 ) ;
#7363 = ORIENTED_EDGE ( 'NONE', *, *, #7287, .T. ) ;
#7364 = AXIS2_PLACEMENT_3D ( 'NONE', #1710, #3593, #3653 ) ;
#7365 = CARTESIAN_POINT ( 'NONE',  ( 0.000000000000000000, 74.75000000000000000, -1.733764839787674301E-16 ) ) ;
#7366 = CARTESIAN_POINT ( 'NONE',  ( -19.64122733931598574, 51.19999999999999574, -8.744837826129506553 ) ) ;
#7367 = ORIENTED_EDGE ( 'NONE', *, *, #3377, .T. ) ;
#7368 = DIRECTION ( 'NONE',  ( 0.000000000000000000, 0.000000000000000000, 1.000000000000000000 ) ) ;
#7369 = AXIS2_PLACEMENT_3D ( 'NONE', #2163, #8132, #3196 ) ;
#7370 = DIRECTION ( 'NONE',  ( 0.000000000000000000, 0.000000000000000000, -1.000000000000000000 ) ) ;
#7371 = ORIENTED_EDGE ( 'NONE', *, *, #4957, .F. ) ;
#7372 = CARTESIAN_POINT ( 'NONE',  ( 17.53963331177558871, -80.41022924428168039, -12.43427775499856303 ) ) ;
#7373 = FACE_OUTER_BOUND ( 'NONE', #7882, .T. ) ;
#7374 = FACE_OUTER_BOUND ( 'NONE', #4729, .T. ) ;
#7375 = EDGE_CURVE ( 'NONE', #10065, #3197, #12443, .T. ) ;
#7376 = VECTOR ( 'NONE', #8537, 1000.000000000000000 ) ;
#7377 = DIRECTION ( 'NONE',  ( 0.000000000000000000, -3.227392513445220839E-16, 1.000000000000000000 ) ) ;
#7378 = CIRCLE ( 'NONE', #4516, 0.2500000000000002220 ) ;
#7379 = EDGE_CURVE ( 'NONE', #9499, #12600, #8562, .T. ) ;
#7380 = EDGE_CURVE ( 'NONE', #5426, #7677, #4280, .T. ) ;
#7381 = CIRCLE ( 'NONE', #1621, 0.2500000000000002220 ) ;
#7382 = ORIENTED_EDGE ( 'NONE', *, *, #9354, .F. ) ;
#7383 = DIRECTION ( 'NONE',  ( -0.000000000000000000, 1.000000000000000000, 3.061616997868383141E-16 ) ) ;
#7384 = DIRECTION ( 'NONE',  ( 0.000000000000000000, 0.000000000000000000, 1.000000000000000000 ) ) ;
#7385 = VERTEX_POINT ( 'NONE', #638 ) ;
#7386 = CIRCLE ( 'NONE', #2877, 0.2500000000000002220 ) ;
#7387 = EDGE_CURVE ( 'NONE', #11183, #3686, #5606, .T. ) ;
#7388 = LINE ( 'NONE', #11296, #9785 ) ;
#7389 = EDGE_CURVE ( 'NONE', #1097, #2670, #8029, .T. ) ;
#7390 = ORIENTED_EDGE ( 'NONE', *, *, #6743, .F. ) ;
#7391 = APPLICATION_PROTOCOL_DEFINITION ( 'draft international standard', 'automotive_design', 1998, #1466 ) ;
#7392 = ORIENTED_EDGE ( 'NONE', *, *, #2040, .F. ) ;
#7393 = CARTESIAN_POINT ( 'NONE',  ( 8.744837826129582936, -80.41022924428168039, -19.39122733931598219 ) ) ;
#7394 = ADVANCED_FACE ( 'NONE', ( #4582 ), #1788, .T. ) ;
#7395 = ORIENTED_EDGE ( 'NONE', *, *, #5493, .T. ) ;
#7396 = CARTESIAN_POINT ( 'NONE',  ( 0.9999999999999995559, -47.85087804878074280, 0.000000000000000000 ) ) ;
#7397 = EDGE_CURVE ( 'NONE', #10581, #7272, #11423, .T. ) ;
#7398 = CARTESIAN_POINT ( 'NONE',  ( -10.53277056407889134, 45.19999999999998863, -18.74328531086463911 ) ) ;
#7399 = FACE_OUTER_BOUND ( 'NONE', #2479, .T. ) ;
#7400 = CYLINDRICAL_SURFACE ( 'NONE', #5105, 0.2500000000000002220 ) ;
#7401 = CARTESIAN_POINT ( 'NONE',  ( -0.9966582391324164680, 0.08671778274936130237, 2.799717782749361117 ) ) ;
#7402 = DIRECTION ( 'NONE',  ( 0.000000000000000000, -3.227392513445220839E-16, 1.000000000000000000 ) ) ;
#7403 = VERTEX_POINT ( 'NONE', #5543 ) ;
#7404 = VERTEX_POINT ( 'NONE', #3548 ) ;
#7405 = EDGE_LOOP ( 'NONE', ( #8408, #6172, #11836, #4948 ) ) ;
#7406 = AXIS2_PLACEMENT_3D ( 'NONE', #12204, #3428, #4343 ) ;
#7407 = VECTOR ( 'NONE', #167, 1000.000000000000000 ) ;
#7408 = CARTESIAN_POINT ( 'NONE',  ( 20.70129763556878899, 45.19999999999998863, 5.805710654484477651 ) ) ;
#7409 = CARTESIAN_POINT ( 'NONE',  ( -0.8754938253331091547, 45.19999999999998863, -21.48216726873256022 ) ) ;
#7410 = EDGE_CURVE ( 'NONE', #2526, #3993, #7460, .T. ) ;
#7411 = CARTESIAN_POINT ( 'NONE',  ( 14.57111852952472653, -80.41022924428169460, 15.80925377108419561 ) ) ;
#7412 = EDGE_LOOP ( 'NONE', ( #12334, #5040, #3563, #12248 ) ) ;
#7413 = CARTESIAN_POINT ( 'NONE',  ( 19.64122733931587206, 51.19999999999999574, -8.744837826129769454 ) ) ;
#7414 = CARTESIAN_POINT ( 'NONE',  ( -15.97761374776379739, 51.20000000000000995, 14.38630803671565239 ) ) ;
#7415 = CYLINDRICAL_SURFACE ( 'NONE', #5146, 21.50000000000000355 ) ;
#7416 = ORIENTED_EDGE ( 'NONE', *, *, #5007, .F. ) ;
#7417 = CARTESIAN_POINT ( 'NONE',  ( 0.000000000000000000, 45.20000000000000995, -9.220454712679835547E-15 ) ) ;
#7418 = AXIS2_PLACEMENT_3D ( 'NONE', #6106, #3082, #8983 ) ;
#7419 = DIRECTION ( 'NONE',  ( 0.000000000000000000, 0.000000000000000000, 1.000000000000000000 ) ) ;
#7420 = VECTOR ( 'NONE', #10420, 1000.000000000000000 ) ;
#7421 = ORIENTED_EDGE ( 'NONE', *, *, #853, .F. ) ;
#7422 = ORIENTED_EDGE ( 'NONE', *, *, #1023, .T. ) ;
#7423 = ORIENTED_EDGE ( 'NONE', *, *, #6993, .T. ) ;
#7424 = DIRECTION ( 'NONE',  ( 0.000000000000000000, -1.000000000000000000, -3.061616997868383141E-16 ) ) ;
#7425 = VECTOR ( 'NONE', #208, 1000.000000000000000 ) ;
#7426 = ORIENTED_EDGE ( 'NONE', *, *, #9081, .F. ) ;
#7427 = CARTESIAN_POINT ( 'NONE',  ( 0.9999999999999995559, 47.85087804878074280, 0.000000000000000000 ) ) ;
#7428 = AXIS2_PLACEMENT_3D ( 'NONE', #5546, #521, #706 ) ;
#7429 = DIRECTION ( 'NONE',  ( -0.000000000000000000, 1.000000000000000000, 3.061616997868383141E-16 ) ) ;
#7430 = DIRECTION ( 'NONE',  ( 0.000000000000000000, 0.000000000000000000, 1.000000000000000000 ) ) ;
#7431 = ORIENTED_EDGE ( 'NONE', *, *, #6378, .F. ) ;
#7432 = DIRECTION ( 'NONE',  ( 0.000000000000000000, -3.227392513445222318E-16, 1.000000000000000000 ) ) ;
#7433 = EDGE_CURVE ( 'NONE', #4695, #848, #5425, .T. ) ;
#7434 = DIRECTION ( 'NONE',  ( 9.860761315262647568E-32, 1.000000000000000000, 3.061616997868382648E-16 ) ) ;
#7435 = CARTESIAN_POINT ( 'NONE',  ( -16.86483603740624559, 45.19999999999998863, -13.33519049100546994 ) ) ;
#7436 = CARTESIAN_POINT ( 'NONE',  ( 0.000000000000000000, 87.50000000000001421, 3.730185188303422936E-15 ) ) ;
#7437 = DIRECTION ( 'NONE',  ( -0.000000000000000000, 1.000000000000000000, 3.061616997868383141E-16 ) ) ;
#7438 = VECTOR ( 'NONE', #6063, 1000.000000000000000 ) ;
#7439 = AXIS2_PLACEMENT_3D ( 'NONE', #4711, #7707, #6698 ) ;
#7440 = ORIENTED_EDGE ( 'NONE', *, *, #3516, .F. ) ;
#7441 = CIRCLE ( 'NONE', #7637, 47.85087804878048701 ) ;
#7442 = EDGE_CURVE ( 'NONE', #2393, #2, #12385, .T. ) ;
#7443 = ADVANCED_FACE ( 'NONE', ( #12258 ), #11302, .T. ) ;
#7444 = CIRCLE ( 'NONE', #9483, 0.2500000000000002220 ) ;
#7445 = EDGE_LOOP ( 'NONE', ( #11245, #10865, #7804, #7262 ) ) ;
#7446 = CARTESIAN_POINT ( 'NONE',  ( 21.49999999999998934, 51.19999999999999574, -5.939136975604121138E-14 ) ) ;
#7447 = AXIS2_PLACEMENT_3D ( 'NONE', #9599, #7424, #5569 ) ;
#7448 = CYLINDRICAL_SURFACE ( 'NONE', #8865, 0.2500000000000002220 ) ;
#7449 = ORIENTED_EDGE ( 'NONE', *, *, #471, .F. ) ;
#7450 = CARTESIAN_POINT ( 'NONE',  ( -18.49328953615725268, -80.41022924428169460, 10.96577594754951512 ) ) ;
#7451 = VECTOR ( 'NONE', #4167, 1000.000000000000000 ) ;
#7452 = CYLINDRICAL_SURFACE ( 'NONE', #12476, 0.2500000000000002220 ) ;
#7453 = DIRECTION ( 'NONE',  ( 0.000000000000000000, 0.000000000000000000, 1.000000000000000000 ) ) ;
#7454 = AXIS2_PLACEMENT_3D ( 'NONE', #10757, #8827, #11779 ) ;
#7455 = EDGE_CURVE ( 'NONE', #12002, #4311, #5701, .T. ) ;
#7456 = CIRCLE ( 'NONE', #4200, 0.2500000000000002220 ) ;
#7457 = ORIENTED_EDGE ( 'NONE', *, *, #2102, .F. ) ;
#7458 = ADVANCED_FACE ( 'NONE', ( #4457 ), #3485, .T. ) ;
#7459 = ORIENTED_EDGE ( 'NONE', *, *, #6307, .F. ) ;
#7460 = LINE ( 'NONE', #768, #7533 ) ;
#7461 = VERTEX_POINT ( 'NONE', #5044 ) ;
#7462 = LINE ( 'NONE', #3488, #11721 ) ;
#7463 = EDGE_CURVE ( 'NONE', #9810, #3951, #11226, .T. ) ;
#7464 = AXIS2_PLACEMENT_3D ( 'NONE', #1873, #5687, #4664 ) ;
#7465 = DIRECTION ( 'NONE',  ( 0.000000000000000000, -3.227392513445222318E-16, 1.000000000000000000 ) ) ;
#7466 = LINE ( 'NONE', #2578, #1364 ) ;
#7467 = VECTOR ( 'NONE', #9185, 1000.000000000000000 ) ;
#7468 = AXIS2_PLACEMENT_3D ( 'NONE', #6199, #270, #9199 ) ;
#7469 = DIRECTION ( 'NONE',  ( 0.000000000000000000, 0.000000000000000000, 1.000000000000000000 ) ) ;
#7470 = DIRECTION ( 'NONE',  ( -1.232595164407830946E-32, 1.000000000000000000, 3.061616997868383141E-16 ) ) ;
#7471 = DIRECTION ( 'NONE',  ( -1.479114197289397354E-31, 1.000000000000000000, 3.061616997868382648E-16 ) ) ;
#7472 = ORIENTED_EDGE ( 'NONE', *, *, #5189, .T. ) ;
#7473 = EDGE_CURVE ( 'NONE', #4042, #7687, #5732, .T. ) ;
#7474 = VERTEX_POINT ( 'NONE', #8929 ) ;
#7475 = AXIS2_PLACEMENT_3D ( 'NONE', #6268, #9137, #3604 ) ;
#7476 = EDGE_CURVE ( 'NONE', #11612, #4387, #1167, .T. ) ;
#7477 = ORIENTED_EDGE ( 'NONE', *, *, #5760, .T. ) ;
#7478 = CARTESIAN_POINT ( 'NONE',  ( -14.57111852952439257, 51.20000000000000995, 15.80925377108453489 ) ) ;
#7479 = CARTESIAN_POINT ( 'NONE',  ( 2.510525938252074481E-15, 61.70000000000001705, -20.50000000000000355 ) ) ;
#7480 = CARTESIAN_POINT ( 'NONE',  ( 7.470998869602406778, 45.19999999999998863, -20.16021269457240805 ) ) ;
#7481 = ORIENTED_EDGE ( 'NONE', *, *, #8023, .T. ) ;
#7482 = DIRECTION ( 'NONE',  ( -7.395570986446986770E-32, 1.000000000000000000, 3.061616997868381169E-16 ) ) ;
#7483 = CIRCLE ( 'NONE', #9126, 21.50000000000000000 ) ;
#7484 = CARTESIAN_POINT ( 'NONE',  ( 21.49999999999998934, -80.41022924428168039, -9.968538125080593746E-14 ) ) ;
#7485 = CARTESIAN_POINT ( 'NONE',  ( 0.000000000000000000, 51.20000000000000995, -7.383484513958806747E-15 ) ) ;
#7486 = ORIENTED_EDGE ( 'NONE', *, *, #11964, .T. ) ;
#7487 = CARTESIAN_POINT ( 'NONE',  ( -9.537388008203786072, -80.41022924428169460, 19.26884090911980962 ) ) ;
#7488 = DIRECTION ( 'NONE',  ( 0.000000000000000000, -3.227392513445220839E-16, 1.000000000000000000 ) ) ;
#7489 = VERTEX_POINT ( 'NONE', #827 ) ;
#7490 = VERTEX_POINT ( 'NONE', #6889 ) ;
#7491 = EDGE_CURVE ( 'NONE', #9632, #10272, #7900, .T. ) ;
#7492 = CIRCLE ( 'NONE', #9329, 21.50000000000001066 ) ;
#7493 = ORIENTED_EDGE ( 'NONE', *, *, #11389, .F. ) ;
#7494 = CARTESIAN_POINT ( 'NONE',  ( 12.63738292428807419, 45.19999999999998863, -17.39386537906141328 ) ) ;
#7495 = ORIENTED_EDGE ( 'NONE', *, *, #2314, .F. ) ;
#7496 = DIRECTION ( 'NONE',  ( -1.000000000000000000, 0.000000000000000000, 0.000000000000000000 ) ) ;
#7497 = DIRECTION ( 'NONE',  ( 0.000000000000000000, -1.000000000000000000, -3.061616997868383141E-16 ) ) ;
#7498 = DIRECTION ( 'NONE',  ( 0.000000000000000000, 0.000000000000000000, 1.000000000000000000 ) ) ;
#7499 = ORIENTED_EDGE ( 'NONE', *, *, #5437, .F. ) ;
#7500 = CARTESIAN_POINT ( 'NONE',  ( 0.000000000000000000, 87.50000000000001421, 3.730185188303422936E-15 ) ) ;
#7501 = DIRECTION ( 'NONE',  ( 2.465190328815661892E-32, 1.000000000000000000, 3.061616997868383141E-16 ) ) ;
#7502 = DIRECTION ( 'NONE',  ( 0.000000000000000000, 0.000000000000000000, 1.000000000000000000 ) ) ;
#7503 = ORIENTED_EDGE ( 'NONE', *, *, #8177, .T. ) ;
#7504 = CARTESIAN_POINT ( 'NONE',  ( 18.61954618136537576, 51.19999999999999574, -10.75000000000006750 ) ) ;
#7505 = CARTESIAN_POINT ( 'NONE',  ( 21.49999999999998934, 45.19999999999998863, -6.122833995476223860E-14 ) ) ;
#7506 = VERTEX_POINT ( 'NONE', #4901 ) ;
#7507 = VERTEX_POINT ( 'NONE', #9833 ) ;
#7508 = DIRECTION ( 'NONE',  ( 0.000000000000000000, 0.000000000000000000, 1.000000000000000000 ) ) ;
#7509 = DIRECTION ( 'NONE',  ( -3.697785493223493385E-32, 1.000000000000000000, 3.061616997868383141E-16 ) ) ;
#7510 = ORIENTED_EDGE ( 'NONE', *, *, #7157, .F. ) ;
#7511 = CARTESIAN_POINT ( 'NONE',  ( -0.9996710168333317048, -0.08357769860876609891, -2.796577698608766482 ) ) ;
#7512 = FACE_OUTER_BOUND ( 'NONE', #8937, .T. ) ;
#7513 = AXIS2_PLACEMENT_3D ( 'NONE', #12341, #6590, #481 ) ;
#7514 = EDGE_CURVE ( 'NONE', #1380, #3701, #8732, .T. ) ;
#7515 = ORIENTED_EDGE ( 'NONE', *, *, #1508, .F. ) ;
#7516 = CIRCLE ( 'NONE', #3631, 21.50000000000001066 ) ;
#7517 = ORIENTED_EDGE ( 'NONE', *, *, #3607, .T. ) ;
#7518 = CARTESIAN_POINT ( 'NONE',  ( 0.9971807391522656827, 0.07717652363796691228, -2.635823476362036288 ) ) ;
#7519 = ORIENTED_EDGE ( 'NONE', *, *, #3865, .F. ) ;
#7520 = FACE_OUTER_BOUND ( 'NONE', #880, .T. ) ;
#7521 = DIRECTION ( 'NONE',  ( -0.000000000000000000, 1.000000000000000000, 3.061616997868383141E-16 ) ) ;
#7522 = DIRECTION ( 'NONE',  ( 0.000000000000000000, 0.000000000000000000, 1.000000000000000000 ) ) ;
#7523 = CARTESIAN_POINT ( 'NONE',  ( 15.97761374776389331, -80.41022924428168039, -14.38630803671554759 ) ) ;
#7524 = CARTESIAN_POINT ( 'NONE',  ( -8.515864134734449920, 45.20000000000000284, 19.74158195380358904 ) ) ;
#7525 = EDGE_CURVE ( 'NONE', #5315, #1775, #5088, .T. ) ;
#7526 = AXIS2_PLACEMENT_3D ( 'NONE', #5049, #11942, #194 ) ;
#7527 = CARTESIAN_POINT ( 'NONE',  ( 2.241103642439657471E-15, 87.50000000000001421, -18.30000000000000782 ) ) ;
#7528 = ORIENTED_EDGE ( 'NONE', *, *, #5641, .F. ) ;
#7529 = AXIS2_PLACEMENT_3D ( 'NONE', #2397, #10172, #12084 ) ;
#7530 = EDGE_LOOP ( 'NONE', ( #5459, #2292, #3542, #11751 ) ) ;
#7531 = ORIENTED_EDGE ( 'NONE', *, *, #5055, .F. ) ;
#7532 = PLANE ( 'NONE',  #5388 ) ;
#7533 = VECTOR ( 'NONE', #6503, 1000.000000000000000 ) ;
#7534 = CARTESIAN_POINT ( 'NONE',  ( 5.322755903978812597, 51.20000000000000995, 20.83070497094753293 ) ) ;
#7535 = CARTESIAN_POINT ( 'NONE',  ( 0.000000000000000000, 3.500000000000003109, -2.198739759379099683E-14 ) ) ;
#7536 = ORIENTED_EDGE ( 'NONE', *, *, #10040, .F. ) ;
#7538 = EDGE_CURVE ( 'NONE', #8750, #4545, #5112, .T. ) ;
#7537 = CARTESIAN_POINT ( 'NONE',  ( 0.000000000000000000, 45.20000000000000995, -9.220454712679835547E-15 ) ) ;
#7539 = CARTESIAN_POINT ( 'NONE',  ( 0.000000000000000000, 45.20000000000000995, -9.220454712679835547E-15 ) ) ;
#7540 = DIRECTION ( 'NONE',  ( -0.000000000000000000, 1.000000000000000000, 3.061616997868383141E-16 ) ) ;
#7541 = EDGE_CURVE ( 'NONE', #6072, #3278, #9362, .T. ) ;
#7542 = EDGE_LOOP ( 'NONE', ( #9854, #5775, #11623, #10024 ) ) ;
#7543 = FACE_OUTER_BOUND ( 'NONE', #2905, .T. ) ;
#7544 = CARTESIAN_POINT ( 'NONE',  ( -5.564609469704350886, -80.41022924428168039, -20.76740526521493990 ) ) ;
#7545 = ORIENTED_EDGE ( 'NONE', *, *, #8117, .T. ) ;
#7546 = VERTEX_POINT ( 'NONE', #4770 ) ;
#7547 = AXIS2_PLACEMENT_3D ( 'NONE', #6125, #7084, #6187 ) ;
#7548 = ORIENTED_EDGE ( 'NONE', *, *, #4404, .F. ) ;
#7549 = DIRECTION ( 'NONE',  ( 0.000000000000000000, 1.000000000000000000, 3.061616997868382648E-16 ) ) ;
#7550 = CARTESIAN_POINT ( 'NONE',  ( 0.9967602942313553704, -0.08667637654484192100, -2.799676376544842693 ) ) ;
#7551 = ORIENTED_EDGE ( 'NONE', *, *, #8817, .F. ) ;
#7552 = CARTESIAN_POINT ( 'NONE',  ( -20.44771510034585660, -80.41022924428168039, -6.643865379061193899 ) ) ;
#7553 = CARTESIAN_POINT ( 'NONE',  ( 0.000000000000000000, 51.20000000000000995, -7.383484513958806747E-15 ) ) ;
#7554 = CYLINDRICAL_SURFACE ( 'NONE', #9087, 21.50000000000000355 ) ;
#7555 = ORIENTED_EDGE ( 'NONE', *, *, #2681, .F. ) ;
#7556 = CARTESIAN_POINT ( 'NONE',  ( -4.470101352581976606, -80.41022924428168039, -20.78017341577680099 ) ) ;
#7557 = DIRECTION ( 'NONE',  ( 0.000000000000000000, -3.227392513445220839E-16, 1.000000000000000000 ) ) ;
#7558 = DIRECTION ( 'NONE',  ( 0.000000000000000000, 0.000000000000000000, 1.000000000000000000 ) ) ;
#7559 = EDGE_CURVE ( 'NONE', #3278, #7013, #4053, .T. ) ;
#7560 = ORIENTED_EDGE ( 'NONE', *, *, #3550, .F. ) ;
#7561 = CARTESIAN_POINT ( 'NONE',  ( 0.000000000000000000, 87.50000000000001421, 3.730185188303422936E-15 ) ) ;
#7562 = DIRECTION ( 'NONE',  ( 0.000000000000000000, 0.000000000000000000, -1.000000000000000000 ) ) ;
#7563 = VERTEX_POINT ( 'NONE', #3093 ) ;
#7564 = AXIS2_PLACEMENT_3D ( 'NONE', #11094, #5403, #9297 ) ;
#7565 = AXIS2_PLACEMENT_3D ( 'NONE', #6466, #11267, #7296 ) ;
#7566 = ORIENTED_EDGE ( 'NONE', *, *, #3524, .F. ) ;
#7567 = DIRECTION ( 'NONE',  ( -4.930380657631323784E-32, 1.000000000000000000, 3.061616997868381169E-16 ) ) ;
#7568 = CARTESIAN_POINT ( 'NONE',  ( 20.44771510034576067, 45.19999999999998863, -6.393865379061437260 ) ) ;
#7570 = VERTEX_POINT ( 'NONE', #1853 ) ;
#7569 = PRESENTATION_LAYER_ASSIGNMENT (  '', '', ( #3072 ) ) ;
#7571 = CARTESIAN_POINT ( 'NONE',  ( 4.225266388133341877, 45.20000000000000284, 21.08072873382964119 ) ) ;
#7572 = AXIS2_PLACEMENT_3D ( 'NONE', #9154, #6343, #1438 ) ;
#7573 = CARTESIAN_POINT ( 'NONE',  ( -19.64122733931598574, 51.19999999999999574, -8.494837826129506553 ) ) ;
#7574 = ADVANCED_FACE ( 'NONE', ( #895 ), #8669, .T. ) ;
#7575 = CIRCLE ( 'NONE', #3688, 21.50000000000001066 ) ;
#7576 = EDGE_LOOP ( 'NONE', ( #12704, #2721, #2944, #7333 ) ) ;
#7577 = AXIS2_PLACEMENT_3D ( 'NONE', #3764, #3698, #9588 ) ;
#7578 = ORIENTED_EDGE ( 'NONE', *, *, #5039, .T. ) ;
#7579 = ORIENTED_EDGE ( 'NONE', *, *, #1781, .F. ) ;
#7580 = DIRECTION ( 'NONE',  ( 1.000000000000000000, 0.000000000000000000, 0.000000000000000000 ) ) ;
#7581 = DIRECTION ( 'NONE',  ( 0.000000000000000000, 0.000000000000000000, 1.000000000000000000 ) ) ;
#7582 = VERTEX_POINT ( 'NONE', #1020 ) ;
#7583 = LINE ( 'NONE', #10542, #2071 ) ;
#7584 = CARTESIAN_POINT ( 'NONE',  ( 18.49328953615743742, 51.19999999999999574, -10.96577594754926288 ) ) ;
#7585 = CARTESIAN_POINT ( 'NONE',  ( -20.70129763556869307, 51.19999999999999574, 5.805710654484764532 ) ) ;
#7586 = DIRECTION ( 'NONE',  ( -0.000000000000000000, 1.000000000000000000, 3.061616997868383141E-16 ) ) ;
#7587 = CARTESIAN_POINT ( 'NONE',  ( 2.388061258337339333E-15, 87.50000000000001421, -19.50000000000000000 ) ) ;
#7588 = ORIENTED_EDGE ( 'NONE', *, *, #608, .F. ) ;
#7589 = VECTOR ( 'NONE', #3036, 1000.000000000000000 ) ;
#7590 = ORIENTED_EDGE ( 'NONE', *, *, #9595, .T. ) ;
#7591 = ORIENTED_EDGE ( 'NONE', *, *, #7765, .T. ) ;
#7592 = EDGE_CURVE ( 'NONE', #6797, #1388, #8794, .T. ) ;
#7593 = DIRECTION ( 'NONE',  ( 0.000000000000000000, 0.000000000000000000, 1.000000000000000000 ) ) ;
#7594 = DIRECTION ( 'NONE',  ( -0.000000000000000000, 1.000000000000000000, 3.061616997868383141E-16 ) ) ;
#7595 = DIRECTION ( 'NONE',  ( 0.000000000000000000, 0.000000000000000000, 1.000000000000000000 ) ) ;
#7596 = ORIENTED_EDGE ( 'NONE', *, *, #7910, .T. ) ;
#7597 = DIRECTION ( 'NONE',  ( 0.000000000000000000, -1.000000000000000000, -3.061616997868383141E-16 ) ) ;
#7598 = EDGE_CURVE ( 'NONE', #7474, #109, #10391, .T. ) ;
#7599 = DIRECTION ( 'NONE',  ( 7.395570986446986770E-32, 1.000000000000000000, 3.061616997868382648E-16 ) ) ;
#7600 = DIRECTION ( 'NONE',  ( 0.000000000000000000, 0.000000000000000000, 1.000000000000000000 ) ) ;
#7601 = VERTEX_POINT ( 'NONE', #3810 ) ;
#7602 = DIRECTION ( 'NONE',  ( 0.000000000000000000, 0.000000000000000000, -1.000000000000000000 ) ) ;
#7603 = DIRECTION ( 'NONE',  ( -0.000000000000000000, 1.000000000000000000, 3.061616997868383141E-16 ) ) ;
#7604 = ORIENTED_EDGE ( 'NONE', *, *, #8321, .F. ) ;
#7605 = ORIENTED_EDGE ( 'NONE', *, *, #8427, .F. ) ;
#7606 = VECTOR ( 'NONE', #9138, 1000.000000000000000 ) ;
#7607 = EDGE_CURVE ( 'NONE', #1998, #2869, #6708, .T. ) ;
#7608 = EDGE_LOOP ( 'NONE', ( #9870, #1851, #5163, #6688 ) ) ;
#7609 = DIRECTION ( 'NONE',  ( 0.000000000000000000, 0.000000000000000000, 1.000000000000000000 ) ) ;
#7610 = DIRECTION ( 'NONE',  ( 0.000000000000000000, 0.000000000000000000, -1.000000000000000000 ) ) ;
#7611 = EDGE_CURVE ( 'NONE', #4458, #7975, #7118, .T. ) ;
#7612 = DIRECTION ( 'NONE',  ( 0.000000000000000000, -0.7071067811865464625, -0.7071067811865486830 ) ) ;
#7613 = DIRECTION ( 'NONE',  ( 0.000000000000000000, 0.000000000000000000, 1.000000000000000000 ) ) ;
#7614 = DIRECTION ( 'NONE',  ( -0.000000000000000000, 1.000000000000000000, 3.061616997868383141E-16 ) ) ;
#7615 = DIRECTION ( 'NONE',  ( -1.232595164407830946E-32, 1.000000000000000000, 3.061616997868383141E-16 ) ) ;
#7616 = VERTEX_POINT ( 'NONE', #10853 ) ;
#7617 = CARTESIAN_POINT ( 'NONE',  ( 0.000000000000000000, 87.50000000000001421, 3.730185188303422936E-15 ) ) ;
#7618 = EDGE_CURVE ( 'NONE', #10050, #7638, #12247, .T. ) ;
#7619 = CIRCLE ( 'NONE', #7207, 0.2500000000000002220 ) ;
#7620 = AXIS2_PLACEMENT_3D ( 'NONE', #346, #10052, #7105 ) ;
#7621 = CARTESIAN_POINT ( 'NONE',  ( -18.61954618136552142, -80.41022924428168039, -10.74999999999984546 ) ) ;
#7622 = CARTESIAN_POINT ( 'NONE',  ( 0.000000000000000000, 80.00000000000000000, 15.39999999999999858 ) ) ;
#7623 = ORIENTED_EDGE ( 'NONE', *, *, #5065, .T. ) ;
#7624 = CYLINDRICAL_SURFACE ( 'NONE', #1180, 21.50000000000000355 ) ;
#7625 = LINE ( 'NONE', #5716, #4307 ) ;
#7626 = ORIENTED_EDGE ( 'NONE', *, *, #10546, .T. ) ;
#7627 = AXIS2_PLACEMENT_3D ( 'NONE', #3638, #10430, #11390 ) ;
#7628 = AXIS2_PLACEMENT_3D ( 'NONE', #7720, #7206, #11058 ) ;
#7629 = EDGE_CURVE ( 'NONE', #8108, #10915, #6756, .T. ) ;
#7630 = ORIENTED_EDGE ( 'NONE', *, *, #12538, .F. ) ;
#7631 = CYLINDRICAL_SURFACE ( 'NONE', #4578, 0.2500000000000002220 ) ;
#7632 = DIRECTION ( 'NONE',  ( 0.000000000000000000, 0.000000000000000000, 1.000000000000000000 ) ) ;
#7633 = ORIENTED_EDGE ( 'NONE', *, *, #7881, .T. ) ;
#7634 = CARTESIAN_POINT ( 'NONE',  ( -0.9950000000000006617, -0.08699999999999999400, -2.799999999999999822 ) ) ;
#7635 = CARTESIAN_POINT ( 'NONE',  ( 0.000000000000000000, 87.50000000000001421, 3.730185188303422936E-15 ) ) ;
#7636 = AXIS2_PLACEMENT_3D ( 'NONE', #9567, #769, #7830 ) ;
#7637 = AXIS2_PLACEMENT_3D ( 'NONE', #2302, #557, #1517 ) ;
#7638 = VERTEX_POINT ( 'NONE', #10652 ) ;
#7639 = VECTOR ( 'NONE', #1258, 1000.000000000000000 ) ;
#7640 = CIRCLE ( 'NONE', #5803, 0.2500000000000002220 ) ;
#7641 = ORIENTED_EDGE ( 'NONE', *, *, #9051, .T. ) ;
#7642 = ADVANCED_FACE ( 'NONE', ( #6057 ), #10083, .F. ) ;
#7643 = ORIENTED_EDGE ( 'NONE', *, *, #10285, .F. ) ;
#7644 = DIRECTION ( 'NONE',  ( 2.465190328815661892E-32, 1.000000000000000000, 3.061616997868383141E-16 ) ) ;
#7645 = CYLINDRICAL_SURFACE ( 'NONE', #8663, 21.50000000000000355 ) ;
#7646 = ORIENTED_EDGE ( 'NONE', *, *, #3452, .T. ) ;
#7647 = FACE_OUTER_BOUND ( 'NONE', #3412, .T. ) ;
#7648 = FACE_OUTER_BOUND ( 'NONE', #715, .T. ) ;
#7649 = AXIS2_PLACEMENT_3D ( 'NONE', #1121, #3191, #7049 ) ;
#7650 = CYLINDRICAL_SURFACE ( 'NONE', #12045, 0.2500000000000002220 ) ;
#7651 = AXIS2_PLACEMENT_3D ( 'NONE', #327, #7678, #11586 ) ;
#7652 = CARTESIAN_POINT ( 'NONE',  ( -19.64122733931598574, 51.19999999999999574, -8.744837826129506553 ) ) ;
#7653 = AXIS2_PLACEMENT_3D ( 'NONE', #6082, #8120, #9078 ) ;
#7654 = AXIS2_PLACEMENT_3D ( 'NONE', #990, #6026, #5833 ) ;
#7655 = ORIENTED_EDGE ( 'NONE', *, *, #2330, .F. ) ;
#7656 = ORIENTED_EDGE ( 'NONE', *, *, #5728, .F. ) ;
#7657 = EDGE_CURVE ( 'NONE', #6260, #159, #949, .T. ) ;
#7658 = AXIS2_PLACEMENT_3D ( 'NONE', #8748, #4855, #4726 ) ;
#7659 = DIRECTION ( 'NONE',  ( 0.000000000000000000, 0.000000000000000000, 1.000000000000000000 ) ) ;
#7660 = AXIS2_PLACEMENT_3D ( 'NONE', #1606, #5551, #9446 ) ;
#7661 = DIRECTION ( 'NONE',  ( 0.000000000000000000, 0.000000000000000000, 1.000000000000000000 ) ) ;
#7662 = FACE_OUTER_BOUND ( 'NONE', #1305, .T. ) ;
#7663 = AXIS2_PLACEMENT_3D ( 'NONE', #4665, #11445, #7595 ) ;
#7664 = DIRECTION ( 'NONE',  ( 0.000000000000000000, -2.991412108253678048E-16, 1.000000000000000000 ) ) ;
#7665 = ORIENTED_EDGE ( 'NONE', *, *, #7918, .T. ) ;
#7666 = FACE_OUTER_BOUND ( 'NONE', #7542, .T. ) ;
#7667 = DIRECTION ( 'NONE',  ( -9.860761315262647568E-32, 1.000000000000000000, 3.061616997868382155E-16 ) ) ;
#7668 = CARTESIAN_POINT ( 'NONE',  ( 10.53277056407873147, 51.20000000000000995, 18.74328531086469596 ) ) ;
#7669 = PRODUCT_DEFINITION ( 'UNKNOWN', '', #11548, #2383 ) ;
#7670 = DIRECTION ( 'NONE',  ( 0.000000000000000000, -1.000000000000000000, -3.061616997868383141E-16 ) ) ;
#7671 = AXIS2_PLACEMENT_3D ( 'NONE', #9756, #10909, #5724 ) ;
#7672 = CARTESIAN_POINT ( 'NONE',  ( 20.07197916968984686, 45.19999999999998863, 7.704910915223913470 ) ) ;
#7673 = ORIENTED_EDGE ( 'NONE', *, *, #3375, .T. ) ;
#7674 = EDGE_CURVE ( 'NONE', #12046, #10111, #3441, .T. ) ;
#7675 = ORIENTED_EDGE ( 'NONE', *, *, #3043, .T. ) ;
#7676 = EDGE_CURVE ( 'NONE', #3603, #4832, #5349, .T. ) ;
#7677 = VERTEX_POINT ( 'NONE', #4326 ) ;
#7678 = DIRECTION ( 'NONE',  ( 0.000000000000000000, -0.7071067811865515695, -0.7071067811865436870 ) ) ;
#7679 = CARTESIAN_POINT ( 'NONE',  ( 13.72375690439585760, -80.41022924428168039, -16.55018116000689687 ) ) ;
#7680 = CARTESIAN_POINT ( 'NONE',  ( 20.76740526521497543, -80.41022924428168039, 5.564609469704108413 ) ) ;
#7681 = DIRECTION ( 'NONE',  ( -9.860761315262647568E-32, 1.000000000000000000, 3.061616997868382648E-16 ) ) ;
#7682 = DIRECTION ( 'NONE',  ( 0.000000000000000000, 0.7071067811865516806, 0.7071067811865434649 ) ) ;
#7683 = ORIENTED_EDGE ( 'NONE', *, *, #3288, .T. ) ;
#7684 = DIRECTION ( 'NONE',  ( 0.000000000000000000, 0.000000000000000000, 1.000000000000000000 ) ) ;
#7685 = CARTESIAN_POINT ( 'NONE',  ( 1.125223059223148248, 45.19999999999998863, -21.47053499722332148 ) ) ;
#7686 = CARTESIAN_POINT ( 'NONE',  ( -10.75000000000014744, -80.41022924428168039, -18.61954618136536155 ) ) ;
#7687 = VERTEX_POINT ( 'NONE', #8290 ) ;
#7688 = EDGE_CURVE ( 'NONE', #8515, #9590, #2379, .T. ) ;
#7689 = CARTESIAN_POINT ( 'NONE',  ( -21.38222075041788628, 51.19999999999999574, -2.247361960254321556 ) ) ;
#7690 = DIRECTION ( 'NONE',  ( -6.162975822039154730E-33, 1.000000000000000000, 3.061616997868381662E-16 ) ) ;
#7691 = ADVANCED_FACE ( 'NONE', ( #5230 ), #4259, .T. ) ;
#7692 = EDGE_LOOP ( 'NONE', ( #5539, #10252, #5545, #6336 ) ) ;
#7693 = AXIS2_PLACEMENT_3D ( 'NONE', #1447, #9105, #5396 ) ;
#7694 = EDGE_CURVE ( 'NONE', #884, #10033, #8100, .T. ) ;
#7695 = ORIENTED_EDGE ( 'NONE', *, *, #10724, .F. ) ;
#7696 = DIRECTION ( 'NONE',  ( 0.000000000000000000, -3.227392513445222318E-16, 1.000000000000000000 ) ) ;
#7697 = CARTESIAN_POINT ( 'NONE',  ( 7.704910915223833534, 51.19999999999999574, -19.82197916968985396 ) ) ;
#7698 = ORIENTED_EDGE ( 'NONE', *, *, #5127, .F. ) ;
#7699 = DIRECTION ( 'NONE',  ( 0.000000000000000000, -1.000000000000000000, -3.061616997868383141E-16 ) ) ;
#7700 = CARTESIAN_POINT ( 'NONE',  ( -0.8754938253331082665, 51.19999999999999574, -21.48216726873254245 ) ) ;
#7701 = EDGE_CURVE ( 'NONE', #2964, #5983, #6739, .T. ) ;
#7702 = CIRCLE ( 'NONE', #11592, 0.2500000000000002220 ) ;
#7703 = VERTEX_POINT ( 'NONE', #6250 ) ;
#7704 = ORIENTED_EDGE ( 'NONE', *, *, #6039, .F. ) ;
#7705 = ORIENTED_EDGE ( 'NONE', *, *, #316, .F. ) ;
#7706 = DIRECTION ( 'NONE',  ( -0.000000000000000000, 1.000000000000000000, 3.061616997868383141E-16 ) ) ;
#7707 = DIRECTION ( 'NONE',  ( 0.000000000000000000, -1.000000000000000000, -3.061616997868383141E-16 ) ) ;
#7708 = EDGE_LOOP ( 'NONE', ( #11755, #4242, #1131, #2403 ) ) ;
#7709 = CIRCLE ( 'NONE', #6913, 0.2500000000000002220 ) ;
#7710 = LINE ( 'NONE', #1930, #4150 ) ;
#7711 = CARTESIAN_POINT ( 'NONE',  ( 17.39386537906129604, 51.19999999999999574, -12.63738292428823407 ) ) ;
#7712 = CARTESIAN_POINT ( 'NONE',  ( 17.53963331177567397, 45.20000000000000284, 12.43427775499842980 ) ) ;
#7713 = CYLINDRICAL_SURFACE ( 'NONE', #12096, 0.2500000000000002220 ) ;
#7714 = EDGE_CURVE ( 'NONE', #1326, #10920, #11410, .T. ) ;
#7715 = FACE_OUTER_BOUND ( 'NONE', #6095, .T. ) ;
#7716 = ORIENTED_EDGE ( 'NONE', *, *, #2470, .T. ) ;
#7717 = AXIS2_PLACEMENT_3D ( 'NONE', #12189, #11999, #382 ) ;
#7718 = ORIENTED_EDGE ( 'NONE', *, *, #9843, .T. ) ;
#7719 = AXIS2_PLACEMENT_3D ( 'NONE', #10938, #7921, #3109 ) ;
#7720 = CARTESIAN_POINT ( 'NONE',  ( 21.47053499722332504, -80.41022924428168039, -1.125223059223392941 ) ) ;
#7721 = FACE_OUTER_BOUND ( 'NONE', #151, .T. ) ;
#7722 = CARTESIAN_POINT ( 'NONE',  ( 4.470101352581692389, -80.41022924428168039, -20.78017341577686139 ) ) ;
#7723 = VERTEX_POINT ( 'NONE', #4138 ) ;
#7724 = CARTESIAN_POINT ( 'NONE',  ( 2.510525938252074876E-15, 28.86506350946110899, -20.50000000000002132 ) ) ;
#7725 = VECTOR ( 'NONE', #11239, 1000.000000000000000 ) ;
#7726 = CARTESIAN_POINT ( 'NONE',  ( 8.744837826129582936, 51.19999999999999574, -19.39122733931593956 ) ) ;
#7727 = CARTESIAN_POINT ( 'NONE',  ( -18.03141721082671367, 45.19999999999998863, -11.45973925282289940 ) ) ;
#7728 = CIRCLE ( 'NONE', #4272, 0.2500000000000002220 ) ;
#7729 = DIRECTION ( 'NONE',  ( 0.000000000000000000, 0.000000000000000000, -1.000000000000000000 ) ) ;
#7730 = CYLINDRICAL_SURFACE ( 'NONE', #6209, 21.50000000000000355 ) ;
#7731 = VERTEX_POINT ( 'NONE', #11934 ) ;
#7732 = ORIENTED_EDGE ( 'NONE', *, *, #5149, .F. ) ;
#7733 = VERTEX_POINT ( 'NONE', #7076 ) ;
#7734 = CIRCLE ( 'NONE', #2212, 20.50000000000000711 ) ;
#7735 = LINE ( 'NONE', #1119, #8110 ) ;
#7736 = CARTESIAN_POINT ( 'NONE',  ( 12.63738292428818610, -80.41022924428169460, 17.39386537906132091 ) ) ;
#7737 = EDGE_CURVE ( 'NONE', #74, #240, #3219, .T. ) ;
#7738 = FACE_OUTER_BOUND ( 'NONE', #1444, .T. ) ;
#7739 = FACE_OUTER_BOUND ( 'NONE', #9191, .T. ) ;
#7740 = ORIENTED_EDGE ( 'NONE', *, *, #5495, .T. ) ;
#7741 = DIRECTION ( 'NONE',  ( 0.000000000000000000, 0.000000000000000000, 1.000000000000000000 ) ) ;
#7742 = DIRECTION ( 'NONE',  ( -0.000000000000000000, 1.000000000000000000, 3.061616997868383141E-16 ) ) ;
#7743 = CARTESIAN_POINT ( 'NONE',  ( -17.39386537906147012, -80.41022924428168039, -12.63738292428803511 ) ) ;
#7744 = EDGE_LOOP ( 'NONE', ( #10586, #6783, #9288, #1017 ) ) ;
#7745 = ADVANCED_FACE ( 'NONE', ( #7135 ), #3279, .T. ) ;
#7746 = CARTESIAN_POINT ( 'NONE',  ( 0.000000000000000000, 87.50000000000001421, 3.730185188303422936E-15 ) ) ;
#7747 = AXIS2_PLACEMENT_3D ( 'NONE', #12694, #8861, #3028 ) ;
#7748 = CARTESIAN_POINT ( 'NONE',  ( 0.9999999999999995559, 0.08699999999999999400, 2.800000000000000266 ) ) ;
#7749 = CIRCLE ( 'NONE', #1396, 0.2500000000000002220 ) ;
#7750 = ORIENTED_EDGE ( 'NONE', *, *, #1485, .F. ) ;
#7751 = CYLINDRICAL_SURFACE ( 'NONE', #6227, 0.2500000000000002220 ) ;
#7752 = ADVANCED_FACE ( 'NONE', ( #11172 ), #7016, .F. ) ;
#7753 = ORIENTED_EDGE ( 'NONE', *, *, #2232, .T. ) ;
#7754 = CARTESIAN_POINT ( 'NONE',  ( -19.04184949573553709, 51.19999999999999574, -9.982883740771317349 ) ) ;
#7755 = ADVANCED_FACE ( 'NONE', ( #2121 ), #10459, .F. ) ;
#7756 = ADVANCED_FACE ( 'NONE', ( #2690 ), #8475, .T. ) ;
#7757 = DIRECTION ( 'NONE',  ( -0.000000000000000000, 1.000000000000000000, 3.061616997868383141E-16 ) ) ;
#7758 = CARTESIAN_POINT ( 'NONE',  ( 6.405656115871581235, 51.19999999999999574, -20.52358569366467478 ) ) ;
#7759 = ORIENTED_EDGE ( 'NONE', *, *, #7132, .F. ) ;
#7760 = DIRECTION ( 'NONE',  ( 0.000000000000000000, 0.000000000000000000, 1.000000000000000000 ) ) ;
#7761 = FACE_OUTER_BOUND ( 'NONE', #5002, .T. ) ;
#7762 = AXIS2_PLACEMENT_3D ( 'NONE', #2810, #11718, #2942 ) ;
#7763 = ORIENTED_EDGE ( 'NONE', *, *, #5160, .T. ) ;
#7764 = ORIENTED_EDGE ( 'NONE', *, *, #2653, .T. ) ;
#7765 = EDGE_CURVE ( 'NONE', #8843, #4083, #5531, .T. ) ;
#7766 = ORIENTED_EDGE ( 'NONE', *, *, #149, .T. ) ;
#7767 = CARTESIAN_POINT ( 'NONE',  ( -5.805710654484836475, -80.41022924428168039, -20.70129763556868596 ) ) ;
#7768 = CIRCLE ( 'NONE', #8192, 21.50000000000000000 ) ;
#7769 = EDGE_CURVE ( 'NONE', #3826, #1159, #11609, .T. ) ;
#7770 = CARTESIAN_POINT ( 'NONE',  ( -20.07197916968974027, 51.19999999999999574, 7.704910915224182588 ) ) ;
#7771 = EDGE_LOOP ( 'NONE', ( #2760, #2233, #6992, #7705 ) ) ;
#7772 = AXIS2_PLACEMENT_3D ( 'NONE', #10890, #290, #12038 ) ;
#7773 = DIRECTION ( 'NONE',  ( 0.000000000000000000, -1.000000000000000000, -3.061616997868383141E-16 ) ) ;
#7774 = CARTESIAN_POINT ( 'NONE',  ( 0.9993795618995751084, -0.08424658751968629178, -2.797246587519686134 ) ) ;
#7775 = EDGE_CURVE ( 'NONE', #7403, #6599, #2563, .T. ) ;
#7776 = CARTESIAN_POINT ( 'NONE',  ( 0.9999999999999995559, 47.85087804878074280, 0.000000000000000000 ) ) ;
#7777 = DIRECTION ( 'NONE',  ( 0.000000000000000000, -3.227392513445220839E-16, 1.000000000000000000 ) ) ;
#7778 = CIRCLE ( 'NONE', #5540, 0.2500000000000002220 ) ;
#7779 = ORIENTED_EDGE ( 'NONE', *, *, #10675, .T. ) ;
#7780 = ORIENTED_EDGE ( 'NONE', *, *, #2829, .T. ) ;
#7781 = CIRCLE ( 'NONE', #4125, 21.50000000000001066 ) ;
#7782 = CARTESIAN_POINT ( 'NONE',  ( 5.564609469704060452, -80.41022924428168039, -20.76740526521501451 ) ) ;
#7783 = ADVANCED_FACE ( 'NONE', ( #1648, #1586 ), #8409, .T. ) ;
#7784 = ORIENTED_EDGE ( 'NONE', *, *, #2262, .T. ) ;
#7785 = DIRECTION ( 'NONE',  ( 7.395570986446986770E-32, 1.000000000000000000, 3.061616997868381169E-16 ) ) ;
#7786 = CARTESIAN_POINT ( 'NONE',  ( -20.52358569366469609, 51.19999999999999574, -6.405656115871489753 ) ) ;
#7787 = DIRECTION ( 'NONE',  ( -0.000000000000000000, 1.000000000000000000, 3.061616997868383141E-16 ) ) ;
#7788 = ORIENTED_EDGE ( 'NONE', *, *, #1076, .T. ) ;
#7789 = CARTESIAN_POINT ( 'NONE',  ( -16.55018116000691464, -80.41022924428168039, -13.72375690439583273 ) ) ;
#7790 = DIRECTION ( 'NONE',  ( 0.000000000000000000, 1.000000000000000000, 3.061616997868381169E-16 ) ) ;
#7791 = CARTESIAN_POINT ( 'NONE',  ( -0.9982926688218050071, 0.07648957950548138096, -2.636510420494520002 ) ) ;
#7792 = AXIS2_PLACEMENT_3D ( 'NONE', #1266, #9176, #7188 ) ;
#7793 = CARTESIAN_POINT ( 'NONE',  ( -16.70863817132498141, 45.19999999999998863, -13.28038840757134409 ) ) ;
#7794 = DIRECTION ( 'NONE',  ( -0.000000000000000000, 1.000000000000000000, 3.061616997868383141E-16 ) ) ;
#7795 = ORIENTED_EDGE ( 'NONE', *, *, #2814, .T. ) ;
#7796 = EDGE_LOOP ( 'NONE', ( #10698, #7330, #3695, #2975 ) ) ;
#7797 = ORIENTED_EDGE ( 'NONE', *, *, #2184, .T. ) ;
#7798 = CARTESIAN_POINT ( 'NONE',  ( 3.116195710812345254, 45.19999999999998863, -21.27297168455581655 ) ) ;
#7799 = EDGE_CURVE ( 'NONE', #3626, #9230, #3453, .T. ) ;
#7800 = CARTESIAN_POINT ( 'NONE',  ( 14.57111852952460218, 51.20000000000000995, 15.80925377108434482 ) ) ;
#7801 = DIRECTION ( 'NONE',  ( 0.000000000000000000, 0.000000000000000000, 1.000000000000000000 ) ) ;
#7802 = DIRECTION ( 'NONE',  ( -0.000000000000000000, 1.000000000000000000, 3.061616997868383141E-16 ) ) ;
#7803 = CARTESIAN_POINT ( 'NONE',  ( -21.38222075041788628, -80.41022924428168039, -1.997361960254361746 ) ) ;
#7804 = ORIENTED_EDGE ( 'NONE', *, *, #3731, .T. ) ;
#7805 = DIRECTION ( 'NONE',  ( -0.000000000000000000, 1.000000000000000000, 3.061616997868383141E-16 ) ) ;
#7806 = DIRECTION ( 'NONE',  ( -0.000000000000000000, 1.000000000000000000, 3.061616997868383141E-16 ) ) ;
#7807 = DIRECTION ( 'NONE',  ( 0.000000000000000000, -3.227392513445220839E-16, 1.000000000000000000 ) ) ;
#7808 = ORIENTED_EDGE ( 'NONE', *, *, #1100, .T. ) ;
#7809 = DIRECTION ( 'NONE',  ( -0.000000000000000000, 1.000000000000000000, 3.061616997868383141E-16 ) ) ;
#7810 = CARTESIAN_POINT ( 'NONE',  ( -0.9950000000000006617, -47.85087804878048701, 0.000000000000000000 ) ) ;
#7811 = ORIENTED_EDGE ( 'NONE', *, *, #7021, .F. ) ;
#7812 = LINE ( 'NONE', #9103, #4389 ) ;
#7813 = LINE ( 'NONE', #2947, #8913 ) ;
#7814 = EDGE_LOOP ( 'NONE', ( #9532, #9337, #2358, #3736 ) ) ;
#7815 = CARTESIAN_POINT ( 'NONE',  ( 4.470101352581833609, 45.20000000000000284, 21.03017341577682231 ) ) ;
#7816 = DIRECTION ( 'NONE',  ( -0.000000000000000000, 1.000000000000000000, 3.061616997868383141E-16 ) ) ;
#7817 = ORIENTED_EDGE ( 'NONE', *, *, #1504, .F. ) ;
#7818 = DIRECTION ( 'NONE',  ( -6.162975822039154730E-33, 1.000000000000000000, 3.061616997868383141E-16 ) ) ;
#7819 = CONICAL_SURFACE ( 'NONE', #9890, 18.49999999999999645, 0.2094395102393203645 ) ;
#7820 = CARTESIAN_POINT ( 'NONE',  ( 0.000000000000000000, 78.75000000000000000, 1.051270315168586837E-15 ) ) ;
#7821 = PRESENTATION_LAYER_ASSIGNMENT (  '', '', ( #4159 ) ) ;
#7822 = AXIS2_PLACEMENT_3D ( 'NONE', #7982, #8747, #9852 ) ;
#7823 = EDGE_CURVE ( 'NONE', #9807, #859, #5477, .T. ) ;
#7824 = AXIS2_PLACEMENT_3D ( 'NONE', #2989, #11772, #11637 ) ;
#7825 = ORIENTED_EDGE ( 'NONE', *, *, #4785, .T. ) ;
#7826 = EDGE_LOOP ( 'NONE', ( #10843, #6891, #4972, #5759 ) ) ;
#7827 = ADVANCED_FACE ( 'NONE', ( #2439 ), #9428, .T. ) ;
#7828 = VERTEX_POINT ( 'NONE', #3533 ) ;
#7829 = CARTESIAN_POINT ( 'NONE',  ( 19.15664027004985215, -80.41022924428168039, -9.510795744400358132 ) ) ;
#7830 = DIRECTION ( 'NONE',  ( 0.000000000000000000, -3.227392513445222318E-16, 1.000000000000000000 ) ) ;
#7831 = ORIENTED_EDGE ( 'NONE', *, *, #8014, .F. ) ;
#7832 = CIRCLE ( 'NONE', #2309, 0.2500000000000002220 ) ;
#7833 = CIRCLE ( 'NONE', #10700, 0.2500000000000002220 ) ;
#7834 = FACE_OUTER_BOUND ( 'NONE', #9972, .T. ) ;
#7835 = CARTESIAN_POINT ( 'NONE',  ( 0.000000000000000000, 51.20000000000000995, -7.383484513958806747E-15 ) ) ;
#7836 = DIRECTION ( 'NONE',  ( -0.000000000000000000, 1.000000000000000000, 3.061616997868383141E-16 ) ) ;
#7837 = CARTESIAN_POINT ( 'NONE',  ( -14.38630803671557956, 51.19999999999999574, -15.97761374776382759 ) ) ;
#7838 = ORIENTED_EDGE ( 'NONE', *, *, #8657, .F. ) ;
#7839 = DIRECTION ( 'NONE',  ( -0.000000000000000000, 1.000000000000000000, 3.061616997868383141E-16 ) ) ;
#7840 = VECTOR ( 'NONE', #1007, 1000.000000000000000 ) ;
#7841 = ORIENTED_EDGE ( 'NONE', *, *, #312, .T. ) ;
#7842 = AXIS2_PLACEMENT_3D ( 'NONE', #1217, #1280, #1154 ) ;
#7843 = EDGE_CURVE ( 'NONE', #5666, #3640, #1527, .T. ) ;
#7844 = CIRCLE ( 'NONE', #9485, 21.50000000000001066 ) ;
#7845 = EDGE_LOOP ( 'NONE', ( #12692, #10364, #1032, #7656 ) ) ;
#7846 = AXIS2_PLACEMENT_3D ( 'NONE', #8641, #12484, #10508 ) ;
#7847 = EDGE_CURVE ( 'NONE', #6647, #5436, #12624, .T. ) ;
#7848 = DIRECTION ( 'NONE',  ( 0.000000000000000000, 0.000000000000000000, 1.000000000000000000 ) ) ;
#7849 = EDGE_LOOP ( 'NONE', ( #3505, #7779, #891, #4168 ) ) ;
#7850 = PLANE ( 'NONE',  #3117 ) ;
#7851 = AXIS2_PLACEMENT_3D ( 'NONE', #6415, #6603, #9472 ) ;
#7852 = DIRECTION ( 'NONE',  ( 0.000000000000000000, -3.227392513445222318E-16, 1.000000000000000000 ) ) ;
#7853 = ORIENTED_EDGE ( 'NONE', *, *, #3943, .F. ) ;
#7854 = DIRECTION ( 'NONE',  ( 0.000000000000000000, 1.000000000000000000, 3.061616997868383141E-16 ) ) ;
#7855 = CARTESIAN_POINT ( 'NONE',  ( -8.744837826129849390, -80.41022924428168039, -19.64122733931586851 ) ) ;
#7856 = DIRECTION ( 'NONE',  ( 0.000000000000000000, 0.000000000000000000, 1.000000000000000000 ) ) ;
#7857 = ADVANCED_FACE ( 'NONE', ( #12374 ), #3601, .F. ) ;
#7858 = CARTESIAN_POINT ( 'NONE',  ( -18.03141721082671367, 45.19999999999998863, -11.70973925282289940 ) ) ;
#7859 = CARTESIAN_POINT ( 'NONE',  ( -16.86483603740587611, 51.20000000000000995, 13.33519049100596376 ) ) ;
#7860 = VERTEX_POINT ( 'NONE', #11414 ) ;
#7861 = EDGE_CURVE ( 'NONE', #7941, #4613, #8743, .T. ) ;
#7862 = ORIENTED_EDGE ( 'NONE', *, *, #5421, .T. ) ;
#7863 = AXIS2_PLACEMENT_3D ( 'NONE', #6840, #10739, #1942 ) ;
#7864 = AXIS2_PLACEMENT_3D ( 'NONE', #6014, #5067, #3113 ) ;
#7865 = AXIS2_PLACEMENT_3D ( 'NONE', #8564, #11321, #4728 ) ;
#7866 = ORIENTED_EDGE ( 'NONE', *, *, #12454, .F. ) ;
#7867 = DIRECTION ( 'NONE',  ( 0.000000000000000000, -3.227392513445222318E-16, 1.000000000000000000 ) ) ;
#7868 = DIRECTION ( 'NONE',  ( 0.000000000000000000, 0.000000000000000000, 1.000000000000000000 ) ) ;
#7869 = CARTESIAN_POINT ( 'NONE',  ( -12.43427775499823973, 45.20000000000000284, 17.53963331177581608 ) ) ;
#7870 = LINE ( 'NONE', #6987, #1287 ) ;
#7871 = ORIENTED_EDGE ( 'NONE', *, *, #2972, .F. ) ;
#7872 = CARTESIAN_POINT ( 'NONE',  ( 15.97761374776399457, -80.41022924428169460, 14.38630803671539127 ) ) ;
#7873 = AXIS2_PLACEMENT_3D ( 'NONE', #1983, #6943, #5914 ) ;
#7874 = DIRECTION ( 'NONE',  ( 1.000000000000000000, -0.000000000000000000, -0.000000000000000000 ) ) ;
#7875 = DIRECTION ( 'NONE',  ( -0.000000000000000000, 1.000000000000000000, 3.061616997868383141E-16 ) ) ;
#7876 = ORIENTED_EDGE ( 'NONE', *, *, #9168, .F. ) ;
#7877 = CARTESIAN_POINT ( 'NONE',  ( 0.9991179619992966998, 0.08475192185264218692, 2.797751921852642543 ) ) ;
#7878 = CARTESIAN_POINT ( 'NONE',  ( 21.03017341577682231, -80.41022924428168039, 4.470101352581736798 ) ) ;
#7879 = ORIENTED_EDGE ( 'NONE', *, *, #3943, .T. ) ;
#7880 = ADVANCED_FACE ( 'NONE', ( #3472 ), #4633, .T. ) ;
#7881 = EDGE_CURVE ( 'NONE', #2891, #204, #4697, .T. ) ;
#7882 = EDGE_LOOP ( 'NONE', ( #5085, #1115, #1511, #11010 ) ) ;
#7883 = CIRCLE ( 'NONE', #2965, 21.50000000000000000 ) ;
#7884 = CARTESIAN_POINT ( 'NONE',  ( 0.000000000000000000, 45.20000000000000995, -9.220454712679835547E-15 ) ) ;
#7885 = LINE ( 'NONE', #8915, #10345 ) ;
#7886 = ORIENTED_EDGE ( 'NONE', *, *, #12091, .F. ) ;
#7887 = CARTESIAN_POINT ( 'NONE',  ( -21.47053499722331793, 45.19999999999998863, 1.125223059223537048 ) ) ;
#7888 = DIRECTION ( 'NONE',  ( 0.000000000000000000, -1.000000000000000000, -3.061616997868383141E-16 ) ) ;
#7889 = CYLINDRICAL_SURFACE ( 'NONE', #4784, 0.2500000000000002220 ) ;
#7890 = ORIENTED_EDGE ( 'NONE', *, *, #6318, .T. ) ;
#7891 = CARTESIAN_POINT ( 'NONE',  ( -4.470101352581976606, 51.19999999999999574, -21.03017341577675836 ) ) ;
#7892 = DIRECTION ( 'NONE',  ( 0.000000000000000000, 0.000000000000000000, -1.000000000000000000 ) ) ;
#7893 = DIRECTION ( 'NONE',  ( -0.000000000000000000, 1.000000000000000000, 3.061616997868383141E-16 ) ) ;
#7894 = VECTOR ( 'NONE', #1513, 1000.000000000000000 ) ;
#7895 = EDGE_CURVE ( 'NONE', #8350, #8822, #9161, .T. ) ;
#7896 = ORIENTED_EDGE ( 'NONE', *, *, #3100, .F. ) ;
#7897 = ORIENTED_EDGE ( 'NONE', *, *, #2346, .T. ) ;
#7898 = CIRCLE ( 'NONE', #4444, 0.2500000000000002220 ) ;
#7899 = ORIENTED_EDGE ( 'NONE', *, *, #7455, .F. ) ;
#7900 = LINE ( 'NONE', #5858, #8138 ) ;
#7901 = FACE_OUTER_BOUND ( 'NONE', #8798, .T. ) ;
#7902 = ORIENTED_EDGE ( 'NONE', *, *, #3564, .F. ) ;
#7903 = EDGE_CURVE ( 'NONE', #11160, #3818, #340, .T. ) ;
#7904 = DIRECTION ( 'NONE',  ( 0.000000000000000000, 0.000000000000000000, 1.000000000000000000 ) ) ;
#7905 = DIRECTION ( 'NONE',  ( 0.000000000000000000, 0.000000000000000000, -1.000000000000000000 ) ) ;
#7906 = AXIS2_PLACEMENT_3D ( 'NONE', #1706, #7614, #10571 ) ;
#7907 = FACE_OUTER_BOUND ( 'NONE', #12423, .T. ) ;
#7908 = DIRECTION ( 'NONE',  ( 1.232595164407830946E-32, 1.000000000000000000, 3.061616997868381662E-16 ) ) ;
#7909 = VERTEX_POINT ( 'NONE', #5721 ) ;
#7910 = EDGE_CURVE ( 'NONE', #9179, #8830, #8844, .T. ) ;
#7911 = EDGE_LOOP ( 'NONE', ( #7205, #2684, #5424, #11274 ) ) ;
#7912 = ORIENTED_EDGE ( 'NONE', *, *, #12076, .T. ) ;
#7913 = AXIS2_PLACEMENT_3D ( 'NONE', #5816, #9720, #6717 ) ;
#7914 = FACE_OUTER_BOUND ( 'NONE', #8839, .T. ) ;
#7915 = EDGE_CURVE ( 'NONE', #2370, #7461, #7516, .T. ) ;
#7916 = ORIENTED_EDGE ( 'NONE', *, *, #3360, .T. ) ;
#7917 = FACE_OUTER_BOUND ( 'NONE', #2188, .T. ) ;
#7918 = EDGE_CURVE ( 'NONE', #11972, #10915, #5289, .T. ) ;
#7919 = CARTESIAN_POINT ( 'NONE',  ( 1.961620953627966510E-15, 8.700000000000004619, -16.01785065697086097 ) ) ;
#7920 = ORIENTED_EDGE ( 'NONE', *, *, #12177, .F. ) ;
#7921 = DIRECTION ( 'NONE',  ( -0.000000000000000000, 1.000000000000000000, 3.061616997868383141E-16 ) ) ;
#7922 = DIRECTION ( 'NONE',  ( 0.000000000000000000, 0.000000000000000000, 1.000000000000000000 ) ) ;
#7923 = CARTESIAN_POINT ( 'NONE',  ( 20.52358569366468544, -80.41022924428168039, 6.405656115871457779 ) ) ;
#7924 = LINE ( 'NONE', #11895, #7425 ) ;
#7925 = CIRCLE ( 'NONE', #9559, 0.2500000000000002220 ) ;
#7926 = DIRECTION ( 'NONE',  ( -0.000000000000000000, 1.000000000000000000, 3.061616997868383141E-16 ) ) ;
#7927 = ORIENTED_EDGE ( 'NONE', *, *, #11553, .F. ) ;
#7928 = VERTEX_POINT ( 'NONE', #6685 ) ;
#7929 = VERTEX_POINT ( 'NONE', #8721 ) ;
#7930 = CIRCLE ( 'NONE', #10795, 0.2500000000000002220 ) ;
#7931 = DIRECTION ( 'NONE',  ( -9.860761315262647568E-32, 1.000000000000000000, 3.061616997868383634E-16 ) ) ;
#7932 = AXIS2_PLACEMENT_3D ( 'NONE', #256, #6185, #6893 ) ;
#7933 = DIRECTION ( 'NONE',  ( 9.860761315262647568E-32, 1.000000000000000000, 3.061616997868381662E-16 ) ) ;
#7934 = EDGE_CURVE ( 'NONE', #3807, #8449, #5848, .T. ) ;
#7935 = FACE_OUTER_BOUND ( 'NONE', #5476, .T. ) ;
#7936 = CYLINDRICAL_SURFACE ( 'NONE', #877, 0.2500000000000002220 ) ;
#7937 = ORIENTED_EDGE ( 'NONE', *, *, #7657, .F. ) ;
#7938 = CARTESIAN_POINT ( 'NONE',  ( -16.55018116000705675, 45.19999999999998863, -13.72375690439568707 ) ) ;
#7939 = FACE_OUTER_BOUND ( 'NONE', #4596, .T. ) ;
#7940 = CARTESIAN_POINT ( 'NONE',  ( 10.96577594754919538, 51.20000000000000995, 18.49328953615746585 ) ) ;
#7941 = VERTEX_POINT ( 'NONE', #2758 ) ;
#7942 = FACE_OUTER_BOUND ( 'NONE', #5454, .T. ) ;
#7943 = EDGE_CURVE ( 'NONE', #5046, #10796, #130, .T. ) ;
#7944 = CARTESIAN_POINT ( 'NONE',  ( 21.47053499722332504, 45.19999999999998863, -1.125223059223354527 ) ) ;
#7945 = EDGE_LOOP ( 'NONE', ( #9315, #2815, #5082, #10625 ) ) ;
#7946 = CIRCLE ( 'NONE', #2198, 0.2500000000000002220 ) ;
#7947 = ORIENTED_EDGE ( 'NONE', *, *, #10612, .F. ) ;
#7948 = AXIS2_PLACEMENT_3D ( 'NONE', #9786, #1168, #5817 ) ;
#7949 = CARTESIAN_POINT ( 'NONE',  ( -0.9998813553147612998, 0.07408534169292402272, -2.638914658307078831 ) ) ;
#7950 = CARTESIAN_POINT ( 'NONE',  ( 0.000000000000000000, 51.20000000000000995, -7.383484513958806747E-15 ) ) ;
#7951 = ORIENTED_EDGE ( 'NONE', *, *, #8177, .F. ) ;
#7952 = DIRECTION ( 'NONE',  ( 0.000000000000000000, -3.227392513445220839E-16, 1.000000000000000000 ) ) ;
#7953 = EDGE_CURVE ( 'NONE', #8981, #8532, #7930, .T. ) ;
#7954 = DIRECTION ( 'NONE',  ( 2.465190328815661892E-32, 1.000000000000000000, 3.061616997868383141E-16 ) ) ;
#7955 = CYLINDRICAL_SURFACE ( 'NONE', #10304, 21.50000000000000355 ) ;
#7956 = ORIENTED_EDGE ( 'NONE', *, *, #316, .T. ) ;
#7957 = DIRECTION ( 'NONE',  ( 0.000000000000000000, 0.000000000000000000, 1.000000000000000000 ) ) ;
#7958 = EDGE_CURVE ( 'NONE', #2991, #8369, #3022, .T. ) ;
#7959 = CARTESIAN_POINT ( 'NONE',  ( -20.44771510034585660, 45.19999999999998863, -6.393865379061154819 ) ) ;
#7960 = CARTESIAN_POINT ( 'NONE',  ( -4.225266388133059436, 51.20000000000000995, 21.08072873382968737 ) ) ;
#7961 = VECTOR ( 'NONE', #6065, 1000.000000000000000 ) ;
#7962 = VERTEX_POINT ( 'NONE', #7754 ) ;
#7963 = CIRCLE ( 'NONE', #11040, 0.2500000000000002220 ) ;
#7964 = ORIENTED_EDGE ( 'NONE', *, *, #11349, .F. ) ;
#7965 = DIRECTION ( 'NONE',  ( 3.697785493223493385E-32, 1.000000000000000000, 3.061616997868381662E-16 ) ) ;
#7966 = ADVANCED_FACE ( 'NONE', ( #10583 ), #749, .T. ) ;
#7967 = DIRECTION ( 'NONE',  ( -0.000000000000000000, 1.000000000000000000, 3.061616997868383141E-16 ) ) ;
#7968 = ORIENTED_EDGE ( 'NONE', *, *, #3693, .F. ) ;
#7969 = AXIS2_PLACEMENT_3D ( 'NONE', #11346, #12425, #2621 ) ;
#7970 = CARTESIAN_POINT ( 'NONE',  ( 12.63738292428807419, -80.41022924428168039, -17.39386537906144881 ) ) ;
#7971 = FACE_OUTER_BOUND ( 'NONE', #150, .T. ) ;
#7972 = DIRECTION ( 'NONE',  ( 0.000000000000000000, 0.000000000000000000, -1.000000000000000000 ) ) ;
#7973 = VERTEX_POINT ( 'NONE', #1071 ) ;
#7974 = AXIS2_PLACEMENT_3D ( 'NONE', #11039, #11167, #2180 ) ;
#7975 = VERTEX_POINT ( 'NONE', #12619 ) ;
#7976 = AXIS2_PLACEMENT_3D ( 'NONE', #11648, #12487, #11593 ) ;
#7977 = DIRECTION ( 'NONE',  ( 0.000000000000000000, 0.000000000000000000, 1.000000000000000000 ) ) ;
#7978 = DIRECTION ( 'NONE',  ( 0.000000000000000000, 0.000000000000000000, 1.000000000000000000 ) ) ;
#7979 = AXIS2_PLACEMENT_3D ( 'NONE', #11021, #6285, #4115 ) ;
#7980 = EDGE_LOOP ( 'NONE', ( #10240, #3670, #1954, #7862 ) ) ;
#7981 = EDGE_CURVE ( 'NONE', #3886, #2733, #1363, .T. ) ;
#7982 = CARTESIAN_POINT ( 'NONE',  ( 16.70863817132489260, -80.41022924428169460, 13.53038840757144179 ) ) ;
#7983 = LINE ( 'NONE', #3950, #5423 ) ;
#7984 = ORIENTED_EDGE ( 'NONE', *, *, #2654, .F. ) ;
#7985 = CARTESIAN_POINT ( 'NONE',  ( 0.000000000000000000, 9.199999999999993960, 16.76785065697081833 ) ) ;
#7986 = AXIS2_PLACEMENT_3D ( 'NONE', #12502, #11867, #4834 ) ;
#7987 = CARTESIAN_POINT ( 'NONE',  ( 0.000000000000000000, 45.20000000000000995, -9.220454712679835547E-15 ) ) ;
#7988 = AXIS2_PLACEMENT_3D ( 'NONE', #7539, #9398, #9457 ) ;
#7989 = DIRECTION ( 'NONE',  ( 4.930380657631323784E-32, 1.000000000000000000, 3.061616997868382155E-16 ) ) ;
#7990 = CARTESIAN_POINT ( 'NONE',  ( 1.998583757652609094, 51.19999999999999574, -21.40690689856073803 ) ) ;
#7991 = CYLINDRICAL_SURFACE ( 'NONE', #12564, 0.2500000000000002220 ) ;
#7992 = VERTEX_POINT ( 'NONE', #11725 ) ;
#7993 = AXIS2_PLACEMENT_3D ( 'NONE', #2726, #6911, #5755 ) ;
#7994 = ADVANCED_FACE ( 'NONE', ( #2949 ), #1783, .T. ) ;
#7995 = VERTEX_POINT ( 'NONE', #10772 ) ;
#7996 = EDGE_CURVE ( 'NONE', #88, #12629, #3963, .T. ) ;
#7997 = VERTEX_POINT ( 'NONE', #10640 ) ;
#7998 = LINE ( 'NONE', #9732, #11179 ) ;
#7999 = CARTESIAN_POINT ( 'NONE',  ( 19.64122733931592535, 45.19999999999998863, 8.744837826129664649 ) ) ;
#8000 = AXIS2_PLACEMENT_3D ( 'NONE', #7837, #1804, #9636 ) ;
#8001 = CYLINDRICAL_SURFACE ( 'NONE', #5618, 0.2500000000000002220 ) ;
#8002 = ORIENTED_EDGE ( 'NONE', *, *, #505, .F. ) ;
#8003 = CARTESIAN_POINT ( 'NONE',  ( -3.610031534565564471, 51.19999999999999574, -21.19475577399849442 ) ) ;
#8004 = CARTESIAN_POINT ( 'NONE',  ( 0.000000000000000000, 51.20000000000000995, -7.383484513958806747E-15 ) ) ;
#8005 = LINE ( 'NONE', #3256, #1824 ) ;
#8006 = ORIENTED_EDGE ( 'NONE', *, *, #6488, .T. ) ;
#8007 = CARTESIAN_POINT ( 'NONE',  ( 0.9956472653865273692, 0.08696586433878158995, 2.799965864338782140 ) ) ;
#8008 = DIRECTION ( 'NONE',  ( 9.860761315262647568E-32, 1.000000000000000000, 3.061616997868382155E-16 ) ) ;
#8009 = ORIENTED_EDGE ( 'NONE', *, *, #7131, .T. ) ;
#8010 = ADVANCED_FACE ( 'NONE', ( #12498 ), #7631, .F. ) ;
#8011 = ORIENTED_EDGE ( 'NONE', *, *, #3804, .T. ) ;
#8012 = ADVANCED_FACE ( 'NONE', ( #818 ), #5910, .F. ) ;
#8013 = CARTESIAN_POINT ( 'NONE',  ( -0.9996401290936687278, 0.07465571176097633710, -2.638344288239026891 ) ) ;
#8014 = EDGE_CURVE ( 'NONE', #2197, #3886, #1843, .T. ) ;
#8015 = DIRECTION ( 'NONE',  ( -0.000000000000000000, 1.000000000000000000, 3.061616997868383141E-16 ) ) ;
#8016 = ORIENTED_EDGE ( 'NONE', *, *, #2215, .T. ) ;
#8017 = DIRECTION ( 'NONE',  ( 1.000000000000000000, 0.000000000000000000, 0.000000000000000000 ) ) ;
#8018 = CARTESIAN_POINT ( 'NONE',  ( 0.000000000000000000, 51.20000000000000995, -7.383484513958806747E-15 ) ) ;
#8019 = DIRECTION ( 'NONE',  ( 0.000000000000000000, -3.227392513445222318E-16, 1.000000000000000000 ) ) ;
#8020 = ORIENTED_EDGE ( 'NONE', *, *, #5242, .F. ) ;
#8021 = CARTESIAN_POINT ( 'NONE',  ( 0.000000000000000000, 87.50000000000001421, 3.730185188303422936E-15 ) ) ;
#8022 = DIRECTION ( 'NONE',  ( 0.000000000000000000, 0.000000000000000000, 1.000000000000000000 ) ) ;
#8023 = EDGE_CURVE ( 'NONE', #7461, #10344, #10709, .T. ) ;
#8024 = EDGE_CURVE ( 'NONE', #9249, #10796, #3014, .T. ) ;
#8025 = CIRCLE ( 'NONE', #15, 18.30000000000001137 ) ;
#8026 = ORIENTED_EDGE ( 'NONE', *, *, #6701, .T. ) ;
#8027 = DIRECTION ( 'NONE',  ( -2.465190328815661892E-32, 1.000000000000000000, 3.061616997868381169E-16 ) ) ;
#8028 = CARTESIAN_POINT ( 'NONE',  ( -4.714331922580580425, 45.19999999999998863, -20.97677464539619052 ) ) ;
#8029 = B_SPLINE_CURVE_WITH_KNOTS ( 'NONE', 3,
 ( #1734, #10469, #5667, #12319, #2702, #7518, #9503, #8608, #8420, #518, #11368, #2574, #9378, #1661, #12508, #8546 ),
 .UNSPECIFIED., .F., .F.,
 ( 4, 3, 3, 3, 3, 4 ),
 ( 8.758959612327588609E-19, 1.373775821561536408E-06, 2.737902105177245017E-06, 4.598658819363893319E-06, 7.064745935386284895E-06, 9.210299136935399636E-06 ),
 .UNSPECIFIED. ) ;
#8030 = ORIENTED_EDGE ( 'NONE', *, *, #9496, .T. ) ;
#8031 = FACE_OUTER_BOUND ( 'NONE', #4152, .T. ) ;
#8032 = CARTESIAN_POINT ( 'NONE',  ( 0.000000000000000000, 51.20000000000000995, -7.383484513958806747E-15 ) ) ;
#8033 = CARTESIAN_POINT ( 'NONE',  ( -18.74328531086487715, 45.19999999999998863, -10.53277056407837975 ) ) ;
#8034 = CIRCLE ( 'NONE', #8644, 0.2500000000000002220 ) ;
#8035 = CARTESIAN_POINT ( 'NONE',  ( 19.64122733931592535, 51.19999999999999574, 8.744837826129666425 ) ) ;
#8036 = CIRCLE ( 'NONE', #11922, 21.50000000000001066 ) ;
#8037 = AXIS2_PLACEMENT_3D ( 'NONE', #1192, #8264, #5150 ) ;
#8038 = ORIENTED_EDGE ( 'NONE', *, *, #6309, .T. ) ;
#8039 = ADVANCED_FACE ( 'NONE', ( #368 ), #9043, .T. ) ;
#8040 = ORIENTED_EDGE ( 'NONE', *, *, #65, .F. ) ;
#8041 = AXIS2_PLACEMENT_3D ( 'NONE', #1881, #12405, #10 ) ;
#8042 = CARTESIAN_POINT ( 'NONE',  ( 0.9959223772478924541, 0.07757119055258027140, -2.635428809447421195 ) ) ;
#8043 = LINE ( 'NONE', #10224, #11026 ) ;
#8044 = VECTOR ( 'NONE', #10408, 1000.000000000000000 ) ;
#8045 = ORIENTED_EDGE ( 'NONE', *, *, #12287, .T. ) ;
#8046 = CARTESIAN_POINT ( 'NONE',  ( 0.000000000000000000, 87.50000000000001421, 3.730185188303422936E-15 ) ) ;
#8047 = CARTESIAN_POINT ( 'NONE',  ( -17.53963331177541463, 51.20000000000000995, 12.43427775499880106 ) ) ;
#8048 = CARTESIAN_POINT ( 'NONE',  ( 0.000000000000000000, 74.75000000000000000, -1.733764839787674301E-16 ) ) ;
#8049 = ORIENTED_EDGE ( 'NONE', *, *, #576, .T. ) ;
#8050 = DIRECTION ( 'NONE',  ( 0.000000000000000000, 0.000000000000000000, 1.000000000000000000 ) ) ;
#8051 = CARTESIAN_POINT ( 'NONE',  ( 0.9999999999999995559, 0.000000000000000000, 0.000000000000000000 ) ) ;
#8052 = CIRCLE ( 'NONE', #6631, 21.50000000000000000 ) ;
#8053 = CARTESIAN_POINT ( 'NONE',  ( 12.83877941551890522, 45.20000000000000284, 17.24574565275876736 ) ) ;
#8054 = AXIS2_PLACEMENT_3D ( 'NONE', #11678, #2895, #3740 ) ;
#8055 = DIRECTION ( 'NONE',  ( 7.395570986446986770E-32, 1.000000000000000000, 3.061616997868383141E-16 ) ) ;
#8056 = AXIS2_PLACEMENT_3D ( 'NONE', #2239, #3017, #8019 ) ;
#8057 = EDGE_LOOP ( 'NONE', ( #9864, #4228, #5028, #11827 ) ) ;
#8058 = EDGE_CURVE ( 'NONE', #1855, #4016, #7444, .T. ) ;
#8059 = ORIENTED_EDGE ( 'NONE', *, *, #1400, .T. ) ;
#8060 = VECTOR ( 'NONE', #11161, 1000.000000000000000 ) ;
#8061 = ORIENTED_EDGE ( 'NONE', *, *, #2433, .F. ) ;
#8062 = VECTOR ( 'NONE', #12412, 1000.000000000000000 ) ;
#8063 = CARTESIAN_POINT ( 'NONE',  ( -6.643865379061518084, -80.41022924428168039, -20.44771510034576423 ) ) ;
#8064 = CARTESIAN_POINT ( 'NONE',  ( 14.19955239679473813, 51.19999999999999574, -16.14381341971843398 ) ) ;
#8065 = VECTOR ( 'NONE', #11709, 1000.000000000000000 ) ;
#8066 = CARTESIAN_POINT ( 'NONE',  ( -0.9950000000000006617, -47.85087804878074280, 0.000000000000000000 ) ) ;
#8067 = CARTESIAN_POINT ( 'NONE',  ( -20.97677464539629000, -80.41022924428168039, -4.714331922580239365 ) ) ;
#8068 = PRODUCT_RELATED_PRODUCT_CATEGORY ( 'part', '', ( #6117 ) ) ;
#8069 = ORIENTED_EDGE ( 'NONE', *, *, #4014, .F. ) ;
#8070 = CARTESIAN_POINT ( 'NONE',  ( -7.704910915224106205, -80.41022924428168039, -19.82197916968979001 ) ) ;
#8071 = DIRECTION ( 'NONE',  ( 0.000000000000000000, 0.000000000000000000, -1.000000000000000000 ) ) ;
#8072 = CARTESIAN_POINT ( 'NONE',  ( -6.643865379061518084, 45.19999999999998863, -20.44771510034572515 ) ) ;
#8073 = ADVANCED_FACE ( 'NONE', ( #4187 ), #10012, .F. ) ;
#8074 = ORIENTED_EDGE ( 'NONE', *, *, #5981, .T. ) ;
#8075 = CARTESIAN_POINT ( 'NONE',  ( 0.000000000000000000, 45.20000000000000995, -9.220454712679835547E-15 ) ) ;
#8076 = VECTOR ( 'NONE', #2087, 1000.000000000000000 ) ;
#8077 = CYLINDRICAL_SURFACE ( 'NONE', #4369, 0.2500000000000002220 ) ;
#8078 = ORIENTED_EDGE ( 'NONE', *, *, #3466, .F. ) ;
#8079 = AXIS2_PLACEMENT_3D ( 'NONE', #1113, #12088, #5314 ) ;
#8080 = EDGE_CURVE ( 'NONE', #10344, #7273, #11090, .T. ) ;
#8081 = ORIENTED_EDGE ( 'NONE', *, *, #3731, .F. ) ;
#8082 = VECTOR ( 'NONE', #12276, 1000.000000000000000 ) ;
#8083 = CARTESIAN_POINT ( 'NONE',  ( 0.000000000000000000, 45.20000000000000995, -9.220454712679835547E-15 ) ) ;
#8084 = CIRCLE ( 'NONE', #4970, 0.2500000000000002220 ) ;
#8085 = FILL_AREA_STYLE_COLOUR ( '', #9746 ) ;
#8086 = AXIS2_PLACEMENT_3D ( 'NONE', #6652, #11573, #12648 ) ;
#8087 = VERTEX_POINT ( 'NONE', #9167 ) ;
#8088 = CARTESIAN_POINT ( 'NONE',  ( -21.38222075041784365, -80.41022924428168039, 2.247361960254741220 ) ) ;
#8089 = DIRECTION ( 'NONE',  ( -0.000000000000000000, 1.000000000000000000, 3.061616997868383141E-16 ) ) ;
#8090 = CARTESIAN_POINT ( 'NONE',  ( 2.247361960254412150, -80.41022924428168039, -21.38222075041790404 ) ) ;
#8091 = EDGE_CURVE ( 'NONE', #6418, #3820, #10072, .T. ) ;
#8092 = VERTEX_POINT ( 'NONE', #11989 ) ;
#8093 = CARTESIAN_POINT ( 'NONE',  ( 0.000000000000000000, 74.75000000000000000, -1.733764839787674301E-16 ) ) ;
#8094 = AXIS2_PLACEMENT_3D ( 'NONE', #6625, #8412, #4702 ) ;
#8095 = VECTOR ( 'NONE', #9071, 1000.000000000000000 ) ;
#8096 = CARTESIAN_POINT ( 'NONE',  ( 21.38222075041787562, -80.41022924428168039, 2.247361960254457447 ) ) ;
#8097 = EDGE_CURVE ( 'NONE', #2248, #8329, #10105, .T. ) ;
#8098 = AXIS2_PLACEMENT_3D ( 'NONE', #10462, #333, #10528 ) ;
#8099 = VERTEX_POINT ( 'NONE', #6169 ) ;
#8100 = LINE ( 'NONE', #9242, #2217 ) ;
#8101 = CARTESIAN_POINT ( 'NONE',  ( -0.9962617306406352791, -0.08682781387769966663, -2.799827813877699523 ) ) ;
#8102 = ORIENTED_EDGE ( 'NONE', *, *, #4805, .F. ) ;
#8103 = CARTESIAN_POINT ( 'NONE',  ( -0.9965973376881593904, -0.07740641778704289433, 2.635593582212956587 ) ) ;
#8104 = EDGE_CURVE ( 'NONE', #2526, #2223, #43, .T. ) ;
#8105 = DIRECTION ( 'NONE',  ( 0.000000000000000000, -3.227392513445222318E-16, 1.000000000000000000 ) ) ;
#8106 = CARTESIAN_POINT ( 'NONE',  ( 13.72375690439596951, -80.41022924428169460, 16.55018116000675121 ) ) ;
#8107 = DIRECTION ( 'NONE',  ( -0.000000000000000000, 1.000000000000000000, 3.061616997868383141E-16 ) ) ;
#8108 = VERTEX_POINT ( 'NONE', #3207 ) ;
#8109 = ORIENTED_EDGE ( 'NONE', *, *, #3481, .F. ) ;
#8110 = VECTOR ( 'NONE', #12601, 1000.000000000000000 ) ;
#8111 = CARTESIAN_POINT ( 'NONE',  ( 0.000000000000000000, 51.20000000000000995, -7.383484513958806747E-15 ) ) ;
#8112 = EDGE_LOOP ( 'NONE', ( #7841, #11204, #12286, #6046 ) ) ;
#8113 = DIRECTION ( 'NONE',  ( 0.000000000000000000, -3.227392513445222318E-16, 1.000000000000000000 ) ) ;
#8114 = EDGE_CURVE ( 'NONE', #1063, #572, #12336, .T. ) ;
#8115 = DIRECTION ( 'NONE',  ( 0.000000000000000000, 0.000000000000000000, 1.000000000000000000 ) ) ;
#8116 = CARTESIAN_POINT ( 'NONE',  ( 21.38222075041785786, -80.41022924428168039, -2.247361960254651070 ) ) ;
#8117 = EDGE_CURVE ( 'NONE', #6682, #12316, #11124, .T. ) ;
#8118 = CARTESIAN_POINT ( 'NONE',  ( 0.000000000000000000, 45.20000000000000995, -9.220454712679835547E-15 ) ) ;
#8119 = DIRECTION ( 'NONE',  ( -0.000000000000000000, 1.000000000000000000, 3.061616997868383141E-16 ) ) ;
#8120 = DIRECTION ( 'NONE',  ( -0.000000000000000000, 1.000000000000000000, 3.061616997868383141E-16 ) ) ;
#8121 = ORIENTED_EDGE ( 'NONE', *, *, #7397, .F. ) ;
#8122 = ORIENTED_EDGE ( 'NONE', *, *, #7611, .F. ) ;
#8123 = VECTOR ( 'NONE', #3311, 1000.000000000000000 ) ;
#8124 = ORIENTED_EDGE ( 'NONE', *, *, #11703, .F. ) ;
#8125 = CARTESIAN_POINT ( 'NONE',  ( -1.000000000000000444, -47.85087804878074280, 0.000000000000000000 ) ) ;
#8126 = CARTESIAN_POINT ( 'NONE',  ( 0.000000000000000000, 45.20000000000000995, -9.220454712679835547E-15 ) ) ;
#8127 = CARTESIAN_POINT ( 'NONE',  ( -7.704910915223695866, 45.20000000000000284, 20.07197916968994278 ) ) ;
#8128 = ORIENTED_EDGE ( 'NONE', *, *, #9761, .T. ) ;
#8129 = DIRECTION ( 'NONE',  ( -0.000000000000000000, 1.000000000000000000, 3.061616997868383141E-16 ) ) ;
#8130 = CIRCLE ( 'NONE', #7110, 0.2500000000000002220 ) ;
#8131 = CARTESIAN_POINT ( 'NONE',  ( 0.9959223772478936754, -0.07757119055259535656, 2.635428809447404319 ) ) ;
#8132 = DIRECTION ( 'NONE',  ( -0.000000000000000000, 1.000000000000000000, 3.061616997868383141E-16 ) ) ;
#8133 = VERTEX_POINT ( 'NONE', #7004 ) ;
#8134 = DIRECTION ( 'NONE',  ( -0.000000000000000000, 1.000000000000000000, 3.061616997868383141E-16 ) ) ;
#8135 = FACE_OUTER_BOUND ( 'NONE', #12354, .T. ) ;
#8136 = ORIENTED_EDGE ( 'NONE', *, *, #6539, .F. ) ;
#8137 = ORIENTED_EDGE ( 'NONE', *, *, #6472, .F. ) ;
#8138 = VECTOR ( 'NONE', #7965, 1000.000000000000000 ) ;
#8139 = ORIENTED_EDGE ( 'NONE', *, *, #4504, .T. ) ;
#8140 = LINE ( 'NONE', #1446, #8666 ) ;
#8141 = EDGE_CURVE ( 'NONE', #11151, #413, #6043, .T. ) ;
#8142 = CARTESIAN_POINT ( 'NONE',  ( -2.495836301044412231, -80.41022924428169460, 21.35464355025358785 ) ) ;
#8143 = ORIENTED_EDGE ( 'NONE', *, *, #5306, .F. ) ;
#8144 = DIRECTION ( 'NONE',  ( -0.000000000000000000, 1.000000000000000000, 3.061616997868383141E-16 ) ) ;
#8145 = CARTESIAN_POINT ( 'NONE',  ( 0.000000000000000000, 51.20000000000000995, -7.383484513958806747E-15 ) ) ;
#8146 = EDGE_LOOP ( 'NONE', ( #11557, #12060, #3973, #2974 ) ) ;
#8147 = CARTESIAN_POINT ( 'NONE',  ( 0.000000000000000000, 87.50000000000001421, 3.730185188303422936E-15 ) ) ;
#8148 = EDGE_CURVE ( 'NONE', #2842, #1340, #4790, .T. ) ;
#8149 = DIRECTION ( 'NONE',  ( 0.000000000000000000, -1.000000000000000000, -3.061616997868383141E-16 ) ) ;
#8150 = DIRECTION ( 'NONE',  ( 0.000000000000000000, 0.000000000000000000, 1.000000000000000000 ) ) ;
#8151 = TOROIDAL_SURFACE ( 'NONE', #8962, 47.85087804878048701, 0.005000000000000000104 ) ;
#8152 = DIRECTION ( 'NONE',  ( 0.000000000000000000, 0.000000000000000000, 1.000000000000000000 ) ) ;
#8153 = AXIS2_PLACEMENT_3D ( 'NONE', #9923, #9856, #11767 ) ;
#8154 = ADVANCED_FACE ( 'NONE', ( #9108 ), #7249, .F. ) ;
#8155 = EDGE_CURVE ( 'NONE', #12628, #12151, #5208, .T. ) ;
#8156 = EDGE_CURVE ( 'NONE', #8965, #1462, #5601, .T. ) ;
#8157 = VECTOR ( 'NONE', #10997, 1000.000000000000000 ) ;
#8158 = VERTEX_POINT ( 'NONE', #11921 ) ;
#8159 = CARTESIAN_POINT ( 'NONE',  ( -21.40690689856070250, -80.41022924428168039, 1.998583757652767412 ) ) ;
#8160 = CARTESIAN_POINT ( 'NONE',  ( -4.470101352581554721, 51.20000000000000995, 21.03017341577687915 ) ) ;
#8161 = VERTEX_POINT ( 'NONE', #6105 ) ;
#8162 = EDGE_CURVE ( 'NONE', #7046, #4075, #6427, .T. ) ;
#8163 = FACE_OUTER_BOUND ( 'NONE', #2480, .T. ) ;
#8164 = DIRECTION ( 'NONE',  ( 0.000000000000000000, -0.7071067811865464625, -0.7071067811865486830 ) ) ;
#8165 = CARTESIAN_POINT ( 'NONE',  ( -12.63738292428830867, -80.41022924428168039, -17.14386537906128183 ) ) ;
#8166 = DIRECTION ( 'NONE',  ( 0.000000000000000000, 0.000000000000000000, 1.000000000000000000 ) ) ;
#8167 = VERTEX_POINT ( 'NONE', #5276 ) ;
#8168 = EDGE_CURVE ( 'NONE', #4835, #12175, #2111, .T. ) ;
#8169 = AXIS2_PLACEMENT_3D ( 'NONE', #12551, #10695, #5840 ) ;
#8170 = ORIENTED_EDGE ( 'NONE', *, *, #5421, .F. ) ;
#8171 = EDGE_CURVE ( 'NONE', #2847, #4456, #1271, .T. ) ;
#8172 = APPLICATION_PROTOCOL_DEFINITION ( 'draft international standard', 'automotive_design', 1998, #1718 ) ;
#8173 = DIRECTION ( 'NONE',  ( 0.000000000000000000, -3.227392513445220839E-16, 1.000000000000000000 ) ) ;
#8174 = CARTESIAN_POINT ( 'NONE',  ( 21.48216726873254245, 45.19999999999998863, 0.8754938253327367859 ) ) ;
#8175 = ORIENTED_EDGE ( 'NONE', *, *, #10280, .T. ) ;
#8176 = LINE ( 'NONE', #201, #4170 ) ;
#8177 = EDGE_CURVE ( 'NONE', #8628, #6349, #10516, .T. ) ;
#8178 = DIRECTION ( 'NONE',  ( 0.000000000000000000, -3.227392513445220839E-16, 1.000000000000000000 ) ) ;
#8179 = DIRECTION ( 'NONE',  ( -0.000000000000000000, 1.000000000000000000, 3.061616997868383141E-16 ) ) ;
#8180 = CARTESIAN_POINT ( 'NONE',  ( 19.64122733931587206, 45.19999999999998863, -8.744837826129771230 ) ) ;
#8181 = CARTESIAN_POINT ( 'NONE',  ( 0.000000000000000000, 87.50000000000001421, 3.730185188303422936E-15 ) ) ;
#8182 = CARTESIAN_POINT ( 'NONE',  ( -0.9965973376881509527, -0.07740641778703376275, 2.635593582212965913 ) ) ;
#8183 = CARTESIAN_POINT ( 'NONE',  ( -18.61954618136529760, -80.41022924428169460, 10.75000000000018652 ) ) ;
#8184 = VECTOR ( 'NONE', #5020, 1000.000000000000000 ) ;
#8185 = ORIENTED_EDGE ( 'NONE', *, *, #10730, .T. ) ;
#8186 = VERTEX_POINT ( 'NONE', #1516 ) ;
#8187 = ADVANCED_FACE ( 'NONE', ( #7311 ), #1683, .T. ) ;
#8188 = ORIENTED_EDGE ( 'NONE', *, *, #2387, .T. ) ;
#8189 = VECTOR ( 'NONE', #1014, 1000.000000000000000 ) ;
#8190 = DIRECTION ( 'NONE',  ( 0.000000000000000000, -1.000000000000000000, -3.061616997868383141E-16 ) ) ;
#8191 = DIRECTION ( 'NONE',  ( -0.000000000000000000, 1.000000000000000000, 3.061616997868383141E-16 ) ) ;
#8192 = AXIS2_PLACEMENT_3D ( 'NONE', #11471, #5712, #9606 ) ;
#8193 = DIRECTION ( 'NONE',  ( -2.465190328815661892E-32, 1.000000000000000000, 3.061616997868381662E-16 ) ) ;
#8194 = ORIENTED_EDGE ( 'NONE', *, *, #11225, .T. ) ;
#8195 = CARTESIAN_POINT ( 'NONE',  ( 9.760795744400141416, 45.19999999999998863, -18.90664027004994097 ) ) ;
#8196 = CARTESIAN_POINT ( 'NONE',  ( -0.9950000000000006617, 47.85087804878048701, 0.000000000000000000 ) ) ;
#8197 = DIRECTION ( 'NONE',  ( 0.000000000000000000, 0.000000000000000000, 1.000000000000000000 ) ) ;
#8198 = AXIS2_PLACEMENT_3D ( 'NONE', #790, #4732, #8627 ) ;
#8199 = ORIENTED_EDGE ( 'NONE', *, *, #2215, .F. ) ;
#8200 = CARTESIAN_POINT ( 'NONE',  ( 11.49928352796093911, 51.19999999999999574, -18.16635567040253818 ) ) ;
#8201 = CARTESIAN_POINT ( 'NONE',  ( 21.38222075041785786, 51.19999999999999574, -1.997361960254610658 ) ) ;
#8202 = VERTEX_POINT ( 'NONE', #10380 ) ;
#8203 = ORIENTED_EDGE ( 'NONE', *, *, #12379, .F. ) ;
#8204 = AXIS2_PLACEMENT_3D ( 'NONE', #10186, #11078, #1374 ) ;
#8205 = EDGE_CURVE ( 'NONE', #1286, #259, #3555, .T. ) ;
#8206 = EDGE_LOOP ( 'NONE', ( #2698, #11807, #11492, #4468 ) ) ;
#8207 = CARTESIAN_POINT ( 'NONE',  ( -13.33519049100576126, -80.41022924428168039, -16.86483603740605020 ) ) ;
#8208 = AXIS2_PLACEMENT_3D ( 'NONE', #3877, #12515, #6578 ) ;
#8209 = CARTESIAN_POINT ( 'NONE',  ( -18.74328531086458938, 45.20000000000000284, 10.53277056407895174 ) ) ;
#8210 = VERTEX_POINT ( 'NONE', #12358 ) ;
#8211 = CARTESIAN_POINT ( 'NONE',  ( 21.23529932279543431, 45.19999999999998863, -3.363340998365026646 ) ) ;
#8212 = CARTESIAN_POINT ( 'NONE',  ( 21.48216726873253890, 51.19999999999999574, -0.8754938253330210030 ) ) ;
#8213 = ORIENTED_EDGE ( 'NONE', *, *, #10879, .F. ) ;
#8214 = DIRECTION ( 'NONE',  ( -0.000000000000000000, 1.000000000000000000, 3.061616997868383141E-16 ) ) ;
#8215 = CARTESIAN_POINT ( 'NONE',  ( -0.9950000000000006617, 0.08699999999999999400, 2.799999999999999822 ) ) ;
#8216 = DIRECTION ( 'NONE',  ( 0.000000000000000000, 1.000000000000000000, 3.061616997868383141E-16 ) ) ;
#8217 = CARTESIAN_POINT ( 'NONE',  ( 4.470101352581692389, -80.41022924428168039, -21.03017341577686139 ) ) ;
#8218 = CIRCLE ( 'NONE', #8000, 0.2500000000000002220 ) ;
#8219 = EDGE_CURVE ( 'NONE', #1762, #11550, #9691, .T. ) ;
#8220 = ORIENTED_EDGE ( 'NONE', *, *, #7491, .T. ) ;
#8221 = DIRECTION ( 'NONE',  ( 0.000000000000000000, 0.000000000000000000, 1.000000000000000000 ) ) ;
#8222 = CARTESIAN_POINT ( 'NONE',  ( -14.19955239679495484, 51.19999999999999574, -16.14381341971824213 ) ) ;
#8223 = ORIENTED_EDGE ( 'NONE', *, *, #12246, .F. ) ;
#8224 = CARTESIAN_POINT ( 'NONE',  ( 0.000000000000000000, 51.20000000000000995, -7.383484513958806747E-15 ) ) ;
#8225 = CARTESIAN_POINT ( 'NONE',  ( -15.20279579551089455, 51.19999999999999574, -15.20279579551061389 ) ) ;
#8226 = FACE_OUTER_BOUND ( 'NONE', #727, .T. ) ;
#8227 = EDGE_CURVE ( 'NONE', #3951, #361, #3342, .T. ) ;
#8228 = ORIENTED_EDGE ( 'NONE', *, *, #6557, .F. ) ;
#8229 = EDGE_CURVE ( 'NONE', #344, #9608, #4192, .T. ) ;
#8230 = ORIENTED_EDGE ( 'NONE', *, *, #3530, .F. ) ;
#8231 = AXIS2_PLACEMENT_3D ( 'NONE', #9778, #1868, #1034 ) ;
#8232 = DIRECTION ( 'NONE',  ( 0.000000000000000000, 0.000000000000000000, -1.000000000000000000 ) ) ;
#8233 = ORIENTED_EDGE ( 'NONE', *, *, #10188, .T. ) ;
#8234 = CARTESIAN_POINT ( 'NONE',  ( 21.19475577399850152, 51.19999999999999574, -3.610031534565477429 ) ) ;
#8235 = VECTOR ( 'NONE', #7954, 1000.000000000000000 ) ;
#8236 = DIRECTION ( 'NONE',  ( -9.860761315262647568E-32, 1.000000000000000000, 3.061616997868382648E-16 ) ) ;
#8237 = AXIS2_PLACEMENT_3D ( 'NONE', #12325, #6638, #12262 ) ;
#8238 = LINE ( 'NONE', #11186, #6393 ) ;
#8240 = ADVANCED_FACE ( 'NONE', ( #3588 ), #11464, .F. ) ;
#8239 = CARTESIAN_POINT ( 'NONE',  ( 0.000000000000000000, 87.50000000000001421, 3.730185188303422936E-15 ) ) ;
#8241 = DIRECTION ( 'NONE',  ( 0.000000000000000000, 0.000000000000000000, 1.000000000000000000 ) ) ;
#8242 = CARTESIAN_POINT ( 'NONE',  ( 19.04184949573539853, 51.19999999999999574, -9.982883740771583803 ) ) ;
#8243 = ADVANCED_FACE ( 'NONE', ( #9292 ), #6541, .F. ) ;
#8244 = DIRECTION ( 'NONE',  ( 0.000000000000000000, -3.227392513445222318E-16, 1.000000000000000000 ) ) ;
#8245 = VERTEX_POINT ( 'NONE', #5460 ) ;
#8246 = ADVANCED_FACE ( 'NONE', ( #5573 ), #4618, .F. ) ;
#8247 = CIRCLE ( 'NONE', #5794, 21.50000000000001066 ) ;
#8248 = ORIENTED_EDGE ( 'NONE', *, *, #4723, .F. ) ;
#8249 = CIRCLE ( 'NONE', #9893, 0.2500000000000002220 ) ;
#8250 = VERTEX_POINT ( 'NONE', #2551 ) ;
#8251 = FACE_OUTER_BOUND ( 'NONE', #9405, .T. ) ;
#8252 = DIRECTION ( 'NONE',  ( 0.000000000000000000, -3.227392513445222318E-16, 1.000000000000000000 ) ) ;
#8253 = FACE_OUTER_BOUND ( 'NONE', #10753, .T. ) ;
#8254 = VERTEX_POINT ( 'NONE', #2485 ) ;
#8256 = ADVANCED_FACE ( 'NONE', ( #3460 ), #2676, .T. ) ;
#8255 = DIRECTION ( 'NONE',  ( 0.000000000000000000, 0.000000000000000000, -1.000000000000000000 ) ) ;
#8257 = VECTOR ( 'NONE', #11355, 1000.000000000000000 ) ;
#8258 = AXIS2_PLACEMENT_3D ( 'NONE', #10932, #8304, #2576 ) ;
#8259 = CARTESIAN_POINT ( 'NONE',  ( -10.53277056407847034, 51.20000000000000995, 18.74328531086484162 ) ) ;
#8260 = CARTESIAN_POINT ( 'NONE',  ( 3.363340998364822809, 51.19999999999999574, -20.98529932279545207 ) ) ;
#8261 = EDGE_CURVE ( 'NONE', #9878, #317, #10263, .T. ) ;
#8262 = ORIENTED_EDGE ( 'NONE', *, *, #5052, .T. ) ;
#8263 = FACE_OUTER_BOUND ( 'NONE', #11687, .T. ) ;
#8264 = DIRECTION ( 'NONE',  ( -0.000000000000000000, 1.000000000000000000, 3.061616997868383141E-16 ) ) ;
#8265 = ORIENTED_EDGE ( 'NONE', *, *, #6211, .T. ) ;
#8266 = ORIENTED_EDGE ( 'NONE', *, *, #10758, .T. ) ;
#8267 = AXIS2_PLACEMENT_3D ( 'NONE', #7124, #1200, #2368 ) ;
#8268 = CIRCLE ( 'NONE', #10929, 15.40000000000000036 ) ;
#8269 = VECTOR ( 'NONE', #1844, 1000.000000000000000 ) ;
#8270 = CIRCLE ( 'NONE', #469, 0.2500000000000002220 ) ;
#8271 = ORIENTED_EDGE ( 'NONE', *, *, #7910, .F. ) ;
#8272 = DIRECTION ( 'NONE',  ( -0.000000000000000000, 1.000000000000000000, 3.061616997868383141E-16 ) ) ;
#8273 = CARTESIAN_POINT ( 'NONE',  ( 0.000000000000000000, 8.699999999999999289, -2.039535675489943990E-14 ) ) ;
#8274 = ORIENTED_EDGE ( 'NONE', *, *, #5189, .F. ) ;
#8275 = CARTESIAN_POINT ( 'NONE',  ( 0.000000000000000000, 51.20000000000000995, -7.383484513958806747E-15 ) ) ;
#8276 = DIRECTION ( 'NONE',  ( 0.000000000000000000, -3.227392513445222318E-16, 1.000000000000000000 ) ) ;
#8277 = EDGE_LOOP ( 'NONE', ( #11824, #2367, #9392, #5921, #12408, #1940, #1622, #1451, #1214, #3260, #7027, #6904, #7493, #8289, #6120, #4056, #3723, #3724, #4508, #714, #6917, #2738, #2812, #9947, #10451, #5512, #12670, #3176, #4691, #8122, #5021, #9928, #8946, #3662, #8648, #3475, #89, #10993, #3116, #12475, #4398, #7218, #3187, #546, #2007, #8779, #2391, #1518, #9915, #5298, #7519, #6390, #9135, #10423, #1989, #3651, #8655, #4466, #10094, #3229, #4581, #7371, #6410, #6334, #678, #6182, #8835, #3008, #9002, #6655, #10202, #11988, #9098, #10998, #9783, #1926, #7449, #4429, #2679, #7937, #9145, #1253, #10649, #6210, #3551, #9951, #3560, #2993, #9447, #10416, #7169, #12028, #10001, #9208, #4376, #2859, #8248, #3926, #12440, #3812, #5658, #41, #7698, #11675, #4658, #3316, #7604, #8455, #794, #1322, #4808, #1490, #9101, #12260, #4836, #7515, #6998, #9156, #7899, #8708, #1086, #11132, #8664, #7003, #5229, #12320, #2565, #1944, #4362, #11017, #9403, #8681, #7759, #1532, #3609, #10537, #2639, #5516, #6695, #11210, #6923, #8741, #6555, #5936, #8315, #10482, #8069, #9698, #4964, #8347, #8500, #1436, #10465, #8928, #9275, #9836, #64, #3454, #3210, #8863, #9991, #10479, #8393, #9055, #9709, #674, #4201, #9224, #10849, #2498, #9519, #4617, #4157, #9110, #5397, #10134, #5051, #3325, #609, #8920, #2293, #1312, #8791, #967, #11103, #494, #6593, #9847, #2971, #6942, #4101, #10550, #7416, #8376, #6725, #9132, #1193, #9862, #4213, #6663, #4735, #8338, #10048, #6549, #10868, #492, #12365, #11402, #5605, #2067, #12257, #746, #11191, #7044, #10216, #8624, #11820, #1910, #11044, #10255, #3132, #4275, #8213, #9535, #12461, #6597, #8293, #5636, #2340, #9284, #4177, #11583, #9241, #9794, #7344, #1221, #1840, #11112, #3610, #8121, #11953, #8136, #7092, #175, #4666, #10316, #5843, #6128, #8589, #9294, #3163, #12680, #6438, #12589, #2876, #9252, #5888, #6733, #6850, #7172, #4911, #6031, #9851, #817, #10500, #11416, #5823, #11764, #3738, #4874, #3306, #8170, #4747, #4366, #1806, #2236, #8230, #4351, #10397, #9813, #2073, #9038, #894, #7951, #9627, #3897, #6842, #8137, #5316, #8360, #650, #5852, #4577, #777, #4944, #7579, #956, #2089, #4543 ) ) ;
#8278 = LINE ( 'NONE', #1142, #9508 ) ;
#8279 = AXIS2_PLACEMENT_3D ( 'NONE', #7999, #6023, #7106 ) ;
#8280 = CARTESIAN_POINT ( 'NONE',  ( -4.470101352581976606, -80.41022924428168039, -21.03017341577680099 ) ) ;
#8281 = CARTESIAN_POINT ( 'NONE',  ( -10.96577594754947604, 45.19999999999998863, -18.49328953615727755 ) ) ;
#8282 = DIRECTION ( 'NONE',  ( 0.000000000000000000, 0.000000000000000000, 1.000000000000000000 ) ) ;
#8283 = EDGE_CURVE ( 'NONE', #5815, #2370, #6226, .T. ) ;
#8284 = ADVANCED_FACE ( 'NONE', ( #675 ), #6479, .F. ) ;
#8285 = DIRECTION ( 'NONE',  ( 0.000000000000000000, 0.000000000000000000, -1.000000000000000000 ) ) ;
#8286 = AXIS2_PLACEMENT_3D ( 'NONE', #10246, #9088, #10182 ) ;
#8287 = CIRCLE ( 'NONE', #12362, 0.2500000000000002220 ) ;
#8288 = AXIS2_PLACEMENT_3D ( 'NONE', #5617, #8368, #11436 ) ;
#8289 = ORIENTED_EDGE ( 'NONE', *, *, #10722, .F. ) ;
#8290 = CARTESIAN_POINT ( 'NONE',  ( -5.805710654484683708, 51.19999999999999574, -20.70129763556872149 ) ) ;
#8291 = CIRCLE ( 'NONE', #12174, 0.2500000000000002220 ) ;
#8292 = DIRECTION ( 'NONE',  ( -0.000000000000000000, 1.000000000000000000, 3.061616997868383141E-16 ) ) ;
#8293 = ORIENTED_EDGE ( 'NONE', *, *, #5744, .F. ) ;
#8294 = DIRECTION ( 'NONE',  ( -9.860761315262647568E-32, 1.000000000000000000, 3.061616997868381662E-16 ) ) ;
#8295 = UNCERTAINTY_MEASURE_WITH_UNIT (LENGTH_MEASURE( 1.000000000000000082E-05 ), #11419, 'distance_accuracy_value', 'NONE');
#8296 = CARTESIAN_POINT ( 'NONE',  ( -9.760795744400400764, -80.41022924428168039, -19.15664027004984504 ) ) ;
#8297 = AXIS2_PLACEMENT_3D ( 'NONE', #5979, #7008, #9889 ) ;
#8298 = ORIENTED_EDGE ( 'NONE', *, *, #2036, .T. ) ;
#8299 = AXIS2_PLACEMENT_3D ( 'NONE', #7500, #5576, #11403 ) ;
#8300 = EDGE_LOOP ( 'NONE', ( #6694, #4848, #4643, #12455 ) ) ;
#8301 = DIRECTION ( 'NONE',  ( 2.465190328815661892E-32, 1.000000000000000000, 3.061616997868381662E-16 ) ) ;
#8302 = EDGE_CURVE ( 'NONE', #5203, #10960, #2323, .T. ) ;
#8303 = ORIENTED_EDGE ( 'NONE', *, *, #9665, .F. ) ;
#8304 = DIRECTION ( 'NONE',  ( -0.000000000000000000, 1.000000000000000000, 3.061616997868383141E-16 ) ) ;
#8305 = CARTESIAN_POINT ( 'NONE',  ( -2.247361960254701252, -80.41022924428168039, -21.13222075041787207 ) ) ;
#8306 = FACE_OUTER_BOUND ( 'NONE', #199, .T. ) ;
#8307 = EDGE_CURVE ( 'NONE', #8642, #9729, #5220, .T. ) ;
#8308 = CARTESIAN_POINT ( 'NONE',  ( -21.03017341577676547, 45.19999999999998863, 4.470101352582064536 ) ) ;
#8309 = CARTESIAN_POINT ( 'NONE',  ( -0.9950000000000006617, 0.08699999999999999400, 2.799999999999999822 ) ) ;
#8310 = CIRCLE ( 'NONE', #2985, 21.50000000000001066 ) ;
#8311 = CARTESIAN_POINT ( 'NONE',  ( 0.000000000000000000, 51.20000000000000995, -7.383484513958806747E-15 ) ) ;
#8312 = EDGE_LOOP ( 'NONE', ( #10159, #6056, #5809, #11514 ) ) ;
#8313 = ORIENTED_EDGE ( 'NONE', *, *, #380, .F. ) ;
#8314 = ADVANCED_FACE ( 'NONE', ( #9538 ), #1829, .T. ) ;
#8315 = ORIENTED_EDGE ( 'NONE', *, *, #3641, .F. ) ;
#8316 = EDGE_CURVE ( 'NONE', #897, #10262, #925, .T. ) ;
#8317 = CYLINDRICAL_SURFACE ( 'NONE', #842, 21.50000000000000355 ) ;
#8318 = CARTESIAN_POINT ( 'NONE',  ( -5.564609469703916567, 51.20000000000000995, 20.76740526521504648 ) ) ;
#8319 = ORIENTED_EDGE ( 'NONE', *, *, #12233, .T. ) ;
#8320 = DIRECTION ( 'NONE',  ( -0.000000000000000000, 1.000000000000000000, 3.061616997868383141E-16 ) ) ;
#8321 = EDGE_CURVE ( 'NONE', #2786, #2649, #3979, .T. ) ;
#8322 = DIRECTION ( 'NONE',  ( -0.000000000000000000, 1.000000000000000000, 3.061616997868383141E-16 ) ) ;
#8323 = DIRECTION ( 'NONE',  ( -2.465190328815661892E-32, 1.000000000000000000, 3.061616997868381169E-16 ) ) ;
#8324 = ORIENTED_EDGE ( 'NONE', *, *, #12190, .F. ) ;
#8325 = CARTESIAN_POINT ( 'NONE',  ( 2.241103642439657471E-15, 10.27282251965209170, -18.30000000000003268 ) ) ;
#8326 = AXIS2_PLACEMENT_3D ( 'NONE', #11143, #2282, #9939 ) ;
#8327 = DIRECTION ( 'NONE',  ( 0.000000000000000000, 0.000000000000000000, 1.000000000000000000 ) ) ;
#8328 = ORIENTED_EDGE ( 'NONE', *, *, #3468, .T. ) ;
#8329 = VERTEX_POINT ( 'NONE', #5892 ) ;
#8330 = EDGE_CURVE ( 'NONE', #11352, #6002, #6033, .T. ) ;
#8331 = ORIENTED_EDGE ( 'NONE', *, *, #4828, .F. ) ;
#8332 = LINE ( 'NONE', #9039, #9075 ) ;
#8333 = EDGE_CURVE ( 'NONE', #4853, #6599, #12153, .T. ) ;
#8334 = LINE ( 'NONE', #5274, #10978 ) ;
#8335 = AXIS2_PLACEMENT_3D ( 'NONE', #913, #9525, #4794 ) ;
#8336 = ORIENTED_EDGE ( 'NONE', *, *, #10879, .T. ) ;
#8337 = CARTESIAN_POINT ( 'NONE',  ( -14.38630803671557956, 45.19999999999998863, -15.97761374776383114 ) ) ;
#8338 = ORIENTED_EDGE ( 'NONE', *, *, #5872, .F. ) ;
#8339 = DIRECTION ( 'NONE',  ( 0.000000000000000000, 0.000000000000000000, 1.000000000000000000 ) ) ;
#8340 = ADVANCED_FACE ( 'NONE', ( #5707 ), #6791, .F. ) ;
#8341 = CARTESIAN_POINT ( 'NONE',  ( -0.9966582391324171342, 0.08671778274936126074, 2.799717782749361561 ) ) ;
#8342 = CARTESIAN_POINT ( 'NONE',  ( 0.000000000000000000, 45.20000000000000995, -9.220454712679835547E-15 ) ) ;
#8343 = DIRECTION ( 'NONE',  ( -0.000000000000000000, 1.000000000000000000, 3.061616997868383141E-16 ) ) ;
#8344 = AXIS2_PLACEMENT_3D ( 'NONE', #11676, #2962, #957 ) ;
#8345 = AXIS2_PLACEMENT_3D ( 'NONE', #3297, #5249, #11828 ) ;
#8346 = EDGE_CURVE ( 'NONE', #1720, #10402, #4684, .T. ) ;
#8347 = ORIENTED_EDGE ( 'NONE', *, *, #2570, .F. ) ;
#8348 = CARTESIAN_POINT ( 'NONE',  ( 0.000000000000000000, 76.25000000000000000, 15.65000000000000036 ) ) ;
#8349 = DIRECTION ( 'NONE',  ( 0.000000000000000000, 1.000000000000000000, 3.061616997868381662E-16 ) ) ;
#8350 = VERTEX_POINT ( 'NONE', #3837 ) ;
#8351 = DIRECTION ( 'NONE',  ( 0.000000000000000000, -3.227392513445220839E-16, 1.000000000000000000 ) ) ;
#8352 = AXIS2_PLACEMENT_3D ( 'NONE', #5311, #4281, #6387 ) ;
#8353 = ORIENTED_EDGE ( 'NONE', *, *, #3884, .T. ) ;
#8354 = AXIS2_PLACEMENT_3D ( 'NONE', #5924, #9629, #3929 ) ;
#8355 = EDGE_CURVE ( 'NONE', #3583, #4553, #1958, .T. ) ;
#8356 = CIRCLE ( 'NONE', #9183, 0.2500000000000002220 ) ;
#8357 =( NAMED_UNIT ( * ) PLANE_ANGLE_UNIT ( ) SI_UNIT ( $, .RADIAN. ) );
#8358 = EDGE_LOOP ( 'NONE', ( #698, #5331, #9357, #5855 ) ) ;
#8359 = CARTESIAN_POINT ( 'NONE',  ( -10.75000000000014744, 45.19999999999998863, -18.61954618136532247 ) ) ;
#8360 = ORIENTED_EDGE ( 'NONE', *, *, #7953, .F. ) ;
#8361 = FACE_OUTER_BOUND ( 'NONE', #3459, .T. ) ;
#8362 = CARTESIAN_POINT ( 'NONE',  ( 8.972629143562153686, -80.41022924428168039, -19.53821706942829906 ) ) ;
#8363 = DIRECTION ( 'NONE',  ( 0.000000000000000000, 0.000000000000000000, 1.000000000000000000 ) ) ;
#8364 = AXIS2_PLACEMENT_3D ( 'NONE', #11875, #1797, #9897 ) ;
#8365 = DIRECTION ( 'NONE',  ( 0.000000000000000000, -1.000000000000000000, -3.061616997868383141E-16 ) ) ;
#8366 = CARTESIAN_POINT ( 'NONE',  ( 0.000000000000000000, 45.20000000000000995, -9.220454712679835547E-15 ) ) ;
#8367 = AXIS2_PLACEMENT_3D ( 'NONE', #7561, #2750, #5772 ) ;
#8368 = DIRECTION ( 'NONE',  ( 9.860761315262647568E-32, 1.000000000000000000, 3.061616997868382648E-16 ) ) ;
#8369 = VERTEX_POINT ( 'NONE', #21 ) ;
#8370 = ORIENTED_EDGE ( 'NONE', *, *, #5210, .T. ) ;
#8371 = EDGE_CURVE ( 'NONE', #7201, #4832, #51, .T. ) ;
#8372 = CARTESIAN_POINT ( 'NONE',  ( -14.38630803671557956, 51.19999999999999574, -15.97761374776382759 ) ) ;
#8373 = CIRCLE ( 'NONE', #8990, 21.50000000000001066 ) ;
#8374 = DIRECTION ( 'NONE',  ( 0.000000000000000000, -1.000000000000000000, -3.061616997868383141E-16 ) ) ;
#8375 = CARTESIAN_POINT ( 'NONE',  ( 16.70863817132479667, 45.19999999999998863, -13.53038840757156791 ) ) ;
#8376 = ORIENTED_EDGE ( 'NONE', *, *, #5356, .F. ) ;
#8377 = CARTESIAN_POINT ( 'NONE',  ( -2.247361960254701252, 45.19999999999998863, -21.38222075041783654 ) ) ;
#8378 = CARTESIAN_POINT ( 'NONE',  ( 8.515864134734750124, 51.19999999999999574, -19.74158195380346470 ) ) ;
#8379 = CIRCLE ( 'NONE', #11439, 0.2500000000000002220 ) ;
#8380 = DIRECTION ( 'NONE',  ( 1.232595164407830946E-32, 1.000000000000000000, 3.061616997868381662E-16 ) ) ;
#8381 = ORIENTED_EDGE ( 'NONE', *, *, #6687, .F. ) ;
#8382 = ADVANCED_FACE ( 'NONE', ( #2932 ), #6858, .F. ) ;
#8383 = DIRECTION ( 'NONE',  ( 0.000000000000000000, 0.000000000000000000, -1.000000000000000000 ) ) ;
#8384 = DIRECTION ( 'NONE',  ( 0.000000000000000000, 0.000000000000000000, 1.000000000000000000 ) ) ;
#8385 = ORIENTED_EDGE ( 'NONE', *, *, #5374, .T. ) ;
#8386 = EDGE_CURVE ( 'NONE', #1035, #1137, #669, .T. ) ;
#8387 = ORIENTED_EDGE ( 'NONE', *, *, #9827, .T. ) ;
#8388 = VECTOR ( 'NONE', #6364, 1000.000000000000000 ) ;
#8389 = ADVANCED_FACE ( 'NONE', ( #6670 ), #4935, .F. ) ;
#8390 = ORIENTED_EDGE ( 'NONE', *, *, #12059, .F. ) ;
#8391 = CIRCLE ( 'NONE', #2648, 21.50000000000001066 ) ;
#8392 = DIRECTION ( 'NONE',  ( -1.479114197289397354E-31, 1.000000000000000000, 3.061616997868382648E-16 ) ) ;
#8393 = ORIENTED_EDGE ( 'NONE', *, *, #3914, .F. ) ;
#8394 = DIRECTION ( 'NONE',  ( 0.000000000000000000, 0.000000000000000000, 1.000000000000000000 ) ) ;
#8395 = CIRCLE ( 'NONE', #7168, 0.2500000000000002220 ) ;
#8396 = CARTESIAN_POINT ( 'NONE',  ( -1.125223059223438904, 51.19999999999999574, -21.47053499722330727 ) ) ;
#8397 = FACE_OUTER_BOUND ( 'NONE', #8146, .T. ) ;
#8398 = ORIENTED_EDGE ( 'NONE', *, *, #6831, .T. ) ;
#8399 = DIRECTION ( 'NONE',  ( -0.000000000000000000, 1.000000000000000000, 3.061616997868383141E-16 ) ) ;
#8400 = FACE_OUTER_BOUND ( 'NONE', #1329, .T. ) ;
#8401 = FACE_OUTER_BOUND ( 'NONE', #7060, .T. ) ;
#8402 = EDGE_CURVE ( 'NONE', #8432, #5482, #12351, .T. ) ;
#8403 = AXIS2_PLACEMENT_3D ( 'NONE', #4572, #2630, #6564 ) ;
#8404 = CARTESIAN_POINT ( 'NONE',  ( -7.470998869602268222, 45.20000000000000284, 20.16021269457248977 ) ) ;
#8405 = LINE ( 'NONE', #9610, #9858 ) ;
#8406 = CIRCLE ( 'NONE', #9213, 21.50000000000000000 ) ;
#8407 = EDGE_CURVE ( 'NONE', #4300, #5920, #6921, .T. ) ;
#8408 = ORIENTED_EDGE ( 'NONE', *, *, #10907, .T. ) ;
#8409 = PLANE ( 'NONE',  #5889 ) ;
#8410 = DIRECTION ( 'NONE',  ( 0.000000000000000000, -1.000000000000000000, -3.061616997868383141E-16 ) ) ;
#8411 = ORIENTED_EDGE ( 'NONE', *, *, #10206, .F. ) ;
#8412 = DIRECTION ( 'NONE',  ( 0.000000000000000000, -1.000000000000000000, -3.061616997868383141E-16 ) ) ;
#8413 = CIRCLE ( 'NONE', #10054, 0.2500000000000002220 ) ;
#8414 = DIRECTION ( 'NONE',  ( -0.000000000000000000, 1.000000000000000000, 3.061616997868383141E-16 ) ) ;
#8415 = ADVANCED_FACE ( 'NONE', ( #739 ), #11528, .T. ) ;
#8416 = ORIENTED_EDGE ( 'NONE', *, *, #6452, .T. ) ;
#8417 = AXIS2_PLACEMENT_3D ( 'NONE', #6849, #8757, #5698 ) ;
#8418 = SHAPE_DEFINITION_REPRESENTATION ( #6010, #4640 ) ;
#8419 = ORIENTED_EDGE ( 'NONE', *, *, #9777, .F. ) ;
#8420 = CARTESIAN_POINT ( 'NONE',  ( 0.9984418587562703395, 0.07636448762110301103, -2.636635512378900259 ) ) ;
#8421 = ORIENTED_EDGE ( 'NONE', *, *, #8148, .T. ) ;
#8422 = LINE ( 'NONE', #4459, #6218 ) ;
#8423 = DIRECTION ( 'NONE',  ( 0.000000000000000000, -3.227392513445220839E-16, 1.000000000000000000 ) ) ;
#8424 = DIRECTION ( 'NONE',  ( -1.000000000000000000, 0.000000000000000000, 0.000000000000000000 ) ) ;
#8425 = FACE_OUTER_BOUND ( 'NONE', #7143, .T. ) ;
#8426 = CARTESIAN_POINT ( 'NONE',  ( 17.24574565275870697, -80.41022924428168039, -12.83877941551899227 ) ) ;
#8427 = EDGE_CURVE ( 'NONE', #12046, #2098, #9601, .T. ) ;
#8428 = EDGE_CURVE ( 'NONE', #1625, #1102, #12541, .T. ) ;
#8429 = CARTESIAN_POINT ( 'NONE',  ( -21.03017341577676547, -80.41022924428168039, 4.470101352582026344 ) ) ;
#8430 = ORIENTED_EDGE ( 'NONE', *, *, #3055, .T. ) ;
#8431 = EDGE_LOOP ( 'NONE', ( #7367, #2665, #6215 ) ) ;
#8432 = VERTEX_POINT ( 'NONE', #4039 ) ;
#8433 = AXIS2_PLACEMENT_3D ( 'NONE', #12511, #8613, #707 ) ;
#8434 = CIRCLE ( 'NONE', #28, 21.50000000000000000 ) ;
#8435 = LINE ( 'NONE', #4472, #1869 ) ;
#8436 = CARTESIAN_POINT ( 'NONE',  ( -10.74999999999975486, -80.41022924428169460, 18.61954618136553563 ) ) ;
#8437 = CARTESIAN_POINT ( 'NONE',  ( -12.83877941551891233, 51.19999999999999574, -17.24574565275877447 ) ) ;
#8438 = VERTEX_POINT ( 'NONE', #3251 ) ;
#8439 = LINE ( 'NONE', #12163, #3215 ) ;
#8440 = DIRECTION ( 'NONE',  ( -0.000000000000000000, 1.000000000000000000, 3.061616997868383141E-16 ) ) ;
#8441 = FACE_OUTER_BOUND ( 'NONE', #8597, .T. ) ;
#8442 = ORIENTED_EDGE ( 'NONE', *, *, #593, .F. ) ;
#8443 = DIRECTION ( 'NONE',  ( 0.000000000000000000, 0.000000000000000000, 1.000000000000000000 ) ) ;
#8444 = CIRCLE ( 'NONE', #1653, 47.85087804878048701 ) ;
#8445 = DIRECTION ( 'NONE',  ( -2.465190328815661892E-32, 1.000000000000000000, 3.061616997868381169E-16 ) ) ;
#8446 = AXIS2_PLACEMENT_3D ( 'NONE', #11318, #11382, #2530 ) ;
#8447 = ORIENTED_EDGE ( 'NONE', *, *, #3247, .F. ) ;
#8448 = VECTOR ( 'NONE', #5633, 999.9999999999998863 ) ;
#8449 = VERTEX_POINT ( 'NONE', #8064 ) ;
#8450 = ORIENTED_EDGE ( 'NONE', *, *, #4952, .T. ) ;
#8451 = CARTESIAN_POINT ( 'NONE',  ( -18.16635567040265187, -80.41022924428168039, -11.49928352796074371 ) ) ;
#8452 = PRODUCT_RELATED_PRODUCT_CATEGORY ( 'part', '', ( #10917 ) ) ;
#8453 = AXIS2_PLACEMENT_3D ( 'NONE', #2988, #9925, #1173 ) ;
#8454 = CARTESIAN_POINT ( 'NONE',  ( -6.643865379061518084, 51.19999999999999574, -20.44771510034572159 ) ) ;
#8455 = ORIENTED_EDGE ( 'NONE', *, *, #4573, .F. ) ;
#8456 = DIRECTION ( 'NONE',  ( 7.395570986446986770E-32, 1.000000000000000000, 3.061616997868382648E-16 ) ) ;
#8457 = AXIS2_PLACEMENT_3D ( 'NONE', #5057, #8943, #137 ) ;
#8458 = EDGE_CURVE ( 'NONE', #7403, #12658, #3354, .T. ) ;
#8459 = CARTESIAN_POINT ( 'NONE',  ( 7.704910915223833534, 45.19999999999998863, -20.07197916968985751 ) ) ;
#8460 = DIRECTION ( 'NONE',  ( -2.465190328815661892E-32, 1.000000000000000000, 3.061616997868381662E-16 ) ) ;
#8461 = VERTEX_POINT ( 'NONE', #1241 ) ;
#8462 = CARTESIAN_POINT ( 'NONE',  ( 18.03141721082655380, 45.19999999999998863, -11.70973925282314276 ) ) ;
#8463 = CARTESIAN_POINT ( 'NONE',  ( -14.19955239679448589, -80.41022924428169460, 16.14381341971860806 ) ) ;
#8464 = DIRECTION ( 'NONE',  ( 0.000000000000000000, 0.000000000000000000, 1.000000000000000000 ) ) ;
#8465 = EDGE_CURVE ( 'NONE', #5166, #5534, #10523, .T. ) ;
#8466 = CARTESIAN_POINT ( 'NONE',  ( 19.98103174821870454, 51.19999999999999574, 7.937781193549996672 ) ) ;
#8467 = AXIS2_PLACEMENT_3D ( 'NONE', #11280, #4550, #4377 ) ;
#8468 = DIRECTION ( 'NONE',  ( 0.000000000000000000, -3.227392513445220839E-16, 1.000000000000000000 ) ) ;
#8469 = AXIS2_PLACEMENT_3D ( 'NONE', #5776, #34, #11794 ) ;
#8470 = AXIS2_PLACEMENT_3D ( 'NONE', #1022, #6181, #1275 ) ;
#8471 = ORIENTED_EDGE ( 'NONE', *, *, #12229, .F. ) ;
#8472 = CIRCLE ( 'NONE', #47, 21.50000000000000000 ) ;
#8473 = ADVANCED_FACE ( 'NONE', ( #10953 ), #9994, .T. ) ;
#8474 = ORIENTED_EDGE ( 'NONE', *, *, #12000, .F. ) ;
#8475 = CYLINDRICAL_SURFACE ( 'NONE', #1178, 21.50000000000000355 ) ;
#8476 = CIRCLE ( 'NONE', #52, 0.2500000000000002220 ) ;
#8477 = ADVANCED_FACE ( 'NONE', ( #9936 ), #879, .T. ) ;
#8478 = CARTESIAN_POINT ( 'NONE',  ( 0.000000000000000000, 45.20000000000000995, -9.220454712679835547E-15 ) ) ;
#8479 = ORIENTED_EDGE ( 'NONE', *, *, #2546, .T. ) ;
#8480 = DIRECTION ( 'NONE',  ( 0.000000000000000000, -3.227392513445222318E-16, 1.000000000000000000 ) ) ;
#8481 = CIRCLE ( 'NONE', #2737, 20.50000000000000355 ) ;
#8482 = EDGE_CURVE ( 'NONE', #3729, #2048, #2117, .T. ) ;
#8483 = AXIS2_PLACEMENT_3D ( 'NONE', #4277, #10398, #8480 ) ;
#8484 = CIRCLE ( 'NONE', #3995, 0.2500000000000002220 ) ;
#8485 = ORIENTED_EDGE ( 'NONE', *, *, #3237, .F. ) ;
#8486 = AXIS2_PLACEMENT_3D ( 'NONE', #8127, #12033, #3252 ) ;
#8487 = ORIENTED_EDGE ( 'NONE', *, *, #6628, .T. ) ;
#8488 = CARTESIAN_POINT ( 'NONE',  ( -0.9950000000000006617, 47.85087804878074280, 0.000000000000000000 ) ) ;
#8489 = EDGE_CURVE ( 'NONE', #3228, #1195, #5137, .T. ) ;
#8490 = ORIENTED_EDGE ( 'NONE', *, *, #2436, .T. ) ;
#8491 = DIRECTION ( 'NONE',  ( 0.000000000000000000, -1.000000000000000000, -3.061616997868383141E-16 ) ) ;
#8492 = AXIS2_PLACEMENT_3D ( 'NONE', #8021, #2110, #306 ) ;
#8493 = DIRECTION ( 'NONE',  ( -0.000000000000000000, 1.000000000000000000, 3.061616997868383141E-16 ) ) ;
#8494 = CARTESIAN_POINT ( 'NONE',  ( 18.74328531086468175, 45.19999999999998863, -10.53277056407880607 ) ) ;
#8495 = AXIS2_PLACEMENT_3D ( 'NONE', #8224, #4394, #447 ) ;
#8496 = LINE ( 'NONE', #5738, #133 ) ;
#8497 = DIRECTION ( 'NONE',  ( 0.000000000000000000, -3.227392513445220839E-16, 1.000000000000000000 ) ) ;
#8498 = CARTESIAN_POINT ( 'NONE',  ( 1.961620953627966510E-15, 8.700000000000004619, -16.01785065697086097 ) ) ;
#8499 = ORIENTED_EDGE ( 'NONE', *, *, #1431, .T. ) ;
#8500 = ORIENTED_EDGE ( 'NONE', *, *, #3212, .F. ) ;
#8501 = EDGE_CURVE ( 'NONE', #7507, #12283, #2941, .T. ) ;
#8502 = ADVANCED_FACE ( 'NONE', ( #3121 ), #216, .T. ) ;
#8503 = CARTESIAN_POINT ( 'NONE',  ( 16.70863817132479667, 45.19999999999998863, -13.28038840757156791 ) ) ;
#8504 = CARTESIAN_POINT ( 'NONE',  ( -1.998583757652897752, 51.19999999999999574, -21.40690689856071316 ) ) ;
#8505 = EDGE_LOOP ( 'NONE', ( #12415, #9888, #11773, #982 ) ) ;
#8506 = DIRECTION ( 'NONE',  ( 0.000000000000000000, -1.000000000000000000, -3.061616997868383141E-16 ) ) ;
#8507 = DIRECTION ( 'NONE',  ( 0.000000000000000000, 0.000000000000000000, 1.000000000000000000 ) ) ;
#8508 = DIRECTION ( 'NONE',  ( 0.000000000000000000, 0.000000000000000000, 1.000000000000000000 ) ) ;
#8509 = ORIENTED_EDGE ( 'NONE', *, *, #7473, .F. ) ;
#8510 = CARTESIAN_POINT ( 'NONE',  ( 11.70973925282297579, 45.19999999999998863, -18.03141721082666038 ) ) ;
#8511 = DIRECTION ( 'NONE',  ( -0.000000000000000000, 1.000000000000000000, 3.061616997868383141E-16 ) ) ;
#8512 = VERTEX_POINT ( 'NONE', #6149 ) ;
#8513 = ORIENTED_EDGE ( 'NONE', *, *, #9480, .F. ) ;
#8514 = CIRCLE ( 'NONE', #5054, 21.50000000000000000 ) ;
#8515 = VERTEX_POINT ( 'NONE', #10053 ) ;
#8516 = CARTESIAN_POINT ( 'NONE',  ( 16.55018116000685779, 51.19999999999999574, -13.72375690439589846 ) ) ;
#8517 = EDGE_CURVE ( 'NONE', #12269, #11715, #12557, .T. ) ;
#8518 = EDGE_LOOP ( 'NONE', ( #2952, #5565, #9321, #7275 ) ) ;
#8519 = CARTESIAN_POINT ( 'NONE',  ( 20.07197916968984686, -80.41022924428168039, 7.704910915223875278 ) ) ;
#8520 = CARTESIAN_POINT ( 'NONE',  ( -20.36907980785155914, -80.41022924428168039, 6.881176337035177504 ) ) ;
#8521 = CARTESIAN_POINT ( 'NONE',  ( 0.9999999999999995559, -0.08699999999999999400, -2.799999999999999822 ) ) ;
#8522 = ORIENTED_EDGE ( 'NONE', *, *, #12324, .F. ) ;
#8523 = CARTESIAN_POINT ( 'NONE',  ( 21.45599973288052809, -80.41022924428168039, 1.374800153706015493 ) ) ;
#8524 = CYLINDRICAL_SURFACE ( 'NONE', #1002, 21.50000000000000355 ) ;
#8525 = DIRECTION ( 'NONE',  ( -0.000000000000000000, 1.000000000000000000, 3.061616997868383141E-16 ) ) ;
#8526 = ORIENTED_EDGE ( 'NONE', *, *, #2252, .F. ) ;
#8527 = DIRECTION ( 'NONE',  ( 7.395570986446986770E-32, 1.000000000000000000, 3.061616997868381169E-16 ) ) ;
#8528 = DIRECTION ( 'NONE',  ( 4.930380657631323784E-32, 1.000000000000000000, 3.061616997868381662E-16 ) ) ;
#8529 = EDGE_LOOP ( 'NONE', ( #11883, #543, #5328, #2704 ) ) ;
#8530 = EDGE_CURVE ( 'NONE', #4022, #4515, #4803, .T. ) ;
#8531 = AXIS2_PLACEMENT_3D ( 'NONE', #4875, #10630, #8903 ) ;
#8532 = VERTEX_POINT ( 'NONE', #8900 ) ;
#8533 = DIRECTION ( 'NONE',  ( -0.000000000000000000, 1.000000000000000000, 3.061616997868383141E-16 ) ) ;
#8534 = DIRECTION ( 'NONE',  ( -9.860761315262647568E-32, 1.000000000000000000, 3.061616997868381662E-16 ) ) ;
#8535 = EDGE_LOOP ( 'NONE', ( #10609, #3193, #11152, #11326 ) ) ;
#8536 = DIRECTION ( 'NONE',  ( -9.860761315262647568E-32, 1.000000000000000000, 3.061616997868380676E-16 ) ) ;
#8537 = DIRECTION ( 'NONE',  ( -0.000000000000000000, 1.000000000000000000, 3.061616997868383141E-16 ) ) ;
#8538 = CIRCLE ( 'NONE', #938, 20.50000000000000355 ) ;
#8539 = ADVANCED_FACE ( 'NONE', ( #9086 ), #92, .F. ) ;
#8540 = EDGE_CURVE ( 'NONE', #11427, #858, #4107, .T. ) ;
#8541 = ADVANCED_FACE ( 'NONE', ( #4232 ), #1310, .T. ) ;
#8542 = ORIENTED_EDGE ( 'NONE', *, *, #921, .T. ) ;
#8543 = VERTEX_POINT ( 'NONE', #3308 ) ;
#8544 = VECTOR ( 'NONE', #3855, 1000.000000000000000 ) ;
#8545 = ORIENTED_EDGE ( 'NONE', *, *, #7083, .T. ) ;
#8546 = CARTESIAN_POINT ( 'NONE',  ( 0.9999999999999995559, 0.07288794480801003006, -2.640112055191992990 ) ) ;
#8547 = CARTESIAN_POINT ( 'NONE',  ( -8.972629143562027565, -80.41022924428169460, 19.53821706942831327 ) ) ;
#8548 = ORIENTED_EDGE ( 'NONE', *, *, #3637, .F. ) ;
#8549 = CARTESIAN_POINT ( 'NONE',  ( -21.23529932279548049, 45.19999999999998863, -3.363340998364744650 ) ) ;
#8550 = CARTESIAN_POINT ( 'NONE',  ( -1.000000000000000444, 47.85087804878048701, 0.000000000000000000 ) ) ;
#8551 = CARTESIAN_POINT ( 'NONE',  ( 0.9956472653865324762, -0.08696586433878435163, -2.799965864338784360 ) ) ;
#8552 = CARTESIAN_POINT ( 'NONE',  ( 4.225266388133175788, -80.41022924428169460, 21.08072873382963763 ) ) ;
#8553 = EDGE_CURVE ( 'NONE', #2240, #6724, #11341, .T. ) ;
#8554 = AXIS2_PLACEMENT_3D ( 'NONE', #1281, #8997, #2062 ) ;
#8555 = DIRECTION ( 'NONE',  ( -0.000000000000000000, 1.000000000000000000, 3.061616997868383141E-16 ) ) ;
#8556 = EDGE_LOOP ( 'NONE', ( #3869, #9970, #10761, #4286 ) ) ;
#8557 = EDGE_CURVE ( 'NONE', #2177, #10895, #5957, .T. ) ;
#8558 = CIRCLE ( 'NONE', #11216, 21.50000000000000000 ) ;
#8559 = ORIENTED_EDGE ( 'NONE', *, *, #3932, .T. ) ;
#8560 = EDGE_LOOP ( 'NONE', ( #7052, #2632, #2426, #11135 ) ) ;
#8561 = DIRECTION ( 'NONE',  ( -0.000000000000000000, 1.000000000000000000, 3.061616997868383141E-16 ) ) ;
#8562 = CIRCLE ( 'NONE', #2420, 0.2500000000000002220 ) ;
#8563 = DIRECTION ( 'NONE',  ( -0.000000000000000000, 1.000000000000000000, 3.061616997868383141E-16 ) ) ;
#8564 = CARTESIAN_POINT ( 'NONE',  ( -20.44771510034585660, 51.19999999999999574, -6.643865379061153931 ) ) ;
#8565 = VERTEX_POINT ( 'NONE', #7409 ) ;
#8566 = DIRECTION ( 'NONE',  ( 9.860761315262647568E-32, 1.000000000000000000, 3.061616997868382648E-16 ) ) ;
#8567 = AXIS2_PLACEMENT_3D ( 'NONE', #8035, #10158, #9189 ) ;
#8568 = FACE_OUTER_BOUND ( 'NONE', #8206, .T. ) ;
#8569 = DIRECTION ( 'NONE',  ( -0.000000000000000000, 1.000000000000000000, 3.061616997868383141E-16 ) ) ;
#8570 = ORIENTED_EDGE ( 'NONE', *, *, #8316, .T. ) ;
#8571 = CARTESIAN_POINT ( 'NONE',  ( 0.000000000000000000, 87.50000000000001421, 3.730185188303422936E-15 ) ) ;
#8572 = DIRECTION ( 'NONE',  ( 0.000000000000000000, 0.000000000000000000, 1.000000000000000000 ) ) ;
#8573 = ORIENTED_EDGE ( 'NONE', *, *, #9254, .T. ) ;
#8574 = ADVANCED_FACE ( 'NONE', ( #9394 ), #1370, .F. ) ;
#8575 = ORIENTED_EDGE ( 'NONE', *, *, #3420, .T. ) ;
#8576 = CIRCLE ( 'NONE', #4289, 0.2500000000000002220 ) ;
#8577 = EDGE_LOOP ( 'NONE', ( #8430, #9440, #4179, #9879 ) ) ;
#8578 = FACE_OUTER_BOUND ( 'NONE', #2926, .T. ) ;
#8579 = CARTESIAN_POINT ( 'NONE',  ( 8.744837826129717939, 45.20000000000000284, 19.64122733931591114 ) ) ;
#8580 =( LENGTH_UNIT ( ) NAMED_UNIT ( * ) SI_UNIT ( .MILLI., .METRE. ) );
#8581 = CARTESIAN_POINT ( 'NONE',  ( 0.000000000000000000, 70.04536989052154183, -1.613754035165033947E-15 ) ) ;
#8582 = AXIS2_PLACEMENT_3D ( 'NONE', #999, #9674, #8909 ) ;
#8583 = CARTESIAN_POINT ( 'NONE',  ( 21.38222075041785786, 45.19999999999998863, -2.247361960254612434 ) ) ;
#8584 = LINE ( 'NONE', #8521, #4796 ) ;
#8585 = ORIENTED_EDGE ( 'NONE', *, *, #11703, .T. ) ;
#8586 = FACE_OUTER_BOUND ( 'NONE', #7116, .T. ) ;
#8587 = FACE_OUTER_BOUND ( 'NONE', #1717, .T. ) ;
#8588 = LINE ( 'NONE', #6485, #8388 ) ;
#8589 = ORIENTED_EDGE ( 'NONE', *, *, #11840, .F. ) ;
#8590 = CARTESIAN_POINT ( 'NONE',  ( 9.982883740771674397, -80.41022924428169460, 19.04184949573530616 ) ) ;
#8591 = CARTESIAN_POINT ( 'NONE',  ( 0.000000000000000000, 45.20000000000000995, -9.220454712679835547E-15 ) ) ;
#8592 = ADVANCED_FACE ( 'NONE', ( #4356 ), #11262, .F. ) ;
#8593 = AXIS2_PLACEMENT_3D ( 'NONE', #12055, #7187, #11095 ) ;
#8594 = ORIENTED_EDGE ( 'NONE', *, *, #831, .F. ) ;
#8595 = AXIS2_PLACEMENT_3D ( 'NONE', #8004, #7806, #2092 ) ;
#8596 = AXIS2_PLACEMENT_3D ( 'NONE', #2748, #10576, #3976 ) ;
#8597 = EDGE_LOOP ( 'NONE', ( #8185, #4740, #2259, #4241 ) ) ;
#8598 = DIRECTION ( 'NONE',  ( 0.000000000000000000, -3.227392513445222318E-16, 1.000000000000000000 ) ) ;
#8599 = CARTESIAN_POINT ( 'NONE',  ( 0.000000000000000000, 51.20000000000000995, -7.383484513958806747E-15 ) ) ;
#8600 = EDGE_LOOP ( 'NONE', ( #3451, #12074, #607, #7866 ) ) ;
#8601 = CARTESIAN_POINT ( 'NONE',  ( -0.9985996054052503901, -0.08537226377138998346, -2.798372263771390589 ) ) ;
#8602 = CIRCLE ( 'NONE', #3074, 0.2500000000000002220 ) ;
#8603 = AXIS2_PLACEMENT_3D ( 'NONE', #3574, #6529, #6592 ) ;
#8604 = ORIENTED_EDGE ( 'NONE', *, *, #103, .T. ) ;
#8605 = VECTOR ( 'NONE', #2075, 1000.000000000000000 ) ;
#8606 = ORIENTED_EDGE ( 'NONE', *, *, #8557, .F. ) ;
#8607 = EDGE_LOOP ( 'NONE', ( #6398, #3270, #2652, #6498 ) ) ;
#8608 = CARTESIAN_POINT ( 'NONE',  ( 0.9980246340370579894, 0.07670451682347524669, -2.636295483176528176 ) ) ;
#8609 = AXIS2_PLACEMENT_3D ( 'NONE', #11622, #2709, #6830 ) ;
#8610 = FACE_OUTER_BOUND ( 'NONE', #2571, .T. ) ;
#8611 = ORIENTED_EDGE ( 'NONE', *, *, #10815, .T. ) ;
#8612 = EDGE_CURVE ( 'NONE', #6349, #11054, #2746, .T. ) ;
#8613 = DIRECTION ( 'NONE',  ( 0.000000000000000000, -1.000000000000000000, -3.061616997868383141E-16 ) ) ;
#8614 = DIRECTION ( 'NONE',  ( -0.000000000000000000, 1.000000000000000000, 3.061616997868383141E-16 ) ) ;
#8615 = DIRECTION ( 'NONE',  ( 2.465190328815661892E-32, 1.000000000000000000, 3.061616997868383141E-16 ) ) ;
#8616 = CARTESIAN_POINT ( 'NONE',  ( 15.02499431646281280, 45.19999999999998863, -15.37854173159012916 ) ) ;
#8617 = ORIENTED_EDGE ( 'NONE', *, *, #6141, .F. ) ;
#8618 = EDGE_LOOP ( 'NONE', ( #627, #12433, #9979, #2559 ) ) ;
#8619 = DIRECTION ( 'NONE',  ( 0.000000000000000000, 0.000000000000000000, 1.000000000000000000 ) ) ;
#8620 = EDGE_CURVE ( 'NONE', #9908, #2526, #2129, .T. ) ;
#8621 = CARTESIAN_POINT ( 'NONE',  ( 3.363340998364969359, 51.20000000000000995, 21.23529932279546983 ) ) ;
#8622 = ADVANCED_FACE ( 'NONE', ( #477 ), #4418, .T. ) ;
#8623 = DIRECTION ( 'NONE',  ( 0.000000000000000000, -1.000000000000000000, -3.061616997868383141E-16 ) ) ;
#8624 = ORIENTED_EDGE ( 'NONE', *, *, #7769, .F. ) ;
#8625 = LINE ( 'NONE', #271, #124 ) ;
#8626 = CARTESIAN_POINT ( 'NONE',  ( -15.20279579551057658, 45.20000000000000284, 15.20279579551096028 ) ) ;
#8627 = DIRECTION ( 'NONE',  ( 0.000000000000000000, -3.227392513445222318E-16, 1.000000000000000000 ) ) ;
#8628 = VERTEX_POINT ( 'NONE', #11139 ) ;
#8629 = DIRECTION ( 'NONE',  ( -4.930380657631323784E-32, 1.000000000000000000, 3.061616997868382648E-16 ) ) ;
#8630 = EDGE_CURVE ( 'NONE', #6599, #4853, #11554, .T. ) ;
#8631 = CARTESIAN_POINT ( 'NONE',  ( -10.75000000000014744, 51.19999999999999574, -18.61954618136531892 ) ) ;
#8632 = VERTEX_POINT ( 'NONE', #7479 ) ;
#8633 = ORIENTED_EDGE ( 'NONE', *, *, #11929, .F. ) ;
#8634 = ORIENTED_EDGE ( 'NONE', *, *, #12156, .F. ) ;
#8635 = CARTESIAN_POINT ( 'NONE',  ( 0.000000000000000000, 87.50000000000001421, 3.730185188303422936E-15 ) ) ;
#8636 = FACE_OUTER_BOUND ( 'NONE', #6525, .T. ) ;
#8637 = CARTESIAN_POINT ( 'NONE',  ( 0.9959563894067320344, -0.08690176242274688656, -2.799901762422747353 ) ) ;
#8638 = DIRECTION ( 'NONE',  ( 0.000000000000000000, 0.000000000000000000, 1.000000000000000000 ) ) ;
#8639 = ADVANCED_FACE ( 'NONE', ( #5499 ), #10362, .F. ) ;
#8640 = DIRECTION ( 'NONE',  ( 0.000000000000000000, 0.000000000000000000, -1.000000000000000000 ) ) ;
#8641 = CARTESIAN_POINT ( 'NONE',  ( 0.000000000000000000, 87.50000000000001421, 3.730185188303422936E-15 ) ) ;
#8642 = VERTEX_POINT ( 'NONE', #6522 ) ;
#8643 = DIRECTION ( 'NONE',  ( 0.000000000000000000, 1.000000000000000000, 3.061616997868382648E-16 ) ) ;
#8644 = AXIS2_PLACEMENT_3D ( 'NONE', #6940, #5161, #8846 ) ;
#8645 = CIRCLE ( 'NONE', #5786, 0.2500000000000002220 ) ;
#8646 = FACE_OUTER_BOUND ( 'NONE', #6292, .T. ) ;
#8647 = DIRECTION ( 'NONE',  ( 2.465190328815661892E-32, 1.000000000000000000, 3.061616997868381169E-16 ) ) ;
#8648 = ORIENTED_EDGE ( 'NONE', *, *, #9050, .F. ) ;
#8649 = AXIS2_PLACEMENT_3D ( 'NONE', #8974, #7057, #4240 ) ;
#8650 = DIRECTION ( 'NONE',  ( 0.000000000000000000, 0.000000000000000000, 1.000000000000000000 ) ) ;
#8651 = FACE_OUTER_BOUND ( 'NONE', #11559, .T. ) ;
#8652 = ORIENTED_EDGE ( 'NONE', *, *, #7144, .T. ) ;
#8653 = AXIS2_PLACEMENT_3D ( 'NONE', #4673, #2666, #3766 ) ;
#8654 = AXIS2_PLACEMENT_3D ( 'NONE', #5427, #6445, #11370 ) ;
#8655 = ORIENTED_EDGE ( 'NONE', *, *, #8023, .F. ) ;
#8656 = CARTESIAN_POINT ( 'NONE',  ( 0.000000000000000000, 87.50000000000001421, 3.730185188303422936E-15 ) ) ;
#8657 = EDGE_CURVE ( 'NONE', #1993, #10162, #7225, .T. ) ;
#8658 = CARTESIAN_POINT ( 'NONE',  ( 0.000000000000000000, 87.50000000000001421, 3.730185188303422936E-15 ) ) ;
#8659 = EDGE_LOOP ( 'NONE', ( #6391, #4709, #6414, #8667, #594 ) ) ;
#8660 = CYLINDRICAL_SURFACE ( 'NONE', #4826, 21.50000000000000355 ) ;
#8661 = AXIS2_PLACEMENT_3D ( 'NONE', #12047, #2294, #12176 ) ;
#8662 = DIRECTION ( 'NONE',  ( 0.000000000000000000, -1.000000000000000000, -3.061616997868383141E-16 ) ) ;
#8663 = AXIS2_PLACEMENT_3D ( 'NONE', #10598, #4771, #11615 ) ;
#8664 = ORIENTED_EDGE ( 'NONE', *, *, #8482, .F. ) ;
#8665 = AXIS2_PLACEMENT_3D ( 'NONE', #2237, #3144, #4312 ) ;
#8666 = VECTOR ( 'NONE', #364, 1000.000000000000000 ) ;
#8667 = ORIENTED_EDGE ( 'NONE', *, *, #7714, .F. ) ;
#8668 = ORIENTED_EDGE ( 'NONE', *, *, #4088, .T. ) ;
#8669 = CYLINDRICAL_SURFACE ( 'NONE', #7747, 21.50000000000000355 ) ;
#8670 = CIRCLE ( 'NONE', #3984, 0.2500000000000002220 ) ;
#8671 = CARTESIAN_POINT ( 'NONE',  ( 18.03141721082655380, 45.19999999999998863, -11.70973925282314276 ) ) ;
#8672 = ORIENTED_EDGE ( 'NONE', *, *, #6354, .T. ) ;
#8673 = FACE_OUTER_BOUND ( 'NONE', #9368, .T. ) ;
#8674 = CARTESIAN_POINT ( 'NONE',  ( -3.363340998364683809, -80.41022924428169460, 21.23529932279546983 ) ) ;
#8675 = FACE_OUTER_BOUND ( 'NONE', #1179, .T. ) ;
#8676 = CIRCLE ( 'NONE', #3156, 0.2500000000000002220 ) ;
#8677 = LINE ( 'NONE', #1671, #11074 ) ;
#8678 = CIRCLE ( 'NONE', #7261, 0.2500000000000002220 ) ;
#8679 = CYLINDRICAL_SURFACE ( 'NONE', #11350, 0.2500000000000002220 ) ;
#8680 = AXIS2_PLACEMENT_3D ( 'NONE', #10119, #7163, #6214 ) ;
#8681 = ORIENTED_EDGE ( 'NONE', *, *, #8742, .F. ) ;
#8682 = ORIENTED_EDGE ( 'NONE', *, *, #5408, .T. ) ;
#8683 = EDGE_CURVE ( 'NONE', #10402, #6494, #1921, .T. ) ;
#8684 = AXIS2_PLACEMENT_3D ( 'NONE', #7782, #2977, #11689 ) ;
#8685 = VECTOR ( 'NONE', #2914, 1000.000000000000000 ) ;
#8686 = DIRECTION ( 'NONE',  ( 0.000000000000000000, 0.000000000000000000, 1.000000000000000000 ) ) ;
#8687 = EDGE_CURVE ( 'NONE', #4940, #6784, #4209, .T. ) ;
#8688 = CARTESIAN_POINT ( 'NONE',  ( 8.744837826129717939, -80.41022924428169460, 19.64122733931587561 ) ) ;
#8689 = CARTESIAN_POINT ( 'NONE',  ( -18.61954618136529760, 51.20000000000000995, 10.75000000000022560 ) ) ;
#8690 = CARTESIAN_POINT ( 'NONE',  ( 0.9999999999999995559, 47.85087804878048701, 0.000000000000000000 ) ) ;
#8691 = ORIENTED_EDGE ( 'NONE', *, *, #11461, .F. ) ;
#8692 = CARTESIAN_POINT ( 'NONE',  ( 0.000000000000000000, 80.00000000000000000, 2.449293598294706434E-14 ) ) ;
#8693 = CARTESIAN_POINT ( 'NONE',  ( -8.744837826129849390, -80.41022924428168039, -19.39122733931586851 ) ) ;
#8694 = CARTESIAN_POINT ( 'NONE',  ( -0.9996401290936687278, 0.07465571176097421380, -2.638344288239027779 ) ) ;
#8695 = DIRECTION ( 'NONE',  ( 0.000000000000000000, -1.000000000000000000, -3.061616997868383141E-16 ) ) ;
#8696 = AXIS2_PLACEMENT_3D ( 'NONE', #371, #3271, #434 ) ;
#8697 = CYLINDRICAL_SURFACE ( 'NONE', #1871, 0.2500000000000002220 ) ;
#8698 = VERTEX_POINT ( 'NONE', #3883 ) ;
#8699 = EDGE_CURVE ( 'NONE', #8210, #1195, #10532, .T. ) ;
#8700 = VERTEX_POINT ( 'NONE', #3824 ) ;
#8701 = ADVANCED_FACE ( 'NONE', ( #7662 ), #12459, .F. ) ;
#8702 = VERTEX_POINT ( 'NONE', #9583 ) ;
#8703 = EDGE_CURVE ( 'NONE', #10256, #6361, #1682, .T. ) ;
#8704 = DIRECTION ( 'NONE',  ( 0.000000000000000000, -3.061616997868383634E-16, 1.000000000000000000 ) ) ;
#8705 = VECTOR ( 'NONE', #11284, 1000.000000000000000 ) ;
#8706 = DIRECTION ( 'NONE',  ( -7.395570986446986770E-32, 1.000000000000000000, 3.061616997868382648E-16 ) ) ;
#8707 = CARTESIAN_POINT ( 'NONE',  ( 5.322755903978652725, -80.41022924428169460, 20.83070497094754359 ) ) ;
#8708 = ORIENTED_EDGE ( 'NONE', *, *, #2266, .F. ) ;
#8709 = CARTESIAN_POINT ( 'NONE',  ( 0.000000000000000000, 10.27282251965208637, -1.991381873881973871E-14 ) ) ;
#8710 = DIRECTION ( 'NONE',  ( -0.000000000000000000, 1.000000000000000000, 3.061616997868383141E-16 ) ) ;
#8711 = CARTESIAN_POINT ( 'NONE',  ( 0.000000000000000000, 10.27282251965208104, 18.29999999999999005 ) ) ;
#8712 = EDGE_LOOP ( 'NONE', ( #1291, #4263, #2608, #10436 ) ) ;
#8713 = CARTESIAN_POINT ( 'NONE',  ( -11.70973925282284966, 45.20000000000000284, 18.03141721082676696 ) ) ;
#8714 = PLANE ( 'NONE',  #6751 ) ;
#8715 = ORIENTED_EDGE ( 'NONE', *, *, #1457, .F. ) ;
#8716 = CIRCLE ( 'NONE', #6474, 21.50000000000000000 ) ;
#8717 = EDGE_CURVE ( 'NONE', #5666, #3038, #4403, .T. ) ;
#8718 = CARTESIAN_POINT ( 'NONE',  ( 7.470998869602540005, -80.41022924428169460, 20.16021269457234766 ) ) ;
#8719 = EDGE_CURVE ( 'NONE', #884, #1445, #9304, .T. ) ;
#8720 = EDGE_LOOP ( 'NONE', ( #9390, #9693, #11369, #11810 ) ) ;
#8721 = CARTESIAN_POINT ( 'NONE',  ( 20.76740526521493635, 45.19999999999998863, -5.314609469704264733 ) ) ;
#8722 = DIRECTION ( 'NONE',  ( 4.930380657631323784E-32, 1.000000000000000000, 3.061616997868381662E-16 ) ) ;
#8723 = VERTEX_POINT ( 'NONE', #7786 ) ;
#8724 = FACE_OUTER_BOUND ( 'NONE', #10902, .T. ) ;
#8725 = LINE ( 'NONE', #45, #11457 ) ;
#8726 = ADVANCED_FACE ( 'NONE', ( #9521 ), #721, .T. ) ;
#8727 = AXIS2_PLACEMENT_3D ( 'NONE', #8459, #4745, #8640 ) ;
#8728 = ADVANCED_FACE ( 'NONE', ( #2784 ), #12524, .F. ) ;
#8729 = EDGE_LOOP ( 'NONE', ( #6776, #1628, #920, #11406 ) ) ;
#8730 = ORIENTED_EDGE ( 'NONE', *, *, #4787, .F. ) ;
#8731 = ORIENTED_EDGE ( 'NONE', *, *, #6903, .T. ) ;
#8732 = LINE ( 'NONE', #11808, #3221 ) ;
#8733 = DIRECTION ( 'NONE',  ( 4.930380657631323784E-32, 1.000000000000000000, 3.061616997868382155E-16 ) ) ;
#8734 = ORIENTED_EDGE ( 'NONE', *, *, #3795, .F. ) ;
#8735 = CONICAL_SURFACE ( 'NONE', #6700, 18.19686085958248967, 0.2094395102393160901 ) ;
#8736 = DIRECTION ( 'NONE',  ( 0.000000000000000000, 0.000000000000000000, 1.000000000000000000 ) ) ;
#8737 = CARTESIAN_POINT ( 'NONE',  ( 0.9971111658241295084, -0.08650247068054667254, -2.799502470680546917 ) ) ;
#8738 = CARTESIAN_POINT ( 'NONE',  ( 0.000000000000000000, 51.20000000000000995, -7.383484513958806747E-15 ) ) ;
#8739 = CARTESIAN_POINT ( 'NONE',  ( -21.49854651162788954, 45.19999999999998863, 0.2499957747076374248 ) ) ;
#8740 = FACE_OUTER_BOUND ( 'NONE', #2453, .T. ) ;
#8741 = ORIENTED_EDGE ( 'NONE', *, *, #10531, .F. ) ;
#8742 = EDGE_CURVE ( 'NONE', #4042, #2195, #6648, .T. ) ;
#8743 = CIRCLE ( 'NONE', #8987, 0.2500000000000002220 ) ;
#8744 = ORIENTED_EDGE ( 'NONE', *, *, #2077, .T. ) ;
#8745 = AXIS2_PLACEMENT_3D ( 'NONE', #336, #7096, #6008 ) ;
#8746 = EDGE_LOOP ( 'NONE', ( #7590, #9842, #1261, #4662 ) ) ;
#8747 = DIRECTION ( 'NONE',  ( 4.930380657631323784E-32, 1.000000000000000000, 3.061616997868382648E-16 ) ) ;
#8748 = CARTESIAN_POINT ( 'NONE',  ( 9.760795744400269314, 45.20000000000000284, 19.15664027004989833 ) ) ;
#8749 = CARTESIAN_POINT ( 'NONE',  ( -3.116195710812369679, 51.20000000000000995, 21.27297168455583432 ) ) ;
#8750 = VERTEX_POINT ( 'NONE', #9716 ) ;
#8751 = DIRECTION ( 'NONE',  ( 1.848892746611746693E-32, 1.000000000000000000, 3.061616997868380676E-16 ) ) ;
#8752 = AXIS2_PLACEMENT_3D ( 'NONE', #3679, #11494, #5673 ) ;
#8753 = CARTESIAN_POINT ( 'NONE',  ( 0.8754938253326478570, 45.19999999999998863, -21.48216726873252824 ) ) ;
#8754 = DIRECTION ( 'NONE',  ( 0.000000000000000000, 0.000000000000000000, 1.000000000000000000 ) ) ;
#8755 = CIRCLE ( 'NONE', #9578, 21.50000000000000000 ) ;
#8756 = CARTESIAN_POINT ( 'NONE',  ( -16.70863817132498141, 51.19999999999999574, -13.53038840757134231 ) ) ;
#8757 = DIRECTION ( 'NONE',  ( -0.000000000000000000, 1.000000000000000000, 3.061616997868383141E-16 ) ) ;
#8758 = ORIENTED_EDGE ( 'NONE', *, *, #2267, .F. ) ;
#8759 = VERTEX_POINT ( 'NONE', #9644 ) ;
#8760 = CIRCLE ( 'NONE', #3240, 47.85087804878074280 ) ;
#8761 = VERTEX_POINT ( 'NONE', #973 ) ;
#8762 = SHAPE_REPRESENTATION_RELATIONSHIP ( 'NONE' , 'NONE' ,  #3317, #1525 ) ;
#8763 = CIRCLE ( 'NONE', #11235, 21.50000000000000000 ) ;
#8764 = DIRECTION ( 'NONE',  ( 0.000000000000000000, 0.000000000000000000, 1.000000000000000000 ) ) ;
#8765 = DIRECTION ( 'NONE',  ( -9.860761315262647568E-32, 1.000000000000000000, 3.061616997868381662E-16 ) ) ;
#8766 =( REPRESENTATION_RELATIONSHIP ('NONE','NONE', #4640, #11660 ) REPRESENTATION_RELATIONSHIP_WITH_TRANSFORMATION ( #11365 )SHAPE_REPRESENTATION_RELATIONSHIP( ) );
#8767 = DIRECTION ( 'NONE',  ( 1.003171929053522775E-16, 0.5735764363510486019, -0.8191520442889900222 ) ) ;
#8768 = CARTESIAN_POINT ( 'NONE',  ( 17.24574565275882776, 51.19999999999999574, -12.83877941551883595 ) ) ;
#8769 = ORIENTED_EDGE ( 'NONE', *, *, #12451, .F. ) ;
#8770 = FACE_OUTER_BOUND ( 'NONE', #12166, .T. ) ;
#8771 = CARTESIAN_POINT ( 'NONE',  ( -13.53038840757163541, 45.19999999999998863, -16.70863817132473983 ) ) ;
#8772 = CARTESIAN_POINT ( 'NONE',  ( 6.643865379061240972, -80.41022924428168039, -20.44771510034585660 ) ) ;
#8773 = EDGE_CURVE ( 'NONE', #10771, #2248, #4917, .T. ) ;
#8774 = ORIENTED_EDGE ( 'NONE', *, *, #1, .F. ) ;
#8775 = CARTESIAN_POINT ( 'NONE',  ( 6.643865379061240972, 45.19999999999998863, -20.44771510034581752 ) ) ;
#8776 = DIRECTION ( 'NONE',  ( -1.972152263052529514E-31, 1.000000000000000000, 3.061616997868382155E-16 ) ) ;
#8777 = VECTOR ( 'NONE', #11910, 1000.000000000000000 ) ;
#8778 = EDGE_CURVE ( 'NONE', #317, #5121, #9929, .T. ) ;
#8779 = ORIENTED_EDGE ( 'NONE', *, *, #5374, .F. ) ;
#8780 = CARTESIAN_POINT ( 'NONE',  ( -0.9982926688217997890, 0.07648957950548052054, -2.636510420494522666 ) ) ;
#8781 = DIRECTION ( 'NONE',  ( 9.860761315262647568E-32, 1.000000000000000000, 3.061616997868382648E-16 ) ) ;
#8782 = ORIENTED_EDGE ( 'NONE', *, *, #11480, .F. ) ;
#8783 = DIRECTION ( 'NONE',  ( -0.000000000000000000, 1.000000000000000000, 3.061616997868383141E-16 ) ) ;
#8784 = CARTESIAN_POINT ( 'NONE',  ( 6.881176337035001644, -80.41022924428169460, 20.36907980785160532 ) ) ;
#8785 = DIRECTION ( 'NONE',  ( -0.000000000000000000, 1.000000000000000000, 3.061616997868383141E-16 ) ) ;
#8786 = VERTEX_POINT ( 'NONE', #845 ) ;
#8787 = DIRECTION ( 'NONE',  ( 0.000000000000000000, 0.000000000000000000, -1.000000000000000000 ) ) ;
#8788 = CARTESIAN_POINT ( 'NONE',  ( 0.000000000000000000, 87.50000000000001421, 3.730185188303422936E-15 ) ) ;
#8789 = EDGE_CURVE ( 'NONE', #7474, #4567, #3691, .T. ) ;
#8790 = EDGE_CURVE ( 'NONE', #6784, #6350, #4789, .T. ) ;
#8791 = ORIENTED_EDGE ( 'NONE', *, *, #8155, .F. ) ;
#8792 = ORIENTED_EDGE ( 'NONE', *, *, #9557, .F. ) ;
#8793 = VERTEX_POINT ( 'NONE', #7534 ) ;
#8794 = LINE ( 'NONE', #7829, #5680 ) ;
#8795 = AXIS2_PLACEMENT_3D ( 'NONE', #9114, #307, #1012 ) ;
#8796 = CARTESIAN_POINT ( 'NONE',  ( -11.70973925282321915, 51.19999999999999574, -18.03141721082649696 ) ) ;
#8797 = EDGE_CURVE ( 'NONE', #2757, #8158, #2333, .T. ) ;
#8798 = EDGE_LOOP ( 'NONE', ( #11805, #6822, #3879, #7531 ) ) ;
#8799 = ADVANCED_FACE ( 'NONE', ( #7721 ), #11443, .F. ) ;
#8800 = DIRECTION ( 'NONE',  ( 1.479114197289397354E-31, 1.000000000000000000, 3.061616997868381662E-16 ) ) ;
#8801 = CARTESIAN_POINT ( 'NONE',  ( 20.83070497094754003, 45.19999999999998863, -5.322755903978881875 ) ) ;
#8802 = DIRECTION ( 'NONE',  ( 0.000000000000000000, -1.000000000000000000, -3.061616997868383141E-16 ) ) ;
#8803 = DIRECTION ( 'NONE',  ( 3.697785493223493385E-32, 1.000000000000000000, 3.061616997868381662E-16 ) ) ;
#8804 = DIRECTION ( 'NONE',  ( -0.000000000000000000, 1.000000000000000000, 3.061616997868383141E-16 ) ) ;
#8805 = AXIS2_PLACEMENT_3D ( 'NONE', #9872, #5016, #5144 ) ;
#8806 = ORIENTED_EDGE ( 'NONE', *, *, #138, .F. ) ;
#8807 = ORIENTED_EDGE ( 'NONE', *, *, #2943, .T. ) ;
#8808 = VECTOR ( 'NONE', #5125, 1000.000000000000000 ) ;
#8809 = DIRECTION ( 'NONE',  ( -0.000000000000000000, 1.000000000000000000, 3.061616997868383141E-16 ) ) ;
#8810 = ORIENTED_EDGE ( 'NONE', *, *, #3998, .F. ) ;
#8811 = DIRECTION ( 'NONE',  ( 9.860761315262647568E-32, 1.000000000000000000, 3.061616997868382155E-16 ) ) ;
#8812 = DIRECTION ( 'NONE',  ( -7.395570986446986770E-32, 1.000000000000000000, 3.061616997868381169E-16 ) ) ;
#8813 = EDGE_CURVE ( 'NONE', #1585, #4780, #3577, .T. ) ;
#8814 = DIRECTION ( 'NONE',  ( -7.395570986446986770E-32, 1.000000000000000000, 3.061616997868383634E-16 ) ) ;
#8815 = VERTEX_POINT ( 'NONE', #6969 ) ;
#8816 = LINE ( 'NONE', #7789, #729 ) ;
#8817 = EDGE_CURVE ( 'NONE', #6349, #4484, #3178, .T. ) ;
#8818 = CARTESIAN_POINT ( 'NONE',  ( 0.000000000000000000, 87.50000000000001421, 3.730185188303422936E-15 ) ) ;
#8819 = DIRECTION ( 'NONE',  ( 7.395570986446986770E-32, 1.000000000000000000, 3.061616997868381169E-16 ) ) ;
#8820 = CARTESIAN_POINT ( 'NONE',  ( 20.36907980785165151, -80.41022924428168039, 6.881176337034911050 ) ) ;
#8821 = FACE_OUTER_BOUND ( 'NONE', #4752, .T. ) ;
#8822 = VERTEX_POINT ( 'NONE', #268 ) ;
#8823 = ORIENTED_EDGE ( 'NONE', *, *, #10660, .T. ) ;
#8824 = ORIENTED_EDGE ( 'NONE', *, *, #922, .F. ) ;
#8825 =( LENGTH_UNIT ( ) NAMED_UNIT ( * ) SI_UNIT ( .MILLI., .METRE. ) );
#8826 = CARTESIAN_POINT ( 'NONE',  ( 1.125223059223148248, -80.41022924428168039, -21.22053499722335701 ) ) ;
#8827 = DIRECTION ( 'NONE',  ( 0.000000000000000000, -1.000000000000000000, -3.061616997868383141E-16 ) ) ;
#8828 = CARTESIAN_POINT ( 'NONE',  ( 14.38630803671536462, 51.19999999999999574, -15.97761374776402299 ) ) ;
#8829 = CYLINDRICAL_SURFACE ( 'NONE', #4592, 0.2500000000000002220 ) ;
#8830 = VERTEX_POINT ( 'NONE', #11762 ) ;
#8831 = CARTESIAN_POINT ( 'NONE',  ( 0.000000000000000000, 45.20000000000000995, -9.220454712679835547E-15 ) ) ;
#8832 = EDGE_CURVE ( 'NONE', #6335, #1123, #11747, .T. ) ;
#8833 = CARTESIAN_POINT ( 'NONE',  ( 6.405656115871410705, 45.19999999999998863, -20.52358569366469254 ) ) ;
#8834 = CARTESIAN_POINT ( 'NONE',  ( -5.322755903978973357, 45.19999999999998863, -20.83070497094752582 ) ) ;
#8835 = ORIENTED_EDGE ( 'NONE', *, *, #4434, .F. ) ;
#8836 = DIRECTION ( 'NONE',  ( 0.000000000000000000, 0.000000000000000000, 1.000000000000000000 ) ) ;
#8837 = CARTESIAN_POINT ( 'NONE',  ( -2.247361960254701252, -80.41022924428168039, -21.38222075041787562 ) ) ;
#8838 = ORIENTED_EDGE ( 'NONE', *, *, #10388, .F. ) ;
#8839 = EDGE_LOOP ( 'NONE', ( #7718, #1152, #10458, #11399 ) ) ;
#8840 = CARTESIAN_POINT ( 'NONE',  ( -0.9994163731770787651, 0.07518477396986207595, -2.637815226030141069 ) ) ;
#8841 = EDGE_CURVE ( 'NONE', #5558, #7546, #202, .T. ) ;
#8842 = CYLINDRICAL_SURFACE ( 'NONE', #6061, 0.2500000000000002220 ) ;
#8843 = VERTEX_POINT ( 'NONE', #2265 ) ;
#8844 = LINE ( 'NONE', #12681, #8544 ) ;
#8845 = AXIS2_PLACEMENT_3D ( 'NONE', #8550, #2706, #1739 ) ;
#8846 = DIRECTION ( 'NONE',  ( 0.000000000000000000, 0.000000000000000000, 1.000000000000000000 ) ) ;
#8847 = DIRECTION ( 'NONE',  ( -3.697785493223493385E-32, 1.000000000000000000, 3.061616997868383141E-16 ) ) ;
#8848 = ORIENTED_EDGE ( 'NONE', *, *, #103, .F. ) ;
#8849 = CYLINDRICAL_SURFACE ( 'NONE', #8297, 0.2500000000000002220 ) ;
#8850 = CIRCLE ( 'NONE', #9452, 16.76785065697083965 ) ;
#8851 = EDGE_CURVE ( 'NONE', #3769, #7601, #11969, .T. ) ;
#8852 = CARTESIAN_POINT ( 'NONE',  ( -19.53821706942839498, 51.19999999999999574, -8.972629143561935194 ) ) ;
#8853 = VECTOR ( 'NONE', #2013, 1000.000000000000000 ) ;
#8854 = AXIS2_PLACEMENT_3D ( 'NONE', #6395, #3499, #9334 ) ;
#8855 = EDGE_CURVE ( 'NONE', #12510, #897, #10735, .T. ) ;
#8856 = CIRCLE ( 'NONE', #10093, 0.2500000000000002220 ) ;
#8857 = ORIENTED_EDGE ( 'NONE', *, *, #4661, .F. ) ;
#8858 = VERTEX_POINT ( 'NONE', #8047 ) ;
#8859 = EDGE_CURVE ( 'NONE', #10065, #12628, #8287, .T. ) ;
#8860 = ORIENTED_EDGE ( 'NONE', *, *, #4088, .F. ) ;
#8861 = DIRECTION ( 'NONE',  ( -0.000000000000000000, 1.000000000000000000, 3.061616997868383141E-16 ) ) ;
#8862 = CARTESIAN_POINT ( 'NONE',  ( -19.53821706942819603, 51.19999999999999574, 8.972629143562350862 ) ) ;
#8863 = ORIENTED_EDGE ( 'NONE', *, *, #519, .F. ) ;
#8864 = ADVANCED_FACE ( 'NONE', ( #1229 ), #5180, .T. ) ;
#8865 = AXIS2_PLACEMENT_3D ( 'NONE', #12307, #1404, #7384 ) ;
#8866 = CIRCLE ( 'NONE', #9473, 21.50000000000001066 ) ;
#8867 = CYLINDRICAL_SURFACE ( 'NONE', #10894, 0.2500000000000002220 ) ;
#8868 = DIRECTION ( 'NONE',  ( 0.000000000000000000, 0.000000000000000000, 1.000000000000000000 ) ) ;
#8869 = CARTESIAN_POINT ( 'NONE',  ( 5.564609469704060452, -80.41022924428168039, -20.76740526521501451 ) ) ;
#8870 = CARTESIAN_POINT ( 'NONE',  ( 5.564609469704206113, 51.20000000000000995, 20.76740526521497188 ) ) ;
#8871 = VERTEX_POINT ( 'NONE', #12081 ) ;
#8872 = AXIS2_PLACEMENT_3D ( 'NONE', #8088, #3268, #4057 ) ;
#8873 = ORIENTED_EDGE ( 'NONE', *, *, #12107, .T. ) ;
#8874 = ORIENTED_EDGE ( 'NONE', *, *, #12012, .T. ) ;
#8875 = CIRCLE ( 'NONE', #3349, 21.50000000000001066 ) ;
#8876 = EDGE_CURVE ( 'NONE', #11631, #5492, #1294, .T. ) ;
#8877 = CARTESIAN_POINT ( 'NONE',  ( 0.000000000000000000, 51.20000000000000995, -7.383484513958806747E-15 ) ) ;
#8878 = VERTEX_POINT ( 'NONE', #2693 ) ;
#8879 = FACE_OUTER_BOUND ( 'NONE', #575, .T. ) ;
#8880 = ADVANCED_FACE ( 'NONE', ( #9431 ), #3295, .F. ) ;
#8881 = VECTOR ( 'NONE', #8706, 1000.000000000000000 ) ;
#8882 = AXIS2_PLACEMENT_3D ( 'NONE', #5394, #9289, #4433 ) ;
#8883 = DIRECTION ( 'NONE',  ( -0.000000000000000000, 1.000000000000000000, 3.061616997868383141E-16 ) ) ;
#8884 = ORIENTED_EDGE ( 'NONE', *, *, #3493, .F. ) ;
#8885 = CARTESIAN_POINT ( 'NONE',  ( 18.03141721082655380, 45.19999999999998863, -11.45973925282314276 ) ) ;
#8886 = DIRECTION ( 'NONE',  ( 0.000000000000000000, -3.227392513445220839E-16, 1.000000000000000000 ) ) ;
#8887 = CARTESIAN_POINT ( 'NONE',  ( -0.9994163731770820958, -0.07518477396985673300, 2.637815226030143290 ) ) ;
#8888 = CARTESIAN_POINT ( 'NONE',  ( 0.000000000000000000, 45.20000000000000995, -9.220454712679835547E-15 ) ) ;
#8889 = DIRECTION ( 'NONE',  ( 0.000000000000000000, 0.000000000000000000, -1.000000000000000000 ) ) ;
#8890 = EDGE_LOOP ( 'NONE', ( #8634, #4546, #5290, #6537 ) ) ;
#8891 = ORIENTED_EDGE ( 'NONE', *, *, #3152, .T. ) ;
#8892 = AXIS2_PLACEMENT_3D ( 'NONE', #2332, #5305, #3363 ) ;
#8893 = EDGE_CURVE ( 'NONE', #12151, #104, #756, .T. ) ;
#8894 = EDGE_CURVE ( 'NONE', #11694, #9499, #6624, .T. ) ;
#8895 = AXIS2_PLACEMENT_3D ( 'NONE', #6205, #4100, #4226 ) ;
#8896 = AXIS2_PLACEMENT_3D ( 'NONE', #3570, #9523, #722 ) ;
#8897 = ORIENTED_EDGE ( 'NONE', *, *, #2777, .F. ) ;
#8898 = SHAPE_REPRESENTATION_RELATIONSHIP ( 'NONE' , 'NONE' ,  #1672, #1679 ) ;
#8899 = DIRECTION ( 'NONE',  ( -0.000000000000000000, 1.000000000000000000, 3.061616997868383141E-16 ) ) ;
#8900 = CARTESIAN_POINT ( 'NONE',  ( 4.714331922580437428, 45.20000000000000284, 20.97677464539625092 ) ) ;
#8901 = CARTESIAN_POINT ( 'NONE',  ( 16.70863817132479667, 51.19999999999999574, -13.53038840757156613 ) ) ;
#8902 = ORIENTED_EDGE ( 'NONE', *, *, #8024, .F. ) ;
#8903 = DIRECTION ( 'NONE',  ( 0.000000000000000000, -3.227392513445222318E-16, 1.000000000000000000 ) ) ;
#8904 = CIRCLE ( 'NONE', #11564, 0.2500000000000002220 ) ;
#8905 = CARTESIAN_POINT ( 'NONE',  ( -1.000000000000000444, 0.08167987200253372382, 2.794679872002534093 ) ) ;
#8906 = DIRECTION ( 'NONE',  ( -4.930380657631323784E-32, 1.000000000000000000, 3.061616997868381662E-16 ) ) ;
#8907 = ORIENTED_EDGE ( 'NONE', *, *, #2123, .T. ) ;
#8908 = CARTESIAN_POINT ( 'NONE',  ( 0.9953221424704318254, 0.08700000000040063186, 2.800000000000401279 ) ) ;
#8909 = DIRECTION ( 'NONE',  ( 0.000000000000000000, 0.000000000000000000, 1.000000000000000000 ) ) ;
#8910 = VERTEX_POINT ( 'NONE', #4571 ) ;
#8911 = ORIENTED_EDGE ( 'NONE', *, *, #6293, .T. ) ;
#8912 = EDGE_CURVE ( 'NONE', #3201, #5321, #7260, .T. ) ;
#8913 = VECTOR ( 'NONE', #6874, 1000.000000000000000 ) ;
#8914 = DIRECTION ( 'NONE',  ( 0.000000000000000000, -3.227392513445222318E-16, 1.000000000000000000 ) ) ;
#8915 = CARTESIAN_POINT ( 'NONE',  ( -18.16635567040242805, -80.41022924428169460, 11.49928352796105813 ) ) ;
#8916 = EDGE_LOOP ( 'NONE', ( #10963, #10292, #9990, #4696 ) ) ;
#8917 = CARTESIAN_POINT ( 'NONE',  ( 0.000000000000000000, 45.20000000000000995, -9.220454712679835547E-15 ) ) ;
#8918 = CYLINDRICAL_SURFACE ( 'NONE', #9257, 21.50000000000000355 ) ;
#8919 = DIRECTION ( 'NONE',  ( 0.000000000000000000, 0.000000000000000000, -1.000000000000000000 ) ) ;
#8920 = ORIENTED_EDGE ( 'NONE', *, *, #10848, .F. ) ;
#8921 = DIRECTION ( 'NONE',  ( 0.000000000000000000, 0.000000000000000000, 1.000000000000000000 ) ) ;
#8922 = DIRECTION ( 'NONE',  ( -0.000000000000000000, 1.000000000000000000, 3.061616997868383141E-16 ) ) ;
#8923 = CIRCLE ( 'NONE', #6683, 0.2500000000000002220 ) ;
#8924 = ADVANCED_FACE ( 'NONE', ( #12140 ), #11360, .T. ) ;
#8925 = ORIENTED_EDGE ( 'NONE', *, *, #451, .T. ) ;
#8926 = ORIENTED_EDGE ( 'NONE', *, *, #12298, .F. ) ;
#8927 = CIRCLE ( 'NONE', #10565, 21.50000000000001066 ) ;
#8928 = ORIENTED_EDGE ( 'NONE', *, *, #2032, .F. ) ;
#8929 = CARTESIAN_POINT ( 'NONE',  ( 20.36907980785160532, 45.19999999999998863, -6.881176337035059376 ) ) ;
#8930 = CARTESIAN_POINT ( 'NONE',  ( -0.9954283379157922163, -0.08699999999999999400, -2.799999999999999822 ) ) ;
#8931 = ORIENTED_EDGE ( 'NONE', *, *, #8307, .F. ) ;
#8932 = DIRECTION ( 'NONE',  ( 7.395570986446986770E-32, 1.000000000000000000, 3.061616997868381662E-16 ) ) ;
#8933 = CARTESIAN_POINT ( 'NONE',  ( 1.125223059223148248, 51.19999999999999574, -21.47053499722331793 ) ) ;
#8934 = CIRCLE ( 'NONE', #1746, 21.50000000000000000 ) ;
#8935 = DIRECTION ( 'NONE',  ( 0.000000000000000000, 1.000000000000000000, 3.061616997868381662E-16 ) ) ;
#8936 = EDGE_CURVE ( 'NONE', #10552, #2757, #10168, .T. ) ;
#8937 = EDGE_LOOP ( 'NONE', ( #8490, #8011, #1503, #12472 ) ) ;
#8938 = ORIENTED_EDGE ( 'NONE', *, *, #2688, .T. ) ;
#8939 = VECTOR ( 'NONE', #6777, 1000.000000000000000 ) ;
#8940 = CARTESIAN_POINT ( 'NONE',  ( -12.83877941551854462, 45.20000000000000284, 17.24574565275904448 ) ) ;
#8941 = CYLINDRICAL_SURFACE ( 'NONE', #4473, 0.2500000000000002220 ) ;
#8942 = ORIENTED_EDGE ( 'NONE', *, *, #11409, .T. ) ;
#8943 = DIRECTION ( 'NONE',  ( -0.000000000000000000, 1.000000000000000000, 3.061616997868383141E-16 ) ) ;
#8944 = CARTESIAN_POINT ( 'NONE',  ( 7.937781193550203618, -80.41022924428169460, 19.98103174821858730 ) ) ;
#8945 = CARTESIAN_POINT ( 'NONE',  ( 10.74999999999988454, 51.19999999999999574, -18.61954618136546813 ) ) ;
#8946 = ORIENTED_EDGE ( 'NONE', *, *, #9083, .F. ) ;
#8947 = DIRECTION ( 'NONE',  ( 0.000000000000000000, 0.000000000000000000, 1.000000000000000000 ) ) ;
#8948 = CARTESIAN_POINT ( 'NONE',  ( 11.70973925282297579, -80.41022924428168039, -18.03141721082669591 ) ) ;
#8949 = CARTESIAN_POINT ( 'NONE',  ( -0.9996401290936715034, -0.07465571176096968964, 2.638344288239030444 ) ) ;
#8950 = EDGE_CURVE ( 'NONE', #10920, #2842, #6506, .T. ) ;
#8951 = AXIS2_PLACEMENT_3D ( 'NONE', #7446, #8533, #569 ) ;
#8952 = CARTESIAN_POINT ( 'NONE',  ( -21.27297168455583076, 51.19999999999999574, -3.116195710812433628 ) ) ;
#8953 = CIRCLE ( 'NONE', #11213, 0.2500000000000002220 ) ;
#8954 = CARTESIAN_POINT ( 'NONE',  ( -20.76740526521501096, 45.19999999999998863, -5.564609469703973410 ) ) ;
#8955 = ORIENTED_EDGE ( 'NONE', *, *, #4347, .T. ) ;
#8956 = B_SPLINE_CURVE_WITH_KNOTS ( 'NONE', 3,
 ( #8993, #8930, #2250, #8101, #12001, #1213, #4139, #9835, #2187, #3220, #5232, #10983, #11742, #10023, #5169, #7136 ),
 .UNSPECIFIED., .F., .F.,
 ( 4, 3, 3, 3, 3, 4 ),
 ( 0.000000000000000000, 1.285013747378263080E-06, 2.557497526643188748E-06, 4.432566183458143568E-06, 7.195801936956702567E-06, 9.898898396331299047E-06 ),
 .UNSPECIFIED. ) ;
#8957 = EDGE_CURVE ( 'NONE', #12691, #639, #6661, .T. ) ;
#8958 = ORIENTED_EDGE ( 'NONE', *, *, #7861, .T. ) ;
#8959 = ORIENTED_EDGE ( 'NONE', *, *, #11858, .T. ) ;
#8960 = DIRECTION ( 'NONE',  ( 1.000000000000000000, 0.000000000000000000, 0.000000000000000000 ) ) ;
#8961 = DIRECTION ( 'NONE',  ( -0.000000000000000000, 1.000000000000000000, 3.061616997868383141E-16 ) ) ;
#8962 = AXIS2_PLACEMENT_3D ( 'NONE', #388, #2504, #9187 ) ;
#8963 = CARTESIAN_POINT ( 'NONE',  ( 0.000000000000000000, 45.20000000000000995, -9.220454712679835547E-15 ) ) ;
#8964 = CARTESIAN_POINT ( 'NONE',  ( 0.000000000000000000, 51.20000000000000995, -7.383484513958806747E-15 ) ) ;
#8965 = VERTEX_POINT ( 'NONE', #1651 ) ;
#8967 = ADVANCED_FACE ( 'NONE', ( #1725 ), #12501, .T. ) ;
#8966 = FACE_OUTER_BOUND ( 'NONE', #8729, .T. ) ;
#8968 = AXIS2_PLACEMENT_3D ( 'NONE', #5614, #2708, #11309 ) ;
#8969 = DIRECTION ( 'NONE',  ( 1.000000000000000000, 0.000000000000000000, 0.000000000000000000 ) ) ;
#8970 = DIRECTION ( 'NONE',  ( 0.000000000000000000, -3.227392513445220839E-16, 1.000000000000000000 ) ) ;
#8971 = ADVANCED_FACE ( 'NONE', ( #695 ), #5659, .F. ) ;
#8972 = EDGE_LOOP ( 'NONE', ( #10633, #1227, #3282, #2659 ) ) ;
#8973 = DIRECTION ( 'NONE',  ( -0.000000000000000000, 1.000000000000000000, 3.061616997868383141E-16 ) ) ;
#8974 = CARTESIAN_POINT ( 'NONE',  ( -20.44771510034571804, -80.41022924428168039, 6.643865379061556276 ) ) ;
#8975 = EDGE_LOOP ( 'NONE', ( #2528, #1526, #1510, #3630 ) ) ;
#8976 = AXIS2_PLACEMENT_3D ( 'NONE', #8488, #7580, #11490 ) ;
#8977 = ORIENTED_EDGE ( 'NONE', *, *, #3607, .F. ) ;
#8978 = CIRCLE ( 'NONE', #3444, 0.2500000000000002220 ) ;
#8979 = CARTESIAN_POINT ( 'NONE',  ( 1.885956070686923806E-15, 79.00000000000000000, -15.39999999999999858 ) ) ;
#8980 = DIRECTION ( 'NONE',  ( 0.000000000000000000, -3.227392513445222318E-16, 1.000000000000000000 ) ) ;
#8981 = VERTEX_POINT ( 'NONE', #7571 ) ;
#8982 = DIRECTION ( 'NONE',  ( 3.081487911019577365E-33, 1.000000000000000000, 3.061616997868381662E-16 ) ) ;
#8983 = DIRECTION ( 'NONE',  ( 0.000000000000000000, 0.000000000000000000, 1.000000000000000000 ) ) ;
#8984 = CARTESIAN_POINT ( 'NONE',  ( -5.805710654484403044, -80.41022924428169460, 20.70129763556875702 ) ) ;
#8985 = ORIENTED_EDGE ( 'NONE', *, *, #10584, .T. ) ;
#8986 = CARTESIAN_POINT ( 'NONE',  ( -19.15664027004978465, 45.19999999999998863, 9.760795744400480700 ) ) ;
#8987 = AXIS2_PLACEMENT_3D ( 'NONE', #12249, #2625, #9489 ) ;
#8988 = DIRECTION ( 'NONE',  ( 4.930380657631323784E-32, 1.000000000000000000, 3.061616997868380676E-16 ) ) ;
#8989 = EDGE_CURVE ( 'NONE', #1123, #12026, #2756, .T. ) ;
#8990 = AXIS2_PLACEMENT_3D ( 'NONE', #11206, #7357, #2416 ) ;
#8991 = ORIENTED_EDGE ( 'NONE', *, *, #9328, .T. ) ;
#8992 = DIRECTION ( 'NONE',  ( 0.000000000000000000, -1.000000000000000000, -3.061616997868383141E-16 ) ) ;
#8993 = CARTESIAN_POINT ( 'NONE',  ( -0.9950000000000006617, -0.08699999999999999400, -2.799999999999999822 ) ) ;
#8994 = ORIENTED_EDGE ( 'NONE', *, *, #2211, .T. ) ;
#8995 = CIRCLE ( 'NONE', #377, 21.50000000000001066 ) ;
#8996 = CARTESIAN_POINT ( 'NONE',  ( 0.000000000000000000, 51.20000000000000995, -7.383484513958806747E-15 ) ) ;
#8997 = DIRECTION ( 'NONE',  ( -0.000000000000000000, 1.000000000000000000, 3.061616997868383141E-16 ) ) ;
#8998 = EDGE_CURVE ( 'NONE', #3527, #413, #6053, .T. ) ;
#8999 = CARTESIAN_POINT ( 'NONE',  ( -1.125223059223438904, -80.41022924428168039, -21.22053499722334990 ) ) ;
#9000 = ORIENTED_EDGE ( 'NONE', *, *, #6866, .T. ) ;
#9001 = CIRCLE ( 'NONE', #1405, 47.85087804878074280 ) ;
#9002 = ORIENTED_EDGE ( 'NONE', *, *, #5065, .F. ) ;
#9003 = AXIS2_PLACEMENT_3D ( 'NONE', #1264, #6110, #4062 ) ;
#9004 = CARTESIAN_POINT ( 'NONE',  ( 21.38222075041785786, -80.41022924428168039, -1.997361960254651070 ) ) ;
#9005 = ADVANCED_FACE ( 'NONE', ( #3019 ), #5853, .T. ) ;
#9006 = AXIS2_PLACEMENT_3D ( 'NONE', #2284, #10187, #3066 ) ;
#9007 = ORIENTED_EDGE ( 'NONE', *, *, #6585, .T. ) ;
#9008 = CARTESIAN_POINT ( 'NONE',  ( 0.000000000000000000, 51.20000000000000995, -7.383484513958806747E-15 ) ) ;
#9009 = CARTESIAN_POINT ( 'NONE',  ( 4.470101352581833609, -80.41022924428169460, 21.03017341577678323 ) ) ;
#9010 = EDGE_LOOP ( 'NONE', ( #11178, #9255, #9598, #7675 ) ) ;
#9011 = DIRECTION ( 'NONE',  ( -0.000000000000000000, 1.000000000000000000, 3.061616997868383141E-16 ) ) ;
#9012 = VECTOR ( 'NONE', #10646, 1000.000000000000000 ) ;
#9013 = EDGE_CURVE ( 'NONE', #11455, #1645, #11159, .T. ) ;
#9014 = LINE ( 'NONE', #206, #11019 ) ;
#9015 = AXIS2_PLACEMENT_3D ( 'NONE', #4046, #2028, #5964 ) ;
#9016 = CARTESIAN_POINT ( 'NONE',  ( -0.9982926688217993449, -0.07648957950547725926, 2.636510420494522222 ) ) ;
#9017 = DIRECTION ( 'NONE',  ( -0.000000000000000000, 1.000000000000000000, 3.061616997868383141E-16 ) ) ;
#9018 = DIRECTION ( 'NONE',  ( 0.000000000000000000, -3.227392513445220839E-16, 1.000000000000000000 ) ) ;
#9019 = EDGE_LOOP ( 'NONE', ( #3471, #969, #9988, #9742 ) ) ;
#9020 = AXIS2_PLACEMENT_3D ( 'NONE', #9787, #4671, #7600 ) ;
#9021 = ORIENTED_EDGE ( 'NONE', *, *, #11281, .T. ) ;
#9022 = ADVANCED_FACE ( 'NONE', ( #4061 ), #3085, .T. ) ;
#9023 = ORIENTED_EDGE ( 'NONE', *, *, #6249, .F. ) ;
#9024 = ADVANCED_FACE ( 'NONE', ( #6749 ), #8849, .F. ) ;
#9025 = DIRECTION ( 'NONE',  ( 0.000000000000000000, -3.061616997868383141E-16, 1.000000000000000000 ) ) ;
#9026 = DIRECTION ( 'NONE',  ( -0.000000000000000000, 1.000000000000000000, 3.061616997868383141E-16 ) ) ;
#9027 = AXIS2_PLACEMENT_3D ( 'NONE', #901, #6705, #4778 ) ;
#9028 = DIRECTION ( 'NONE',  ( 0.000000000000000000, 0.000000000000000000, -1.000000000000000000 ) ) ;
#9029 = EDGE_LOOP ( 'NONE', ( #8545, #5246, #10651, #2258 ) ) ;
#9030 = CYLINDRICAL_SURFACE ( 'NONE', #9758, 18.30000000000001137 ) ;
#9031 = ADVANCED_FACE ( 'NONE', ( #8724 ), #5783, .F. ) ;
#9032 = DIRECTION ( 'NONE',  ( -0.000000000000000000, 1.000000000000000000, 3.061616997868383141E-16 ) ) ;
#9033 = CARTESIAN_POINT ( 'NONE',  ( 0.000000000000000000, 45.20000000000000995, -9.220454712679835547E-15 ) ) ;
#9034 = ORIENTED_EDGE ( 'NONE', *, *, #10754, .F. ) ;
#9035 = CARTESIAN_POINT ( 'NONE',  ( -21.49854651162789665, -80.41022924428168039, -0.2499957747071978320 ) ) ;
#9036 = CARTESIAN_POINT ( 'NONE',  ( 21.48216726873254245, -80.41022924428168039, 0.8754938253326983721 ) ) ;
#9037 = ORIENTED_EDGE ( 'NONE', *, *, #1037, .T. ) ;
#9038 = ORIENTED_EDGE ( 'NONE', *, *, #7210, .F. ) ;
#9039 = CARTESIAN_POINT ( 'NONE',  ( -2.495836301044850103, -80.41022924428168039, -21.35464355025358785 ) ) ;
#9040 = EDGE_CURVE ( 'NONE', #7181, #119, #5038, .T. ) ;
#9041 = FACE_OUTER_BOUND ( 'NONE', #10468, .T. ) ;
#9042 = VERTEX_POINT ( 'NONE', #6880 ) ;
#9043 = CYLINDRICAL_SURFACE ( 'NONE', #8267, 21.50000000000000355 ) ;
#9044 = FACE_OUTER_BOUND ( 'NONE', #6699, .T. ) ;
#9045 = CARTESIAN_POINT ( 'NONE',  ( 8.515864134734579594, 45.19999999999998863, -19.74158195380350378 ) ) ;
#9046 = VERTEX_POINT ( 'NONE', #12622 ) ;
#9047 = DIRECTION ( 'NONE',  ( 0.000000000000000000, 0.000000000000000000, -1.000000000000000000 ) ) ;
#9048 = DIRECTION ( 'NONE',  ( 0.000000000000000000, -3.061616997868383141E-16, 1.000000000000000000 ) ) ;
#9049 = AXIS2_PLACEMENT_3D ( 'NONE', #6269, #10170, #12142 ) ;
#9050 = EDGE_CURVE ( 'NONE', #4450, #7507, #2958, .T. ) ;
#9051 = EDGE_CURVE ( 'NONE', #2223, #7127, #2137, .T. ) ;
#9052 = ORIENTED_EDGE ( 'NONE', *, *, #3637, .T. ) ;
#9053 = DIRECTION ( 'NONE',  ( 0.000000000000000000, -1.000000000000000000, -3.061616997868383141E-16 ) ) ;
#9054 = CARTESIAN_POINT ( 'NONE',  ( 0.000000000000000000, 51.20000000000000995, -7.383484513958806747E-15 ) ) ;
#9055 = ORIENTED_EDGE ( 'NONE', *, *, #11525, .F. ) ;
#9056 = FACE_BOUND ( 'NONE', #2481, .T. ) ;
#9057 = DIRECTION ( 'NONE',  ( -4.930380657631323784E-32, 1.000000000000000000, 3.061616997868382648E-16 ) ) ;
#9058 = DIRECTION ( 'NONE',  ( 0.000000000000000000, 0.000000000000000000, 1.000000000000000000 ) ) ;
#9059 = AXIS2_PLACEMENT_3D ( 'NONE', #10585, #883, #2626 ) ;
#9060 = CARTESIAN_POINT ( 'NONE',  ( 2.495836301044702221, -80.41022924428169460, 21.35464355025355587 ) ) ;
#9061 = CIRCLE ( 'NONE', #2083, 21.50000000000001066 ) ;
#9062 = CIRCLE ( 'NONE', #1669, 0.2500000000000002220 ) ;
#9063 = ORIENTED_EDGE ( 'NONE', *, *, #12396, .T. ) ;
#9064 = VERTEX_POINT ( 'NONE', #10644 ) ;
#9065 = VECTOR ( 'NONE', #8629, 1000.000000000000000 ) ;
#9066 = DIRECTION ( 'NONE',  ( 0.000000000000000000, 0.000000000000000000, 1.000000000000000000 ) ) ;
#9067 = AXIS2_PLACEMENT_3D ( 'NONE', #11305, #6574, #9381 ) ;
#9068 = ORIENTED_EDGE ( 'NONE', *, *, #7953, .T. ) ;
#9069 = DIRECTION ( 'NONE',  ( -9.860761315262647568E-32, 1.000000000000000000, 3.061616997868383634E-16 ) ) ;
#9070 = CARTESIAN_POINT ( 'NONE',  ( 0.000000000000000000, 87.50000000000001421, 3.730185188303422936E-15 ) ) ;
#9071 = DIRECTION ( 'NONE',  ( -4.930380657631323784E-32, 1.000000000000000000, 3.061616997868381662E-16 ) ) ;
#9072 = DIRECTION ( 'NONE',  ( 0.000000000000000000, 0.000000000000000000, 1.000000000000000000 ) ) ;
#9073 = VECTOR ( 'NONE', #8456, 1000.000000000000000 ) ;
#9074 = DIRECTION ( 'NONE',  ( 0.000000000000000000, 0.000000000000000000, 1.000000000000000000 ) ) ;
#9075 = VECTOR ( 'NONE', #11156, 1000.000000000000000 ) ;
#9076 = DIRECTION ( 'NONE',  ( -0.000000000000000000, 1.000000000000000000, 3.061616997868383141E-16 ) ) ;
#9077 = AXIS2_PLACEMENT_3D ( 'NONE', #8671, #11043, #4073 ) ;
#9078 = DIRECTION ( 'NONE',  ( 0.000000000000000000, 0.000000000000000000, 1.000000000000000000 ) ) ;
#9079 = VECTOR ( 'NONE', #12237, 1000.000000000000000 ) ;
#9080 = VERTEX_POINT ( 'NONE', #10777 ) ;
#9081 = EDGE_CURVE ( 'NONE', #8698, #8822, #8904, .T. ) ;
#9082 = ORIENTED_EDGE ( 'NONE', *, *, #10785, .F. ) ;
#9083 = EDGE_CURVE ( 'NONE', #12283, #1030, #5844, .T. ) ;
#9084 = EDGE_LOOP ( 'NONE', ( #5218, #4334, #10973, #3394 ) ) ;
#9085 = DIRECTION ( 'NONE',  ( 1.000000000000000000, 0.000000000000000000, 0.000000000000000000 ) ) ;
#9086 = FACE_OUTER_BOUND ( 'NONE', #9416, .T. ) ;
#9087 = AXIS2_PLACEMENT_3D ( 'NONE', #11468, #9474, #10572 ) ;
#9088 = DIRECTION ( 'NONE',  ( -0.000000000000000000, 1.000000000000000000, 3.061616997868383141E-16 ) ) ;
#9089 = ORIENTED_EDGE ( 'NONE', *, *, #7174, .F. ) ;
#9090 = CARTESIAN_POINT ( 'NONE',  ( 2.147286553001837869E-15, 9.200000000000004619, -16.76785065697086097 ) ) ;
#9091 = CARTESIAN_POINT ( 'NONE',  ( 17.24574565275890592, 45.20000000000000284, 12.83877941551873469 ) ) ;
#9092 = CARTESIAN_POINT ( 'NONE',  ( 11.49928352796104214, 51.20000000000000995, 18.16635567040245647 ) ) ;
#9093 = ORIENTED_EDGE ( 'NONE', *, *, #10210, .T. ) ;
#9094 = EDGE_CURVE ( 'NONE', #2624, #8632, #9120, .T. ) ;
#9095 = DIRECTION ( 'NONE',  ( 0.000000000000000000, 0.000000000000000000, 1.000000000000000000 ) ) ;
#9096 = AXIS2_PLACEMENT_3D ( 'NONE', #9867, #7933, #284 ) ;
#9097 = ADVANCED_FACE ( 'NONE', ( #1075 ), #821, .F. ) ;
#9098 = ORIENTED_EDGE ( 'NONE', *, *, #4785, .F. ) ;
#9099 = EDGE_CURVE ( 'NONE', #3197, #12618, #5439, .T. ) ;
#9100 = AXIS2_PLACEMENT_3D ( 'NONE', #1365, #12149, #6978 ) ;
#9101 = ORIENTED_EDGE ( 'NONE', *, *, #2458, .F. ) ;
#9102 = AXIS2_PLACEMENT_3D ( 'NONE', #2471, #10300, #5260 ) ;
#9103 = CARTESIAN_POINT ( 'NONE',  ( -19.53821706942830261, -80.41022924428168039, -8.972629143562119935 ) ) ;
#9104 = CIRCLE ( 'NONE', #3999, 0.2500000000000002220 ) ;
#9105 = DIRECTION ( 'NONE',  ( -0.000000000000000000, 1.000000000000000000, 3.061616997868383141E-16 ) ) ;
#9106 = AXIS2_PLACEMENT_3D ( 'NONE', #9781, #5874, #5811 ) ;
#9107 = ORIENTED_EDGE ( 'NONE', *, *, #4211, .F. ) ;
#9108 = FACE_OUTER_BOUND ( 'NONE', #12535, .T. ) ;
#9109 = FACE_OUTER_BOUND ( 'NONE', #9332, .T. ) ;
#9110 = ORIENTED_EDGE ( 'NONE', *, *, #7559, .F. ) ;
#9111 = FACE_OUTER_BOUND ( 'NONE', #10120, .T. ) ;
#9112 = VECTOR ( 'NONE', #2973, 1000.000000000000000 ) ;
#9113 = CIRCLE ( 'NONE', #12569, 21.50000000000000000 ) ;
#9114 = CARTESIAN_POINT ( 'NONE',  ( 11.70973925282309835, -80.41022924428169460, 18.03141721082656801 ) ) ;
#9115 = DIRECTION ( 'NONE',  ( 0.000000000000000000, 0.000000000000000000, 1.000000000000000000 ) ) ;
#9116 = EDGE_CURVE ( 'NONE', #8449, #5056, #10138, .T. ) ;
#9117 = B_SPLINE_CURVE_WITH_KNOTS ( 'NONE', 3,
 ( #3935, #1857, #12448, #7774, #11431, #9700, #10543, #4844, #10726, #8737, #4654, #2643, #11682, #8551, #1931, #6576 ),
 .UNSPECIFIED., .F., .F.,
 ( 4, 3, 3, 3, 3, 4 ),
 ( 2.710505431213761085E-20, 3.682526378543735090E-06, 5.949850216024094938E-06, 7.611928525834573885E-06, 8.884767629187241965E-06, 9.837449744282035778E-06 ),
 .UNSPECIFIED. ) ;
#9118 = CARTESIAN_POINT ( 'NONE',  ( 14.38630803671536462, 45.19999999999998863, -15.72761374776402654 ) ) ;
#9119 = EDGE_CURVE ( 'NONE', #11085, #11788, #12576, .T. ) ;
#9120 = CIRCLE ( 'NONE', #9313, 20.50000000000000000 ) ;
#9121 = ADVANCED_FACE ( 'NONE', ( #4761 ), #8660, .T. ) ;
#9122 = ORIENTED_EDGE ( 'NONE', *, *, #4586, .F. ) ;
#9123 = DIRECTION ( 'NONE',  ( -0.000000000000000000, 1.000000000000000000, 3.061616997868383141E-16 ) ) ;
#9124 = CARTESIAN_POINT ( 'NONE',  ( -20.16021269457244358, -80.41022924428168039, -7.470998869602361481 ) ) ;
#9125 = ORIENTED_EDGE ( 'NONE', *, *, #6141, .T. ) ;
#9126 = AXIS2_PLACEMENT_3D ( 'NONE', #1977, #11795, #8980 ) ;
#9127 = DIRECTION ( 'NONE',  ( -0.000000000000000000, 1.000000000000000000, 3.061616997868383141E-16 ) ) ;
#9128 = DIRECTION ( 'NONE',  ( -0.000000000000000000, 1.000000000000000000, 3.061616997868383141E-16 ) ) ;
#9129 = CARTESIAN_POINT ( 'NONE',  ( 0.000000000000000000, 87.50000000000001421, 3.730185188303422936E-15 ) ) ;
#9130 = FACE_OUTER_BOUND ( 'NONE', #12562, .T. ) ;
#9131 = EDGE_CURVE ( 'NONE', #11181, #9619, #1514, .T. ) ;
#9132 = ORIENTED_EDGE ( 'NONE', *, *, #1861, .F. ) ;
#9133 = ORIENTED_EDGE ( 'NONE', *, *, #11230, .T. ) ;
#9134 = AXIS2_PLACEMENT_3D ( 'NONE', #1256, #7122, #6167 ) ;
#9135 = ORIENTED_EDGE ( 'NONE', *, *, #5685, .F. ) ;
#9136 = DIRECTION ( 'NONE',  ( -0.000000000000000000, 1.000000000000000000, 3.061616997868383141E-16 ) ) ;
#9137 = DIRECTION ( 'NONE',  ( -0.000000000000000000, 1.000000000000000000, 3.061616997868383141E-16 ) ) ;
#9138 = DIRECTION ( 'NONE',  ( -6.162975822039154730E-33, 1.000000000000000000, 3.061616997868381662E-16 ) ) ;
#9139 = CARTESIAN_POINT ( 'NONE',  ( 21.38222075041787562, 45.19999999999998863, 2.247361960254496083 ) ) ;
#9140 = DIRECTION ( 'NONE',  ( 0.000000000000000000, 0.000000000000000000, -1.000000000000000000 ) ) ;
#9141 = DIRECTION ( 'NONE',  ( -0.000000000000000000, 1.000000000000000000, 3.061616997868383141E-16 ) ) ;
#9142 = EDGE_CURVE ( 'NONE', #3981, #5401, #8278, .T. ) ;
#9143 = CARTESIAN_POINT ( 'NONE',  ( 15.37854173158989823, 45.19999999999998863, -15.02499431646311301 ) ) ;
#9144 = ORIENTED_EDGE ( 'NONE', *, *, #5886, .T. ) ;
#9145 = ORIENTED_EDGE ( 'NONE', *, *, #2123, .F. ) ;
#9146 = CONICAL_SURFACE ( 'NONE', #2782, 18.30000000000001137, 0.9599310885968784790 ) ;
#9147 = ORIENTED_EDGE ( 'NONE', *, *, #4544, .T. ) ;
#9148 = CYLINDRICAL_SURFACE ( 'NONE', #7620, 0.2500000000000002220 ) ;
#9149 = DIRECTION ( 'NONE',  ( 0.000000000000000000, -3.227392513445222318E-16, 1.000000000000000000 ) ) ;
#9150 = LINE ( 'NONE', #6151, #11332 ) ;
#9151 = ORIENTED_EDGE ( 'NONE', *, *, #6228, .T. ) ;
#9152 = FACE_OUTER_BOUND ( 'NONE', #2959, .T. ) ;
#9153 = AXIS2_PLACEMENT_3D ( 'NONE', #3762, #9647, #6843 ) ;
#9154 = CARTESIAN_POINT ( 'NONE',  ( 0.000000000000000000, 45.20000000000000995, -9.220454712679835547E-15 ) ) ;
#9155 = DIRECTION ( 'NONE',  ( -0.000000000000000000, 1.000000000000000000, 3.061616997868383141E-16 ) ) ;
#9156 = ORIENTED_EDGE ( 'NONE', *, *, #9898, .F. ) ;
#9157 = CARTESIAN_POINT ( 'NONE',  ( -20.76740526521501096, 45.19999999999998863, -5.564609469703973410 ) ) ;
#9158 = DIRECTION ( 'NONE',  ( 0.000000000000000000, 0.000000000000000000, 1.000000000000000000 ) ) ;
#9159 = ORIENTED_EDGE ( 'NONE', *, *, #1508, .T. ) ;
#9160 = ORIENTED_EDGE ( 'NONE', *, *, #12678, .T. ) ;
#9161 = CIRCLE ( 'NONE', #1985, 21.50000000000000000 ) ;
#9162 = AXIS2_PLACEMENT_3D ( 'NONE', #12263, #8424, #3490 ) ;
#9163 = EDGE_LOOP ( 'NONE', ( #3916, #4147, #5898, #3801 ) ) ;
#9164 = CYLINDRICAL_SURFACE ( 'NONE', #8661, 0.2500000000000002220 ) ;
#9165 = CARTESIAN_POINT ( 'NONE',  ( 12.43427775499847421, -80.41022924428169460, 17.53963331177561003 ) ) ;
#9166 = ORIENTED_EDGE ( 'NONE', *, *, #8227, .T. ) ;
#9167 = CARTESIAN_POINT ( 'NONE',  ( 1.998583757652745208, 51.20000000000000995, 21.40690689856071671 ) ) ;
#9168 = EDGE_CURVE ( 'NONE', #6818, #10803, #3148, .T. ) ;
#9169 = DIRECTION ( 'NONE',  ( -1.000000000000000000, 0.000000000000000000, 0.000000000000000000 ) ) ;
#9170 = ORIENTED_EDGE ( 'NONE', *, *, #2582, .T. ) ;
#9171 = DIRECTION ( 'NONE',  ( -0.000000000000000000, 1.000000000000000000, 3.061616997868383141E-16 ) ) ;
#9172 = CARTESIAN_POINT ( 'NONE',  ( -0.9998927283082005291, 0.08295993751796004734, 2.795959937517960014 ) ) ;
#9173 = FACE_OUTER_BOUND ( 'NONE', #4930, .T. ) ;
#9174 = EDGE_CURVE ( 'NONE', #10793, #10969, #5096, .T. ) ;
#9175 = AXIS2_PLACEMENT_3D ( 'NONE', #2898, #6639, #708 ) ;
#9176 = DIRECTION ( 'NONE',  ( -0.000000000000000000, 1.000000000000000000, 3.061616997868383141E-16 ) ) ;
#9177 = ADVANCED_FACE ( 'NONE', ( #241 ), #689, .T. ) ;
#9178 = AXIS2_PLACEMENT_3D ( 'NONE', #11115, #12015, #456 ) ;
#9179 = VERTEX_POINT ( 'NONE', #5219 ) ;
#9180 = DIRECTION ( 'NONE',  ( 0.000000000000000000, 0.000000000000000000, -1.000000000000000000 ) ) ;
#9181 = EDGE_CURVE ( 'NONE', #5572, #104, #6257, .T. ) ;
#9182 = CARTESIAN_POINT ( 'NONE',  ( 0.000000000000000000, 87.50000000000001421, 3.730185188303422936E-15 ) ) ;
#9183 = AXIS2_PLACEMENT_3D ( 'NONE', #5799, #7836, #4845 ) ;
#9184 = ORIENTED_EDGE ( 'NONE', *, *, #8316, .F. ) ;
#9185 = DIRECTION ( 'NONE',  ( -4.930380657631323784E-32, 1.000000000000000000, 3.061616997868383634E-16 ) ) ;
#9186 = DIRECTION ( 'NONE',  ( -3.697785493223493385E-32, 1.000000000000000000, 3.061616997868382648E-16 ) ) ;
#9187 = DIRECTION ( 'NONE',  ( 0.000000000000000000, 0.000000000000000000, 1.000000000000000000 ) ) ;
#9188 = EDGE_CURVE ( 'NONE', #3603, #4476, #1314, .T. ) ;
#9189 = DIRECTION ( 'NONE',  ( 0.000000000000000000, 0.000000000000000000, 1.000000000000000000 ) ) ;
#9190 = ORIENTED_EDGE ( 'NONE', *, *, #11829, .F. ) ;
#9191 = EDGE_LOOP ( 'NONE', ( #3794, #558, #3143, #6402 ) ) ;
#9192 = EDGE_CURVE ( 'NONE', #6947, #7490, #2178, .T. ) ;
#9193 = DIRECTION ( 'NONE',  ( 0.000000000000000000, 0.000000000000000000, 1.000000000000000000 ) ) ;
#9194 = AXIS2_PLACEMENT_3D ( 'NONE', #9868, #4293, #2179 ) ;
#9195 = EDGE_CURVE ( 'NONE', #5321, #9682, #12054, .T. ) ;
#9196 = ORIENTED_EDGE ( 'NONE', *, *, #11898, .T. ) ;
#9197 = DIRECTION ( 'NONE',  ( 0.000000000000000000, 0.000000000000000000, 1.000000000000000000 ) ) ;
#9198 = CARTESIAN_POINT ( 'NONE',  ( -0.9966582391324171342, -0.08671778274936126074, -2.799717782749361561 ) ) ;
#9199 = DIRECTION ( 'NONE',  ( 0.000000000000000000, 0.000000000000000000, 1.000000000000000000 ) ) ;
#9200 = CARTESIAN_POINT ( 'NONE',  ( -15.37854173159019666, 45.19999999999998863, -15.02499431646274530 ) ) ;
#9201 = DIRECTION ( 'NONE',  ( 0.000000000000000000, 0.000000000000000000, -1.000000000000000000 ) ) ;
#9202 = CARTESIAN_POINT ( 'NONE',  ( -1.000000000000000444, 0.08167987200253568059, 2.794679872002535870 ) ) ;
#9203 = AXIS2_PLACEMENT_3D ( 'NONE', #2432, #8216, #9048 ) ;
#9204 = LINE ( 'NONE', #2273, #4597 ) ;
#9205 = AXIS2_PLACEMENT_3D ( 'NONE', #11223, #1454, #10268 ) ;
#9206 = ORIENTED_EDGE ( 'NONE', *, *, #2441, .F. ) ;
#9207 = ORIENTED_EDGE ( 'NONE', *, *, #12137, .T. ) ;
#9208 = ORIENTED_EDGE ( 'NONE', *, *, #8851, .F. ) ;
#9209 = ADVANCED_FACE ( 'NONE', ( #9111, #4133 ), #11994, .T. ) ;
#9210 = ADVANCED_FACE ( 'NONE', ( #9234 ), #10203, .T. ) ;
#9211 = CYLINDRICAL_SURFACE ( 'NONE', #2374, 0.2500000000000002220 ) ;
#9212 = DIRECTION ( 'NONE',  ( -0.000000000000000000, 1.000000000000000000, 3.061616997868383141E-16 ) ) ;
#9213 = AXIS2_PLACEMENT_3D ( 'NONE', #483, #289, #1501 ) ;
#9214 = DIRECTION ( 'NONE',  ( -0.000000000000000000, 1.000000000000000000, 3.061616997868383141E-16 ) ) ;
#9215 = VERTEX_POINT ( 'NONE', #10076 ) ;
#9216 = DIRECTION ( 'NONE',  ( 0.000000000000000000, 0.000000000000000000, 1.000000000000000000 ) ) ;
#9217 = DIRECTION ( 'NONE',  ( 0.000000000000000000, 0.000000000000000000, 1.000000000000000000 ) ) ;
#9218 = CARTESIAN_POINT ( 'NONE',  ( 0.000000000000000000, 87.50000000000001421, 3.730185188303422936E-15 ) ) ;
#9219 = AXIS2_PLACEMENT_3D ( 'NONE', #9857, #2919, #3765 ) ;
#9220 = VERTEX_POINT ( 'NONE', #11093 ) ;
#9221 = DIRECTION ( 'NONE',  ( 0.000000000000000000, -3.384826294588890954E-16, 1.000000000000000000 ) ) ;
#9222 = DIRECTION ( 'NONE',  ( 0.000000000000000000, -3.227392513445222318E-16, 1.000000000000000000 ) ) ;
#9223 = ORIENTED_EDGE ( 'NONE', *, *, #7514, .F. ) ;
#9224 = ORIENTED_EDGE ( 'NONE', *, *, #1318, .F. ) ;
#9225 = CIRCLE ( 'NONE', #10862, 21.50000000000000000 ) ;
#9226 = VERTEX_POINT ( 'NONE', #2304 ) ;
#9227 = DIRECTION ( 'NONE',  ( -9.860761315262647568E-32, 1.000000000000000000, 3.061616997868381662E-16 ) ) ;
#9228 = VECTOR ( 'NONE', #12639, 1000.000000000000000 ) ;
#9229 = CARTESIAN_POINT ( 'NONE',  ( 0.000000000000000000, 45.20000000000000995, -9.220454712679835547E-15 ) ) ;
#9230 = VERTEX_POINT ( 'NONE', #11926 ) ;
#9231 = DIRECTION ( 'NONE',  ( 0.000000000000000000, 0.000000000000000000, 1.000000000000000000 ) ) ;
#9232 = CARTESIAN_POINT ( 'NONE',  ( -18.03141721082671367, 51.19999999999999574, -11.45973925282289763 ) ) ;
#9233 = ORIENTED_EDGE ( 'NONE', *, *, #2681, .T. ) ;
#9234 = FACE_OUTER_BOUND ( 'NONE', #3959, .T. ) ;
#9235 = LINE ( 'NONE', #11166, #11655 ) ;
#9236 = CARTESIAN_POINT ( 'NONE',  ( 0.000000000000000000, 77.00000000000000000, 10.00000000000002487 ) ) ;
#9237 = CARTESIAN_POINT ( 'NONE',  ( 10.74999999999988454, -80.41022924428168039, -18.61954618136551076 ) ) ;
#9238 = AXIS2_PLACEMENT_3D ( 'NONE', #5467, #3526, #2558 ) ;
#9239 = EDGE_CURVE ( 'NONE', #9080, #10581, #1306, .T. ) ;
#9240 = ADVANCED_FACE ( 'NONE', ( #10143 ), #12116, .T. ) ;
#9241 = ORIENTED_EDGE ( 'NONE', *, *, #5849, .F. ) ;
#9242 = CARTESIAN_POINT ( 'NONE',  ( 13.53038840757140804, -80.41022924428168039, -16.45863817132496365 ) ) ;
#9243 = CARTESIAN_POINT ( 'NONE',  ( 13.53038840757152173, 45.20000000000000284, 16.70863817132485707 ) ) ;
#9244 = ORIENTED_EDGE ( 'NONE', *, *, #10519, .F. ) ;
#9245 = CARTESIAN_POINT ( 'NONE',  ( -8.744837826129849390, 45.19999999999998863, -19.39122733931582943 ) ) ;
#9246 = DIRECTION ( 'NONE',  ( 6.162975822039154730E-33, 1.000000000000000000, 3.061616997868382155E-16 ) ) ;
#9247 = AXIS2_PLACEMENT_3D ( 'NONE', #10229, #2459, #10287 ) ;
#9248 = ADVANCED_FACE ( 'NONE', ( #7253 ), #1393, .F. ) ;
#9249 = VERTEX_POINT ( 'NONE', #3402 ) ;
#9250 = ADVANCED_FACE ( 'NONE', ( #7314 ), #6047, .T. ) ;
#9251 = ITEM_DEFINED_TRANSFORMATION ( 'NONE', 'NONE', #3355,  #7256 ) ;
#9252 = ORIENTED_EDGE ( 'NONE', *, *, #10480, .F. ) ;
#9253 = DIRECTION ( 'NONE',  ( -0.000000000000000000, 1.000000000000000000, 3.061616997868383141E-16 ) ) ;
#9254 = EDGE_CURVE ( 'NONE', #857, #5876, #6669, .T. ) ;
#9255 = ORIENTED_EDGE ( 'NONE', *, *, #11362, .T. ) ;
#9256 = DIRECTION ( 'NONE',  ( 0.000000000000000000, -2.907839272495698900E-16, 1.000000000000000000 ) ) ;
#9257 = AXIS2_PLACEMENT_3D ( 'NONE', #1980, #111, #11034 ) ;
#9258 = AXIS2_PLACEMENT_3D ( 'NONE', #3882, #4990, #6839 ) ;
#9259 = FACE_OUTER_BOUND ( 'NONE', #10880, .T. ) ;
#9260 = CARTESIAN_POINT ( 'NONE',  ( 0.000000000000000000, 87.50000000000001421, 3.730185188303422936E-15 ) ) ;
#9261 = AXIS2_PLACEMENT_3D ( 'NONE', #11328, #6595, #8327 ) ;
#9262 = CARTESIAN_POINT ( 'NONE',  ( -19.98103174821853045, -80.41022924428168039, 7.937781193550378589 ) ) ;
#9263 = DIRECTION ( 'NONE',  ( 0.000000000000000000, -3.227392513445222318E-16, 1.000000000000000000 ) ) ;
#9264 = CARTESIAN_POINT ( 'NONE',  ( 0.000000000000000000, 75.00000000000000000, -9.683605903205802417E-17 ) ) ;
#9265 = ORIENTED_EDGE ( 'NONE', *, *, #11393, .F. ) ;
#9266 = EDGE_CURVE ( 'NONE', #3647, #10783, #11168, .T. ) ;
#9267 = CIRCLE ( 'NONE', #6412, 0.2500000000000002220 ) ;
#9268 = ORIENTED_EDGE ( 'NONE', *, *, #6262, .T. ) ;
#9269 = AXIS2_PLACEMENT_3D ( 'NONE', #9008, #2264, #2204 ) ;
#9270 = EDGE_CURVE ( 'NONE', #8245, #11412, #905, .T. ) ;
#9271 = FACE_OUTER_BOUND ( 'NONE', #9352, .T. ) ;
#9272 = CARTESIAN_POINT ( 'NONE',  ( 0.9949999999999997735, 0.08699999999999999400, 2.799999999999999822 ) ) ;
#9273 = DIRECTION ( 'NONE',  ( 0.000000000000000000, -1.000000000000000000, -3.061616997868383141E-16 ) ) ;
#9274 = LINE ( 'NONE', #10056, #4399 ) ;
#9275 = ORIENTED_EDGE ( 'NONE', *, *, #2597, .F. ) ;
#9276 = DIRECTION ( 'NONE',  ( 0.000000000000000000, 0.000000000000000000, -1.000000000000000000 ) ) ;
#9277 = CIRCLE ( 'NONE', #5406, 21.50000000000000000 ) ;
#9278 = DIRECTION ( 'NONE',  ( -0.000000000000000000, 1.000000000000000000, 3.061616997868383141E-16 ) ) ;
#9279 = DIRECTION ( 'NONE',  ( 0.000000000000000000, 0.000000000000000000, 1.000000000000000000 ) ) ;
#9280 = VERTEX_POINT ( 'NONE', #10384 ) ;
#9281 = EDGE_CURVE ( 'NONE', #6545, #2164, #4007, .T. ) ;
#9282 = DIRECTION ( 'NONE',  ( 0.000000000000000000, 0.7071067811865535679, 0.7071067811865415775 ) ) ;
#9283 = DIRECTION ( 'NONE',  ( 0.000000000000000000, 0.000000000000000000, 1.000000000000000000 ) ) ;
#9284 = ORIENTED_EDGE ( 'NONE', *, *, #8620, .F. ) ;
#9285 = ADVANCED_FACE ( 'NONE', ( #3519 ), #12361, .T. ) ;
#9286 = ORIENTED_EDGE ( 'NONE', *, *, #10814, .T. ) ;
#9287 = VECTOR ( 'NONE', #7178, 1000.000000000000000 ) ;
#9288 = ORIENTED_EDGE ( 'NONE', *, *, #3020, .F. ) ;
#9289 = DIRECTION ( 'NONE',  ( -0.000000000000000000, 1.000000000000000000, 3.061616997868383141E-16 ) ) ;
#9290 = DIRECTION ( 'NONE',  ( -0.000000000000000000, 1.000000000000000000, 3.061616997868383141E-16 ) ) ;
#9291 = ORIENTED_EDGE ( 'NONE', *, *, #6069, .T. ) ;
#9292 = FACE_OUTER_BOUND ( 'NONE', #5151, .T. ) ;
#9293 = CYLINDRICAL_SURFACE ( 'NONE', #3140, 0.2500000000000002220 ) ;
#9294 = ORIENTED_EDGE ( 'NONE', *, *, #10748, .F. ) ;
#9295 = DIRECTION ( 'NONE',  ( -2.465190328815661892E-32, 1.000000000000000000, 3.061616997868381169E-16 ) ) ;
#9296 = AXIS2_PLACEMENT_3D ( 'NONE', #5259, #11015, #5075 ) ;
#9297 = DIRECTION ( 'NONE',  ( 0.000000000000000000, 0.000000000000000000, 1.000000000000000000 ) ) ;
#9298 =( GEOMETRIC_REPRESENTATION_CONTEXT ( 3 ) GLOBAL_UNCERTAINTY_ASSIGNED_CONTEXT ( ( #193 ) ) GLOBAL_UNIT_ASSIGNED_CONTEXT ( ( #1118, #5828, #5073 ) ) REPRESENTATION_CONTEXT ( 'NONE', 'WORKASPACE' ) );
#9299 = CARTESIAN_POINT ( 'NONE',  ( -20.07197916968989659, -80.41022924428168039, -7.704910915223790013 ) ) ;
#9300 = CIRCLE ( 'NONE', #5034, 0.2500000000000002220 ) ;
#9301 = DIRECTION ( 'NONE',  ( 0.000000000000000000, -3.227392513445222318E-16, 1.000000000000000000 ) ) ;
#9302 = CIRCLE ( 'NONE', #7050, 21.50000000000000000 ) ;
#9303 = ADVANCED_FACE ( 'NONE', ( #9476 ), #4688, .F. ) ;
#9304 = CIRCLE ( 'NONE', #8086, 0.2500000000000002220 ) ;
#9305 = CIRCLE ( 'NONE', #5239, 21.50000000000000000 ) ;
#9306 = ORIENTED_EDGE ( 'NONE', *, *, #8346, .T. ) ;
#9307 = CARTESIAN_POINT ( 'NONE',  ( 2.247361960254412150, -80.41022924428168039, -21.38222075041790404 ) ) ;
#9308 = VECTOR ( 'NONE', #5688, 1000.000000000000000 ) ;
#9309 = CYLINDRICAL_SURFACE ( 'NONE', #7242, 21.50000000000000355 ) ;
#9310 = EDGE_LOOP ( 'NONE', ( #1650, #9481, #3303, #3666 ) ) ;
#9311 = DIRECTION ( 'NONE',  ( -0.000000000000000000, 1.000000000000000000, 3.061616997868383141E-16 ) ) ;
#9312 = DIRECTION ( 'NONE',  ( -0.000000000000000000, 1.000000000000000000, 3.061616997868383141E-16 ) ) ;
#9313 = AXIS2_PLACEMENT_3D ( 'NONE', #3921, #3860, #3802 ) ;
#9314 = ADVANCED_FACE ( 'NONE', ( #8586 ), #11470, .T. ) ;
#9315 = ORIENTED_EDGE ( 'NONE', *, *, #11555, .F. ) ;
#9316 =( LENGTH_UNIT ( ) NAMED_UNIT ( * ) SI_UNIT ( .MILLI., .METRE. ) );
#9317 = AXIS2_PLACEMENT_3D ( 'NONE', #559, #1577, #5520 ) ;
#9318 = ORIENTED_EDGE ( 'NONE', *, *, #6827, .T. ) ;
#9319 = DIRECTION ( 'NONE',  ( 0.000000000000000000, 0.000000000000000000, -1.000000000000000000 ) ) ;
#9320 = EDGE_CURVE ( 'NONE', #5745, #1625, #84, .T. ) ;
#9321 = ORIENTED_EDGE ( 'NONE', *, *, #1736, .T. ) ;
#9322 = CARTESIAN_POINT ( 'NONE',  ( 0.000000000000000000, 51.19999999999999574, -21.24999999999997158 ) ) ;
#9323 = EDGE_CURVE ( 'NONE', #11336, #4915, #507, .T. ) ;
#9324 = DIRECTION ( 'NONE',  ( 4.930380657631323784E-32, 1.000000000000000000, 3.061616997868382155E-16 ) ) ;
#9325 = CYLINDRICAL_SURFACE ( 'NONE', #1986, 21.50000000000000355 ) ;
#9326 = CYLINDRICAL_SURFACE ( 'NONE', #1569, 21.50000000000000355 ) ;
#9327 = DIRECTION ( 'NONE',  ( 0.000000000000000000, 0.000000000000000000, 1.000000000000000000 ) ) ;
#9328 = EDGE_CURVE ( 'NONE', #10581, #8871, #10323, .T. ) ;
#9329 = AXIS2_PLACEMENT_3D ( 'NONE', #1632, #4548, #12356 ) ;
#9330 = FACE_OUTER_BOUND ( 'NONE', #11705, .T. ) ;
#9331 = ORIENTED_EDGE ( 'NONE', *, *, #11461, .T. ) ;
#9332 = EDGE_LOOP ( 'NONE', ( #4767, #8026, #12395 ) ) ;
#9333 = VERTEX_POINT ( 'NONE', #3652 ) ;
#9334 = DIRECTION ( 'NONE',  ( 0.000000000000000000, 0.000000000000000000, 1.000000000000000000 ) ) ;
#9335 = EDGE_CURVE ( 'NONE', #4016, #11788, #1519, .T. ) ;
#9336 = DIRECTION ( 'NONE',  ( 7.395570986446986770E-32, 1.000000000000000000, 3.061616997868381169E-16 ) ) ;
#9337 = ORIENTED_EDGE ( 'NONE', *, *, #9404, .T. ) ;
#9338 = DIRECTION ( 'NONE',  ( -0.000000000000000000, 1.000000000000000000, 3.061616997868383141E-16 ) ) ;
#9339 = CARTESIAN_POINT ( 'NONE',  ( 8.515864134734714597, -80.41022924428169460, 19.74158195380343273 ) ) ;
#9340 = CARTESIAN_POINT ( 'NONE',  ( 0.000000000000000000, 78.75000000000000000, -15.65000000000000746 ) ) ;
#9341 = ORIENTED_EDGE ( 'NONE', *, *, #3677, .T. ) ;
#9342 = DIRECTION ( 'NONE',  ( 0.000000000000000000, 0.000000000000000000, -1.000000000000000000 ) ) ;
#9343 = ADVANCED_FACE ( 'NONE', ( #2680 ), #11340, .F. ) ;
#9344 = CIRCLE ( 'NONE', #2172, 0.2500000000000002220 ) ;
#9345 = CARTESIAN_POINT ( 'NONE',  ( 20.83070497094759332, -80.41022924428168039, 5.322755903978555025 ) ) ;
#9346 = EDGE_LOOP ( 'NONE', ( #11339, #9874, #8298, #10461 ) ) ;
#9347 = EDGE_LOOP ( 'NONE', ( #9829, #904, #2911, #4712 ) ) ;
#9348 = VERTEX_POINT ( 'NONE', #5645 ) ;
#9349 = DIRECTION ( 'NONE',  ( 0.000000000000000000, 0.000000000000000000, -1.000000000000000000 ) ) ;
#9350 = EDGE_CURVE ( 'NONE', #9608, #10534, #9542, .T. ) ;
#9351 = DIRECTION ( 'NONE',  ( 0.000000000000000000, -1.000000000000000000, -3.061616997868383141E-16 ) ) ;
#9352 = EDGE_LOOP ( 'NONE', ( #11377, #12583, #2765, #1184 ) ) ;
#9353 = DIRECTION ( 'NONE',  ( -0.000000000000000000, 1.000000000000000000, 3.061616997868383141E-16 ) ) ;
#9354 = EDGE_CURVE ( 'NONE', #3333, #2847, #1112, .T. ) ;
#9355 =( NAMED_UNIT ( * ) PLANE_ANGLE_UNIT ( ) SI_UNIT ( $, .RADIAN. ) );
#9356 = LINE ( 'NONE', #6360, #9079 ) ;
#9357 = ORIENTED_EDGE ( 'NONE', *, *, #703, .T. ) ;
#9358 = CARTESIAN_POINT ( 'NONE',  ( -16.70863817132498141, -80.41022924428168039, -13.53038840757138139 ) ) ;
#9359 = CARTESIAN_POINT ( 'NONE',  ( -14.57111852952483844, 45.19999999999998863, -15.80925377108410501 ) ) ;
#9360 = LINE ( 'NONE', #11286, #1605 ) ;
#9361 = CARTESIAN_POINT ( 'NONE',  ( 0.000000000000000000, 51.20000000000000995, -7.383484513958806747E-15 ) ) ;
#9362 = CIRCLE ( 'NONE', #9774, 0.2500000000000002220 ) ;
#9363 = AXIS2_PLACEMENT_3D ( 'NONE', #9855, #1040, #10043 ) ;
#9364 = ORIENTED_EDGE ( 'NONE', *, *, #2441, .T. ) ;
#9365 = DIRECTION ( 'NONE',  ( 0.000000000000000000, 0.000000000000000000, 1.000000000000000000 ) ) ;
#9366 = EDGE_CURVE ( 'NONE', #7223, #210, #1452, .T. ) ;
#9367 = CARTESIAN_POINT ( 'NONE',  ( -17.24574565275900184, 51.19999999999999574, -12.83877941551860147 ) ) ;
#9368 = EDGE_LOOP ( 'NONE', ( #7363, #11899, #10639, #2795 ) ) ;
#9369 = VECTOR ( 'NONE', #4395, 1000.000000000000000 ) ;
#9370 = CYLINDRICAL_SURFACE ( 'NONE', #7986, 0.2500000000000002220 ) ;
#9371 = CARTESIAN_POINT ( 'NONE',  ( 0.000000000000000000, 45.20000000000000995, -9.220454712679835547E-15 ) ) ;
#9372 = CIRCLE ( 'NONE', #2199, 0.2500000000000002220 ) ;
#9373 = EDGE_LOOP ( 'NONE', ( #229, #490, #6867 ) ) ;
#9374 = AXIS2_PLACEMENT_3D ( 'NONE', #7270, #2384, #1409 ) ;
#9375 = VECTOR ( 'NONE', #195, 1000.000000000000000 ) ;
#9376 = ITEM_DEFINED_TRANSFORMATION ( 'NONE', 'NONE', #10934,  #7256 ) ;
#9377 = ORIENTED_EDGE ( 'NONE', *, *, #4290, .F. ) ;
#9378 = CARTESIAN_POINT ( 'NONE',  ( 0.9997406115519716918, 0.07439655704748941722, -2.638603442952514033 ) ) ;
#9379 = ORIENTED_EDGE ( 'NONE', *, *, #10296, .T. ) ;
#9380 = ADVANCED_FACE ( 'NONE', ( #5402 ), #3463, .T. ) ;
#9381 = DIRECTION ( 'NONE',  ( 0.000000000000000000, 0.000000000000000000, 1.000000000000000000 ) ) ;
#9382 = FACE_OUTER_BOUND ( 'NONE', #8618, .T. ) ;
#9383 = DIRECTION ( 'NONE',  ( 0.000000000000000000, 0.000000000000000000, 1.000000000000000000 ) ) ;
#9384 = AXIS2_PLACEMENT_3D ( 'NONE', #10273, #10395, #6371 ) ;
#9385 = FACE_OUTER_BOUND ( 'NONE', #1203, .T. ) ;
#9386 = CARTESIAN_POINT ( 'NONE',  ( 0.9967777323287364544, -0.07734336586366401256, 2.635656634136335441 ) ) ;
#9387 = CIRCLE ( 'NONE', #4699, 0.2500000000000002220 ) ;
#9388 = DIRECTION ( 'NONE',  ( -0.000000000000000000, 1.000000000000000000, 3.061616997868383141E-16 ) ) ;
#9389 = VERTEX_POINT ( 'NONE', #9417 ) ;
#9390 = ORIENTED_EDGE ( 'NONE', *, *, #11429, .T. ) ;
#9391 = EDGE_CURVE ( 'NONE', #486, #10956, #11366, .T. ) ;
#9392 = ORIENTED_EDGE ( 'NONE', *, *, #2736, .F. ) ;
#9393 = CARTESIAN_POINT ( 'NONE',  ( 18.74328531086480609, 45.20000000000000284, 10.53277056407853784 ) ) ;
#9394 = FACE_OUTER_BOUND ( 'NONE', #6900, .T. ) ;
#9395 = DIRECTION ( 'NONE',  ( -0.000000000000000000, 1.000000000000000000, 3.061616997868383141E-16 ) ) ;
#9396 = ORIENTED_EDGE ( 'NONE', *, *, #5347, .F. ) ;
#9397 = DIRECTION ( 'NONE',  ( 0.000000000000000000, 0.000000000000000000, 1.000000000000000000 ) ) ;
#9398 = DIRECTION ( 'NONE',  ( -0.000000000000000000, 1.000000000000000000, 3.061616997868383141E-16 ) ) ;
#9399 = CYLINDRICAL_SURFACE ( 'NONE', #8603, 0.2500000000000002220 ) ;
#9400 = ORIENTED_EDGE ( 'NONE', *, *, #11525, .T. ) ;
#9401 = CARTESIAN_POINT ( 'NONE',  ( 19.64122733931587206, -80.41022924428168039, -8.744837826129808533 ) ) ;
#9402 = FACE_OUTER_BOUND ( 'NONE', #4425, .T. ) ;
#9403 = ORIENTED_EDGE ( 'NONE', *, *, #1848, .F. ) ;
#9404 = EDGE_CURVE ( 'NONE', #1462, #4898, #10838, .T. ) ;
#9405 = EDGE_LOOP ( 'NONE', ( #7146, #6007, #12495, #7560 ) ) ;
#9406 = EDGE_CURVE ( 'NONE', #3398, #767, #7885, .T. ) ;
#9407 = VECTOR ( 'NONE', #4443, 1000.000000000000000 ) ;
#9408 = ORIENTED_EDGE ( 'NONE', *, *, #4352, .T. ) ;
#9409 = CIRCLE ( 'NONE', #9205, 18.49999999999999645 ) ;
#9410 = LINE ( 'NONE', #4614, #5812 ) ;
#9411 = DIRECTION ( 'NONE',  ( 0.000000000000000000, 0.000000000000000000, 1.000000000000000000 ) ) ;
#9412 = VERTEX_POINT ( 'NONE', #5027 ) ;
#9413 = DIRECTION ( 'NONE',  ( 0.000000000000000000, 0.000000000000000000, 1.000000000000000000 ) ) ;
#9414 = VECTOR ( 'NONE', #8380, 1000.000000000000000 ) ;
#9415 = DIRECTION ( 'NONE',  ( 0.000000000000000000, -1.000000000000000000, -3.061616997868383141E-16 ) ) ;
#9416 = EDGE_LOOP ( 'NONE', ( #8006, #6131, #11968, #10223 ) ) ;
#9417 = CARTESIAN_POINT ( 'NONE',  ( 6.405656115871707357, 51.20000000000000995, 20.52358569366461793 ) ) ;
#9418 = CARTESIAN_POINT ( 'NONE',  ( -0.9973623449334881874, 0.08636871567441133102, 2.799368715674411590 ) ) ;
#9419 = CARTESIAN_POINT ( 'NONE',  ( 1.998583757652578674, -80.41022924428169460, 21.40690689856070250 ) ) ;
#9420 = DIRECTION ( 'NONE',  ( 0.000000000000000000, -3.227392513445220839E-16, 1.000000000000000000 ) ) ;
#9421 = CARTESIAN_POINT ( 'NONE',  ( -14.38630803671557956, 45.19999999999998863, -15.72761374776383114 ) ) ;
#9422 = AXIS2_PLACEMENT_3D ( 'NONE', #3065, #9032, #221 ) ;
#9423 = ADVANCED_FACE ( 'NONE', ( #12679 ), #2103, .T. ) ;
#9424 = ORIENTED_EDGE ( 'NONE', *, *, #3377, .F. ) ;
#9425 = AXIS2_PLACEMENT_3D ( 'NONE', #2210, #11963, #144 ) ;
#9426 = ADVANCED_FACE ( 'NONE', ( #9041 ), #8842, .F. ) ;
#9427 = ORIENTED_EDGE ( 'NONE', *, *, #379, .F. ) ;
#9428 = CYLINDRICAL_SURFACE ( 'NONE', #6499, 21.50000000000000355 ) ;
#9429 = CARTESIAN_POINT ( 'NONE',  ( -2.495836301044243921, 51.20000000000000995, 21.35464355025364114 ) ) ;
#9430 = ORIENTED_EDGE ( 'NONE', *, *, #1544, .T. ) ;
#9431 = FACE_OUTER_BOUND ( 'NONE', #12231, .T. ) ;
#9432 = FILL_AREA_STYLE ('',( #632 ) ) ;
#9433 = AXIS2_PLACEMENT_3D ( 'NONE', #7652, #10604, #3681 ) ;
#9434 = CARTESIAN_POINT ( 'NONE',  ( 0.000000000000000000, 87.50000000000001421, 3.730185188303422936E-15 ) ) ;
#9435 = EDGE_CURVE ( 'NONE', #12477, #6146, #11985, .T. ) ;
#9436 = EDGE_CURVE ( 'NONE', #5072, #9943, #7483, .T. ) ;
#9437 = ORIENTED_EDGE ( 'NONE', *, *, #8832, .T. ) ;
#9438 = ORIENTED_EDGE ( 'NONE', *, *, #778, .F. ) ;
#9439 = DIRECTION ( 'NONE',  ( 4.930380657631323784E-32, 1.000000000000000000, 3.061616997868382155E-16 ) ) ;
#9440 = ORIENTED_EDGE ( 'NONE', *, *, #5641, .T. ) ;
#9441 = CARTESIAN_POINT ( 'NONE',  ( -21.38222075041784365, 51.19999999999999574, 2.247361960254781632 ) ) ;
#9442 = DIRECTION ( 'NONE',  ( 9.860761315262647568E-32, 1.000000000000000000, 3.061616997868382648E-16 ) ) ;
#9443 = CYLINDRICAL_SURFACE ( 'NONE', #7119, 21.50000000000000355 ) ;
#9444 = CYLINDRICAL_SURFACE ( 'NONE', #11424, 0.2500000000000002220 ) ;
#9445 = CARTESIAN_POINT ( 'NONE',  ( 0.9987781450945885098, -0.07599627056108895773, 2.637003729438910593 ) ) ;
#9446 = DIRECTION ( 'NONE',  ( 0.000000000000000000, 0.000000000000000000, -1.000000000000000000 ) ) ;
#9447 = ORIENTED_EDGE ( 'NONE', *, *, #5449, .F. ) ;
#9448 = ADVANCED_FACE ( 'NONE', ( #10968 ), #9817, .F. ) ;
#9449 = EDGE_LOOP ( 'NONE', ( #6409, #381, #10429, #5198 ) ) ;
#9450 = ORIENTED_EDGE ( 'NONE', *, *, #2449, .T. ) ;
#9451 = VECTOR ( 'NONE', #9838, 1000.000000000000000 ) ;
#9452 = AXIS2_PLACEMENT_3D ( 'NONE', #4176, #3389, #7237 ) ;
#9453 = CARTESIAN_POINT ( 'NONE',  ( 0.000000000000000000, 45.20000000000000995, -9.220454712679835547E-15 ) ) ;
#9454 = DIRECTION ( 'NONE',  ( 0.000000000000000000, 0.000000000000000000, 1.000000000000000000 ) ) ;
#9455 = ORIENTED_EDGE ( 'NONE', *, *, #3924, .T. ) ;
#9456 = DIRECTION ( 'NONE',  ( -0.000000000000000000, 1.000000000000000000, 3.061616997868383141E-16 ) ) ;
#9457 = DIRECTION ( 'NONE',  ( 0.000000000000000000, -3.227392513445220839E-16, 1.000000000000000000 ) ) ;
#9458 = CARTESIAN_POINT ( 'NONE',  ( -12.83877941551902957, -80.41022924428168039, -17.24574565275868565 ) ) ;
#9459 = EDGE_CURVE ( 'NONE', #6104, #5117, #10756, .T. ) ;
#9460 = VERTEX_POINT ( 'NONE', #6937 ) ;
#9461 = DIRECTION ( 'NONE',  ( 0.000000000000000000, 0.000000000000000000, -1.000000000000000000 ) ) ;
#9462 = MECHANICAL_DESIGN_GEOMETRIC_PRESENTATION_REPRESENTATION (  '', ( #4159 ), #25 ) ;
#9463 = LINE ( 'NONE', #666, #8448 ) ;
#9464 = AXIS2_PLACEMENT_3D ( 'NONE', #6773, #9643, #9780 ) ;
#9465 = ORIENTED_EDGE ( 'NONE', *, *, #1696, .F. ) ;
#9466 = CIRCLE ( 'NONE', #1234, 21.50000000000000000 ) ;
#9467 = ORIENTED_EDGE ( 'NONE', *, *, #4335, .T. ) ;
#9468 = ORIENTED_EDGE ( 'NONE', *, *, #1473, .T. ) ;
#9469 = CARTESIAN_POINT ( 'NONE',  ( 1.901264155676266094E-15, 76.00000000000000000, -15.40000000000000036 ) ) ;
#9470 = CIRCLE ( 'NONE', #9676, 0.2500000000000002220 ) ;
#9471 = ORIENTED_EDGE ( 'NONE', *, *, #7618, .T. ) ;
#9472 = DIRECTION ( 'NONE',  ( 0.000000000000000000, 0.000000000000000000, -1.000000000000000000 ) ) ;
#9473 = AXIS2_PLACEMENT_3D ( 'NONE', #11428, #582, #2640 ) ;
#9474 = DIRECTION ( 'NONE',  ( -0.000000000000000000, 1.000000000000000000, 3.061616997868383141E-16 ) ) ;
#9475 = EDGE_LOOP ( 'NONE', ( #5443, #6996, #12428, #10247 ) ) ;
#9476 = FACE_OUTER_BOUND ( 'NONE', #11301, .T. ) ;
#9477 = ADVANCED_FACE ( 'NONE', ( #6103 ), #1069, .T. ) ;
#9478 = DIRECTION ( 'NONE',  ( 0.000000000000000000, 0.000000000000000000, 1.000000000000000000 ) ) ;
#9479 = CARTESIAN_POINT ( 'NONE',  ( 0.000000000000000000, 87.50000000000001421, 3.730185188303422936E-15 ) ) ;
#9480 = EDGE_CURVE ( 'NONE', #3347, #9895, #5846, .T. ) ;
#9481 = ORIENTED_EDGE ( 'NONE', *, *, #909, .T. ) ;
#9482 = CARTESIAN_POINT ( 'NONE',  ( -21.38222075041788628, 45.19999999999998863, -2.247361960254323332 ) ) ;
#9483 = AXIS2_PLACEMENT_3D ( 'NONE', #176, #7182, #10970 ) ;
#9484 = DIRECTION ( 'NONE',  ( -0.000000000000000000, 1.000000000000000000, 3.061616997868383141E-16 ) ) ;
#9485 = AXIS2_PLACEMENT_3D ( 'NONE', #10855, #5988, #10214 ) ;
#9486 = EDGE_LOOP ( 'NONE', ( #5932, #8744, #12010, #6835 ) ) ;
#9487 = AXIS2_PLACEMENT_3D ( 'NONE', #8275, #11588, #988 ) ;
#9488 = ORIENTED_EDGE ( 'NONE', *, *, #12141, .T. ) ;
#9489 = DIRECTION ( 'NONE',  ( 0.000000000000000000, 0.000000000000000000, -1.000000000000000000 ) ) ;
#9490 = AXIS2_PLACEMENT_3D ( 'NONE', #4037, #1955, #11706 ) ;
#9491 = DIRECTION ( 'NONE',  ( 0.000000000000000000, 0.000000000000000000, 1.000000000000000000 ) ) ;
#9492 = EDGE_CURVE ( 'NONE', #9807, #5121, #7883, .T. ) ;
#9493 = EDGE_LOOP ( 'NONE', ( #5233, #1351, #1866, #12318 ) ) ;
#9494 = DIRECTION ( 'NONE',  ( -0.000000000000000000, 1.000000000000000000, 3.061616997868383141E-16 ) ) ;
#9495 = CARTESIAN_POINT ( 'NONE',  ( -8.744837826129849390, 51.19999999999999574, -19.39122733931582587 ) ) ;
#9496 = EDGE_CURVE ( 'NONE', #7335, #3424, #7002, .T. ) ;
#9497 = VECTOR ( 'NONE', #5941, 1000.000000000000000 ) ;
#9498 = CIRCLE ( 'NONE', #4408, 0.2500000000000002220 ) ;
#9499 = VERTEX_POINT ( 'NONE', #5090 ) ;
#9500 = CIRCLE ( 'NONE', #10535, 0.2500000000000002220 ) ;
#9501 = ORIENTED_EDGE ( 'NONE', *, *, #8683, .T. ) ;
#9502 = ORIENTED_EDGE ( 'NONE', *, *, #1861, .T. ) ;
#9503 = CARTESIAN_POINT ( 'NONE',  ( 0.9975384582459662086, 0.07697644439475405387, -2.636023555605249147 ) ) ;
#9504 = DIRECTION ( 'NONE',  ( 0.000000000000000000, 0.000000000000000000, 1.000000000000000000 ) ) ;
#9505 = EDGE_CURVE ( 'NONE', #683, #4738, #2352, .T. ) ;
#9506 = VERTEX_POINT ( 'NONE', #10010 ) ;
#9507 = DIRECTION ( 'NONE',  ( 0.000000000000000000, 0.000000000000000000, 1.000000000000000000 ) ) ;
#9508 = VECTOR ( 'NONE', #4316, 1000.000000000000000 ) ;
#9509 = EDGE_CURVE ( 'NONE', #2080, #12407, #2880, .T. ) ;
#9510 = DIRECTION ( 'NONE',  ( 0.000000000000000000, -2.843808977011157336E-16, 1.000000000000000000 ) ) ;
#9511 = DIRECTION ( 'NONE',  ( -0.000000000000000000, 1.000000000000000000, 3.061616997868383141E-16 ) ) ;
#9512 = LINE ( 'NONE', #6577, #6113 ) ;
#9513 = DIRECTION ( 'NONE',  ( 0.000000000000000000, 0.000000000000000000, -1.000000000000000000 ) ) ;
#9514 = B_SPLINE_CURVE_WITH_KNOTS ( 'NONE', 3,
 ( #8215, #3464, #10385, #5522, #8341, #12117, #9418, #4557, #2490, #1394, #503, #2306, #4442, #9172, #10145, #6420 ),
 .UNSPECIFIED., .F., .F.,
 ( 4, 3, 3, 3, 3, 4 ),
 ( 0.000000000000000000, 1.285013747378236187E-06, 2.557497526646693770E-06, 4.432566183455849803E-06, 7.195801936941620298E-06, 9.898898396336106806E-06 ),
 .UNSPECIFIED. ) ;
#9515 = LINE ( 'NONE', #2583, #5622 ) ;
#9516 = ORIENTED_EDGE ( 'NONE', *, *, #1245, .T. ) ;
#9517 = EDGE_LOOP ( 'NONE', ( #11356, #11958, #6099, #5552 ) ) ;
#9518 = AXIS2_PLACEMENT_3D ( 'NONE', #10901, #1135, #4953 ) ;
#9519 = ORIENTED_EDGE ( 'NONE', *, *, #648, .F. ) ;
#9520 = LINE ( 'NONE', #10485, #1666 ) ;
#9521 = FACE_OUTER_BOUND ( 'NONE', #305, .T. ) ;
#9522 = EDGE_CURVE ( 'NONE', #2768, #12600, #941, .T. ) ;
#9523 = DIRECTION ( 'NONE',  ( -0.000000000000000000, 1.000000000000000000, 3.061616997868383141E-16 ) ) ;
#9524 = ORIENTED_EDGE ( 'NONE', *, *, #6562, .T. ) ;
#9525 = DIRECTION ( 'NONE',  ( -0.000000000000000000, 1.000000000000000000, 3.061616997868383141E-16 ) ) ;
#9526 = CIRCLE ( 'NONE', #512, 0.2500000000000002220 ) ;
#9527 = CARTESIAN_POINT ( 'NONE',  ( 13.53038840757140804, 51.19999999999999574, -16.70863817132492102 ) ) ;
#9528 = DIRECTION ( 'NONE',  ( -0.000000000000000000, 1.000000000000000000, 3.061616997868383141E-16 ) ) ;
#9529 = ORIENTED_EDGE ( 'NONE', *, *, #648, .T. ) ;
#9530 = DIRECTION ( 'NONE',  ( -2.465190328815661892E-32, 1.000000000000000000, 3.061616997868381169E-16 ) ) ;
#9531 = CARTESIAN_POINT ( 'NONE',  ( -19.53821706942812497, 45.19999999999998863, 8.972629143562501852 ) ) ;
#9532 = ORIENTED_EDGE ( 'NONE', *, *, #482, .F. ) ;
#9533 = VERTEX_POINT ( 'NONE', #3915 ) ;
#9534 = VECTOR ( 'NONE', #3378, 1000.000000000000000 ) ;
#9535 = ORIENTED_EDGE ( 'NONE', *, *, #5904, .F. ) ;
#9536 = LINE ( 'NONE', #1567, #10326 ) ;
#9537 = CARTESIAN_POINT ( 'NONE',  ( 2.495836301044400241, 45.19999999999998863, -21.35464355025365535 ) ) ;
#9538 = FACE_OUTER_BOUND ( 'NONE', #5456, .T. ) ;
#9539 = DIRECTION ( 'NONE',  ( 0.000000000000000000, 0.000000000000000000, 1.000000000000000000 ) ) ;
#9540 = DIRECTION ( 'NONE',  ( -0.000000000000000000, 1.000000000000000000, 3.061616997868383141E-16 ) ) ;
#9541 = EDGE_LOOP ( 'NONE', ( #11279, #5871, #6351, #7916 ) ) ;
#9542 = LINE ( 'NONE', #6362, #1524 ) ;
#9543 = EDGE_CURVE ( 'NONE', #7582, #10319, #7813, .T. ) ;
#9544 = AXIS2_PLACEMENT_3D ( 'NONE', #8583, #1768, #12417 ) ;
#9545 = DIRECTION ( 'NONE',  ( 0.000000000000000000, 0.000000000000000000, 1.000000000000000000 ) ) ;
#9546 = DIRECTION ( 'NONE',  ( 0.000000000000000000, 0.000000000000000000, 1.000000000000000000 ) ) ;
#9547 = VERTEX_POINT ( 'NONE', #4310 ) ;
#9548 = DIRECTION ( 'NONE',  ( 0.000000000000000000, 0.000000000000000000, -1.000000000000000000 ) ) ;
#9549 = DIRECTION ( 'NONE',  ( -0.000000000000000000, 1.000000000000000000, 3.061616997868383141E-16 ) ) ;
#9550 = ORIENTED_EDGE ( 'NONE', *, *, #4988, .T. ) ;
#9551 = EDGE_CURVE ( 'NONE', #1238, #10895, #3384, .T. ) ;
#9552 = EDGE_LOOP ( 'NONE', ( #1047, #8450, #1970, #10623 ) ) ;
#9553 = CARTESIAN_POINT ( 'NONE',  ( 0.000000000000000000, 24.19999999999999929, 19.24999999999998934 ) ) ;
#9554 = CARTESIAN_POINT ( 'NONE',  ( -5.564609469703916567, -80.41022924428169460, 20.76740526521500385 ) ) ;
#9555 = VERTEX_POINT ( 'NONE', #8209 ) ;
#9556 = DIRECTION ( 'NONE',  ( -9.860761315262647568E-32, 1.000000000000000000, 3.061616997868381662E-16 ) ) ;
#9557 = EDGE_CURVE ( 'NONE', #9640, #5492, #1387, .T. ) ;
#9558 = DIRECTION ( 'NONE',  ( -1.000000000000000000, -0.000000000000000000, -0.000000000000000000 ) ) ;
#9559 = AXIS2_PLACEMENT_3D ( 'NONE', #3875, #12637, #3745 ) ;
#9560 = ORIENTED_EDGE ( 'NONE', *, *, #7389, .F. ) ;
#9561 = EDGE_LOOP ( 'NONE', ( #3867, #9341, #4891, #893 ) ) ;
#9562 = EDGE_CURVE ( 'NONE', #3436, #10678, #8334, .T. ) ;
#9563 = AXIS2_PLACEMENT_3D ( 'NONE', #3413, #7383, #5975 ) ;
#9564 = VECTOR ( 'NONE', #5537, 1000.000000000000000 ) ;
#9565 = ORIENTED_EDGE ( 'NONE', *, *, #2957, .T. ) ;
#9566 = CARTESIAN_POINT ( 'NONE',  ( 8.972629143562288689, -80.41022924428169460, 19.53821706942819247 ) ) ;
#9567 = CARTESIAN_POINT ( 'NONE',  ( 0.000000000000000000, 51.20000000000000995, -7.383484513958806747E-15 ) ) ;
#9568 = VECTOR ( 'NONE', #1299, 1000.000000000000000 ) ;
#9569 = ORIENTED_EDGE ( 'NONE', *, *, #6074, .T. ) ;
#9570 = EDGE_CURVE ( 'NONE', #3626, #10915, #3605, .T. ) ;
#9571 = CARTESIAN_POINT ( 'NONE',  ( 0.000000000000000000, 10.27282251965208637, -1.991381873881973871E-14 ) ) ;
#9572 = DIRECTION ( 'NONE',  ( -4.930380657631323784E-32, 1.000000000000000000, 3.061616997868382648E-16 ) ) ;
#9573 = CARTESIAN_POINT ( 'NONE',  ( -5.805710654484836475, 45.19999999999998863, -20.70129763556864688 ) ) ;
#9574 = CARTESIAN_POINT ( 'NONE',  ( 2.510525938252074876E-15, 87.50000000000001421, -20.50000000000000355 ) ) ;
#9575 = VECTOR ( 'NONE', #10538, 1000.000000000000000 ) ;
#9576 = CYLINDRICAL_SURFACE ( 'NONE', #1307, 15.39999999999999680 ) ;
#9577 = ORIENTED_EDGE ( 'NONE', *, *, #8330, .T. ) ;
#9578 = AXIS2_PLACEMENT_3D ( 'NONE', #526, #6271, #10106 ) ;
#9579 = ORIENTED_EDGE ( 'NONE', *, *, #2846, .T. ) ;
#9580 = EDGE_CURVE ( 'NONE', #8108, #12227, #9526, .T. ) ;
#9581 = CYLINDRICAL_SURFACE ( 'NONE', #7221, 0.2500000000000002220 ) ;
#9582 = AXIS2_PLACEMENT_3D ( 'NONE', #1703, #4681, #10799 ) ;
#9583 = CARTESIAN_POINT ( 'NONE',  ( 17.39386537906129604, 51.19999999999999574, -12.38738292428823407 ) ) ;
#9584 = CARTESIAN_POINT ( 'NONE',  ( 0.000000000000000000, 45.20000000000000995, -9.220454712679835547E-15 ) ) ;
#9585 = ORIENTED_EDGE ( 'NONE', *, *, #5086, .T. ) ;
#9586 = FACE_OUTER_BOUND ( 'NONE', #7708, .T. ) ;
#9587 = AXIS2_PLACEMENT_3D ( 'NONE', #4501, #5524, #9420 ) ;
#9588 = DIRECTION ( 'NONE',  ( 0.000000000000000000, 0.000000000000000000, 1.000000000000000000 ) ) ;
#9589 = DIRECTION ( 'NONE',  ( -0.000000000000000000, 1.000000000000000000, 3.061616997868383141E-16 ) ) ;
#9590 = VERTEX_POINT ( 'NONE', #429 ) ;
#9591 = CARTESIAN_POINT ( 'NONE',  ( -4.470101352581976606, -80.41022924428168039, -21.03017341577680099 ) ) ;
#9592 = CARTESIAN_POINT ( 'NONE',  ( 0.000000000000000000, 87.50000000000001421, 3.730185188303422936E-15 ) ) ;
#9593 = EDGE_LOOP ( 'NONE', ( #4635, #2031, #3267, #3042 ) ) ;
#9594 = ORIENTED_EDGE ( 'NONE', *, *, #10891, .T. ) ;
#9595 = EDGE_CURVE ( 'NONE', #5091, #9963, #1120, .T. ) ;
#9596 = VECTOR ( 'NONE', #8973, 1000.000000000000000 ) ;
#9597 = EDGE_CURVE ( 'NONE', #1303, #4285, #4375, .T. ) ;
#9598 = ORIENTED_EDGE ( 'NONE', *, *, #10834, .F. ) ;
#9599 = CARTESIAN_POINT ( 'NONE',  ( 0.000000000000000000, 9.199999999999999289, 16.76785065697081833 ) ) ;
#9600 = SURFACE_SIDE_STYLE ('',( #3204 ) ) ;
#9601 = LINE ( 'NONE', #803, #6435 ) ;
#9602 = VECTOR ( 'NONE', #4754, 1000.000000000000000 ) ;
#9603 = CARTESIAN_POINT ( 'NONE',  ( 8.515864134734872692, 45.20000000000000284, 19.74158195380340786 ) ) ;
#9604 = ORIENTED_EDGE ( 'NONE', *, *, #9761, .F. ) ;
#9605 = DIRECTION ( 'NONE',  ( -3.697785493223493385E-32, 1.000000000000000000, 3.061616997868381662E-16 ) ) ;
#9606 = DIRECTION ( 'NONE',  ( 0.000000000000000000, -3.227392513445222318E-16, 1.000000000000000000 ) ) ;
#9607 = DIRECTION ( 'NONE',  ( 0.000000000000000000, -3.227392513445220839E-16, 1.000000000000000000 ) ) ;
#9608 = VERTEX_POINT ( 'NONE', #7180 ) ;
#9609 = DIRECTION ( 'NONE',  ( 0.000000000000000000, 0.000000000000000000, 1.000000000000000000 ) ) ;
#9610 = CARTESIAN_POINT ( 'NONE',  ( 0.000000000000000000, 8.699999999999993960, 16.01785065697081833 ) ) ;
#9611 = AXIS2_PLACEMENT_3D ( 'NONE', #7820, #8922, #116 ) ;
#9612 = ORIENTED_EDGE ( 'NONE', *, *, #8657, .T. ) ;
#9613 = CIRCLE ( 'NONE', #589, 21.50000000000000000 ) ;
#9614 = AXIS2_PLACEMENT_3D ( 'NONE', #7686, #4943, #6736 ) ;
#9615 = ORIENTED_EDGE ( 'NONE', *, *, #9984, .F. ) ;
#9616 = CARTESIAN_POINT ( 'NONE',  ( 21.47053499722332504, 51.19999999999999574, -1.125223059223352529 ) ) ;
#9617 = CARTESIAN_POINT ( 'NONE',  ( -20.16021269457225529, 45.19999999999998863, 7.470998869602918369 ) ) ;
#9619 = VERTEX_POINT ( 'NONE', #6355 ) ;
#9618 = CIRCLE ( 'NONE', #11260, 0.2500000000000002220 ) ;
#9620 = CARTESIAN_POINT ( 'NONE',  ( -21.49999999999998934, 51.19999999999999574, 2.408760253844680426E-13 ) ) ;
#9621 = CIRCLE ( 'NONE', #10454, 0.2500000000000002220 ) ;
#9622 = LINE ( 'NONE', #3477, #7376 ) ;
#9623 = EDGE_CURVE ( 'NONE', #11638, #5176, #10355, .T. ) ;
#9624 = AXIS2_PLACEMENT_3D ( 'NONE', #11579, #5948, #9723 ) ;
#9625 = EDGE_CURVE ( 'NONE', #10723, #9639, #8514, .T. ) ;
#9626 = ORIENTED_EDGE ( 'NONE', *, *, #1400, .F. ) ;
#9627 = ORIENTED_EDGE ( 'NONE', *, *, #4909, .F. ) ;
#9628 = ORIENTED_EDGE ( 'NONE', *, *, #9281, .T. ) ;
#9629 = DIRECTION ( 'NONE',  ( -0.000000000000000000, 1.000000000000000000, 3.061616997868383141E-16 ) ) ;
#9630 = AXIS2_PLACEMENT_3D ( 'NONE', #1862, #2901, #9513 ) ;
#9631 = DIRECTION ( 'NONE',  ( 0.000000000000000000, 0.000000000000000000, -1.000000000000000000 ) ) ;
#9632 = VERTEX_POINT ( 'NONE', #6297 ) ;
#9633 = DIRECTION ( 'NONE',  ( 0.000000000000000000, -3.227392513445222318E-16, 1.000000000000000000 ) ) ;
#9634 = DIRECTION ( 'NONE',  ( 1.972152263052529514E-31, 1.000000000000000000, 3.061616997868382648E-16 ) ) ;
#9635 = DIRECTION ( 'NONE',  ( 0.000000000000000000, 1.000000000000000000, 3.061616997868382648E-16 ) ) ;
#9636 = DIRECTION ( 'NONE',  ( 0.000000000000000000, 0.000000000000000000, 1.000000000000000000 ) ) ;
#9637 = ADVANCED_FACE ( 'NONE', ( #3397 ), #2235, .F. ) ;
#9638 = DIRECTION ( 'NONE',  ( 4.930380657631323784E-32, 1.000000000000000000, 3.061616997868383141E-16 ) ) ;
#9639 = VERTEX_POINT ( 'NONE', #11217 ) ;
#9640 = VERTEX_POINT ( 'NONE', #496 ) ;
#9641 = EDGE_CURVE ( 'NONE', #5752, #8167, #10261, .T. ) ;
#9642 = CARTESIAN_POINT ( 'NONE',  ( 7.704910915223833534, 45.19999999999998863, -20.07197916968985751 ) ) ;
#9643 = DIRECTION ( 'NONE',  ( -0.000000000000000000, 1.000000000000000000, 3.061616997868383141E-16 ) ) ;
#9644 = CARTESIAN_POINT ( 'NONE',  ( -0.9950000000000006617, 0.08699999999999999400, 2.799999999999999822 ) ) ;
#9645 = FACE_OUTER_BOUND ( 'NONE', #11575, .T. ) ;
#9646 = VERTEX_POINT ( 'NONE', #5214 ) ;
#9647 = DIRECTION ( 'NONE',  ( -1.000000000000000000, 0.000000000000000000, 0.000000000000000000 ) ) ;
#9648 = LINE ( 'NONE', #12344, #800 ) ;
#9649 = CYLINDRICAL_SURFACE ( 'NONE', #10857, 0.2500000000000002220 ) ;
#9650 = EDGE_CURVE ( 'NONE', #7194, #5568, #9959, .T. ) ;
#9651 = CYLINDRICAL_SURFACE ( 'NONE', #8653, 0.2500000000000002220 ) ;
#9652 = DIRECTION ( 'NONE',  ( -0.000000000000000000, 1.000000000000000000, 3.061616997868383141E-16 ) ) ;
#9653 = ORIENTED_EDGE ( 'NONE', *, *, #2196, .T. ) ;
#9654 = EDGE_CURVE ( 'NONE', #4613, #3071, #12049, .T. ) ;
#9655 = ORIENTED_EDGE ( 'NONE', *, *, #9654, .F. ) ;
#9656 = CIRCLE ( 'NONE', #1453, 0.2500000000000002220 ) ;
#9657 = ORIENTED_EDGE ( 'NONE', *, *, #5785, .T. ) ;
#9658 =( NAMED_UNIT ( * ) SI_UNIT ( $, .STERADIAN. ) SOLID_ANGLE_UNIT ( ) );
#9659 = DIRECTION ( 'NONE',  ( 7.395570986446986770E-32, 1.000000000000000000, 3.061616997868381169E-16 ) ) ;
#9660 = DIRECTION ( 'NONE',  ( 9.860761315262647568E-32, 1.000000000000000000, 3.061616997868382648E-16 ) ) ;
#9661 = DIRECTION ( 'NONE',  ( -0.000000000000000000, 1.000000000000000000, 3.061616997868383141E-16 ) ) ;
#9662 = DIRECTION ( 'NONE',  ( 0.000000000000000000, -3.227392513445222318E-16, 1.000000000000000000 ) ) ;
#9663 = ORIENTED_EDGE ( 'NONE', *, *, #1795, .T. ) ;
#9665 = EDGE_CURVE ( 'NONE', #6133, #1248, #4017, .T. ) ;
#9664 = CARTESIAN_POINT ( 'NONE',  ( -18.03141721082647919, 45.20000000000000284, 11.70973925282328842 ) ) ;
#9666 = AXIS2_PLACEMENT_3D ( 'NONE', #1722, #10841, #2046 ) ;
#9667 = AXIS2_PLACEMENT_3D ( 'NONE', #5623, #4663, #1496 ) ;
#9668 = CARTESIAN_POINT ( 'NONE',  ( 0.000000000000000000, 10.27282251965208104, 18.29999999999999005 ) ) ;
#9669 = FACE_OUTER_BOUND ( 'NONE', #9493, .T. ) ;
#9670 = EDGE_CURVE ( 'NONE', #9963, #4387, #2483, .T. ) ;
#9671 = ORIENTED_EDGE ( 'NONE', *, *, #3090, .F. ) ;
#9672 = CIRCLE ( 'NONE', #6408, 21.50000000000001066 ) ;
#9673 = CARTESIAN_POINT ( 'NONE',  ( 11.49928352796105280, 45.20000000000000284, 18.16635567040246357 ) ) ;
#9674 = DIRECTION ( 'NONE',  ( -0.000000000000000000, 1.000000000000000000, 3.061616997868383141E-16 ) ) ;
#9675 = ORIENTED_EDGE ( 'NONE', *, *, #6472, .T. ) ;
#9676 = AXIS2_PLACEMENT_3D ( 'NONE', #6912, #6977, #1043 ) ;
#9677 = CIRCLE ( 'NONE', #7231, 0.2500000000000002220 ) ;
#9678 = CARTESIAN_POINT ( 'NONE',  ( -21.03017341577685784, -80.41022924428168039, -4.470101352581633769 ) ) ;
#9679 = ORIENTED_EDGE ( 'NONE', *, *, #11914, .F. ) ;
#9680 = DIRECTION ( 'NONE',  ( 0.000000000000000000, -1.000000000000000000, -3.061616997868383141E-16 ) ) ;
#9681 = CARTESIAN_POINT ( 'NONE',  ( 0.9999999999999995559, 47.85087804878048701, 0.000000000000000000 ) ) ;
#9682 = VERTEX_POINT ( 'NONE', #11031 ) ;
#9683 = DIRECTION ( 'NONE',  ( -4.930380657631323784E-32, 1.000000000000000000, 3.061616997868382648E-16 ) ) ;
#9684 = AXIS2_PLACEMENT_3D ( 'NONE', #320, #7269, #8105 ) ;
#9685 = DIRECTION ( 'NONE',  ( 0.000000000000000000, 0.000000000000000000, -1.000000000000000000 ) ) ;
#9686 = EDGE_CURVE ( 'NONE', #2794, #2456, #2567, .T. ) ;
#9687 = VECTOR ( 'NONE', #6821, 1000.000000000000000 ) ;
#9688 = AXIS2_PLACEMENT_3D ( 'NONE', #10074, #4890, #1391 ) ;
#9689 = MANIFOLD_SOLID_BREP ( 'Fillet1', #11198 ) ;
#9690 = ORIENTED_EDGE ( 'NONE', *, *, #1288, .T. ) ;
#9691 = CIRCLE ( 'NONE', #3149, 21.50000000000000000 ) ;
#9692 = AXIS2_PLACEMENT_3D ( 'NONE', #5155, #11030, #2234 ) ;
#9693 = ORIENTED_EDGE ( 'NONE', *, *, #7823, .T. ) ;
#9694 = EDGE_LOOP ( 'NONE', ( #5363, #9488, #11797, #4992 ) ) ;
#9695 = CARTESIAN_POINT ( 'NONE',  ( 0.000000000000000000, 45.20000000000000995, -9.220454712679835547E-15 ) ) ;
#9696 = CIRCLE ( 'NONE', #4196, 21.50000000000000000 ) ;
#9697 = DIRECTION ( 'NONE',  ( 0.000000000000000000, 0.000000000000000000, 1.000000000000000000 ) ) ;
#9698 = ORIENTED_EDGE ( 'NONE', *, *, #4966, .F. ) ;
#9699 = DIRECTION ( 'NONE',  ( 0.000000000000000000, 0.7071067811865516806, 0.7071067811865434649 ) ) ;
#9700 = CARTESIAN_POINT ( 'NONE',  ( 0.9987639536898974546, -0.08524160148855053354, -2.798241601488550945 ) ) ;
#9701 = EDGE_CURVE ( 'NONE', #1445, #2001, #553, .T. ) ;
#9702 = AXIS2_PLACEMENT_3D ( 'NONE', #7736, #12482, #7613 ) ;
#9703 = DIRECTION ( 'NONE',  ( 0.000000000000000000, 0.000000000000000000, -1.000000000000000000 ) ) ;
#9704 = DIRECTION ( 'NONE',  ( 0.000000000000000000, 0.000000000000000000, -1.000000000000000000 ) ) ;
#9705 = CIRCLE ( 'NONE', #7864, 0.2500000000000002220 ) ;
#9706 = CARTESIAN_POINT ( 'NONE',  ( 10.53277056407858936, -80.41022924428169460, 18.74328531086474570 ) ) ;
#9707 = AXIS2_PLACEMENT_3D ( 'NONE', #5500, #9395, #10422 ) ;
#9708 = VERTEX_POINT ( 'NONE', #9537 ) ;
#9709 = ORIENTED_EDGE ( 'NONE', *, *, #2688, .F. ) ;
#9710 = VECTOR ( 'NONE', #4470, 1000.000000000000000 ) ;
#9711 = VECTOR ( 'NONE', #1614, 1000.000000000000000 ) ;
#9712 = EDGE_CURVE ( 'NONE', #4436, #3612, #6193, .T. ) ;
#9713 = ORIENTED_EDGE ( 'NONE', *, *, #410, .T. ) ;
#9714 = VECTOR ( 'NONE', #7839, 1000.000000000000000 ) ;
#9715 = LINE ( 'NONE', #10668, #2705 ) ;
#9716 = CARTESIAN_POINT ( 'NONE',  ( 4.225266388133207762, 51.19999999999999574, -21.08072873382966961 ) ) ;
#9717 = AXIS2_PLACEMENT_3D ( 'NONE', #8048, #1295, #6136 ) ;
#9718 = DIRECTION ( 'NONE',  ( -0.000000000000000000, 1.000000000000000000, 3.061616997868383141E-16 ) ) ;
#9719 = ORIENTED_EDGE ( 'NONE', *, *, #5168, .T. ) ;
#9720 = DIRECTION ( 'NONE',  ( -0.000000000000000000, 1.000000000000000000, 3.061616997868383141E-16 ) ) ;
#9721 = EDGE_CURVE ( 'NONE', #7286, #10279, #1530, .T. ) ;
#9722 = DIRECTION ( 'NONE',  ( -9.860761315262647568E-32, 1.000000000000000000, 3.061616997868382648E-16 ) ) ;
#9723 = DIRECTION ( 'NONE',  ( 0.000000000000000000, -3.227392513445220839E-16, 1.000000000000000000 ) ) ;
#9724 = CARTESIAN_POINT ( 'NONE',  ( 20.36907980785172612, 45.19999999999998863, 6.881176337034796475 ) ) ;
#9725 = AXIS2_PLACEMENT_3D ( 'NONE', #4961, #114, #11728 ) ;
#9726 = CARTESIAN_POINT ( 'NONE',  ( -13.33519049100554810, 51.20000000000000995, 16.86483603740619941 ) ) ;
#9727 = ORIENTED_EDGE ( 'NONE', *, *, #10457, .T. ) ;
#9728 = ORIENTED_EDGE ( 'NONE', *, *, #3448, .F. ) ;
#9729 = VERTEX_POINT ( 'NONE', #11587 ) ;
#9730 = SHAPE_REPRESENTATION_RELATIONSHIP ( 'NONE' , 'NONE' ,  #11660, #3838 ) ;
#9731 = EDGE_CURVE ( 'NONE', #3880, #5876, #310, .T. ) ;
#9732 = CARTESIAN_POINT ( 'NONE',  ( 21.35464355025357008, -80.41022924428168039, -2.495836301044800365 ) ) ;
#9733 = AXIS2_PLACEMENT_3D ( 'NONE', #36, #174, #234 ) ;
#9734 = CARTESIAN_POINT ( 'NONE',  ( -18.61954618136552142, -80.41022924428168039, -10.74999999999984546 ) ) ;
#9735 = CARTESIAN_POINT ( 'NONE',  ( 21.38222075041785786, 45.19999999999998863, -1.997361960254612434 ) ) ;
#9736 = DIRECTION ( 'NONE',  ( 3.697785493223493385E-32, 1.000000000000000000, 3.061616997868381662E-16 ) ) ;
#9737 = ORIENTED_EDGE ( 'NONE', *, *, #11228, .F. ) ;
#9738 = DIRECTION ( 'NONE',  ( 0.000000000000000000, -3.227392513445220839E-16, 1.000000000000000000 ) ) ;
#9739 = EDGE_CURVE ( 'NONE', #9179, #7164, #8923, .T. ) ;
#9740 = CARTESIAN_POINT ( 'NONE',  ( 12.63738292428818610, 45.20000000000000284, 17.39386537906135999 ) ) ;
#9741 = DIRECTION ( 'NONE',  ( 0.000000000000000000, -3.227392513445220839E-16, 1.000000000000000000 ) ) ;
#9742 = ORIENTED_EDGE ( 'NONE', *, *, #4419, .F. ) ;
#9743 = CARTESIAN_POINT ( 'NONE',  ( 4.470101352581692389, 51.19999999999999574, -20.78017341577681876 ) ) ;
#9744 = FACE_OUTER_BOUND ( 'NONE', #12179, .T. ) ;
#9745 = ORIENTED_EDGE ( 'NONE', *, *, #2674, .T. ) ;
#9746 = COLOUR_RGB ( '',0.7921568627450980005, 0.8196078431372548767, 0.9333333333333333481 ) ;
#9747 = EDGE_CURVE ( 'NONE', #3435, #8878, #12481, .T. ) ;
#9748 = DIRECTION ( 'NONE',  ( 0.000000000000000000, 0.000000000000000000, 1.000000000000000000 ) ) ;
#9749 = EDGE_CURVE ( 'NONE', #3484, #8108, #8310, .T. ) ;
#9750 = CARTESIAN_POINT ( 'NONE',  ( 19.64122733931587206, -80.41022924428168039, -8.494837826129808533 ) ) ;
#9751 = ORIENTED_EDGE ( 'NONE', *, *, #4837, .F. ) ;
#9752 = DIRECTION ( 'NONE',  ( -0.000000000000000000, 1.000000000000000000, 3.061616997868383141E-16 ) ) ;
#9753 = CARTESIAN_POINT ( 'NONE',  ( -13.72375690439574925, -80.41022924428169460, 16.55018116000694306 ) ) ;
#9754 = CARTESIAN_POINT ( 'NONE',  ( 1.374800153705942662, 51.20000000000000995, 21.45599973288053874 ) ) ;
#9755 = ORIENTED_EDGE ( 'NONE', *, *, #2300, .F. ) ;
#9756 = CARTESIAN_POINT ( 'NONE',  ( 0.000000000000000000, 45.20000000000000995, -9.220454712679835547E-15 ) ) ;
#9757 = FACE_OUTER_BOUND ( 'NONE', #11171, .T. ) ;
#9758 = AXIS2_PLACEMENT_3D ( 'NONE', #11906, #287, #2351 ) ;
#9759 = EDGE_LOOP ( 'NONE', ( #8266, #9569, #8985, #5793 ) ) ;
#9760 = ORIENTED_EDGE ( 'NONE', *, *, #450, .T. ) ;
#9761 = EDGE_CURVE ( 'NONE', #1697, #2160, #2767, .T. ) ;
#9762 = VERTEX_POINT ( 'NONE', #614 ) ;
#9763 = DIRECTION ( 'NONE',  ( -2.465190328815661892E-32, 1.000000000000000000, 3.061616997868381169E-16 ) ) ;
#9764 = CYLINDRICAL_SURFACE ( 'NONE', #10303, 0.2500000000000002220 ) ;
#9765 = AXIS2_PLACEMENT_3D ( 'NONE', #12457, #5375, #12214 ) ;
#9766 = ORIENTED_EDGE ( 'NONE', *, *, #3530, .T. ) ;
#9767 = AXIS2_PLACEMENT_3D ( 'NONE', #5877, #7597, #849 ) ;
#9768 = DIRECTION ( 'NONE',  ( -0.000000000000000000, 1.000000000000000000, 3.061616997868383141E-16 ) ) ;
#9769 = CYLINDRICAL_SURFACE ( 'NONE', #10590, 21.50000000000000355 ) ;
#9770 = CARTESIAN_POINT ( 'NONE',  ( -16.14381341971849793, 51.19999999999999574, -14.19955239679466352 ) ) ;
#9771 = CARTESIAN_POINT ( 'NONE',  ( 0.000000000000000000, 87.50000000000001421, 3.730185188303422936E-15 ) ) ;
#9772 = DIRECTION ( 'NONE',  ( 0.000000000000000000, -1.000000000000000000, -3.061616997868383141E-16 ) ) ;
#9773 = ORIENTED_EDGE ( 'NONE', *, *, #831, .T. ) ;
#9774 = AXIS2_PLACEMENT_3D ( 'NONE', #5791, #10784, #12632 ) ;
#9775 = EDGE_LOOP ( 'NONE', ( #8078, #530 ) ) ;
#9776 = CIRCLE ( 'NONE', #7719, 0.2500000000000002220 ) ;
#9777 = EDGE_CURVE ( 'NONE', #5909, #11247, #3778, .T. ) ;
#9778 = CARTESIAN_POINT ( 'NONE',  ( 0.000000000000000000, 51.20000000000000995, -7.383484513958806747E-15 ) ) ;
#9779 = ORIENTED_EDGE ( 'NONE', *, *, #9509, .T. ) ;
#9780 = DIRECTION ( 'NONE',  ( 0.000000000000000000, 0.000000000000000000, 1.000000000000000000 ) ) ;
#9781 = CARTESIAN_POINT ( 'NONE',  ( 20.44771510034576067, -80.41022924428168039, -6.643865379061475451 ) ) ;
#9782 = DIRECTION ( 'NONE',  ( -0.000000000000000000, 1.000000000000000000, 3.061616997868383141E-16 ) ) ;
#9783 = ORIENTED_EDGE ( 'NONE', *, *, #796, .F. ) ;
#9784 = CARTESIAN_POINT ( 'NONE',  ( 7.937781193550203618, 45.20000000000000284, 19.98103174821862638 ) ) ;
#9785 = VECTOR ( 'NONE', #2321, 1000.000000000000000 ) ;
#9786 = CARTESIAN_POINT ( 'NONE',  ( 0.000000000000000000, 87.50000000000001421, 3.730185188303422936E-15 ) ) ;
#9787 = CARTESIAN_POINT ( 'NONE',  ( -9.760795744400017071, -80.41022924428169460, 19.15664027004999070 ) ) ;
#9788 = PRODUCT_DEFINITION ( 'UNKNOWN', '', #4397, #1346 ) ;
#9789 = VECTOR ( 'NONE', #9722, 1000.000000000000000 ) ;
#9790 = FACE_OUTER_BOUND ( 'NONE', #10066, .T. ) ;
#9791 = CARTESIAN_POINT ( 'NONE',  ( 4.714331922580144330, 45.19999999999998863, -20.97677464539633974 ) ) ;
#9792 = VERTEX_POINT ( 'NONE', #4491 ) ;
#9793 = EDGE_CURVE ( 'NONE', #361, #11181, #7492, .T. ) ;
#9794 = ORIENTED_EDGE ( 'NONE', *, *, #1807, .F. ) ;
#9795 = ADVANCED_FACE ( 'NONE', ( #2607 ), #11397, .F. ) ;
#9796 = CIRCLE ( 'NONE', #10006, 0.2500000000000002220 ) ;
#9797 = ORIENTED_EDGE ( 'NONE', *, *, #1644, .T. ) ;
#9798 = CARTESIAN_POINT ( 'NONE',  ( 0.000000000000000000, 0.000000000000000000, 0.000000000000000000 ) ) ;
#9799 = DIRECTION ( 'NONE',  ( -0.000000000000000000, 1.000000000000000000, 3.061616997868383141E-16 ) ) ;
#9800 = DIRECTION ( 'NONE',  ( 0.000000000000000000, 0.000000000000000000, 1.000000000000000000 ) ) ;
#9801 = DIRECTION ( 'NONE',  ( -1.848892746611746693E-32, 1.000000000000000000, 3.061616997868381662E-16 ) ) ;
#9802 = CARTESIAN_POINT ( 'NONE',  ( -12.63738292428795340, 45.20000000000000284, 17.39386537906152697 ) ) ;
#9803 = ORIENTED_EDGE ( 'NONE', *, *, #12683, .T. ) ;
#9804 = DIRECTION ( 'NONE',  ( -0.000000000000000000, 1.000000000000000000, 3.061616997868383141E-16 ) ) ;
#9805 = CYLINDRICAL_SURFACE ( 'NONE', #4123, 0.2500000000000002220 ) ;
#9806 = CARTESIAN_POINT ( 'NONE',  ( -20.83070497094762530, 45.19999999999998863, -5.322755903978420911 ) ) ;
#9807 = VERTEX_POINT ( 'NONE', #7800 ) ;
#9808 = FACE_OUTER_BOUND ( 'NONE', #1626, .T. ) ;
#9809 = FACE_OUTER_BOUND ( 'NONE', #10238, .T. ) ;
#9810 = VERTEX_POINT ( 'NONE', #3968 ) ;
#9811 = EDGE_CURVE ( 'NONE', #12071, #7267, #11997, .T. ) ;
#9812 = CIRCLE ( 'NONE', #5922, 0.2500000000000002220 ) ;
#9813 = ORIENTED_EDGE ( 'NONE', *, *, #8717, .F. ) ;
#9814 = EDGE_CURVE ( 'NONE', #2197, #9830, #5455, .T. ) ;
#9815 = AXIS2_PLACEMENT_3D ( 'NONE', #2686, #624, #7562 ) ;
#9816 = CARTESIAN_POINT ( 'NONE',  ( 19.15664027004985215, -80.41022924428168039, -9.760795744400358132 ) ) ;
#9817 = CYLINDRICAL_SURFACE ( 'NONE', #12383, 0.2500000000000002220 ) ;
#9818 = ORIENTED_EDGE ( 'NONE', *, *, #10994, .T. ) ;
#9819 = DIRECTION ( 'NONE',  ( 0.000000000000000000, 0.000000000000000000, 1.000000000000000000 ) ) ;
#9820 = CYLINDRICAL_SURFACE ( 'NONE', #10286, 21.50000000000000355 ) ;
#9821 = CARTESIAN_POINT ( 'NONE',  ( -3.116195710812806663, 45.19999999999998863, -21.27297168455579879 ) ) ;
#9822 = ORIENTED_EDGE ( 'NONE', *, *, #1599, .F. ) ;
#9823 = DIRECTION ( 'NONE',  ( -0.000000000000000000, 1.000000000000000000, 3.061616997868383141E-16 ) ) ;
#9824 = CYLINDRICAL_SURFACE ( 'NONE', #8795, 0.2500000000000002220 ) ;
#9825 = CARTESIAN_POINT ( 'NONE',  ( 0.9999999999999995559, -0.07763355007212036085, 2.635366449927879717 ) ) ;
#9826 = AXIS2_PLACEMENT_3D ( 'NONE', #564, #9549, #1582 ) ;
#9827 = EDGE_CURVE ( 'NONE', #6350, #5494, #8716, .T. ) ;
#9828 = AXIS2_PLACEMENT_3D ( 'NONE', #1502, #2596, #12280 ) ;
#9829 = ORIENTED_EDGE ( 'NONE', *, *, #2570, .T. ) ;
#9830 = VERTEX_POINT ( 'NONE', #1957 ) ;
#9831 = AXIS2_PLACEMENT_3D ( 'NONE', #7073, #7257, #11995 ) ;
#9832 = ORIENTED_EDGE ( 'NONE', *, *, #4795, .T. ) ;
#9833 = CARTESIAN_POINT ( 'NONE',  ( -17.24574565275862170, 45.20000000000000284, 12.83877941551909352 ) ) ;
#9834 = VECTOR ( 'NONE', #10910, 1000.000000000000000 ) ;
#9835 = CARTESIAN_POINT ( 'NONE',  ( -0.9978488633033415489, -0.08609119238737948654, -2.799091192387379579 ) ) ;
#9836 = ORIENTED_EDGE ( 'NONE', *, *, #6317, .F. ) ;
#9837 = VECTOR ( 'NONE', #7470, 1000.000000000000000 ) ;
#9838 = DIRECTION ( 'NONE',  ( -4.930380657631323784E-32, 1.000000000000000000, 3.061616997868382648E-16 ) ) ;
#9839 = DIRECTION ( 'NONE',  ( 0.000000000000000000, 0.000000000000000000, 1.000000000000000000 ) ) ;
#9840 = LINE ( 'NONE', #1028, #7961 ) ;
#9841 = DIRECTION ( 'NONE',  ( 0.000000000000000000, -1.000000000000000000, -3.061616997868383141E-16 ) ) ;
#9842 = ORIENTED_EDGE ( 'NONE', *, *, #9670, .T. ) ;
#9843 = EDGE_CURVE ( 'NONE', #2378, #7995, #12392, .T. ) ;
#9844 = EDGE_CURVE ( 'NONE', #5087, #7563, #7735, .T. ) ;
#9845 = CARTESIAN_POINT ( 'NONE',  ( -21.03017341577685784, 45.19999999999998863, -4.470101352581595577 ) ) ;
#9846 = AXIS2_PLACEMENT_3D ( 'NONE', #2225, #11020, #3129 ) ;
#9847 = ORIENTED_EDGE ( 'NONE', *, *, #12313, .F. ) ;
#9848 = ORIENTED_EDGE ( 'NONE', *, *, #7473, .T. ) ;
#9849 = AXIS2_PLACEMENT_3D ( 'NONE', #4012, #3339, #3407 ) ;
#9850 = FACE_OUTER_BOUND ( 'NONE', #4205, .T. ) ;
#9851 = ORIENTED_EDGE ( 'NONE', *, *, #10578, .F. ) ;
#9852 = DIRECTION ( 'NONE',  ( 0.000000000000000000, 0.000000000000000000, 1.000000000000000000 ) ) ;
#9853 = DIRECTION ( 'NONE',  ( 0.000000000000000000, 0.000000000000000000, 1.000000000000000000 ) ) ;
#9854 = ORIENTED_EDGE ( 'NONE', *, *, #412, .T. ) ;
#9855 = CARTESIAN_POINT ( 'NONE',  ( 6.643865379061240972, 51.19999999999999574, -20.44771510034581397 ) ) ;
#9856 = DIRECTION ( 'NONE',  ( -0.000000000000000000, 1.000000000000000000, 3.061616997868383141E-16 ) ) ;
#9857 = CARTESIAN_POINT ( 'NONE',  ( -21.23529932279541299, 51.19999999999999574, 3.363340998365199841 ) ) ;
#9858 = VECTOR ( 'NONE', #5585, 1000.000000000000000 ) ;
#9859 = EDGE_CURVE ( 'NONE', #2048, #11352, #6887, .T. ) ;
#9860 = CARTESIAN_POINT ( 'NONE',  ( 14.38630803671536462, 51.19999999999999574, -15.72761374776402299 ) ) ;
#9861 = LINE ( 'NONE', #3051, #6789 ) ;
#9862 = ORIENTED_EDGE ( 'NONE', *, *, #3772, .F. ) ;
#9863 = VERTEX_POINT ( 'NONE', #11842 ) ;
#9864 = ORIENTED_EDGE ( 'NONE', *, *, #2194, .T. ) ;
#9865 = DIRECTION ( 'NONE',  ( 1.000000000000000000, 0.000000000000000000, 0.000000000000000000 ) ) ;
#9866 = CARTESIAN_POINT ( 'NONE',  ( 21.27297168455580234, 45.19999999999998863, -3.116195710812720954 ) ) ;
#9867 = CARTESIAN_POINT ( 'NONE',  ( 19.64122733931587206, -80.41022924428168039, -8.744837826129808533 ) ) ;
#9868 = CARTESIAN_POINT ( 'NONE',  ( 0.000000000000000000, 51.20000000000000995, -7.383484513958806747E-15 ) ) ;
#9869 = DIRECTION ( 'NONE',  ( 4.930380657631323784E-32, 1.000000000000000000, 3.061616997868382648E-16 ) ) ;
#9870 = ORIENTED_EDGE ( 'NONE', *, *, #1591, .T. ) ;
#9871 = CARTESIAN_POINT ( 'NONE',  ( 7.704910915223833534, 45.19999999999998863, -19.82197916968985751 ) ) ;
#9872 = CARTESIAN_POINT ( 'NONE',  ( -1.125223059223438904, 45.19999999999998863, -21.47053499722331082 ) ) ;
#9873 = DIRECTION ( 'NONE',  ( 0.000000000000000000, 0.000000000000000000, 1.000000000000000000 ) ) ;
#9874 = ORIENTED_EDGE ( 'NONE', *, *, #3889, .T. ) ;
#9875 = CARTESIAN_POINT ( 'NONE',  ( 0.9999999999999995559, 0.08167987200253372382, 2.794679872002534093 ) ) ;
#9876 = CARTESIAN_POINT ( 'NONE',  ( -21.35464355025365890, 45.19999999999998863, -2.495836301044308758 ) ) ;
#9877 = AXIS2_PLACEMENT_3D ( 'NONE', #126, #5048, #4008 ) ;
#9878 = VERTEX_POINT ( 'NONE', #2995 ) ;
#9879 = ORIENTED_EDGE ( 'NONE', *, *, #4576, .T. ) ;
#9880 = DIRECTION ( 'NONE',  ( 0.000000000000000000, 0.000000000000000000, 1.000000000000000000 ) ) ;
#9881 = DIRECTION ( 'NONE',  ( 0.000000000000000000, -1.000000000000000000, -3.061616997868383141E-16 ) ) ;
#9882 = ORIENTED_EDGE ( 'NONE', *, *, #5026, .F. ) ;
#9883 = DIRECTION ( 'NONE',  ( -0.000000000000000000, 1.000000000000000000, 3.061616997868383141E-16 ) ) ;
#9884 = VECTOR ( 'NONE', #3874, 1000.000000000000000 ) ;
#9885 = EDGE_CURVE ( 'NONE', #7200, #5188, #10163, .T. ) ;
#9886 = CARTESIAN_POINT ( 'NONE',  ( -9.982883740771271164, 51.20000000000000995, 19.04184949573555130 ) ) ;
#9887 = CARTESIAN_POINT ( 'NONE',  ( 20.70129763556868596, 45.19999999999998863, -5.805710654484750322 ) ) ;
#9888 = ORIENTED_EDGE ( 'NONE', *, *, #1085, .T. ) ;
#9889 = DIRECTION ( 'NONE',  ( 0.000000000000000000, 0.000000000000000000, 1.000000000000000000 ) ) ;
#9890 = AXIS2_PLACEMENT_3D ( 'NONE', #6290, #3199, #6097 ) ;
#9891 = DIRECTION ( 'NONE',  ( -0.000000000000000000, 1.000000000000000000, 3.061616997868383141E-16 ) ) ;
#9892 = CIRCLE ( 'NONE', #4580, 0.2500000000000002220 ) ;
#9893 = AXIS2_PLACEMENT_3D ( 'NONE', #844, #1103, #9916 ) ;
#9894 = ORIENTED_EDGE ( 'NONE', *, *, #5813, .T. ) ;
#9895 = VERTEX_POINT ( 'NONE', #10820 ) ;
#9896 = EDGE_LOOP ( 'NONE', ( #5207, #7633, #11392, #6515 ) ) ;
#9897 = DIRECTION ( 'NONE',  ( 0.000000000000000000, 0.000000000000000000, 1.000000000000000000 ) ) ;
#9898 = EDGE_CURVE ( 'NONE', #4311, #1018, #11793, .T. ) ;
#9899 = CARTESIAN_POINT ( 'NONE',  ( 15.20279579551068316, 45.19999999999998863, -15.20279579551082882 ) ) ;
#9900 = EDGE_LOOP ( 'NONE', ( #297, #11585, #6179, #1053 ) ) ;
#9901 = AXIS2_PLACEMENT_3D ( 'NONE', #5471, #4507, #11293 ) ;
#9902 = AXIS2_PLACEMENT_3D ( 'NONE', #5179, #7277, #267 ) ;
#9903 = DIRECTION ( 'NONE',  ( -4.930380657631323784E-32, 1.000000000000000000, 3.061616997868382648E-16 ) ) ;
#9904 = CARTESIAN_POINT ( 'NONE',  ( -19.74158195380337588, -80.41022924428168039, 8.515864134734892232 ) ) ;
#9905 = FACE_OUTER_BOUND ( 'NONE', #11214, .T. ) ;
#9906 = DIRECTION ( 'NONE',  ( -0.000000000000000000, 1.000000000000000000, 3.061616997868383141E-16 ) ) ;
#9907 = AXIS2_PLACEMENT_3D ( 'NONE', #11547, #9680, #881 ) ;
#9908 = VERTEX_POINT ( 'NONE', #9866 ) ;
#9909 = AXIS2_PLACEMENT_3D ( 'NONE', #9678, #12617, #9880 ) ;
#9910 = AXIS2_PLACEMENT_3D ( 'NONE', #7323, #383, #10337 ) ;
#9911 = ORIENTED_EDGE ( 'NONE', *, *, #3565, .T. ) ;
#9912 = CIRCLE ( 'NONE', #9688, 21.50000000000001066 ) ;
#9913 = CARTESIAN_POINT ( 'NONE',  ( 16.55018116000672634, 45.19999999999998863, -13.72375690439601570 ) ) ;
#9914 = EDGE_CURVE ( 'NONE', #11455, #2586, #5660, .T. ) ;
#9915 = ORIENTED_EDGE ( 'NONE', *, *, #11873, .F. ) ;
#9916 = DIRECTION ( 'NONE',  ( 0.000000000000000000, 0.000000000000000000, -1.000000000000000000 ) ) ;
#9917 = AXIS2_PLACEMENT_3D ( 'NONE', #12602, #6730, #7868 ) ;
#9918 = PRODUCT_DEFINITION_FORMATION_WITH_SPECIFIED_SOURCE ( 'ANY', '', #6117, .NOT_KNOWN. ) ;
#9919 = DIRECTION ( 'NONE',  ( 0.000000000000000000, 0.000000000000000000, 1.000000000000000000 ) ) ;
#9920 = VERTEX_POINT ( 'NONE', #5829 ) ;
#9921 = DIRECTION ( 'NONE',  ( -7.395570986446986770E-32, 1.000000000000000000, 3.061616997868381169E-16 ) ) ;
#9922 = VECTOR ( 'NONE', #4873, 1000.000000000000000 ) ;
#9923 = CARTESIAN_POINT ( 'NONE',  ( 0.000000000000000000, 45.20000000000000995, -9.220454712679835547E-15 ) ) ;
#9924 = DIRECTION ( 'NONE',  ( 0.000000000000000000, 0.000000000000000000, 1.000000000000000000 ) ) ;
#9925 = DIRECTION ( 'NONE',  ( 0.000000000000000000, -1.000000000000000000, -3.061616997868383141E-16 ) ) ;
#9926 = DIRECTION ( 'NONE',  ( -0.000000000000000000, 1.000000000000000000, 3.061616997868383141E-16 ) ) ;
#9927 = EDGE_LOOP ( 'NONE', ( #3434, #11163, #4218, #6983 ) ) ;
#9928 = ORIENTED_EDGE ( 'NONE', *, *, #3179, .F. ) ;
#9929 = CIRCLE ( 'NONE', #7863, 0.2500000000000002220 ) ;
#9930 = CIRCLE ( 'NONE', #7653, 0.2500000000000002220 ) ;
#9931 = CIRCLE ( 'NONE', #11347, 0.2500000000000002220 ) ;
#9932 = ORIENTED_EDGE ( 'NONE', *, *, #4211, .T. ) ;
#9933 = DIRECTION ( 'NONE',  ( 0.000000000000000000, -0.7071067811865520136, 0.7071067811865432429 ) ) ;
#9934 = ADVANCED_FACE ( 'NONE', ( #12660 ), #5009, .F. ) ;
#9935 = DIRECTION ( 'NONE',  ( -6.162975822039154730E-33, 1.000000000000000000, 3.061616997868381662E-16 ) ) ;
#9936 = FACE_OUTER_BOUND ( 'NONE', #12188, .T. ) ;
#9937 = LINE ( 'NONE', #11975, #12555 ) ;
#9938 = ORIENTED_EDGE ( 'NONE', *, *, #2753, .T. ) ;
#9939 = DIRECTION ( 'NONE',  ( 0.000000000000000000, 0.000000000000000000, 1.000000000000000000 ) ) ;
#9940 = AXIS2_PLACEMENT_3D ( 'NONE', #1011, #10708, #12563 ) ;
#9941 = CARTESIAN_POINT ( 'NONE',  ( -17.39386537906147012, -80.41022924428168039, -12.38738292428803511 ) ) ;
#9942 = DIRECTION ( 'NONE',  ( -0.000000000000000000, 1.000000000000000000, 3.061616997868383141E-16 ) ) ;
#9943 = VERTEX_POINT ( 'NONE', #2086 ) ;
#9944 = DIRECTION ( 'NONE',  ( 0.000000000000000000, -3.227392513445220839E-16, 1.000000000000000000 ) ) ;
#9945 = DIRECTION ( 'NONE',  ( 9.860761315262647568E-32, 1.000000000000000000, 3.061616997868382155E-16 ) ) ;
#9946 = ORIENTED_EDGE ( 'NONE', *, *, #410, .F. ) ;
#9947 = ORIENTED_EDGE ( 'NONE', *, *, #7190, .F. ) ;
#9948 = CARTESIAN_POINT ( 'NONE',  ( 0.9949999999999995515, -47.85087804878048701, 0.000000000000000000 ) ) ;
#9949 = ADVANCED_FACE ( 'NONE', ( #3120 ), #6984, .F. ) ;
#9950 = CARTESIAN_POINT ( 'NONE',  ( 2.228472740621745456E-15, 75.00000000000000000, 18.19686085958248967 ) ) ;
#9951 = ORIENTED_EDGE ( 'NONE', *, *, #11916, .F. ) ;
#9952 = DIRECTION ( 'NONE',  ( -4.930380657631323784E-32, 1.000000000000000000, 3.061616997868383141E-16 ) ) ;
#9953 = DIRECTION ( 'NONE',  ( 0.000000000000000000, 0.000000000000000000, -1.000000000000000000 ) ) ;
#9954 = DIRECTION ( 'NONE',  ( 0.000000000000000000, -3.227392513445220839E-16, 1.000000000000000000 ) ) ;
#9955 = ORIENTED_EDGE ( 'NONE', *, *, #593, .T. ) ;
#9956 = CARTESIAN_POINT ( 'NONE',  ( 0.000000000000000000, 87.50000000000001421, 3.730185188303422936E-15 ) ) ;
#9957 = CARTESIAN_POINT ( 'NONE',  ( 5.322755903978507064, -80.41022924428168039, -20.83070497094763240 ) ) ;
#9958 = CARTESIAN_POINT ( 'NONE',  ( 18.49328953615733440, -80.41022924428168039, -10.96577594754943696 ) ) ;
#9959 = CIRCLE ( 'NONE', #7693, 0.2500000000000002220 ) ;
#9960 = EDGE_CURVE ( 'NONE', #276, #11027, #7998, .T. ) ;
#9961 = VERTEX_POINT ( 'NONE', #7048 ) ;
#9962 = EDGE_CURVE ( 'NONE', #7123, #2355, #10952, .T. ) ;
#9963 = VERTEX_POINT ( 'NONE', #4811 ) ;
#9964 = CARTESIAN_POINT ( 'NONE',  ( 0.9998015137294511412, 0.08343150025756285171, 2.796431500257562597 ) ) ;
#9965 = DIRECTION ( 'NONE',  ( 0.000000000000000000, 0.000000000000000000, 1.000000000000000000 ) ) ;
#9966 = EDGE_LOOP ( 'NONE', ( #3751, #8009, #5761, #5462 ) ) ;
#9967 = CARTESIAN_POINT ( 'NONE',  ( 21.03017341577679389, -80.41022924428168039, -4.470101352581928644 ) ) ;
#9968 = LINE ( 'NONE', #10859, #132 ) ;
#9969 = CARTESIAN_POINT ( 'NONE',  ( 0.000000000000000000, 79.00000000000000000, 1.127810740115296699E-15 ) ) ;
#9970 = ORIENTED_EDGE ( 'NONE', *, *, #5704, .T. ) ;
#9971 = EDGE_CURVE ( 'NONE', #1380, #5974, #7290, .T. ) ;
#9972 = EDGE_LOOP ( 'NONE', ( #4594, #8336, #4325, #663 ) ) ;
#9973 = EDGE_CURVE ( 'NONE', #8512, #11715, #7898, .T. ) ;
#9974 = CIRCLE ( 'NONE', #4453, 0.2500000000000002220 ) ;
#9975 = CARTESIAN_POINT ( 'NONE',  ( -11.91861172467664431, -80.41022924428168039, -17.89404075541353834 ) ) ;
#9976 = ORIENTED_EDGE ( 'NONE', *, *, #12012, .F. ) ;
#9977 = CARTESIAN_POINT ( 'NONE',  ( -21.03017341577685784, -80.41022924428168039, -4.220101352581633769 ) ) ;
#9978 = DIRECTION ( 'NONE',  ( 0.000000000000000000, -1.000000000000000000, -3.061616997868383141E-16 ) ) ;
#9979 = ORIENTED_EDGE ( 'NONE', *, *, #6523, .T. ) ;
#9980 = DIRECTION ( 'NONE',  ( 0.000000000000000000, 0.000000000000000000, -1.000000000000000000 ) ) ;
#9981 = LINE ( 'NONE', #11962, #9998 ) ;
#9982 = CARTESIAN_POINT ( 'NONE',  ( 0.000000000000000000, 45.20000000000000995, -9.220454712679835547E-15 ) ) ;
#9984 = EDGE_CURVE ( 'NONE', #1785, #11727, #3899, .T. ) ;
#9983 = VECTOR ( 'NONE', #7263, 1000.000000000000000 ) ;
#9985 = DIRECTION ( 'NONE',  ( 0.000000000000000000, 0.000000000000000000, 1.000000000000000000 ) ) ;
#9986 = AXIS2_PLACEMENT_3D ( 'NONE', #4279, #5944, #205 ) ;
#9987 = CARTESIAN_POINT ( 'NONE',  ( 0.000000000000000000, 87.50000000000001421, 3.730185188303422936E-15 ) ) ;
#9988 = ORIENTED_EDGE ( 'NONE', *, *, #11848, .F. ) ;
#9989 = ADVANCED_FACE ( 'NONE', ( #4165 ), #2277, .F. ) ;
#9990 = ORIENTED_EDGE ( 'NONE', *, *, #10837, .F. ) ;
#9991 = ORIENTED_EDGE ( 'NONE', *, *, #4678, .F. ) ;
#9992 = DIRECTION ( 'NONE',  ( 0.000000000000000000, 0.000000000000000000, -1.000000000000000000 ) ) ;
#9993 = VECTOR ( 'NONE', #4009, 1000.000000000000000 ) ;
#9994 = CYLINDRICAL_SURFACE ( 'NONE', #2734, 21.50000000000000355 ) ;
#9995 = DIRECTION ( 'NONE',  ( 0.000000000000000000, 0.000000000000000000, 1.000000000000000000 ) ) ;
#9996 = ORIENTED_EDGE ( 'NONE', *, *, #1068, .F. ) ;
#9997 = CYLINDRICAL_SURFACE ( 'NONE', #4246, 21.50000000000000355 ) ;
#9998 = VECTOR ( 'NONE', #5063, 1000.000000000000000 ) ;
#9999 = LINE ( 'NONE', #4171, #4932 ) ;
#10000 = DIRECTION ( 'NONE',  ( 0.000000000000000000, 0.000000000000000000, -1.000000000000000000 ) ) ;
#10001 = ORIENTED_EDGE ( 'NONE', *, *, #551, .F. ) ;
#10002 = CARTESIAN_POINT ( 'NONE',  ( 0.000000000000000000, 87.50000000000001421, 8.698518023597401339 ) ) ;
#10003 = FACE_OUTER_BOUND ( 'NONE', #3910, .T. ) ;
#10004 = ORIENTED_EDGE ( 'NONE', *, *, #4044, .T. ) ;
#10005 = ADVANCED_FACE ( 'NONE', ( #5136 ), #9211, .F. ) ;
#10006 = AXIS2_PLACEMENT_3D ( 'NONE', #1225, #5177, #9066 ) ;
#10007 = ORIENTED_EDGE ( 'NONE', *, *, #10342, .T. ) ;
#10008 = PRODUCT_DEFINITION_SHAPE ( 'NONE', 'NONE',  #9788 ) ;
#10009 = CARTESIAN_POINT ( 'NONE',  ( 20.83070497094759332, 45.19999999999998863, 5.322755903978593217 ) ) ;
#10010 = CARTESIAN_POINT ( 'NONE',  ( 2.495836301044534355, 51.20000000000000995, 21.35464355025360561 ) ) ;
#10011 = ORIENTED_EDGE ( 'NONE', *, *, #567, .T. ) ;
#10012 = CYLINDRICAL_SURFACE ( 'NONE', #8872, 0.2500000000000002220 ) ;
#10013 = FACE_BOUND ( 'NONE', #953, .T. ) ;
#10014 = CARTESIAN_POINT ( 'NONE',  ( 0.000000000000000000, 45.20000000000000995, -9.220454712679835547E-15 ) ) ;
#10015 = ORIENTED_EDGE ( 'NONE', *, *, #1171, .T. ) ;
#10016 = CARTESIAN_POINT ( 'NONE',  ( 0.000000000000000000, 87.50000000000001421, 3.730185188303422936E-15 ) ) ;
#10017 = AXIS2_PLACEMENT_3D ( 'NONE', #11101, #9053, #9180 ) ;
#10018 = LINE ( 'NONE', #9958, #4305 ) ;
#10019 = CIRCLE ( 'NONE', #7342, 0.2500000000000002220 ) ;
#10020 = AXIS2_PLACEMENT_3D ( 'NONE', #10371, #11327, #2539 ) ;
#10021 = VERTEX_POINT ( 'NONE', #10180 ) ;
#10022 = DIRECTION ( 'NONE',  ( 0.000000000000000000, 0.000000000000000000, 1.000000000000000000 ) ) ;
#10023 = CARTESIAN_POINT ( 'NONE',  ( -0.9998927283082067463, -0.08295993751795217863, -2.795959937517952465 ) ) ;
#10024 = ORIENTED_EDGE ( 'NONE', *, *, #5372, .F. ) ;
#10025 = VECTOR ( 'NONE', #875, 1000.000000000000000 ) ;
#10026 = EDGE_CURVE ( 'NONE', #3218, #5729, #8927, .T. ) ;
#10027 = LINE ( 'NONE', #1215, #10144 ) ;
#10028 = LINE ( 'NONE', #3351, #12146 ) ;
#10029 = DIRECTION ( 'NONE',  ( -0.000000000000000000, 1.000000000000000000, 3.061616997868383141E-16 ) ) ;
#10030 = CARTESIAN_POINT ( 'NONE',  ( 0.9999999999999995559, -0.08699999999999999400, -2.800000000000000266 ) ) ;
#10031 = EDGE_CURVE ( 'NONE', #6431, #6534, #4026, .T. ) ;
#10032 = ORIENTED_EDGE ( 'NONE', *, *, #778, .T. ) ;
#10033 = VERTEX_POINT ( 'NONE', #3189 ) ;
#10034 = CIRCLE ( 'NONE', #10437, 21.50000000000001066 ) ;
#10035 = CARTESIAN_POINT ( 'NONE',  ( 0.9992227334363699143, 0.07550946811484700316, -2.637490531885155143 ) ) ;
#10036 = CARTESIAN_POINT ( 'NONE',  ( 3.363340998364822809, 51.19999999999999574, -21.23529932279545207 ) ) ;
#10037 = ORIENTED_EDGE ( 'NONE', *, *, #9731, .T. ) ;
#10038 = DIRECTION ( 'NONE',  ( 0.000000000000000000, 0.000000000000000000, 1.000000000000000000 ) ) ;
#10039 = DIRECTION ( 'NONE',  ( 0.000000000000000000, -1.000000000000000000, -3.061616997868383141E-16 ) ) ;
#10040 = EDGE_CURVE ( 'NONE', #1576, #5702, #6690, .T. ) ;
#10041 = EDGE_CURVE ( 'NONE', #2786, #5494, #12030, .T. ) ;
#10042 = FACE_OUTER_BOUND ( 'NONE', #3372, .T. ) ;
#10043 = DIRECTION ( 'NONE',  ( 0.000000000000000000, 0.000000000000000000, 1.000000000000000000 ) ) ;
#10044 = CARTESIAN_POINT ( 'NONE',  ( -6.643865379061518084, 45.19999999999998863, -20.44771510034572515 ) ) ;
#10045 = AXIS2_PLACEMENT_3D ( 'NONE', #3975, #7874, #6926 ) ;
#10046 = CARTESIAN_POINT ( 'NONE',  ( -12.43427775499837118, 51.20000000000000995, 17.53963331177571661 ) ) ;
#10047 = DIRECTION ( 'NONE',  ( 0.000000000000000000, -1.000000000000000000, -3.061616997868383141E-16 ) ) ;
#10048 = ORIENTED_EDGE ( 'NONE', *, *, #10923, .F. ) ;
#10049 = CIRCLE ( 'NONE', #5544, 21.50000000000000000 ) ;
#10050 = VERTEX_POINT ( 'NONE', #4230 ) ;
#10051 = ORIENTED_EDGE ( 'NONE', *, *, #10814, .F. ) ;
#10052 = DIRECTION ( 'NONE',  ( -9.860761315262647568E-32, 1.000000000000000000, 3.061616997868382155E-16 ) ) ;
#10053 = CARTESIAN_POINT ( 'NONE',  ( -5.564609469704350886, 45.19999999999998863, -20.51740526521490082 ) ) ;
#10054 = AXIS2_PLACEMENT_3D ( 'NONE', #311, #7317, #10861 ) ;
#10055 = ADVANCED_FACE ( 'NONE', ( #7289, #6212 ), #2220, .T. ) ;
#10056 = CARTESIAN_POINT ( 'NONE',  ( -21.27297168455577747, -80.41022924428168039, 3.116195710812683206 ) ) ;
#10057 = EDGE_LOOP ( 'NONE', ( #11774, #9565, #8633, #11948 ) ) ;
#10058 = CARTESIAN_POINT ( 'NONE',  ( 0.000000000000000000, 51.20000000000000995, -7.383484513958806747E-15 ) ) ;
#10059 = DIRECTION ( 'NONE',  ( 7.395570986446986770E-32, 1.000000000000000000, 3.061616997868382648E-16 ) ) ;
#10060 = LINE ( 'NONE', #6030, #6554 ) ;
#10061 = ORIENTED_EDGE ( 'NONE', *, *, #7355, .F. ) ;
#10062 = CYLINDRICAL_SURFACE ( 'NONE', #11242, 0.2500000000000002220 ) ;
#10063 = EDGE_CURVE ( 'NONE', #1340, #8878, #10092, .T. ) ;
#10064 = CARTESIAN_POINT ( 'NONE',  ( 17.24574565275870697, 45.19999999999998863, -12.83877941551895496 ) ) ;
#10065 = VERTEX_POINT ( 'NONE', #6148 ) ;
#10066 = EDGE_LOOP ( 'NONE', ( #12507, #4868, #1971, #12485 ) ) ;
#10067 = CIRCLE ( 'NONE', #3531, 0.2500000000000002220 ) ;
#10068 = CARTESIAN_POINT ( 'NONE',  ( -19.64122733931598574, -80.41022924428168039, -8.744837826129547409 ) ) ;
#10069 = ADVANCED_FACE ( 'NONE', ( #8251 ), #9148, .F. ) ;
#10070 = DIRECTION ( 'NONE',  ( 2.465190328815661892E-32, 1.000000000000000000, 3.061616997868381169E-16 ) ) ;
#10071 = ORIENTED_EDGE ( 'NONE', *, *, #9747, .T. ) ;
#10072 = LINE ( 'NONE', #12051, #8060 ) ;
#10073 = ADVANCED_FACE ( 'NONE', ( #7348 ), #8317, .T. ) ;
#10074 = CARTESIAN_POINT ( 'NONE',  ( 0.000000000000000000, 45.20000000000000995, -9.220454712679835547E-15 ) ) ;
#10075 = ORIENTED_EDGE ( 'NONE', *, *, #1037, .F. ) ;
#10076 = CARTESIAN_POINT ( 'NONE',  ( -7.470998869602855308, 45.19999999999998863, -20.16021269457229081 ) ) ;
#10077 = FACE_OUTER_BOUND ( 'NONE', #11089, .T. ) ;
#10078 = CYLINDRICAL_SURFACE ( 'NONE', #384, 21.50000000000000355 ) ;
#10079 = DIRECTION ( 'NONE',  ( -0.000000000000000000, 1.000000000000000000, 3.061616997868383141E-16 ) ) ;
#10080 = VECTOR ( 'NONE', #3678, 1000.000000000000000 ) ;
#10081 = AXIS2_PLACEMENT_3D ( 'NONE', #7544, #8445, #8572 ) ;
#10082 = ORIENTED_EDGE ( 'NONE', *, *, #8790, .T. ) ;
#10083 = CYLINDRICAL_SURFACE ( 'NONE', #4869, 0.2500000000000002220 ) ;
#10084 = EDGE_CURVE ( 'NONE', #6797, #7123, #6814, .T. ) ;
#10085 = PLANE ( 'NONE',  #10712 ) ;
#10086 = ORIENTED_EDGE ( 'NONE', *, *, #12058, .F. ) ;
#10087 = DIRECTION ( 'NONE',  ( -0.000000000000000000, 1.000000000000000000, 3.061616997868383141E-16 ) ) ;
#10088 = CARTESIAN_POINT ( 'NONE',  ( 19.26884090911963554, 45.19999999999998863, -9.537388008204258583 ) ) ;
#10089 = UNCERTAINTY_MEASURE_WITH_UNIT (LENGTH_MEASURE( 1.000000000000000082E-05 ), #11776, 'distance_accuracy_value', 'NONE');
#10090 = CARTESIAN_POINT ( 'NONE',  ( -15.97761374776409227, -80.41022924428168039, -14.38630803671533265 ) ) ;
#10091 = CYLINDRICAL_SURFACE ( 'NONE', #12441, 21.50000000000000355 ) ;
#10092 = CIRCLE ( 'NONE', #1056, 47.85087804878074280 ) ;
#10093 = AXIS2_PLACEMENT_3D ( 'NONE', #7672, #3894, #4800 ) ;
#10094 = ORIENTED_EDGE ( 'NONE', *, *, #8283, .F. ) ;
#10095 = ORIENTED_EDGE ( 'NONE', *, *, #6074, .F. ) ;
#10096 = AXIS2_PLACEMENT_3D ( 'NONE', #12594, #3830, #7729 ) ;
#10097 = CARTESIAN_POINT ( 'NONE',  ( 0.9980246340370695357, 0.07670451682347192990, -2.636295483176530396 ) ) ;
#10098 = CARTESIAN_POINT ( 'NONE',  ( 10.74999999999988454, -80.41022924428168039, -18.61954618136551076 ) ) ;
#10099 = AXIS2_PLACEMENT_3D ( 'NONE', #8046, #6134, #10038 ) ;
#10100 = EDGE_LOOP ( 'NONE', ( #529, #10175, #3135, #3944 ) ) ;
#10101 = CARTESIAN_POINT ( 'NONE',  ( 3.363340998364822809, 51.19999999999999574, -21.23529932279545207 ) ) ;
#10102 = DIRECTION ( 'NONE',  ( 0.000000000000000000, 0.000000000000000000, -1.000000000000000000 ) ) ;
#10103 = FACE_OUTER_BOUND ( 'NONE', #4602, .T. ) ;
#10104 = CARTESIAN_POINT ( 'NONE',  ( -18.03141721082671367, 51.19999999999999574, -11.70973925282289763 ) ) ;
#10105 = CIRCLE ( 'NONE', #8665, 0.2500000000000002220 ) ;
#10106 = DIRECTION ( 'NONE',  ( 0.000000000000000000, -3.227392513445222318E-16, 1.000000000000000000 ) ) ;
#10107 = CIRCLE ( 'NONE', #3150, 21.50000000000000000 ) ;
#10108 = CARTESIAN_POINT ( 'NONE',  ( -0.9961451776889623799, 0.07750739757203073399, -2.635492602427971232 ) ) ;
#10109 = CIRCLE ( 'NONE', #10921, 21.50000000000001066 ) ;
#10110 = DIRECTION ( 'NONE',  ( -0.000000000000000000, 1.000000000000000000, 3.061616997868383141E-16 ) ) ;
#10111 = VERTEX_POINT ( 'NONE', #9272 ) ;
#10112 = EDGE_CURVE ( 'NONE', #598, #10521, #8036, .T. ) ;
#10113 = ORIENTED_EDGE ( 'NONE', *, *, #1269, .F. ) ;
#10114 = EDGE_CURVE ( 'NONE', #5934, #9682, #10904, .T. ) ;
#10115 = VERTEX_POINT ( 'NONE', #11195 ) ;
#10116 = EDGE_CURVE ( 'NONE', #7164, #4022, #8645, .T. ) ;
#10117 = CARTESIAN_POINT ( 'NONE',  ( 0.000000000000000000, 51.20000000000000284, 20.49999999999999645 ) ) ;
#10118 = CARTESIAN_POINT ( 'NONE',  ( 7.470998869602406778, -80.41022924428168039, -20.16021269457244358 ) ) ;
#10119 = CARTESIAN_POINT ( 'NONE',  ( 0.000000000000000000, 51.19999999999999574, -21.49999999999997158 ) ) ;
#10120 = EDGE_LOOP ( 'NONE', ( #78, #1392 ) ) ;
#10121 = DIRECTION ( 'NONE',  ( 0.000000000000000000, -1.058689432909547114E-14, -1.000000000000000000 ) ) ;
#10122 = LINE ( 'NONE', #1315, #11669 ) ;
#10123 = FACE_OUTER_BOUND ( 'NONE', #9029, .T. ) ;
#10124 = VERTEX_POINT ( 'NONE', #476 ) ;
#10125 = LINE ( 'NONE', #2286, #10221 ) ;
#10126 = VECTOR ( 'NONE', #11120, 1000.000000000000000 ) ;
#10127 = DIRECTION ( 'NONE',  ( -0.000000000000000000, 1.000000000000000000, 3.061616997868383141E-16 ) ) ;
#10128 = ORIENTED_EDGE ( 'NONE', *, *, #9914, .F. ) ;
#10129 = EDGE_CURVE ( 'NONE', #5321, #2080, #11109, .T. ) ;
#10130 = AXIS2_PLACEMENT_3D ( 'NONE', #8631, #12532, #3767 ) ;
#10131 = VERTEX_POINT ( 'NONE', #12398 ) ;
#10132 = AXIS2_PLACEMENT_3D ( 'NONE', #2533, #12399, #597 ) ;
#10133 = EDGE_CURVE ( 'NONE', #7058, #3647, #2716, .T. ) ;
#10134 = ORIENTED_EDGE ( 'NONE', *, *, #6372, .F. ) ;
#10135 = DIRECTION ( 'NONE',  ( 0.000000000000000000, -1.000000000000000000, -3.061616997868383141E-16 ) ) ;
#10136 = EDGE_CURVE ( 'NONE', #12658, #4853, #12274, .T. ) ;
#10137 = DIRECTION ( 'NONE',  ( 0.000000000000000000, -3.227392513445220839E-16, 1.000000000000000000 ) ) ;
#10138 = CIRCLE ( 'NONE', #7873, 0.2500000000000002220 ) ;
#10139 = ORIENTED_EDGE ( 'NONE', *, *, #3493, .T. ) ;
#10140 = DIRECTION ( 'NONE',  ( -0.000000000000000000, 1.000000000000000000, 3.061616997868383141E-16 ) ) ;
#10141 = DIRECTION ( 'NONE',  ( 7.395570986446986770E-32, 1.000000000000000000, 3.061616997868382648E-16 ) ) ;
#10142 = EDGE_LOOP ( 'NONE', ( #2808, #6772, #1114, #10086 ) ) ;
#10143 = FACE_OUTER_BOUND ( 'NONE', #8505, .T. ) ;
#10144 = VECTOR ( 'NONE', #5171, 1000.000000000000000 ) ;
#10145 = CARTESIAN_POINT ( 'NONE',  ( -1.000000000000208278, 0.08231721551619572419, 2.795317215516196274 ) ) ;
#10146 = CARTESIAN_POINT ( 'NONE',  ( 16.70863817132479667, -80.41022924428168039, -13.28038840757160521 ) ) ;
#10147 = DIRECTION ( 'NONE',  ( -0.000000000000000000, 1.000000000000000000, 3.061616997868383141E-16 ) ) ;
#10148 = AXIS2_PLACEMENT_3D ( 'NONE', #9358, #10510, #1709 ) ;
#10149 = EDGE_CURVE ( 'NONE', #7461, #6407, #5441, .T. ) ;
#10150 = ORIENTED_EDGE ( 'NONE', *, *, #2568, .T. ) ;
#10151 = CARTESIAN_POINT ( 'NONE',  ( 0.000000000000000000, 87.50000000000001421, 3.730185188303422936E-15 ) ) ;
#10152 = CARTESIAN_POINT ( 'NONE',  ( -8.744837826129849390, 51.19999999999999574, -19.64122733931582587 ) ) ;
#10153 = VERTEX_POINT ( 'NONE', #10361 ) ;
#10154 = AXIS2_PLACEMENT_3D ( 'NONE', #11661, #1198, #6040 ) ;
#10155 = CARTESIAN_POINT ( 'NONE',  ( -7.937781193549932723, -80.41022924428169460, 19.98103174821869743 ) ) ;
#10156 = CARTESIAN_POINT ( 'NONE',  ( -9.982883740771423930, -80.41022924428169460, 19.04184949573544117 ) ) ;
#10157 = DIRECTION ( 'NONE',  ( 0.000000000000000000, -1.000000000000000000, -3.061616997868383141E-16 ) ) ;
#10158 = DIRECTION ( 'NONE',  ( -0.000000000000000000, 1.000000000000000000, 3.061616997868383141E-16 ) ) ;
#10159 = ORIENTED_EDGE ( 'NONE', *, *, #8841, .F. ) ;
#10160 = ADVANCED_FACE ( 'NONE', ( #2655 ), #7532, .F. ) ;
#10161 = EDGE_CURVE ( 'NONE', #1243, #7828, #9061, .T. ) ;
#10162 = VERTEX_POINT ( 'NONE', #4531 ) ;
#10163 = CIRCLE ( 'NONE', #4629, 0.2500000000000002220 ) ;
#10164 = DIRECTION ( 'NONE',  ( -0.000000000000000000, 1.000000000000000000, 3.061616997868383141E-16 ) ) ;
#10165 = CARTESIAN_POINT ( 'NONE',  ( 0.000000000000000000, 75.00000000000000000, -18.19686085958248967 ) ) ;
#10166 = VERTEX_POINT ( 'NONE', #12523 ) ;
#10167 = DIRECTION ( 'NONE',  ( -0.000000000000000000, 1.000000000000000000, 3.061616997868383141E-16 ) ) ;
#10169 = VECTOR ( 'NONE', #4235, 1000.000000000000000 ) ;
#10168 = LINE ( 'NONE', #7450, #288 ) ;
#10170 = DIRECTION ( 'NONE',  ( 4.930380657631323784E-32, 1.000000000000000000, 3.061616997868382648E-16 ) ) ;
#10171 = LINE ( 'NONE', #5737, #10195 ) ;
#10172 = DIRECTION ( 'NONE',  ( -0.000000000000000000, 1.000000000000000000, 3.061616997868383141E-16 ) ) ;
#10173 = CARTESIAN_POINT ( 'NONE',  ( 0.000000000000000000, 45.20000000000000995, -9.220454712679835547E-15 ) ) ;
#10174 = DIRECTION ( 'NONE',  ( -0.000000000000000000, 1.000000000000000000, 3.061616997868383141E-16 ) ) ;
#10175 = ORIENTED_EDGE ( 'NONE', *, *, #3914, .T. ) ;
#10176 = EDGE_CURVE ( 'NONE', #1018, #12093, #3734, .T. ) ;
#10177 = ORIENTED_EDGE ( 'NONE', *, *, #1100, .F. ) ;
#10178 = VECTOR ( 'NONE', #10888, 1000.000000000000000 ) ;
#10179 = ORIENTED_EDGE ( 'NONE', *, *, #2764, .F. ) ;
#10180 = CARTESIAN_POINT ( 'NONE',  ( -20.70129763556882807, 51.19999999999999574, -5.805710654484300903 ) ) ;
#10181 = DIRECTION ( 'NONE',  ( 0.000000000000000000, 0.000000000000000000, 1.000000000000000000 ) ) ;
#10182 = DIRECTION ( 'NONE',  ( 0.000000000000000000, 0.000000000000000000, 1.000000000000000000 ) ) ;
#10183 = VERTEX_POINT ( 'NONE', #8503 ) ;
#10184 = CARTESIAN_POINT ( 'NONE',  ( -19.74158195380349667, 51.19999999999999574, -8.515864134734666635 ) ) ;
#10185 = VECTOR ( 'NONE', #8751, 1000.000000000000000 ) ;
#10186 = CARTESIAN_POINT ( 'NONE',  ( 0.000000000000000000, 87.50000000000001421, 3.730185188303422936E-15 ) ) ;
#10187 = DIRECTION ( 'NONE',  ( -0.000000000000000000, 1.000000000000000000, 3.061616997868383141E-16 ) ) ;
#10188 = EDGE_CURVE ( 'NONE', #3749, #295, #9520, .T. ) ;
#10189 = ORIENTED_EDGE ( 'NONE', *, *, #12029, .T. ) ;
#10190 = DIRECTION ( 'NONE',  ( -1.000000000000000000, -0.000000000000000000, -0.000000000000000000 ) ) ;
#10191 = DIRECTION ( 'NONE',  ( -0.000000000000000000, 1.000000000000000000, 3.061616997868383141E-16 ) ) ;
#10192 = VERTEX_POINT ( 'NONE', #7408 ) ;
#10193 = EDGE_CURVE ( 'NONE', #1332, #7733, #8435, .T. ) ;
#10194 = VERTEX_POINT ( 'NONE', #6520 ) ;
#10195 = VECTOR ( 'NONE', #10474, 1000.000000000000000 ) ;
#10196 = ORIENTED_EDGE ( 'NONE', *, *, #12076, .F. ) ;
#10197 = DIRECTION ( 'NONE',  ( -9.860761315262647568E-32, 1.000000000000000000, 3.061616997868382155E-16 ) ) ;
#10198 = DIRECTION ( 'NONE',  ( -1.232595164407830946E-32, 1.000000000000000000, 3.061616997868383141E-16 ) ) ;
#10199 = VERTEX_POINT ( 'NONE', #1681 ) ;
#10200 = DIRECTION ( 'NONE',  ( -0.000000000000000000, 1.000000000000000000, 3.061616997868383141E-16 ) ) ;
#10201 = CARTESIAN_POINT ( 'NONE',  ( 15.20279579551078974, -80.41022924428169460, 15.20279579551071336 ) ) ;
#10202 = ORIENTED_EDGE ( 'NONE', *, *, #968, .F. ) ;
#10203 = CYLINDRICAL_SURFACE ( 'NONE', #8492, 21.50000000000000355 ) ;
#10204 = CARTESIAN_POINT ( 'NONE',  ( -21.03017341577685784, -80.41022924428168039, -4.470101352581633769 ) ) ;
#10205 = DIRECTION ( 'NONE',  ( 0.000000000000000000, 1.000000000000000000, 3.061616997868381169E-16 ) ) ;
#10206 = EDGE_CURVE ( 'NONE', #5974, #1529, #5497, .T. ) ;
#10207 = CIRCLE ( 'NONE', #5099, 21.50000000000001066 ) ;
#10208 = DIRECTION ( 'NONE',  ( -2.465190328815661892E-32, 1.000000000000000000, 3.061616997868381662E-16 ) ) ;
#10209 = VECTOR ( 'NONE', #6079, 1000.000000000000000 ) ;
#10210 = EDGE_CURVE ( 'NONE', #9863, #1808, #4161, .T. ) ;
#10211 = AXIS2_PLACEMENT_3D ( 'NONE', #8359, #6697, #9319 ) ;
#10212 = ORIENTED_EDGE ( 'NONE', *, *, #6062, .F. ) ;
#10213 = DIRECTION ( 'NONE',  ( 3.697785493223493385E-32, 1.000000000000000000, 3.061616997868381662E-16 ) ) ;
#10214 = DIRECTION ( 'NONE',  ( 0.000000000000000000, -3.227392513445220839E-16, 1.000000000000000000 ) ) ;
#10215 = EDGE_CURVE ( 'NONE', #6584, #6530, #441, .T. ) ;
#10216 = ORIENTED_EDGE ( 'NONE', *, *, #6488, .F. ) ;
#10217 = CARTESIAN_POINT ( 'NONE',  ( -12.43427775499875132, 51.19999999999999574, -17.53963331177545726 ) ) ;
#10218 = EDGE_CURVE ( 'NONE', #74, #7992, #4565, .T. ) ;
#10219 = CYLINDRICAL_SURFACE ( 'NONE', #6513, 21.50000000000000355 ) ;
#10220 = ADVANCED_FACE ( 'NONE', ( #5686 ), #9581, .F. ) ;
#10221 = VECTOR ( 'NONE', #9282, 1000.000000000000000 ) ;
#10222 = ORIENTED_EDGE ( 'NONE', *, *, #9625, .F. ) ;
#10223 = ORIENTED_EDGE ( 'NONE', *, *, #12615, .F. ) ;
#10224 = CARTESIAN_POINT ( 'NONE',  ( -11.91861172467627839, -80.41022924428169460, 17.89404075541373018 ) ) ;
#10225 = AXIS2_PLACEMENT_3D ( 'NONE', #8066, #5012, #4109 ) ;
#10226 = ORIENTED_EDGE ( 'NONE', *, *, #10497, .F. ) ;
#10227 = LINE ( 'NONE', #3294, #7031 ) ;
#10228 = EDGE_CURVE ( 'NONE', #3071, #8761, #10690, .T. ) ;
#10229 = CARTESIAN_POINT ( 'NONE',  ( 0.000000000000000000, 45.20000000000000995, -9.220454712679835547E-15 ) ) ;
#10230 = DIRECTION ( 'NONE',  ( -0.000000000000000000, 1.000000000000000000, 3.061616997868383141E-16 ) ) ;
#10231 = ADVANCED_FACE ( 'NONE', ( #3567 ), #11572, .F. ) ;
#10232 = CARTESIAN_POINT ( 'NONE',  ( 6.881176337034864865, -80.41022924428168039, -20.36907980785170125 ) ) ;
#10233 = CARTESIAN_POINT ( 'NONE',  ( 20.44771510034580686, 51.19999999999999574, 6.643865379061328014 ) ) ;
#10234 = CIRCLE ( 'NONE', #4708, 21.50000000000001066 ) ;
#10235 = CARTESIAN_POINT ( 'NONE',  ( -3.363340998365109691, 45.19999999999998863, -21.23529932279540944 ) ) ;
#10236 = AXIS2_PLACEMENT_3D ( 'NONE', #2112, #5221, #4193 ) ;
#10237 = EDGE_LOOP ( 'NONE', ( #10301, #3689, #10577, #8419 ) ) ;
#10238 = EDGE_LOOP ( 'NONE', ( #9268, #4700, #10139, #5158 ) ) ;
#10239 = VECTOR ( 'NONE', #6094, 1000.000000000000000 ) ;
#10240 = ORIENTED_EDGE ( 'NONE', *, *, #6949, .T. ) ;
#10241 = MECHANICAL_DESIGN_GEOMETRIC_PRESENTATION_REPRESENTATION (  '', ( #3072 ), #798 ) ;
#10242 = CARTESIAN_POINT ( 'NONE',  ( 10.74999999999988454, 45.19999999999998863, -18.61954618136547168 ) ) ;
#10243 = CARTESIAN_POINT ( 'NONE',  ( 18.61954618136537576, -80.41022924428168039, -10.50000000000010658 ) ) ;
#10244 = VECTOR ( 'NONE', #5504, 1000.000000000000000 ) ;
#10245 = EDGE_CURVE ( 'NONE', #6682, #6897, #12323, .T. ) ;
#10246 = CARTESIAN_POINT ( 'NONE',  ( 0.000000000000000000, 87.50000000000001421, 3.730185188303422936E-15 ) ) ;
#10247 = ORIENTED_EDGE ( 'NONE', *, *, #8936, .F. ) ;
#10248 = DIRECTION ( 'NONE',  ( 0.000000000000000000, 0.000000000000000000, 1.000000000000000000 ) ) ;
#10249 = CARTESIAN_POINT ( 'NONE',  ( 21.49854651162789310, 45.19999999999998863, -0.2499957747074596781 ) ) ;
#10250 = DIRECTION ( 'NONE',  ( -0.000000000000000000, 1.000000000000000000, 3.061616997868383141E-16 ) ) ;
#10251 = AXIS2_PLACEMENT_3D ( 'NONE', #2987, #12467, #5879 ) ;
#10252 = ORIENTED_EDGE ( 'NONE', *, *, #11829, .T. ) ;
#10253 = CYLINDRICAL_SURFACE ( 'NONE', #6950, 47.84587804878049155 ) ;
#10254 = CARTESIAN_POINT ( 'NONE',  ( -21.38222075041788628, 51.19999999999999574, -2.247361960254321556 ) ) ;
#10255 = ORIENTED_EDGE ( 'NONE', *, *, #6394, .F. ) ;
#10256 = VERTEX_POINT ( 'NONE', #9393 ) ;
#10257 = CIRCLE ( 'NONE', #3086, 0.2500000000000002220 ) ;
#10258 = EDGE_LOOP ( 'NONE', ( #3390, #1059, #6475, #7495 ) ) ;
#10259 = CARTESIAN_POINT ( 'NONE',  ( -18.49328953615759019, 51.19999999999999574, -10.96577594754900353 ) ) ;
#10260 = CIRCLE ( 'NONE', #11885, 0.2500000000000002220 ) ;
#10261 = LINE ( 'NONE', #9165, #7894 ) ;
#10262 = VERTEX_POINT ( 'NONE', #7478 ) ;
#10263 = LINE ( 'NONE', #555, #9073 ) ;
#10264 = CARTESIAN_POINT ( 'NONE',  ( -0.9950000000000006617, -0.08699999999999999400, -2.799999999999999822 ) ) ;
#10265 = EDGE_LOOP ( 'NONE', ( #2450, #6161, #2329, #2604 ) ) ;
#10266 = DIRECTION ( 'NONE',  ( -0.000000000000000000, 1.000000000000000000, 3.061616997868383141E-16 ) ) ;
#10267 = ADVANCED_FACE ( 'NONE', ( #6905 ), #4090, .F. ) ;
#10268 = DIRECTION ( 'NONE',  ( 0.000000000000000000, 0.000000000000000000, 1.000000000000000000 ) ) ;
#10269 = LINE ( 'NONE', #1455, #5533 ) ;
#10270 = CARTESIAN_POINT ( 'NONE',  ( 0.000000000000000000, 51.20000000000000995, -7.383484513958806747E-15 ) ) ;
#10271 = EDGE_CURVE ( 'NONE', #4311, #6098, #12647, .T. ) ;
#10272 = VERTEX_POINT ( 'NONE', #5749 ) ;
#10273 = CARTESIAN_POINT ( 'NONE',  ( 0.000000000000000000, 45.20000000000000995, -9.220454712679835547E-15 ) ) ;
#10274 = LINE ( 'NONE', #6493, #453 ) ;
#10275 = ORIENTED_EDGE ( 'NONE', *, *, #11814, .F. ) ;
#10276 = CARTESIAN_POINT ( 'NONE',  ( 0.9949999999999995515, 0.07763355007211342196, -2.635366449927883270 ) ) ;
#10277 = LINE ( 'NONE', #7327, #7725 ) ;
#10278 = CIRCLE ( 'NONE', #3937, 21.50000000000000000 ) ;
#10279 = VERTEX_POINT ( 'NONE', #5873 ) ;
#10280 = EDGE_CURVE ( 'NONE', #6907, #10262, #10495, .T. ) ;
#10281 = ORIENTED_EDGE ( 'NONE', *, *, #247, .F. ) ;
#10282 = DIRECTION ( 'NONE',  ( 0.000000000000000000, 0.000000000000000000, 1.000000000000000000 ) ) ;
#10283 = ORIENTED_EDGE ( 'NONE', *, *, #9811, .F. ) ;
#10284 = CARTESIAN_POINT ( 'NONE',  ( -20.36907980785155914, 45.19999999999998863, 6.881176337035215695 ) ) ;
#10285 = EDGE_CURVE ( 'NONE', #3009, #10948, #9715, .T. ) ;
#10286 = AXIS2_PLACEMENT_3D ( 'NONE', #4188, #8089, #178 ) ;
#10287 = DIRECTION ( 'NONE',  ( 0.000000000000000000, -3.227392513445220839E-16, 1.000000000000000000 ) ) ;
#10288 = DIRECTION ( 'NONE',  ( 0.000000000000000000, 0.000000000000000000, -1.000000000000000000 ) ) ;
#10289 = DIRECTION ( 'NONE',  ( -0.000000000000000000, 1.000000000000000000, 3.061616997868383141E-16 ) ) ;
#10290 = CARTESIAN_POINT ( 'NONE',  ( -0.9990949630984955476, 0.08482553422745212068, 2.797825534227452060 ) ) ;
#10291 = CARTESIAN_POINT ( 'NONE',  ( 21.03017341577679389, 51.19999999999999574, -4.220101352581888676 ) ) ;
#10292 = ORIENTED_EDGE ( 'NONE', *, *, #138, .T. ) ;
#10293 = CIRCLE ( 'NONE', #4773, 0.2500000000000002220 ) ;
#10294 = ORIENTED_EDGE ( 'NONE', *, *, #8386, .F. ) ;
#10295 = CIRCLE ( 'NONE', #246, 0.2500000000000002220 ) ;
#10296 = EDGE_CURVE ( 'NONE', #1713, #3769, #8249, .T. ) ;
#10297 = ORIENTED_EDGE ( 'NONE', *, *, #7592, .F. ) ;
#10298 = DIRECTION ( 'NONE',  ( 0.000000000000000000, -3.227392513445220839E-16, 1.000000000000000000 ) ) ;
#10299 = CIRCLE ( 'NONE', #11136, 18.24999999999999645 ) ;
#10300 = DIRECTION ( 'NONE',  ( -9.860761315262647568E-32, 1.000000000000000000, 3.061616997868382155E-16 ) ) ;
#10301 = ORIENTED_EDGE ( 'NONE', *, *, #12313, .T. ) ;
#10302 = CARTESIAN_POINT ( 'NONE',  ( 20.76740526521493635, 51.19999999999999574, -5.564609469704262956 ) ) ;
#10303 = AXIS2_PLACEMENT_3D ( 'NONE', #6636, #2703, #1735 ) ;
#10304 = AXIS2_PLACEMENT_3D ( 'NONE', #4959, #8785, #7006 ) ;
#10305 = CARTESIAN_POINT ( 'NONE',  ( -5.564609469704350886, 51.19999999999999574, -20.76740526521489727 ) ) ;
#10306 = CARTESIAN_POINT ( 'NONE',  ( -12.63738292428830867, -80.41022924428168039, -17.39386537906128183 ) ) ;
#10307 = ORIENTED_EDGE ( 'NONE', *, *, #7276, .T. ) ;
#10308 = CARTESIAN_POINT ( 'NONE',  ( 18.03141721082655380, 51.19999999999999574, -11.45973925282314099 ) ) ;
#10309 = DIRECTION ( 'NONE',  ( -0.000000000000000000, 1.000000000000000000, 3.061616997868383141E-16 ) ) ;
#10310 = ORIENTED_EDGE ( 'NONE', *, *, #5744, .T. ) ;
#10311 = EDGE_LOOP ( 'NONE', ( #10707, #10015, #8931, #7248 ) ) ;
#10312 = AXIS2_PLACEMENT_3D ( 'NONE', #12180, #1449, #12236 ) ;
#10313 = AXIS2_PLACEMENT_3D ( 'NONE', #6788, #10882, #4809 ) ;
#10314 = ADVANCED_FACE ( 'NONE', ( #12586 ), #10801, .F. ) ;
#10315 = AXIS2_PLACEMENT_3D ( 'NONE', #6604, #10445, #5643 ) ;
#10316 = ORIENTED_EDGE ( 'NONE', *, *, #5740, .F. ) ;
#10317 = CARTESIAN_POINT ( 'NONE',  ( 12.43427775499836230, 45.19999999999998863, -17.53963331177569884 ) ) ;
#10318 = DIRECTION ( 'NONE',  ( 0.000000000000000000, 0.000000000000000000, 1.000000000000000000 ) ) ;
#10319 = VERTEX_POINT ( 'NONE', #972 ) ;
#10320 = DIRECTION ( 'NONE',  ( 0.000000000000000000, 0.000000000000000000, -1.000000000000000000 ) ) ;
#10321 = CARTESIAN_POINT ( 'NONE',  ( 16.86483603740616033, -80.41022924428169460, 13.33519049100556586 ) ) ;
#10322 = ORIENTED_EDGE ( 'NONE', *, *, #8097, .F. ) ;
#10323 = LINE ( 'NONE', #8523, #7080 ) ;
#10324 = AXIS2_PLACEMENT_3D ( 'NONE', #11843, #7161, #9149 ) ;
#10325 = DIRECTION ( 'NONE',  ( 0.000000000000000000, -3.227392513445220839E-16, 1.000000000000000000 ) ) ;
#10326 = VECTOR ( 'NONE', #10501, 1000.000000000000000 ) ;
#10327 = LINE ( 'NONE', #9419, #9407 ) ;
#10328 = VECTOR ( 'NONE', #12393, 1000.000000000000114 ) ;
#10329 = CARTESIAN_POINT ( 'NONE',  ( -21.48216726873254956, -80.41022924428168039, -0.8754938253325977859 ) ) ;
#10330 = AXIS2_PLACEMENT_3D ( 'NONE', #8318, #11141, #6397 ) ;
#10331 = EDGE_CURVE ( 'NONE', #3484, #3626, #2006, .T. ) ;
#10332 = VECTOR ( 'NONE', #8812, 1000.000000000000000 ) ;
#10333 = AXIS2_PLACEMENT_3D ( 'NONE', #902, #10731, #11753 ) ;
#10334 = ORIENTED_EDGE ( 'NONE', *, *, #1321, .F. ) ;
#10335 = DIRECTION ( 'NONE',  ( 0.000000000000000000, 0.000000000000000000, 1.000000000000000000 ) ) ;
#10336 = CIRCLE ( 'NONE', #5842, 47.85087804878074280 ) ;
#10337 = DIRECTION ( 'NONE',  ( 0.000000000000000000, 0.000000000000000000, 1.000000000000000000 ) ) ;
#10338 = ORIENTED_EDGE ( 'NONE', *, *, #9195, .F. ) ;
#10339 = FACE_OUTER_BOUND ( 'NONE', #8972, .T. ) ;
#10340 = CARTESIAN_POINT ( 'NONE',  ( -5.564609469704350886, 45.19999999999998863, -20.76740526521490082 ) ) ;
#10341 = VECTOR ( 'NONE', #1204, 1000.000000000000000 ) ;
#10342 = EDGE_CURVE ( 'NONE', #1388, #9639, #4378, .T. ) ;
#10343 = EDGE_CURVE ( 'NONE', #12288, #5492, #6618, .T. ) ;
#10344 = VERTEX_POINT ( 'NONE', #2981 ) ;
#10345 = VECTOR ( 'NONE', #11919, 1000.000000000000000 ) ;
#10346 = ORIENTED_EDGE ( 'NONE', *, *, #2654, .T. ) ;
#10347 = CARTESIAN_POINT ( 'NONE',  ( 0.000000000000000000, 87.50000000000001421, 3.730185188303422936E-15 ) ) ;
#10348 = ORIENTED_EDGE ( 'NONE', *, *, #2527, .F. ) ;
#10349 = LINE ( 'NONE', #3552, #8044 ) ;
#10350 = LINE ( 'NONE', #583, #6198 ) ;
#10351 = DIRECTION ( 'NONE',  ( 0.000000000000000000, -2.991412108253678048E-16, 1.000000000000000000 ) ) ;
#10352 = FACE_OUTER_BOUND ( 'NONE', #11111, .T. ) ;
#10353 = CARTESIAN_POINT ( 'NONE',  ( 0.9954579252738544604, -0.07763355007211690528, 2.635366449927876609 ) ) ;
#10354 = EDGE_CURVE ( 'NONE', #2794, #8133, #3, .T. ) ;
#10355 = CIRCLE ( 'NONE', #12591, 16.01785065697083965 ) ;
#10356 = CARTESIAN_POINT ( 'NONE',  ( -21.47053499722331793, -80.41022924428168039, 1.125223059223498634 ) ) ;
#10357 = ORIENTED_EDGE ( 'NONE', *, *, #5728, .T. ) ;
#10358 = ADVANCED_FACE ( 'NONE', ( #8879 ), #5810, .F. ) ;
#10359 = VERTEX_POINT ( 'NONE', #3949 ) ;
#10360 = ORIENTED_EDGE ( 'NONE', *, *, #3420, .F. ) ;
#10361 = CARTESIAN_POINT ( 'NONE',  ( 20.52358569366460728, 51.19999999999999574, -6.405656115871772194 ) ) ;
#10362 = CYLINDRICAL_SURFACE ( 'NONE', #889, 0.2500000000000002220 ) ;
#10363 = CARTESIAN_POINT ( 'NONE',  ( 0.9949999999999995515, -0.07763355007212036085, 2.635366449927879717 ) ) ;
#10364 = ORIENTED_EDGE ( 'NONE', *, *, #12324, .T. ) ;
#10366 = ADVANCED_FACE ( 'NONE', ( #10738 ), #7850, .F. ) ;
#10365 = CARTESIAN_POINT ( 'NONE',  ( -21.08072873382968737, 51.19999999999999574, -4.225266388133103845 ) ) ;
#10367 = CARTESIAN_POINT ( 'NONE',  ( 1.000000000000146327, -0.07339451849166624131, 2.639605481508333629 ) ) ;
#10368 = CYLINDRICAL_SURFACE ( 'NONE', #11879, 21.50000000000000355 ) ;
#10369 = ADVANCED_FACE ( 'NONE', ( #7917 ), #11825, .F. ) ;
#10370 = EDGE_LOOP ( 'NONE', ( #4864, #12272, #6168, #11482 ) ) ;
#10371 = CARTESIAN_POINT ( 'NONE',  ( 20.07197916968979001, 45.19999999999998863, -7.704910915224021828 ) ) ;
#10372 = CARTESIAN_POINT ( 'NONE',  ( 18.61954618136537576, -80.41022924428168039, -10.75000000000010658 ) ) ;
#10373 = ORIENTED_EDGE ( 'NONE', *, *, #4850, .T. ) ;
#10374 = ORIENTED_EDGE ( 'NONE', *, *, #2997, .F. ) ;
#10375 = ORIENTED_EDGE ( 'NONE', *, *, #11209, .F. ) ;
#10376 = CARTESIAN_POINT ( 'NONE',  ( 5.322755903978507064, 45.19999999999998863, -20.83070497094759688 ) ) ;
#10377 = CARTESIAN_POINT ( 'NONE',  ( -1.000000000000000444, 0.08699999999999999400, 2.800000000000000266 ) ) ;
#10378 = AXIS2_PLACEMENT_3D ( 'NONE', #12462, #1753, #787 ) ;
#10379 = EDGE_LOOP ( 'NONE', ( #10671, #11913, #1686, #11837 ) ) ;
#10380 = CARTESIAN_POINT ( 'NONE',  ( 20.97677464539631131, 45.19999999999998863, 4.714331922580220713 ) ) ;
#10381 = LINE ( 'NONE', #8520, #2081 ) ;
#10382 = LINE ( 'NONE', #2611, #5407 ) ;
#10383 = ORIENTED_EDGE ( 'NONE', *, *, #2908, .T. ) ;
#10384 = CARTESIAN_POINT ( 'NONE',  ( 5.805710654484398603, 45.19999999999998863, -20.70129763556882097 ) ) ;
#10385 = CARTESIAN_POINT ( 'NONE',  ( -0.9958629984937213964, 0.08693846207045974328, 2.799938462070460155 ) ) ;
#10386 = CARTESIAN_POINT ( 'NONE',  ( 20.97677464539622605, 45.19999999999998863, -4.714331922580495160 ) ) ;
#10387 = EDGE_CURVE ( 'NONE', #5046, #6971, #4765, .T. ) ;
#10388 = EDGE_CURVE ( 'NONE', #1794, #4898, #12136, .T. ) ;
#10389 = DIRECTION ( 'NONE',  ( -0.000000000000000000, 1.000000000000000000, 3.061616997868383141E-16 ) ) ;
#10390 = CARTESIAN_POINT ( 'NONE',  ( 4.470101352581692389, -80.41022924428168039, -21.03017341577686139 ) ) ;
#10391 = CIRCLE ( 'NONE', #3835, 21.50000000000001066 ) ;
#10392 = VECTOR ( 'NONE', #5485, 1000.000000000000000 ) ;
#10393 = ORIENTED_EDGE ( 'NONE', *, *, #11289, .T. ) ;
#10394 = ORIENTED_EDGE ( 'NONE', *, *, #4559, .F. ) ;
#10395 = DIRECTION ( 'NONE',  ( -0.000000000000000000, 1.000000000000000000, 3.061616997868383141E-16 ) ) ;
#10396 = DIRECTION ( 'NONE',  ( -0.000000000000000000, 1.000000000000000000, 3.061616997868383141E-16 ) ) ;
#10397 = ORIENTED_EDGE ( 'NONE', *, *, #6228, .F. ) ;
#10398 = DIRECTION ( 'NONE',  ( -0.000000000000000000, 1.000000000000000000, 3.061616997868383141E-16 ) ) ;
#10399 = AXIS2_PLACEMENT_3D ( 'NONE', #9371, #11359, #8351 ) ;
#10400 = DIRECTION ( 'NONE',  ( 0.000000000000000000, 0.000000000000000000, 1.000000000000000000 ) ) ;
#10401 = CIRCLE ( 'NONE', #12634, 0.2500000000000002220 ) ;
#10402 = VERTEX_POINT ( 'NONE', #2783 ) ;
#10403 = AXIS2_PLACEMENT_3D ( 'NONE', #10036, #5302, #2261 ) ;
#10404 = ORIENTED_EDGE ( 'NONE', *, *, #6982, .T. ) ;
#10405 = CARTESIAN_POINT ( 'NONE',  ( 16.14381341971839490, -80.41022924428168039, -14.19955239679477721 ) ) ;
#10406 = ADVANCED_FACE ( 'NONE', ( #6712 ), #10613, .F. ) ;
#10407 = ORIENTED_EDGE ( 'NONE', *, *, #1956, .T. ) ;
#10408 = DIRECTION ( 'NONE',  ( 9.860761315262647568E-32, 1.000000000000000000, 3.061616997868382155E-16 ) ) ;
#10409 = DIRECTION ( 'NONE',  ( 0.000000000000000000, 0.000000000000000000, 1.000000000000000000 ) ) ;
#10410 = DIRECTION ( 'NONE',  ( -4.930380657631323784E-32, 1.000000000000000000, 3.061616997868381169E-16 ) ) ;
#10411 = DIRECTION ( 'NONE',  ( 0.000000000000000000, 0.000000000000000000, 1.000000000000000000 ) ) ;
#10412 = CARTESIAN_POINT ( 'NONE',  ( 0.9971807391522770070, -0.07717652363796428938, 2.635823476362034956 ) ) ;
#10413 = CIRCLE ( 'NONE', #2434, 0.2500000000000002220 ) ;
#10414 = FACE_OUTER_BOUND ( 'NONE', #5453, .T. ) ;
#10415 = ORIENTED_EDGE ( 'NONE', *, *, #3304, .F. ) ;
#10416 = ORIENTED_EDGE ( 'NONE', *, *, #10112, .F. ) ;
#10417 = ORIENTED_EDGE ( 'NONE', *, *, #1627, .F. ) ;
#10418 = EDGE_CURVE ( 'NONE', #11221, #3643, #10506, .T. ) ;
#10419 = ADVANCED_FACE ( 'NONE', ( #12018 ), #6267, .F. ) ;
#10420 = DIRECTION ( 'NONE',  ( -3.697785493223493385E-32, 1.000000000000000000, 3.061616997868383141E-16 ) ) ;
#10421 = B_SPLINE_CURVE_WITH_KNOTS ( 'NONE', 3,
 ( #5382, #5263, #8131, #12222, #2536, #3445, #7352, #6465, #11145, #12037, #2353, #6284, #4297, #11266, #10367, #5201 ),
 .UNSPECIFIED., .F., .F.,
 ( 4, 3, 3, 3, 3, 4 ),
 ( 0.000000000000000000, 1.373775821563039891E-06, 2.737902105178363101E-06, 4.598658819369499830E-06, 7.064745935381224720E-06, 9.210299136943854719E-06 ),
 .UNSPECIFIED. ) ;
#10422 = DIRECTION ( 'NONE',  ( 0.000000000000000000, 0.000000000000000000, 1.000000000000000000 ) ) ;
#10423 = ORIENTED_EDGE ( 'NONE', *, *, #6458, .F. ) ;
#10424 = DIRECTION ( 'NONE',  ( 0.000000000000000000, 0.000000000000000000, 1.000000000000000000 ) ) ;
#10425 = EDGE_CURVE ( 'NONE', #11546, #5568, #5118, .T. ) ;
#10426 = DIRECTION ( 'NONE',  ( -0.000000000000000000, 1.000000000000000000, 3.061616997868383141E-16 ) ) ;
#10427 = VECTOR ( 'NONE', #8767, 1000.000000000000000 ) ;
#10428 = CARTESIAN_POINT ( 'NONE',  ( -21.08072873382970513, -80.41022924428168039, -4.225266388132975948 ) ) ;
#10429 = ORIENTED_EDGE ( 'NONE', *, *, #12215, .F. ) ;
#10430 = DIRECTION ( 'NONE',  ( -0.000000000000000000, 1.000000000000000000, 3.061616997868383141E-16 ) ) ;
#10431 = CARTESIAN_POINT ( 'NONE',  ( -10.96577594754893958, 51.20000000000000995, 18.49328953615761861 ) ) ;
#10432 = ORIENTED_EDGE ( 'NONE', *, *, #846, .F. ) ;
#10433 = EDGE_LOOP ( 'NONE', ( #2285, #11290, #2727, #2360 ) ) ;
#10434 = EDGE_CURVE ( 'NONE', #9920, #4454, #3958, .T. ) ;
#10435 = AXIS2_PLACEMENT_3D ( 'NONE', #12364, #11405, #7502 ) ;
#10436 = ORIENTED_EDGE ( 'NONE', *, *, #5588, .T. ) ;
#10437 = AXIS2_PLACEMENT_3D ( 'NONE', #6795, #10449, #7557 ) ;
#10438 = DIRECTION ( 'NONE',  ( -0.000000000000000000, 1.000000000000000000, 3.061616997868383141E-16 ) ) ;
#10439 = ADVANCED_FACE ( 'NONE', ( #2331 ), #6073, .T. ) ;
#10440 = CARTESIAN_POINT ( 'NONE',  ( 21.47053499722333214, -80.41022924428168039, 1.125223059223198430 ) ) ;
#10441 = ORIENTED_EDGE ( 'NONE', *, *, #5359, .F. ) ;
#10442 = DIRECTION ( 'NONE',  ( 0.000000000000000000, -3.227392513445222318E-16, 1.000000000000000000 ) ) ;
#10443 = VECTOR ( 'NONE', #2938, 1000.000000000000114 ) ;
#10444 = DIRECTION ( 'NONE',  ( 0.000000000000000000, -1.000000000000000000, -3.061616997868383141E-16 ) ) ;
#10445 = DIRECTION ( 'NONE',  ( -0.000000000000000000, 1.000000000000000000, 3.061616997868383141E-16 ) ) ;
#10446 = ORIENTED_EDGE ( 'NONE', *, *, #11599, .F. ) ;
#10447 = CARTESIAN_POINT ( 'NONE',  ( 0.000000000000000000, 45.20000000000000995, -9.220454712679835547E-15 ) ) ;
#10448 = ADVANCED_FACE ( 'NONE', ( #11184 ), #4342, .F. ) ;
#10449 = DIRECTION ( 'NONE',  ( -0.000000000000000000, 1.000000000000000000, 3.061616997868383141E-16 ) ) ;
#10450 = CARTESIAN_POINT ( 'NONE',  ( 0.9999999999999995559, -0.07288794480800320219, 2.640112055191996987 ) ) ;
#10451 = ORIENTED_EDGE ( 'NONE', *, *, #1336, .F. ) ;
#10452 = CARTESIAN_POINT ( 'NONE',  ( 17.53963331177557805, 51.20000000000000995, 12.43427775499857013 ) ) ;
#10453 = DIRECTION ( 'NONE',  ( 0.000000000000000000, -3.227392513445222318E-16, 1.000000000000000000 ) ) ;
#10454 = AXIS2_PLACEMENT_3D ( 'NONE', #6029, #96, #26 ) ;
#10455 = ORIENTED_EDGE ( 'NONE', *, *, #9013, .F. ) ;
#10456 = CIRCLE ( 'NONE', #11465, 21.50000000000001066 ) ;
#10457 = EDGE_CURVE ( 'NONE', #11631, #11364, #5000, .T. ) ;
#10458 = ORIENTED_EDGE ( 'NONE', *, *, #10815, .F. ) ;
#10459 = CYLINDRICAL_SURFACE ( 'NONE', #7339, 0.2500000000000002220 ) ;
#10460 = DIRECTION ( 'NONE',  ( 0.000000000000000000, 0.000000000000000000, 1.000000000000000000 ) ) ;
#10461 = ORIENTED_EDGE ( 'NONE', *, *, #12059, .T. ) ;
#10462 = CARTESIAN_POINT ( 'NONE',  ( 0.000000000000000000, 45.20000000000000995, -9.220454712679835547E-15 ) ) ;
#10463 = DIRECTION ( 'NONE',  ( 0.000000000000000000, 0.000000000000000000, 1.000000000000000000 ) ) ;
#10464 = CIRCLE ( 'NONE', #7792, 0.2500000000000002220 ) ;
#10465 = ORIENTED_EDGE ( 'NONE', *, *, #5408, .F. ) ;
#10466 = ORIENTED_EDGE ( 'NONE', *, *, #12489, .F. ) ;
#10467 = EDGE_CURVE ( 'NONE', #7638, #6744, #5598, .T. ) ;
#10468 = EDGE_LOOP ( 'NONE', ( #9832, #2754, #3788, #9976 ) ) ;
#10469 = CARTESIAN_POINT ( 'NONE',  ( 0.9954579252738524620, 0.07763355007212034697, -2.635366449927882826 ) ) ;
#10470 = LINE ( 'NONE', #6571, #2511 ) ;
#10471 = ORIENTED_EDGE ( 'NONE', *, *, #9013, .T. ) ;
#10472 = CYLINDRICAL_SURFACE ( 'NONE', #1884, 47.84587804878074735 ) ;
#10473 = CARTESIAN_POINT ( 'NONE',  ( 0.000000000000000000, 10.27282251965208637, -1.991381873881973871E-14 ) ) ;
#10474 = DIRECTION ( 'NONE',  ( -1.000000000000000000, -0.000000000000000000, -0.000000000000000000 ) ) ;
#10475 = DIRECTION ( 'NONE',  ( 0.000000000000000000, 0.7071067811865535679, 0.7071067811865415775 ) ) ;
#10476 = DIRECTION ( 'NONE',  ( 0.000000000000000000, -1.000000000000000000, -3.061616997868383141E-16 ) ) ;
#10477 = CARTESIAN_POINT ( 'NONE',  ( 16.14381341971830963, 51.19999999999999574, -14.19955239679488201 ) ) ;
#10478 = EDGE_LOOP ( 'NONE', ( #6560, #9577, #9663, #7395 ) ) ;
#10479 = ORIENTED_EDGE ( 'NONE', *, *, #3793, .F. ) ;
#10480 = EDGE_CURVE ( 'NONE', #2768, #11694, #2923, .T. ) ;
#10481 = CIRCLE ( 'NONE', #440, 21.50000000000000000 ) ;
#10482 = ORIENTED_EDGE ( 'NONE', *, *, #3375, .F. ) ;
#10483 = AXIS2_PLACEMENT_3D ( 'NONE', #4714, #3553, #6447 ) ;
#10484 = AXIS2_PLACEMENT_3D ( 'NONE', #6264, #10164, #9193 ) ;
#10485 = CARTESIAN_POINT ( 'NONE',  ( 0.8754938253326478570, -80.41022924428168039, -21.48216726873256732 ) ) ;
#10486 = CARTESIAN_POINT ( 'NONE',  ( -20.97677464539623315, 51.19999999999999574, 4.714331922580507594 ) ) ;
#10487 = ORIENTED_EDGE ( 'NONE', *, *, #3777, .T. ) ;
#10488 = FACE_OUTER_BOUND ( 'NONE', #5215, .T. ) ;
#10489 = DIRECTION ( 'NONE',  ( -0.000000000000000000, 1.000000000000000000, 3.061616997868383141E-16 ) ) ;
#10490 = DIRECTION ( 'NONE',  ( 0.000000000000000000, -1.000000000000000000, -3.061616997868383141E-16 ) ) ;
#10491 = ORIENTED_EDGE ( 'NONE', *, *, #3452, .F. ) ;
#10492 = LINE ( 'NONE', #6781, #1469 ) ;
#10493 = AXIS2_PLACEMENT_3D ( 'NONE', #3050, #10809, #9985 ) ;
#10494 = DIRECTION ( 'NONE',  ( 1.479114197289397354E-31, 1.000000000000000000, 3.061616997868381662E-16 ) ) ;
#10495 = CIRCLE ( 'NONE', #9464, 0.2500000000000002220 ) ;
#10496 = ORIENTED_EDGE ( 'NONE', *, *, #3804, .F. ) ;
#10497 = EDGE_CURVE ( 'NONE', #11076, #3673, #1066, .T. ) ;
#10498 = ORIENTED_EDGE ( 'NONE', *, *, #9793, .T. ) ;
#10499 = EDGE_CURVE ( 'NONE', #2240, #2038, #7833, .T. ) ;
#10500 = ORIENTED_EDGE ( 'NONE', *, *, #9595, .F. ) ;
#10501 = DIRECTION ( 'NONE',  ( 2.465190328815661892E-32, 1.000000000000000000, 3.061616997868383141E-16 ) ) ;
#10502 = CYLINDRICAL_SURFACE ( 'NONE', #9582, 0.2500000000000002220 ) ;
#10503 = AXIS2_PLACEMENT_3D ( 'NONE', #9243, #4390, #3346 ) ;
#10504 = CARTESIAN_POINT ( 'NONE',  ( 10.74999999999988454, 45.19999999999998863, -18.61954618136547168 ) ) ;
#10505 = CARTESIAN_POINT ( 'NONE',  ( -20.44771510034571804, 51.19999999999999574, 6.643865379061596244 ) ) ;
#10506 = CIRCLE ( 'NONE', #11315, 0.2500000000000002220 ) ;
#10507 = DIRECTION ( 'NONE',  ( -0.000000000000000000, 1.000000000000000000, 3.061616997868383141E-16 ) ) ;
#10508 = DIRECTION ( 'NONE',  ( 0.000000000000000000, 0.000000000000000000, 1.000000000000000000 ) ) ;
#10509 = VERTEX_POINT ( 'NONE', #8234 ) ;
#10510 = DIRECTION ( 'NONE',  ( -9.860761315262647568E-32, 1.000000000000000000, 3.061616997868381662E-16 ) ) ;
#10511 = CYLINDRICAL_SURFACE ( 'NONE', #5947, 0.2500000000000002220 ) ;
#10512 = CYLINDRICAL_SURFACE ( 'NONE', #2021, 0.2500000000000002220 ) ;
#10513 = ORIENTED_EDGE ( 'NONE', *, *, #3780, .T. ) ;
#10514 = EDGE_CURVE ( 'NONE', #443, #7175, #3177, .T. ) ;
#10515 = CARTESIAN_POINT ( 'NONE',  ( 0.000000000000000000, 87.50000000000001421, 3.730185188303422936E-15 ) ) ;
#10516 = CIRCLE ( 'NONE', #7240, 0.2500000000000002220 ) ;
#10517 = CARTESIAN_POINT ( 'NONE',  ( 0.000000000000000000, 80.00000000000000000, 10.00000000000002487 ) ) ;
#10518 = AXIS2_PLACEMENT_3D ( 'NONE', #8996, #9128, #6122 ) ;
#10519 = EDGE_CURVE ( 'NONE', #811, #10153, #8176, .T. ) ;
#10520 = CIRCLE ( 'NONE', #1080, 0.2500000000000002220 ) ;
#10521 = VERTEX_POINT ( 'NONE', #2394 ) ;
#10522 = CIRCLE ( 'NONE', #1689, 0.2500000000000002220 ) ;
#10523 = CIRCLE ( 'NONE', #8279, 0.2500000000000002220 ) ;
#10524 = EDGE_LOOP ( 'NONE', ( #7811, #6195, #2020, #6981 ) ) ;
#10525 = DIRECTION ( 'NONE',  ( -2.465190328815661892E-32, 1.000000000000000000, 3.061616997868381169E-16 ) ) ;
#10526 = CARTESIAN_POINT ( 'NONE',  ( 19.74158195380348602, 45.19999999999998863, 8.515864134734663082 ) ) ;
#10527 = ORIENTED_EDGE ( 'NONE', *, *, #8717, .T. ) ;
#10528 = DIRECTION ( 'NONE',  ( 0.000000000000000000, -3.227392513445220839E-16, 1.000000000000000000 ) ) ;
#10529 = CIRCLE ( 'NONE', #6844, 21.50000000000001066 ) ;
#10530 = SURFACE_STYLE_USAGE ( .BOTH. , #6433 ) ;
#10531 = EDGE_CURVE ( 'NONE', #9533, #2881, #9677, .T. ) ;
#10532 = CIRCLE ( 'NONE', #6041, 18.30000000000000782 ) ;
#10533 = CIRCLE ( 'NONE', #8079, 21.50000000000001066 ) ;
#10534 = VERTEX_POINT ( 'NONE', #11954 ) ;
#10535 = AXIS2_PLACEMENT_3D ( 'NONE', #4021, #974, #2850 ) ;
#10536 = ORIENTED_EDGE ( 'NONE', *, *, #2414, .T. ) ;
#10537 = ORIENTED_EDGE ( 'NONE', *, *, #2359, .F. ) ;
#10538 = DIRECTION ( 'NONE',  ( 0.000000000000000000, 1.000000000000000000, 3.061616997868381662E-16 ) ) ;
#10539 = FACE_OUTER_BOUND ( 'NONE', #1885, .T. ) ;
#10540 = ORIENTED_EDGE ( 'NONE', *, *, #11823, .T. ) ;
#10541 = AXIS2_PLACEMENT_3D ( 'NONE', #2820, #7818, #11667 ) ;
#10542 = CARTESIAN_POINT ( 'NONE',  ( 18.16635567040257726, -80.41022924428169460, 11.49928352796082009 ) ) ;
#10543 = CARTESIAN_POINT ( 'NONE',  ( 0.9983057463143366617, -0.08567125605034098257, -2.798671256050341061 ) ) ;
#10544 = CARTESIAN_POINT ( 'NONE',  ( 7.470998869602692771, 51.20000000000000995, 20.16021269457231924 ) ) ;
#10545 = CARTESIAN_POINT ( 'NONE',  ( -9.760795744400400764, -80.41022924428168039, -18.90664027004984504 ) ) ;
#10546 = EDGE_CURVE ( 'NONE', #3099, #515, #10227, .T. ) ;
#10547 = EDGE_CURVE ( 'NONE', #5720, #23, #4386, .T. ) ;
#10548 = CARTESIAN_POINT ( 'NONE',  ( -16.55018116000664108, 45.20000000000000284, 13.72375690439615248 ) ) ;
#10549 = ORIENTED_EDGE ( 'NONE', *, *, #8630, .F. ) ;
#10550 = ORIENTED_EDGE ( 'NONE', *, *, #3288, .F. ) ;
#10551 = AXIS2_PLACEMENT_3D ( 'NONE', #2296, #2425, #3266 ) ;
#10552 = VERTEX_POINT ( 'NONE', #4402 ) ;
#10553 = DIRECTION ( 'NONE',  ( -1.000000000000000000, -0.000000000000000000, -0.000000000000000000 ) ) ;
#10554 = CARTESIAN_POINT ( 'NONE',  ( 18.74328531086480609, -80.41022924428169460, 10.53277056407849877 ) ) ;
#10555 = DIRECTION ( 'NONE',  ( -0.000000000000000000, 1.000000000000000000, 3.061616997868383141E-16 ) ) ;
#10556 = EDGE_LOOP ( 'NONE', ( #12518, #118, #2650, #1141 ) ) ;
#10557 = LINE ( 'NONE', #5691, #5475 ) ;
#10558 = CARTESIAN_POINT ( 'NONE',  ( 9.537388008204187528, 51.20000000000000995, 19.26884090911963909 ) ) ;
#10559 = CARTESIAN_POINT ( 'NONE',  ( 0.9999999999999995559, -0.07288794480800667164, 2.640112055191992990 ) ) ;
#10560 = ORIENTED_EDGE ( 'NONE', *, *, #7380, .F. ) ;
#10561 = CARTESIAN_POINT ( 'NONE',  ( -19.26884090911980962, 45.19999999999998863, -9.537388008203821599 ) ) ;
#10562 = CARTESIAN_POINT ( 'NONE',  ( -20.44771510034585660, 45.19999999999998863, -6.643865379061155707 ) ) ;
#10563 = ORIENTED_EDGE ( 'NONE', *, *, #5662, .F. ) ;
#10564 = ORIENTED_EDGE ( 'NONE', *, *, #8321, .T. ) ;
#10565 = AXIS2_PLACEMENT_3D ( 'NONE', #11013, #3250, #11072 ) ;
#10566 = ORIENTED_EDGE ( 'NONE', *, *, #5649, .F. ) ;
#10567 = DIRECTION ( 'NONE',  ( 9.860761315262647568E-32, 1.000000000000000000, 3.061616997868381662E-16 ) ) ;
#10568 =( NAMED_UNIT ( * ) PLANE_ANGLE_UNIT ( ) SI_UNIT ( $, .RADIAN. ) );
#10569 = CARTESIAN_POINT ( 'NONE',  ( 0.000000000000000000, 87.50000000000001421, 3.730185188303422936E-15 ) ) ;
#10570 = EDGE_CURVE ( 'NONE', #5997, #10655, #11889, .T. ) ;
#10571 = DIRECTION ( 'NONE',  ( 0.000000000000000000, 0.000000000000000000, 1.000000000000000000 ) ) ;
#10572 = DIRECTION ( 'NONE',  ( 0.000000000000000000, 0.000000000000000000, 1.000000000000000000 ) ) ;
#10573 = ORIENTED_EDGE ( 'NONE', *, *, #10176, .T. ) ;
#10574 = DIRECTION ( 'NONE',  ( 0.000000000000000000, -2.843808977011157336E-16, 1.000000000000000000 ) ) ;
#10575 = DIRECTION ( 'NONE',  ( -0.000000000000000000, 1.000000000000000000, 3.061616997868383141E-16 ) ) ;
#10576 = DIRECTION ( 'NONE',  ( -0.000000000000000000, 1.000000000000000000, 3.061616997868383141E-16 ) ) ;
#10577 = ORIENTED_EDGE ( 'NONE', *, *, #3683, .T. ) ;
#10578 = EDGE_CURVE ( 'NONE', #1415, #3518, #3341, .T. ) ;
#10579 = DIRECTION ( 'NONE',  ( 1.479114197289397354E-31, 1.000000000000000000, 3.061616997868381662E-16 ) ) ;
#10580 = DIRECTION ( 'NONE',  ( -0.000000000000000000, 1.000000000000000000, 3.061616997868383141E-16 ) ) ;
#10581 = VERTEX_POINT ( 'NONE', #1479 ) ;
#10582 = ORIENTED_EDGE ( 'NONE', *, *, #12625, .F. ) ;
#10583 = FACE_OUTER_BOUND ( 'NONE', #7814, .T. ) ;
#10584 = EDGE_CURVE ( 'NONE', #10956, #9729, #10295, .T. ) ;
#10585 = CARTESIAN_POINT ( 'NONE',  ( -3.363340998365109691, -80.41022924428168039, -21.23529932279544852 ) ) ;
#10586 = ORIENTED_EDGE ( 'NONE', *, *, #814, .T. ) ;
#10587 = CARTESIAN_POINT ( 'NONE',  ( 0.000000000000000000, 45.20000000000000995, -9.220454712679835547E-15 ) ) ;
#10588 = CARTESIAN_POINT ( 'NONE',  ( 0.000000000000000000, 24.19999999999999218, 18.29999999999999005 ) ) ;
#10589 = AXIS2_PLACEMENT_3D ( 'NONE', #12306, #5411, #4506 ) ;
#10590 = AXIS2_PLACEMENT_3D ( 'NONE', #772, #3814, #2773 ) ;
#10591 = EDGE_CURVE ( 'NONE', #1030, #2069, #640, .T. ) ;
#10592 = ORIENTED_EDGE ( 'NONE', *, *, #4600, .F. ) ;
#10593 = ORIENTED_EDGE ( 'NONE', *, *, #9492, .T. ) ;
#10594 = CIRCLE ( 'NONE', #2603, 21.50000000000000000 ) ;
#10595 = VERTEX_POINT ( 'NONE', #9322 ) ;
#10596 = DIRECTION ( 'NONE',  ( 0.000000000000000000, -3.227392513445220839E-16, 1.000000000000000000 ) ) ;
#10597 = EDGE_CURVE ( 'NONE', #2830, #9943, #2516, .T. ) ;
#10598 = CARTESIAN_POINT ( 'NONE',  ( 0.000000000000000000, 87.50000000000001421, 3.730185188303422936E-15 ) ) ;
#10599 = ORIENTED_EDGE ( 'NONE', *, *, #12556, .T. ) ;
#10600 = DIRECTION ( 'NONE',  ( -0.000000000000000000, 1.000000000000000000, 3.061616997868383141E-16 ) ) ;
#10601 = CARTESIAN_POINT ( 'NONE',  ( 0.000000000000000000, 77.00000000000000000, 2.357445088358655073E-14 ) ) ;
#10602 = EDGE_CURVE ( 'NONE', #7191, #859, #7462, .T. ) ;
#10603 = CARTESIAN_POINT ( 'NONE',  ( 0.000000000000000000, 45.20000000000000995, -9.220454712679835547E-15 ) ) ;
#10604 = DIRECTION ( 'NONE',  ( -0.000000000000000000, 1.000000000000000000, 3.061616997868383141E-16 ) ) ;
#10605 = CIRCLE ( 'NONE', #6521, 21.50000000000000000 ) ;
#10606 = DIRECTION ( 'NONE',  ( 0.000000000000000000, 0.000000000000000000, -1.000000000000000000 ) ) ;
#10607 = ORIENTED_EDGE ( 'NONE', *, *, #10679, .F. ) ;
#10608 = CIRCLE ( 'NONE', #565, 0.2500000000000002220 ) ;
#10609 = ORIENTED_EDGE ( 'NONE', *, *, #12625, .T. ) ;
#10610 = ADVANCED_FACE ( 'NONE', ( #7520 ), #10472, .F. ) ;
#10611 = CARTESIAN_POINT ( 'NONE',  ( 0.9949999999999995515, 0.07763355007212383030, -2.635366449927869503 ) ) ;
#10612 = EDGE_CURVE ( 'NONE', #10948, #12316, #1470, .T. ) ;
#10613 = CYLINDRICAL_SURFACE ( 'NONE', #7628, 0.2500000000000002220 ) ;
#10614 = DIRECTION ( 'NONE',  ( -0.000000000000000000, 1.000000000000000000, 3.061616997868383141E-16 ) ) ;
#10615 = CARTESIAN_POINT ( 'NONE',  ( 4.225266388133338324, 51.20000000000000995, 21.08072873382963408 ) ) ;
#10616 = EDGE_LOOP ( 'NONE', ( #6787, #2464, #6145, #1796 ) ) ;
#10617 = CARTESIAN_POINT ( 'NONE',  ( 18.74328531086472438, 51.20000000000000995, 10.53277056407868528 ) ) ;
#10618 = DIRECTION ( 'NONE',  ( 0.000000000000000000, 0.000000000000000000, -1.000000000000000000 ) ) ;
#10619 = DIRECTION ( 'NONE',  ( 0.000000000000000000, 0.000000000000000000, 1.000000000000000000 ) ) ;
#10620 = DIRECTION ( 'NONE',  ( 0.000000000000000000, 0.000000000000000000, 1.000000000000000000 ) ) ;
#10621 = CARTESIAN_POINT ( 'NONE',  ( 0.000000000000000000, 45.20000000000000995, -9.220454712679835547E-15 ) ) ;
#10622 = ORIENTED_EDGE ( 'NONE', *, *, #8080, .T. ) ;
#10623 = ORIENTED_EDGE ( 'NONE', *, *, #2040, .T. ) ;
#10624 = AXIS2_PLACEMENT_3D ( 'NONE', #2477, #1505, #6347 ) ;
#10625 = ORIENTED_EDGE ( 'NONE', *, *, #7538, .T. ) ;
#10626 = DIRECTION ( 'NONE',  ( -9.860761315262647568E-32, 1.000000000000000000, 3.061616997868381662E-16 ) ) ;
#10627 = VECTOR ( 'NONE', #8776, 1000.000000000000000 ) ;
#10628 = CARTESIAN_POINT ( 'NONE',  ( 0.000000000000000000, 51.20000000000000995, -7.383484513958806747E-15 ) ) ;
#10629 = ORIENTED_EDGE ( 'NONE', *, *, #10354, .F. ) ;
#10630 = DIRECTION ( 'NONE',  ( -0.000000000000000000, 1.000000000000000000, 3.061616997868383141E-16 ) ) ;
#10631 = CARTESIAN_POINT ( 'NONE',  ( -11.91861172467664431, 45.19999999999998863, -17.89404075541349926 ) ) ;
#10632 = DIRECTION ( 'NONE',  ( 0.000000000000000000, -1.000000000000000000, -3.061616997868383141E-16 ) ) ;
#10633 = ORIENTED_EDGE ( 'NONE', *, *, #10271, .F. ) ;
#10634 = CARTESIAN_POINT ( 'NONE',  ( 9.982883740771420378, 45.19999999999998863, -19.04184949573550867 ) ) ;
#10635 = CYLINDRICAL_SURFACE ( 'NONE', #3052, 0.2500000000000002220 ) ;
#10636 = VECTOR ( 'NONE', #6421, 1000.000000000000000 ) ;
#10637 = EDGE_LOOP ( 'NONE', ( #5371, #10513, #4815, #9751 ) ) ;
#10638 = CIRCLE ( 'NONE', #4923, 0.2500000000000002220 ) ;
#10639 = ORIENTED_EDGE ( 'NONE', *, *, #1085, .F. ) ;
#10640 = CARTESIAN_POINT ( 'NONE',  ( -13.72375690439561424, 51.20000000000000995, 16.55018116000708517 ) ) ;
#10641 = FACE_OUTER_BOUND ( 'NONE', #9163, .T. ) ;
#10643 = ORIENTED_EDGE ( 'NONE', *, *, #6542, .F. ) ;
#10642 = CONICAL_SURFACE ( 'NONE', #5152, 8.698518023597397786, 0.9599310885968793672 ) ;
#10644 = CARTESIAN_POINT ( 'NONE',  ( -9.537388008203931733, 51.20000000000000995, 19.26884090911976699 ) ) ;
#10645 = CIRCLE ( 'NONE', #7572, 21.50000000000001066 ) ;
#10646 = DIRECTION ( 'NONE',  ( 9.860761315262647568E-32, 1.000000000000000000, 3.061616997868382155E-16 ) ) ;
#10647 = AXIS2_PLACEMENT_3D ( 'NONE', #6011, #9076, #1300 ) ;
#10648 = EDGE_CURVE ( 'NONE', #9762, #2847, #10349, .T. ) ;
#10649 = ORIENTED_EDGE ( 'NONE', *, *, #4850, .F. ) ;
#10650 = VERTEX_POINT ( 'NONE', #1913 ) ;
#10651 = ORIENTED_EDGE ( 'NONE', *, *, #2140, .F. ) ;
#10652 = CARTESIAN_POINT ( 'NONE',  ( -9.982883740771276493, 45.20000000000000284, 19.04184949573555841 ) ) ;
#10653 = VECTOR ( 'NONE', #6896, 1000.000000000000000 ) ;
#10654 = DIRECTION ( 'NONE',  ( 0.000000000000000000, -1.000000000000000000, -3.061616997868383141E-16 ) ) ;
#10655 = VERTEX_POINT ( 'NONE', #9754 ) ;
#10656 = LINE ( 'NONE', #5861, #11298 ) ;
#10657 = CARTESIAN_POINT ( 'NONE',  ( -8.972629143561871246, 51.20000000000000995, 19.53821706942841274 ) ) ;
#10658 = DIRECTION ( 'NONE',  ( 1.000000000000000000, 0.000000000000000000, 0.000000000000000000 ) ) ;
#10659 = LINE ( 'NONE', #4846, #9228 ) ;
#10660 = EDGE_CURVE ( 'NONE', #6084, #4430, #12333, .T. ) ;
#10661 = LINE ( 'NONE', #12581, #11760 ) ;
#10662 = EDGE_LOOP ( 'NONE', ( #8045, #4122, #8792, #6152 ) ) ;
#10663 = EDGE_CURVE ( 'NONE', #11151, #10050, #11529, .T. ) ;
#10664 = ORIENTED_EDGE ( 'NONE', *, *, #9984, .T. ) ;
#10665 = EDGE_CURVE ( 'NONE', #10683, #5087, #6015, .T. ) ;
#10666 = CARTESIAN_POINT ( 'NONE',  ( 20.36907980785171191, 51.19999999999999574, 6.881176337034794699 ) ) ;
#10667 = EDGE_LOOP ( 'NONE', ( #11701, #12042, #6392, #6948 ) ) ;
#10668 = CARTESIAN_POINT ( 'NONE',  ( -20.44771510034585660, -80.41022924428168039, -6.393865379061193011 ) ) ;
#10669 = CARTESIAN_POINT ( 'NONE',  ( 0.000000000000000000, 24.19999999999999929, -1.564985040820344345E-14 ) ) ;
#10670 = DIRECTION ( 'NONE',  ( 0.000000000000000000, -3.227392513445220839E-16, 1.000000000000000000 ) ) ;
#10671 = ORIENTED_EDGE ( 'NONE', *, *, #1539, .T. ) ;
#10672 = DIRECTION ( 'NONE',  ( 0.000000000000000000, -1.000000000000000000, -3.061616997868383141E-16 ) ) ;
#10673 = CARTESIAN_POINT ( 'NONE',  ( 16.86483603740598625, 51.19999999999999574, -13.33519049100583942 ) ) ;
#10674 = CARTESIAN_POINT ( 'NONE',  ( 0.000000000000000000, 79.00000000000000000, 15.40000000000000213 ) ) ;
#10675 = EDGE_CURVE ( 'NONE', #3518, #4454, #8422, .T. ) ;
#10676 = DIRECTION ( 'NONE',  ( 0.000000000000000000, -1.000000000000000000, -3.061616997868383141E-16 ) ) ;
#10677 = DIRECTION ( 'NONE',  ( -0.000000000000000000, 1.000000000000000000, 3.061616997868383141E-16 ) ) ;
#10678 = VERTEX_POINT ( 'NONE', #7758 ) ;
#10679 = EDGE_CURVE ( 'NONE', #11076, #240, #653, .T. ) ;
#10680 = ORIENTED_EDGE ( 'NONE', *, *, #5760, .F. ) ;
#10681 = VECTOR ( 'NONE', #1480, 1000.000000000000000 ) ;
#10682 = CIRCLE ( 'NONE', #5184, 0.2500000000000002220 ) ;
#10683 = VERTEX_POINT ( 'NONE', #945 ) ;
#10684 = DIRECTION ( 'NONE',  ( -0.000000000000000000, 1.000000000000000000, 3.061616997868383141E-16 ) ) ;
#10685 = DIRECTION ( 'NONE',  ( -0.000000000000000000, 1.000000000000000000, 3.061616997868383141E-16 ) ) ;
#10686 = CARTESIAN_POINT ( 'NONE',  ( -19.26884090911954672, 45.19999999999998863, 9.537388008204411349 ) ) ;
#10687 = VERTEX_POINT ( 'NONE', #10284 ) ;
#10688 = DIRECTION ( 'NONE',  ( 0.000000000000000000, 0.000000000000000000, 1.000000000000000000 ) ) ;
#10689 = CIRCLE ( 'NONE', #5190, 0.2500000000000002220 ) ;
#10690 = CIRCLE ( 'NONE', #11712, 0.2500000000000002220 ) ;
#10691 = CARTESIAN_POINT ( 'NONE',  ( -1.000000000000000444, 0.08699999999999999400, -2.799999999999999822 ) ) ;
#10692 = CYLINDRICAL_SURFACE ( 'NONE', #8596, 21.50000000000000355 ) ;
#10693 = VERTEX_POINT ( 'NONE', #5851 ) ;
#10694 = AXIS2_PLACEMENT_3D ( 'NONE', #2667, #7603, #5564 ) ;
#10695 = DIRECTION ( 'NONE',  ( -0.000000000000000000, 1.000000000000000000, 3.061616997868383141E-16 ) ) ;
#10696 = CARTESIAN_POINT ( 'NONE',  ( -8.515864134735020130, 45.19999999999998863, -19.74158195380336522 ) ) ;
#10697 = ADVANCED_FACE ( 'NONE', ( #8361 ), #11665, .T. ) ;
#10698 = ORIENTED_EDGE ( 'NONE', *, *, #1886, .F. ) ;
#10699 = VECTOR ( 'NONE', #3112, 1000.000000000000000 ) ;
#10700 = AXIS2_PLACEMENT_3D ( 'NONE', #10101, #9136, #9197 ) ;
#10701 = DIRECTION ( 'NONE',  ( -0.000000000000000000, 1.000000000000000000, 3.061616997868383141E-16 ) ) ;
#10702 = DIRECTION ( 'NONE',  ( 0.000000000000000000, 1.000000000000000000, 3.061616997868381662E-16 ) ) ;
#10703 = ORIENTED_EDGE ( 'NONE', *, *, #8841, .T. ) ;
#10704 = DIRECTION ( 'NONE',  ( -0.000000000000000000, 1.000000000000000000, 3.061616997868383141E-16 ) ) ;
#10705 = FACE_OUTER_BOUND ( 'NONE', #12089, .T. ) ;
#10706 = DIRECTION ( 'NONE',  ( 4.930380657631323784E-32, 1.000000000000000000, 3.061616997868382648E-16 ) ) ;
#10707 = ORIENTED_EDGE ( 'NONE', *, *, #1787, .T. ) ;
#10708 = DIRECTION ( 'NONE',  ( -0.000000000000000000, 1.000000000000000000, 3.061616997868383141E-16 ) ) ;
#10709 = CIRCLE ( 'NONE', #12144, 0.2500000000000002220 ) ;
#10710 = AXIS2_PLACEMENT_3D ( 'NONE', #8225, #12066, #5108 ) ;
#10711 = DIRECTION ( 'NONE',  ( -0.000000000000000000, 1.000000000000000000, 3.061616997868383141E-16 ) ) ;
#10712 = AXIS2_PLACEMENT_3D ( 'NONE', #7078, #6058, #121 ) ;
#10713 = CIRCLE ( 'NONE', #6230, 0.2500000000000002220 ) ;
#10714 = EDGE_CURVE ( 'NONE', #2, #8786, #457, .T. ) ;
#10715 = VERTEX_POINT ( 'NONE', #3613 ) ;
#10716 = VECTOR ( 'NONE', #10884, 1000.000000000000000 ) ;
#10717 = ORIENTED_EDGE ( 'NONE', *, *, #7676, .F. ) ;
#10718 = ORIENTED_EDGE ( 'NONE', *, *, #71, .T. ) ;
#10719 = CARTESIAN_POINT ( 'NONE',  ( 0.000000000000000000, 45.20000000000000995, -9.220454712679835547E-15 ) ) ;
#10720 = AXIS2_PLACEMENT_3D ( 'NONE', #12359, #3590, #1960 ) ;
#10721 = CARTESIAN_POINT ( 'NONE',  ( -20.36907980785161953, 51.19999999999999574, 6.881176337035060264 ) ) ;
#10722 = EDGE_CURVE ( 'NONE', #2316, #9792, #8866, .T. ) ;
#10723 = VERTEX_POINT ( 'NONE', #1664 ) ;
#10724 = EDGE_CURVE ( 'NONE', #6235, #6967, #6824, .T. ) ;
#10725 = LINE ( 'NONE', #2061, #3345 ) ;
#10726 = CARTESIAN_POINT ( 'NONE',  ( 0.9975686316102947426, -0.08627573251034029167, -2.799275732510340564 ) ) ;
#10727 = DIRECTION ( 'NONE',  ( 0.000000000000000000, 0.000000000000000000, 1.000000000000000000 ) ) ;
#10728 = DIRECTION ( 'NONE',  ( 0.000000000000000000, 0.000000000000000000, -1.000000000000000000 ) ) ;
#10729 = AXIS2_PLACEMENT_3D ( 'NONE', #468, #4657, #7402 ) ;
#10730 = EDGE_CURVE ( 'NONE', #8843, #10194, #6001, .T. ) ;
#10731 = DIRECTION ( 'NONE',  ( 0.000000000000000000, -1.000000000000000000, -3.061616997868383141E-16 ) ) ;
#10732 = AXIS2_PLACEMENT_3D ( 'NONE', #2720, #1685, #5625 ) ;
#10733 = VERTEX_POINT ( 'NONE', #9045 ) ;
#10734 = EDGE_LOOP ( 'NONE', ( #8782, #11724, #10813, #11920 ) ) ;
#10735 = CIRCLE ( 'NONE', #5237, 21.50000000000001066 ) ;
#10736 = ORIENTED_EDGE ( 'NONE', *, *, #7360, .F. ) ;
#10737 = AXIS2_PLACEMENT_3D ( 'NONE', #6315, #9127, #7139 ) ;
#10738 = FACE_OUTER_BOUND ( 'NONE', #4287, .T. ) ;
#10739 = DIRECTION ( 'NONE',  ( -0.000000000000000000, 1.000000000000000000, 3.061616997868383141E-16 ) ) ;
#10740 = AXIS2_PLACEMENT_3D ( 'NONE', #6075, #9978, #1164 ) ;
#10741 = ADVANCED_FACE ( 'NONE', ( #12685 ), #4131, .F. ) ;
#10742 = DIRECTION ( 'NONE',  ( 1.232595164407830946E-32, 1.000000000000000000, 3.061616997868381662E-16 ) ) ;
#10743 = EDGE_LOOP ( 'NONE', ( #11100, #4549, #8548, #1731 ) ) ;
#10744 = FACE_OUTER_BOUND ( 'NONE', #12506, .T. ) ;
#10745 = CARTESIAN_POINT ( 'NONE',  ( -3.363340998365109691, 51.19999999999999574, -20.98529932279540589 ) ) ;
#10746 = CARTESIAN_POINT ( 'NONE',  ( 0.000000000000000000, 3.500000000000003109, -2.198739759379099683E-14 ) ) ;
#10747 = DIRECTION ( 'NONE',  ( -0.000000000000000000, 1.000000000000000000, 3.061616997868383141E-16 ) ) ;
#10748 = EDGE_CURVE ( 'NONE', #4915, #5805, #10713, .T. ) ;
#10749 = AXIS2_PLACEMENT_3D ( 'NONE', #8986, #10974, #9047 ) ;
#10750 = DIRECTION ( 'NONE',  ( 0.000000000000000000, 0.000000000000000000, 1.000000000000000000 ) ) ;
#10751 = ORIENTED_EDGE ( 'NONE', *, *, #4503, .T. ) ;
#10752 = ORIENTED_EDGE ( 'NONE', *, *, #4347, .F. ) ;
#10753 = EDGE_LOOP ( 'NONE', ( #53, #2960, #5630, #5567 ) ) ;
#10754 = EDGE_CURVE ( 'NONE', #10655, #9220, #5211, .T. ) ;
#10755 = DIRECTION ( 'NONE',  ( 0.000000000000000000, 0.000000000000000000, 1.000000000000000000 ) ) ;
#10756 = CIRCLE ( 'NONE', #1325, 0.2500000000000002220 ) ;
#10757 = CARTESIAN_POINT ( 'NONE',  ( 0.000000000000000000, 45.19999999999998863, -21.49999999999997513 ) ) ;
#10758 = EDGE_CURVE ( 'NONE', #9215, #11719, #12343, .T. ) ;
#10759 = DIRECTION ( 'NONE',  ( 9.860761315262647568E-32, 1.000000000000000000, 3.061616997868382648E-16 ) ) ;
#10760 = FACE_OUTER_BOUND ( 'NONE', #7796, .T. ) ;
#10761 = ORIENTED_EDGE ( 'NONE', *, *, #9543, .F. ) ;
#10762 = DIRECTION ( 'NONE',  ( 9.860761315262647568E-32, 1.000000000000000000, 3.061616997868381662E-16 ) ) ;
#10763 = CARTESIAN_POINT ( 'NONE',  ( -15.02499431646270622, -80.41022924428169460, 15.37854173159022331 ) ) ;
#10764 = FACE_OUTER_BOUND ( 'NONE', #7530, .T. ) ;
#10765 = ORIENTED_EDGE ( 'NONE', *, *, #10228, .T. ) ;
#10766 = LINE ( 'NONE', #5584, #6337 ) ;
#10767 = FACE_OUTER_BOUND ( 'NONE', #9593, .T. ) ;
#10768 = VERTEX_POINT ( 'NONE', #3083 ) ;
#10769 = CARTESIAN_POINT ( 'NONE',  ( -0.9953863304355486941, 0.07763355007325983825, -2.635366449926743737 ) ) ;
#10770 = DIRECTION ( 'NONE',  ( -0.000000000000000000, 1.000000000000000000, 3.061616997868383141E-16 ) ) ;
#10771 = VERTEX_POINT ( 'NONE', #9887 ) ;
#10772 = CARTESIAN_POINT ( 'NONE',  ( -13.72375690439562490, 45.20000000000000284, 16.55018116000709227 ) ) ;
#10773 = ADVANCED_FACE ( 'NONE', ( #11035 ), #7889, .F. ) ;
#10774 = CARTESIAN_POINT ( 'NONE',  ( -12.43427775499876198, 45.19999999999998863, -17.53963331177547502 ) ) ;
#10775 = CARTESIAN_POINT ( 'NONE',  ( -4.714331922579995116, 51.20000000000000995, 20.97677464539634329 ) ) ;
#10776 = VERTEX_POINT ( 'NONE', #5912 ) ;
#10777 = CARTESIAN_POINT ( 'NONE',  ( 21.40690689856073448, 45.19999999999998863, 1.998583757652521831 ) ) ;
#10778 = ADVANCED_FACE ( 'NONE', ( #1202 ), #7955, .T. ) ;
#10779 = DIRECTION ( 'NONE',  ( -9.860761315262647568E-32, 1.000000000000000000, 3.061616997868381662E-16 ) ) ;
#10780 = AXIS2_PLACEMENT_3D ( 'NONE', #6028, #4043, #11018 ) ;
#10781 = EDGE_LOOP ( 'NONE', ( #11531, #1744, #751, #7324 ) ) ;
#10782 = ORIENTED_EDGE ( 'NONE', *, *, #6687, .T. ) ;
#10783 = VERTEX_POINT ( 'NONE', #10775 ) ;
#10784 = DIRECTION ( 'NONE',  ( 0.000000000000000000, -1.000000000000000000, -3.061616997868383141E-16 ) ) ;
#10785 = EDGE_CURVE ( 'NONE', #7506, #3053, #5011, .T. ) ;
#10786 = FACE_OUTER_BOUND ( 'NONE', #3200, .T. ) ;
#10787 = EDGE_LOOP ( 'NONE', ( #7673, #12582, #2276, #7902 ) ) ;
#10788 = CIRCLE ( 'NONE', #8335, 21.50000000000000000 ) ;
#10789 = LINE ( 'NONE', #9904, #9451 ) ;
#10790 = CARTESIAN_POINT ( 'NONE',  ( 0.000000000000000000, 87.50000000000001421, 3.730185188303422936E-15 ) ) ;
#10791 = DIRECTION ( 'NONE',  ( 4.930380657631323784E-32, 1.000000000000000000, 3.061616997868383141E-16 ) ) ;
#10792 = DIRECTION ( 'NONE',  ( -0.000000000000000000, 1.000000000000000000, 3.061616997868383141E-16 ) ) ;
#10793 = VERTEX_POINT ( 'NONE', #9821 ) ;
#10794 = EDGE_LOOP ( 'NONE', ( #2404, #697, #10348, #615 ) ) ;
#10795 = AXIS2_PLACEMENT_3D ( 'NONE', #7815, #10840, #6745 ) ;
#10796 = VERTEX_POINT ( 'NONE', #10906 ) ;
#10797 = VECTOR ( 'NONE', #9011, 1000.000000000000000 ) ;
#10798 = EDGE_CURVE ( 'NONE', #10194, #10687, #2514, .T. ) ;
#10799 = DIRECTION ( 'NONE',  ( 0.000000000000000000, 0.000000000000000000, 1.000000000000000000 ) ) ;
#10800 = VERTEX_POINT ( 'NONE', #6941 ) ;
#10801 = CYLINDRICAL_SURFACE ( 'NONE', #12131, 0.2500000000000002220 ) ;
#10802 = CARTESIAN_POINT ( 'NONE',  ( 16.14381341971838069, 51.20000000000000995, 14.19955239679478431 ) ) ;
#10803 = VERTEX_POINT ( 'NONE', #11992 ) ;
#10804 = CARTESIAN_POINT ( 'NONE',  ( -13.72375690439597307, 51.19999999999999574, -16.55018116000680095 ) ) ;
#10805 = AXIS2_PLACEMENT_3D ( 'NONE', #10601, #6703, #1802 ) ;
#10806 = CARTESIAN_POINT ( 'NONE',  ( 0.000000000000000000, 87.50000000000001421, 15.65000000000000746 ) ) ;
#10807 = CARTESIAN_POINT ( 'NONE',  ( -15.20279579551089455, 45.19999999999998863, -14.95279579551061566 ) ) ;
#10808 = AXIS2_PLACEMENT_3D ( 'NONE', #10603, #12449, #11373 ) ;
#10809 = DIRECTION ( 'NONE',  ( -0.000000000000000000, 1.000000000000000000, 3.061616997868383141E-16 ) ) ;
#10810 = DIRECTION ( 'NONE',  ( 0.000000000000000000, -3.227392513445222318E-16, 1.000000000000000000 ) ) ;
#10811 = ORIENTED_EDGE ( 'NONE', *, *, #11303, .F. ) ;
#10812 = EDGE_CURVE ( 'NONE', #7860, #2780, #5031, .T. ) ;
#10813 = ORIENTED_EDGE ( 'NONE', *, *, #11351, .T. ) ;
#10814 = EDGE_CURVE ( 'NONE', #3257, #3640, #1476, .T. ) ;
#10815 = EDGE_CURVE ( 'NONE', #6907, #7997, #5607, .T. ) ;
#10816 = VECTOR ( 'NONE', #9439, 1000.000000000000000 ) ;
#10817 = ORIENTED_EDGE ( 'NONE', *, *, #11351, .F. ) ;
#10818 = DIRECTION ( 'NONE',  ( 1.000000000000000000, 0.000000000000000000, 0.000000000000000000 ) ) ;
#10819 = CIRCLE ( 'NONE', #8567, 0.2500000000000002220 ) ;
#10820 = CARTESIAN_POINT ( 'NONE',  ( 19.64122733931587206, 51.19999999999999574, -8.494837826129769454 ) ) ;
#10821 = CARTESIAN_POINT ( 'NONE',  ( 0.000000000000000000, 51.20000000000000995, -7.383484513958806747E-15 ) ) ;
#10822 = DIRECTION ( 'NONE',  ( 0.000000000000000000, 0.000000000000000000, 1.000000000000000000 ) ) ;
#10823 = CARTESIAN_POINT ( 'NONE',  ( -8.744837826129849390, 45.19999999999998863, -19.64122733931582943 ) ) ;
#10824 = ORIENTED_EDGE ( 'NONE', *, *, #4723, .T. ) ;
#10825 = DIRECTION ( 'NONE',  ( -0.000000000000000000, 1.000000000000000000, 3.061616997868383141E-16 ) ) ;
#10826 = DIRECTION ( 'NONE',  ( -0.000000000000000000, 1.000000000000000000, 3.061616997868383141E-16 ) ) ;
#10827 = DIRECTION ( 'NONE',  ( 0.000000000000000000, 0.000000000000000000, 1.000000000000000000 ) ) ;
#10828 = ORIENTED_EDGE ( 'NONE', *, *, #1791, .T. ) ;
#10829 = DIRECTION ( 'NONE',  ( 0.000000000000000000, -1.000000000000000000, -3.061616997868383141E-16 ) ) ;
#10830 = LINE ( 'NONE', #1904, #6143 ) ;
#10831 = ORIENTED_EDGE ( 'NONE', *, *, #5599, .T. ) ;
#10832 = VECTOR ( 'NONE', #7170, 1000.000000000000000 ) ;
#10833 = EDGE_LOOP ( 'NONE', ( #10782, #7646, #6253, #9955 ) ) ;
#10834 = EDGE_CURVE ( 'NONE', #9046, #2598, #5977, .T. ) ;
#10835 = VECTOR ( 'NONE', #9801, 1000.000000000000000 ) ;
#10836 = DIRECTION ( 'NONE',  ( -0.000000000000000000, 1.000000000000000000, 3.061616997868383141E-16 ) ) ;
#10837 = EDGE_CURVE ( 'NONE', #12283, #537, #7069, .T. ) ;
#10838 = LINE ( 'NONE', #9950, #4225 ) ;
#10839 = ORIENTED_EDGE ( 'NONE', *, *, #12298, .T. ) ;
#10840 = DIRECTION ( 'NONE',  ( 0.000000000000000000, -1.000000000000000000, -3.061616997868383141E-16 ) ) ;
#10841 = DIRECTION ( 'NONE',  ( -7.395570986446986770E-32, 1.000000000000000000, 3.061616997868381169E-16 ) ) ;
#10842 = DIRECTION ( 'NONE',  ( 0.000000000000000000, -3.227392513445222318E-16, 1.000000000000000000 ) ) ;
#10843 = ORIENTED_EDGE ( 'NONE', *, *, #4014, .T. ) ;
#10844 = CARTESIAN_POINT ( 'NONE',  ( 0.000000000000000000, 51.20000000000000995, -7.383484513958806747E-15 ) ) ;
#10845 = DIRECTION ( 'NONE',  ( 0.000000000000000000, -1.000000000000000000, -3.061616997868383141E-16 ) ) ;
#10846 = AXIS2_PLACEMENT_3D ( 'NONE', #9299, #504, #12241 ) ;
#10847 = ADVANCED_FACE ( 'NONE', ( #239 ), #6107, .T. ) ;
#10848 = EDGE_CURVE ( 'NONE', #3426, #9179, #9912, .T. ) ;
#10849 = ORIENTED_EDGE ( 'NONE', *, *, #71, .F. ) ;
#10850 = ORIENTED_EDGE ( 'NONE', *, *, #10331, .T. ) ;
#10851 = AXIS2_PLACEMENT_3D ( 'NONE', #10911, #10711, #5980 ) ;
#10852 = EDGE_LOOP ( 'NONE', ( #2961, #3705, #7085, #5102 ) ) ;
#10853 = CARTESIAN_POINT ( 'NONE',  ( -21.27297168455584142, 45.19999999999998863, -3.116195710812267095 ) ) ;
#10854 = CIRCLE ( 'NONE', #5344, 21.50000000000000000 ) ;
#10855 = CARTESIAN_POINT ( 'NONE',  ( 0.000000000000000000, 45.20000000000000995, -9.220454712679835547E-15 ) ) ;
#10856 = ORIENTED_EDGE ( 'NONE', *, *, #7847, .F. ) ;
#10857 = AXIS2_PLACEMENT_3D ( 'NONE', #1949, #9, #7856 ) ;
#10858 = CARTESIAN_POINT ( 'NONE',  ( 11.91861172467628904, 45.19999999999998863, -17.89404075541379413 ) ) ;
#10859 = CARTESIAN_POINT ( 'NONE',  ( -1.374800153706255745, -80.41022924428168039, -21.45599973288054585 ) ) ;
#10860 = CARTESIAN_POINT ( 'NONE',  ( -1.125223059223438904, 51.19999999999999574, -21.47053499722330727 ) ) ;
#10861 = DIRECTION ( 'NONE',  ( 0.000000000000000000, 0.000000000000000000, -1.000000000000000000 ) ) ;
#10862 = AXIS2_PLACEMENT_3D ( 'NONE', #3110, #4859, #6974 ) ;
#10863 = EDGE_LOOP ( 'NONE', ( #8938, #2472, #8857, #971 ) ) ;
#10864 = EDGE_CURVE ( 'NONE', #1493, #2744, #9356, .T. ) ;
#10865 = ORIENTED_EDGE ( 'NONE', *, *, #8333, .T. ) ;
#10866 = CIRCLE ( 'NONE', #8208, 21.50000000000000000 ) ;
#10867 = CARTESIAN_POINT ( 'NONE',  ( 15.97761374776389331, -80.41022924428168039, -14.38630803671554759 ) ) ;
#10868 = ORIENTED_EDGE ( 'NONE', *, *, #9281, .F. ) ;
#10869 = DIRECTION ( 'NONE',  ( 0.000000000000000000, 0.000000000000000000, 1.000000000000000000 ) ) ;
#10870 = DIRECTION ( 'NONE',  ( 0.000000000000000000, 0.000000000000000000, -1.000000000000000000 ) ) ;
#10871 = ORIENTED_EDGE ( 'NONE', *, *, #7514, .T. ) ;
#10872 = CARTESIAN_POINT ( 'NONE',  ( -13.53038840757163541, -80.41022924428168039, -16.70863817132477891 ) ) ;
#10873 = CYLINDRICAL_SURFACE ( 'NONE', #11833, 0.2500000000000002220 ) ;
#10874 = CARTESIAN_POINT ( 'NONE',  ( -0.9978812173038364985, 0.07679992410463408470, -2.636200075895367867 ) ) ;
#10875 = CIRCLE ( 'NONE', #2058, 21.50000000000000000 ) ;
#10876 = DIRECTION ( 'NONE',  ( 0.000000000000000000, -1.000000000000000000, -3.061616997868383141E-16 ) ) ;
#10877 = FACE_OUTER_BOUND ( 'NONE', #6067, .T. ) ;
#10878 = ORIENTED_EDGE ( 'NONE', *, *, #10343, .F. ) ;
#10879 = EDGE_CURVE ( 'NONE', #7929, #10771, #8270, .T. ) ;
#10880 = EDGE_LOOP ( 'NONE', ( #12102, #9286, #3514, #10527 ) ) ;
#10881 = ORIENTED_EDGE ( 'NONE', *, *, #7823, .F. ) ;
#10882 = DIRECTION ( 'NONE',  ( -0.000000000000000000, 1.000000000000000000, 3.061616997868383141E-16 ) ) ;
#10883 = DIRECTION ( 'NONE',  ( -0.000000000000000000, 1.000000000000000000, 3.061616997868383141E-16 ) ) ;
#10884 = DIRECTION ( 'NONE',  ( 0.000000000000000000, 1.000000000000000000, 3.061616997868382648E-16 ) ) ;
#10885 = DIRECTION ( 'NONE',  ( 0.000000000000000000, -1.000000000000000000, -3.061616997868383141E-16 ) ) ;
#10886 = EDGE_CURVE ( 'NONE', #4421, #1045, #7441, .T. ) ;
#10887 = ORIENTED_EDGE ( 'NONE', *, *, #12255, .T. ) ;
#10888 = DIRECTION ( 'NONE',  ( -4.930380657631323784E-32, 1.000000000000000000, 3.061616997868382648E-16 ) ) ;
#10889 = LINE ( 'NONE', #9941, #5742 ) ;
#10890 = CARTESIAN_POINT ( 'NONE',  ( 0.000000000000000000, 87.50000000000001421, 3.730185188303422936E-15 ) ) ;
#10891 = EDGE_CURVE ( 'NONE', #6768, #12196, #1278, .T. ) ;
#10892 = ORIENTED_EDGE ( 'NONE', *, *, #7737, .T. ) ;
#10893 = CARTESIAN_POINT ( 'NONE',  ( 15.97761374776399457, 45.20000000000000284, 14.38630803671543035 ) ) ;
#10894 = AXIS2_PLACEMENT_3D ( 'NONE', #12577, #8800, #7904 ) ;
#10895 = VERTEX_POINT ( 'NONE', #9232 ) ;
#10896 = EDGE_CURVE ( 'NONE', #4567, #4456, #8472, .T. ) ;
#10897 = ORIENTED_EDGE ( 'NONE', *, *, #349, .F. ) ;
#10898 = CIRCLE ( 'NONE', #8231, 21.50000000000000000 ) ;
#10899 = DIRECTION ( 'NONE',  ( 4.930380657631323784E-32, 1.000000000000000000, 3.061616997868381662E-16 ) ) ;
#10900 = AXIS2_PLACEMENT_3D ( 'NONE', #6806, #5850, #7632 ) ;
#10901 = CARTESIAN_POINT ( 'NONE',  ( 18.03141721082655380, 51.19999999999999574, -11.70973925282314099 ) ) ;
#10902 = EDGE_LOOP ( 'NONE', ( #4802, #6295, #10212, #1584 ) ) ;
#10903 = DIRECTION ( 'NONE',  ( 0.000000000000000000, 0.000000000000000000, -1.000000000000000000 ) ) ;
#10904 = CIRCLE ( 'NONE', #1259, 21.50000000000000000 ) ;
#10905 = DIRECTION ( 'NONE',  ( 0.000000000000000000, -1.000000000000000000, -3.061616997868383141E-16 ) ) ;
#10906 = CARTESIAN_POINT ( 'NONE',  ( 1.374800153705799444, 51.19999999999999574, -21.45599973288056006 ) ) ;
#10907 = EDGE_CURVE ( 'NONE', #12133, #1855, #4183, .T. ) ;
#10908 = ORIENTED_EDGE ( 'NONE', *, *, #1473, .F. ) ;
#10909 = DIRECTION ( 'NONE',  ( -0.000000000000000000, 1.000000000000000000, 3.061616997868383141E-16 ) ) ;
#10910 = DIRECTION ( 'NONE',  ( 2.465190328815661892E-32, 1.000000000000000000, 3.061616997868380676E-16 ) ) ;
#10911 = CARTESIAN_POINT ( 'NONE',  ( 0.000000000000000000, 45.20000000000000995, -9.220454712679835547E-15 ) ) ;
#10912 = EDGE_CURVE ( 'NONE', #7272, #942, #3549, .T. ) ;
#10913 = ADVANCED_FACE ( 'NONE', ( #9109 ), #6238, .F. ) ;
#10914 = VERTEX_POINT ( 'NONE', #3269 ) ;
#10915 = VERTEX_POINT ( 'NONE', #8212 ) ;
#10916 = DIRECTION ( 'NONE',  ( 0.000000000000000000, 0.000000000000000000, 1.000000000000000000 ) ) ;
#10917 = PRODUCT ( 'o1_lightsheets', 'o1_lightsheets', '', ( #454 ) ) ;
#10918 = CARTESIAN_POINT ( 'NONE',  ( -21.47053499722334280, -80.41022924428168039, -1.125223059223098065 ) ) ;
#10919 = EDGE_CURVE ( 'NONE', #4083, #10960, #11733, .T. ) ;
#10920 = VERTEX_POINT ( 'NONE', #10264 ) ;
#10921 = AXIS2_PLACEMENT_3D ( 'NONE', #4261, #6890, #4971 ) ;
#10922 = AXIS2_PLACEMENT_3D ( 'NONE', #432, #1331, #5217 ) ;
#10923 = EDGE_CURVE ( 'NONE', #7223, #5847, #10522, .T. ) ;
#10924 = CARTESIAN_POINT ( 'NONE',  ( -15.37854173159010074, 51.19999999999999574, -15.02499431646288386 ) ) ;
#10925 = FACE_OUTER_BOUND ( 'NONE', #5839, .T. ) ;
#10926 = FACE_OUTER_BOUND ( 'NONE', #652, .T. ) ;
#10927 = AXIS2_PLACEMENT_3D ( 'NONE', #8917, #110, #7952 ) ;
#10928 = ORIENTED_EDGE ( 'NONE', *, *, #6291, .F. ) ;
#10929 = AXIS2_PLACEMENT_3D ( 'NONE', #6801, #10701, #9748 ) ;
#10930 = ORIENTED_EDGE ( 'NONE', *, *, #7598, .T. ) ;
#10931 = ORIENTED_EDGE ( 'NONE', *, *, #1207, .T. ) ;
#10932 = CARTESIAN_POINT ( 'NONE',  ( 0.000000000000000000, 45.20000000000000995, -9.220454712679835547E-15 ) ) ;
#10933 = VECTOR ( 'NONE', #9026, 1000.000000000000000 ) ;
#10934 = AXIS2_PLACEMENT_3D ( 'NONE', #986, #18, #10818 ) ;
#10935 = ADVANCED_FACE ( 'NONE', ( #7183 ), #9293, .F. ) ;
#10936 = CYLINDRICAL_SURFACE ( 'NONE', #3582, 0.2500000000000002220 ) ;
#10937 = ORIENTED_EDGE ( 'NONE', *, *, #4865, .T. ) ;
#10938 = CARTESIAN_POINT ( 'NONE',  ( -21.47053499722331793, 51.19999999999999574, 1.125223059223538824 ) ) ;
#10939 = ADVANCED_FACE ( 'NONE', ( #5400 ), #12150, .T. ) ;
#10940 = CIRCLE ( 'NONE', #7660, 0.2500000000000002220 ) ;
#10941 = AXIS2_PLACEMENT_3D ( 'NONE', #9584, #11574, #2785 ) ;
#10942 = CYLINDRICAL_SURFACE ( 'NONE', #7948, 21.50000000000000355 ) ;
#10943 = FACE_OUTER_BOUND ( 'NONE', #4391, .T. ) ;
#10944 = CARTESIAN_POINT ( 'NONE',  ( -15.97761374776409227, -80.41022924428168039, -14.13630803671533265 ) ) ;
#10945 = DIRECTION ( 'NONE',  ( -0.000000000000000000, 1.000000000000000000, 3.061616997868383141E-16 ) ) ;
#10946 = ORIENTED_EDGE ( 'NONE', *, *, #10342, .F. ) ;
#10947 = CIRCLE ( 'NONE', #11967, 0.2500000000000002220 ) ;
#10948 = VERTEX_POINT ( 'NONE', #2552 ) ;
#10949 = AXIS2_PLACEMENT_3D ( 'NONE', #5319, #2469, #4474 ) ;
#10950 = CIRCLE ( 'NONE', #7264, 0.2500000000000002220 ) ;
#10951 = EDGE_LOOP ( 'NONE', ( #7423, #6979, #4067, #5700 ) ) ;
#10952 = LINE ( 'NONE', #2155, #105 ) ;
#10953 = FACE_OUTER_BOUND ( 'NONE', #3587, .T. ) ;
#10954 = DIRECTION ( 'NONE',  ( 4.930380657631323784E-32, 1.000000000000000000, 3.061616997868382648E-16 ) ) ;
#10955 = CARTESIAN_POINT ( 'NONE',  ( -19.74158195380354286, -80.41022924428168039, -8.515864134734544066 ) ) ;
#10956 = VERTEX_POINT ( 'NONE', #500 ) ;
#10957 = DIRECTION ( 'NONE',  ( 0.000000000000000000, 0.000000000000000000, 1.000000000000000000 ) ) ;
#10958 = CARTESIAN_POINT ( 'NONE',  ( -18.16635567040234633, 45.20000000000000284, 11.49928352796124642 ) ) ;
#10959 = CARTESIAN_POINT ( 'NONE',  ( 4.714331922580272227, 51.20000000000000995, 20.97677464539628289 ) ) ;
#10960 = VERTEX_POINT ( 'NONE', #5337 ) ;
#10961 = DIRECTION ( 'NONE',  ( 0.000000000000000000, 0.000000000000000000, -1.000000000000000000 ) ) ;
#10962 = CARTESIAN_POINT ( 'NONE',  ( 20.44771510034576067, 51.19999999999999574, -6.643865379061435483 ) ) ;
#10963 = ORIENTED_EDGE ( 'NONE', *, *, #10591, .T. ) ;
#10964 = ORIENTED_EDGE ( 'NONE', *, *, #11595, .T. ) ;
#10965 = AXIS2_PLACEMENT_3D ( 'NONE', #4554, #1638, #620 ) ;
#10966 = CARTESIAN_POINT ( 'NONE',  ( -0.9974093761798002999, 0.07704621178235032675, -2.635953788217653138 ) ) ;
#10967 = EDGE_CURVE ( 'NONE', #2649, #3201, #253, .T. ) ;
#10968 = FACE_OUTER_BOUND ( 'NONE', #1845, .T. ) ;
#10969 = VERTEX_POINT ( 'NONE', #2486 ) ;
#10970 = DIRECTION ( 'NONE',  ( 0.000000000000000000, 0.000000000000000000, -1.000000000000000000 ) ) ;
#10971 = FACE_OUTER_BOUND ( 'NONE', #3960, .T. ) ;
#10972 = CARTESIAN_POINT ( 'NONE',  ( -16.86483603740597914, -80.41022924428169460, 13.33519049100579501 ) ) ;
#10973 = ORIENTED_EDGE ( 'NONE', *, *, #5139, .T. ) ;
#10974 = DIRECTION ( 'NONE',  ( 0.000000000000000000, -1.000000000000000000, -3.061616997868383141E-16 ) ) ;
#10975 = EDGE_CURVE ( 'NONE', #119, #11412, #303, .T. ) ;
#10976 = DIRECTION ( 'NONE',  ( 0.000000000000000000, 0.000000000000000000, 1.000000000000000000 ) ) ;
#10977 = DIRECTION ( 'NONE',  ( -0.000000000000000000, 1.000000000000000000, 3.061616997868383141E-16 ) ) ;
#10978 = VECTOR ( 'NONE', #10070, 1000.000000000000000 ) ;
#10979 = EDGE_CURVE ( 'NONE', #1415, #9920, #6417, .T. ) ;
#10980 = ADVANCED_FACE ( 'NONE', ( #8397 ), #12295, .F. ) ;
#10981 = ORIENTED_EDGE ( 'NONE', *, *, #4651, .T. ) ;
#10982 = CARTESIAN_POINT ( 'NONE',  ( 0.9949999999999997735, 0.08699999999999999400, 2.799999999999999822 ) ) ;
#10983 = CARTESIAN_POINT ( 'NONE',  ( -0.9994451427763717533, -0.08420705802239156212, -2.797207058022391557 ) ) ;
#10984 = ORIENTED_EDGE ( 'NONE', *, *, #5872, .T. ) ;
#10985 = ADVANCED_FACE ( 'NONE', ( #5709 ), #1769, .T. ) ;
#10986 = CARTESIAN_POINT ( 'NONE',  ( -0.9978812173038341671, -0.07679992410463412633, 2.636200075895365647 ) ) ;
#10987 = CARTESIAN_POINT ( 'NONE',  ( 18.16635567040243160, 51.19999999999999574, -11.49928352796110254 ) ) ;
#10988 = UNCERTAINTY_MEASURE_WITH_UNIT (LENGTH_MEASURE( 1.000000000000000082E-05 ), #8580, 'distance_accuracy_value', 'NONE');
#10989 = LINE ( 'NONE', #8106, #9993 ) ;
#10990 = CARTESIAN_POINT ( 'NONE',  ( -4.225266388133492867, 51.19999999999999574, -21.08072873382961632 ) ) ;
#10991 = B_SPLINE_CURVE_WITH_KNOTS ( 'NONE', 3,
 ( #10611, #1811, #8042, #329, #396, #1224, #4339, #10097, #11951, #12134, #10035, #264, #5301, #1160, #1289, #7089 ),
 .UNSPECIFIED., .F., .F.,
 ( 4, 3, 3, 3, 3, 4 ),
 ( 8.758959612327588609E-19, 1.373775821568190910E-06, 2.737902105182086234E-06, 4.598658819374729411E-06, 7.064745935393270376E-06, 9.210299136925741766E-06 ),
 .UNSPECIFIED. ) ;
#10992 = ORIENTED_EDGE ( 'NONE', *, *, #6468, .T. ) ;
#10993 = ORIENTED_EDGE ( 'NONE', *, *, #2064, .F. ) ;
#10994 = EDGE_CURVE ( 'NONE', #1677, #5689, #11130, .T. ) ;
#10995 = TOROIDAL_SURFACE ( 'NONE', #9153, 47.85087804878048701, 0.005000000000000000104 ) ;
#10996 = CYLINDRICAL_SURFACE ( 'NONE', #843, 0.2500000000000002220 ) ;
#10997 = DIRECTION ( 'NONE',  ( 9.860761315262647568E-32, 1.000000000000000000, 3.061616997868382155E-16 ) ) ;
#10998 = ORIENTED_EDGE ( 'NONE', *, *, #699, .F. ) ;
#10999 = DIRECTION ( 'NONE',  ( 0.000000000000000000, 0.000000000000000000, 1.000000000000000000 ) ) ;
#11000 = ADVANCED_FACE ( 'NONE', ( #4620 ), #6544, .T. ) ;
#11001 = DIRECTION ( 'NONE',  ( 0.000000000000000000, -3.227392513445220839E-16, 1.000000000000000000 ) ) ;
#11002 = FACE_OUTER_BOUND ( 'NONE', #10265, .T. ) ;
#11003 = DIRECTION ( 'NONE',  ( 0.000000000000000000, -1.000000000000000000, -3.061616997868383141E-16 ) ) ;
#11004 = DIRECTION ( 'NONE',  ( 2.465190328815661892E-32, 1.000000000000000000, 3.061616997868381662E-16 ) ) ;
#11005 = CARTESIAN_POINT ( 'NONE',  ( -6.405656115871864564, 45.19999999999998863, -20.52358569366460017 ) ) ;
#11006 = VECTOR ( 'NONE', #4202, 999.9999999999998863 ) ;
#11007 = AXIS2_PLACEMENT_3D ( 'NONE', #8116, #3239, #5183 ) ;
#11008 = DIRECTION ( 'NONE',  ( -0.000000000000000000, 1.000000000000000000, 3.061616997868383141E-16 ) ) ;
#11009 = ORIENTED_EDGE ( 'NONE', *, *, #5566, .F. ) ;
#11010 = ORIENTED_EDGE ( 'NONE', *, *, #9119, .T. ) ;
#11011 = EDGE_CURVE ( 'NONE', #2964, #11364, #10382, .T. ) ;
#11012 = ORIENTED_EDGE ( 'NONE', *, *, #9192, .T. ) ;
#11013 = CARTESIAN_POINT ( 'NONE',  ( 0.000000000000000000, 45.20000000000000995, -9.220454712679835547E-15 ) ) ;
#11014 = VECTOR ( 'NONE', #9246, 1000.000000000000000 ) ;
#11015 = DIRECTION ( 'NONE',  ( 0.000000000000000000, -1.000000000000000000, -3.061616997868383141E-16 ) ) ;
#11016 = DIRECTION ( 'NONE',  ( 0.000000000000000000, 0.000000000000000000, -1.000000000000000000 ) ) ;
#11017 = ORIENTED_EDGE ( 'NONE', *, *, #3889, .F. ) ;
#11018 = DIRECTION ( 'NONE',  ( 0.000000000000000000, 0.000000000000000000, -1.000000000000000000 ) ) ;
#11019 = VECTOR ( 'NONE', #2986, 1000.000000000000000 ) ;
#11020 = DIRECTION ( 'NONE',  ( -0.000000000000000000, 1.000000000000000000, 3.061616997868383141E-16 ) ) ;
#11021 = CARTESIAN_POINT ( 'NONE',  ( 0.000000000000000000, 75.00000000000000000, 15.40000000000001279 ) ) ;
#11022 = VERTEX_POINT ( 'NONE', #2743 ) ;
#11023 = CARTESIAN_POINT ( 'NONE',  ( 20.36907980785167638, 51.19999999999999574, -6.881176337034904833 ) ) ;
#11024 = DIRECTION ( 'NONE',  ( -4.930380657631323784E-32, 1.000000000000000000, 3.061616997868383141E-16 ) ) ;
#11025 = EDGE_LOOP ( 'NONE', ( #9233, #12445, #7536, #10817 ) ) ;
#11026 = VECTOR ( 'NONE', #4273, 1000.000000000000000 ) ;
#11027 = VERTEX_POINT ( 'NONE', #4551 ) ;
#11028 = EDGE_CURVE ( 'NONE', #3807, #5909, #8875, .T. ) ;
#11029 = CONICAL_SURFACE ( 'NONE', #2823, 8.698518023597397786, 0.9599310885968793672 ) ;
#11030 = DIRECTION ( 'NONE',  ( 4.930380657631323784E-32, 1.000000000000000000, 3.061616997868382648E-16 ) ) ;
#11031 = CARTESIAN_POINT ( 'NONE',  ( -15.02499431646316808, 51.19999999999999574, -15.37854173158982007 ) ) ;
#11032 = ORIENTED_EDGE ( 'NONE', *, *, #3367, .T. ) ;
#11033 = CARTESIAN_POINT ( 'NONE',  ( 10.75000000000001421, 45.20000000000000284, 18.61954618136542194 ) ) ;
#11034 = DIRECTION ( 'NONE',  ( 0.000000000000000000, 0.000000000000000000, 1.000000000000000000 ) ) ;
#11035 = FACE_OUTER_BOUND ( 'NONE', #5652, .T. ) ;
#11036 = EDGE_LOOP ( 'NONE', ( #6158, #8991, #8848, #2542 ) ) ;
#11037 = CARTESIAN_POINT ( 'NONE',  ( 0.000000000000000000, 61.70000000000000284, 19.50000000000000000 ) ) ;
#11038 = CARTESIAN_POINT ( 'NONE',  ( 20.16021269457234055, 51.19999999999999574, 7.470998869602647474 ) ) ;
#11039 = CARTESIAN_POINT ( 'NONE',  ( 18.61954618136544681, -80.41022924428169460, 10.74999999999992539 ) ) ;
#11040 = AXIS2_PLACEMENT_3D ( 'NONE', #1319, #3449, #12167 ) ;
#11041 = VERTEX_POINT ( 'NONE', #6672 ) ;
#11042 = CARTESIAN_POINT ( 'NONE',  ( 0.9983057463143366617, 0.08567125605034106584, 2.798671256050341061 ) ) ;
#11043 = DIRECTION ( 'NONE',  ( 0.000000000000000000, -1.000000000000000000, -3.061616997868383141E-16 ) ) ;
#11044 = ORIENTED_EDGE ( 'NONE', *, *, #7598, .F. ) ;
#11045 = CIRCLE ( 'NONE', #9826, 16.01785065697083965 ) ;
#11046 = FACE_OUTER_BOUND ( 'NONE', #1237, .T. ) ;
#11048 = EDGE_CURVE ( 'NONE', #10166, #12400, #8481, .T. ) ;
#11047 = DIRECTION ( 'NONE',  ( 0.000000000000000000, -1.000000000000000000, -3.061616997868383141E-16 ) ) ;
#11049 = CARTESIAN_POINT ( 'NONE',  ( 11.70973925282297579, 45.19999999999998863, -17.78141721082666038 ) ) ;
#11050 = ADVANCED_FACE ( 'NONE', ( #1832 ), #7554, .T. ) ;
#11051 = ORIENTED_EDGE ( 'NONE', *, *, #5417, .T. ) ;
#11052 = CIRCLE ( 'NONE', #12073, 0.2500000000000002220 ) ;
#11053 = EDGE_CURVE ( 'NONE', #2, #3640, #9302, .T. ) ;
#11054 = VERTEX_POINT ( 'NONE', #9603 ) ;
#11055 = CARTESIAN_POINT ( 'NONE',  ( -0.8754938253324979769, -80.41022924428169460, 21.48216726873252469 ) ) ;
#11056 = DIRECTION ( 'NONE',  ( 0.000000000000000000, -3.227392513445220839E-16, 1.000000000000000000 ) ) ;
#11057 = ORIENTED_EDGE ( 'NONE', *, *, #5213, .F. ) ;
#11058 = DIRECTION ( 'NONE',  ( 0.000000000000000000, 0.000000000000000000, 1.000000000000000000 ) ) ;
#11059 = CARTESIAN_POINT ( 'NONE',  ( 19.74158195380342207, 51.19999999999999574, 8.515864134734819402 ) ) ;
#11061 = EDGE_CURVE ( 'NONE', #6897, #12211, #1700, .T. ) ;
#11060 = CARTESIAN_POINT ( 'NONE',  ( 0.9999999999999995559, -0.08699999999999999400, -2.799999999999999822 ) ) ;
#11062 = CARTESIAN_POINT ( 'NONE',  ( 15.97761374776389331, -80.41022924428168039, -14.13630803671554759 ) ) ;
#11063 = AXIS2_PLACEMENT_3D ( 'NONE', #8771, #3905, #11713 ) ;
#11064 = CARTESIAN_POINT ( 'NONE',  ( -0.9965973376881613888, 0.07740641778704356046, -2.635593582212958808 ) ) ;
#11065 = EDGE_CURVE ( 'NONE', #6294, #12693, #8584, .T. ) ;
#11066 = DIRECTION ( 'NONE',  ( 0.000000000000000000, 0.000000000000000000, 1.000000000000000000 ) ) ;
#11067 = ORIENTED_EDGE ( 'NONE', *, *, #8817, .T. ) ;
#11068 = AXIS2_PLACEMENT_3D ( 'NONE', #4996, #6976, #207 ) ;
#11069 = ADVANCED_FACE ( 'NONE', ( #741 ), #4686, .T. ) ;
#11070 = VERTEX_POINT ( 'NONE', #11589 ) ;
#11071 = ORIENTED_EDGE ( 'NONE', *, *, #8428, .F. ) ;
#11072 = DIRECTION ( 'NONE',  ( 0.000000000000000000, -3.227392513445220839E-16, 1.000000000000000000 ) ) ;
#11073 = DIRECTION ( 'NONE',  ( -0.000000000000000000, 1.000000000000000000, 3.061616997868383141E-16 ) ) ;
#11074 = VECTOR ( 'NONE', #5615, 1000.000000000000000 ) ;
#11075 = DIRECTION ( 'NONE',  ( 0.000000000000000000, -3.227392513445222318E-16, 1.000000000000000000 ) ) ;
#11076 = VERTEX_POINT ( 'NONE', #2803 ) ;
#11077 = CARTESIAN_POINT ( 'NONE',  ( 0.000000000000000000, 87.50000000000001421, 3.730185188303422936E-15 ) ) ;
#11078 = DIRECTION ( 'NONE',  ( -0.000000000000000000, 1.000000000000000000, 3.061616997868383141E-16 ) ) ;
#11079 = DIRECTION ( 'NONE',  ( 0.000000000000000000, 0.000000000000000000, -1.000000000000000000 ) ) ;
#11080 = EDGE_CURVE ( 'NONE', #2355, #4102, #670, .T. ) ;
#11081 = ORIENTED_EDGE ( 'NONE', *, *, #9323, .T. ) ;
#11082 = CARTESIAN_POINT ( 'NONE',  ( 0.000000000000000000, 51.20000000000000995, -7.383484513958806747E-15 ) ) ;
#11083 = LINE ( 'NONE', #2166, #6612 ) ;
#11084 = ORIENTED_EDGE ( 'NONE', *, *, #7077, .F. ) ;
#11085 = VERTEX_POINT ( 'NONE', #867 ) ;
#11086 = ORIENTED_EDGE ( 'NONE', *, *, #9739, .T. ) ;
#11087 = FACE_OUTER_BOUND ( 'NONE', #5856, .T. ) ;
#11088 = CARTESIAN_POINT ( 'NONE',  ( -16.14381341971859385, -80.41022924428168039, -14.19955239679456049 ) ) ;
#11089 = EDGE_LOOP ( 'NONE', ( #8994, #4621, #6299, #11071 ) ) ;
#11090 = LINE ( 'NONE', #6300, #7639 ) ;
#11091 = DIRECTION ( 'NONE',  ( -0.000000000000000000, 1.000000000000000000, 3.061616997868383141E-16 ) ) ;
#11092 = ORIENTED_EDGE ( 'NONE', *, *, #10812, .F. ) ;
#11093 = CARTESIAN_POINT ( 'NONE',  ( 0.8754938253329612730, 51.20000000000000995, 21.48216726873253535 ) ) ;
#11094 = CARTESIAN_POINT ( 'NONE',  ( -8.744837826129456815, 51.20000000000000995, 19.64122733931603904 ) ) ;
#11095 = DIRECTION ( 'NONE',  ( 0.000000000000000000, 0.000000000000000000, -1.000000000000000000 ) ) ;
#11096 = EDGE_CURVE ( 'NONE', #10359, #8793, #4814, .T. ) ;
#11097 = ADVANCED_FACE ( 'NONE', ( #7739 ), #11644, .F. ) ;
#11098 = DIRECTION ( 'NONE',  ( 0.000000000000000000, 0.000000000000000000, 1.000000000000000000 ) ) ;
#11099 = AXIS2_PLACEMENT_3D ( 'NONE', #2517, #7521, #8423 ) ;
#11100 = ORIENTED_EDGE ( 'NONE', *, *, #8261, .T. ) ;
#11101 = CARTESIAN_POINT ( 'NONE',  ( -20.07197916968989659, 45.19999999999998863, -7.704910915223751822 ) ) ;
#11102 = LINE ( 'NONE', #5288, #12148 ) ;
#11103 = ORIENTED_EDGE ( 'NONE', *, *, #12640, .F. ) ;
#11104 = CARTESIAN_POINT ( 'NONE',  ( 0.000000000000000000, 24.19999999999999929, -1.564985040820344345E-14 ) ) ;
#11105 = LINE ( 'NONE', #5294, #7438 ) ;
#11106 = CARTESIAN_POINT ( 'NONE',  ( 21.08072873382964119, 45.19999999999998863, -4.225266388133404050 ) ) ;
#11107 = EDGE_CURVE ( 'NONE', #2830, #6963, #2326, .T. ) ;
#11108 = CARTESIAN_POINT ( 'NONE',  ( 0.000000000000000000, 45.20000000000000995, -9.220454712679835547E-15 ) ) ;
#11109 = CIRCLE ( 'NONE', #237, 0.2500000000000002220 ) ;
#11110 = AXIS2_PLACEMENT_3D ( 'NONE', #981, #4927, #4737 ) ;
#11111 = EDGE_LOOP ( 'NONE', ( #12596, #8416, #1571, #5041 ) ) ;
#11112 = ORIENTED_EDGE ( 'NONE', *, *, #2700, .F. ) ;
#11113 = AXIS2_PLACEMENT_3D ( 'NONE', #5126, #9017, #5066 ) ;
#11114 = DIRECTION ( 'NONE',  ( 0.000000000000000000, -1.000000000000000000, -3.061616997868383141E-16 ) ) ;
#11115 = CARTESIAN_POINT ( 'NONE',  ( 13.53038840757152173, -80.41022924428169460, 16.70863817132482154 ) ) ;
#11116 = AXIS2_PLACEMENT_3D ( 'NONE', #1228, #11119, #5364 ) ;
#11117 = EDGE_CURVE ( 'NONE', #9619, #9555, #12353, .T. ) ;
#11118 = ORIENTED_EDGE ( 'NONE', *, *, #9623, .F. ) ;
#11119 = DIRECTION ( 'NONE',  ( -0.000000000000000000, 1.000000000000000000, 3.061616997868383141E-16 ) ) ;
#11120 = DIRECTION ( 'NONE',  ( 4.930380657631323784E-32, 1.000000000000000000, 3.061616997868381662E-16 ) ) ;
#11121 = CARTESIAN_POINT ( 'NONE',  ( -7.704910915224106205, 45.19999999999998863, -19.82197916968975093 ) ) ;
#11122 = CARTESIAN_POINT ( 'NONE',  ( 16.70863817132479667, 51.19999999999999574, -13.53038840757156613 ) ) ;
#11123 = ADVANCED_FACE ( 'NONE', ( #11781, #7051 ), #3062, .T. ) ;
#11124 = CIRCLE ( 'NONE', #2519, 21.50000000000000000 ) ;
#11125 = CARTESIAN_POINT ( 'NONE',  ( 12.83877941551876312, 51.20000000000000995, 17.24574565275886329 ) ) ;
#11126 = VECTOR ( 'NONE', #8164, 999.9999999999998863 ) ;
#11127 = CARTESIAN_POINT ( 'NONE',  ( -0.9970278821157325666, 0.07724534085846265774, -2.635754659141539058 ) ) ;
#11128 = CIRCLE ( 'NONE', #5804, 0.2500000000000002220 ) ;
#11129 = CARTESIAN_POINT ( 'NONE',  ( 0.9949999999999997735, 0.08699999999999999400, 2.799999999999999822 ) ) ;
#11130 = CIRCLE ( 'NONE', #2724, 21.50000000000001066 ) ;
#11131 = EDGE_LOOP ( 'NONE', ( #1317, #7422, #2731, #10643 ) ) ;
#11132 = ORIENTED_EDGE ( 'NONE', *, *, #9859, .F. ) ;
#11133 = EDGE_CURVE ( 'NONE', #8543, #6494, #4110, .T. ) ;
#11134 = AXIS2_PLACEMENT_3D ( 'NONE', #11708, #2866, #2800 ) ;
#11135 = ORIENTED_EDGE ( 'NONE', *, *, #9174, .F. ) ;
#11136 = AXIS2_PLACEMENT_3D ( 'NONE', #7365, #8272, #3395 ) ;
#11137 = EDGE_CURVE ( 'NONE', #6224, #6133, #93, .T. ) ;
#11138 = DIRECTION ( 'NONE',  ( 0.000000000000000000, -3.248981738798774652E-16, 1.000000000000000000 ) ) ;
#11139 = CARTESIAN_POINT ( 'NONE',  ( 7.470998869602698989, 45.20000000000000284, 20.16021269457233345 ) ) ;
#11140 = AXIS2_PLACEMENT_3D ( 'NONE', #5197, #1435, #4357 ) ;
#11141 = DIRECTION ( 'NONE',  ( -0.000000000000000000, 1.000000000000000000, 3.061616997868383141E-16 ) ) ;
#11142 = ORIENTED_EDGE ( 'NONE', *, *, #7329, .F. ) ;
#11143 = CARTESIAN_POINT ( 'NONE',  ( 0.000000000000000000, -136.9110066833317205, 21.49999999999994671 ) ) ;
#11144 = ADVANCED_FACE ( 'NONE', ( #5013 ), #8001, .F. ) ;
#11145 = CARTESIAN_POINT ( 'NONE',  ( 0.9984418587562705616, -0.07636448762109936117, 2.636635512378900703 ) ) ;
#11146 = CARTESIAN_POINT ( 'NONE',  ( -4.225266388133494644, 45.19999999999998863, -21.08072873382963408 ) ) ;
#11147 = ORIENTED_EDGE ( 'NONE', *, *, #12663, .T. ) ;
#11148 = LINE ( 'NONE', #3388, #2219 ) ;
#11149 = AXIS2_PLACEMENT_3D ( 'NONE', #9070, #1293, #4 ) ;
#11150 = DIRECTION ( 'NONE',  ( -4.930380657631323784E-32, 1.000000000000000000, 3.061616997868383141E-16 ) ) ;
#11151 = VERTEX_POINT ( 'NONE', #11904 ) ;
#11152 = ORIENTED_EDGE ( 'NONE', *, *, #909, .F. ) ;
#11153 = VECTOR ( 'NONE', #1616, 1000.000000000000000 ) ;
#11154 = APPLICATION_CONTEXT ( 'automotive_design' ) ;
#11155 = ORIENTED_EDGE ( 'NONE', *, *, #7799, .T. ) ;
#11156 = DIRECTION ( 'NONE',  ( -6.162975822039154730E-33, 1.000000000000000000, 3.061616997868381662E-16 ) ) ;
#11157 = EDGE_CURVE ( 'NONE', #6018, #5648, #7870, .T. ) ;
#11158 = CARTESIAN_POINT ( 'NONE',  ( 21.47053499722332504, 45.19999999999998863, -1.125223059223354527 ) ) ;
#11159 = CIRCLE ( 'NONE', #72, 21.50000000000000000 ) ;
#11160 = VERTEX_POINT ( 'NONE', #8768 ) ;
#11161 = DIRECTION ( 'NONE',  ( -1.848892746611746693E-32, 1.000000000000000000, 3.061616997868381662E-16 ) ) ;
#11162 = CARTESIAN_POINT ( 'NONE',  ( -1.998583757652727000, -80.41022924428168039, -21.40690689856073092 ) ) ;
#11163 = ORIENTED_EDGE ( 'NONE', *, *, #8156, .F. ) ;
#11164 = DIRECTION ( 'NONE',  ( -0.000000000000000000, 1.000000000000000000, 3.061616997868383141E-16 ) ) ;
#11165 = EDGE_CURVE ( 'NONE', #12360, #3818, #56, .T. ) ;
#11166 = CARTESIAN_POINT ( 'NONE',  ( -12.43427775499859855, -80.41022924428168039, -17.53963331177557095 ) ) ;
#11167 = DIRECTION ( 'NONE',  ( 9.860761315262647568E-32, 1.000000000000000000, 3.061616997868382648E-16 ) ) ;
#11168 = CIRCLE ( 'NONE', #1938, 21.50000000000000000 ) ;
#11169 = EDGE_CURVE ( 'NONE', #190, #2907, #1906, .T. ) ;
#11170 = EDGE_CURVE ( 'NONE', #10192, #12570, #6037, .T. ) ;
#11171 = EDGE_LOOP ( 'NONE', ( #3706, #7596, #9206, #3462 ) ) ;
#11172 = FACE_OUTER_BOUND ( 'NONE', #517, .T. ) ;
#11173 = FACE_OUTER_BOUND ( 'NONE', #7608, .T. ) ;
#11174 = ORIENTED_EDGE ( 'NONE', *, *, #5481, .T. ) ;
#11175 = CARTESIAN_POINT ( 'NONE',  ( -0.9974093761797980795, -0.07704621178234925816, 2.635953788217650473 ) ) ;
#11176 = CARTESIAN_POINT ( 'NONE',  ( -1.998583757652453219, 51.20000000000000995, 21.40690689856073803 ) ) ;
#11177 = DIRECTION ( 'NONE',  ( -0.000000000000000000, 1.000000000000000000, 3.061616997868383141E-16 ) ) ;
#11178 = ORIENTED_EDGE ( 'NONE', *, *, #10133, .T. ) ;
#11179 = VECTOR ( 'NONE', #2865, 1000.000000000000000 ) ;
#11180 = ADVANCED_FACE ( 'NONE', ( #4041 ), #7936, .F. ) ;
#11181 = VERTEX_POINT ( 'NONE', #10686 ) ;
#11182 = DIRECTION ( 'NONE',  ( 0.000000000000000000, -3.227392513445222318E-16, 1.000000000000000000 ) ) ;
#11183 = VERTEX_POINT ( 'NONE', #1122 ) ;
#11184 = FACE_OUTER_BOUND ( 'NONE', #8431, .T. ) ;
#11185 = CIRCLE ( 'NONE', #2992, 21.50000000000001066 ) ;
#11186 = CARTESIAN_POINT ( 'NONE',  ( -4.714331922580159429, -80.41022924428169460, 20.97677464539627579 ) ) ;
#11187 = FACE_OUTER_BOUND ( 'NONE', #10379, .T. ) ;
#11188 = DIRECTION ( 'NONE',  ( -0.000000000000000000, 1.000000000000000000, 3.061616997868383141E-16 ) ) ;
#11189 = CARTESIAN_POINT ( 'NONE',  ( -4.470101352581976606, 45.19999999999998863, -21.03017341577676191 ) ) ;
#11190 = CARTESIAN_POINT ( 'NONE',  ( 0.000000000000000000, 45.20000000000000995, -9.220454712679835547E-15 ) ) ;
#11191 = ORIENTED_EDGE ( 'NONE', *, *, #87, .F. ) ;
#11192 = ORIENTED_EDGE ( 'NONE', *, *, #9641, .F. ) ;
#11193 = AXIS2_PLACEMENT_3D ( 'NONE', #160, #6216, #10957 ) ;
#11194 = ORIENTED_EDGE ( 'NONE', *, *, #102, .T. ) ;
#11195 = CARTESIAN_POINT ( 'NONE',  ( -6.405656115871424916, 51.20000000000000995, 20.52358569366470675 ) ) ;
#11196 = DIRECTION ( 'NONE',  ( 0.000000000000000000, 0.000000000000000000, -1.000000000000000000 ) ) ;
#11197 = CARTESIAN_POINT ( 'NONE',  ( -1.000000000000000444, 0.07288794480800786513, -2.640112055191994322 ) ) ;
#11198 = CLOSED_SHELL ( 'NONE', ( #3298, #1418, #10160, #4255, #10610, #4274, #4309, #2817, #11608, #8187, #2902, #7394 ) ) ;
#11199 = ORIENTED_EDGE ( 'NONE', *, *, #10648, .F. ) ;
#11201 = CARTESIAN_POINT ( 'NONE',  ( 0.000000000000000000, 87.50000000000001421, 3.730185188303422936E-15 ) ) ;
#11200 = VECTOR ( 'NONE', #7567, 1000.000000000000000 ) ;
#11202 = DIRECTION ( 'NONE',  ( -0.000000000000000000, 1.000000000000000000, 3.061616997868383141E-16 ) ) ;
#11203 = DIRECTION ( 'NONE',  ( -4.930380657631323784E-32, 1.000000000000000000, 3.061616997868381662E-16 ) ) ;
#11204 = ORIENTED_EDGE ( 'NONE', *, *, #2330, .T. ) ;
#11205 = EDGE_CURVE ( 'NONE', #6963, #12526, #5960, .T. ) ;
#11206 = CARTESIAN_POINT ( 'NONE',  ( 0.000000000000000000, 45.20000000000000995, -9.220454712679835547E-15 ) ) ;
#11207 = DIRECTION ( 'NONE',  ( -0.000000000000000000, 1.000000000000000000, 3.061616997868383141E-16 ) ) ;
#11208 = ORIENTED_EDGE ( 'NONE', *, *, #7943, .T. ) ;
#11209 = EDGE_CURVE ( 'NONE', #168, #12645, #9937, .T. ) ;
#11210 = ORIENTED_EDGE ( 'NONE', *, *, #781, .F. ) ;
#11211 = AXIS2_PLACEMENT_3D ( 'NONE', #6804, #10704, #2045 ) ;
#11212 = EDGE_CURVE ( 'NONE', #11183, #10733, #2122, .T. ) ;
#11213 = AXIS2_PLACEMENT_3D ( 'NONE', #7711, #8614, #962 ) ;
#11214 = EDGE_LOOP ( 'NONE', ( #6582, #9052, #2016, #2826 ) ) ;
#11215 = LINE ( 'NONE', #8207, #9287 ) ;
#11216 = AXIS2_PLACEMENT_3D ( 'NONE', #11495, #1803, #6510 ) ;
#11217 = CARTESIAN_POINT ( 'NONE',  ( 19.26884090911962133, 51.19999999999999574, -9.537388008204249701 ) ) ;
#11218 = ORIENTED_EDGE ( 'NONE', *, *, #9885, .T. ) ;
#11219 = DIRECTION ( 'NONE',  ( 0.000000000000000000, 0.000000000000000000, 1.000000000000000000 ) ) ;
#11220 = DIRECTION ( 'NONE',  ( -0.000000000000000000, 1.000000000000000000, 3.061616997868383141E-16 ) ) ;
#11221 = VERTEX_POINT ( 'NONE', #1052 ) ;
#11222 = CARTESIAN_POINT ( 'NONE',  ( 20.07197916968979001, 51.19999999999999574, -7.704910915224020052 ) ) ;
#11223 = CARTESIAN_POINT ( 'NONE',  ( 0.000000000000000000, 74.75000000000000000, -1.733764839787674301E-16 ) ) ;
#11224 = CARTESIAN_POINT ( 'NONE',  ( 20.07197916968979001, 45.19999999999998863, -7.704910915224021828 ) ) ;
#11225 = EDGE_CURVE ( 'NONE', #515, #6188, #1487, .T. ) ;
#11226 = CIRCLE ( 'NONE', #12242, 21.50000000000001066 ) ;
#11227 = CARTESIAN_POINT ( 'NONE',  ( -21.08072873382959145, 51.19999999999999574, 4.225266388133576356 ) ) ;
#11228 = EDGE_CURVE ( 'NONE', #7941, #8761, #1895, .T. ) ;
#11229 = AXIS2_PLACEMENT_3D ( 'NONE', #11108, #11345, #2557 ) ;
#11230 = EDGE_CURVE ( 'NONE', #10344, #74, #10529, .T. ) ;
#11231 = VECTOR ( 'NONE', #8027, 1000.000000000000000 ) ;
#11232 = ORIENTED_EDGE ( 'NONE', *, *, #2170, .F. ) ;
#11233 = CARTESIAN_POINT ( 'NONE',  ( -8.515864134734846047, -80.41022924428168039, -19.74158195380342917 ) ) ;
#11234 = DIRECTION ( 'NONE',  ( -0.000000000000000000, 1.000000000000000000, 3.061616997868383141E-16 ) ) ;
#11235 = AXIS2_PLACEMENT_3D ( 'NONE', #623, #3169, #1219 ) ;
#11236 = ORIENTED_EDGE ( 'NONE', *, *, #6982, .F. ) ;
#11237 = CARTESIAN_POINT ( 'NONE',  ( 10.74999999999988454, 51.19999999999999574, -18.36954618136546813 ) ) ;
#11238 = UNCERTAINTY_MEASURE_WITH_UNIT (LENGTH_MEASURE( 1.000000000000000082E-05 ), #944, 'distance_accuracy_value', 'NONE');
#11239 = DIRECTION ( 'NONE',  ( -1.972152263052529514E-31, 1.000000000000000000, 3.061616997868382155E-16 ) ) ;
#11240 = ADVANCED_FACE ( 'NONE', ( #10760 ), #8829, .F. ) ;
#11241 = EDGE_CURVE ( 'NONE', #2891, #1127, #8670, .T. ) ;
#11242 = AXIS2_PLACEMENT_3D ( 'NONE', #3069, #224, #11981 ) ;
#11243 = EDGE_LOOP ( 'NONE', ( #10179, #4570, #4111, #8188 ) ) ;
#11244 =( NAMED_UNIT ( * ) SI_UNIT ( $, .STERADIAN. ) SOLID_ANGLE_UNIT ( ) );
#11245 = ORIENTED_EDGE ( 'NONE', *, *, #4544, .F. ) ;
#11246 = DIRECTION ( 'NONE',  ( 1.479114197289397354E-31, 1.000000000000000000, 3.061616997868381662E-16 ) ) ;
#11247 = VERTEX_POINT ( 'NONE', #5320 ) ;
#11248 = DIRECTION ( 'NONE',  ( -1.000000000000000000, -0.000000000000000000, -0.000000000000000000 ) ) ;
#11249 = DIRECTION ( 'NONE',  ( 0.000000000000000000, 0.000000000000000000, 1.000000000000000000 ) ) ;
#11250 = FACE_OUTER_BOUND ( 'NONE', #5723, .T. ) ;
#11251 = DIRECTION ( 'NONE',  ( -0.000000000000000000, 1.000000000000000000, 3.061616997868383141E-16 ) ) ;
#11252 = DIRECTION ( 'NONE',  ( -0.000000000000000000, 1.000000000000000000, 3.061616997868383141E-16 ) ) ;
#11253 = EDGE_CURVE ( 'NONE', #12093, #4160, #3309, .T. ) ;
#11254 = DIRECTION ( 'NONE',  ( 0.000000000000000000, 0.000000000000000000, 1.000000000000000000 ) ) ;
#11255 = VECTOR ( 'NONE', #4498, 1000.000000000000000 ) ;
#11256 = ORIENTED_EDGE ( 'NONE', *, *, #8773, .F. ) ;
#11257 = ORIENTED_EDGE ( 'NONE', *, *, #1076, .F. ) ;
#11258 = AXIS2_PLACEMENT_3D ( 'NONE', #7743, #8906, #5017 ) ;
#11259 = LINE ( 'NONE', #5440, #9710 ) ;
#11260 = AXIS2_PLACEMENT_3D ( 'NONE', #7010, #8662, #2050 ) ;
#11261 = CARTESIAN_POINT ( 'NONE',  ( -15.20279579551089455, 45.19999999999998863, -15.20279579551061566 ) ) ;
#11262 = CYLINDRICAL_SURFACE ( 'NONE', #6446, 0.2500000000000002220 ) ;
#11263 = CYLINDRICAL_SURFACE ( 'NONE', #9102, 0.2500000000000002220 ) ;
#11264 = ORIENTED_EDGE ( 'NONE', *, *, #11065, .T. ) ;
#11265 = CYLINDRICAL_SURFACE ( 'NONE', #7513, 21.50000000000000355 ) ;
#11266 = CARTESIAN_POINT ( 'NONE',  ( 0.9999142384383499227, -0.07390508604212507604, 2.639094913957874322 ) ) ;
#11267 = DIRECTION ( 'NONE',  ( -0.000000000000000000, 1.000000000000000000, 3.061616997868383141E-16 ) ) ;
#11268 = VECTOR ( 'NONE', #7989, 1000.000000000000000 ) ;
#11269 = ORIENTED_EDGE ( 'NONE', *, *, #576, .F. ) ;
#11270 = DIRECTION ( 'NONE',  ( 0.000000000000000000, -1.000000000000000000, -3.061616997868383141E-16 ) ) ;
#11271 = FACE_OUTER_BOUND ( 'NONE', #1107, .T. ) ;
#11272 = ORIENTED_EDGE ( 'NONE', *, *, #3338, .T. ) ;
#11273 = ORIENTED_EDGE ( 'NONE', *, *, #8553, .F. ) ;
#11274 = ORIENTED_EDGE ( 'NONE', *, *, #7934, .F. ) ;
#11275 = LINE ( 'NONE', #8451, #12352 ) ;
#11276 = AXIS2_PLACEMENT_3D ( 'NONE', #4907, #774, #5864 ) ;
#11277 = PRODUCT_RELATED_PRODUCT_CATEGORY ( 'part', '', ( #4995 ) ) ;
#11278 = DIRECTION ( 'NONE',  ( -0.000000000000000000, 1.000000000000000000, 3.061616997868383141E-16 ) ) ;
#11279 = ORIENTED_EDGE ( 'NONE', *, *, #8936, .T. ) ;
#11280 = CARTESIAN_POINT ( 'NONE',  ( 0.000000000000000000, 87.50000000000001421, 3.730185188303422936E-15 ) ) ;
#11281 = EDGE_CURVE ( 'NONE', #7616, #2830, #6246, .T. ) ;
#11282 = DIRECTION ( 'NONE',  ( 0.000000000000000000, 0.000000000000000000, -1.000000000000000000 ) ) ;
#11283 = ORIENTED_EDGE ( 'NONE', *, *, #9459, .T. ) ;
#11284 = DIRECTION ( 'NONE',  ( 4.930380657631323784E-32, 1.000000000000000000, 3.061616997868382648E-16 ) ) ;
#11285 = CARTESIAN_POINT ( 'NONE',  ( 0.000000000000000000, 51.20000000000000995, -7.383484513958806747E-15 ) ) ;
#11286 = CARTESIAN_POINT ( 'NONE',  ( -4.714331922580580425, -80.41022924428168039, -20.97677464539622960 ) ) ;
#11287 = EDGE_CURVE ( 'NONE', #532, #2586, #6645, .T. ) ;
#11288 = CYLINDRICAL_SURFACE ( 'NONE', #7969, 21.50000000000000355 ) ;
#11289 = EDGE_CURVE ( 'NONE', #6084, #3820, #5024, .T. ) ;
#11290 = ORIENTED_EDGE ( 'NONE', *, *, #11555, .T. ) ;
#11291 = CARTESIAN_POINT ( 'NONE',  ( -17.39386537906147012, 51.19999999999999574, -12.63738292428799603 ) ) ;
#11292 = ADVANCED_FACE ( 'NONE', ( #2222 ), #5442, .T. ) ;
#11293 = DIRECTION ( 'NONE',  ( 0.000000000000000000, 0.000000000000000000, -1.000000000000000000 ) ) ;
#11294 = ORIENTED_EDGE ( 'NONE', *, *, #1336, .T. ) ;
#11295 = CARTESIAN_POINT ( 'NONE',  ( -18.16635567040258792, 51.19999999999999574, -11.49928352796085562 ) ) ;
#11296 = CARTESIAN_POINT ( 'NONE',  ( 18.03141721082655380, -80.41022924428168039, -11.45973925282318007 ) ) ;
#11297 = EDGE_CURVE ( 'NONE', #5410, #5436, #11949, .T. ) ;
#11298 = VECTOR ( 'NONE', #9699, 999.9999999999998863 ) ;
#11299 = CIRCLE ( 'NONE', #3523, 21.50000000000001066 ) ;
#11300 = ORIENTED_EDGE ( 'NONE', *, *, #11205, .T. ) ;
#11301 = EDGE_LOOP ( 'NONE', ( #10981, #6646, #10496, #3125 ) ) ;
#11302 = CYLINDRICAL_SURFACE ( 'NONE', #11838, 21.50000000000000355 ) ;
#11303 = EDGE_CURVE ( 'NONE', #11980, #3673, #9274, .T. ) ;
#11304 = EDGE_LOOP ( 'NONE', ( #10928, #2862, #10082, #11582 ) ) ;
#11305 = CARTESIAN_POINT ( 'NONE',  ( 8.744837826129717939, 51.20000000000000995, 19.64122733931591469 ) ) ;
#11306 = VECTOR ( 'NONE', #8722, 1000.000000000000000 ) ;
#11307 = CARTESIAN_POINT ( 'NONE',  ( 5.805710654484395050, 51.19999999999999574, -20.70129763556880675 ) ) ;
#11308 = DIRECTION ( 'NONE',  ( 0.000000000000000000, -3.384826294588891940E-16, 1.000000000000000000 ) ) ;
#11309 = DIRECTION ( 'NONE',  ( 0.000000000000000000, -3.227392513445220839E-16, 1.000000000000000000 ) ) ;
#11310 = CARTESIAN_POINT ( 'NONE',  ( -0.9996710168333414748, 0.08357769860875477463, 2.796577698608754936 ) ) ;
#11311 = DIRECTION ( 'NONE',  ( -0.000000000000000000, 1.000000000000000000, 3.061616997868383141E-16 ) ) ;
#11312 = ORIENTED_EDGE ( 'NONE', *, *, #676, .F. ) ;
#11313 = AXIS2_PLACEMENT_3D ( 'NONE', #7858, #10876, #5949 ) ;
#11314 = EDGE_LOOP ( 'NONE', ( #3442, #9424, #8758, #8442, #11864 ) ) ;
#11315 = AXIS2_PLACEMENT_3D ( 'NONE', #5304, #1162, #3236 ) ;
#11316 = ORIENTED_EDGE ( 'NONE', *, *, #2777, .T. ) ;
#11317 = EDGE_CURVE ( 'NONE', #2438, #12098, #1311, .T. ) ;
#11318 = CARTESIAN_POINT ( 'NONE',  ( -20.07197916968989659, 51.19999999999999574, -7.704910915223750045 ) ) ;
#11319 = DIRECTION ( 'NONE',  ( 0.000000000000000000, 0.000000000000000000, 1.000000000000000000 ) ) ;
#11320 = AXIS2_PLACEMENT_3D ( 'NONE', #8083, #299, #5273 ) ;
#11321 = DIRECTION ( 'NONE',  ( -0.000000000000000000, 1.000000000000000000, 3.061616997868383141E-16 ) ) ;
#11322 = EDGE_LOOP ( 'NONE', ( #9529, #8220, #5380, #1284 ) ) ;
#11323 = CARTESIAN_POINT ( 'NONE',  ( 11.49928352796090536, -80.41022924428169460, 18.16635567040251331 ) ) ;
#11324 = CIRCLE ( 'NONE', #3750, 0.2500000000000002220 ) ;
#11325 = CARTESIAN_POINT ( 'NONE',  ( 1.125223059223148248, 45.19999999999998863, -21.47053499722332148 ) ) ;
#11326 = ORIENTED_EDGE ( 'NONE', *, *, #3865, .T. ) ;
#11327 = DIRECTION ( 'NONE',  ( 0.000000000000000000, -1.000000000000000000, -3.061616997868383141E-16 ) ) ;
#11328 = CARTESIAN_POINT ( 'NONE',  ( 21.23529932279543431, 51.19999999999999574, -3.363340998365024870 ) ) ;
#11329 = ORIENTED_EDGE ( 'NONE', *, *, #4828, .T. ) ;
#11330 = VERTEX_POINT ( 'NONE', #11197 ) ;
#11331 = AXIS2_PLACEMENT_3D ( 'NONE', #4493, #12294, #5398 ) ;
#11332 = VECTOR ( 'NONE', #479, 1000.000000000000000 ) ;
#11333 = EDGE_LOOP ( 'NONE', ( #3261, #9093, #4675, #9690 ) ) ;
#11334 = CARTESIAN_POINT ( 'NONE',  ( 0.000000000000000000, 87.50000000000001421, 3.730185188303422936E-15 ) ) ;
#11335 = CARTESIAN_POINT ( 'NONE',  ( 0.9975686316102995166, -0.08627573251035132451, -2.799275732510351666 ) ) ;
#11336 = VERTEX_POINT ( 'NONE', #1498 ) ;
#11337 = CARTESIAN_POINT ( 'NONE',  ( 20.07197916968979001, 51.19999999999999574, -7.704910915224020052 ) ) ;
#11338 = CARTESIAN_POINT ( 'NONE',  ( 0.000000000000000000, 28.86506350946110189, -1.422158663453328212E-14 ) ) ;
#11339 = ORIENTED_EDGE ( 'NONE', *, *, #3392, .F. ) ;
#11340 = CYLINDRICAL_SURFACE ( 'NONE', #10148, 0.2500000000000002220 ) ;
#11341 = CIRCLE ( 'NONE', #5227, 21.50000000000000000 ) ;
#11342 = CARTESIAN_POINT ( 'NONE',  ( -13.33519049100542375, 45.20000000000000284, 16.86483603740631310 ) ) ;
#11343 = CYLINDRICAL_SURFACE ( 'NONE', #1208, 21.50000000000000355 ) ;
#11344 = AXIS2_PLACEMENT_3D ( 'NONE', #10356, #528, #2647 ) ;
#11345 = DIRECTION ( 'NONE',  ( -0.000000000000000000, 1.000000000000000000, 3.061616997868383141E-16 ) ) ;
#11346 = CARTESIAN_POINT ( 'NONE',  ( 0.000000000000000000, 87.50000000000001421, 3.730185188303422936E-15 ) ) ;
#11347 = AXIS2_PLACEMENT_3D ( 'NONE', #12218, #7107, #1242 ) ;
#11348 = EDGE_LOOP ( 'NONE', ( #11488, #1730 ) ) ;
#11349 = EDGE_CURVE ( 'NONE', #12071, #10534, #9696, .T. ) ;
#11350 = AXIS2_PLACEMENT_3D ( 'NONE', #966, #12452, #2710 ) ;
#11351 = EDGE_CURVE ( 'NONE', #5176, #1576, #9150, .T. ) ;
#11352 = VERTEX_POINT ( 'NONE', #4475 ) ;
#11353 = DIRECTION ( 'NONE',  ( -0.000000000000000000, 1.000000000000000000, 3.061616997868383141E-16 ) ) ;
#11354 = CIRCLE ( 'NONE', #7468, 0.2500000000000002220 ) ;
#11355 = DIRECTION ( 'NONE',  ( 9.860761315262647568E-32, 1.000000000000000000, 3.061616997868382155E-16 ) ) ;
#11356 = ORIENTED_EDGE ( 'NONE', *, *, #9749, .T. ) ;
#11357 = CARTESIAN_POINT ( 'NONE',  ( -0.9962617306406352791, -0.08682781387769962500, -2.799827813877699967 ) ) ;
#11358 = DIRECTION ( 'NONE',  ( -4.930380657631323784E-32, 1.000000000000000000, 3.061616997868382648E-16 ) ) ;
#11359 = DIRECTION ( 'NONE',  ( -0.000000000000000000, 1.000000000000000000, 3.061616997868383141E-16 ) ) ;
#11360 = CONICAL_SURFACE ( 'NONE', #7475, 15.65000000000000036, 0.7853981633974482790 ) ;
#11361 = ADVANCED_FACE ( 'NONE', ( #8253 ), #11263, .F. ) ;
#11362 = EDGE_CURVE ( 'NONE', #3647, #2598, #6439, .T. ) ;
#11363 = ADVANCED_FACE ( 'NONE', ( #6340 ), #12161, .F. ) ;
#11364 = VERTEX_POINT ( 'NONE', #7292 ) ;
#11365 = ITEM_DEFINED_TRANSFORMATION ( 'NONE', 'NONE', #7651,  #7256 ) ;
#11366 = CIRCLE ( 'NONE', #9733, 0.2500000000000002220 ) ;
#11367 = ORIENTED_EDGE ( 'NONE', *, *, #6055, .T. ) ;
#11368 = CARTESIAN_POINT ( 'NONE',  ( 0.9992227334363714686, 0.07550946811486199117, -2.637490531885140932 ) ) ;
#11369 = ORIENTED_EDGE ( 'NONE', *, *, #10602, .F. ) ;
#11370 = DIRECTION ( 'NONE',  ( 0.000000000000000000, 0.000000000000000000, 1.000000000000000000 ) ) ;
#11371 = CARTESIAN_POINT ( 'NONE',  ( 0.000000000000000000, 87.50000000000001421, 3.730185188303422936E-15 ) ) ;
#11372 = CARTESIAN_POINT ( 'NONE',  ( -19.64122733931581166, -80.41022924428168039, 8.744837826129893799 ) ) ;
#11373 = DIRECTION ( 'NONE',  ( 0.000000000000000000, -3.227392513445220839E-16, 1.000000000000000000 ) ) ;
#11374 = DIRECTION ( 'NONE',  ( -0.000000000000000000, 1.000000000000000000, 3.061616997868383141E-16 ) ) ;
#11375 =( GEOMETRIC_REPRESENTATION_CONTEXT ( 3 ) GLOBAL_UNCERTAINTY_ASSIGNED_CONTEXT ( ( #10988 ) ) GLOBAL_UNIT_ASSIGNED_CONTEXT ( ( #8580, #10568, #3513 ) ) REPRESENTATION_CONTEXT ( 'NONE', 'WORKASPACE' ) );
#11376 = CARTESIAN_POINT ( 'NONE',  ( 18.03141721082663196, 51.20000000000000995, 11.70973925282305395 ) ) ;
#11377 = ORIENTED_EDGE ( 'NONE', *, *, #8168, .T. ) ;
#11378 = EDGE_CURVE ( 'NONE', #10183, #168, #1716, .T. ) ;
#11379 = ORIENTED_EDGE ( 'NONE', *, *, #5107, .T. ) ;
#11380 = EDGE_CURVE ( 'NONE', #1147, #2316, #9931, .T. ) ;
#11381 = ORIENTED_EDGE ( 'NONE', *, *, #7674, .T. ) ;
#11382 = DIRECTION ( 'NONE',  ( -0.000000000000000000, 1.000000000000000000, 3.061616997868383141E-16 ) ) ;
#11383 = CYLINDRICAL_SURFACE ( 'NONE', #10132, 0.2500000000000002220 ) ;
#11384 = ORIENTED_EDGE ( 'NONE', *, *, #1599, .T. ) ;
#11385 = CARTESIAN_POINT ( 'NONE',  ( 0.000000000000000000, -80.41022924428168039, -21.25000000000001066 ) ) ;
#11386 = LINE ( 'NONE', #1619, #10244 ) ;
#11387 = CARTESIAN_POINT ( 'NONE',  ( 0.000000000000000000, 87.50000000000001421, 3.730185188303422936E-15 ) ) ;
#11388 = EDGE_LOOP ( 'NONE', ( #8774, #11602 ) ) ;
#11389 = EDGE_CURVE ( 'NONE', #9792, #4315, #3160, .T. ) ;
#11390 = DIRECTION ( 'NONE',  ( 0.000000000000000000, 0.000000000000000000, 1.000000000000000000 ) ) ;
#11391 = CARTESIAN_POINT ( 'NONE',  ( 18.49328953615750848, 45.20000000000000284, 10.96577594754915985 ) ) ;
#11392 = ORIENTED_EDGE ( 'NONE', *, *, #6583, .F. ) ;
#11393 = EDGE_CURVE ( 'NONE', #10595, #6471, #272, .T. ) ;
#11394 = ORIENTED_EDGE ( 'NONE', *, *, #6619, .F. ) ;
#11395 = ORIENTED_EDGE ( 'NONE', *, *, #5437, .T. ) ;
#11396 = CARTESIAN_POINT ( 'NONE',  ( -21.48216726873254956, 45.19999999999998863, -0.8754938253325593722 ) ) ;
#11397 = CYLINDRICAL_SURFACE ( 'NONE', #2156, 0.2500000000000002220 ) ;
#11398 = AXIS2_PLACEMENT_3D ( 'NONE', #6092, #6342, #10424 ) ;
#11399 = ORIENTED_EDGE ( 'NONE', *, *, #3075, .F. ) ;
#11400 = DIRECTION ( 'NONE',  ( -9.860761315262647568E-32, 1.000000000000000000, 3.061616997868382155E-16 ) ) ;
#11401 = DIRECTION ( 'NONE',  ( 0.000000000000000000, 0.000000000000000000, 1.000000000000000000 ) ) ;
#11402 = ORIENTED_EDGE ( 'NONE', *, *, #6318, .F. ) ;
#11403 = DIRECTION ( 'NONE',  ( 0.000000000000000000, 0.000000000000000000, 1.000000000000000000 ) ) ;
#11404 = PLANE ( 'NONE',  #12075 ) ;
#11405 = DIRECTION ( 'NONE',  ( -0.000000000000000000, 1.000000000000000000, 3.061616997868383141E-16 ) ) ;
#11406 = ORIENTED_EDGE ( 'NONE', *, *, #9254, .F. ) ;
#11407 = DIRECTION ( 'NONE',  ( -0.000000000000000000, 1.000000000000000000, 3.061616997868383141E-16 ) ) ;
#11408 = CARTESIAN_POINT ( 'NONE',  ( 0.000000000000000000, 45.20000000000000995, -9.220454712679835547E-15 ) ) ;
#11409 = EDGE_CURVE ( 'NONE', #8723, #10948, #1096, .T. ) ;
#11410 = CIRCLE ( 'NONE', #7717, 47.84587804878074735 ) ;
#11411 = CIRCLE ( 'NONE', #5291, 0.2500000000000002220 ) ;
#11412 = VERTEX_POINT ( 'NONE', #8504 ) ;
#11413 = ORIENTED_EDGE ( 'NONE', *, *, #4556, .T. ) ;
#11414 = CARTESIAN_POINT ( 'NONE',  ( -11.49928352796065312, 45.20000000000000284, 18.16635567040270871 ) ) ;
#11415 = DIRECTION ( 'NONE',  ( 9.860761315262647568E-32, 1.000000000000000000, 3.061616997868382648E-16 ) ) ;
#11416 = ORIENTED_EDGE ( 'NONE', *, *, #4576, .F. ) ;
#11417 = CARTESIAN_POINT ( 'NONE',  ( -0.9998927283082005291, -0.08295993751795997795, -2.795959937517960459 ) ) ;
#11418 = AXIS2_PLACEMENT_3D ( 'NONE', #10340, #10157, #6256 ) ;
#11419 =( LENGTH_UNIT ( ) NAMED_UNIT ( * ) SI_UNIT ( .MILLI., .METRE. ) );
#11420 = CIRCLE ( 'NONE', #4884, 0.2500000000000002220 ) ;
#11421 = ADVANCED_FACE ( 'NONE', ( #12525 ), #11509, .F. ) ;
#11422 = EDGE_LOOP ( 'NONE', ( #6286, #10592, #4003, #11856, #7817 ) ) ;
#11423 = CIRCLE ( 'NONE', #5915, 0.2500000000000002220 ) ;
#11424 = AXIS2_PLACEMENT_3D ( 'NONE', #7523, #8935, #11815 ) ;
#11425 = EDGE_LOOP ( 'NONE', ( #1952, #5469, #430, #2623 ) ) ;
#11426 = DIRECTION ( 'NONE',  ( -0.000000000000000000, 1.000000000000000000, 3.061616997868383141E-16 ) ) ;
#11427 = VERTEX_POINT ( 'NONE', #7480 ) ;
#11428 = CARTESIAN_POINT ( 'NONE',  ( 0.000000000000000000, 45.20000000000000995, -9.220454712679835547E-15 ) ) ;
#11429 = EDGE_CURVE ( 'NONE', #9961, #9807, #3694, .T. ) ;
#11430 = CARTESIAN_POINT ( 'NONE',  ( 12.43427775499836230, -80.41022924428168039, -17.53963331177573437 ) ) ;
#11431 = CARTESIAN_POINT ( 'NONE',  ( 0.9991179619992971439, -0.08475192185264196487, -2.797751921852641654 ) ) ;
#11432 = CYLINDRICAL_SURFACE ( 'NONE', #765, 21.50000000000000355 ) ;
#11433 = DIRECTION ( 'NONE',  ( -0.000000000000000000, 1.000000000000000000, 3.061616997868383141E-16 ) ) ;
#11434 = AXIS2_PLACEMENT_3D ( 'NONE', #8075, #4049, #9944 ) ;
#11435 = EDGE_CURVE ( 'NONE', #2512, #3807, #10950, .T. ) ;
#11436 = DIRECTION ( 'NONE',  ( 0.000000000000000000, 0.000000000000000000, 1.000000000000000000 ) ) ;
#11437 = ORIENTED_EDGE ( 'NONE', *, *, #2597, .T. ) ;
#11438 = ORIENTED_EDGE ( 'NONE', *, *, #11165, .F. ) ;
#11439 = AXIS2_PLACEMENT_3D ( 'NONE', #3980, #3791, #100 ) ;
#11440 = ORIENTED_EDGE ( 'NONE', *, *, #147, .F. ) ;
#11441 = ADVANCED_FACE ( 'NONE', ( #6588 ), #11383, .F. ) ;
#11442 = CARTESIAN_POINT ( 'NONE',  ( 1.916572240665607987E-15, 76.25000000000000000, -15.65000000000000036 ) ) ;
#11443 = CYLINDRICAL_SURFACE ( 'NONE', #6863, 0.2500000000000002220 ) ;
#11444 = EDGE_CURVE ( 'NONE', #11654, #1272, #4807, .T. ) ;
#11445 = DIRECTION ( 'NONE',  ( -0.000000000000000000, 1.000000000000000000, 3.061616997868383141E-16 ) ) ;
#11446 = ORIENTED_EDGE ( 'NONE', *, *, #87, .T. ) ;
#11447 = DIRECTION ( 'NONE',  ( 0.000000000000000000, -1.000000000000000000, -3.061616997868383141E-16 ) ) ;
#11448 = AXIS2_PLACEMENT_3D ( 'NONE', #8096, #5341, #2243 ) ;
#11449 = CARTESIAN_POINT ( 'NONE',  ( 14.38630803671546765, 45.20000000000000284, 15.97761374776396082 ) ) ;
#11450 = CIRCLE ( 'NONE', #2246, 21.50000000000000000 ) ;
#11451 = DIRECTION ( 'NONE',  ( -7.395570986446986770E-32, 1.000000000000000000, 3.061616997868381169E-16 ) ) ;
#11452 = VERTEX_POINT ( 'NONE', #10363 ) ;
#11453 = CARTESIAN_POINT ( 'NONE',  ( -19.64122733931598574, 45.19999999999998863, -8.744837826129508329 ) ) ;
#11454 = CARTESIAN_POINT ( 'NONE',  ( 0.000000000000000000, 51.20000000000000995, -7.383484513958806747E-15 ) ) ;
#11455 = VERTEX_POINT ( 'NONE', #10486 ) ;
#11456 = VERTEX_POINT ( 'NONE', #6524 ) ;
#11457 = VECTOR ( 'NONE', #12623, 1000.000000000000000 ) ;
#11458 = ORIENTED_EDGE ( 'NONE', *, *, #2272, .T. ) ;
#11459 = CIRCLE ( 'NONE', #10236, 21.50000000000000000 ) ;
#11460 = CYLINDRICAL_SURFACE ( 'NONE', #12155, 21.50000000000000355 ) ;
#11461 = EDGE_CURVE ( 'NONE', #7687, #9590, #5231, .T. ) ;
#11462 = DIRECTION ( 'NONE',  ( 7.395570986446986770E-32, 1.000000000000000000, 3.061616997868381169E-16 ) ) ;
#11463 = ORIENTED_EDGE ( 'NONE', *, *, #11914, .T. ) ;
#11464 = CYLINDRICAL_SURFACE ( 'NONE', #5003, 0.2500000000000002220 ) ;
#11465 = AXIS2_PLACEMENT_3D ( 'NONE', #4282, #6272, #2462 ) ;
#11466 = ADVANCED_FACE ( 'NONE', ( #3629 ), #4534, .T. ) ;
#11467 = DIRECTION ( 'NONE',  ( 0.000000000000000000, -3.227392513445222318E-16, 1.000000000000000000 ) ) ;
#11468 = CARTESIAN_POINT ( 'NONE',  ( 0.000000000000000000, 87.50000000000001421, 3.730185188303422936E-15 ) ) ;
#11469 = VERTEX_POINT ( 'NONE', #8437 ) ;
#11470 = CYLINDRICAL_SURFACE ( 'NONE', #2763, 21.50000000000000355 ) ;
#11471 = CARTESIAN_POINT ( 'NONE',  ( 0.000000000000000000, 51.20000000000000995, -7.383484513958806747E-15 ) ) ;
#11472 = DIRECTION ( 'NONE',  ( 7.395570986446986770E-32, 1.000000000000000000, 3.061616997868381169E-16 ) ) ;
#11473 = ORIENTED_EDGE ( 'NONE', *, *, #214, .T. ) ;
#11474 = CARTESIAN_POINT ( 'NONE',  ( 17.24574565275889526, 51.20000000000000995, 12.83877941551873114 ) ) ;
#11475 = DIRECTION ( 'NONE',  ( -0.000000000000000000, 1.000000000000000000, 3.061616997868383141E-16 ) ) ;
#11476 = AXIS2_PLACEMENT_3D ( 'NONE', #12100, #8322, #4236 ) ;
#11477 = EDGE_LOOP ( 'NONE', ( #9615, #11600, #8233, #10404 ) ) ;
#11478 = ORIENTED_EDGE ( 'NONE', *, *, #10136, .F. ) ;
#11479 = CARTESIAN_POINT ( 'NONE',  ( 0.000000000000000000, 51.20000000000000995, -7.383484513958806747E-15 ) ) ;
#11480 = EDGE_CURVE ( 'NONE', #11638, #5702, #5751, .T. ) ;
#11481 = CYLINDRICAL_SURFACE ( 'NONE', #9666, 0.2500000000000002220 ) ;
#11482 = ORIENTED_EDGE ( 'NONE', *, *, #4718, .F. ) ;
#11483 = CARTESIAN_POINT ( 'NONE',  ( -0.9978488633033356647, -0.08609119238737403257, -2.799091192387374250 ) ) ;
#11484 = EDGE_CURVE ( 'NONE', #1529, #3701, #11961, .T. ) ;
#11485 =( NAMED_UNIT ( * ) PLANE_ANGLE_UNIT ( ) SI_UNIT ( $, .RADIAN. ) );
#11486 = AXIS2_PLACEMENT_3D ( 'NONE', #506, #8343, #2970 ) ;
#11487 = ORIENTED_EDGE ( 'NONE', *, *, #11506, .T. ) ;
#11488 = ORIENTED_EDGE ( 'NONE', *, *, #11520, .F. ) ;
#11489 = ORIENTED_EDGE ( 'NONE', *, *, #5449, .T. ) ;
#11490 = DIRECTION ( 'NONE',  ( 0.000000000000000000, 0.000000000000000000, -1.000000000000000000 ) ) ;
#11491 = DIRECTION ( 'NONE',  ( 0.000000000000000000, 0.000000000000000000, -1.000000000000000000 ) ) ;
#11492 = ORIENTED_EDGE ( 'NONE', *, *, #4198, .F. ) ;
#11493 = LINE ( 'NONE', #8362, #12514 ) ;
#11494 = DIRECTION ( 'NONE',  ( -0.000000000000000000, 1.000000000000000000, 3.061616997868383141E-16 ) ) ;
#11495 = CARTESIAN_POINT ( 'NONE',  ( 0.000000000000000000, 51.20000000000000995, -7.383484513958806747E-15 ) ) ;
#11496 = CIRCLE ( 'NONE', #3726, 0.2500000000000002220 ) ;
#11497 = DIRECTION ( 'NONE',  ( 0.000000000000000000, -3.248981738798774652E-16, 1.000000000000000000 ) ) ;
#11498 = B_SPLINE_CURVE_WITH_KNOTS ( 'NONE', 3,
 ( #916, #4798, #4860, #8694, #2856, #6779, #12654, #7791, #10874, #7038, #11127, #11064, #10108, #274, #6080, #3049 ),
 .UNSPECIFIED., .F., .F.,
 ( 4, 3, 3, 3, 3, 4 ),
 ( 9.486769009248163798E-20, 2.525768609668103141E-06, 4.871191486687313744E-06, 6.627982770220636702E-06, 8.046505712679359734E-06, 9.198675655824482396E-06 ),
 .UNSPECIFIED. ) ;
#11499 = LINE ( 'NONE', #9706, #7072 ) ;
#11500 = ORIENTED_EDGE ( 'NONE', *, *, #3470, .F. ) ;
#11501 = ORIENTED_EDGE ( 'NONE', *, *, #5149, .T. ) ;
#11502 = ADVANCED_FACE ( 'NONE', ( #9645 ), #2658, .F. ) ;
#11503 = DIRECTION ( 'NONE',  ( 0.000000000000000000, 0.000000000000000000, 1.000000000000000000 ) ) ;
#11504 = AXIS2_PLACEMENT_3D ( 'NONE', #9453, #8561, #1550 ) ;
#11505 = CIRCLE ( 'NONE', #1460, 21.50000000000000000 ) ;
#11506 = EDGE_CURVE ( 'NONE', #6260, #12211, #12339, .T. ) ;
#11507 = CARTESIAN_POINT ( 'NONE',  ( -21.38222075041784365, 45.19999999999998863, 2.247361960254779856 ) ) ;
#11508 = DIRECTION ( 'NONE',  ( -7.395570986446986770E-32, 1.000000000000000000, 3.061616997868382648E-16 ) ) ;
#11509 = CYLINDRICAL_SURFACE ( 'NONE', #12369, 0.2500000000000002220 ) ;
#11510 = EDGE_LOOP ( 'NONE', ( #7750, #1488, #4887, #549 ) ) ;
#11511 = CARTESIAN_POINT ( 'NONE',  ( 0.000000000000000000, 87.50000000000001421, 3.730185188303422936E-15 ) ) ;
#11512 = CARTESIAN_POINT ( 'NONE',  ( -21.27297168455575971, 51.19999999999999574, 3.116195710812890152 ) ) ;
#11513 = FACE_OUTER_BOUND ( 'NONE', #425, .T. ) ;
#11514 = ORIENTED_EDGE ( 'NONE', *, *, #291, .T. ) ;
#11515 = LINE ( 'NONE', #665, #33 ) ;
#11516 = AXIS2_PLACEMENT_3D ( 'NONE', #12633, #1854, #9504 ) ;
#11517 = CARTESIAN_POINT ( 'NONE',  ( -20.07197916968989659, -80.41022924428168039, -7.454910915223789125 ) ) ;
#11518 = AXIS2_PLACEMENT_3D ( 'NONE', #6968, #910, #5940 ) ;
#11519 = EDGE_LOOP ( 'NONE', ( #8907, #11487, #2601, #5286 ) ) ;
#11520 = EDGE_CURVE ( 'NONE', #4013, #7703, #6251, .T. ) ;
#11521 = EDGE_LOOP ( 'NONE', ( #5990, #1596, #3024, #3510 ) ) ;
#11522 = EDGE_CURVE ( 'NONE', #10771, #811, #6855, .T. ) ;
#11523 = ORIENTED_EDGE ( 'NONE', *, *, #2579, .T. ) ;
#11524 = DIRECTION ( 'NONE',  ( -0.000000000000000000, 1.000000000000000000, 3.061616997868383141E-16 ) ) ;
#11525 = EDGE_CURVE ( 'NONE', #9280, #11041, #1298, .T. ) ;
#11526 = CIRCLE ( 'NONE', #3967, 0.2500000000000002220 ) ;
#11527 = CARTESIAN_POINT ( 'NONE',  ( 0.9979693847162076636, -0.08598665755357010054, -2.798986657553570456 ) ) ;
#11528 = CYLINDRICAL_SURFACE ( 'NONE', #3155, 21.50000000000000355 ) ;
#11529 = CIRCLE ( 'NONE', #7428, 0.2500000000000002220 ) ;
#11530 = DIRECTION ( 'NONE',  ( -0.000000000000000000, 1.000000000000000000, 3.061616997868383141E-16 ) ) ;
#11531 = ORIENTED_EDGE ( 'NONE', *, *, #7769, .T. ) ;
#11532 = CARTESIAN_POINT ( 'NONE',  ( -14.57111852952473541, 51.19999999999999574, -15.80925377108423646 ) ) ;
#11533 = CARTESIAN_POINT ( 'NONE',  ( 0.8754938253327942954, -80.41022924428169460, 21.48216726873251758 ) ) ;
#11534 = CARTESIAN_POINT ( 'NONE',  ( 0.000000000000000000, 9.199999999999993960, 16.01785065697081833 ) ) ;
#11535 = VERTEX_POINT ( 'NONE', #10615 ) ;
#11536 = CARTESIAN_POINT ( 'NONE',  ( 20.16021269457230503, 51.19999999999999574, -7.470998869602759385 ) ) ;
#11537 = AXIS2_PLACEMENT_3D ( 'NONE', #12559, #4757, #9819 ) ;
#11538 = FACE_OUTER_BOUND ( 'NONE', #10433, .T. ) ;
#11539 = CIRCLE ( 'NONE', #7842, 21.50000000000001066 ) ;
#11540 = EDGE_CURVE ( 'NONE', #1585, #3222, #1814, .T. ) ;
#11541 = CIRCLE ( 'NONE', #5008, 0.2500000000000002220 ) ;
#11542 = VERTEX_POINT ( 'NONE', #3500 ) ;
#11543 = AXIS2_PLACEMENT_3D ( 'NONE', #4189, #7126, #6171 ) ;
#11544 = EDGE_CURVE ( 'NONE', #11085, #11710, #2955, .T. ) ;
#11545 = EDGE_CURVE ( 'NONE', #4380, #4454, #3368, .T. ) ;
#11546 = VERTEX_POINT ( 'NONE', #4856 ) ;
#11547 = CARTESIAN_POINT ( 'NONE',  ( -21.47053499722334280, 45.19999999999998863, -1.125223059223059652 ) ) ;
#11548 = PRODUCT_DEFINITION_FORMATION_WITH_SPECIFIED_SOURCE ( 'ANY', '', #10917, .NOT_KNOWN. ) ;
#11549 = CARTESIAN_POINT ( 'NONE',  ( 12.63738292428807419, 51.19999999999999574, -17.39386537906140973 ) ) ;
#11550 = VERTEX_POINT ( 'NONE', #139 ) ;
#11551 = AXIS2_PLACEMENT_3D ( 'NONE', #806, #6732, #7498 ) ;
#11552 = FACE_OUTER_BOUND ( 'NONE', #10311, .T. ) ;
#11553 = EDGE_CURVE ( 'NONE', #4738, #12196, #9500, .T. ) ;
#11554 = CIRCLE ( 'NONE', #488, 15.65000000000000036 ) ;
#11555 = EDGE_CURVE ( 'NONE', #5635, #4545, #1038, .T. ) ;
#11556 = AXIS2_PLACEMENT_3D ( 'NONE', #8429, #12330, #3558 ) ;
#11557 = ORIENTED_EDGE ( 'NONE', *, *, #6714, .T. ) ;
#11558 = VECTOR ( 'NONE', #6006, 1000.000000000000000 ) ;
#11559 = EDGE_LOOP ( 'NONE', ( #8730, #4849, #10441, #6885, #9996 ) ) ;
#11560 = ORIENTED_EDGE ( 'NONE', *, *, #2732, .T. ) ;
#11561 = CARTESIAN_POINT ( 'NONE',  ( 0.000000000000000000, 87.50000000000001421, 3.730185188303422936E-15 ) ) ;
#11562 = CARTESIAN_POINT ( 'NONE',  ( 15.97761374776389331, 51.19999999999999574, -14.13630803671550673 ) ) ;
#11563 = ORIENTED_EDGE ( 'NONE', *, *, #5293, .F. ) ;
#11564 = AXIS2_PLACEMENT_3D ( 'NONE', #9620, #12687, #2886 ) ;
#11565 = DIRECTION ( 'NONE',  ( 0.000000000000000000, 0.000000000000000000, -1.000000000000000000 ) ) ;
#11566 = CARTESIAN_POINT ( 'NONE',  ( 21.40690689856073448, -80.41022924428168039, 1.998583757652483195 ) ) ;
#11567 = CARTESIAN_POINT ( 'NONE',  ( -12.63738292428830867, -80.41022924428168039, -17.39386537906128183 ) ) ;
#11568 = CARTESIAN_POINT ( 'NONE',  ( -14.19955239679448589, 45.20000000000000284, 16.14381341971864359 ) ) ;
#11569 = ORIENTED_EDGE ( 'NONE', *, *, #2661, .F. ) ;
#11570 = ORIENTED_EDGE ( 'NONE', *, *, #3924, .F. ) ;
#11571 = AXIS2_PLACEMENT_3D ( 'NONE', #3142, #5157, #7063 ) ;
#11572 = CYLINDRICAL_SURFACE ( 'NONE', #8854, 0.2500000000000002220 ) ;
#11573 = DIRECTION ( 'NONE',  ( 0.000000000000000000, -1.000000000000000000, -3.061616997868383141E-16 ) ) ;
#11574 = DIRECTION ( 'NONE',  ( -0.000000000000000000, 1.000000000000000000, 3.061616997868383141E-16 ) ) ;
#11575 = EDGE_LOOP ( 'NONE', ( #12370, #8479, #5581, #9007 ) ) ;
#11576 = DIRECTION ( 'NONE',  ( 0.000000000000000000, 0.000000000000000000, 1.000000000000000000 ) ) ;
#11577 = AXIS2_PLACEMENT_3D ( 'NONE', #7366, #11278, #10318 ) ;
#11578 = CARTESIAN_POINT ( 'NONE',  ( -19.04184949573522800, -80.41022924428168039, 9.982883740771846703 ) ) ;
#11579 = CARTESIAN_POINT ( 'NONE',  ( 0.000000000000000000, 45.20000000000000995, -9.220454712679835547E-15 ) ) ;
#11580 = DIRECTION ( 'NONE',  ( -4.930380657631323784E-32, 1.000000000000000000, 3.061616997868382648E-16 ) ) ;
#11581 = DIRECTION ( 'NONE',  ( 0.000000000000000000, -3.227392513445222318E-16, 1.000000000000000000 ) ) ;
#11582 = ORIENTED_EDGE ( 'NONE', *, *, #3797, .T. ) ;
#11583 = ORIENTED_EDGE ( 'NONE', *, *, #6997, .F. ) ;
#11584 = AXIS2_PLACEMENT_3D ( 'NONE', #6022, #9935, #4106 ) ;
#11585 = ORIENTED_EDGE ( 'NONE', *, *, #12007, .T. ) ;
#11586 = DIRECTION ( 'NONE',  ( -1.000000000000000000, 0.000000000000000000, 0.000000000000000000 ) ) ;
#11587 = CARTESIAN_POINT ( 'NONE',  ( -7.470998869602851755, 51.19999999999999574, -20.16021269457227660 ) ) ;
#11588 = DIRECTION ( 'NONE',  ( -0.000000000000000000, 1.000000000000000000, 3.061616997868383141E-16 ) ) ;
#11589 = CARTESIAN_POINT ( 'NONE',  ( -15.02499431646282524, 51.20000000000000995, 15.37854173159014337 ) ) ;
#11590 = ORIENTED_EDGE ( 'NONE', *, *, #5293, .T. ) ;
#11591 = CARTESIAN_POINT ( 'NONE',  ( 0.000000000000000000, 87.50000000000001421, 3.730185188303422936E-15 ) ) ;
#11592 = AXIS2_PLACEMENT_3D ( 'NONE', #3589, #7497, #2677 ) ;
#11593 = DIRECTION ( 'NONE',  ( 0.000000000000000000, 0.000000000000000000, 1.000000000000000000 ) ) ;
#11594 = DIRECTION ( 'NONE',  ( -0.000000000000000000, 1.000000000000000000, 3.061616997868383141E-16 ) ) ;
#11595 = EDGE_CURVE ( 'NONE', #8186, #12646, #5826, .T. ) ;
#11596 = EDGE_LOOP ( 'NONE', ( #11199, #5113, #2054, #4928 ) ) ;
#11597 = DIRECTION ( 'NONE',  ( 0.000000000000000000, 0.000000000000000000, 1.000000000000000000 ) ) ;
#11598 = CARTESIAN_POINT ( 'NONE',  ( -14.19955239679496728, 45.19999999999998863, -16.14381341971825634 ) ) ;
#11599 = EDGE_CURVE ( 'NONE', #1084, #8830, #8291, .T. ) ;
#11600 = ORIENTED_EDGE ( 'NONE', *, *, #3212, .T. ) ;
#11601 = AXIS2_PLACEMENT_3D ( 'NONE', #4422, #7294, #9276 ) ;
#11602 = ORIENTED_EDGE ( 'NONE', *, *, #10547, .F. ) ;
#11603 = DIRECTION ( 'NONE',  ( 0.000000000000000000, -1.000000000000000000, -3.061616997868383141E-16 ) ) ;
#11604 = LINE ( 'NONE', #9753, #6404 ) ;
#11605 = ORIENTED_EDGE ( 'NONE', *, *, #6369, .F. ) ;
#11606 = DIRECTION ( 'NONE',  ( 0.000000000000000000, -3.227392513445220839E-16, 1.000000000000000000 ) ) ;
#11607 = CARTESIAN_POINT ( 'NONE',  ( -1.000000000000000444, 0.000000000000000000, 0.000000000000000000 ) ) ;
#11608 = ADVANCED_FACE ( 'NONE', ( #6906 ), #6653, .T. ) ;
#11609 = CIRCLE ( 'NONE', #9384, 21.50000000000001066 ) ;
#11610 = CIRCLE ( 'NONE', #8745, 0.2500000000000002220 ) ;
#11611 = ORIENTED_EDGE ( 'NONE', *, *, #3162, .F. ) ;
#11612 = VERTEX_POINT ( 'NONE', #10802 ) ;
#11613 = ORIENTED_EDGE ( 'NONE', *, *, #11520, .T. ) ;
#11614 = CARTESIAN_POINT ( 'NONE',  ( 0.000000000000000000, 45.20000000000000995, -9.220454712679835547E-15 ) ) ;
#11615 = DIRECTION ( 'NONE',  ( 0.000000000000000000, 0.000000000000000000, 1.000000000000000000 ) ) ;
#11616 = AXIS2_PLACEMENT_3D ( 'NONE', #7987, #4097, #2918 ) ;
#11617 = ORIENTED_EDGE ( 'NONE', *, *, #11137, .T. ) ;
#11618 = EDGE_CURVE ( 'NONE', #752, #1097, #3569, .T. ) ;
#11619 = CARTESIAN_POINT ( 'NONE',  ( 0.000000000000000000, 51.20000000000000995, -7.383484513958806747E-15 ) ) ;
#11620 = CYLINDRICAL_SURFACE ( 'NONE', #9175, 10.00000000000000000 ) ;
#11621 = FACE_OUTER_BOUND ( 'NONE', #9373, .T. ) ;
#11622 = CARTESIAN_POINT ( 'NONE',  ( 0.000000000000000000, 51.20000000000000995, -7.383484513958806747E-15 ) ) ;
#11623 = ORIENTED_EDGE ( 'NONE', *, *, #8117, .F. ) ;
#11624 = AXIS2_PLACEMENT_3D ( 'NONE', #7199, #389, #2257 ) ;
#11625 = ORIENTED_EDGE ( 'NONE', *, *, #214, .F. ) ;
#11626 = DIRECTION ( 'NONE',  ( 2.465190328815661892E-32, 1.000000000000000000, 3.061616997868383141E-16 ) ) ;
#11627 = AXIS2_PLACEMENT_3D ( 'NONE', #6953, #11740, #1927 ) ;
#11628 = DIRECTION ( 'NONE',  ( 0.000000000000000000, 0.000000000000000000, 1.000000000000000000 ) ) ;
#11629 = EDGE_CURVE ( 'NONE', #8815, #2744, #493, .T. ) ;
#11630 = CARTESIAN_POINT ( 'NONE',  ( 0.000000000000000000, 51.20000000000000995, -7.383484513958806747E-15 ) ) ;
#11631 = VERTEX_POINT ( 'NONE', #8749 ) ;
#11632 = CARTESIAN_POINT ( 'NONE',  ( 20.52358569366463925, 51.19999999999999574, 6.405656115871661171 ) ) ;
#11633 = CIRCLE ( 'NONE', #11434, 21.50000000000001066 ) ;
#11634 = CARTESIAN_POINT ( 'NONE',  ( 0.000000000000000000, 51.20000000000000995, -7.383484513958806747E-15 ) ) ;
#11635 = CARTESIAN_POINT ( 'NONE',  ( -19.15664027004978465, 51.19999999999999574, 9.760795744400482477 ) ) ;
#11636 = CARTESIAN_POINT ( 'NONE',  ( 0.000000000000000000, 45.19999999999998863, -21.49999999999997513 ) ) ;
#11637 = DIRECTION ( 'NONE',  ( 0.000000000000000000, 0.000000000000000000, 1.000000000000000000 ) ) ;
#11638 = VERTEX_POINT ( 'NONE', #7919 ) ;
#11639 = ORIENTED_EDGE ( 'NONE', *, *, #3693, .T. ) ;
#11640 = EDGE_LOOP ( 'NONE', ( #1089, #313, #10811, #351 ) ) ;
#11641 = CARTESIAN_POINT ( 'NONE',  ( 21.03017341577682231, 51.19999999999999574, 4.470101352581776766 ) ) ;
#11642 = CARTESIAN_POINT ( 'NONE',  ( -12.63738292428830867, 51.19999999999999574, -17.39386537906123920 ) ) ;
#11643 = AXIS2_PLACEMENT_3D ( 'NONE', #8837, #7690, #1839 ) ;
#11644 = CYLINDRICAL_SURFACE ( 'NONE', #6432, 0.2500000000000002220 ) ;
#11645 = VERTEX_POINT ( 'NONE', #11826 ) ;
#11646 = CARTESIAN_POINT ( 'NONE',  ( 11.70973925282297579, 51.19999999999999574, -17.78141721082665683 ) ) ;
#11647 = EDGE_CURVE ( 'NONE', #10693, #9878, #7061, .T. ) ;
#11648 = CARTESIAN_POINT ( 'NONE',  ( 0.9999999999999995559, -47.85087804878048701, 0.000000000000000000 ) ) ;
#11649 = FACE_OUTER_BOUND ( 'NONE', #4103, .T. ) ;
#11650 = ORIENTED_EDGE ( 'NONE', *, *, #12016, .T. ) ;
#11651 = DIRECTION ( 'NONE',  ( -0.000000000000000000, 1.000000000000000000, 3.061616997868383141E-16 ) ) ;
#11652 = CARTESIAN_POINT ( 'NONE',  ( 20.07197916968979001, 51.19999999999999574, -7.454910915224020052 ) ) ;
#11653 = CIRCLE ( 'NONE', #4105, 0.2500000000000002220 ) ;
#11654 = VERTEX_POINT ( 'NONE', #12649 ) ;
#11655 = VECTOR ( 'NONE', #12299, 1000.000000000000000 ) ;
#11656 = EDGE_CURVE ( 'NONE', #6637, #12296, #2072, .T. ) ;
#11657 = CARTESIAN_POINT ( 'NONE',  ( 13.72375690439583984, 51.20000000000000995, 16.55018116000689687 ) ) ;
#11658 = EDGE_CURVE ( 'NONE', #4613, #8981, #6050, .T. ) ;
#11659 = VECTOR ( 'NONE', #810, 1000.000000000000000 ) ;
#11660 = SHAPE_REPRESENTATION ( 'lightsheet_red', ( #7256 ), #9298 ) ;
#11661 = CARTESIAN_POINT ( 'NONE',  ( 0.000000000000000000, 87.50000000000001421, 3.730185188303422936E-15 ) ) ;
#11662 = EDGE_LOOP ( 'NONE', ( #5644, #12505, #2466, #11560 ) ) ;
#11663 = DIRECTION ( 'NONE',  ( -0.000000000000000000, 1.000000000000000000, 3.061616997868383141E-16 ) ) ;
#11664 = DIRECTION ( 'NONE',  ( 0.000000000000000000, -1.000000000000000000, -3.061616997868383141E-16 ) ) ;
#11665 = CYLINDRICAL_SURFACE ( 'NONE', #1678, 21.50000000000000355 ) ;
#11666 = EDGE_LOOP ( 'NONE', ( #3925, #2153, #11264 ) ) ;
#11667 = DIRECTION ( 'NONE',  ( 0.000000000000000000, 0.000000000000000000, 1.000000000000000000 ) ) ;
#11668 = EDGE_CURVE ( 'NONE', #2082, #3818, #7983, .T. ) ;
#11669 = VECTOR ( 'NONE', #419, 1000.000000000000000 ) ;
#11670 = CARTESIAN_POINT ( 'NONE',  ( -16.14381341971859385, 45.19999999999998863, -14.19955239679452141 ) ) ;
#11671 = ADVANCED_FACE ( 'NONE', ( #911 ), #5814, .T. ) ;
#11672 = ORIENTED_EDGE ( 'NONE', *, *, #11769, .T. ) ;
#11673 = ORIENTED_EDGE ( 'NONE', *, *, #551, .T. ) ;
#11674 = ADVANCED_FACE ( 'NONE', ( #11693 ), #10936, .F. ) ;
#11675 = ORIENTED_EDGE ( 'NONE', *, *, #10129, .F. ) ;
#11676 = CARTESIAN_POINT ( 'NONE',  ( 0.000000000000000000, 45.20000000000000995, -9.220454712679835547E-15 ) ) ;
#11677 = AXIS2_PLACEMENT_3D ( 'NONE', #1934, #711, #10728 ) ;
#11678 = CARTESIAN_POINT ( 'NONE',  ( -16.70863817132498141, 51.19999999999999574, -13.53038840757134231 ) ) ;
#11679 = EDGE_LOOP ( 'NONE', ( #3977, #11379, #5114, #2612 ) ) ;
#11680 = EDGE_CURVE ( 'NONE', #4780, #1303, #3171, .T. ) ;
#11681 = DIRECTION ( 'NONE',  ( 8.659560562355142399E-17, -0.7071067811865305863, 0.7071067811865644481 ) ) ;
#11682 = CARTESIAN_POINT ( 'NONE',  ( 0.9959563894067391399, -0.08690176242274909313, -2.799901762422749130 ) ) ;
#11683 = DIRECTION ( 'NONE',  ( -1.000000000000000000, -0.000000000000000000, -0.000000000000000000 ) ) ;
#11684 = DIRECTION ( 'NONE',  ( 0.000000000000000000, 0.000000000000000000, 1.000000000000000000 ) ) ;
#11685 = FACE_OUTER_BOUND ( 'NONE', #501, .T. ) ;
#11686 = ORIENTED_EDGE ( 'NONE', *, *, #4718, .T. ) ;
#11687 = EDGE_LOOP ( 'NONE', ( #8513, #8672, #3084, #2214 ) ) ;
#11688 = EDGE_CURVE ( 'NONE', #3720, #12046, #892, .T. ) ;
#11689 = DIRECTION ( 'NONE',  ( 0.000000000000000000, 0.000000000000000000, 1.000000000000000000 ) ) ;
#11690 = ORIENTED_EDGE ( 'NONE', *, *, #4352, .F. ) ;
#11691 = DIRECTION ( 'NONE',  ( 0.000000000000000000, 0.000000000000000000, 1.000000000000000000 ) ) ;
#11692 = DIRECTION ( 'NONE',  ( 0.000000000000000000, -3.227392513445220839E-16, 1.000000000000000000 ) ) ;
#11693 = FACE_OUTER_BOUND ( 'NONE', #6696, .T. ) ;
#11694 = VERTEX_POINT ( 'NONE', #11957 ) ;
#11695 = DIRECTION ( 'NONE',  ( -0.000000000000000000, 1.000000000000000000, 3.061616997868383141E-16 ) ) ;
#11696 = CARTESIAN_POINT ( 'NONE',  ( -13.53038840757163541, 51.19999999999999574, -16.70863817132473628 ) ) ;
#11697 = CARTESIAN_POINT ( 'NONE',  ( -9.537388008204343848, 45.19999999999998863, -19.26884090911959646 ) ) ;
#11698 = CYLINDRICAL_SURFACE ( 'NONE', #10493, 21.50000000000000355 ) ;
#11699 = DIRECTION ( 'NONE',  ( 0.000000000000000000, 0.000000000000000000, 1.000000000000000000 ) ) ;
#11700 = ORIENTED_EDGE ( 'NONE', *, *, #11544, .F. ) ;
#11701 = ORIENTED_EDGE ( 'NONE', *, *, #4963, .T. ) ;
#11702 = ADVANCED_FACE ( 'NONE', ( #12082 ), #4824, .T. ) ;
#11703 = EDGE_CURVE ( 'NONE', #2670, #1286, #10336, .T. ) ;
#11704 = AXIS2_PLACEMENT_3D ( 'NONE', #12520, #3754, #7659 ) ;
#11705 = EDGE_LOOP ( 'NONE', ( #11394, #654, #11901, #7103 ) ) ;
#11706 = DIRECTION ( 'NONE',  ( 1.000000000000000000, 0.000000000000000000, 0.000000000000000000 ) ) ;
#11707 = CARTESIAN_POINT ( 'NONE',  ( 0.000000000000000000, 45.20000000000000995, -9.220454712679835547E-15 ) ) ;
#11708 = CARTESIAN_POINT ( 'NONE',  ( -9.760795744400400764, 45.19999999999998863, -19.15664027004980952 ) ) ;
#11709 = DIRECTION ( 'NONE',  ( 2.465190328815661892E-32, 1.000000000000000000, 3.061616997868383634E-16 ) ) ;
#11710 = VERTEX_POINT ( 'NONE', #5307 ) ;
#11711 = CYLINDRICAL_SURFACE ( 'NONE', #4035, 21.50000000000000355 ) ;
#11712 = AXIS2_PLACEMENT_3D ( 'NONE', #8621, #3756, #7661 ) ;
#11713 = DIRECTION ( 'NONE',  ( 0.000000000000000000, 0.000000000000000000, -1.000000000000000000 ) ) ;
#11714 = CARTESIAN_POINT ( 'NONE',  ( 21.27297168455580589, 51.19999999999999574, 3.116195710812602826 ) ) ;
#11715 = VERTEX_POINT ( 'NONE', #7095 ) ;
#11716 = VECTOR ( 'NONE', #4428, 1000.000000000000000 ) ;
#11717 = CYLINDRICAL_SURFACE ( 'NONE', #7347, 0.2500000000000002220 ) ;
#11718 = DIRECTION ( 'NONE',  ( -0.000000000000000000, 1.000000000000000000, 3.061616997868383141E-16 ) ) ;
#11719 = VERTEX_POINT ( 'NONE', #11121 ) ;
#11720 = AXIS2_PLACEMENT_3D ( 'NONE', #605, #4541, #8443 ) ;
#11721 = VECTOR ( 'NONE', #3427, 1000.000000000000000 ) ;
#11722 = CARTESIAN_POINT ( 'NONE',  ( -0.9970278821157295690, 0.07724534085846425369, -2.635754659141539058 ) ) ;
#11723 = DIRECTION ( 'NONE',  ( 0.000000000000000000, 0.000000000000000000, -1.000000000000000000 ) ) ;
#11724 = ORIENTED_EDGE ( 'NONE', *, *, #9623, .T. ) ;
#11725 = CARTESIAN_POINT ( 'NONE',  ( -21.35464355025355587, 45.19999999999998863, 2.495836301044929151 ) ) ;
#11726 = CARTESIAN_POINT ( 'NONE',  ( 9.760795744400141416, -80.41022924428168039, -19.15664027004997649 ) ) ;
#11727 = VERTEX_POINT ( 'NONE', #6385 ) ;
#11728 = DIRECTION ( 'NONE',  ( 0.000000000000000000, 0.000000000000000000, 1.000000000000000000 ) ) ;
#11729 = AXIS2_PLACEMENT_3D ( 'NONE', #11337, #2609, #8394 ) ;
#11730 = VECTOR ( 'NONE', #4332, 1000.000000000000000 ) ;
#11731 = CARTESIAN_POINT ( 'NONE',  ( 0.9999999999999995559, 0.000000000000000000, 0.000000000000000000 ) ) ;
#11732 = AXIS2_PLACEMENT_3D ( 'NONE', #3811, #10654, #11491 ) ;
#11733 = CIRCLE ( 'NONE', #7243, 21.50000000000000000 ) ;
#11734 = EDGE_CURVE ( 'NONE', #7601, #7928, #7151, .T. ) ;
#11735 = ORIENTED_EDGE ( 'NONE', *, *, #177, .T. ) ;
#11736 = AXIS2_PLACEMENT_3D ( 'NONE', #3900, #3969, #4812 ) ;
#11737 = AXIS2_PLACEMENT_3D ( 'NONE', #12355, #12290, #6667 ) ;
#11738 = ORIENTED_EDGE ( 'NONE', *, *, #4573, .T. ) ;
#11739 = ORIENTED_EDGE ( 'NONE', *, *, #505, .T. ) ;
#11740 = DIRECTION ( 'NONE',  ( -0.000000000000000000, 1.000000000000000000, 3.061616997868383141E-16 ) ) ;
#11741 = VECTOR ( 'NONE', #8193, 1000.000000000000000 ) ;
#11742 = CARTESIAN_POINT ( 'NONE',  ( -0.9996710168333414748, -0.08357769860875473300, -2.796577698608754936 ) ) ;
#11743 = VERTEX_POINT ( 'NONE', #11059 ) ;
#11744 = CARTESIAN_POINT ( 'NONE',  ( 12.83877941551879687, -80.41022924428168039, -17.24574565275885618 ) ) ;
#11746 = ADVANCED_FACE ( 'NONE', ( #10042 ), #5182, .F. ) ;
#11745 = CARTESIAN_POINT ( 'NONE',  ( 0.000000000000000000, 76.25000000000000000, 2.858660657014905341E-16 ) ) ;
#11747 = CIRCLE ( 'NONE', #6853, 0.2500000000000002220 ) ;
#11748 = CARTESIAN_POINT ( 'NONE',  ( 10.96577594754934459, -80.41022924428169460, 18.49328953615734505 ) ) ;
#11749 = ADVANCED_FACE ( 'NONE', ( #5366 ), #3238, .F. ) ;
#11750 = CARTESIAN_POINT ( 'NONE',  ( 0.000000000000000000, 45.20000000000000995, -9.220454712679835547E-15 ) ) ;
#11751 = ORIENTED_EDGE ( 'NONE', *, *, #5884, .F. ) ;
#11752 = EDGE_CURVE ( 'NONE', #3424, #12419, #11354, .T. ) ;
#11753 = DIRECTION ( 'NONE',  ( 0.000000000000000000, 0.000000000000000000, -1.000000000000000000 ) ) ;
#11754 = AXIS2_PLACEMENT_3D ( 'NONE', #2349, #4233, #3380 ) ;
#11755 = ORIENTED_EDGE ( 'NONE', *, *, #10026, .T. ) ;
#11756 = ORIENTED_EDGE ( 'NONE', *, *, #9188, .T. ) ;
#11757 = DIRECTION ( 'NONE',  ( -0.000000000000000000, 1.000000000000000000, 3.061616997868383141E-16 ) ) ;
#11758 = CARTESIAN_POINT ( 'NONE',  ( 6.643865379061379528, -80.41022924428169460, 20.44771510034576067 ) ) ;
#11759 = EDGE_LOOP ( 'NONE', ( #2550, #9147, #4801, #8081 ) ) ;
#11760 = VECTOR ( 'NONE', #3817, 1000.000000000000000 ) ;
#11761 = DIRECTION ( 'NONE',  ( -4.930380657631323784E-32, 1.000000000000000000, 3.061616997868381169E-16 ) ) ;
#11762 = CARTESIAN_POINT ( 'NONE',  ( 10.96577594754908880, 51.19999999999999574, -18.49328953615754401 ) ) ;
#11763 = DIRECTION ( 'NONE',  ( 1.000000000000000000, -0.000000000000000000, -0.000000000000000000 ) ) ;
#11764 = ORIENTED_EDGE ( 'NONE', *, *, #11647, .F. ) ;
#11766 = ADVANCED_FACE ( 'NONE', ( #10103 ), #1421, .F. ) ;
#11765 = CARTESIAN_POINT ( 'NONE',  ( 17.89404075541373373, 45.20000000000000284, 11.91861172467634944 ) ) ;
#11767 = DIRECTION ( 'NONE',  ( 0.000000000000000000, -3.227392513445220839E-16, 1.000000000000000000 ) ) ;
#11768 = DIRECTION ( 'NONE',  ( 0.000000000000000000, -2.991412108253678048E-16, 1.000000000000000000 ) ) ;
#11769 = EDGE_CURVE ( 'NONE', #8512, #8133, #9113, .T. ) ;
#11770 = DIRECTION ( 'NONE',  ( 0.000000000000000000, 0.000000000000000000, -1.000000000000000000 ) ) ;
#11771 = AXIS2_PLACEMENT_3D ( 'NONE', #10016, #1333, #4191 ) ;
#11772 = DIRECTION ( 'NONE',  ( -0.000000000000000000, 1.000000000000000000, 3.061616997868383141E-16 ) ) ;
#11773 = ORIENTED_EDGE ( 'NONE', *, *, #8517, .F. ) ;
#11774 = ORIENTED_EDGE ( 'NONE', *, *, #6936, .T. ) ;
#11775 = ORIENTED_EDGE ( 'NONE', *, *, #8091, .F. ) ;
#11776 =( LENGTH_UNIT ( ) NAMED_UNIT ( * ) SI_UNIT ( .MILLI., .METRE. ) );
#11777 = DIRECTION ( 'NONE',  ( 0.000000000000000000, 0.000000000000000000, -1.000000000000000000 ) ) ;
#11778 = AXIS2_PLACEMENT_3D ( 'NONE', #4870, #2022, #5956 ) ;
#11779 = DIRECTION ( 'NONE',  ( 0.000000000000000000, 0.000000000000000000, -1.000000000000000000 ) ) ;
#11780 = FACE_OUTER_BOUND ( 'NONE', #6886, .T. ) ;
#11781 = FACE_OUTER_BOUND ( 'NONE', #8277, .T. ) ;
#11782 = ORIENTED_EDGE ( 'NONE', *, *, #5662, .T. ) ;
#11784 = ADVANCED_FACE ( 'NONE', ( #9259 ), #4220, .F. ) ;
#11783 = DIRECTION ( 'NONE',  ( -0.000000000000000000, 1.000000000000000000, 3.061616997868383141E-16 ) ) ;
#11785 = DIRECTION ( 'NONE',  ( 0.000000000000000000, 0.000000000000000000, -1.000000000000000000 ) ) ;
#11786 = DIRECTION ( 'NONE',  ( -0.000000000000000000, 1.000000000000000000, 3.061616997868383141E-16 ) ) ;
#11787 = ADVANCED_FACE ( 'NONE', ( #11002 ), #7278, .T. ) ;
#11788 = VERTEX_POINT ( 'NONE', #5248 ) ;
#11789 = CARTESIAN_POINT ( 'NONE',  ( 0.9959563894067318124, 0.08690176242274728902, 2.799901762422747797 ) ) ;
#11790 = LINE ( 'NONE', #2096, #10025 ) ;
#11791 = ORIENTED_EDGE ( 'NONE', *, *, #6583, .T. ) ;
#11792 = ORIENTED_EDGE ( 'NONE', *, *, #8205, .T. ) ;
#11793 = CIRCLE ( 'NONE', #11778, 0.2500000000000002220 ) ;
#11794 = DIRECTION ( 'NONE',  ( 0.000000000000000000, 0.000000000000000000, 1.000000000000000000 ) ) ;
#11795 = DIRECTION ( 'NONE',  ( -0.000000000000000000, 1.000000000000000000, 3.061616997868383141E-16 ) ) ;
#11796 = AXIS2_PLACEMENT_3D ( 'NONE', #8831, #9804, #9738 ) ;
#11797 = ORIENTED_EDGE ( 'NONE', *, *, #4514, .T. ) ;
#11798 = DIRECTION ( 'NONE',  ( 0.000000000000000000, -1.000000000000000000, -3.061616997868383141E-16 ) ) ;
#11799 = CARTESIAN_POINT ( 'NONE',  ( 9.760795744400269314, 51.20000000000000995, 19.15664027004990189 ) ) ;
#11800 = ORIENTED_EDGE ( 'NONE', *, *, #8024, .T. ) ;
#11801 = CARTESIAN_POINT ( 'NONE',  ( -16.70863817132470786, 45.20000000000000284, 13.53038840757170647 ) ) ;
#11802 = DIRECTION ( 'NONE',  ( 0.000000000000000000, 0.000000000000000000, 1.000000000000000000 ) ) ;
#11803 = EDGE_CURVE ( 'NONE', #9533, #11897, #4405, .T. ) ;
#11804 = CIRCLE ( 'NONE', #2791, 21.50000000000001066 ) ;
#11805 = ORIENTED_EDGE ( 'NONE', *, *, #4957, .T. ) ;
#11806 = ORIENTED_EDGE ( 'NONE', *, *, #2616, .T. ) ;
#11807 = ORIENTED_EDGE ( 'NONE', *, *, #2825, .T. ) ;
#11808 = CARTESIAN_POINT ( 'NONE',  ( 0.000000000000000000, 3.500000000000000444, 8.698518023597374693 ) ) ;
#11809 = DIRECTION ( 'NONE',  ( 0.000000000000000000, 0.000000000000000000, 1.000000000000000000 ) ) ;
#11810 = ORIENTED_EDGE ( 'NONE', *, *, #3703, .T. ) ;
#11811 = AXIS2_PLACEMENT_3D ( 'NONE', #3887, #976, #4920 ) ;
#11812 = CARTESIAN_POINT ( 'NONE',  ( 2.510525938252074876E-15, 45.20000000000001705, -20.50000000000001776 ) ) ;
#11813 = DIRECTION ( 'NONE',  ( -0.000000000000000000, 1.000000000000000000, 3.061616997868383141E-16 ) ) ;
#11814 = EDGE_CURVE ( 'NONE', #7127, #6083, #335, .T. ) ;
#11815 = DIRECTION ( 'NONE',  ( 0.000000000000000000, 0.000000000000000000, 1.000000000000000000 ) ) ;
#11816 = CARTESIAN_POINT ( 'NONE',  ( -20.36907980785170125, -80.41022924428168039, -6.881176337034816903 ) ) ;
#11817 = ORIENTED_EDGE ( 'NONE', *, *, #5966, .F. ) ;
#11818 = ORIENTED_EDGE ( 'NONE', *, *, #5306, .T. ) ;
#11819 = AXIS2_PLACEMENT_3D ( 'NONE', #6876, #11603, #3917 ) ;
#11820 = ORIENTED_EDGE ( 'NONE', *, *, #1403, .F. ) ;
#11821 = AXIS2_PLACEMENT_3D ( 'NONE', #6448, #4406, #6270 ) ;
#11822 = CYLINDRICAL_SURFACE ( 'NONE', #3323, 21.50000000000000355 ) ;
#11823 = EDGE_CURVE ( 'NONE', #7687, #10279, #4555, .T. ) ;
#11824 = ORIENTED_EDGE ( 'NONE', *, *, #996, .F. ) ;
#11825 = CYLINDRICAL_SURFACE ( 'NONE', #6406, 0.2500000000000002220 ) ;
#11826 = CARTESIAN_POINT ( 'NONE',  ( 11.91861172467652530, 45.20000000000000284, 17.89404075541360584 ) ) ;
#11827 = ORIENTED_EDGE ( 'NONE', *, *, #11945, .F. ) ;
#11828 = DIRECTION ( 'NONE',  ( 0.000000000000000000, 0.000000000000000000, 1.000000000000000000 ) ) ;
#11829 = EDGE_CURVE ( 'NONE', #9333, #10783, #8238, .T. ) ;
#11830 = CIRCLE ( 'NONE', #7932, 8.698518023597397786 ) ;
#11831 = LINE ( 'NONE', #978, #9789 ) ;
#11832 = DIRECTION ( 'NONE',  ( 0.000000000000000000, -3.227392513445222318E-16, 1.000000000000000000 ) ) ;
#11833 = AXIS2_PLACEMENT_3D ( 'NONE', #7855, #6139, #8241 ) ;
#11834 = DIRECTION ( 'NONE',  ( 0.000000000000000000, -1.000000000000000000, -3.061616997868383141E-16 ) ) ;
#11835 = DIRECTION ( 'NONE',  ( 0.000000000000000000, 0.000000000000000000, -1.000000000000000000 ) ) ;
#11836 = ORIENTED_EDGE ( 'NONE', *, *, #10660, .F. ) ;
#11837 = ORIENTED_EDGE ( 'NONE', *, *, #5445, .F. ) ;
#11838 = AXIS2_PLACEMENT_3D ( 'NONE', #11561, #2769, #6443 ) ;
#11839 = EDGE_LOOP ( 'NONE', ( #7626, #6206, #10566, #11294 ) ) ;
#11840 = EDGE_CURVE ( 'NONE', #5805, #10192, #1654, .T. ) ;
#11841 = CIRCLE ( 'NONE', #9587, 21.50000000000001066 ) ;
#11842 = CARTESIAN_POINT ( 'NONE',  ( 11.91861172467637964, 51.20000000000000995, 17.89404075541369821 ) ) ;
#11843 = CARTESIAN_POINT ( 'NONE',  ( 0.000000000000000000, 51.20000000000000995, -7.383484513958806747E-15 ) ) ;
#11844 = LINE ( 'NONE', #5140, #10427 ) ;
#11845 = DIRECTION ( 'NONE',  ( 0.000000000000000000, 0.000000000000000000, -1.000000000000000000 ) ) ;
#11846 = ORIENTED_EDGE ( 'NONE', *, *, #6847, .T. ) ;
#11847 = LINE ( 'NONE', #7109, #10169 ) ;
#11848 = EDGE_CURVE ( 'NONE', #9506, #8761, #10278, .T. ) ;
#11849 = DIRECTION ( 'NONE',  ( -2.465190328815661892E-32, 1.000000000000000000, 3.061616997868381169E-16 ) ) ;
#11850 = DIRECTION ( 'NONE',  ( 0.000000000000000000, -3.227392513445220839E-16, 1.000000000000000000 ) ) ;
#11851 = EDGE_LOOP ( 'NONE', ( #9818, #10931, #10455, #10582 ) ) ;
#11852 = CARTESIAN_POINT ( 'NONE',  ( 0.9993795618995751084, 0.08424658751968595871, 2.797246587519686134 ) ) ;
#11853 = DIRECTION ( 'NONE',  ( -0.000000000000000000, 1.000000000000000000, 3.061616997868383141E-16 ) ) ;
#11854 = EDGE_LOOP ( 'NONE', ( #472, #2185, #2828, #3032 ) ) ;
#11855 = AXIS2_PLACEMENT_3D ( 'NONE', #7417, #5507, #9221 ) ;
#11856 = ORIENTED_EDGE ( 'NONE', *, *, #1431, .F. ) ;
#11857 = CARTESIAN_POINT ( 'NONE',  ( 0.000000000000000000, 87.50000000000001421, 15.40000000000000036 ) ) ;
#11858 = EDGE_CURVE ( 'NONE', #1045, #11330, #12314, .T. ) ;
#11859 = CARTESIAN_POINT ( 'NONE',  ( 20.07197916968979001, -80.41022924428168039, -7.704910915224060020 ) ) ;
#11860 = ORIENTED_EDGE ( 'NONE', *, *, #10785, .T. ) ;
#11861 = CARTESIAN_POINT ( 'NONE',  ( 0.000000000000000000, 75.00000000000000000, -9.683605903205802417E-17 ) ) ;
#11862 = CARTESIAN_POINT ( 'NONE',  ( 12.43427775499861632, 45.20000000000000284, 17.53963331177556029 ) ) ;
#11863 = DIRECTION ( 'NONE',  ( 4.930380657631323784E-32, 1.000000000000000000, 3.061616997868380676E-16 ) ) ;
#11864 = ORIENTED_EDGE ( 'NONE', *, *, #2181, .F. ) ;
#11865 = DIRECTION ( 'NONE',  ( -0.000000000000000000, 1.000000000000000000, 3.061616997868383141E-16 ) ) ;
#11866 = LINE ( 'NONE', #9957, #9834 ) ;
#11867 = DIRECTION ( 'NONE',  ( -4.930380657631323784E-32, 1.000000000000000000, 3.061616997868381169E-16 ) ) ;
#11868 = AXIS2_PLACEMENT_3D ( 'NONE', #12422, #3654, #745 ) ;
#11869 = VECTOR ( 'NONE', #2806, 1000.000000000000000 ) ;
#11870 = AXIS2_PLACEMENT_3D ( 'NONE', #9218, #9155, #8197 ) ;
#11871 = EDGE_LOOP ( 'NONE', ( #2275, #6767 ) ) ;
#11872 = COLOUR_RGB ( '',0.7921568627450980005, 0.8196078431372548767, 0.9333333333333333481 ) ;
#11873 = EDGE_CURVE ( 'NONE', #5689, #8843, #1860, .T. ) ;
#11874 = ORIENTED_EDGE ( 'NONE', *, *, #3945, .F. ) ;
#11875 = CARTESIAN_POINT ( 'NONE',  ( 4.470101352581692389, 51.19999999999999574, -21.03017341577681876 ) ) ;
#11876 = DIRECTION ( 'NONE',  ( -0.000000000000000000, 1.000000000000000000, 3.061616997868383141E-16 ) ) ;
#11877 = ORIENTED_EDGE ( 'NONE', *, *, #7799, .F. ) ;
#11878 = CARTESIAN_POINT ( 'NONE',  ( 0.000000000000000000, 3.750000000000000888, 8.698518023597374693 ) ) ;
#11879 = AXIS2_PLACEMENT_3D ( 'NONE', #1559, #5505, #8508 ) ;
#11880 = CARTESIAN_POINT ( 'NONE',  ( -11.49928352796119668, 45.19999999999998863, -18.16635567040239607 ) ) ;
#11881 = CYLINDRICAL_SURFACE ( 'NONE', #6932, 0.2500000000000002220 ) ;
#11882 = FACE_OUTER_BOUND ( 'NONE', #3737, .T. ) ;
#11883 = ORIENTED_EDGE ( 'NONE', *, *, #4763, .T. ) ;
#11884 = ORIENTED_EDGE ( 'NONE', *, *, #9406, .F. ) ;
#11885 = AXIS2_PLACEMENT_3D ( 'NONE', #5343, #9841, #8285 ) ;
#11886 = CARTESIAN_POINT ( 'NONE',  ( -8.515864134735014801, 51.19999999999999574, -19.74158195380335101 ) ) ;
#11887 = CARTESIAN_POINT ( 'NONE',  ( 0.000000000000000000, 45.20000000000000995, -9.220454712679835547E-15 ) ) ;
#11888 = ORIENTED_EDGE ( 'NONE', *, *, #6176, .T. ) ;
#11889 = LINE ( 'NONE', #3104, #4575 ) ;
#11890 = DIRECTION ( 'NONE',  ( 4.930380657631323784E-32, 1.000000000000000000, 3.061616997868382648E-16 ) ) ;
#11891 = ORIENTED_EDGE ( 'NONE', *, *, #937, .F. ) ;
#11892 = FACE_OUTER_BOUND ( 'NONE', #9561, .T. ) ;
#11893 = LINE ( 'NONE', #10806, #8605 ) ;
#11894 = CARTESIAN_POINT ( 'NONE',  ( 20.76740526521493635, -80.41022924428168039, -5.314609469704302924 ) ) ;
#11895 = CARTESIAN_POINT ( 'NONE',  ( -21.45599973288054230, -80.41022924428168039, -1.374800153705915129 ) ) ;
#11896 = DIRECTION ( 'NONE',  ( 9.860761315262647568E-32, 1.000000000000000000, 3.061616997868381662E-16 ) ) ;
#11897 = VERTEX_POINT ( 'NONE', #5484 ) ;
#11898 = EDGE_CURVE ( 'NONE', #9863, #8167, #3520, .T. ) ;
#11899 = ORIENTED_EDGE ( 'NONE', *, *, #9973, .T. ) ;
#11900 = ADVANCED_FACE ( 'NONE', ( #7647 ), #6702, .T. ) ;
#11901 = ORIENTED_EDGE ( 'NONE', *, *, #8428, .T. ) ;
#11902 = CARTESIAN_POINT ( 'NONE',  ( -9.760795744400400764, 45.19999999999998863, -19.15664027004980952 ) ) ;
#11903 = DIRECTION ( 'NONE',  ( 0.000000000000000000, -3.227392513445220839E-16, 1.000000000000000000 ) ) ;
#11904 = CARTESIAN_POINT ( 'NONE',  ( -10.96577594754894669, 45.20000000000000284, 18.49328953615763282 ) ) ;
#11905 = VERTEX_POINT ( 'NONE', #3615 ) ;
#11906 = CARTESIAN_POINT ( 'NONE',  ( 0.000000000000000000, 87.50000000000001421, 3.730185188303422936E-15 ) ) ;
#11907 = CARTESIAN_POINT ( 'NONE',  ( 13.72375690439596951, 45.20000000000000284, 16.55018116000679029 ) ) ;
#11908 = CARTESIAN_POINT ( 'NONE',  ( -11.91861172467613450, 51.20000000000000995, 17.89404075541386163 ) ) ;
#11909 = ORIENTED_EDGE ( 'NONE', *, *, #6175, .T. ) ;
#11910 = DIRECTION ( 'NONE',  ( -9.860761315262647568E-32, 1.000000000000000000, 3.061616997868382155E-16 ) ) ;
#11911 = CYLINDRICAL_SURFACE ( 'NONE', #8649, 0.2500000000000002220 ) ;
#11912 = AXIS2_PLACEMENT_3D ( 'NONE', #9571, #8493, #9510 ) ;
#11913 = ORIENTED_EDGE ( 'NONE', *, *, #9366, .T. ) ;
#11914 = EDGE_CURVE ( 'NONE', #6072, #10131, #771, .T. ) ;
#11915 = ORIENTED_EDGE ( 'NONE', *, *, #10497, .T. ) ;
#11916 = EDGE_CURVE ( 'NONE', #9226, #11546, #4758, .T. ) ;
#11917 = CARTESIAN_POINT ( 'NONE',  ( -0.9990808744461296964, 0.07569946240214374400, -2.637300537597859318 ) ) ;
#11918 = CIRCLE ( 'NONE', #4764, 0.2500000000000002220 ) ;
#11919 = DIRECTION ( 'NONE',  ( -9.860761315262647568E-32, 1.000000000000000000, 3.061616997868382648E-16 ) ) ;
#11920 = ORIENTED_EDGE ( 'NONE', *, *, #2376, .F. ) ;
#11921 = CARTESIAN_POINT ( 'NONE',  ( -18.74328531086457872, 51.20000000000000995, 10.53277056407894463 ) ) ;
#11922 = AXIS2_PLACEMENT_3D ( 'NONE', #2347, #1309, #5258 ) ;
#11923 = FILL_AREA_STYLE_COLOUR ( '', #641 ) ;
#11924 = CARTESIAN_POINT ( 'NONE',  ( -7.704910915224106205, 45.19999999999998863, -20.07197916968975093 ) ) ;
#11925 = VERTEX_POINT ( 'NONE', #11307 ) ;
#11926 = CARTESIAN_POINT ( 'NONE',  ( 21.49854651162790731, 51.19999999999999574, 0.2499957747071710201 ) ) ;
#11927 = CIRCLE ( 'NONE', #2497, 0.2500000000000002220 ) ;
#11928 = DIRECTION ( 'NONE',  ( 0.000000000000000000, 0.000000000000000000, 1.000000000000000000 ) ) ;
#11929 = EDGE_CURVE ( 'NONE', #3228, #4720, #2900, .T. ) ;
#11930 = CIRCLE ( 'NONE', #449, 47.84587804878074735 ) ;
#11931 = AXIS2_PLACEMENT_3D ( 'NONE', #459, #1292, #1356 ) ;
#11932 = EDGE_CURVE ( 'NONE', #12628, #5572, #5547, .T. ) ;
#11933 = ORIENTED_EDGE ( 'NONE', *, *, #10136, .T. ) ;
#11934 = CARTESIAN_POINT ( 'NONE',  ( -15.37854173158976323, 51.20000000000000995, 15.02499431646321426 ) ) ;
#11935 = CIRCLE ( 'NONE', #5006, 0.2500000000000002220 ) ;
#11936 = CYLINDRICAL_SURFACE ( 'NONE', #659, 0.2500000000000002220 ) ;
#11937 = EDGE_LOOP ( 'NONE', ( #3329, #9612, #3361, #6076 ) ) ;
#11938 = CIRCLE ( 'NONE', #12539, 21.50000000000000000 ) ;
#11939 = AXIS2_PLACEMENT_3D ( 'NONE', #4495, #11091, #12183 ) ;
#11940 = CARTESIAN_POINT ( 'NONE',  ( -0.9957767842720384177, -0.07758966997139608857, 2.635410330028603365 ) ) ;
#11941 = DIRECTION ( 'NONE',  ( 0.000000000000000000, 0.000000000000000000, 1.000000000000000000 ) ) ;
#11942 = DIRECTION ( 'NONE',  ( -0.000000000000000000, 1.000000000000000000, 3.061616997868383141E-16 ) ) ;
#11943 = EDGE_CURVE ( 'NONE', #7058, #9333, #835, .T. ) ;
#11944 = CARTESIAN_POINT ( 'NONE',  ( -11.70973925282321915, 45.19999999999998863, -17.78141721082650051 ) ) ;
#11945 = EDGE_CURVE ( 'NONE', #6534, #936, #7583, .T. ) ;
#11946 = AXIS2_PLACEMENT_3D ( 'NONE', #11033, #236, #3081 ) ;
#11947 = ORIENTED_EDGE ( 'NONE', *, *, #6317, .T. ) ;
#11948 = ORIENTED_EDGE ( 'NONE', *, *, #1736, .F. ) ;
#11949 = CIRCLE ( 'NONE', #2524, 21.50000000000000000 ) ;
#11950 = AXIS2_PLACEMENT_3D ( 'NONE', #4986, #4913, #7848 ) ;
#11951 = CARTESIAN_POINT ( 'NONE',  ( 0.9984418587562703395, 0.07636448762109000754, -2.636635512378911805 ) ) ;
#11952 = DIRECTION ( 'NONE',  ( -0.000000000000000000, 1.000000000000000000, 3.061616997868383141E-16 ) ) ;
#11953 = ORIENTED_EDGE ( 'NONE', *, *, #9239, .F. ) ;
#11954 = CARTESIAN_POINT ( 'NONE',  ( 21.19475577399851574, 51.19999999999999574, 3.610031534565363742 ) ) ;
#11955 = DIRECTION ( 'NONE',  ( 0.000000000000000000, -1.000000000000000000, -3.061616997868383141E-16 ) ) ;
#11956 = AXIS2_PLACEMENT_3D ( 'NONE', #8581, #4871, #9800 ) ;
#11957 = CARTESIAN_POINT ( 'NONE',  ( 19.26884090911973857, 45.19999999999998863, 9.537388008203986800 ) ) ;
#11958 = ORIENTED_EDGE ( 'NONE', *, *, #7629, .T. ) ;
#11959 = DIRECTION ( 'NONE',  ( -2.465190328815661892E-32, 1.000000000000000000, 3.061616997868381662E-16 ) ) ;
#11960 = CIRCLE ( 'NONE', #6048, 21.50000000000000000 ) ;
#11961 = CIRCLE ( 'NONE', #1917, 8.698518023597397786 ) ;
#11962 = CARTESIAN_POINT ( 'NONE',  ( -20.70129763556876412, -80.41022924428168039, -5.805710654484498967 ) ) ;
#11963 = DIRECTION ( 'NONE',  ( 4.930380657631323784E-32, 1.000000000000000000, 3.061616997868382155E-16 ) ) ;
#11964 = EDGE_CURVE ( 'NONE', #7013, #4612, #11493, .T. ) ;
#11965 = DIRECTION ( 'NONE',  ( 0.000000000000000000, 0.000000000000000000, -1.000000000000000000 ) ) ;
#11966 = EDGE_LOOP ( 'NONE', ( #8020, #7780, #4842, #4358 ) ) ;
#11967 = AXIS2_PLACEMENT_3D ( 'NONE', #4786, #970, #6771 ) ;
#11968 = ORIENTED_EDGE ( 'NONE', *, *, #6307, .T. ) ;
#11969 = CIRCLE ( 'NONE', #1093, 0.2500000000000002220 ) ;
#11970 = CIRCLE ( 'NONE', #10333, 0.2500000000000002220 ) ;
#11971 = AXIS2_PLACEMENT_3D ( 'NONE', #3107, #9718, #7034 ) ;
#11972 = VERTEX_POINT ( 'NONE', #12388 ) ;
#11973 = DIRECTION ( 'NONE',  ( 0.000000000000000000, 0.000000000000000000, 1.000000000000000000 ) ) ;
#11974 = DIRECTION ( 'NONE',  ( -0.000000000000000000, 1.000000000000000000, 3.061616997868383141E-16 ) ) ;
#11975 = CARTESIAN_POINT ( 'NONE',  ( 16.55018116000672634, -80.41022924428168039, -13.72375690439605478 ) ) ;
#11976 = VERTEX_POINT ( 'NONE', #523 ) ;
#11977 = CARTESIAN_POINT ( 'NONE',  ( 0.000000000000000000, 45.20000000000000995, -9.220454712679835547E-15 ) ) ;
#11978 = CARTESIAN_POINT ( 'NONE',  ( 0.000000000000000000, 51.20000000000000995, -7.383484513958806747E-15 ) ) ;
#11979 = DIRECTION ( 'NONE',  ( 0.000000000000000000, 0.000000000000000000, -1.000000000000000000 ) ) ;
#11980 = VERTEX_POINT ( 'NONE', #5672 ) ;
#11981 = DIRECTION ( 'NONE',  ( 0.000000000000000000, 0.000000000000000000, 1.000000000000000000 ) ) ;
#11982 = FACE_OUTER_BOUND ( 'NONE', #5971, .T. ) ;
#11983 = ORIENTED_EDGE ( 'NONE', *, *, #11380, .T. ) ;
#11984 = ORIENTED_EDGE ( 'NONE', *, *, #11618, .F. ) ;
#11985 = CIRCLE ( 'NONE', #6464, 21.50000000000001066 ) ;
#11986 = CYLINDRICAL_SURFACE ( 'NONE', #1890, 0.2500000000000002220 ) ;
#11987 = FILL_AREA_STYLE ('',( #8085 ) ) ;
#11988 = ORIENTED_EDGE ( 'NONE', *, *, #2154, .F. ) ;
#11989 = CARTESIAN_POINT ( 'NONE',  ( 21.40690689856072737, 51.19999999999999574, 1.998583757652691917 ) ) ;
#11990 = ADVANCED_FACE ( 'NONE', ( #9382 ), #4460, .F. ) ;
#11991 = SURFACE_STYLE_USAGE ( .BOTH. , #2950 ) ;
#11992 = CARTESIAN_POINT ( 'NONE',  ( 20.83070497094752582, 51.19999999999999574, -5.322755903978876546 ) ) ;
#11993 = EDGE_LOOP ( 'NONE', ( #1724, #8573, #1478, #4931, #9034, #2381, #694, #1006, #2144, #11590, #1658, #3859, #1507, #7159, #11257, #5903, #5822, #705, #12357, #12631, #10051, #591, #9604, #3073, #1778, #9196, #8860, #4186, #12381, #12572, #10881, #10593, #6456, #11032, #7528, #6379, #223, #170, #1663, #5490, #7421, #4258, #4117, #10887, #5243, #4707, #4234, #5153, #7655, #1443, #6755, #278, #12039, #10011, #10283, #3834, #7920, #2935, #590, #8604, #4190, #6282, #11877, #3095, #5866, #1499, #10831, #427, #10680, #2890, #12575, #1130, #11806, #7303, #5526, #7086, #2363, #10322, #9713, #6016, #908, #2713, #4060, #7382, #7578, #7459, #9396, #12397, #10946, #7440, #5555, #4980, #8526, #9594, #7927, #5106, #117, #3137, #197, #671, #11438, #8228, #11998, #6310, #11690, #6875, #1837, #2861, #5695, #7871, #385, #9450, #6716, #8199, #4214, #5587, #6808, #12534, #2005, #7392, #9364, #10446, #1366, #11860, #8594, #8977, #9657, #1852, #7853, #98, #3005, #6673, #619, #511, #12199, #786, #409, #1961, #11272, #9728, #4625, #2573, #6374, #1905, #452, #7149, #6017, #11208, #8040, #11236, #399, #9265, #11312, #826, #2388, #12289, #6916, #8884, #3854, #9745, #10061, #3103, #8823, #1782, #5857, #7238, #7566, #8691, #10540, #820, #8390, #4687, #799, #5619, #11791, #5594, #1472, #1827, #7158, #3989, #4093, #6860, #7588, #8074, #12105, #11057, #12674, #10294, #6632, #11818, #10560, #3056, #8387, #2476, #992, #6952, #2342, #8324, #5014, #1308, #1792, #2120, #5438, #8274, #12224, #10856, #6108, #5142, #2793, #2173, #370, #5730, #5802, #1368, #9122, #4336, #10307, #6208, #8303, #5986, #4983, #3013, #7545, #7947, #3928, #770, #8002, #12154, #9501, #9089, #8617, #2692, #6596, #4768, #5257, #11625, #1850, #10964, #4706, #10374, #946, #7426, #7764, #1448, #2575, #10607, #11915, #7457, #1982, #10128, #10471, #417, #5095, #2544, #4306, #7732, #6054, #4505, #8139, #11232, #6489, #86, #3687, #9023, #3581, #8474, #8955, #8806, #11639, #903, #9894, #11570, #3598, #1074, #8611, #5131, #8194, #9427, #50, #12277, #4068, #1929, #6568, #11817, #11174, #7184, #3832, #3037, #11672, #4903, #12112, #3636, #12650, #4878, #1549, #4659, #7228, #10878, #325 ) ) ;
#11994 = PLANE ( 'NONE',  #6872 ) ;
#11995 = DIRECTION ( 'NONE',  ( 0.000000000000000000, 0.000000000000000000, 1.000000000000000000 ) ) ;
#11996 = EDGE_CURVE ( 'NONE', #2251, #1888, #7014, .T. ) ;
#11997 = CIRCLE ( 'NONE', #3393, 0.2500000000000002220 ) ;
#11998 = ORIENTED_EDGE ( 'NONE', *, *, #6573, .T. ) ;
#11999 = DIRECTION ( 'NONE',  ( -1.000000000000000000, -0.000000000000000000, -0.000000000000000000 ) ) ;
#12000 = EDGE_CURVE ( 'NONE', #3655, #8858, #11496, .T. ) ;
#12001 = CARTESIAN_POINT ( 'NONE',  ( -0.9966582391324164680, -0.08671778274936130237, -2.799717782749361117 ) ) ;
#12002 = VERTEX_POINT ( 'NONE', #7398 ) ;
#12003 = CARTESIAN_POINT ( 'NONE',  ( -0.9986307217673240366, -0.07615070674709976950, 2.636849293252899518 ) ) ;
#12004 = DIRECTION ( 'NONE',  ( -3.697785493223493385E-32, 1.000000000000000000, 3.061616997868381662E-16 ) ) ;
#12005 = UNCERTAINTY_MEASURE_WITH_UNIT (LENGTH_MEASURE( 1.000000000000000082E-05 ), #8825, 'distance_accuracy_value', 'NONE');
#12006 = CARTESIAN_POINT ( 'NONE',  ( 2.247361960254412150, 51.19999999999999574, -21.13222075041786496 ) ) ;
#12007 = EDGE_CURVE ( 'NONE', #4720, #3228, #8025, .T. ) ;
#12008 = VECTOR ( 'NONE', #1054, 1000.000000000000000 ) ;
#12009 = LINE ( 'NONE', #12367, #7137 ) ;
#12010 = ORIENTED_EDGE ( 'NONE', *, *, #69, .T. ) ;
#12011 = ORIENTED_EDGE ( 'NONE', *, *, #9712, .T. ) ;
#12012 = EDGE_CURVE ( 'NONE', #109, #4456, #10350, .T. ) ;
#12013 = AXIS2_PLACEMENT_3D ( 'NONE', #4603, #3382, #5381 ) ;
#12014 = DIRECTION ( 'NONE',  ( -0.000000000000000000, 1.000000000000000000, 3.061616997868383141E-16 ) ) ;
#12015 = DIRECTION ( 'NONE',  ( 7.395570986446986770E-32, 1.000000000000000000, 3.061616997868382648E-16 ) ) ;
#12016 = EDGE_CURVE ( 'NONE', #12098, #7220, #634, .T. ) ;
#12017 = ORIENTED_EDGE ( 'NONE', *, *, #11133, .F. ) ;
#12018 = FACE_OUTER_BOUND ( 'NONE', #6552, .T. ) ;
#12019 = DIRECTION ( 'NONE',  ( 0.000000000000000000, 0.000000000000000000, 1.000000000000000000 ) ) ;
#12020 = PLANE ( 'NONE',  #2799 ) ;
#12021 = DIRECTION ( 'NONE',  ( 0.000000000000000000, -3.227392513445220839E-16, 1.000000000000000000 ) ) ;
#12022 = CARTESIAN_POINT ( 'NONE',  ( 15.97761374776389331, 51.19999999999999574, -14.38630803671550851 ) ) ;
#12023 = AXIS2_PLACEMENT_3D ( 'NONE', #4388, #7192, #12124 ) ;
#12024 = AXIS2_PLACEMENT_3D ( 'NONE', #4461, #4523, #10351 ) ;
#12025 = CARTESIAN_POINT ( 'NONE',  ( -11.70973925282284966, 51.20000000000000995, 18.03141721082677051 ) ) ;
#12026 = VERTEX_POINT ( 'NONE', #3933 ) ;
#12027 = ORIENTED_EDGE ( 'NONE', *, *, #7121, .F. ) ;
#12028 = ORIENTED_EDGE ( 'NONE', *, *, #4751, .F. ) ;
#12029 = EDGE_CURVE ( 'NONE', #1097, #6325, #12636, .T. ) ;
#12030 = LINE ( 'NONE', #1369, #9534 ) ;
#12031 = VECTOR ( 'NONE', #4511, 1000.000000000000000 ) ;
#12032 = CARTESIAN_POINT ( 'NONE',  ( 0.000000000000000000, 87.50000000000001421, 3.730185188303422936E-15 ) ) ;
#12033 = DIRECTION ( 'NONE',  ( 0.000000000000000000, -1.000000000000000000, -3.061616997868383141E-16 ) ) ;
#12034 = ORIENTED_EDGE ( 'NONE', *, *, #8894, .T. ) ;
#12035 = CARTESIAN_POINT ( 'NONE',  ( -19.98103174821859795, 51.19999999999999574, 7.937781193550262238 ) ) ;
#12036 = VECTOR ( 'NONE', #4462, 1000.000000000000000 ) ;
#12037 = CARTESIAN_POINT ( 'NONE',  ( 0.9987781450945809603, -0.07599627056109606316, 2.637003729438903932 ) ) ;
#12038 = DIRECTION ( 'NONE',  ( 0.000000000000000000, 0.000000000000000000, 1.000000000000000000 ) ) ;
#12039 = ORIENTED_EDGE ( 'NONE', *, *, #9885, .F. ) ;
#12040 = CARTESIAN_POINT ( 'NONE',  ( 0.9979693847162076636, 0.08598665755357016993, 2.798986657553570456 ) ) ;
#12041 = DIRECTION ( 'NONE',  ( -9.860761315262647568E-32, 1.000000000000000000, 3.061616997868382155E-16 ) ) ;
#12042 = ORIENTED_EDGE ( 'NONE', *, *, #1485, .T. ) ;
#12043 = AXIS2_PLACEMENT_3D ( 'NONE', #4333, #6316, #3352 ) ;
#12044 = ORIENTED_EDGE ( 'NONE', *, *, #4350, .T. ) ;
#12045 = AXIS2_PLACEMENT_3D ( 'NONE', #6704, #4777, #10411 ) ;
#12046 = VERTEX_POINT ( 'NONE', #12699 ) ;
#12047 = CARTESIAN_POINT ( 'NONE',  ( 12.63738292428807419, -80.41022924428168039, -17.39386537906144881 ) ) ;
#12048 = ADVANCED_FACE ( 'NONE', ( #7834 ), #8867, .F. ) ;
#12049 = LINE ( 'NONE', #4435, #12193 ) ;
#12050 = ORIENTED_EDGE ( 'NONE', *, *, #8699, .T. ) ;
#12051 = CARTESIAN_POINT ( 'NONE',  ( -3.363340998365109691, -80.41022924428168039, -20.98529932279544852 ) ) ;
#12052 = CARTESIAN_POINT ( 'NONE',  ( 17.39386537906129604, 45.19999999999998863, -12.63738292428823584 ) ) ;
#12053 = ORIENTED_EDGE ( 'NONE', *, *, #2892, .F. ) ;
#12054 = LINE ( 'NONE', #7185, #12380 ) ;
#12055 = CARTESIAN_POINT ( 'NONE',  ( -11.70973925282321915, 45.19999999999998863, -18.03141721082650051 ) ) ;
#12056 = CIRCLE ( 'NONE', #11855, 20.50000000000000711 ) ;
#12057 = CARTESIAN_POINT ( 'NONE',  ( 21.23529932279543431, 45.19999999999998863, -3.113340998365026646 ) ) ;
#12058 = EDGE_CURVE ( 'NONE', #1925, #12618, #4843, .T. ) ;
#12059 = EDGE_CURVE ( 'NONE', #8642, #7286, #4354, .T. ) ;
#12060 = ORIENTED_EDGE ( 'NONE', *, *, #7021, .T. ) ;
#12061 = CARTESIAN_POINT ( 'NONE',  ( 0.9967602942313523728, 0.08667637654483170695, 2.799676376544832035 ) ) ;
#12062 = DIRECTION ( 'NONE',  ( 0.000000000000000000, 0.000000000000000000, 1.000000000000000000 ) ) ;
#12063 = ORIENTED_EDGE ( 'NONE', *, *, #3641, .T. ) ;
#12064 = CIRCLE ( 'NONE', #9194, 21.50000000000000000 ) ;
#12065 = CARTESIAN_POINT ( 'NONE',  ( -0.9996401290936687278, -0.07465571176097314521, 2.638344288239026447 ) ) ;
#12066 = DIRECTION ( 'NONE',  ( -0.000000000000000000, 1.000000000000000000, 3.061616997868383141E-16 ) ) ;
#12067 = CARTESIAN_POINT ( 'NONE',  ( -17.39386537906147012, 51.19999999999999574, -12.63738292428799603 ) ) ;
#12068 = CARTESIAN_POINT ( 'NONE',  ( 0.9999999999999995559, -0.08167987200253366831, -2.794679872002534093 ) ) ;
#12069 = CIRCLE ( 'NONE', #12473, 21.50000000000001066 ) ;
#12070 = EDGE_CURVE ( 'NONE', #292, #3676, #9656, .T. ) ;
#12071 = VERTEX_POINT ( 'NONE', #6892 ) ;
#12072 = EDGE_CURVE ( 'NONE', #9280, #11925, #7710, .T. ) ;
#12073 = AXIS2_PLACEMENT_3D ( 'NONE', #4134, #7129, #11928 ) ;
#12074 = ORIENTED_EDGE ( 'NONE', *, *, #6291, .T. ) ;
#12075 = AXIS2_PLACEMENT_3D ( 'NONE', #10691, #1898, #1773 ) ;
#12076 = EDGE_CURVE ( 'NONE', #3951, #5206, #10789, .T. ) ;
#12077 = DIRECTION ( 'NONE',  ( -9.244463733058733463E-33, 1.000000000000000000, 3.061616997868380676E-16 ) ) ;
#12078 = CARTESIAN_POINT ( 'NONE',  ( -21.45599973288053164, 51.19999999999999574, 1.374800153706188466 ) ) ;
#12079 = EDGE_LOOP ( 'NONE', ( #6960, #11218, #10563, #4965 ) ) ;
#12080 = DIRECTION ( 'NONE',  ( -0.000000000000000000, 1.000000000000000000, 3.061616997868383141E-16 ) ) ;
#12081 = CARTESIAN_POINT ( 'NONE',  ( 21.45599973288054940, 51.19999999999999574, 1.374800153705888706 ) ) ;
#12082 = FACE_OUTER_BOUND ( 'NONE', #12490, .T. ) ;
#12083 = CYLINDRICAL_SURFACE ( 'NONE', #8345, 0.2500000000000002220 ) ;
#12084 = DIRECTION ( 'NONE',  ( 0.000000000000000000, 0.000000000000000000, 1.000000000000000000 ) ) ;
#12085 = AXIS2_PLACEMENT_3D ( 'NONE', #8196, #5323, #2474 ) ;
#12086 = CARTESIAN_POINT ( 'NONE',  ( -0.9978812173038357214, -0.07679992410463411245, 2.636200075895365647 ) ) ;
#12087 = ADVANCED_FACE ( 'NONE', ( #8673 ), #1026, .F. ) ;
#12088 = DIRECTION ( 'NONE',  ( -0.000000000000000000, 1.000000000000000000, 3.061616997868383141E-16 ) ) ;
#12089 = EDGE_LOOP ( 'NONE', ( #11775, #1641, #8807, #10393 ) ) ;
#12090 = AXIS2_PLACEMENT_3D ( 'NONE', #12529, #1879, #5818 ) ;
#12091 = EDGE_CURVE ( 'NONE', #11027, #12346, #6608, .T. ) ;
#12092 = ORIENTED_EDGE ( 'NONE', *, *, #4945, .F. ) ;
#12093 = VERTEX_POINT ( 'NONE', #11880 ) ;
#12094 = CARTESIAN_POINT ( 'NONE',  ( 0.000000000000000000, 9.199999999999999289, -2.024227590500601781E-14 ) ) ;
#12095 = DIRECTION ( 'NONE',  ( 0.000000000000000000, 0.000000000000000000, 1.000000000000000000 ) ) ;
#12096 = AXIS2_PLACEMENT_3D ( 'NONE', #4717, #8803, #1742 ) ;
#12097 = DIRECTION ( 'NONE',  ( -0.000000000000000000, 1.000000000000000000, 3.061616997868383141E-16 ) ) ;
#12098 = VERTEX_POINT ( 'NONE', #4973 ) ;
#12099 = DIRECTION ( 'NONE',  ( -0.000000000000000000, 1.000000000000000000, 3.061616997868383141E-16 ) ) ;
#12100 = CARTESIAN_POINT ( 'NONE',  ( 0.000000000000000000, 87.50000000000001421, 3.730185188303422936E-15 ) ) ;
#12101 = DIRECTION ( 'NONE',  ( -4.930380657631323784E-32, 1.000000000000000000, 3.061616997868382648E-16 ) ) ;
#12102 = ORIENTED_EDGE ( 'NONE', *, *, #4552, .T. ) ;
#12103 = CYLINDRICAL_SURFACE ( 'NONE', #6823, 21.50000000000000355 ) ;
#12104 = DIRECTION ( 'NONE',  ( 0.000000000000000000, 0.000000000000000000, 1.000000000000000000 ) ) ;
#12105 = ORIENTED_EDGE ( 'NONE', *, *, #5160, .F. ) ;
#12106 = EDGE_CURVE ( 'NONE', #2370, #8698, #4904, .T. ) ;
#12107 = EDGE_CURVE ( 'NONE', #4421, #11330, #10656, .T. ) ;
#12108 = ORIENTED_EDGE ( 'NONE', *, *, #9328, .F. ) ;
#12109 = ORIENTED_EDGE ( 'NONE', *, *, #65, .T. ) ;
#12110 = DIRECTION ( 'NONE',  ( -9.860761315262647568E-32, 1.000000000000000000, 3.061616997868381662E-16 ) ) ;
#12111 = DIRECTION ( 'NONE',  ( -0.000000000000000000, 1.000000000000000000, 3.061616997868383141E-16 ) ) ;
#12112 = ORIENTED_EDGE ( 'NONE', *, *, #3020, .T. ) ;
#12113 = CARTESIAN_POINT ( 'NONE',  ( -1.000000000000000444, -47.85087804878074280, 0.000000000000000000 ) ) ;
#12114 = DIRECTION ( 'NONE',  ( 0.000000000000000000, 0.000000000000000000, -1.000000000000000000 ) ) ;
#12115 = ORIENTED_EDGE ( 'NONE', *, *, #4867, .F. ) ;
#12116 = CYLINDRICAL_SURFACE ( 'NONE', #11771, 21.50000000000000355 ) ;
#12117 = CARTESIAN_POINT ( 'NONE',  ( -0.9970308217411253393, 0.08655782550412338683, 2.799557825504123798 ) ) ;
#12118 = DIRECTION ( 'NONE',  ( 0.000000000000000000, -3.227392513445222318E-16, 1.000000000000000000 ) ) ;
#12119 = DIRECTION ( 'NONE',  ( 0.000000000000000000, 0.000000000000000000, 1.000000000000000000 ) ) ;
#12120 = ADVANCED_FACE ( 'NONE', ( #1856 ), #1091, .T. ) ;
#12121 = AXIS2_PLACEMENT_3D ( 'NONE', #2967, #9768, #5928 ) ;
#12122 = CIRCLE ( 'NONE', #5996, 0.2500000000000002220 ) ;
#12123 = EDGE_LOOP ( 'NONE', ( #4432, #113, #1692, #10736 ) ) ;
#12124 = DIRECTION ( 'NONE',  ( 0.000000000000000000, 0.000000000000000000, 1.000000000000000000 ) ) ;
#12125 = CYLINDRICAL_SURFACE ( 'NONE', #2723, 21.50000000000000355 ) ;
#12126 = ORIENTED_EDGE ( 'NONE', *, *, #7943, .F. ) ;
#12127 = CARTESIAN_POINT ( 'NONE',  ( 6.643865379061379528, 51.20000000000000995, 20.44771510034580331 ) ) ;
#12128 = CARTESIAN_POINT ( 'NONE',  ( 21.47053499722332504, 45.19999999999998863, -0.8752230592233544160 ) ) ;
#12129 = DIRECTION ( 'NONE',  ( -2.465190328815661892E-32, 1.000000000000000000, 3.061616997868381662E-16 ) ) ;
#12130 = AXIS2_PLACEMENT_3D ( 'NONE', #2833, #2770, #4902 ) ;
#12131 = AXIS2_PLACEMENT_3D ( 'NONE', #1036, #4916, #2913 ) ;
#12132 = ORIENTED_EDGE ( 'NONE', *, *, #10084, .T. ) ;
#12133 = VERTEX_POINT ( 'NONE', #59 ) ;
#12134 = CARTESIAN_POINT ( 'NONE',  ( 0.9987781450945802941, 0.07599627056108579359, -2.637003729438915922 ) ) ;
#12135 = DIRECTION ( 'NONE',  ( -0.000000000000000000, 1.000000000000000000, 3.061616997868383141E-16 ) ) ;
#12136 = CIRCLE ( 'NONE', #8457, 18.24999999999999645 ) ;
#12137 = EDGE_CURVE ( 'NONE', #7703, #4013, #3321, .T. ) ;
#12138 = VERTEX_POINT ( 'NONE', #11812 ) ;
#12139 = DIRECTION ( 'NONE',  ( 9.860761315262647568E-32, 1.000000000000000000, 3.061616997868382648E-16 ) ) ;
#12140 = FACE_OUTER_BOUND ( 'NONE', #12550, .T. ) ;
#12141 = EDGE_CURVE ( 'NONE', #1127, #3729, #3106, .T. ) ;
#12142 = DIRECTION ( 'NONE',  ( 0.000000000000000000, 0.000000000000000000, 1.000000000000000000 ) ) ;
#12143 = CYLINDRICAL_SURFACE ( 'NONE', #3223, 0.2499999999999993616 ) ;
#12144 = AXIS2_PLACEMENT_3D ( 'NONE', #7887, #11798, #5779 ) ;
#12145 = LINE ( 'NONE', #3369, #12036 ) ;
#12146 = VECTOR ( 'NONE', #9186, 1000.000000000000000 ) ;
#12147 = CARTESIAN_POINT ( 'NONE',  ( 0.9949999999999995515, -0.07763355007212383030, 2.635366449927876165 ) ) ;
#12148 = VECTOR ( 'NONE', #7266, 1000.000000000000000 ) ;
#12149 = DIRECTION ( 'NONE',  ( -0.000000000000000000, 1.000000000000000000, 3.061616997868383141E-16 ) ) ;
#12150 = CONICAL_SURFACE ( 'NONE', #5806, 20.50000000000000711, 0.2617993877991493523 ) ;
#12151 = VERTEX_POINT ( 'NONE', #10858 ) ;
#12152 = ORIENTED_EDGE ( 'NONE', *, *, #5107, .F. ) ;
#12153 = CIRCLE ( 'NONE', #11736, 15.65000000000000036 ) ;
#12154 = ORIENTED_EDGE ( 'NONE', *, *, #2846, .F. ) ;
#12155 = AXIS2_PLACEMENT_3D ( 'NONE', #11334, #734, #1702 ) ;
#12156 = EDGE_CURVE ( 'NONE', #2055, #4883, #10725, .T. ) ;
#12157 = DIRECTION ( 'NONE',  ( 0.000000000000000000, -3.227392513445222318E-16, 1.000000000000000000 ) ) ;
#12158 = CARTESIAN_POINT ( 'NONE',  ( -13.53038840757163541, 45.19999999999998863, -16.70863817132473983 ) ) ;
#12159 = AXIS2_PLACEMENT_3D ( 'NONE', #5379, #9214, #7227 ) ;
#12160 = ADVANCED_FACE ( 'NONE', ( #5992 ), #4077, .F. ) ;
#12161 = CYLINDRICAL_SURFACE ( 'NONE', #11754, 47.84587804878049155 ) ;
#12162 = EDGE_LOOP ( 'NONE', ( #6459, #5272, #8203, #2423 ) ) ;
#12163 = CARTESIAN_POINT ( 'NONE',  ( -13.53038840757163541, -80.41022924428168039, -16.45863817132477891 ) ) ;
#12164 = CYLINDRICAL_SURFACE ( 'NONE', #8204, 21.50000000000000355 ) ;
#12165 = FACE_OUTER_BOUND ( 'NONE', #4492, .T. ) ;
#12166 = EDGE_LOOP ( 'NONE', ( #10095, #8265, #2701, #3833 ) ) ;
#12167 = DIRECTION ( 'NONE',  ( 0.000000000000000000, 0.000000000000000000, -1.000000000000000000 ) ) ;
#12168 = EDGE_CURVE ( 'NONE', #3376, #7191, #11539, .T. ) ;
#12169 = AXIS2_PLACEMENT_3D ( 'NONE', #12217, #6339, #11319 ) ;
#12170 = CARTESIAN_POINT ( 'NONE',  ( 20.16021269457239740, -80.41022924428168039, 7.470998869602448522 ) ) ;
#12171 = ORIENTED_EDGE ( 'NONE', *, *, #8156, .T. ) ;
#12172 = CIRCLE ( 'NONE', #1297, 0.2500000000000002220 ) ;
#12173 = ORIENTED_EDGE ( 'NONE', *, *, #9814, .T. ) ;
#12174 = AXIS2_PLACEMENT_3D ( 'NONE', #8945, #9782, #4092 ) ;
#12175 = VERTEX_POINT ( 'NONE', #6184 ) ;
#12176 = DIRECTION ( 'NONE',  ( 0.000000000000000000, 0.000000000000000000, 1.000000000000000000 ) ) ;
#12177 = EDGE_CURVE ( 'NONE', #1762, #10534, #11935, .T. ) ;
#12178 = DIRECTION ( 'NONE',  ( -0.000000000000000000, 1.000000000000000000, 3.061616997868383141E-16 ) ) ;
#12179 = EDGE_LOOP ( 'NONE', ( #9626, #6727, #5256, #520, #5827, #5060, #10071, #7797 ) ) ;
#12180 = CARTESIAN_POINT ( 'NONE',  ( -19.64122733931581166, 45.19999999999998863, 8.744837826129931102 ) ) ;
#12181 = EDGE_CURVE ( 'NONE', #9460, #486, #2126, .T. ) ;
#12182 = DIRECTION ( 'NONE',  ( -0.000000000000000000, 1.000000000000000000, 3.061616997868383141E-16 ) ) ;
#12183 = DIRECTION ( 'NONE',  ( 0.000000000000000000, -3.227392513445220839E-16, 1.000000000000000000 ) ) ;
#12184 = ORIENTED_EDGE ( 'NONE', *, *, #8355, .F. ) ;
#12185 = DIRECTION ( 'NONE',  ( 0.000000000000000000, 0.000000000000000000, 1.000000000000000000 ) ) ;
#12186 = DIRECTION ( 'NONE',  ( -7.395570986446986770E-32, 1.000000000000000000, 3.061616997868382648E-16 ) ) ;
#12187 = FACE_OUTER_BOUND ( 'NONE', #2668, .T. ) ;
#12188 = EDGE_LOOP ( 'NONE', ( #5391, #4644, #9000, #424 ) ) ;
#12189 = CARTESIAN_POINT ( 'NONE',  ( -0.9950000000000006617, -47.85087804878074280, 0.000000000000000000 ) ) ;
#12190 = EDGE_CURVE ( 'NONE', #12296, #12407, #7047, .T. ) ;
#12191 = DIRECTION ( 'NONE',  ( 0.000000000000000000, 1.000000000000000000, 3.061616997868383141E-16 ) ) ;
#12192 = ORIENTED_EDGE ( 'NONE', *, *, #5495, .F. ) ;
#12193 = VECTOR ( 'NONE', #3458, 1000.000000000000000 ) ;
#12194 = CARTESIAN_POINT ( 'NONE',  ( 19.74158195380339365, 45.19999999999998863, -8.515864134734938418 ) ) ;
#12195 = DIRECTION ( 'NONE',  ( 0.000000000000000000, -3.227392513445222318E-16, 1.000000000000000000 ) ) ;
#12196 = VERTEX_POINT ( 'NONE', #10987 ) ;
#12197 = AXIS2_PLACEMENT_3D ( 'NONE', #3058, #7931, #10755 ) ;
#12198 = APPLICATION_PROTOCOL_DEFINITION ( 'draft international standard', 'automotive_design', 1998, #2135 ) ;
#12199 = ORIENTED_EDGE ( 'NONE', *, *, #6585, .F. ) ;
#12200 = DIRECTION ( 'NONE',  ( 0.000000000000000000, 0.000000000000000000, 1.000000000000000000 ) ) ;
#12201 = EDGE_LOOP ( 'NONE', ( #11084, #9437, #10407, #11147 ) ) ;
#12202 = CARTESIAN_POINT ( 'NONE',  ( -7.704910915224106205, 51.19999999999999574, -20.07197916968974738 ) ) ;
#12203 = CIRCLE ( 'NONE', #11193, 0.2500000000000002220 ) ;
#12204 = CARTESIAN_POINT ( 'NONE',  ( 0.000000000000000000, 51.20000000000000995, -7.383484513958806747E-15 ) ) ;
#12205 = DIRECTION ( 'NONE',  ( 0.000000000000000000, 0.000000000000000000, 1.000000000000000000 ) ) ;
#12206 = FACE_OUTER_BOUND ( 'NONE', #2000, .T. ) ;
#12207 = CARTESIAN_POINT ( 'NONE',  ( -0.9978488633033415489, 0.08609119238737948654, 2.799091192387379579 ) ) ;
#12208 = CARTESIAN_POINT ( 'NONE',  ( 7.470998869602577308, 51.19999999999999574, -20.16021269457237963 ) ) ;
#12209 = EDGE_LOOP ( 'NONE', ( #7956, #1887, #12108, #3501 ) ) ;
#12210 = EDGE_CURVE ( 'NONE', #7828, #4483, #11105, .T. ) ;
#12211 = VERTEX_POINT ( 'NONE', #7019 ) ;
#12212 = CIRCLE ( 'NONE', #9767, 0.2500000000000002220 ) ;
#12213 = ADVANCED_FACE ( 'NONE', ( #11046 ), #2191, .F. ) ;
#12214 = DIRECTION ( 'NONE',  ( 0.000000000000000000, -2.907839272495698900E-16, 1.000000000000000000 ) ) ;
#12215 = EDGE_CURVE ( 'NONE', #8750, #4483, #2509, .T. ) ;
#12216 = DIRECTION ( 'NONE',  ( 0.000000000000000000, 0.000000000000000000, -1.000000000000000000 ) ) ;
#12217 = CARTESIAN_POINT ( 'NONE',  ( 0.000000000000000000, 87.50000000000001421, 3.730185188303422936E-15 ) ) ;
#12218 = CARTESIAN_POINT ( 'NONE',  ( -8.744837826129456815, 45.20000000000000284, 19.64122733931603548 ) ) ;
#12219 = VERTEX_POINT ( 'NONE', #10088 ) ;
#12220 = CARTESIAN_POINT ( 'NONE',  ( 0.000000000000000000, 45.20000000000000995, -9.220454712679835547E-15 ) ) ;
#12221 = AXIS2_PLACEMENT_3D ( 'NONE', #584, #10230, #11308 ) ;
#12222 = CARTESIAN_POINT ( 'NONE',  ( 0.9963509092825143520, -0.07745705061274579806, 2.635542949387254197 ) ) ;
#12223 = DIRECTION ( 'NONE',  ( -0.000000000000000000, 1.000000000000000000, 3.061616997868383141E-16 ) ) ;
#12224 = ORIENTED_EDGE ( 'NONE', *, *, #11297, .T. ) ;
#12225 = CARTESIAN_POINT ( 'NONE',  ( -16.70863817132498141, 45.19999999999998863, -13.53038840757134409 ) ) ;
#12226 = DIRECTION ( 'NONE',  ( 0.000000000000000000, 0.000000000000000000, 1.000000000000000000 ) ) ;
#12227 = VERTEX_POINT ( 'NONE', #12128 ) ;
#12228 = ORIENTED_EDGE ( 'NONE', *, *, #5359, .T. ) ;
#12229 = EDGE_CURVE ( 'NONE', #2780, #413, #4579, .T. ) ;
#12230 = VECTOR ( 'NONE', #3097, 1000.000000000000000 ) ;
#12231 = EDGE_LOOP ( 'NONE', ( #2216, #3186, #11739, #1117 ) ) ;
#12232 = DIRECTION ( 'NONE',  ( -2.465190328815661892E-32, 1.000000000000000000, 3.061616997868381662E-16 ) ) ;
#12233 = EDGE_CURVE ( 'NONE', #7638, #5678, #3225, .T. ) ;
#12234 = DIRECTION ( 'NONE',  ( 0.000000000000000000, -3.248981738798774652E-16, 1.000000000000000000 ) ) ;
#12235 = ORIENTED_EDGE ( 'NONE', *, *, #1791, .F. ) ;
#12236 = DIRECTION ( 'NONE',  ( 0.000000000000000000, 0.000000000000000000, -1.000000000000000000 ) ) ;
#12237 = DIRECTION ( 'NONE',  ( -0.000000000000000000, 1.000000000000000000, 3.061616997868383141E-16 ) ) ;
#12238 = ORIENTED_EDGE ( 'NONE', *, *, #3075, .T. ) ;
#12239 = DIRECTION ( 'NONE',  ( -0.000000000000000000, 1.000000000000000000, 3.061616997868383141E-16 ) ) ;
#12240 = DIRECTION ( 'NONE',  ( 7.395570986446986770E-32, 1.000000000000000000, 3.061616997868381169E-16 ) ) ;
#12241 = DIRECTION ( 'NONE',  ( 0.000000000000000000, 0.000000000000000000, 1.000000000000000000 ) ) ;
#12242 = AXIS2_PLACEMENT_3D ( 'NONE', #6820, #7706, #3870 ) ;
#12243 = LINE ( 'NONE', #10329, #10627 ) ;
#12244 = EDGE_CURVE ( 'NONE', #2456, #10115, #10028, .T. ) ;
#12245 = AXIS2_PLACEMENT_3D ( 'NONE', #2580, #4524, #1603 ) ;
#12246 = EDGE_CURVE ( 'NONE', #4832, #7201, #12337, .T. ) ;
#12247 = CIRCLE ( 'NONE', #2827, 21.50000000000001066 ) ;
#12248 = ORIENTED_EDGE ( 'NONE', *, *, #7442, .F. ) ;
#12249 = CARTESIAN_POINT ( 'NONE',  ( 3.363340998364969359, 45.20000000000000284, 21.23529932279546628 ) ) ;
#12250 = CARTESIAN_POINT ( 'NONE',  ( -21.23529932279548049, 51.19999999999999574, -3.363340998364742873 ) ) ;
#12251 = AXIS2_PLACEMENT_3D ( 'NONE', #4301, #1441, #12284 ) ;
#12252 = ORIENTED_EDGE ( 'NONE', *, *, #3154, .T. ) ;
#12253 = CARTESIAN_POINT ( 'NONE',  ( -7.704910915224106205, -80.41022924428168039, -20.07197916968979001 ) ) ;
#12254 = LINE ( 'NONE', #5474, #12031 ) ;
#12255 = EDGE_CURVE ( 'NONE', #6361, #12600, #860, .T. ) ;
#12256 = ORIENTED_EDGE ( 'NONE', *, *, #5849, .T. ) ;
#12257 = ORIENTED_EDGE ( 'NONE', *, *, #10084, .F. ) ;
#12258 = FACE_OUTER_BOUND ( 'NONE', #791, .T. ) ;
#12259 = CIRCLE ( 'NONE', #9815, 0.2500000000000002220 ) ;
#12260 = ORIENTED_EDGE ( 'NONE', *, *, #10026, .F. ) ;
#12261 = CARTESIAN_POINT ( 'NONE',  ( 0.000000000000000000, 87.50000000000001421, 3.730185188303422936E-15 ) ) ;
#12262 = DIRECTION ( 'NONE',  ( 0.000000000000000000, 0.000000000000000000, 1.000000000000000000 ) ) ;
#12263 = CARTESIAN_POINT ( 'NONE',  ( 0.9999999999999995559, -47.85087804878048701, 0.000000000000000000 ) ) ;
#12264 = DIRECTION ( 'NONE',  ( -0.000000000000000000, 1.000000000000000000, 3.061616997868383141E-16 ) ) ;
#12265 = CARTESIAN_POINT ( 'NONE',  ( -0.9998927283082065243, 0.08295993751795277538, 2.795959937517952909 ) ) ;
#12266 = AXIS2_PLACEMENT_3D ( 'NONE', #3465, #6548, #6610 ) ;
#12267 = CARTESIAN_POINT ( 'NONE',  ( -18.16635567040233568, 51.20000000000000995, 11.49928352796124109 ) ) ;
#12268 = AXIS2_PLACEMENT_3D ( 'NONE', #1334, #436, #10325 ) ;
#12269 = VERTEX_POINT ( 'NONE', #2255 ) ;
#12270 = ORIENTED_EDGE ( 'NONE', *, *, #11680, .T. ) ;
#12271 = AXIS2_PLACEMENT_3D ( 'NONE', #10306, #5561, #9279 ) ;
#12272 = ORIENTED_EDGE ( 'NONE', *, *, #3392, .T. ) ;
#12273 = CIRCLE ( 'NONE', #4121, 15.39999999999999680 ) ;
#12274 = LINE ( 'NONE', #11442, #3331 ) ;
#12275 = TOROIDAL_SURFACE ( 'NONE', #12085, 47.85087804878048701, 0.005000000000000000104 ) ;
#12276 = DIRECTION ( 'NONE',  ( -9.860761315262647568E-32, 1.000000000000000000, 3.061616997868380676E-16 ) ) ;
#12277 = ORIENTED_EDGE ( 'NONE', *, *, #709, .F. ) ;
#12278 = DIRECTION ( 'NONE',  ( -0.000000000000000000, 1.000000000000000000, 3.061616997868383141E-16 ) ) ;
#12279 = DIRECTION ( 'NONE',  ( 0.000000000000000000, 0.000000000000000000, 1.000000000000000000 ) ) ;
#12280 = DIRECTION ( 'NONE',  ( 0.000000000000000000, 0.000000000000000000, 1.000000000000000000 ) ) ;
#12281 = EDGE_CURVE ( 'NONE', #6323, #5681, #3166, .T. ) ;
#12282 = CIRCLE ( 'NONE', #6565, 3.700000000000012168 ) ;
#12283 = VERTEX_POINT ( 'NONE', #2320 ) ;
#12284 = DIRECTION ( 'NONE',  ( 0.000000000000000000, 0.000000000000000000, 1.000000000000000000 ) ) ;
#12285 = LINE ( 'NONE', #11517, #12315 ) ;
#12286 = ORIENTED_EDGE ( 'NONE', *, *, #2825, .F. ) ;
#12287 = EDGE_CURVE ( 'NONE', #4144, #12288, #387, .T. ) ;
#12288 = VERTEX_POINT ( 'NONE', #11176 ) ;
#12289 = ORIENTED_EDGE ( 'NONE', *, *, #4136, .F. ) ;
#12290 = DIRECTION ( 'NONE',  ( -9.860761315262647568E-32, 1.000000000000000000, 3.061616997868382648E-16 ) ) ;
#12291 = AXIS2_PLACEMENT_3D ( 'NONE', #11189, #2398, #6330 ) ;
#12292 = CARTESIAN_POINT ( 'NONE',  ( 0.9991179619992966998, -0.08475192185264214528, -2.797751921852642543 ) ) ;
#12293 = ORIENTED_EDGE ( 'NONE', *, *, #8371, .T. ) ;
#12294 = DIRECTION ( 'NONE',  ( -0.000000000000000000, 1.000000000000000000, 3.061616997868383141E-16 ) ) ;
#12295 = CYLINDRICAL_SURFACE ( 'NONE', #4393, 0.2500000000000002220 ) ;
#12296 = VERTEX_POINT ( 'NONE', #10924 ) ;
#12297 = DIRECTION ( 'NONE',  ( -0.000000000000000000, 1.000000000000000000, 3.061616997868383141E-16 ) ) ;
#12298 = EDGE_CURVE ( 'NONE', #262, #6325, #6396, .T. ) ;
#12299 = DIRECTION ( 'NONE',  ( -7.395570986446986770E-32, 1.000000000000000000, 3.061616997868381169E-16 ) ) ;
#12300 = CARTESIAN_POINT ( 'NONE',  ( 1.065261225492411370E-15, 3.500000000000005773, -8.698518023597419102 ) ) ;
#12301 = EDGE_CURVE ( 'NONE', #282, #2082, #6833, .T. ) ;
#12302 = FACE_OUTER_BOUND ( 'NONE', #2026, .T. ) ;
#12303 = CARTESIAN_POINT ( 'NONE',  ( 0.000000000000000000, 51.20000000000000995, -7.383484513958806747E-15 ) ) ;
#12304 = AXIS2_PLACEMENT_3D ( 'NONE', #1044, #7926, #11581 ) ;
#12305 = ORIENTED_EDGE ( 'NONE', *, *, #10923, .T. ) ;
#12306 = CARTESIAN_POINT ( 'NONE',  ( 14.38630803671546765, 51.20000000000000995, 15.97761374776396437 ) ) ;
#12307 = CARTESIAN_POINT ( 'NONE',  ( 21.23529932279545918, -80.41022924428168039, 3.363340998364872103 ) ) ;
#12308 = ADVANCED_FACE ( 'NONE', ( #3853 ), #7751, .F. ) ;
#12309 = VERTEX_POINT ( 'NONE', #4054 ) ;
#12310 = DIRECTION ( 'NONE',  ( -0.000000000000000000, 1.000000000000000000, 3.061616997868383141E-16 ) ) ;
#12311 = ADVANCED_FACE ( 'NONE', ( #7001 ), #1975, .T. ) ;
#12312 = DIRECTION ( 'NONE',  ( 0.000000000000000000, 0.000000000000000000, 1.000000000000000000 ) ) ;
#12313 = EDGE_CURVE ( 'NONE', #5909, #884, #2113, .T. ) ;
#12314 = CIRCLE ( 'NONE', #8845, 47.85087804878048701 ) ;
#12315 = VECTOR ( 'NONE', #1562, 1000.000000000000000 ) ;
#12316 = VERTEX_POINT ( 'NONE', #5089 ) ;
#12317 = DIRECTION ( 'NONE',  ( 0.000000000000000000, 0.000000000000000000, 1.000000000000000000 ) ) ;
#12318 = ORIENTED_EDGE ( 'NONE', *, *, #6130, .F. ) ;
#12319 = CARTESIAN_POINT ( 'NONE',  ( 0.9963509092825130198, 0.07745705061274649195, -2.635542949387256417 ) ) ;
#12320 = ORIENTED_EDGE ( 'NONE', *, *, #566, .F. ) ;
#12321 = CARTESIAN_POINT ( 'NONE',  ( 0.000000000000000000, 51.20000000000000995, -7.383484513958806747E-15 ) ) ;
#12322 = CIRCLE ( 'NONE', #6813, 0.2500000000000002220 ) ;
#12323 = CIRCLE ( 'NONE', #8446, 0.2500000000000002220 ) ;
#12324 = EDGE_CURVE ( 'NONE', #8628, #4075, #4827, .T. ) ;
#12325 = CARTESIAN_POINT ( 'NONE',  ( -18.03141721082671367, -80.41022924428168039, -11.70973925282293848 ) ) ;
#12326 = CARTESIAN_POINT ( 'NONE',  ( 21.03017341577679389, -80.41022924428168039, -4.220101352581928644 ) ) ;
#12327 = VECTOR ( 'NONE', #1759, 1000.000000000000000 ) ;
#12328 = DIRECTION ( 'NONE',  ( 0.000000000000000000, 0.000000000000000000, 1.000000000000000000 ) ) ;
#12329 = CARTESIAN_POINT ( 'NONE',  ( 0.9984418587562791103, -0.07636448762109357413, 2.636635512378906032 ) ) ;
#12330 = DIRECTION ( 'NONE',  ( -1.479114197289397354E-31, 1.000000000000000000, 3.061616997868382648E-16 ) ) ;
#12331 = VERTEX_POINT ( 'NONE', #11657 ) ;
#12332 = ORIENTED_EDGE ( 'NONE', *, *, #10041, .T. ) ;
#12333 = CIRCLE ( 'NONE', #5795, 21.50000000000000000 ) ;
#12334 = ORIENTED_EDGE ( 'NONE', *, *, #4338, .T. ) ;
#12335 = CARTESIAN_POINT ( 'NONE',  ( -2.247361960254262048, -80.41022924428169460, 21.38222075041787207 ) ) ;
#12336 = CIRCLE ( 'NONE', #11946, 0.2500000000000002220 ) ;
#12337 = CIRCLE ( 'NONE', #6020, 19.50000000000000355 ) ;
#12338 = EDGE_CURVE ( 'NONE', #2055, #1533, #5025, .T. ) ;
#12339 = LINE ( 'NONE', #1751, #9308 ) ;
#12340 = VERTEX_POINT ( 'NONE', #2041 ) ;
#12341 = CARTESIAN_POINT ( 'NONE',  ( 0.000000000000000000, 87.50000000000001421, 3.730185188303422936E-15 ) ) ;
#12342 = AXIS2_PLACEMENT_3D ( 'NONE', #6118, #11876, #9965 ) ;
#12343 = CIRCLE ( 'NONE', #864, 0.2500000000000002220 ) ;
#12344 = CARTESIAN_POINT ( 'NONE',  ( 15.02499431646291939, -80.41022924428169460, 15.37854173159001725 ) ) ;
#12345 = DIRECTION ( 'NONE',  ( 0.000000000000000000, -1.000000000000000000, -3.061616997868383141E-16 ) ) ;
#12346 = VERTEX_POINT ( 'NONE', #6038 ) ;
#12347 = DIRECTION ( 'NONE',  ( -1.000000000000000000, -0.000000000000000000, -0.000000000000000000 ) ) ;
#12348 = DIRECTION ( 'NONE',  ( 0.000000000000000000, -3.227392513445220839E-16, 1.000000000000000000 ) ) ;
#12349 = ORIENTED_EDGE ( 'NONE', *, *, #1781, .T. ) ;
#12350 = VERTEX_POINT ( 'NONE', #8979 ) ;
#12351 = CIRCLE ( 'NONE', #7454, 0.2500000000000002220 ) ;
#12352 = VECTOR ( 'NONE', #7549, 1000.000000000000000 ) ;
#12353 = CIRCLE ( 'NONE', #10720, 21.50000000000001066 ) ;
#12354 = EDGE_LOOP ( 'NONE', ( #1001, #6319, #872, #2094 ) ) ;
#12355 = CARTESIAN_POINT ( 'NONE',  ( -16.70863817132470786, -80.41022924428169460, 13.53038840757166739 ) ) ;
#12356 = DIRECTION ( 'NONE',  ( 0.000000000000000000, -3.227392513445220839E-16, 1.000000000000000000 ) ) ;
#12357 = ORIENTED_EDGE ( 'NONE', *, *, #10714, .F. ) ;
#12358 = CARTESIAN_POINT ( 'NONE',  ( 2.241103642439657471E-15, 24.20000000000000639, -18.30000000000002558 ) ) ;
#12359 = CARTESIAN_POINT ( 'NONE',  ( 0.000000000000000000, 45.20000000000000995, -9.220454712679835547E-15 ) ) ;
#12360 = VERTEX_POINT ( 'NONE', #5972 ) ;
#12361 = CYLINDRICAL_SURFACE ( 'NONE', #8299, 21.50000000000000355 ) ;
#12362 = AXIS2_PLACEMENT_3D ( 'NONE', #7094, #10039, #10102 ) ;
#12363 = DIRECTION ( 'NONE',  ( 0.000000000000000000, -1.000000000000000000, -3.061616997868383141E-16 ) ) ;
#12364 = CARTESIAN_POINT ( 'NONE',  ( 21.03017341577679389, 51.19999999999999574, -4.470101352581888676 ) ) ;
#12365 = ORIENTED_EDGE ( 'NONE', *, *, #7607, .F. ) ;
#12366 = CIRCLE ( 'NONE', #6650, 21.50000000000001066 ) ;
#12367 = CARTESIAN_POINT ( 'NONE',  ( 1.885956070686924989E-15, 87.50000000000001421, -15.40000000000000391 ) ) ;
#12368 = DIRECTION ( 'NONE',  ( 0.000000000000000000, 0.000000000000000000, 1.000000000000000000 ) ) ;
#12369 = AXIS2_PLACEMENT_3D ( 'NONE', #4601, #1553, #9454 ) ;
#12370 = ORIENTED_EDGE ( 'NONE', *, *, #5168, .F. ) ;
#12371 = ADVANCED_FACE ( 'NONE', ( #2878 ), #12676, .F. ) ;
#12372 = AXIS2_PLACEMENT_3D ( 'NONE', #6898, #3748, #6706 ) ;
#12373 = EDGE_LOOP ( 'NONE', ( #1733, #668, #10415, #12349 ) ) ;
#12374 = FACE_OUTER_BOUND ( 'NONE', #10852, .T. ) ;
#12375 = AXIS2_PLACEMENT_3D ( 'NONE', #3180, #5120, #7211 ) ;
#12376 = DIRECTION ( 'NONE',  ( -0.000000000000000000, 1.000000000000000000, 3.061616997868383141E-16 ) ) ;
#12377 = ORIENTED_EDGE ( 'NONE', *, *, #1023, .F. ) ;
#12378 = CARTESIAN_POINT ( 'NONE',  ( -0.9958629984937213964, -0.08693846207045974328, -2.799938462070460155 ) ) ;
#12379 = EDGE_CURVE ( 'NONE', #858, #6530, #8052, .T. ) ;
#12380 = VECTOR ( 'NONE', #6240, 1000.000000000000000 ) ;
#12381 = ORIENTED_EDGE ( 'NONE', *, *, #6138, .F. ) ;
#12382 = EDGE_CURVE ( 'NONE', #657, #1332, #5209, .T. ) ;
#12383 = AXIS2_PLACEMENT_3D ( 'NONE', #107, #3012, #5908 ) ;
#12384 = ORIENTED_EDGE ( 'NONE', *, *, #7895, .F. ) ;
#12385 = LINE ( 'NONE', #9566, #3657 ) ;
#12386 = ORIENTED_EDGE ( 'NONE', *, *, #12029, .F. ) ;
#12387 = DIRECTION ( 'NONE',  ( -0.000000000000000000, 1.000000000000000000, 3.061616997868383141E-16 ) ) ;
#12388 = CARTESIAN_POINT ( 'NONE',  ( 21.47053499722332504, 51.19999999999999574, -0.8752230592233524176 ) ) ;
#12389 = LINE ( 'NONE', #3429, #341 ) ;
#12390 = CARTESIAN_POINT ( 'NONE',  ( 18.74328531086466754, 51.19999999999999574, -10.53277056407879719 ) ) ;
#12391 = DIRECTION ( 'NONE',  ( 4.930380657631323784E-32, 1.000000000000000000, 3.061616997868382648E-16 ) ) ;
#12392 = CIRCLE ( 'NONE', #914, 21.50000000000001066 ) ;
#12393 = DIRECTION ( 'NONE',  ( 1.003171929053523884E-16, 0.5735764363510474917, -0.8191520442889909104 ) ) ;
#12394 = ORIENTED_EDGE ( 'NONE', *, *, #2196, .F. ) ;
#12395 = ORIENTED_EDGE ( 'NONE', *, *, #11688, .T. ) ;
#12396 = EDGE_CURVE ( 'NONE', #12658, #7403, #8268, .T. ) ;
#12397 = ORIENTED_EDGE ( 'NONE', *, *, #9625, .T. ) ;
#12398 = CARTESIAN_POINT ( 'NONE',  ( 9.760795744400141416, 51.19999999999999574, -18.90664027004993741 ) ) ;
#12399 = DIRECTION ( 'NONE',  ( 3.081487911019577365E-33, 1.000000000000000000, 3.061616997868381662E-16 ) ) ;
#12400 = VERTEX_POINT ( 'NONE', #1907 ) ;
#12401 = DIRECTION ( 'NONE',  ( 0.000000000000000000, 0.000000000000000000, -1.000000000000000000 ) ) ;
#12402 = LINE ( 'NONE', #4670, #3685 ) ;
#12403 = DIRECTION ( 'NONE',  ( 0.000000000000000000, -3.227392513445222318E-16, 1.000000000000000000 ) ) ;
#12404 = ORIENTED_EDGE ( 'NONE', *, *, #2997, .T. ) ;
#12405 = DIRECTION ( 'NONE',  ( -0.000000000000000000, 1.000000000000000000, 3.061616997868383141E-16 ) ) ;
#12406 = CARTESIAN_POINT ( 'NONE',  ( -12.63738292428795340, 51.20000000000000995, 17.39386537906153052 ) ) ;
#12407 = VERTEX_POINT ( 'NONE', #5845 ) ;
#12408 = ORIENTED_EDGE ( 'NONE', *, *, #7701, .F. ) ;
#12409 = EDGE_CURVE ( 'NONE', #9608, #997, #2719, .T. ) ;
#12410 = EDGE_CURVE ( 'NONE', #12175, #1355, #7812, .T. ) ;
#12411 = ORIENTED_EDGE ( 'NONE', *, *, #12489, .T. ) ;
#12412 = DIRECTION ( 'NONE',  ( 9.860761315262647568E-32, 1.000000000000000000, 3.061616997868381662E-16 ) ) ;
#12413 = CARTESIAN_POINT ( 'NONE',  ( 0.9956472653865273692, -0.08696586433878124300, -2.799965864338781696 ) ) ;
#12414 = CIRCLE ( 'NONE', #4660, 10.00000000000000000 ) ;
#12415 = ORIENTED_EDGE ( 'NONE', *, *, #10722, .T. ) ;
#12416 = DIRECTION ( 'NONE',  ( 9.860761315262647568E-32, 1.000000000000000000, 3.061616997868382648E-16 ) ) ;
#12417 = DIRECTION ( 'NONE',  ( 0.000000000000000000, 0.000000000000000000, -1.000000000000000000 ) ) ;
#12418 = DIRECTION ( 'NONE',  ( -0.000000000000000000, 1.000000000000000000, 3.061616997868383141E-16 ) ) ;
#12419 = VERTEX_POINT ( 'NONE', #10259 ) ;
#12420 = DIRECTION ( 'NONE',  ( 9.860761315262647568E-32, 1.000000000000000000, 3.061616997868382155E-16 ) ) ;
#12421 = CARTESIAN_POINT ( 'NONE',  ( 19.98103174821866546, 51.19999999999999574, -7.937781193550107695 ) ) ;
#12422 = CARTESIAN_POINT ( 'NONE',  ( 0.000000000000000000, 28.86506350946110189, -1.422158663453328212E-14 ) ) ;
#12423 = EDGE_LOOP ( 'NONE', ( #4593, #8128, #11891, #4229 ) ) ;
#12424 = CARTESIAN_POINT ( 'NONE',  ( -14.38630803671557956, 51.19999999999999574, -15.72761374776382759 ) ) ;
#12425 = DIRECTION ( 'NONE',  ( -0.000000000000000000, 1.000000000000000000, 3.061616997868383141E-16 ) ) ;
#12426 = AXIS2_PLACEMENT_3D ( 'NONE', #9616, #9883, #3725 ) ;
#12427 = AXIS2_PLACEMENT_3D ( 'NONE', #3554, #1481, #10288 ) ;
#12428 = ORIENTED_EDGE ( 'NONE', *, *, #6060, .F. ) ;
#12429 = EDGE_CURVE ( 'NONE', #4144, #7582, #6423, .T. ) ;
#12430 = EDGE_LOOP ( 'NONE', ( #4002, #5032, #7968, #4032 ) ) ;
#12431 = CARTESIAN_POINT ( 'NONE',  ( 0.000000000000000000, 87.50000000000001421, 3.730185188303422936E-15 ) ) ;
#12432 = CYLINDRICAL_SURFACE ( 'NONE', #1867, 0.2500000000000002220 ) ;
#12433 = ORIENTED_EDGE ( 'NONE', *, *, #8557, .T. ) ;
#12434 = AXIS2_PLACEMENT_3D ( 'NONE', #4905, #9511, #12700 ) ;
#12435 =( NAMED_UNIT ( * ) SI_UNIT ( $, .STERADIAN. ) SOLID_ANGLE_UNIT ( ) );
#12436 = CIRCLE ( 'NONE', #10808, 21.50000000000001066 ) ;
#12437 = EDGE_CURVE ( 'NONE', #4839, #2512, #7640, .T. ) ;
#12438 = ORIENTED_EDGE ( 'NONE', *, *, #9597, .T. ) ;
#12439 = VECTOR ( 'NONE', #1354, 1000.000000000000000 ) ;
#12440 = ORIENTED_EDGE ( 'NONE', *, *, #2753, .F. ) ;
#12441 = AXIS2_PLACEMENT_3D ( 'NONE', #7436, #10389, #3525 ) ;
#12442 = VERTEX_POINT ( 'NONE', #6165 ) ;
#12443 = LINE ( 'NONE', #4518, #4082 ) ;
#12444 = CARTESIAN_POINT ( 'NONE',  ( 0.000000000000000000, 8.699999999999993960, 16.01785065697081833 ) ) ;
#12445 = ORIENTED_EDGE ( 'NONE', *, *, #11480, .T. ) ;
#12446 = DIRECTION ( 'NONE',  ( -4.930380657631323784E-32, 1.000000000000000000, 3.061616997868382648E-16 ) ) ;
#12447 = DIRECTION ( 'NONE',  ( -0.000000000000000000, 1.000000000000000000, 3.061616997868383141E-16 ) ) ;
#12448 = CARTESIAN_POINT ( 'NONE',  ( 0.9998015137294511412, -0.08343150025756107535, -2.796431500257560820 ) ) ;
#12449 = DIRECTION ( 'NONE',  ( -0.000000000000000000, 1.000000000000000000, 3.061616997868383141E-16 ) ) ;
#12450 = DIRECTION ( 'NONE',  ( -2.465190328815661892E-32, 1.000000000000000000, 3.061616997868381662E-16 ) ) ;
#12451 = EDGE_CURVE ( 'NONE', #10683, #6967, #4308, .T. ) ;
#12452 = DIRECTION ( 'NONE',  ( 4.930380657631323784E-32, 1.000000000000000000, 3.061616997868381662E-16 ) ) ;
#12453 = ORIENTED_EDGE ( 'NONE', *, *, #260, .T. ) ;
#12454 = EDGE_CURVE ( 'NONE', #12026, #7677, #11215, .T. ) ;
#12455 = ORIENTED_EDGE ( 'NONE', *, *, #5521, .F. ) ;
#12456 = AXIS2_PLACEMENT_3D ( 'NONE', #12303, #3467, #6551 ) ;
#12457 = CARTESIAN_POINT ( 'NONE',  ( 0.000000000000000000, 3.750000000000003553, -2.191085716884428736E-14 ) ) ;
#12458 = CARTESIAN_POINT ( 'NONE',  ( 6.643865379061240972, 51.19999999999999574, -20.44771510034581397 ) ) ;
#12459 = CYLINDRICAL_SURFACE ( 'NONE', #7464, 0.2500000000000002220 ) ;
#12460 = DIRECTION ( 'NONE',  ( -0.000000000000000000, 1.000000000000000000, 3.061616997868383141E-16 ) ) ;
#12461 = ORIENTED_EDGE ( 'NONE', *, *, #2211, .F. ) ;
#12463 = EDGE_CURVE ( 'NONE', #10521, #12419, #3326, .T. ) ;
#12462 = CARTESIAN_POINT ( 'NONE',  ( 0.000000000000000000, 45.20000000000000995, -9.220454712679835547E-15 ) ) ;
#12464 = CIRCLE ( 'NONE', #6962, 21.50000000000001066 ) ;
#12465 = CARTESIAN_POINT ( 'NONE',  ( 21.40690689856071671, 51.19999999999999574, -1.998583757652805382 ) ) ;
#12466 = VECTOR ( 'NONE', #12186, 1000.000000000000000 ) ;
#12467 = DIRECTION ( 'NONE',  ( -0.000000000000000000, 1.000000000000000000, 3.061616997868383141E-16 ) ) ;
#12468 = EDGE_CURVE ( 'NONE', #10733, #3509, #8140, .T. ) ;
#12469 = ORIENTED_EDGE ( 'NONE', *, *, #10354, .T. ) ;
#12470 = LINE ( 'NONE', #6722, #1676 ) ;
#12471 = CARTESIAN_POINT ( 'NONE',  ( -21.03017341577685784, 45.19999999999998863, -4.220101352581595577 ) ) ;
#12472 = ORIENTED_EDGE ( 'NONE', *, *, #8894, .F. ) ;
#12473 = AXIS2_PLACEMENT_3D ( 'NONE', #2029, #6796, #6865 ) ;
#12474 = ADVANCED_FACE ( 'NONE', ( #11087 ), #11986, .F. ) ;
#12475 = ORIENTED_EDGE ( 'NONE', *, *, #11117, .F. ) ;
#12476 = AXIS2_PLACEMENT_3D ( 'NONE', #12253, #5725, #4451 ) ;
#12477 = VERTEX_POINT ( 'NONE', #2364 ) ;
#12478 = CIRCLE ( 'NONE', #6975, 0.2500000000000002220 ) ;
#12479 = CARTESIAN_POINT ( 'NONE',  ( -13.53038840757129968, 51.20000000000000995, 16.70863817132504536 ) ) ;
#12480 = DIRECTION ( 'NONE',  ( 0.000000000000000000, -1.000000000000000000, -3.061616997868383141E-16 ) ) ;
#12481 = LINE ( 'NONE', #10377, #4838 ) ;
#12482 = DIRECTION ( 'NONE',  ( 4.930380657631323784E-32, 1.000000000000000000, 3.061616997868383141E-16 ) ) ;
#12483 = CARTESIAN_POINT ( 'NONE',  ( 0.000000000000000000, 87.50000000000001421, 3.730185188303422936E-15 ) ) ;
#12484 = DIRECTION ( 'NONE',  ( -0.000000000000000000, 1.000000000000000000, 3.061616997868383141E-16 ) ) ;
#12485 = ORIENTED_EDGE ( 'NONE', *, *, #12106, .F. ) ;
#12486 = DIRECTION ( 'NONE',  ( 0.000000000000000000, 0.000000000000000000, -1.000000000000000000 ) ) ;
#12487 = DIRECTION ( 'NONE',  ( -1.000000000000000000, 0.000000000000000000, 0.000000000000000000 ) ) ;
#12488 = CARTESIAN_POINT ( 'NONE',  ( 0.000000000000000000, 79.00000000000000000, -15.39999999999999680 ) ) ;
#12489 = EDGE_CURVE ( 'NONE', #2881, #984, #8332, .T. ) ;
#12490 = EDGE_LOOP ( 'NONE', ( #219, #6356, #12293, #10717 ) ) ;
#12491 = ADVANCED_FACE ( 'NONE', ( #1385 ), #9164, .F. ) ;
#12492 = CARTESIAN_POINT ( 'NONE',  ( -16.14381341971818884, 51.20000000000000995, 14.19955239679500636 ) ) ;
#12493 = CARTESIAN_POINT ( 'NONE',  ( -14.38630803671557956, -80.41022924428168039, -15.72761374776387022 ) ) ;
#12494 = AXIS2_PLACEMENT_3D ( 'NONE', #11449, #6591, #725 ) ;
#12495 = ORIENTED_EDGE ( 'NONE', *, *, #4586, .T. ) ;
#12496 = AXIS2_PLACEMENT_3D ( 'NONE', #8217, #7908, #12119 ) ;
#12497 = ORIENTED_EDGE ( 'NONE', *, *, #5529, .T. ) ;
#12498 = FACE_OUTER_BOUND ( 'NONE', #9486, .T. ) ;
#12499 = CARTESIAN_POINT ( 'NONE',  ( -20.07197916968989659, -80.41022924428168039, -7.704910915223790013 ) ) ;
#12500 = ORIENTED_EDGE ( 'NONE', *, *, #3659, .T. ) ;
#12501 = CYLINDRICAL_SURFACE ( 'NONE', #6457, 21.50000000000000355 ) ;
#12502 = CARTESIAN_POINT ( 'NONE',  ( -10.75000000000014744, -80.41022924428168039, -18.61954618136536155 ) ) ;
#12503 = AXIS2_PLACEMENT_3D ( 'NONE', #5525, #6614, #12368 ) ;
#12504 = EDGE_CURVE ( 'NONE', #7928, #3671, #10107, .T. ) ;
#12505 = ORIENTED_EDGE ( 'NONE', *, *, #11545, .T. ) ;
#12506 = EDGE_LOOP ( 'NONE', ( #11440, #10491, #3147, #5334, #11009 ) ) ;
#12507 = ORIENTED_EDGE ( 'NONE', *, *, #7915, .T. ) ;
#12508 = CARTESIAN_POINT ( 'NONE',  ( 1.000000000000144773, 0.07339451849166987729, -2.639605481508333185 ) ) ;
#12509 = DIRECTION ( 'NONE',  ( 0.000000000000000000, 0.000000000000000000, 1.000000000000000000 ) ) ;
#12510 = VERTEX_POINT ( 'NONE', #5332 ) ;
#12511 = CARTESIAN_POINT ( 'NONE',  ( -20.76740526521489372, 45.19999999999998863, 5.564609469704437039 ) ) ;
#12512 = FACE_OUTER_BOUND ( 'NONE', #7032, .T. ) ;
#12513 = CARTESIAN_POINT ( 'NONE',  ( -20.16021269457244358, 45.19999999999998863, -7.470998869602323289 ) ) ;
#12514 = VECTOR ( 'NONE', #9324, 1000.000000000000000 ) ;
#12515 = DIRECTION ( 'NONE',  ( -0.000000000000000000, 1.000000000000000000, 3.061616997868383141E-16 ) ) ;
#12516 = CARTESIAN_POINT ( 'NONE',  ( -15.80925377108406416, -80.41022924428169460, 14.57111852952486863 ) ) ;
#12517 = ORIENTED_EDGE ( 'NONE', *, *, #4029, .T. ) ;
#12518 = ORIENTED_EDGE ( 'NONE', *, *, #736, .T. ) ;
#12519 = AXIS2_PLACEMENT_3D ( 'NONE', #5976, #7888, #9953 ) ;
#12520 = CARTESIAN_POINT ( 'NONE',  ( -16.70863817132470786, 51.20000000000000995, 13.53038840757170824 ) ) ;
#12521 = AXIS2_PLACEMENT_3D ( 'NONE', #12458, #3690, #7593 ) ;
#12522 = ADVANCED_FACE ( 'NONE', ( #1327 ), #7120, .F. ) ;
#12523 = CARTESIAN_POINT ( 'NONE',  ( 2.510525938252074481E-15, 51.20000000000001705, -20.50000000000001066 ) ) ;
#12524 = CYLINDRICAL_SURFACE ( 'NONE', #9106, 0.2500000000000002220 ) ;
#12525 = FACE_OUTER_BOUND ( 'NONE', #12373, .T. ) ;
#12526 = VERTEX_POINT ( 'NONE', #6353 ) ;
#12527 = DIRECTION ( 'NONE',  ( 0.000000000000000000, 0.000000000000000000, 1.000000000000000000 ) ) ;
#12528 = DIRECTION ( 'NONE',  ( 0.000000000000000000, 0.000000000000000000, 1.000000000000000000 ) ) ;
#12529 = CARTESIAN_POINT ( 'NONE',  ( 0.000000000000000000, 45.20000000000000995, -9.220454712679835547E-15 ) ) ;
#12530 = DIRECTION ( 'NONE',  ( 0.000000000000000000, -3.227392513445220839E-16, 1.000000000000000000 ) ) ;
#12531 = AXIS2_PLACEMENT_3D ( 'NONE', #5880, #11834, #11770 ) ;
#12532 = DIRECTION ( 'NONE',  ( -0.000000000000000000, 1.000000000000000000, 3.061616997868383141E-16 ) ) ;
#12533 = VECTOR ( 'NONE', #4276, 1000.000000000000000 ) ;
#12534 = ORIENTED_EDGE ( 'NONE', *, *, #9181, .T. ) ;
#12535 = EDGE_LOOP ( 'NONE', ( #5132, #4825, #6928, #470 ) ) ;
#12536 = ORIENTED_EDGE ( 'NONE', *, *, #11011, .T. ) ;
#12537 = CARTESIAN_POINT ( 'NONE',  ( -21.45599973288056006, 51.19999999999999574, -1.374800153705707517 ) ) ;
#12538 = EDGE_CURVE ( 'NONE', #4898, #1794, #10299, .T. ) ;
#12539 = AXIS2_PLACEMENT_3D ( 'NONE', #9054, #7967, #1991 ) ;
#12540 = CARTESIAN_POINT ( 'NONE',  ( 0.9953221424704316034, -0.08700000000040035431, -2.800000000000400835 ) ) ;
#12541 = LINE ( 'NONE', #4166, #1698 ) ;
#12542 = VECTOR ( 'NONE', #8847, 1000.000000000000000 ) ;
#12543 = LINE ( 'NONE', #3781, #5869 ) ;
#12544 = CARTESIAN_POINT ( 'NONE',  ( 0.000000000000000000, 87.50000000000001421, 3.730185188303422936E-15 ) ) ;
#12545 = EDGE_LOOP ( 'NONE', ( #4372, #2218, #8471, #11092 ) ) ;
#12546 = FACE_OUTER_BOUND ( 'NONE', #10057, .T. ) ;
#12547 = ADVANCED_FACE ( 'NONE', ( #7306 ), #495, .T. ) ;
#12548 = CARTESIAN_POINT ( 'NONE',  ( 0.000000000000000000, 87.50000000000001421, 3.730185188303422936E-15 ) ) ;
#12549 = DIRECTION ( 'NONE',  ( 0.000000000000000000, 1.000000000000000000, 3.061616997868382648E-16 ) ) ;
#12550 = EDGE_LOOP ( 'NONE', ( #1430, #11933, #10549, #12698 ) ) ;
#12551 = CARTESIAN_POINT ( 'NONE',  ( 0.000000000000000000, 51.20000000000000995, -7.383484513958806747E-15 ) ) ;
#12552 = AXIS2_PLACEMENT_3D ( 'NONE', #7427, #7496, #9413 ) ;
#12553 = CARTESIAN_POINT ( 'NONE',  ( -1.000000000000000444, -0.08167987200253366831, -2.794679872002534093 ) ) ;
#12554 = ORIENTED_EDGE ( 'NONE', *, *, #232, .F. ) ;
#12555 = VECTOR ( 'NONE', #9869, 1000.000000000000000 ) ;
#12556 = EDGE_CURVE ( 'NONE', #2048, #7973, #3457, .T. ) ;
#12557 = CIRCLE ( 'NONE', #10324, 21.50000000000000000 ) ;
#12558 = ORIENTED_EDGE ( 'NONE', *, *, #3863, .F. ) ;
#12559 = CARTESIAN_POINT ( 'NONE',  ( -12.63738292428795340, -80.41022924428169460, 17.39386537906148789 ) ) ;
#12560 = ORIENTED_EDGE ( 'NONE', *, *, #4490, .T. ) ;
#12561 = CARTESIAN_POINT ( 'NONE',  ( 18.74328531086473504, -80.41022924428168039, -10.53277056407868173 ) ) ;
#12562 = EDGE_LOOP ( 'NONE', ( #4164, #12011, #12621, #2281, #5472, #10839, #12386, #5609 ) ) ;
#12563 = DIRECTION ( 'NONE',  ( 0.000000000000000000, 0.000000000000000000, 1.000000000000000000 ) ) ;
#12564 = AXIS2_PLACEMENT_3D ( 'NONE', #342, #8055, #1301 ) ;
#12565 = CARTESIAN_POINT ( 'NONE',  ( -19.64122733931598574, -80.41022924428168039, -8.744837826129547409 ) ) ;
#12566 = AXIS2_PLACEMENT_3D ( 'NONE', #2656, #8563, #5750 ) ;
#12567 = VECTOR ( 'NONE', #513, 1000.000000000000000 ) ;
#12568 = VERTEX_POINT ( 'NONE', #2169 ) ;
#12569 = AXIS2_PLACEMENT_3D ( 'NONE', #460, #4278, #403 ) ;
#12570 = VERTEX_POINT ( 'NONE', #10009 ) ;
#12571 = ADVANCED_FACE ( 'NONE', ( #4184 ), #1197, .F. ) ;
#12572 = ORIENTED_EDGE ( 'NONE', *, *, #82, .T. ) ;
#12573 = CARTESIAN_POINT ( 'NONE',  ( 0.000000000000000000, 45.20000000000000995, -9.220454712679835547E-15 ) ) ;
#12574 = CARTESIAN_POINT ( 'NONE',  ( 19.53821706942833103, 45.19999999999998863, 8.972629143562093290 ) ) ;
#12575 = ORIENTED_EDGE ( 'NONE', *, *, #2341, .F. ) ;
#12576 = CIRCLE ( 'NONE', #3586, 0.2500000000000002220 ) ;
#12577 = CARTESIAN_POINT ( 'NONE',  ( 20.76740526521493635, -80.41022924428168039, -5.564609469704302924 ) ) ;
#12578 = DIRECTION ( 'NONE',  ( 0.000000000000000000, 0.000000000000000000, 1.000000000000000000 ) ) ;
#12579 = CYLINDRICAL_SURFACE ( 'NONE', #4283, 0.2500000000000002220 ) ;
#12580 = CYLINDRICAL_SURFACE ( 'NONE', #5756, 21.50000000000000355 ) ;
#12581 = CARTESIAN_POINT ( 'NONE',  ( -14.57111852952483844, -80.41022924428168039, -15.80925377108414409 ) ) ;
#12582 = ORIENTED_EDGE ( 'NONE', *, *, #4404, .T. ) ;
#12583 = ORIENTED_EDGE ( 'NONE', *, *, #12410, .T. ) ;
#12584 = AXIS2_PLACEMENT_3D ( 'NONE', #6546, #2488, #12486 ) ;
#12585 = EDGE_CURVE ( 'NONE', #12151, #4300, #1285, .T. ) ;
#12586 = FACE_OUTER_BOUND ( 'NONE', #8560, .T. ) ;
#12587 = DIRECTION ( 'NONE',  ( 0.000000000000000000, 0.000000000000000000, 1.000000000000000000 ) ) ;
#12588 = DIRECTION ( 'NONE',  ( -1.000000000000000000, 0.000000000000000000, 0.000000000000000000 ) ) ;
#12589 = ORIENTED_EDGE ( 'NONE', *, *, #8465, .F. ) ;
#12590 = CARTESIAN_POINT ( 'NONE',  ( -3.363340998365109691, 45.19999999999998863, -20.98529932279540944 ) ) ;
#12591 = AXIS2_PLACEMENT_3D ( 'NONE', #8273, #1328, #12234 ) ;
#12592 = DIRECTION ( 'NONE',  ( -4.930380657631323784E-32, 1.000000000000000000, 3.061616997868381169E-16 ) ) ;
#12593 = CYLINDRICAL_SURFACE ( 'NONE', #10251, 21.50000000000000355 ) ;
#12594 = CARTESIAN_POINT ( 'NONE',  ( 16.70863817132479667, 45.19999999999998863, -13.53038840757156791 ) ) ;
#12595 = CARTESIAN_POINT ( 'NONE',  ( 9.760795744400141416, -80.41022924428168039, -19.15664027004997649 ) ) ;
#12596 = ORIENTED_EDGE ( 'NONE', *, *, #1750, .T. ) ;
#12597 = EDGE_CURVE ( 'NONE', #7385, #1406, #2521, .T. ) ;
#12598 = ORIENTED_EDGE ( 'NONE', *, *, #10218, .T. ) ;
#12599 = EDGE_CURVE ( 'NONE', #8532, #1896, #9536, .T. ) ;
#12600 = VERTEX_POINT ( 'NONE', #672 ) ;
#12601 = DIRECTION ( 'NONE',  ( -9.860761315262647568E-32, 1.000000000000000000, 3.061616997868382155E-16 ) ) ;
#12602 = CARTESIAN_POINT ( 'NONE',  ( 0.000000000000000000, 87.50000000000001421, 3.730185188303422936E-15 ) ) ;
#12603 = DIRECTION ( 'NONE',  ( 0.000000000000000000, 0.000000000000000000, 1.000000000000000000 ) ) ;
#12604 = DIRECTION ( 'NONE',  ( 2.465190328815661892E-32, 1.000000000000000000, 3.061616997868383141E-16 ) ) ;
#12605 = ORIENTED_EDGE ( 'NONE', *, *, #6619, .T. ) ;
#12606 = DIRECTION ( 'NONE',  ( 0.000000000000000000, -3.227392513445222318E-16, 1.000000000000000000 ) ) ;
#12607 = AXIS2_PLACEMENT_3D ( 'NONE', #7872, #5768, #6861 ) ;
#12608 = FACE_OUTER_BOUND ( 'NONE', #3018, .T. ) ;
#12609 = CARTESIAN_POINT ( 'NONE',  ( 0.000000000000000000, 45.20000000000000995, -9.220454712679835547E-15 ) ) ;
#12610 = ORIENTED_EDGE ( 'NONE', *, *, #1696, .T. ) ;
#12611 = DIRECTION ( 'NONE',  ( -4.930380657631323784E-32, 1.000000000000000000, 3.061616997868381169E-16 ) ) ;
#12612 = FACE_OUTER_BOUND ( 'NONE', #6665, .T. ) ;
#12613 = ADVANCED_FACE ( 'NONE', ( #3708 ), #801, .F. ) ;
#12614 = ORIENTED_EDGE ( 'NONE', *, *, #10531, .T. ) ;
#12615 = EDGE_CURVE ( 'NONE', #1159, #1547, #6476, .T. ) ;
#12616 = CIRCLE ( 'NONE', #10378, 21.50000000000001066 ) ;
#12617 = DIRECTION ( 'NONE',  ( -4.930380657631323784E-32, 1.000000000000000000, 3.061616997868381662E-16 ) ) ;
#12618 = VERTEX_POINT ( 'NONE', #2482 ) ;
#12619 = CARTESIAN_POINT ( 'NONE',  ( -15.37854173158977389, 45.20000000000000284, 15.02499431646322314 ) ) ;
#12620 = FACE_OUTER_BOUND ( 'NONE', #9010, .T. ) ;
#12621 = ORIENTED_EDGE ( 'NONE', *, *, #1269, .T. ) ;
#12622 = CARTESIAN_POINT ( 'NONE',  ( -5.805710654484241395, 45.20000000000000284, 20.70129763556884583 ) ) ;
#12623 = DIRECTION ( 'NONE',  ( -0.000000000000000000, 1.000000000000000000, 3.061616997868383141E-16 ) ) ;
#12625 = EDGE_CURVE ( 'NONE', #1677, #11455, #9410, .T. ) ;
#12624 = CIRCLE ( 'NONE', #1555, 0.2500000000000002220 ) ;
#12626 = AXIS2_PLACEMENT_3D ( 'NONE', #10872, #9921, #8947 ) ;
#12627 = ADVANCED_FACE ( 'NONE', ( #3584 ), #1629, .T. ) ;
#12628 = VERTEX_POINT ( 'NONE', #10317 ) ;
#12629 = VERTEX_POINT ( 'NONE', #11396 ) ;
#12630 = CIRCLE ( 'NONE', #5299, 0.2500000000000002220 ) ;
#12631 = ORIENTED_EDGE ( 'NONE', *, *, #11053, .T. ) ;
#12632 = DIRECTION ( 'NONE',  ( 0.000000000000000000, 0.000000000000000000, -1.000000000000000000 ) ) ;
#12633 = CARTESIAN_POINT ( 'NONE',  ( -6.643865379061518084, -80.41022924428168039, -20.44771510034576423 ) ) ;
#12634 = AXIS2_PLACEMENT_3D ( 'NONE', #2337, #10289, #2270 ) ;
#12635 = EDGE_LOOP ( 'NONE', ( #5393, #4530, #11700, #10417 ) ) ;
#12636 = LINE ( 'NONE', #3033, #4978 ) ;
#12637 = DIRECTION ( 'NONE',  ( -0.000000000000000000, 1.000000000000000000, 3.061616997868383141E-16 ) ) ;
#12638 = DIRECTION ( 'NONE',  ( -0.000000000000000000, 1.000000000000000000, 3.061616997868383141E-16 ) ) ;
#12639 = DIRECTION ( 'NONE',  ( 9.860761315262647568E-32, 1.000000000000000000, 3.061616997868382155E-16 ) ) ;
#12640 = EDGE_CURVE ( 'NONE', #1925, #10065, #1494, .T. ) ;
#12641 = EDGE_CURVE ( 'NONE', #8161, #10723, #550, .T. ) ;
#12642 = CIRCLE ( 'NONE', #7133, 21.50000000000000000 ) ;
#12643 = CARTESIAN_POINT ( 'NONE',  ( 0.000000000000000000, 87.50000000000001421, 3.730185188303422936E-15 ) ) ;
#12644 = ORIENTED_EDGE ( 'NONE', *, *, #4514, .F. ) ;
#12645 = VERTEX_POINT ( 'NONE', #8516 ) ;
#12646 = VERTEX_POINT ( 'NONE', #12537 ) ;
#12647 = LINE ( 'NONE', #1941, #2299 ) ;
#12648 = DIRECTION ( 'NONE',  ( 0.000000000000000000, 0.000000000000000000, -1.000000000000000000 ) ) ;
#12649 = CARTESIAN_POINT ( 'NONE',  ( 2.388061258337339728E-15, 61.70000000000001705, -19.50000000000000711 ) ) ;
#12650 = ORIENTED_EDGE ( 'NONE', *, *, #9266, .T. ) ;
#12651 = CARTESIAN_POINT ( 'NONE',  ( -21.48216726873253180, 51.19999999999999574, 0.8754938253332071874 ) ) ;
#12652 = CIRCLE ( 'NONE', #169, 0.2500000000000002220 ) ;
#12653 = CARTESIAN_POINT ( 'NONE',  ( -17.39386537906147012, 45.19999999999998863, -12.38738292428799781 ) ) ;
#12654 = CARTESIAN_POINT ( 'NONE',  ( -0.9986307217673240366, 0.07615070674710087972, -2.636849293252900850 ) ) ;
#12655 = DIRECTION ( 'NONE',  ( 0.000000000000000000, 0.000000000000000000, 1.000000000000000000 ) ) ;
#12656 = DIRECTION ( 'NONE',  ( 0.000000000000000000, -3.227392513445220839E-16, 1.000000000000000000 ) ) ;
#12657 = ORIENTED_EDGE ( 'NONE', *, *, #1068, .T. ) ;
#12658 = VERTEX_POINT ( 'NONE', #9469 ) ;
#12659 = VERTEX_POINT ( 'NONE', #10376 ) ;
#12660 = FACE_OUTER_BOUND ( 'NONE', #11839, .T. ) ;
#12661 = CARTESIAN_POINT ( 'NONE',  ( -14.38630803671557956, 45.19999999999998863, -15.97761374776383114 ) ) ;
#12662 = TOROIDAL_SURFACE ( 'NONE', #10225, 47.85087804878074280, 0.005000000000000000104 ) ;
#12663 = EDGE_CURVE ( 'NONE', #11469, #1035, #1083, .T. ) ;
#12664 = CYLINDRICAL_SURFACE ( 'NONE', #989, 21.50000000000000355 ) ;
#12665 = DIRECTION ( 'NONE',  ( -1.972152263052529514E-31, 1.000000000000000000, 3.061616997868382155E-16 ) ) ;
#12666 = ORIENTED_EDGE ( 'NONE', *, *, #4368, .T. ) ;
#12667 = CARTESIAN_POINT ( 'NONE',  ( 1.374800153706111416, 45.20000000000000284, 21.45599973288054230 ) ) ;
#12668 = FACE_OUTER_BOUND ( 'NONE', #3942, .T. ) ;
#12669 = DIRECTION ( 'NONE',  ( 0.000000000000000000, 0.000000000000000000, 1.000000000000000000 ) ) ;
#12670 = ORIENTED_EDGE ( 'NONE', *, *, #5417, .F. ) ;
#12671 = ADVANCED_FACE ( 'NONE', ( #3776, #8578 ), #4547, .T. ) ;
#12672 = DIRECTION ( 'NONE',  ( 0.000000000000000000, 0.000000000000000000, 1.000000000000000000 ) ) ;
#12673 = CARTESIAN_POINT ( 'NONE',  ( 0.000000000000000000, 74.75000000000000000, 18.24999999999999645 ) ) ;
#12674 = ORIENTED_EDGE ( 'NONE', *, *, #4267, .T. ) ;
#12675 = AXIS2_PLACEMENT_3D ( 'NONE', #5280, #1520, #3336 ) ;
#12676 = CYLINDRICAL_SURFACE ( 'NONE', #9909, 0.2500000000000002220 ) ;
#12677 = CIRCLE ( 'NONE', #4929, 0.2500000000000002220 ) ;
#12678 = EDGE_CURVE ( 'NONE', #598, #1238, #11275, .T. ) ;
#12679 = FACE_OUTER_BOUND ( 'NONE', #10794, .T. ) ;
#12680 = ORIENTED_EDGE ( 'NONE', *, *, #466, .F. ) ;
#12681 = CARTESIAN_POINT ( 'NONE',  ( 10.96577594754921670, -80.41022924428168039, -18.49328953615747295 ) ) ;
#12682 = ADVANCED_FACE ( 'NONE', ( #1512 ), #11460, .T. ) ;
#12683 = EDGE_CURVE ( 'NONE', #9333, #11905, #8676, .T. ) ;
#12684 = CARTESIAN_POINT ( 'NONE',  ( 21.03017341577679389, 45.19999999999998863, -4.470101352581890453 ) ) ;
#12685 = FACE_OUTER_BOUND ( 'NONE', #1024, .T. ) ;
#12686 = EDGE_LOOP ( 'NONE', ( #7100, #5338, #11316, #12404 ) ) ;
#12687 = DIRECTION ( 'NONE',  ( -0.000000000000000000, 1.000000000000000000, 3.061616997868383141E-16 ) ) ;
#12688 = CIRCLE ( 'NONE', #4327, 0.2500000000000002220 ) ;
#12689 = DIRECTION ( 'NONE',  ( -0.000000000000000000, 1.000000000000000000, 3.061616997868383141E-16 ) ) ;
#12690 = CIRCLE ( 'NONE', #10647, 21.50000000000001066 ) ;
#12691 = VERTEX_POINT ( 'NONE', #4680 ) ;
#12692 = ORIENTED_EDGE ( 'NONE', *, *, #4909, .T. ) ;
#12693 = VERTEX_POINT ( 'NONE', #6411 ) ;
#12694 = CARTESIAN_POINT ( 'NONE',  ( 0.000000000000000000, 87.50000000000001421, 3.730185188303422936E-15 ) ) ;
#12695 = CIRCLE ( 'NONE', #8609, 21.50000000000000000 ) ;
#12696 = EDGE_CURVE ( 'NONE', #515, #7997, #8476, .T. ) ;
#12697 = DIRECTION ( 'NONE',  ( -0.000000000000000000, 1.000000000000000000, 3.061616997868383141E-16 ) ) ;
#12698 = ORIENTED_EDGE ( 'NONE', *, *, #7775, .F. ) ;
#12699 = CARTESIAN_POINT ( 'NONE',  ( 0.9999999999999995559, 0.08167987200253568059, 2.794679872002535870 ) ) ;
#12700 = DIRECTION ( 'NONE',  ( 0.000000000000000000, -3.227392513445220839E-16, 1.000000000000000000 ) ) ;
#12701 = EDGE_CURVE ( 'NONE', #7490, #7962, #2118, .T. ) ;
#12702 = CARTESIAN_POINT ( 'NONE',  ( 0.000000000000000000, 51.20000000000000995, -7.383484513958806747E-15 ) ) ;
#12703 = CARTESIAN_POINT ( 'NONE',  ( 0.000000000000000000, 9.199999999999999289, -2.024227590500601781E-14 ) ) ;
#12704 = ORIENTED_EDGE ( 'NONE', *, *, #3795, .T. ) ;
#12705 = NEXT_ASSEMBLY_USAGE_OCCURRENCE ( 'NAUO1', ' ', ' ', #7669, #9788, $ ) ;
#12706 = NEXT_ASSEMBLY_USAGE_OCCURRENCE ( 'NAUO2', ' ', ' ', #7669, #1609, $ ) ;
#12707 = NEXT_ASSEMBLY_USAGE_OCCURRENCE ( 'NAUO3', ' ', ' ', #7669, #3912, $ ) ;
ENDSEC;
END-ISO-10303-21;
